STK_syst_list,DTK_syst_list,MAP_syst_list,Plvmax_list,SV_lv_list,EDV_lv_list,STK_pulm_list,DTK_pulm_list,MAP_pulm_list,Prvmax_list,SV_rv_list,EDV_rv_list,maxVla_list,minVla_list,maxVra_list,minVra_list,Eout_total_list,Eout_lv_list,Eout_rv_list,SW_lv_list,PE_lv_list,SW_rv_list,PE_rv_list,Ein_total_list,Ein_LAD_list,Ein_LCX_list,Ein_RCA_list,Ees_lv_list,Pes_lv_list,LVET_list,EF_lv_list,EF_rv_list,var,var_name,var_unit,Plvmin_list,EDP_lv_list,Pv_syst_max_list,Pv_syst_min_list,Pv_syst_mean_list,Prvmin_list,EDP_rv_list,Pv_pulm_max_list,Pv_pulm_min_list,Pv_pulm_mean_list,Plamax_list,Pramax_list,Plamin_list,Pramin_list,RVET_list,Ees_rv_list,CO_list,Ea_lv_list,Ea_rv_list,VAC_lv_list,VAC_rv_list
159.7837501855688,111.2483252798672,137.68404385351639,174.68951557958582,96.49447191080489,161.62259749194678,32.461711833632585,14.580791840973351,22.99757099937403,34.46542261422768,96.49271306915747,200.7467866583791,139.23991385399228,69.39068481526022,121.74353446872665,38.95134315585519,8.392241297932781,7.0977478827080605,1.2944934152247207,2.0449858318147,0.555724689611341,0.36160888733874186,0.08330713511033166,21.231790187276076,10.11617922165757,6.003542594730514,5.112068370887994,2.9505726453907344,156.83059960161444,0.29114557278639314,59.70357698007728,48.06687801850795,43.0,$\bar{R}_{micro}^{LAD}$,[mmHg*s/ml],5.744384289517381,12.077642535944772,11.949867625831933,11.858451492990895,11.891129554103692,2.264952237726642,5.644580430993022,11.529736099997928,9.840057027288056,10.618852068380656,13.057053745623152,11.310642427038667,7.612219475135039,1.5032016833050665,0.33016508254127064,0.551004877022576,6754.613033756343,1.6252806663016046,0.27193938100956605,0.5508356721331883,0.4935335281949311
159.79942348236185,111.27216818041789,137.7030304097606,174.70278224205367,96.48179251770955,161.6155254127168,32.458324397084795,14.579675632609145,22.99534324372249,34.46141400272359,96.48002796646749,200.72942090947785,139.23158524459637,69.38732050957461,121.73394840001508,38.94652982659301,8.392101929179265,7.097862824551825,1.2942391046274404,2.044918274775932,0.5558389709768427,0.36152246748044575,0.08329017667705038,21.14925780657154,10.031938273421678,6.004470185067152,5.1128493480827135,2.9505726453907344,156.8467243969272,0.29114557278639314,59.698344123390655,48.0647169355292,43.38693467336683,$\bar{R}_{micro}^{LAD}$,[mmHg*s/ml],5.744586413582446,12.077081172093619,11.950472166212103,11.859070744056426,11.891739406177287,2.2647350831145863,5.643927897467533,11.529149896262089,9.839520647114254,10.618250539498492,13.056452512821604,11.309042240826315,7.611830220466373,1.5029158096118753,0.33016508254127064,0.5510048648926302,6753.725476239669,1.6256613844331038,0.2719474486036499,0.550964704079612,0.49354818066196576
159.8147781459557,111.29556840877386,137.72165252085404,174.71578194211273,96.46932387968681,161.6085284633999,32.45498014646413,14.578566665978602,22.993141614989653,34.45745977279936,96.46754656751709,200.7123082935254,139.22329242022684,69.38389332904012,121.72443778566156,38.94174084136709,8.391960652470612,7.097972276595904,1.293988375874707,2.0448507728158076,0.5559509656378117,0.3614372977952936,0.08327342410499385,21.068082198136196,9.949085790235483,6.005380766000985,5.113615641899734,2.9505726453907344,156.86252493619904,0.29114557278639314,59.693213468950425,48.062596353802654,43.77386934673367,$\bar{R}_{micro}^{LAD}$,[mmHg*s/ml],5.74478176003138,12.07652492180938,11.951061915361462,11.859674858470301,11.892334290660129,2.2645202423382367,5.643283508328677,11.528564670744496,9.83898589498636,10.617651173593883,13.055852908659107,11.30746422523726,7.611439779533918,1.502632300170056,0.33016508254127064,0.5510048529958349,6752.852671578077,1.6260352890192589,0.27195527744158476,0.5510914267979085,0.4935623996103724
159.82995397464626,111.31865708777207,137.7400321181406,174.72863491766242,96.4570691024293,161.60169076314068,32.45169634736595,14.577483888744094,22.990981164053554,34.453574826881656,96.45526016257199,200.69547979925258,139.21518644944913,69.38059683198156,121.71515337662882,38.93706548704929,8.391826137993425,7.098084166074885,1.2937419719185408,2.0447855836525757,0.5560616383290847,0.36135357480899455,0.08325698288146922,20.98824593144017,9.867595004839687,6.006279232070162,5.114371694530315,2.9505726453907344,156.87813740472015,0.29114557278639314,59.688155889288474,48.06050453106977,44.1608040201005,$\bar{R}_{micro}^{LAD}$,[mmHg*s/ml],5.74497715987065,12.075979327886209,11.951649066575712,11.860275924736762,11.892926395830171,2.2643097494311832,5.642652622431014,11.527993983546697,9.838463325467814,10.617065559109806,13.055267415613844,11.305916776418659,7.611059779683737,1.502354976675375,0.33016508254127064,0.5510048413028363,6751.994837170051,1.6264037344751658,0.27196306432198347,0.5512162993227325,0.49357654222952746
159.84481545783632,111.34133240091276,137.75805484696588,174.74121166214525,96.4449686059167,161.5948941140551,32.44846168260348,14.576414078817686,22.988852634414098,34.44974968868351,96.44317260016287,200.67891597405037,139.207198013056,69.37732851865144,121.70595933478984,38.93244686720251,8.39168786061555,7.09818845887307,1.2934994017424801,2.044719567853312,0.5561700495747651,0.3612711638846223,0.08324078804321514,20.909698878113492,9.78742475307812,6.007160813642319,5.115113311393056,2.950572645390734,156.8934293474248,0.29114557278639314,59.68317819364082,48.05844805970242,44.54773869346734,$\bar{R}_{micro}^{LAD}$,[mmHg*s/ml],5.7451675892333744,12.075441793118152,11.952220624634178,11.860861302968372,11.89350290720412,2.2641020806881285,5.642028806956034,11.527429732913944,9.837948466192456,10.616488271872685,13.054690642972817,11.304389922878034,7.610685061454311,1.502081186511854,0.33016508254127064,0.5510048297508261,6751.147802414169,1.62676634784865,0.27197069233653237,0.5513391952541549,0.4935903964027361
159.8594678234946,111.36366393226388,137.7758114739756,174.75362075249726,96.43308792860718,161.58824343271667,32.44526378989559,14.575360546105566,22.986748995432396,34.445967495252674,96.43120729363875,200.66252401625235,139.19931148471977,69.37410959685468,121.69688459133765,38.927893899828504,8.391553158746298,7.098293671831388,1.293259486914911,2.044655447411966,0.5562769395113625,0.3611896448811132,0.08322478069405388,20.832426589750472,9.70855090612357,6.008031271447648,5.115844412179255,2.950572645390734,156.9085052428603,0.29114557278639314,59.67828220668834,48.05641101465884,44.93467336683417,$\bar{R}_{micro}^{LAD}$,[mmHg*s/ml],5.745354669693687,12.07490734001844,11.952785360047592,11.861439414754567,11.894072375511387,2.2638968249725746,5.641412945641574,11.526874093179883,9.837440996032516,10.615918647159207,13.054119381373628,11.302880285841177,7.610315513156269,1.5018111614681382,0.33016508254127064,0.5510048183547837,6750.3161550025025,1.627123102798753,0.2719782812702935,0.5514601056647697,0.4936041795104064
159.87382784950802,111.38559548691333,137.79323433781659,174.7657613320195,96.42136929591582,161.58165053284918,32.442140455315744,14.574320521984106,22.984691653678894,34.44227507692079,96.41956819036923,200.64656056228756,139.19153489829472,69.37091937575669,121.68804545389537,38.923455287483634,8.39141845389926,7.098392884428804,1.2930255694704558,2.044590996821859,0.5563817204256218,0.3611101984894901,0.08320913869362204,20.756370065975673,9.630928465704393,6.008880788080184,5.116560812191098,2.950572645390734,156.92328227326345,0.290716786964911,59.673464764065876,48.05443358718192,45.321608040201006,$\bar{R}_{micro}^{LAD}$,[mmHg*s/ml],5.745537853109984,12.074385763212911,11.953336897326814,11.862004651968887,11.894628905295423,2.2636964526474017,5.640812565069983,11.526325965918167,9.836938306161016,10.615356352563428,13.053557689591837,11.30140926223229,7.609949119397095,1.501547754761537,0.33016508254127064,0.5510048073134969,6749.495850714107,1.6274741109687845,0.27198554659502516,0.5515790683924218,0.49361737499374964
159.88805355693947,111.40726080898858,137.81046276239584,174.77781399539,96.40987693265798,161.57523440701516,32.43906037342965,14.573303810137393,22.98266565402488,34.43863186793563,96.40804746822192,200.63077886304066,139.18394943353817,69.36781966862954,121.6793107576135,38.919055558332374,8.39129181265952,7.098497230170576,1.292794582488944,2.0445296378902476,0.5564854963254335,0.36103171446699267,0.08319372556916342,20.68154097111872,9.554547420875576,6.009723898479746,5.117269651763401,2.9505726453907344,156.9379161971799,0.290716786964911,59.66872168651617,48.052471317989685,45.70854271356784,$\bar{R}_{micro}^{LAD}$,[mmHg*s/ml],5.745720677929751,12.073876217331748,11.95388700099354,11.862567720895,11.895183596968407,2.2634988431068117,5.640220078175632,11.525792117792273,9.83644959314688,10.614808486729137,13.053010437669357,11.299953288422087,7.609593860737304,1.501286997140864,0.33016508254127064,0.5510047962704281,6748.691385286059,1.6278198996851805,0.2719928514290436,0.5516962621571426,0.4936306421832888
159.90201266667393,111.42854728087617,137.82737908483338,174.78964937340334,96.39854916000716,161.56889545448053,32.43603657539983,14.57230412875991,22.98067541570423,34.435056122561505,96.39674879561251,200.61529562771156,139.17646121557513,69.36475949888272,121.67073473542176,38.91474490804003,8.39116487829038,7.0985969411013015,1.292567937189079,2.044468314032175,0.556587353082175,0.36095471552881453,0.08317859227162412,20.607879366983497,9.479363644552441,6.010550253111036,5.117965469320017,2.9505726453907344,156.9522781669534,0.290716786964911,59.664051604020486,48.050547937530716,46.095477386934675,$\bar{R}_{micro}^{LAD}$,[mmHg*s/ml],5.745900508141304,12.073372242109137,11.954425028056482,11.863118770113122,11.895726313622399,2.2633048571989027,5.6396372993595945,11.52526460680841,9.835966781557147,10.614267523768701,13.052469650191991,11.29852668712918,7.609242180550826,1.5010312806611295,0.33016508254127064,0.5510047855411313,6747.898441200501,1.6281601697805232,0.27199998672897585,0.5518115855659306,0.49364360141055735
159.91572700752047,111.44948701949075,137.8440126346888,174.80127553300113,96.38729216678155,161.56262994208404,32.43304182550444,14.571314857857962,22.978704431637965,34.431517816411784,96.38553146505363,200.59995630054883,139.16906163123863,69.36172631809774,121.66225300050658,38.91047688982867,8.39103629523908,7.098692848188695,1.2923434470503843,2.04440720076113,0.5566874529741119,0.3608784491417147,0.08316360250478304,20.53536517702821,9.405352186508111,6.011362914758037,5.118650075762059,2.950572645390734,156.96639113563228,0.290716786964911,59.65939784548807,48.04863034000069,46.482412060301506,$\bar{R}_{micro}^{LAD}$,[mmHg*s/ml],5.746075465195272,12.07287182886562,11.954951544259496,11.863658175850388,11.896257471766093,2.263112675755058,5.6390619194795715,11.52474269169499,9.83549036496825,10.61373290009917,13.051934212961967,11.297117805966192,7.608894932900945,1.5007782081763654,0.33016508254127064,0.5510047748570606,6747.110451674708,1.628496740670223,0.27200712663538024,0.5519256552500733,0.49365656895794274
159.92929554169845,111.47015683596928,137.86044244787692,174.81282265780064,96.37643599731274,161.55651389854884,32.430111489316175,14.57034711204417,22.976777209880332,34.42804749892331,96.37459330600578,200.58494400971122,139.1618314002767,69.3587791637636,121.65394171320801,38.906299056173374,8.390916618734483,7.098792839094974,1.2921237796395078,2.0443488572627113,0.5567864431824001,0.36080381127117644,0.08314894467984296,20.463985167827506,9.332492966904093,6.012166485159253,5.119325715764161,2.9505726453907344,156.98034640351466,0.290716786964911,59.654936635877995,48.046773291887675,46.869346733668344,$\bar{R}_{micro}^{LAD}$,[mmHg*s/ml],5.746250204416835,12.072387221487999,11.955476120422079,11.864195194487449,11.896786480415521,2.2629247113744775,5.638496847506655,11.524232741570316,9.835023683679314,10.613210735247467,13.051413660116495,11.295739540668974,7.608556165633173,1.5005303689338816,0.33016508254127064,0.5510047643374255,6746.350519811892,1.628824979665068,0.27201402104162653,0.5520369011112309,0.49366909080853244
159.94259608018368,111.49048440725873,137.87657259817288,174.82401300891635,96.36547749190699,161.55042001597107,32.42721119896091,14.56938881602494,22.974868314327946,34.424604349536345,96.3637037309724,200.57010500214582,139.15466525671653,69.3558648136108,121.64573792029759,38.90219285210694,8.390790582529245,7.098884126893328,1.291906455635918,2.044288937422638,0.5568834718835928,0.3607299703116728,0.08313444254845653,20.393694239966763,9.260749956145187,6.012955104168043,5.119989179653536,2.950572645390735,156.994023941629,0.290716786964911,59.65040355969373,48.04489868016046,47.256281407035175,$\bar{R}_{micro}^{LAD}$,[mmHg*s/ml],5.746420315067419,12.071905000444154,11.955988061272118,11.864719615473852,11.897302939107888,2.262739255843651,5.637940355757423,11.523728087127807,9.83456352886623,10.612692958983738,13.05089465904627,11.294374535003742,7.608220208871489,1.500286389367575,0.33016508254127064,0.5510047532881606,6745.583424433489,1.6291521406596439,0.2720210323431118,0.5521477816194899,0.4936818252833695
159.95566121417608,111.51047437904971,137.89242341091847,174.83516532542268,96.35481897287406,161.5444017483926,32.42434772534673,14.568440234711542,22.97298339715055,34.421233858398494,96.3530331576721,200.55543472027193,139.14757007561917,69.3529697983986,121.63762615215553,38.89811357449617,8.390665104736266,7.098973179671047,1.2916919250652188,2.0442296921709766,0.5569789174514002,0.36065709941241725,0.0831201058986473,20.324470990458074,9.190098825238818,6.013730186313111,5.120641978906146,2.950572645390735,157.00747715268372,0.290716786964911,59.646027921752356,48.0430925704218,47.64321608040201,$\bar{R}_{micro}^{LAD}$,[mmHg*s/ml],5.746586824500123,12.071426552538203,11.956491675498645,11.865235091969616,11.897810733603793,2.2625550399247,5.6373899386210935,11.523227271233177,9.834104756195881,10.612180203670556,13.050381150009978,11.29303129354889,7.60788728477723,1.5000444093784688,0.33016508254127064,0.5510047437569627,6744.837328101184,1.6294719747943762,0.2720276960262614,0.5522561789284773,0.49369392751770474
159.9686686153579,111.53024765573949,137.9081534148238,174.84626972048486,96.34448453490174,161.53862460355995,32.42156236473157,14.567520774580052,22.97115118694651,34.41793848056108,96.34264280825238,200.5411671645218,139.14069230273535,69.35013897037511,121.62970326175444,38.89412301876493,8.39055663921505,7.0990734043808335,1.2914832348342176,2.044175530869743,0.5570738205045798,0.360586196606007,0.08310617527782124,20.256315294954764,9.120527198629032,6.014499488040009,5.12128860828572,2.9505726453907344,157.02085275256854,0.290716786964911,59.64176355428652,48.041329453924,48.030150753768844,$\bar{R}_{micro}^{LAD}$,[mmHg*s/ml],5.746755644690156,12.070965288532811,11.956993733018265,11.865749338496016,11.898317205292683,2.262376260040406,5.636851321751127,11.522744023180227,9.833661828357076,10.611683893733225,13.049885905188956,11.291712741606814,7.607564278302619,1.4998080631021182,0.33016508254127064,0.5510047338324451,6744.113917443122,1.6297855918849842,0.2720342323565171,0.5523624691738973,0.49370579897638395
159.9813946077816,111.54967479032139,137.92357892170375,174.85707133892578,96.33416705552877,161.53284311087927,32.41879590126954,14.566606087277837,22.969330739338787,34.41466627921215,96.33230208440804,200.5270007746092,139.1338491701446,69.34735457113216,121.62187734362332,38.89019590939174,8.390440497638284,7.099164501356842,1.2912759962814429,2.0441196631908607,0.557166719474522,0.36051579242212195,0.08309233614757028,20.189170926857898,9.051994635964054,6.015253100129225,5.121923190764619,2.9505726453907344,157.0339447942783,0.290716786964911,59.637510985554265,48.03956659815842,48.417085427135675,$\bar{R}_{micro}^{LAD}$,[mmHg*s/ml],5.74691827581239,12.070503499125886,11.957483214651333,11.866250825005471,11.898811036120675,2.2621988500368038,5.636319728627784,11.522261691484175,9.833220709300237,10.611189512759752,13.049390564915639,11.290411767616504,7.607243438709585,1.4995749046814524,0.33016508254127064,0.551004723898425,6743.391693887013,1.6300960458168605,0.2720407778101379,0.5524676873702231,0.4937176870016949
159.99384655190042,111.56876719865487,137.93869690881942,174.86762448677933,96.32392719817581,161.5270541273417,32.41606443008017,14.565700744782378,22.967532531385494,34.41143745886572,96.32210630499827,200.5130239922016,139.12707751616972,69.34458383500996,121.61412639939508,38.88632067326221,8.390317343221737,7.099245851984292,1.2910714912374455,2.044061799433796,0.5572576525923385,0.3604463236996663,0.08307867273831972,20.123018496729188,8.984480235460587,6.015992823446751,5.122545437821842,2.9505726453907344,157.0467587358886,0.290716786964911,59.63330893302724,48.03783035497208,48.80402010050251,$\bar{R}_{micro}^{LAD}$,[mmHg*s/ml],5.747077034690223,12.070048251136225,11.957963732292484,11.866742609675718,11.899295532450235,2.262023547467376,5.635794156198188,11.52178264442062,9.832783934430562,10.610700099238324,13.048901367332837,11.289126219021586,7.606925438806448,1.4993447631163723,0.33016508254127064,0.5510047141788817,6742.6749038723065,1.6304023652688318,0.27204720116775194,0.552571504319943,0.49372935324729866
160.006187749808,111.58761471511002,137.9536587689073,174.87801104962307,96.3138117621333,161.52143895001421,32.41337173697995,14.564808745172083,22.9657596765927,34.408240214904865,96.31200776806305,200.4992579265545,139.12040655582308,69.34185347798882,121.60648360940966,38.882484432565036,8.390202859587939,7.09933293051833,1.2908699290696082,2.0440071395616832,0.5573477102425161,0.36037784728681826,0.08306521331058342,20.057855543598308,8.917970016369704,6.016724653687996,5.123160873540613,2.9505726453907344,157.05944827960488,0.290716786964911,59.62911944583368,48.03609188585796,49.19095477386935,$\bar{R}_{micro}^{LAD}$,[mmHg*s/ml],5.747234028028281,12.069597740678082,11.958435461244303,11.867226173635736,11.899771588187722,2.261851165083168,5.635276133336089,11.521311707046303,9.832354653919987,10.610217463644654,13.048417413238125,11.287861687939126,7.606611482738492,1.4991173330306724,0.33016508254127064,0.5510047041342688,6741.966823349331,1.6307053516633252,0.272053683322259,0.5526741916389509,0.4937411264931142
160.0182937127127,111.60616154578162,137.96834545352513,174.8883660159241,96.30390665653448,161.51584689894327,32.41071346713748,14.563928381323327,22.964008242416217,34.40511619946408,96.30210676292167,200.48564119638033,139.11381813181237,69.33913577420365,121.5989579416497,38.8787031680728,8.390084763686033,7.099413892762804,1.2906708709232286,2.043951596723341,0.5574361645623519,0.3603102401547349,0.08305190249698409,19.993640410085092,8.852432326398297,6.017442425692542,5.123765657994249,2.9505726453907344,157.07191090863452,0.290716786964911,59.62505135288032,48.03441592537369,49.57788944723618,$\bar{R}_{micro}^{LAD}$,[mmHg*s/ml],5.7473885617550255,12.069152432905092,11.958901357107537,11.867703139657108,11.900241418196153,2.2616803884437604,5.634766050881132,11.520846378457163,9.831927289793313,10.609739930101586,13.047939429666492,11.286612215467859,7.6063005892098445,1.4988931057893249,0.33016508254127064,0.5510046945863502,6741.2734659574135,1.6310024833034826,0.2720598505460886,0.5527748946806542,0.4937523277371152
160.03034407208395,111.62453491348387,137.98293167391816,174.89861550203275,96.29429185273763,161.51043363301997,32.40812542325009,14.563075671387196,22.96230786710556,34.40205028346455,96.29244020570886,200.47237333670597,139.10748463280433,69.3365767363733,121.59162537968422,38.87503077842959,8.389980616428874,7.099503635171726,1.2904769812571477,2.0439000994713323,0.557524142468394,0.36024434803689,0.08303897767739778,19.93038190872312,8.787860376947794,6.018156144624837,5.1243653871504895,2.9505726453907344,157.0843054333331,0.290716786964911,59.62109672216913,48.032773096360586,49.96482412060301,$\bar{R}_{micro}^{LAD}$,[mmHg*s/ml],5.74754475584617,12.068725774210165,11.959369561367525,11.868182327508181,11.900713545297524,2.261514298720329,5.63426649683303,11.520398623770602,9.831518553803855,10.609281481754717,13.047481777486295,11.285393313732733,7.606004425931464,1.4986747574206596,0.33016508254127064,0.5510046859313811,6740.600429691634,1.6312940508826974,0.2720659874286026,0.5528737119660616,0.4937634731158786
160.0421989602647,111.64260911619017,137.99728593545916,174.90859555065038,96.28462497640041,161.50510754902746,32.40556213638511,14.562228566059545,22.960621303726782,34.399005229606956,96.28281181830087,200.45926005809412,139.1011715105164,69.3339739744379,121.5843448717285,38.87136627945063,8.38987540480814,7.099590325756578,1.2902850790515616,2.0438488290678816,0.5576106529469873,0.3601791499629843,0.0830261667246425,19.86803560425244,8.724221632468254,6.018858237960694,5.124955733823495,2.9505726453907344,157.09649226999483,0.290716786964911,59.6170774024417,48.03111205259245,50.35175879396985,$\bar{R}_{micro}^{LAD}$,[mmHg*s/ml],5.747696847673636,12.068299689282043,11.959826420261695,11.86865019122131,11.901174355692227,2.2613501628181436,5.6337732458763625,11.519953861002547,9.83111203045458,10.608824554418126,13.047024166379742,11.284183120941115,7.605707224500943,1.4984575348861644,0.33016508254127064,0.5510046762073316,6739.923748348028,1.6315844020631491,0.27207220234085705,0.5529721169929317,0.4937747610666047
160.05383019423016,111.66040011782577,138.01138495754515,174.91856500645542,96.27527198594562,161.49979726963969,32.403035048671306,14.561391894915072,22.958958558204554,34.39603129878371,96.27341895370805,200.44631031706226,139.094938618815,69.33142573738188,121.57719114870457,38.867785876733144,8.389768221876244,7.099672329831014,1.290095892045229,2.0437971748702752,0.5576956421342022,0.3601148902658032,0.08301352113469643,19.80657621631684,8.661493424503897,6.0195468254505435,5.1255359663624,2.9505726453907344,157.10846387994565,0.290716786964911,59.61324634061593,48.02952910503792,50.73869346733668,$\bar{R}_{micro}^{LAD}$,[mmHg*s/ml],5.747846227260335,12.06787924579431,11.960274417579585,11.86910907183625,11.901626298947601,2.2611876248970906,5.633286839064592,11.519513358977475,9.830707672618715,10.608373054635054,13.046573377149954,11.282993082200502,7.605414312008531,1.4982447296640051,0.32973629671978844,0.5510046676253163,6739.269039016193,1.6318672556217813,0.2720780225373387,0.553067980946349,0.493785331637793
160.06523991303808,111.67789718131263,138.02522990348098,174.92828118782194,96.26585516557981,161.49451523975915,32.40049928026326,14.560558127377423,22.957287755238614,34.39304350202113,96.26391817475667,200.4333110128577,139.08868902633526,69.32886175921607,121.56993929890697,38.864165002577586,8.38965329605607,7.099747375960575,1.2899059200954937,2.043744313201074,0.5577790103601353,0.3600503451296235,0.08300084190106506,19.74600073287791,8.599664403429552,6.020229273564645,5.126107055883712,2.950572645390734,157.12020627442593,0.290716786964911,59.60936507513019,48.027903988764315,51.12562814070352,$\bar{R}_{micro}^{LAD}$,[mmHg*s/ml],5.747991591002226,12.067455962333488,11.960712393702082,11.869557059665075,11.902067734985748,2.261024974459911,5.632798526055255,11.519069081853113,9.83030595376401,10.607920008241107,13.046118852609721,11.28180116561308,7.605120369317213,1.4980303743952617,0.32973629671978844,0.5510046577791413,6738.609861590587,1.6321488652874379,0.2720840918488715,0.5531634233229659,0.4937963554528258
160.07656042648563,111.69518989303582,138.03894512152317,174.9378417145282,96.25666097530981,161.48938256310234,32.398053006527974,14.559748529217382,22.955678472685534,34.39014465318294,96.25476592194902,200.4207888205592,139.0826391933896,69.32637505824569,121.56303489511724,38.86067922663098,8.38955077711519,7.099827935081564,1.2897228420336266,2.043694391100012,0.5578616800713556,0.3599881508101162,0.08298861424420358,19.686272840607504,8.53870582903436,6.020896310246343,5.126670701326805,2.9505726453907344,157.13184941677133,0.290716786964911,59.605566290215585,48.02633822987687,51.51256281407035,$\bar{R}_{micro}^{LAD}$,[mmHg*s/ml],5.748136990363736,12.0670480631844,11.961147723836422,11.870003200106876,11.902506998087526,2.2608680468746316,5.632328812733908,11.51864343395351,9.829913293027648,10.60748184427861,13.045681515052049,11.280650698261892,7.604835273111844,1.4978234158023835,0.32973629671978844,0.5510046492952324,6737.966268271687,1.6324257233177477,0.27208991618444595,0.5532572552883446,0.49380693344868337
160.0877812979127,111.71231165381562,138.05252181767324,174.9473777146649,96.2475877586364,161.48434209247134,32.395646760774625,14.558951976183435,22.9540955392478,34.38729943772328,96.24577295039933,200.40846919382304,139.0767229604262,69.3239808695058,121.55625792085182,38.857275265396844,8.389452992572659,7.099910251666173,1.2895427409064866,2.0436459016564865,0.5579436315411446,0.359926962443766,0.08297659077025292,19.62739783629428,8.47861107100894,6.021558186245287,5.127228579040054,2.9505726453907344,157.1433905510536,0.290716786964911,59.60180814528867,48.0248032119422,51.89949748743719,$\bar{R}_{micro}^{LAD}$,[mmHg*s/ml],5.748282769757366,12.066649333986355,11.961582017642472,11.870448126981513,11.902945202925709,2.260713971306143,5.63186645151101,11.518226300829271,9.829531347933743,10.607053671134754,13.045254453611319,11.279517565547692,7.604557829494685,1.4976209521306512,0.32973629671978844,0.5510046407260615,6737.331143104548,1.6326995222480574,0.2720956246042112,0.5533500504719295,0.49381730114953204
160.09870237057626,111.72908682030032,138.06578220564745,174.95675699666126,96.23869488235793,161.47925625643109,32.39323729507395,14.55815182129886,22.95250705335249,34.38446673924366,96.23683447857508,200.39615169765835,139.07073262633577,69.32148900150658,121.54931069494475,38.85383241499616,8.389344607462492,7.099981924120248,1.2893626833422438,2.043595229976877,0.5580234383646874,0.3598658259059769,0.08296453317623609,19.569344875998766,8.419357288064155,6.022212348373419,5.127775239561193,2.9505726453907344,157.1546288426135,0.290716786964911,59.598178189234204,48.023294690693206,52.28643216080402,$\bar{R}_{micro}^{LAD}$,[mmHg*s/ml],5.748421024132645,12.066242080680388,11.962000328022096,11.870876313265043,11.903367033229877,2.2605586549480625,5.631397259937097,11.517800984109261,9.829146097619256,10.606619496522645,13.04481723687739,11.27837335269691,7.6042743274551166,1.4974171362945503,0.32973629671978844,0.5510046319872421,6736.708641765055,1.6329671660107106,0.2721011225753221,0.5534407595629499,0.49382728706647655
160.1095353729836,111.74566500627591,138.0789215025141,174.96582915085864,96.22981480612209,161.47430336287275,32.39086992712927,14.557369990342602,22.950950645115977,34.381654003572976,96.22794384561315,200.3840250829809,139.06489677607686,69.31911058682373,121.54267720392495,38.850468256417535,8.389242542087796,7.100057114968623,1.2891854271191738,2.043546663220759,0.5581025705063234,0.35980559314095745,0.0829527105660238,19.51208317900332,8.36091739217118,6.022850476752427,5.128315310079709,2.950572645390735,157.1657713329145,0.290716786964911,59.59450686705851,48.02176411306453,52.67336683417086,$\bar{R}_{micro}^{LAD}$,[mmHg*s/ml],5.748558438629478,12.06584833710168,11.96241505767952,11.871301470830094,11.903785547278808,2.260407206804663,5.630946441095121,11.517388391634846,9.828766724384945,10.606196613522435,13.044394262763474,11.277269516864612,7.604000319967466,1.4972174373853047,0.32973629671978844,0.551004623693575,6736.0870364285465,1.6332336464489972,0.27210687037056186,0.5535310743832621,0.49383772598228887
160.12023404623548,111.7620242052687,138.09188131908323,174.97481519805558,96.22110303877102,161.4694365903508,32.388557175851076,14.556601581734192,22.94942869380919,34.37890154118238,96.2192984278356,200.37221571591041,139.05915137608793,69.316745743929,121.53610890685016,38.847158099720865,8.38914432495713,7.100131733657129,1.2890125913000012,2.0434988712600775,0.5581806952672105,0.3597468838222392,0.08294116142166377,19.455618260309805,8.303287527715328,6.023482883217025,5.128847849377447,2.9505726453907344,157.17677120040113,0.290716786964911,59.590907772153,48.02027969998406,53.06030150753769,$\bar{R}_{micro}^{LAD}$,[mmHg*s/ml],5.74869685504315,12.065463173275498,11.96282826730852,11.871724498489083,11.904202245441734,2.2602589394580304,5.630501586004692,11.516982949466495,9.828394917071762,10.605780481363219,13.043978598072243,11.276178271902687,7.6037287285028015,1.497021091697124,0.32973629671978844,0.5510046156313514,6735.477212713971,1.6334958365325414,0.2721123730157678,0.5536199351282954,0.49384771977631503
160.130938711177,111.77826786913585,138.10480008571952,174.9840493383711,96.21274918225464,161.46477712899875,32.38629086544973,14.555857884719295,22.947939700683804,34.376235208101406,96.21084782417242,200.3605712688273,139.05362530027725,69.31449038565682,121.52968122091322,38.84391062319222,8.38906230311196,7.100219529566827,1.2888427735451335,2.0434563476888385,0.5582589082326358,0.35968917754924645,0.08292983608698674,19.399949363904017,8.24645635472766,6.024114028738689,5.129378980437669,2.9505726453907344,157.18778271590966,0.290716786964911,59.58745361868463,48.01885281864396,53.447236180904525,$\bar{R}_{micro}^{LAD}$,[mmHg*s/ml],5.748837193349465,12.06508970758135,11.963242903441047,11.872149212780815,11.90462056860105,2.2601131785349478,5.630062110177699,11.51659433390982,9.828038099503624,10.605381160483898,13.043580961534099,11.275107086915835,7.60347038168137,1.496828492762721,0.32973629671978844,0.5510046079242396,6734.892442757825,1.6337521175925527,0.27211769161002347,0.5537067932032564,0.49385737922438266
160.14127997202763,111.79406933715556,138.11735227682192,174.99270256989638,96.20410146520585,161.45995088673354,32.38400577184869,14.555102794625526,22.946436022381867,34.37351941565227,96.20226161569484,200.34888347837335,139.04799306546056,69.3121980015948,121.52322562384009,38.84068740310355,8.388956054948592,7.100284219363437,1.2886718355851552,2.0434071115099104,0.5583344410768528,0.35963109546628363,0.08291843119434858,19.345011354134105,8.190386928000079,6.024728893872119,5.12989553226191,2.9505726453907344,157.1984161680192,0.290716786964911,59.58387881134338,48.01736847516766,53.834170854271356,$\bar{R}_{micro}^{LAD}$,[mmHg*s/ml],5.748969162409761,12.064711151992757,11.963642108108427,11.872557629374944,11.905023012505222,2.2599671172044107,5.62962613249942,11.516195163512064,9.827675698474456,10.6049730872769,13.043171750697622,11.274036974338594,7.603205854609333,1.496636867178896,0.32973629671978844,0.5510045994562928,6734.28710256441,1.6340095045206902,0.2721232627140545,0.553794026076014,0.4938674976262881
160.15161779755607,111.80972176861052,138.12985588405775,175.00159965514422,96.19596078491732,161.45536784097484,32.3818021618052,14.55437338430163,22.944985453410517,34.370928509688724,96.19407232645322,200.33759033658637,139.04254915076862,69.30994719584318,121.51694507654396,38.837520525931374,8.388871937995535,7.100364956693879,1.2885069813016568,2.0433643647969655,0.5584100078428225,0.35957510185823816,0.08290741086601258,19.290828776395777,8.135080240383411,6.025338780767476,5.130409755244888,2.9505726453907344,157.20905367588549,0.290716786964911,59.58052808728252,48.015987496324556,54.22110552763819,$\bar{R}_{micro}^{LAD}$,[mmHg*s/ml],5.749102910553829,12.064342897004224,11.964039660481335,11.872965146769177,11.905424240106395,2.259825261771334,5.629197877223254,11.515811856725753,9.827322796305394,10.604579198399813,13.04277887809078,11.272993286095861,7.602949319976031,1.4964491361203132,0.32973629671978844,0.5510045916794785,6733.717254944212,1.6342583658724108,0.2721283419608127,0.5538783694837622,0.49387672275353894
160.16163507546523,111.82507409579915,138.142028695896,175.01019212323632,96.18764315694126,161.45063288277754,32.37957282873926,14.553635123507073,22.94351561287953,34.36831272824438,96.18577717731038,200.3261846786834,139.0370299565442,69.3076946824282,121.51054793743701,38.83437418162895,8.388766015709173,7.100425650577365,1.2883403651318077,2.043315814610058,0.5584832303400904,0.35951852195864803,0.08289626061525755,19.23736362983405,8.080512563027629,6.0259392399093406,5.130911826897084,2.9505726453907344,157.21936049525516,0.290716786964911,59.57712363182809,48.014580486115285,54.608040201005025,$\bar{R}_{micro}^{LAD}$,[mmHg*s/ml],5.749230237873902,12.063970470523854,11.96442311879591,11.873357672513647,11.905810966689703,2.259681784373928,5.628767510049875,11.515420914290932,9.826968755688853,10.60417913499012,13.04237762370804,11.271939738357679,7.602689420627775,1.4962621289737663,0.32973629671978844,0.5510045837802277,6733.135020985888,1.6345068382508716,0.2721335070883925,0.5539625810617584,0.493886103853058
160.17169079937057,111.84030942085691,138.15419559518514,175.01862052771907,96.17958129516911,161.44615452472735,32.377409700990576,14.552919094665143,22.942094117763496,34.365736439899905,96.17766986776714,200.31511048023347,139.0316879624127,69.30548475131998,121.50448352293829,38.831271991965366,8.388680208495433,7.10050167307417,1.2881785354212636,2.0432732392717003,0.5585567091324337,0.3594635332682573,0.08288546487046779,19.184611183964446,8.02667029103225,6.026529500333024,5.131411392599169,2.9505726453907344,157.22970271160145,0.290716786964911,59.5737827130705,48.01318764080839,54.99497487437186,$\bar{R}_{micro}^{LAD}$,[mmHg*s/ml],5.749358434079149,12.063608247837369,11.964811232653311,11.873755259720802,11.90620244877945,2.259543345348984,5.628353639660848,11.515043981766595,9.826620731151467,10.603792405247448,13.04199083306048,11.270926825421688,7.602437849338467,1.4960783947323602,0.32973629671978844,0.5510045759987908,6732.570690661838,1.6347513744011146,0.272138722382635,0.5540454585840675,0.49389557589306154
160.18160738670448,111.85534951856432,138.16619142744403,175.02705583926542,96.1715339091299,161.44172794110656,32.37527952461898,14.552218568744593,22.940691190903564,34.36322301054095,96.1696695362337,200.3041904007195,139.02644991707137,69.30335354423293,121.49845330640092,38.82824083054805,8.388594366565785,7.10057531718132,1.2880190493844652,2.0432307223871455,0.5586291626459118,0.3594093424488175,0.08287482396763177,19.13256460886208,7.973544689693866,6.027115029299533,5.131904889868677,2.9505726453907344,157.2398999528102,0.290716786964911,59.57043147123213,48.01181110781607,55.381909547738694,$\bar{R}_{micro}^{LAD}$,[mmHg*s/ml],5.749488054164766,12.063258083050002,11.965193312121508,11.874146763707188,11.906588003751045,2.259407228428394,5.627944411839144,11.5146748200903,9.826282944883273,10.603413365547997,13.0416125395522,11.269924318125849,7.602191980128721,1.4958983487658473,0.32973629671978844,0.5510045675698695,6732.007373639093,1.634994197985677,0.2721438887472386,0.5541277556883065,0.49390495971293324
160.1912589517355,111.87011760142943,138.17791111060558,175.03521277757298,96.16363307589513,161.43720200226502,32.37315133595764,14.551511055020729,22.93929142103433,34.36070151890337,96.16175914341034,200.29331074022457,139.0211632436664,69.3011759886424,121.4924030373464,38.82521267098518,8.388496075260921,7.100635961838113,1.2878601134228083,2.0431847995197505,0.5586997378128155,0.3593553632696335,0.08286419503232108,19.081186875535334,7.921111533459572,6.027688371645087,5.132386970430675,2.9505726453907344,157.24983219628342,0.290716786964911,59.567207485760264,48.01046963976233,55.768844221105525,$\bar{R}_{micro}^{LAD}$,[mmHg*s/ml],5.749610792486794,12.062900968054835,11.965563846366429,11.874526083381117,11.906961640639485,2.2592701553283514,5.627534886443461,11.514300266827988,9.825940091629233,10.603030263332519,13.041228802461667,11.268923397023116,7.601942551876231,1.495718660656844,0.32973629671978844,0.5510045607315818,6731.45431531266,1.6352318144238298,0.2721488203580789,0.5542082880007455,0.4939139160604052
160.20093932276833,111.88479626537313,138.1896190575406,175.04345564990507,96.15580866336283,161.43289779323032,32.37106543385784,14.55082541376887,22.93791835430744,34.35824089059305,96.15392063029181,200.2826126782081,139.0160628543303,69.29910433095742,121.48650407449476,38.822247419661764,8.388413153893065,7.100709238890284,1.2877039150027816,2.0431438614102015,0.5587704633419459,0.3593022840847182,0.08285377892454263,19.03050197507272,7.869372121464993,6.028261051885372,5.132868801722357,2.9505726453907344,157.25978497135074,0.290716786964911,59.563948846735705,48.009120384694235,56.15577889447236,$\bar{R}_{micro}^{LAD}$,[mmHg*s/ml],5.749736711323771,12.06255755782424,11.965937016689553,11.874908389253772,11.907338166389781,2.2591369042279803,5.627134132203006,11.513940094113629,9.825612452125855,10.602661225700453,13.040859881451139,11.267944259215268,7.601703979771254,1.4955426288732685,0.32973629671978844,0.5510045524728311,6730.906606435398,1.6354683836304698,0.2721538974049415,0.5542884653883484,0.4939231376284515
160.2103337407176,111.89915805155,138.20103037471154,175.05140285557096,96.14815737557592,161.4285135600959,32.369005171563344,14.550137775884945,22.93656256890536,34.355801272160676,96.14627815694129,200.27209255312158,139.01092439953464,69.29698974045434,121.48064101414973,38.81931903349002,8.388320088611374,7.100769900862939,1.2875501877484365,2.0430998184859983,0.558839165604627,0.359250085481918,0.08284348677354401,18.98045091023795,7.818294495301764,6.028818249214807,5.133338165721378,2.9505726453907344,157.2694524213033,0.290716786964911,59.5608268050999,48.00782621844268,56.5427135678392,$\bar{R}_{micro}^{LAD}$,[mmHg*s/ml],5.749855221758887,12.062207350767133,11.966297443279455,11.875277562577882,11.90770172172926,2.259004114470557,5.626736159690581,11.513577514163885,9.825278589996024,10.602288847360601,13.040487036691802,11.266967844984208,7.601461027999608,1.4953687088839493,0.32973629671978844,0.5510045459229842,6730.371016290314,1.6356990785270498,0.2721586233138095,0.5543666518708743,0.49393172039609645
160.21986816496315,111.91354725697602,138.2125140056359,175.0596309667849,96.14061914549941,161.42439675712313,32.366981862128924,14.549476470358627,22.93523166346203,34.35342329614421,96.13868989314032,200.26169935214142,139.0060144555287,69.2949973011857,121.47488595489199,38.81643941677732,8.388246550501187,7.10084790981721,1.2873986406839772,2.0430619123553986,0.5589087826922475,0.35919858507423735,0.08283338268347702,18.93108870120827,7.767894081395281,6.029383621157141,5.133810998655846,2.9505726453907344,157.27924799484578,0.290716786964911,59.55767596279219,48.006528559457315,56.92964824120603,$\bar{R}_{micro}^{LAD}$,[mmHg*s/ml],5.749981970003314,12.0618783226354,11.966670021355895,11.875658530823214,11.908077314092282,2.258874526638134,5.626344941410858,11.51323202829875,9.824965399470392,10.601934359342208,13.040133409103094,11.26600962629939,7.601231888556662,1.4951977988981653,0.32973629671978844,0.5510045379618066,6729.843340184959,1.6359292190205166,0.2721635040648286,0.5544446504566154,0.4939405854470365
160.22898668385878,111.92752259572926,138.22360283614793,175.0672119747667,96.1329734728155,161.4200819840902,32.36496026130196,14.548803559287045,22.933900450596063,34.35102052764151,96.13111880777835,200.25137003400098,139.0009598777464,69.29291022899454,121.4692139372158,38.81356996016764,8.388149781979289,7.1009021522085,1.2872476297707898,2.043017277574438,0.5589754672257647,0.35914729212991203,0.08282328907772611,18.88230146218818,7.718114038632351,6.029920681537432,5.134266742018396,2.9505726453907344,157.2886303670584,0.290716786964911,59.55453143822,48.00522402990606,57.31658291457286,$\bar{R}_{micro}^{LAD}$,[mmHg*s/ml],5.750096510728495,12.061537874943843,11.967016338121873,11.876013775636698,11.908426873211447,2.25874511289403,5.625960726829955,11.512873737712901,9.824634942587775,10.601567616160116,13.039764817643173,11.265068716635176,7.600992778285144,1.4950273466446393,0.32973629671978844,0.5510045309792766,6729.308143097084,1.636156926026391,0.2721683534063283,0.5545218242914064,0.49394939261681786
160.23818676374137,111.94147496509248,138.2347243614942,175.07506838582174,96.12570151089183,161.41599518320362,32.362983220542944,14.548156623105053,22.932602675375364,34.34868087910974,96.12373048056283,200.24121839488956,138.9961486130583,69.29096405228722,121.46359926915927,38.81076578808613,8.388072397885658,7.100972750687889,1.2870996471977683,2.042978745531367,0.5590426978376937,0.35909699703088643,0.08281342865926333,18.834177059078083,7.6689865470356455,6.0304663847069,5.134724127335538,2.9505726453907344,157.29808900481945,0.290716786964911,59.55153415979083,48.0039680396871,57.7035175879397,$\bar{R}_{micro}^{LAD}$,[mmHg*s/ml],5.750216106038621,12.061213481374086,11.967373138059287,11.876378922680958,11.908786676819606,2.258618128642824,5.625579410479671,11.51253477652825,9.824326033574033,10.601219773353524,13.039418187310469,11.264135562420583,7.600768489513789,1.494860688978988,0.32973629671978844,0.5510045243040368,6728.799105762428,1.6363791008276416,0.2721730682944329,0.5545971231665578,0.4939579554962991
160.2470397243287,111.95508068608987,138.24549562603323,175.0825336489921,96.11828911822815,161.4117544082597,32.36100706071694,14.547497156352149,22.931299567700517,34.346345875885675,96.116377904464,200.2311294891513,138.9911951143742,69.28891601300279,121.4579699576609,38.80796476278168,8.387974861759925,7.101022681555928,1.2869521802039978,2.042934269804565,0.5591074706653241,0.3590469205594312,0.08280355919829153,18.78662574172071,7.620465474996691,6.030992744070571,5.135167522653446,2.9505726453907344,157.30720132033528,0.290716786964911,59.54850653262562,48.00271473755617,58.09045226130653,$\bar{R}_{micro}^{LAD}$,[mmHg*s/ml],5.750326578707185,12.060878293975886,11.96770817477403,11.876722446498999,11.909124823293165,2.2584911480834546,5.6251991429074115,11.512183542585422,9.824004103771943,10.600860445637437,13.039057742922692,11.263206822067188,7.600533710939183,1.494694281285432,0.32973629671978844,0.5510045174615759,6728.28023827597,1.636600097270178,0.2721776668017496,0.5546720226756012,0.49396630731022967
160.25593793043262,111.96863749691913,138.25627635640745,175.08998260783534,96.1109476691738,161.4076963546945,32.359064190177705,14.54685563300552,22.9300211782002,34.34403582821882,96.1090673407413,200.22119331260078,138.98641258767208,69.2869700541174,121.4524722273092,38.805207297296214,8.38789078889304,7.1010838134438705,1.2868069754491702,2.042894084245745,0.559172506585097,0.3589975880805055,0.08279386535411652,18.73969602987841,7.57256419535165,6.03152078681497,5.135611047711794,2.9505726453907344,157.3163501169173,0.290716786964911,59.545455291034784,48.00144567647662,58.47738693467337,$\bar{R}_{micro}^{LAD}$,[mmHg*s/ml],5.750441618192203,12.06055541944018,11.968052597255262,11.87707484568144,11.909472051334594,2.258367042469151,5.624826467148896,11.511844336568972,9.823696836303982,10.600514166255415,13.038709924492395,11.262295051777564,7.60030916572013,1.4945305908889344,0.32973629671978844,0.5510045098356213,6727.766336842165,1.6368202991652976,0.2721824345406627,0.5547466528988101,0.4939749669596382
160.26484528605206,111.98208936530803,138.26701863197954,175.09779985874928,96.1039969083706,161.4038417563524,32.357188701204834,14.546237451002588,22.928786456667513,34.34185237849206,96.10213349039796,200.2115747842113,138.9818104113296,69.28506806786687,121.4470857360106,38.80250996542354,8.38782444712538,7.101157603686589,1.2866668434387907,2.0428590106534323,0.5592375762110348,0.3589499988437272,0.08278449035903332,18.69336988737795,7.525268671220402,6.032047815018958,5.1360534011385885,2.9505726453907344,157.32550312261125,0.290716786964911,59.54257089706988,48.00028849180031,58.8643216080402,$\bar{R}_{micro}^{LAD}$,[mmHg*s/ml],5.750558913223032,12.060246329176211,11.968398213628193,11.877428706506905,11.909820711349296,2.258246060709825,5.624460621488566,11.51152258934402,9.823402077316969,10.600181848642308,13.038380370932854,11.261398913643854,7.600092705927445,1.4943707112632942,0.32973629671978844,0.5510045033405833,6727.279783585942,1.6370339234965605,0.2721866595691292,0.5548190538720912,0.4939826406480147
160.27362886660202,111.99539701816595,138.27762010157093,175.10528164306263,96.09700912858241,161.39997262667123,32.355325039692296,14.545625130220547,22.927561539546147,34.33964863541555,96.09515032636779,200.20201543932484,138.9772558532444,69.28321603834462,121.441809456283,38.79984773963629,8.387753094856503,7.101225670025987,1.2865274248305156,2.042822501046089,0.5593017550620356,0.3589026210680112,0.08277519390374316,18.6476117577727,7.478557014243787,6.032565607061825,5.136489136467094,2.950572645390734,157.334530306034,0.290716786964911,59.539668789697465,47.99909237451773,59.25125628140704,$\bar{R}_{micro}^{LAD}$,[mmHg*s/ml],5.750674602589152,12.059941323261764,11.968739811631878,11.877778373446946,11.910165231788573,2.258126639082689,5.624101273463166,11.511202073257145,9.823108829276421,10.59985269027554,13.0380528695051,11.260517904850937,7.5998797345193205,1.4942126802221642,0.32973629671978844,0.551004496655465,6726.790639000769,1.6372469001143712,0.2721911531014728,0.5548912353241031,0.4939908018058697
160.28211432156036,112.00838886498086,138.2879262881187,175.11234039481116,96.09002768692612,161.39599641426852,32.35344878126192,14.54499928401054,22.926326678012895,34.33741258997428,96.08813340171665,200.1924287850489,138.97256562382572,69.28127462269524,121.43653695596262,38.79718852587475,8.38766584329854,7.101278519727898,1.2863873235706422,2.042781895978317,0.5593638437484703,0.3588550357700888,0.08276582747000966,18.602388083746206,7.432409030735392,6.033066425706357,5.1369126273044605,2.9505726453907344,157.34326300098434,0.290716786964911,59.536809971595495,47.997885826585694,59.63819095477387,$\bar{R}_{micro}^{LAD}$,[mmHg*s/ml],5.7507808242268545,12.05962325202557,11.969063055495281,11.878109730398254,11.910491402286553,2.258006287043204,5.623742974540386,11.510869722698626,9.822801258171378,10.599512529150058,13.037711626842238,11.259643244988993,7.599657841422631,1.4940547843558822,0.32973629671978844,0.5510044902936753,6726.301938084828,1.6374567349863742,0.27219562707413886,0.5549623519842303,0.49399892717582683
160.2916949542851,112.02228476552801,138.29915889002118,175.12074227523544,96.08346917311431,161.39290620651235,32.35155075995195,14.544427906785272,22.925097148799736,34.33515895061939,96.0807190561482,200.1824454726304,138.96851501949865,69.27977061620072,121.43112688254034,38.794410526817465,8.387656249378914,7.101413110103528,1.2862431392753864,2.0427669499425365,0.5594335013190604,0.3588058171578376,0.08275643458012431,18.557878807861464,7.386891876460753,6.033615068859582,5.13737186254113,2.9505726453907344,157.35305967302193,0.290716786964911,59.53388623547647,47.99657573834798,60.0251256281407,$\bar{R}_{micro}^{LAD}$,[mmHg*s/ml],5.750918995011572,12.059355734018297,11.969346828116425,11.878414170226707,11.910785534887287,2.2578855785200576,5.623374071799537,11.51058713708133,9.822554780128485,10.599224143236759,13.037427032700935,11.258742065579666,7.599483594410665,1.4938910846012876,0.32973629671978844,0.5510044819702439,6725.8428421180015,1.6376704653483913,0.2722011827424056,0.5550347888931643,0.4940090174386375
160.30016587116017,112.03510234038994,138.3093808757468,175.1279596182431,96.07682210474589,161.3892046064774,32.34976253832903,14.54384219739954,22.92392439005732,34.33303925789718,96.07403583359672,200.17326430514183,138.96416378086622,69.27802792837291,121.42608469395105,38.791882871008006,8.387590108137825,7.101480733487678,1.2861093746501469,2.0427325250956514,0.5594954153464942,0.35876035522916633,0.08274752064487713,18.513782590208518,7.341877186313302,6.034113646750389,5.137791757144828,2.9505726453907344,157.36176677770186,0.290716786964911,59.53113303892559,47.995438435345974,60.41206030150754,$\bar{R}_{micro}^{LAD}$,[mmHg*s/ml],5.751028564555288,12.059064059518061,11.9696772426193,11.878752403550507,11.91111880509425,2.257770722514307,5.623029044684721,11.510280760757315,9.82227412209446,10.598909817185467,13.037114136057793,11.257895732125306,7.599280976582657,1.4937404060155974,0.32973629671978844,0.5510044763251367,6725.377547332212,1.637874393952594,0.27220545534455043,0.5551039038171846,0.4940167767056895
160.30833880711822,112.04762421537973,138.3193090065413,175.13488711679486,96.07008776194817,161.38537257412008,32.347946225173395,14.543236343565118,22.92272622389053,34.33089544090043,96.06727511041126,200.16399140526747,138.9596216320186,69.2761280316516,121.42088635277791,38.7892843992072,8.38750576465349,7.101531889736991,1.2859738749164982,2.0426935491345453,0.5595551865308984,0.3587143475401593,0.08273844714134403,18.470201590009832,7.297400463704118,6.034600527723689,5.138200598582023,2.9505726453907344,157.37017207266206,0.290716786964911,59.52837374888216,47.99428430456607,60.798994974874375,$\bar{R}_{micro}^{LAD}$,[mmHg*s/ml],5.751128879503749,12.05875774663792,11.969986993310167,11.879069901202124,11.911431357304755,2.2576541149590845,5.622679569098118,11.50995917587932,9.821980171359488,10.598580442837935,13.036782860813151,11.257038206911417,7.5990655391163875,1.4935866495878616,0.32973629671978844,0.5510044693098534,6724.906143336372,1.6380766973234084,0.2722096845237668,0.5551724679215561,0.49402445839453196
160.31661306872024,112.06015705033401,138.329294673407,175.1418255112374,96.06338928163049,161.38174354918496,32.34618865446203,14.542661030337765,22.921572199868816,34.32880183614139,96.06063459621603,200.1549805711799,138.95534830814802,69.27440618851031,121.41594688009694,38.7867985888096,8.387438438257734,7.101596030580561,1.2858424076771726,2.0426591477108955,0.5596156614681944,0.3586696552502641,0.08272969746403376,18.427165827558476,7.253467227657359,6.035087865749292,5.138610734151823,2.9505726453907344,157.37867587567462,0.29028800114342884,59.525561670705876,47.99312728671,61.185929648241206,$\bar{R}_{micro}^{LAD}$,[mmHg*s/ml],5.751235350414425,12.058470962666853,11.970308354574792,11.879399015896794,11.911755582167626,2.257541988236781,5.622342190515314,11.509657866931986,9.821706440262485,10.598271744039987,13.036475850533613,11.256214418887266,7.598866339698982,1.4934386828058717,0.32973629671978844,0.5510044630101615,6724.437249714135,1.6382794429029062,0.2722141057719375,0.5552411818980835,0.49403248802163946
160.32460260586356,112.07238704474017,138.33899466773005,175.14858343625855,96.05681514223448,161.37801671153707,32.34442308887551,14.54207474306636,22.92040936876797,34.32671565778087,96.05405230091218,200.14595436707037,138.95095703259463,69.27259823673911,121.41091280838064,38.784278362711056,8.387357522291653,7.101646877343088,1.2857106449485658,2.0426213676019986,0.5596741109927524,0.3586249087189663,0.08272088191053203,18.38462438951178,7.210051632487019,6.0355626422733835,5.1390101147513825,2.9505726453907344,157.38689443462025,0.29028800114342884,59.522862592825064,47.992002938389525,61.57286432160804,$\bar{R}_{micro}^{LAD}$,[mmHg*s/ml],5.7513342676320445,12.058172925713771,11.970613214701908,11.879711298120844,11.91206310194586,2.257428484533575,5.622002135889588,11.509347864103445,9.821422218916897,10.597953613277106,13.036157074019831,11.255382905206554,7.59865899799191,1.4932892929952484,0.32973629671978844,0.5510044566590435,6723.9770599564135,1.63847712628794,0.27221825347163836,0.5553081802095274,0.4940400212408527
160.33265554335117,112.08459379118842,138.34871477266577,175.15553010130657,96.05050721691688,161.3744736792074,32.342696408510946,14.54150906627031,22.919274003739307,34.32468717350143,96.04761378543341,200.13707789123072,138.94673039946446,69.27087254537525,121.4060194247237,38.78181200872265,8.38729134454822,7.101709937756705,1.2855814067915161,2.0425881385884708,0.5597329743207585,0.35858099301527824,0.082712261778021,18.342609157544654,7.167160390117646,6.03603848569967,5.13941028172734,2.950572645390734,157.39517074455654,0.29028800114342884,59.52026056354705,47.99091442597797,61.959798994974875,$\bar{R}_{micro}^{LAD}$,[mmHg*s/ml],5.751437408170361,12.057888971883186,11.97092540118616,11.880030756916579,11.91237788143121,2.2573175920735364,5.6216698355540045,11.509049931806107,9.821148913744493,10.597648115548562,13.035851313675623,11.25456918076051,7.598461274776741,1.4931429212545868,0.32973629671978844,0.5510044504192,6723.535505184182,1.6386708962306795,0.27222231507202566,0.5553738521878271,0.4940473981016324
160.34049306448262,112.09656829465027,138.3582217434664,175.16213818243264,96.04407201892697,161.3708619544568,32.34099478580779,14.540942553218425,22.91815412435704,34.32267274520871,96.0412672319843,200.12838840223264,138.94250249757238,69.26912682020327,121.40119510738722,38.77939312657666,8.387216714494478,7.101762181850817,1.285454532643662,2.0425520500771612,0.5597903002686992,0.3585379064203892,0.08270377351605877,18.301071961503137,7.12476912660315,6.036501890832451,5.139800944067537,2.9505726453907344,157.40323047729356,0.29028800114342884,59.51760488583942,47.98982692997735,62.34673366834171,$\bar{R}_{micro}^{LAD}$,[mmHg*s/ml],5.751535402463323,12.05760402431349,11.971227159490969,11.880339895818976,11.912682323356133,2.257208242713165,5.621341870061006,11.50875055336118,9.820875604203835,10.597342056824234,13.03554450257702,11.253765292306415,7.598261617347621,1.4929992985687564,0.32973629671978844,0.5510044447938067,6723.085041324888,1.638864608388062,0.2722263329973248,0.5554395045816717,0.4940546951471427
160.34834553922698,112.10850436310213,138.3677065781092,175.16884455634863,96.03780124847658,161.36736129621903,32.339310087509126,14.540389310489925,22.91704694862577,34.32068466715729,96.03496816430913,200.11974076567267,138.93838852857965,69.2674796058254,121.396442103877,38.77701357493851,8.387149194443342,7.101820660501278,1.285328533942065,2.0425183866486374,0.5598477355063536,0.35849509140363556,0.08269536954842338,18.26003959972649,7.082882808082186,6.036965787719151,5.140191003925153,2.9505726453907344,157.41130516174763,0.29028800114342884,59.51501002249259,47.98875303199593,62.733668341708544,$\bar{R}_{micro}^{LAD}$,[mmHg*s/ml],5.751636324357622,12.057327250375844,11.971530985550817,11.880651052198882,11.912988850532143,2.257100264003384,5.621017881232446,11.50846122938943,9.820610462716829,10.597044621010518,13.035248674098476,11.252976707901771,7.59806988873827,1.4928576545654353,0.32973629671978844,0.5510044388612991,6722.646087393361,1.6390556959387343,0.2722303548001443,0.5555042674509983,0.49406199950536356
160.35481074244854,112.11913177950883,138.37594232454907,175.17401739223783,96.03114301684111,161.36303316008497,32.33768208641992,14.539792640686748,22.91595263240124,34.31877578770053,96.02919552883542,200.11168777970158,138.93367913777175,69.26536860792051,121.39183004716602,38.77476703476106,8.387000732507792,7.101791326541957,1.2852094059658348,2.0424587583428777,0.5598954394384058,0.3584548779502138,0.08268715699524751,18.21932497661852,7.041422659143187,6.037369085029553,5.140533232445779,2.9505726453907344,157.41801143005523,0.29028800114342884,59.51248011158204,47.987799510517235,63.120603015075375,$\bar{R}_{micro}^{LAD}$,[mmHg*s/ml],5.751697995144489,12.057002118452347,11.971862704710913,11.88097691849932,11.913315506464743,2.2569949351227714,5.620709429233551,11.508124914096843,9.820291084217844,10.596698379082413,13.034896648264453,11.252217539818233,7.597830596537684,1.4927234423071665,0.32973629671978844,0.5510044337775049,6722.180011178878,1.6392391726759787,0.2722331993479141,0.5555664508842825,0.4940671665408806
160.36359149665728,112.13178366987917,138.38618220169707,175.18177946654984,96.02538241442407,161.3603746592708,32.335978918707,14.539286872567336,22.91485342280868,34.31674950584669,96.02252655830907,200.1026940894154,138.93014743839075,69.26410028176186,121.38697242233927,38.77227486308155,8.387003690756277,7.101923890010106,1.2850798007461721,2.0424488426134446,0.5599592427565172,0.35841060180923157,0.0826787480875864,18.179382636224734,7.000561711146116,6.037869557236284,5.140951367842335,2.950572645390734,157.42698052020276,0.29028800114342884,59.50989058942857,47.98662356609834,63.50753768844221,$\bar{R}_{micro}^{LAD}$,[mmHg*s/ml],5.751827276230334,12.05677068930604,11.972114546166608,11.881248983922339,11.913577649644063,2.2568866583125784,5.620377003230596,11.507879346997232,9.820077900984208,10.596447942435026,13.03465120142131,11.251404344704946,7.597682050862805,1.492576565699338,0.32973629671978844,0.5510044263989279,6721.776769009685,1.6394309146386226,0.2722382609527609,0.5556314355451223,0.4940763592988998
160.36980578838353,112.14211417297646,138.39414765566903,175.18660845309014,96.01868256140227,161.35602404161946,32.33435237963275,14.538693310442586,22.913761418507033,34.31482745725064,96.01670913112355,200.09465010302864,138.9254589291438,69.262017828398,121.38237876705051,38.77005050178292,8.38684588296213,7.101885115367157,1.284960767594972,2.0423872026628227,0.5600051206571599,0.3583704069579248,0.08267055547905561,18.13960052135128,6.960055294384361,6.038262243131682,5.141282983835236,2.9505726453907344,157.43342944620557,0.29028800114342884,59.507342927981185,47.98564533418789,63.89447236180905,$\bar{R}_{micro}^{LAD}$,[mmHg*s/ml],5.751882422675289,12.056444669742906,11.972437924707517,11.88156564813602,11.913895502074901,2.2567816064331,5.620071190891318,11.507541072715096,9.819761523860402,10.596102823441152,13.034298242478776,11.250659070018713,7.597444591183034,1.4924435367094717,0.32973629671978844,0.5510044213666372,6721.307779298159,1.639612471724236,0.27224126483833927,0.555692968375333,0.4940818154654888
160.3786202617628,112.15464060993794,138.40435995734774,175.19445358056564,96.01320786169687,161.35364800118035,32.332747195717786,14.538221893986258,22.91272860069198,34.312915496272424,96.0103979087731,200.0861483659385,138.9222026047739,69.26084190966426,121.37782189227288,38.76766823432742,8.386872872173353,7.102034417406999,1.2848384547663523,2.042383876408911,0.5600691387971864,0.3583285996451845,0.08266264212975546,18.100595226215002,6.9201384551522045,6.038758149972374,5.141698621090423,2.950572645390735,157.44242785259237,0.29028800114342884,59.50482623175307,47.98453001013306,64.28140703517587,$\bar{R}_{micro}^{LAD}$,[mmHg*s/ml],5.7520174588155975,12.056234985971393,11.9726964677077,11.881844737805238,11.914164566629395,2.256679632984627,5.619755053446763,11.507318563243466,9.819567063864596,10.595873382879931,13.03407679166414,11.249881343607074,7.597309039263249,1.4923033837496695,0.32973629671978844,0.5510044149207812,6720.924550318781,1.6397996833871211,0.27224612812647164,0.555756417639386,0.49409064746897335
160.38459288450576,112.16465149175949,138.41204210385106,175.19923912589007,96.006717594263,161.3493290685524,32.331160179422284,14.53763348814612,22.911657816301794,34.31107331750817,96.00481782504706,200.078314168743,138.91754012226392,69.2587544168847,121.37333181428454,38.76549159283016,8.386711900850297,7.101989404700549,1.284722496149749,2.0423213973722776,0.5601133199856696,0.3582894863416324,0.08265461778428182,18.061702425970235,6.8805482435257055,6.039135200290098,5.1420189821544335,2.950572645390734,157.44863767199007,0.29028800114342884,59.502396538303955,47.98361992598461,64.66834170854271,$\bar{R}_{micro}^{LAD}$,[mmHg*s/ml],5.752071016684564,12.05591093890175,11.973007700113138,11.882149270821408,11.914470322562682,2.256576867220303,5.619456574692558,11.506983455290152,9.819248626696188,10.595529925712647,13.033724943171455,11.249151540570178,7.597071139792688,1.4921733299068454,0.32973629671978844,0.551004409723003,6720.47023159841,1.639975218581982,0.27224873557160806,0.5558159095468758,0.4940953842973253
160.39313357778494,112.17685011055701,138.42195629729648,175.20691725869804,96.00137392332023,161.346932901119,32.329542496153586,14.537159790194744,22.910616719491234,34.30915868729638,95.9985089455482,200.06974879827638,138.91424603454237,69.25756288878506,121.36867795792007,38.763102417061994,8.386728941583328,7.102129542970789,1.2845993986125388,2.042316337867105,0.5601753462673621,0.35824742509544294,0.08264663938119887,18.023581277483448,6.841535886970518,6.03962154932367,5.142423841189259,2.9505726453907344,157.4573552679223,0.29028800114342884,59.499968296363214,47.98252085693389,65.05527638190955,$\bar{R}_{micro}^{LAD}$,[mmHg*s/ml],5.752198773120562,12.055695812886054,11.97325016914887,11.882411904352953,11.914723151020086,2.256473501605225,5.61913712346755,11.506755594350158,9.819053725910036,10.595297136802174,13.033497957047217,11.248369652881175,7.596933651349206,1.4920329503007588,0.32973629671978844,0.551004403578496,6720.0961746324165,1.6401573105994212,0.2722534849775524,0.5558776236747157,0.4941040093498404
160.39911880225793,112.18672945940652,138.42959633244823,175.2115954293643,95.99507591174147,161.34286196078676,32.3280378091158,14.536609039956625,22.90960492139221,34.30738276239484,95.99312050758638,200.06229821709246,138.90988316556601,69.25561788005834,121.36444998051725,38.76102572892043,8.386586685112835,7.102097535272646,1.2844891498401882,2.0422591135304433,0.5602195593446158,0.35821019425206113,0.08263905365045447,17.985578634164302,6.802843224830878,6.039994207330455,5.142741202002969,2.950572645390735,157.46356898019835,0.29028800114342884,59.49756608078044,47.98161440863881,65.44221105527637,$\bar{R}_{micro}^{LAD}$,[mmHg*s/ml],5.752256403201947,12.055395847804913,11.973567645614507,11.88272266249012,11.915035154476614,2.2563765058583187,5.6188537746893905,11.506443792716725,9.818755440811705,10.594976305333452,13.033173439689751,11.247678012822815,7.596712218615539,1.491908570043455,0.32973629671978844,0.5510043985438363,6719.655313821902,1.6403296469599278,0.272256270901895,0.5559360314420269,0.4941090699482594
160.40618327500408,112.19754692219337,138.43816365041587,175.21757773745477,95.98936948659541,161.33958425331085,32.32649556316582,14.536094698021126,22.908589747046687,34.305555991060096,95.98739554585615,200.05442170654837,138.90604254806615,69.25403806818869,121.36008284130105,38.75884005166068,8.38651802814028,7.10214383247819,1.2843741956620889,2.042226251486153,0.5602712413911601,0.35817115779819775,0.08263136076362695,17.948146393784295,6.764640856732959,6.040412406590172,5.143093130461167,2.950572645390734,157.47083207168092,0.29028800114342884,59.4952379050931,47.98064183087946,65.82914572864321,$\bar{R}_{micro}^{LAD}$,[mmHg*s/ml],5.7523445951632945,12.055137295229175,11.973839466145034,11.883001079904695,11.915309361347163,2.256277520194083,5.618557295062713,11.506172338245399,9.818506158911859,10.594698162384077,13.032894517797018,11.246955148458612,7.596530939227713,1.491778825701099,0.32973629671978844,0.5510043931840471,6719.255864061679,1.6405028276977192,0.2722598344699323,0.5559947253833749,0.494115542158648
160.41320106837787,112.20826552629826,138.4466660323697,175.223423551064,95.98355420876152,161.33637848368394,32.32497279594217,14.535592581798326,22.907589076922253,34.30374172514404,95.98165968085203,200.04663345588267,138.90230343599117,69.25254270137641,121.35577783481243,38.7566908022892,8.386451794617766,7.102191245795208,1.284260548822558,2.042194172557904,0.5603225940255139,0.35813254326790367,0.08262377739167279,17.911137475350905,6.726867094209791,6.040827740001001,5.143442641140116,2.9505726453907344,157.47804853772033,0.29028800114342884,59.49281563827119,47.97964255770361,66.21608040201005,$\bar{R}_{micro}^{LAD}$,[mmHg*s/ml],5.752433193593719,12.054884834742186,11.974109154915151,11.883277458060002,11.915581523671301,2.2561800798772214,5.6182649775708855,11.505907960169095,9.81826639977259,10.594427614971494,13.032624077761398,11.246237113695805,7.596356180704892,1.4916508722380988,0.32973629671978844,0.5510043877409585,6718.848794613306,1.640677403914529,0.27226360921899,0.5560538922766498,0.4941223977094502
160.42010824660758,112.21881956237621,138.4550373479523,175.2294056043435,95.97796839593981,161.33321559895876,32.32346630962591,14.535090701629581,22.906594823444177,34.30198530437231,95.97608473962413,200.03892486587847,138.8985500656842,69.25097575537413,121.35147121138283,38.7545350967949,8.386386751754712,7.102238551358709,1.2841482003960023,2.0421628503648943,0.5603731461223855,0.3580944050342388,0.08261624553324179,17.87453636050592,6.68951146575942,6.041237244427367,5.1437876503191315,2.9505726453907344,157.48515218310396,0.29028800114342884,59.490519692188705,47.978704546614566,66.60301507537689,$\bar{R}_{micro}^{LAD}$,[mmHg*s/ml],5.752519553899766,12.054629235431316,11.974373307860786,11.883548125839798,11.915848068223298,2.2560830068916986,5.617972643156871,11.50564306769746,9.818023272396182,10.594155788606761,13.03235166721757,11.245522203306974,7.596178530708252,1.4915232551897262,0.32973629671978844,0.5510043822126217,6718.457787715787,1.6408469028374026,0.2722670121952752,0.5561113383873695,0.49412857861847775
160.4270255463905,112.22933703527558,138.46339351238166,175.23526638176924,95.97249988815705,161.33013652093905,32.32198060940151,14.53460523307203,22.90561990015185,34.30022039539619,95.97051585076233,200.0312939491007,138.89492590884245,69.24952085580699,121.3472784784515,38.75243024550834,8.386327406104435,7.102290312793512,1.2840370933109235,2.0421332970022155,0.5604237407187243,0.35805663562983936,0.082608849455902,17.838348964361806,6.652572191623804,6.041645796505628,5.144130976232372,2.9505726453907344,157.492261479755,0.29028800114342884,59.4882654647111,47.97775085891443,66.98994974874373,$\bar{R}_{micro}^{LAD}$,[mmHg*s/ml],5.752607837106704,12.054387823311126,11.974641820117476,11.883822907994084,11.916118822620803,2.2559878326201517,5.617688235600634,11.50538780461135,9.817789426554002,10.593893975901025,13.032090136179656,11.244827260269524,7.596009730710917,1.4913980563807754,0.32973629671978844,0.5510043770025936,6718.074992170993,1.641014474597316,0.27227062166986843,0.5561681313492968,0.49413513400926545
160.43380340152734,112.23969092221046,138.4716026682718,175.2410051344345,95.966977833883,161.327037591841,32.320502061961875,14.53411482511254,22.904646086157417,34.29847310174306,95.964998109177,200.02373358257967,138.89125169507258,69.24799296660558,121.3430831613336,38.75031390127556,8.386263241590274,7.102336414797372,1.2839268267929032,2.0421024334090476,0.5604733449638678,0.3580191853025966,0.08260147599533149,17.802551460717268,6.616035678242169,6.0420471137945455,5.144468668680556,2.9505726453907344,157.49923130572452,0.29028800114342884,59.48598527959115,47.97680574718296,67.37688442211055,$\bar{R}_{micro}^{LAD}$,[mmHg*s/ml],5.7526930339995355,12.054140474472657,11.974902755880409,11.884089990899783,11.916381939864271,2.255893012537404,5.617404134966987,11.505128413444552,9.817551481018983,10.593627997431001,13.03182392305857,11.244131594496091,7.595836112886796,1.4912728586304094,0.32973629671978844,0.5510043717268016,6717.68844837181,1.6411815278621429,0.27227412316042593,0.5562247485842894,0.49414149348242303
160.44057738765198,112.24997610440597,138.47978457364624,175.2467723216189,95.96158340699601,161.32404910872327,32.319057013734906,14.533638729384359,22.90369609252669,34.29676523402125,95.95959182490482,200.01632784702548,138.88770724673222,69.24654019490708,121.33898369947107,38.74824877785826,8.386207447680698,7.102388523582999,1.2838189240976996,2.0420740717054033,0.5605228891006935,0.357982525751876,0.08259427266182304,17.76715287179297,6.579901227169365,6.04244661691233,5.144805027711273,2.9505726453907344,157.50619237809266,0.29028800114342884,59.483743395458255,47.975879198370095,67.76381909547739,$\bar{R}_{micro}^{LAD}$,[mmHg*s/ml],5.752779784416163,12.053902141477641,11.975164067287595,11.884357710657536,11.916645607131736,2.2558003056779716,5.617125381963045,11.504879324673512,9.817323200845392,10.593371894040748,13.031568683948858,11.243446386878649,7.595669933692101,1.4911503895339902,0.32973629671978844,0.5510043664940479,6717.3108384897205,1.6413463261654537,0.272277588688634,0.5562806015739008,0.4941477876502004
160.44722303781396,112.26010928911832,138.48782947232718,175.25252733487892,95.9562026353473,161.3210522946012,32.317613215753944,14.533162480027276,22.902744287143804,34.29507819010394,95.95422819252,200.00893956711,138.8841511625597,69.24508873669677,121.33482902322275,38.74619586468968,8.386147730282325,7.102436454938151,1.2837112753441735,2.0420449333493176,0.560571511747492,0.35794596240652005,0.08258707635127405,17.732140838407894,6.544160620732187,6.0428433535268375,5.145136864148869,2.9505726453907344,157.51302367975322,0.29028800114342884,59.48151296466505,47.97496971895299,68.15075376884423,$\bar{R}_{micro}^{LAD}$,[mmHg*s/ml],5.752862996572812,12.053661940710988,11.975419354030844,11.884619135755559,11.916903144923163,2.255707571686191,5.61684491317238,11.504628091234938,9.81709660718788,10.593114631749296,13.03131144186179,11.242759575866517,7.595502893466085,1.4910285237862468,0.32973629671978844,0.5510043612305602,6716.93418447431,1.64150955700419,0.272280944629487,0.5563359233227116,0.4941538829591129
160.45371692700795,112.27010134451899,138.4957212830279,175.25779732110348,95.95069425685891,161.31796297010592,32.31616303329977,14.532681002112305,22.901791196940742,34.29333122467086,95.9487464946999,200.00153503422933,138.88052843370747,69.24360505033303,121.33078503116607,38.744146940746596,8.386076146647504,7.102473021865777,1.2836031247817274,2.042012254659504,0.5606190550420312,0.35790922385288204,0.08257985126164134,17.697483579579956,6.508796470455478,6.043226296134762,5.145460812989718,2.9505726453907344,157.51970304995433,0.29028800114342884,59.47923745766593,47.97400503865069,68.53768844221105,$\bar{R}_{micro}^{LAD}$,[mmHg*s/ml],5.752943242557504,12.053416350656885,11.975666984961814,11.884872852708773,11.917152942688503,2.2556148802237077,5.616570443399256,11.504371166811488,9.816860121756593,10.592851883030846,13.031047784066288,11.24209026290049,7.595331877018289,1.4909069471898064,0.32973629671978844,0.5510043562271076,6716.548597980123,1.6416734060128413,0.27228458809470213,0.556391454579977,0.49416049985360644
160.46019307910942,112.28001448201337,138.50356781547652,175.26342096799308,95.94551496663918,161.31497789350604,32.31475558192357,14.532214069607104,22.90086438135574,34.29168273660746,95.94353470796469,199.99432097344098,138.8770538728851,69.24218978468726,121.32677079452003,38.742135744917015,8.386014567300217,7.1025164947212795,1.2834980725789373,2.0419825073145663,0.56066647427945,0.3578735460216465,0.08257282494540122,17.663211923702306,6.473817787260514,6.043610338160473,5.145783798281321,2.9505726453907344,157.52636470922886,0.29028800114342884,59.47712743077008,47.973129557366725,68.92462311557789,$\bar{R}_{micro}^{LAD}$,[mmHg*s/ml],5.753024996114716,12.053180174446064,11.975918088399945,11.885129657865459,11.917406033754952,2.2555242556357977,5.616297907966627,11.504125676120342,9.816634902654826,10.592600487154643,13.030795700743814,11.24142229550632,7.59516890034185,1.4907876249022705,0.32973629671978844,0.5510043511189978,6716.186047664743,1.6418314578227204,0.27228779315291435,0.5564450210665117,0.49416632119137227
160.46659338772454,112.28981261515685,138.51132580978123,175.26885287695865,95.94027011336526,161.31202679555898,32.31335319888746,14.53174957995472,22.899941009434436,34.2900253011575,95.93829783016614,199.98714739771464,138.87357552786776,69.24074756072861,121.3227848510804,38.740136103590295,8.385951945319325,7.1025584577397325,1.2833934875795936,2.041952710121625,0.5607133296099737,0.35783802267160725,0.08256583406806502,17.629305185112244,6.4392124968782545,6.0439896474279635,5.146103040806027,2.9505726453907344,157.5329468717281,0.29028800114342884,59.474964154381674,47.97223175516052,69.31155778894473,$\bar{R}_{micro}^{LAD}$,[mmHg*s/ml],5.753105081749533,12.052947704785533,11.976162507627814,11.885380127153933,11.917652648770876,2.255434257871244,5.616028603042441,11.503880395160618,9.816409396624032,10.592348773296212,13.030542993143408,11.240765234877887,7.595004852564258,1.4906690799237061,0.32973629671978844,0.5510043461280482,6715.818907935568,1.6419898201827396,0.2722911277450655,0.5564986928038494,0.4941723775111342
160.4729797406713,112.2995346222701,138.5190490198503,175.27442031454362,95.93513782789599,161.30917723216132,32.311981867903675,14.531298293764367,22.899037515400885,34.28842471774423,95.93320664275794,199.98012499203892,138.87020471246677,69.23937075547454,121.31882789006028,38.73818027844105,8.385897435539308,7.102606189947751,1.2832912455915564,2.041925394728567,0.5607600483396239,0.3578033020413836,0.0825589929145337,17.59577126530677,6.404980136359676,6.0443697149062094,5.1464214140408835,2.9505726453907344,157.53950957094528,0.29028800114342884,59.47283314812466,47.971370478229765,69.69849246231156,$\bar{R}_{micro}^{LAD}$,[mmHg*s/ml],5.753186584567516,12.052720422582935,11.97640796069719,11.885631600192454,11.917900352883345,2.255346039242652,5.615761518782604,11.50364283525637,9.816195621948966,10.592105098170345,13.03030029378671,11.240107573959214,7.594846546364493,1.4905529605610992,0.32973629671978844,0.5510043410496219,6715.459647952719,1.642146070124642,0.2722942955757212,0.5565516486062244,0.4941781312594035
160.4793074767915,112.30916887324562,138.52669961300506,175.27981420910695,95.93005372970516,161.306350312678,32.31061685889099,14.530849423274432,22.898139875572227,34.28681106160377,95.92809395610777,199.97312758868583,138.86685262959037,69.23800032085808,121.3149634372516,38.7362367273694,8.385842166424247,7.102652841968422,1.283189324455825,2.0418980537964004,0.560806353507836,0.357768671444539,0.08255219215538989,17.562587689456144,6.371107809295918,6.0447438019202,5.146736078240025,2.9505726453907344,157.54601390637654,0.29028800114342884,59.47072359132377,47.9704923920664,70.0854271356784,$\bar{R}_{micro}^{LAD}$,[mmHg*s/ml],5.753266608075225,12.052494275330881,11.976651927223108,11.885881414040705,11.918146445868478,2.2552585717642035,5.615499017618291,11.50340620710346,9.815979429368186,10.591862772093235,13.030057645247345,11.239467198290766,7.594689455991869,1.4904376677148046,0.32973629671978844,0.551004336082636,6715.103761079362,1.6423009034299303,0.2722975909499218,0.556604124285998,0.4941841163824968
160.48556084536906,112.31869760346923,138.53426295338176,175.28491714381437,95.9249174740337,161.3035357154045,32.309256675210705,14.530403137067715,22.897247844971577,34.285169472982005,95.9229221027578,199.9661592463664,138.8635111863127,69.23664807689619,121.31117527099184,38.73430858768327,8.385784196591056,7.102696502229255,1.2830876943618008,2.0418700433896273,0.560852111988119,0.3577341197966115,0.08254543075696606,17.529747102457986,6.337589231665277,6.045111379902139,5.147046490890571,2.9505726453907344,157.55244118655767,0.29028800114342884,59.46857708269867,47.96957768468057,70.47236180904522,$\bar{R}_{micro}^{LAD}$,[mmHg*s/ml],5.753344965927656,12.05226715457903,11.976893699600243,11.886128883896443,11.918390206765672,2.2551717315163025,5.615239991526553,11.503169989246793,9.815762111114285,10.59162101534911,13.029816151384983,11.238834345420214,7.59453313701569,1.4903231944177475,0.32973629671978844,0.551004331406134,6714.74422318236,1.6424558429169998,0.272301119166181,0.5566566359526101,0.4941905238227128
160.4916928794898,112.32810275922644,138.54169798737584,175.2902363209874,95.91999764719328,161.30068411040537,32.307916318717076,14.529957573778402,22.896364410831787,34.28360005348726,95.91796284705279,199.95929334118526,138.86018529736404,69.23529301893655,121.30734706993628,38.73239580191456,8.385724355265118,7.102736639652272,1.2829877156128466,2.0418414508300713,0.5608970205732913,0.35770016285755996,0.08253874592815007,17.49725049646818,6.304422047522006,6.045475741618258,5.147352707327913,2.9505726453907344,157.55874883472546,0.29028800114342884,59.46657831998964,47.968744660139656,70.85929648241206,$\bar{R}_{micro}^{LAD}$,[mmHg*s/ml],5.753421751080046,12.052044658918197,11.977129305295758,11.8863700839066,11.91862782731724,2.255085486943815,5.614981697363846,11.50293494528407,9.815546511799987,10.591380277775473,13.029575738017694,11.238204275894438,7.594376717195809,1.4902097063158346,0.32973629671978844,0.5510043266504497,6714.3998353035295,1.6426058454906123,0.27230417004195856,0.5567074744140345,0.4941960650241952
160.49780655635107,112.33741220715052,138.54908988698452,175.2954482194322,95.91507364626314,161.29795175647624,32.30660251941872,14.529521944096988,22.89549972417672,34.28204780277947,95.91306078617397,199.95257411173094,138.85693110240774,69.23393809992521,121.30363071025721,38.73052287502993,8.38567080694997,7.1027810341270765,1.2828897728228932,2.041814750963707,0.560941766974129,0.357666903853871,0.08253219078958154,17.465091578289297,6.271599737435086,6.045835474833745,5.147656366020461,2.9505726453907344,157.56503345210447,0.29028800114342884,59.464532935342795,47.967904995601096,71.2462311557789,$\bar{R}_{micro}^{LAD}$,[mmHg*s/ml],5.753500973969455,12.051824111735048,11.977364061374221,11.886610712346878,11.918864749836407,2.255001250186951,5.6147282539376535,11.502706176888873,9.815335670534685,10.591144916020871,13.029339814880803,11.237582348088162,7.594223158884881,1.490098661393062,0.32973629671978844,0.5510043218801338,6714.0551552384195,1.6427556948265265,0.2723072723515773,0.5567582609405578,0.49420169958451865
160.50384219838844,112.34664341777194,138.55639898717263,175.30061257346227,95.91009266086535,161.2951919441891,32.3052933569439,14.529089523029166,22.89463739148051,34.28051083998126,95.90818028257043,199.94587750040563,138.85369020974977,69.23260509445323,121.29992492271343,38.72866065701596,8.385614124886805,7.10282190572048,1.2827922191663252,2.041787184353484,0.5609859480532151,0.3576337722500148,0.08252566643548324,17.43326730308115,6.239117923700462,6.046192199379521,5.147957180001164,2.9505726453907344,157.57123842430082,0.29028800114342884,59.46246227479111,47.96707063008881,71.63316582914572,$\bar{R}_{micro}^{LAD}$,[mmHg*s/ml],5.753578067633202,12.051606147056184,11.977596618744883,11.886848932262915,11.91909938384163,2.254917456907641,5.61447654831237,11.502477264986744,9.815127755657905,10.59091044837376,13.029105335503488,11.236967057106233,7.594070423787125,1.4899881395569297,0.32973629671978844,0.5510043173208328,6713.706486260574,1.642905705257392,0.2723103641837445,0.5568091020649409,0.49420731494048636
160.50982583748302,112.35576836607028,138.56363596994746,175.30567123593684,95.90532227119073,161.29249625007304,32.30400046057758,14.528662173356672,22.89378735729796,34.27897258819718,95.90333484736662,199.9392531574591,138.85050241386054,69.23130131306542,121.29624882227647,38.72681546483843,8.385560184723534,7.102864493564412,1.2826956911591216,2.041760687373368,0.5610297571650107,0.3576009738742493,0.08251922578393027,17.401772794883584,6.206971870245487,6.046546328455193,5.148254596182903,2.9505726453907344,157.57739091462514,0.29028800114342884,59.46049847383852,47.966236410735924,72.02010050251256,$\bar{R}_{micro}^{LAD}$,[mmHg*s/ml],5.7536528413162555,12.051393581966257,11.977827735736136,11.887085472533789,11.919332417130917,2.2548343578087553,5.614227983769833,11.502252212773334,9.814920905329227,10.590680132301811,13.028874893538958,11.236355774509738,7.593920885869212,1.4898786875251666,0.32973629671978844,0.5510043125956315,6713.372558983351,1.64305157610591,0.27231349439819286,0.5568585402134121,0.49421300010411534
160.51565029577117,112.36474373439871,138.57072104575482,175.31060809810674,95.90048146015663,161.28972088333998,32.302701008880334,14.528231154729411,22.892931977947843,34.27743782704983,95.89849125684428,199.93260753137915,138.84728035792233,69.2300061679753,121.29255250978886,38.72498176341639,8.385497248067578,7.102898406908052,1.2825988411595262,2.0417318110428915,0.5610724194075358,0.3575680837178685,0.08251274602177626,17.370591059517263,6.175151522626175,6.0468930625933055,5.14854647429778,2.9505726453907344,157.58338210937492,0.29028800114342884,59.458520316692066,47.96540816474529,72.4070351758794,$\bar{R}_{micro}^{LAD}$,[mmHg*s/ml],5.7537241867098885,12.051174201954165,11.978049650301248,11.887312788797667,11.919556291105742,2.2547508164128534,5.613978887420596,11.50202478436759,9.814712812627691,10.590446507787496,13.028641058484585,11.235745490669235,7.5937698193786884,1.4897696368242297,0.32973629671978844,0.5510043078758456,6713.033702210964,1.6431969861887026,0.27231655473913585,0.5569078222004257,0.49421855845180657
160.52163126512474,112.37378435694008,138.57791667909984,175.31584262424062,95.89576610959647,161.28717753895114,32.30143646559154,14.52782225034696,22.89210103049502,34.27596111021326,95.89375876376934,199.92610028428783,138.84424299893624,69.22878504798898,121.28893423105774,38.723187815757086,8.385453383606226,7.1029490714012224,1.282504312205004,2.0417086701580947,0.5611161556147599,0.3575359525025295,0.082506450832838,17.339759885608526,6.143667889276294,6.047248772108972,5.148843224223261,2.9505726453907344,157.5895238879673,0.29028800114342884,59.456534346282716,47.96460223423146,72.79396984924622,$\bar{R}_{micro}^{LAD}$,[mmHg*s/ml],5.753802915686578,12.05097128536236,11.978282653529702,11.88755114458494,11.919791267182205,2.254669835636087,5.6137331007826985,11.501809763375075,9.814521296937098,10.590227542958612,13.02842270538772,11.235144274973122,7.593629047143809,1.48966297859463,0.32973629671978844,0.5510043031049943,6712.703627671753,1.6433418312531425,0.2723196040617279,0.5569569126929665,0.4942240968485453
160.52730758961272,112.38254309752996,138.58482697710605,175.32053207326442,95.89104359890574,161.28444280065486,32.300150300961754,14.527391626807784,22.89125384471649,34.2744233668966,95.88894783716489,199.91953783154173,138.84098851374824,69.22742224409947,121.28532062032369,38.72135680069553,8.385388573257417,7.102980041092404,1.2824085321650138,2.041679648349661,0.5611577667285518,0.35750342984009714,0.0825000385196646,17.309199874145314,6.112487984180557,6.0475846715795285,5.149127218385227,2.9505726453907344,157.59536702220777,0.29028800114342884,59.45461442764547,47.96377026339658,73.18090452261306,$\bar{R}_{micro}^{LAD}$,[mmHg*s/ml],5.753871166351991,12.05074970178473,11.978497189798956,11.887770989189914,11.920007649791383,2.254587253364397,5.6134889653473925,11.501578964013783,9.814306674439532,10.589991182106697,13.028184731210395,11.234548914303932,7.593474164221905,1.4895547075653717,0.32973629671978844,0.5510042987492828,6712.373051923401,1.6434836988676402,0.2723226828348351,0.5570049940763276,0.4942296883218092
160.53312029221917,112.39137788120539,138.59184274226544,175.32546702926567,95.88633732742217,161.28188599688227,32.298927656476536,14.526987670737576,22.890449548422133,34.27297925603478,95.88434491863133,199.91327316431625,138.83800128983162,69.2262167989463,121.28191838036872,38.719628258215934,8.385341864512341,7.1030246161067305,1.28231724840561,2.0416552425811463,0.5612002924215894,0.3574724127420762,0.08249394839841573,17.278970212687433,6.081630563648923,6.047924566557026,5.149415082481482,2.9505726453907344,157.60133836006875,0.29028800114342884,59.4526389214445,47.96297084277159,73.5678391959799,$\bar{R}_{micro}^{LAD}$,[mmHg*s/ml],5.753946307571548,12.050548372842188,11.978725098293403,11.888004317991475,11.920237554360243,2.2545093817505966,5.613255954294758,11.501370059932778,9.81411422622688,10.589775545687033,13.027969655012985,11.233974526813002,7.593334758644412,1.4894517537989072,0.32973629671978844,0.5510042940328008,6712.043612919551,1.643626639131172,0.27232570244676935,0.5570534389989615,0.49423517274904943
160.5387793463561,112.40003205550887,138.59869541308032,175.3303644141633,95.88174388043204,161.27930255484904,32.29768926887487,14.526580079096155,22.88963434502176,34.27152802327105,95.87976339587671,199.9069365413274,138.83493135473324,69.22493503965762,121.27832498583312,38.717842850308045,8.385288337841045,7.103063282781254,1.2822250550597916,2.0416295312464436,0.5612417219166679,0.3574411066112988,0.08248777755934823,17.249044704088305,6.051084226121289,6.048262633448196,5.149697844518819,2.9505726453907344,157.60715555533807,0.29028800114342884,59.45074312794964,47.96219933871838,73.95477386934674,$\bar{R}_{micro}^{LAD}$,[mmHg*s/ml],5.754017421577474,12.050341734641307,11.978940690641979,11.888225116291405,11.920455031642893,2.25442938026799,5.613013858542526,11.501152610489031,9.813917949287726,10.589553478063232,13.027747286026882,11.233387364970078,7.593189587033535,1.4893462208485255,0.32973629671978844,0.5510042900513928,6711.722071630243,1.6437660515632655,0.2723285281460225,0.5571006882786264,0.494240304591135
160.54436074704088,112.40858733674352,138.60546588085128,175.33501529472136,95.87713712969924,161.27672069369595,32.296479857247874,14.526175963302771,22.888837181343458,34.270087680432916,95.87521373964994,199.90075856113796,138.83190700526433,69.22369088394142,121.27493754515301,38.7161232441419,8.385233809699923,7.103098939160861,1.2821348705390618,2.0416031356831197,0.5612826119432466,0.3574104762235665,0.08248174757280018,17.219400914466963,6.02083611729279,6.048589345095392,5.149975452078785,2.950572645390735,157.61289679226903,0.29028800114342884,59.44883844196798,47.961405664364854,74.34170854271358,$\bar{R}_{micro}^{LAD}$,[mmHg*s/ml],5.754087131883186,12.050137250608186,11.979154235011563,11.8884441783997,11.920670618048039,2.254352096510584,5.612783082122337,11.500939858724838,9.813719822036468,10.589334402094126,13.02752905008275,11.232819159308972,7.593046835418206,1.4892440793455968,0.32973629671978844,0.551004285288339,6711.399599078946,1.6439049132125818,0.2723314955528387,0.5571477508885008,0.4942456943149333
160.5499643780033,112.41712823502927,138.61223042586744,175.33994521031536,95.87272148130884,161.2742204525386,32.29527412644863,14.525779329828952,22.888043619263765,34.26868165799793,95.87076860123634,199.89458381139107,138.82895581193287,69.22250117403655,121.27143847697997,38.714414530951174,8.38518582043217,7.10314074588826,1.2820450745439107,2.041579117161457,0.5613236250695429,0.35737998027742146,0.08247574108189186,17.190079559542518,5.9909000418186595,6.0489251274741775,5.150254390249675,2.9505726453907344,157.61865510316582,0.29028800114342884,59.447022104517465,47.96066345233967,74.7286432160804,$\bar{R}_{micro}^{LAD}$,[mmHg*s/ml],5.7541589572537655,12.04994014435293,11.979370777465219,11.888665707183577,11.920889004411352,2.2542743491870194,5.612547028507186,11.500731678317369,9.813533312880047,10.58912139179876,13.027315835425958,11.232241754320285,7.592908771461851,1.4891425079882623,0.32973629671978844,0.5510042811664295,6711.090503691619,1.6440406892370822,0.2723342049295238,0.5571937677268636,0.49425061517310775
160.55541255790052,112.42550941721824,138.61885271082352,175.34444587341312,95.8681497725481,161.27165029140266,32.29406816509847,14.525377564495738,22.887249673515512,34.26724284976794,95.86622384417896,199.88841870309824,138.8259424384348,69.22125204622621,121.26807019907875,38.71269846647328,8.385128292089957,7.103173147906582,1.2819551441833748,2.0415523678572742,0.561363545925889,0.3573494350805023,0.08246972922168257,17.161021793870084,5.961249378855637,6.0492459903438345,5.150526424670613,2.9505726453907344,157.6242598555186,0.29028800114342884,59.44513471482643,47.95986904402533,75.11557788944724,$\bar{R}_{micro}^{LAD}$,[mmHg*s/ml],5.754226599749311,12.04973641682402,11.979580320511827,11.888880246818292,11.92110028209812,2.2541971937448393,5.61231815883382,11.500517071724634,9.813335680874058,10.588902917070058,13.027096150986614,11.231679966337209,7.592766417662418,1.4890407628578557,0.32973629671978844,0.5510042767422565,6710.770484078366,1.6441775524977786,0.2723371882530804,0.5572401530483402,0.4942560334798847
160.5609338071242,112.43389399923873,138.62551138942067,175.34916259138888,95.86384932560456,161.2692337991152,32.29288169866873,14.524991660336525,22.88647088219288,34.26583473228383,95.86177016448336,199.88231762467922,138.82306403070106,69.22009483518991,121.26469207195781,38.71099805611188,8.385082935029907,7.103216511095007,1.2818664239349005,2.041529589039731,0.5614039520558003,0.35731926548777976,0.08246383367274891,17.132273310157526,5.931899588327303,6.049573233501049,5.150800488329174,2.950572645390735,157.629932535695,0.29028800114342884,59.443358827522694,47.95910478909087,75.50251256281408,$\bar{R}_{micro}^{LAD}$,[mmHg*s/ml],5.754297482413314,12.049543499837705,11.979794276396056,11.889099067998211,11.921315935557795,2.254121288126275,5.612089927669735,11.500315233853796,9.813150724110018,10.588695106518898,13.026887828476095,11.231118511049472,7.592632737702352,1.4889399640621757,0.32973629671978844,0.5510042722593789,6710.469452792319,1.6443104845529413,0.27234010479682386,0.5572852060164039,0.4942613306428646
160.56632729765016,112.44213751482407,138.632042241884,175.35381933492536,95.85941233317213,161.2667859156296,32.291718900300374,14.524605073588772,22.885705253370034,34.26447532303596,95.85746897499801,199.87638099798386,138.82017829847229,69.21890226591574,121.26138204557529,38.70934851125839,8.385033857855742,7.10325386934878,1.2817799885069612,2.0415052752285923,0.5614434521489606,0.35728992842375984,0.08245803438394793,17.103793923655452,5.902832777304908,6.049891912693349,5.151069233657193,2.9505726453907344,157.6354778186232,0.29028800114342884,59.44150978697075,47.958377321212815,75.8894472361809,$\bar{R}_{micro}^{LAD}$,[mmHg*s/ml],5.754365681852076,12.049348434296482,11.980001125597667,11.889311164444564,11.921524768984007,2.2540463509081707,5.611864487610276,11.50011127019893,9.81296586066022,10.588486480834133,13.026679945931168,11.230569116246851,7.592496407071172,1.4888419834979587,0.32973629671978844,0.5510042687123261,6710.158863322049,1.644444441936908,0.27234274721545676,0.5573306064860978,0.49426612946558535
160.57173055679573,112.45035016781668,138.63856693783924,175.35825211730872,95.85504490757798,161.2643856618671,32.29056739439926,14.524227405952121,22.88494997670441,34.263085972903596,95.85308696548987,199.87048011070289,138.81736676077173,69.21777244512587,121.25816490421177,38.707730531517996,8.384987512248093,7.10329353469332,1.2816939775547733,2.0414818617955524,0.5614829897057974,0.3572606857377862,0.08245231326821924,17.075596470133906,5.874050843294636,6.050208958785539,5.151336668053729,2.9505726453907344,157.6410281656067,0.29028800114342884,59.439686273051706,47.957600798476804,76.27638190954774,$\bar{R}_{micro}^{LAD}$,[mmHg*s/ml],5.75443519966996,12.04915955229152,11.980209750922471,11.889524993307397,11.921735341287324,2.2539729998545295,5.611644610901393,11.49991420887078,9.812784186122057,10.588283383369271,13.026478701267543,11.23003333075965,7.5923653557891395,1.488745503345599,0.32973629671978844,0.551004264302156,6709.8531435304585,1.644577270999162,0.27234574805904405,0.5573756245480871,0.4942715795565911
160.57693281159916,112.45833481671366,138.6448928942609,175.3628731317175,95.85076604844305,161.26189333309821,32.289386862720306,14.523833435378064,22.884169207402604,34.261725401342616,95.848773371734,199.86444824342783,138.8144015422881,69.21654172952425,121.25475101399677,38.706048148825076,8.384929661648233,7.1033234610257905,1.2816062006224416,2.041455882385628,0.5615211342915221,0.35723090389341194,0.0824464134327838,17.04766821411736,5.845547149028628,6.050522695895432,5.1515983691933,2.9505726453907344,157.6463827798157,0.29028800114342884,59.43795156271439,47.95688988918808,76.66331658291458,$\bar{R}_{micro}^{LAD}$,[mmHg*s/ml],5.754498646855077,12.04895837226029,11.980408447346974,11.889728107978314,11.921935560780653,2.2538967835355166,5.611416536171635,11.499704058034533,9.81259370408185,10.588068322196495,13.026260418557337,11.229472273060686,7.59222464328094,1.4886461050212727,0.32973629671978844,0.551004260058481,6709.553623391013,1.6447065503904381,0.27234825930549456,0.5574194395653103,0.4942761409441531
160.5822701127147,112.46636068580354,138.6513218175222,175.36733559552158,95.84661777617528,161.259606556876,32.28827596142695,14.523468394545041,22.883439795182714,34.260393005185534,95.84456897884075,199.85874669002882,138.8116739971595,69.21543082751508,121.2516473053137,38.704457340315166,8.384890799651822,7.103367647062936,1.2815231525888862,2.0414347821125234,0.5615601963683446,0.35720266994288785,0.08244088802007404,17.020013896318435,5.817319417473501,6.05083287874105,5.151861600103882,2.9505726453907344,157.65186599999012,0.29028800114342884,59.43622201655957,47.95615431707425,77.0502512562814,$\bar{R}_{micro}^{LAD}$,[mmHg*s/ml],5.7545674600661165,12.048775338744836,11.980614352175714,11.889939364437993,11.922143468608374,2.2538259235414686,5.611203445179968,11.499513420231523,9.812414787262284,10.587871445691087,13.026065617286989,11.228953148871842,7.592097043579059,1.4885515862951493,0.32973629671978844,0.5510042556674136,6709.263244332269,1.6448349420961816,0.27235107855981805,0.557462953730584,0.49428126145764156
160.5873843980213,112.47421329828626,138.6575440164052,175.37177816542584,95.84233063036302,161.25715614708264,32.28712832687999,14.523088144418015,22.882683171309473,34.25905765856065,95.84033480878847,199.85288298719217,138.80882455765314,69.21425180595139,121.24831776530542,38.7028259862584,8.384834724203676,7.103396886244009,1.2814378379596671,2.0414091980307627,0.5615976662960704,0.35717371395170894,0.08243516326766796,16.992622901008986,5.789362980954033,6.051141094221484,5.152118825833466,2.9505726453907344,157.65712554787765,0.29028800114342884,59.43446661241206,47.955442711792415,77.43718592964825,$\bar{R}_{micro}^{LAD}$,[mmHg*s/ml],5.7546303373511964,12.048580405041198,11.980809657639835,11.890139182021285,11.922340387083263,2.253751700442551,5.610979570865011,11.499310440858372,9.812233960776643,10.587665014525111,13.025857204468165,11.22840424957717,7.591962548194108,1.4884548535013604,0.32973629671978844,0.5510042519432186,6708.963144125411,1.6449633946811764,0.2723536532453224,0.5575064885288867,0.49428593751285366
160.59257050286692,112.4820655233705,138.66380621169455,175.37612393548392,95.83810301408298,161.25484931213666,32.28601397024133,14.522723497677301,22.88195198159953,34.25773126348936,95.83612881710003,199.84716217032638,138.80610293638668,69.21314963638112,121.2452073285095,38.701236622652026,8.384788984941903,7.103434373724014,1.2813546112178882,2.041386468848598,0.5616356342912453,0.35714542163278534,0.08242962357773839,16.96549439124957,5.761673230797134,6.051445113380528,5.152376047071906,2.9505726453907344,157.66245482911577,0.29028800114342884,59.4326951548426,47.954710878216275,77.82412060301507,$\bar{R}_{micro}^{LAD}$,[mmHg*s/ml],5.754697723909945,12.048396930967922,11.981011004075421,11.89034521992079,11.922543385996757,2.2536805424185284,5.610767357492359,11.499118719570511,9.812057253387742,10.587468369258163,13.025661977977656,11.227884750528998,7.591835669254786,1.4883604794625092,0.32973629671978844,0.5510042481654127,6708.667210985808,1.6450915645309465,0.27235645347026927,0.5575499275033415,0.4942910229405477
160.5976938978266,112.4898275917928,138.66999622440647,175.38044398134008,95.83406555246692,161.25256143237473,32.28492019171649,14.522359288024454,22.881231639592762,34.25642709783931,95.83202682360626,199.84156726521468,138.80338867590518,69.21203729094749,121.24212898057519,38.69968084376041,8.384744995988294,7.1034719828698085,1.2812730131184855,2.0413642262440472,0.5616731651664438,0.3571176978977441,0.08242417735367281,16.938622390458953,5.734246879343644,6.051745709974968,5.152629801140339,2.950572645390734,157.66772257808364,0.29028800114342884,59.431034584004,47.95400082927953,78.21105527638191,$\bar{R}_{micro}^{LAD}$,[mmHg*s/ml],5.754763397648937,12.048217789294403,11.981208424010802,11.890547562689706,11.92274262023396,2.2536107424729814,5.610558445105221,11.498927629778644,9.811880144475753,10.587272116269615,13.025464963131286,11.227370905581495,7.591707909174544,1.4882681151374395,0.32973629671978844,0.5510042436613217,6708.384588672685,1.6452158391607026,0.27235911230859255,0.5575920463204974,0.4942958524217825
160.60277796124262,112.49754034002157,138.6761417569275,175.38474871585757,95.82987172528038,161.250284311973,32.283826444823646,14.522000466390226,22.88051286155794,34.25513609203513,95.82790720862306,199.83595637027085,138.8007132268059,69.21096293834162,121.23907641486225,38.69814184639574,8.384699636348504,7.103508238471064,1.2811913978774405,2.041341740418951,0.5617103890408308,0.3570899671946404,0.0824187311295224,16.912008602195783,5.70708129644946,6.052044728564707,5.1528825771816145,2.9505726453907344,157.67294706327178,0.29028800114342884,59.429273029917326,47.95328575957873,78.59798994974875,$\bar{R}_{micro}^{LAD}$,[mmHg*s/ml],5.754828064628939,12.048037401798355,11.981406023636298,11.890749855380566,11.922941939660221,2.253540774343706,5.6103497157345075,11.498739037188278,9.811707967444471,10.587078851666636,13.025272998140313,11.226862234286784,7.591583132933502,1.488176431129977,0.32973629671978844,0.5510042398854915,6708.091020769627,1.6453423574987098,0.27236182134091613,0.5576349255691085,0.49430077234526865
160.6077081209884,112.50508424264378,138.68213654343091,175.388856203956,95.82580185509734,161.24795442180715,32.28272692378948,14.52163363147925,22.87978900242086,34.25382381191077,95.82380955348707,199.8303587155176,138.7979568069547,69.20980270084861,121.23589659024354,38.69656394917584,8.384647742085662,7.10353802087532,1.2811097212103417,2.0413177363511488,0.56174649977703,0.35706223724516467,0.08241325918180355,16.88564041365843,5.6801710309789435,6.052340188173128,5.153129194506356,2.9505726453907344,157.67801515067367,0.29028800114342884,59.42760774777176,47.95257846176602,78.98492462311557,$\bar{R}_{micro}^{LAD}$,[mmHg*s/ml],5.754887707322266,12.047849307334534,11.981592815724422,11.890941209099744,11.92313034815256,2.2534699315232074,5.610136452418571,11.498544077096888,9.811530536153503,10.586879106020998,13.025071315916827,11.226339400220937,7.59145212083164,1.4880831981662654,0.32973629671978844,0.5510042361066697,6707.806129856814,1.6454651262830646,0.2723644253842357,0.5576765340292651,0.4943055017303139
160.6127876239414,112.51270492143101,138.68823792074883,175.39337478995017,95.82188871871837,161.24582683435804,32.28166655881978,14.52129123397936,22.87909277949741,34.25259572767708,95.81987021428499,199.8248881883929,138.7954073085798,69.20877792502323,121.2328786786949,38.69504759340469,8.384613373898297,7.103582906028942,1.2810304678693554,2.0412988057148844,0.5617836764107019,0.35703530164614594,0.08240797797554328,16.859539772221524,5.653519474921173,6.052639524292218,5.153380773008134,2.9505726453907344,157.6832326650031,0.29028800114342884,59.42596506212388,47.95191984491291,79.37185929648241,$\bar{R}_{micro}^{LAD}$,[mmHg*s/ml],5.754955179282901,12.047680146249904,11.981790831393623,11.89114389151248,11.923330091681859,2.253401711508668,5.609930740286731,11.498365261382752,9.81136817938248,10.586695582017786,13.024887757427333,11.225835363295989,7.591334035360464,1.4879931182237633,0.32973629671978844,0.5510042325200946,6707.532210310286,1.6455867732671856,0.2723668945965019,0.5577177622919588,0.4943099862423814
160.6175337792977,112.52005588810508,138.6940376778746,175.3973108611629,95.81787975591595,161.24343988673985,32.28057484239322,14.520926710712386,22.878372609053216,34.251293956090436,95.81578344538946,199.81931168044878,138.79266230565062,69.207658760976,121.22977870067967,38.69351859949523,8.384552571935435,7.103603469592755,1.280949102342681,2.0412723309780874,0.5618185103197806,0.357007665558469,0.08240253864587284,16.833647815251133,5.627105201349568,6.052923221865339,5.153619392036228,2.9505726453907344,157.68812123553104,0.29028800114342884,59.42435848752673,47.95121284303999,79.75879396984925,$\bar{R}_{micro}^{LAD}$,[mmHg*s/ml],5.755012186555089,12.047493098802889,11.981969898442985,11.891327335709997,11.923510701841087,2.2533318445179096,5.609722860986556,11.498170485974107,9.81118870775851,10.586496180655068,13.024687655344472,11.225324530083903,7.591204504312373,1.4879020456557654,0.32973629671978844,0.551004228106579,6707.251582914117,1.6457066430317784,0.27236952128995595,0.5577583882242774,0.4943147573039537
160.62255259926417,112.52754706674017,138.700056396846,175.40163285181012,95.8139614562745,161.2413954689681,32.2795566515695,14.520591070368305,22.877703121056722,34.25009630155692,95.81196388457523,199.81409448449136,138.79017306499537,69.2066350523782,121.22691276564751,38.692049937750845,8.384523367063025,7.103650152260432,1.2808732148025925,2.0412545897082683,0.5618552282837774,0.35698188663532954,0.08239746897548042,16.808028324711053,5.600946919683415,6.053215175352885,5.153866229674754,2.9505726453907344,157.69327404916487,0.29028800114342884,59.422681860077596,47.95055330394209,80.14572864321607,$\bar{R}_{micro}^{LAD}$,[mmHg*s/ml],5.755079545493928,12.047326897656166,11.982165967526864,11.89152827158537,11.92370863598876,2.2532665844097006,5.609524807908759,11.497996415183977,9.811028754570904,10.586316841462393,13.024511424481926,11.224843271215155,7.591087660794199,1.4878150669008858,0.32973629671978844,0.5510042246296888,6706.977301939215,1.645827723354592,0.2723719995002126,0.5577994244356728,0.49431925804791166
160.627254777975,112.53480123428383,138.70579022719647,175.4055591726343,95.80994807538193,161.23908285629565,32.27849565486885,14.520235632747779,22.87700360834115,34.24883877410138,95.80800893678713,199.80868433507428,138.78749994550333,69.20553297613137,121.22391202341524,38.69054378886747,8.38446737586712,7.10367306750751,1.2807943083596098,2.0412294298402487,0.5618897032928853,0.3569550995508276,0.08239218027015206,16.782616538442067,5.575020738070546,6.053493651922072,5.154102148449447,2.9505726453907344,157.6981119445812,0.29028800114342884,59.421045058146696,47.949872276882346,80.53266331658291,$\bar{R}_{micro}^{LAD}$,[mmHg*s/ml],5.755136059228543,12.04714412593545,11.982343593753344,11.89171043044541,11.923887897406194,2.25319849478796,5.60932196587934,11.497806661111646,9.810854284024508,10.58612289856369,13.024315909377421,11.224348451923099,7.590961025884087,1.487725579740318,0.32973629671978844,0.5510042207562627,6706.6963652767345,1.6459471601060314,0.27237450040078987,0.5578399036123594,0.49432380032761136
160.63197731119496,112.54202381235301,138.71152574046909,175.40959678929357,95.80605686804564,161.23686728973848,32.27744307647822,14.519886120541274,22.876311450559232,34.247601081398045,95.80412058541769,199.8033090833611,138.78488678932163,69.20446149761035,121.22091716586763,38.689051709805184,8.384418465495365,7.103702365899166,1.2807160995961993,2.041206725024758,0.5619243180236837,0.35692854076865244,0.08238694687207906,16.757452804735216,5.549338528085059,6.053775636344358,5.1543386403058,2.9505726453907344,157.702969297896,0.29028800114342884,59.41944821830645,47.94921616911093,80.91959798994975,$\bar{R}_{micro}^{LAD}$,[mmHg*s/ml],5.755193976460461,12.046969248800238,11.982525715017712,11.891896630935825,11.924071422464731,2.2531307022460703,5.60912104025741,11.497621952155042,9.810686495005156,10.585933723218814,13.02412494806412,11.223851650874503,7.590837955126037,1.4876369560134268,0.32973629671978844,0.5510042179629258,6706.423980763195,1.6460647108679298,0.2723769035813911,0.557879743594636,0.49432816428951176
160.63677129051814,112.54925959309321,138.71730308139485,175.41374849362748,95.8022948562338,161.23478371754717,32.2764443152847,14.519558389730193,22.875654406559907,34.24642693047072,95.80039027778207,199.79818550991118,138.78245415706908,69.20347401349153,121.21804815645864,38.6876257061892,8.384382202198783,7.103740610474017,1.2806415917247644,2.041187184833773,0.5619594047898112,0.3569032302894075,0.08238196959870812,16.73252915048957,5.52389508065905,6.054057983292798,5.154576086537723,2.9505726453907344,157.70789273745135,0.29028800114342884,59.417882821154336,47.94857872872414,81.30653266331657,$\bar{R}_{micro}^{LAD}$,[mmHg*s/ml],5.755257440419797,12.046806900782952,11.982710933487198,11.892086497685172,11.92425843185778,2.2530665987359195,5.608925736900084,11.497451855145037,9.810531212118022,10.585758289388783,13.023951605748756,11.223373969480997,7.590724446188468,1.4875519891857834,0.32973629671978844,0.5510042138487222,6706.160639936366,1.6461807410158231,0.2723792804190527,0.5579190682145787,0.4943324816275075
160.64144673972768,112.5563937669276,138.72296736076672,175.41766841179026,95.7985439589849,161.23262513122657,32.27539868933654,14.519213573548118,22.87496611306948,34.24517899663161,95.7964561903179,199.79282603951987,138.7798604503153,69.20241033093559,121.21509781560546,38.68614107308086,8.384334687406994,7.10377115765192,1.280563529755075,2.0411653427239376,0.5619936644516397,0.3568767036358292,0.08237676374428266,16.707827967026837,5.4986821602434475,6.054336720900651,5.154809085882738,2.9505726453907344,157.71269996790343,0.29028800114342884,59.41635192072005,47.94789587258201,81.69346733668343,$\bar{R}_{micro}^{LAD}$,[mmHg*s/ml],5.755315025987783,12.046628189912187,11.982890620562483,11.892270206798008,11.924439466696535,2.2529997930822603,5.608726807264972,11.497267314211458,9.810362118526536,10.585570322139585,13.023762678777373,11.22288601469999,7.590602614504276,1.4874639585442413,0.32973629671978844,0.5510042094713902,6705.8980771289425,1.6462953762160144,0.2723818586374532,0.5579579200626668,0.4943371646811277
160.64612653557808,112.56348136365118,138.7286213724428,175.421772469299,95.79476732851765,161.23055380991946,32.27440158338331,14.518886978600321,22.87430979539173,34.24402047944386,95.79276442915165,199.78771650576735,138.77741736841853,69.201406612609,121.21220567997275,38.68471609347798,8.384296320944799,7.103806985661861,1.2804893352829385,2.041145630334201,0.5620279410730594,0.35685150961841655,0.08237179740716818,16.683360419820783,5.473701629924543,6.0546162088340205,5.155042581062222,2.9505726453907344,157.7175094314499,0.29028800114342884,59.414772860889364,47.94727428920103,82.08040201005025,$\bar{R}_{micro}^{LAD}$,[mmHg*s/ml],5.755374515310592,12.046466627078528,11.983072848081491,11.892456556360553,11.924623192670676,2.252935368354231,5.608531038714953,11.497093993729232,9.810207672008648,10.585394062596967,13.023585394824105,11.222407701112964,7.590487866923938,1.4873792149832499,0.32973629671978844,0.5510042062352761,6705.633712996236,1.646410485977538,0.27238414404273553,0.5579969327477817,0.4943413152937508
160.65073891658074,112.57049645032644,138.73420079027667,175.42563953302076,95.79099844876107,161.22846140823046,32.2734003908487,14.518558782805146,22.87365208515143,34.24283007554076,95.78898462813589,199.7825782983689,138.77497321438906,69.20043888202368,121.20942708015838,38.683313407358966,8.38425284133022,7.103838281783595,1.2804145595466252,2.0411245739449373,0.5620617194630284,0.35682608908952207,0.08236682129528493,16.6591007514789,5.4489418960026645,6.05488719474141,5.155271660734828,2.9505726453907344,157.722248843057,0.29028800114342884,59.41320633595719,47.94661548770189,82.46733668341709,$\bar{R}_{micro}^{LAD}$,[mmHg*s/ml],5.755433955024403,12.046301564044526,11.983251928376102,11.89263986693167,11.924803788366212,2.2528717527064193,5.60834167002653,11.496922598205089,9.810049553186984,10.585217388007038,13.02340972543273,11.22194452735571,7.590374407209502,1.4872953769880672,0.32973629671978844,0.5510042024502786,6705.369891413275,1.6465247402909489,0.27238666342937656,0.5580356555067653,0.49434589104419063
160.6552988395655,112.5774289921208,138.73971720798033,175.4294717767659,95.7872865567684,161.22639313846375,32.27241021121527,14.518232439626502,22.87300174190416,34.241653920563955,95.78526747747766,199.77750524875665,138.77253336560813,69.1994415153889,121.20664699030313,38.68190474765332,8.384210146585602,7.103869388683682,1.2803407579019204,2.0411038128666092,0.5620951256226924,0.3568010138804641,0.08236189583576368,16.635056961690374,5.424404225501556,6.0551544757569555,5.155498260431859,2.9505726453907344,157.7269358873424,0.29028800114342884,59.41166622421725,47.945972374722004,82.85427135678393,$\bar{R}_{micro}^{LAD}$,[mmHg*s/ml],5.755492007915097,12.046134973001347,11.983424988844465,11.892817474920651,11.92497855706168,2.252808256570304,5.608151582203052,11.49675066000115,9.809891086568943,10.585040914169694,13.023233735727338,11.221480113378458,7.590260004742472,1.4872115757712003,0.32973629671978844,0.5510041991569279,6705.110058973787,1.646637477238333,0.27238908848535875,0.5580738640042108,0.4943502951558839
160.65987499804035,112.58432987542093,138.7452331567368,175.43348398073854,95.78372501534113,161.2244169456839,32.27145853937048,14.517914633300427,22.87237350062749,34.240542379872736,95.78176368922902,199.772649987817,138.77015367056393,69.19844339768801,121.20388673120888,38.6805378946863,8.384177048069898,7.103906981783324,1.2802700662865727,2.041085571090675,0.5621286491464487,0.35677702530757927,0.08235714797964541,16.611241989563563,5.400091747009088,6.055425107779235,5.155725134775242,2.9505726453907344,157.73163925836056,0.29028800114342884,59.41018539866106,47.94538376252716,83.24120603015075,$\bar{R}_{micro}^{LAD}$,[mmHg*s/ml],5.755550847946721,12.045978890007945,11.983601323375385,11.892998326957965,11.925156647596232,2.252746848725351,5.607964671677265,11.496584984059297,9.809738758461707,10.58486925979211,13.023062934540933,11.221021461867654,7.590146833499127,1.4871304880359308,0.32973629671978844,0.5510041956412263,6704.860751073879,1.6467478084935367,0.27239120036107184,0.5581112571710511,0.49435413108620524
160.66435684577283,112.59115072768405,138.75065741469857,175.43718541257073,95.78012398417741,161.22237237980903,32.270488858689816,14.517592887661797,22.87173603480927,34.239377674688896,95.77810026124429,199.76768492002648,138.7677519124497,69.19745078991555,121.20117958429617,38.679149021979775,8.38413495683871,7.103937255345875,1.2801977014928336,2.0410650340956336,0.5621614924677301,0.35675243062511064,0.08235232607929328,16.587626058842964,5.375991037084598,6.055687591630672,5.155947430127694,2.9505726453907344,157.7362470605475,0.29028800114342884,59.408705237594305,47.944741562974706,83.62814070351759,$\bar{R}_{micro}^{LAD}$,[mmHg*s/ml],5.755607152755062,12.045817125874214,11.983774556270703,11.893175650941048,11.925331303979418,2.2526849793445143,5.607780702259355,11.496416101346632,9.809580686185372,10.58469547104089,13.022888283041961,11.220569836983353,7.590033977089891,1.487048031554685,0.32973629671978844,0.5510041918753058,6704.6086788924185,1.6468578291525813,0.2723936436626242,0.5581485450714918,0.49435856873529527
160.66872156172317,112.59786501295774,138.75596537684777,175.44088244870693,95.77646459637161,161.220269920102,32.26947834167023,14.517262485355104,22.871071654707084,34.238184413275846,95.77431595986697,199.76249881520175,138.76526722195527,69.1964510999095,121.1983032132902,38.67772820254293,8.384083064357851,7.103960732994161,1.2801223313636905,2.041042578272042,0.562193492050788,0.3567268219316953,0.08234729650882924,16.564224135783114,5.352106404868576,6.055950976269738,5.156166754644801,2.9505726453907344,157.740736359779,0.29028800114342884,59.407210175145345,47.94409187305311,84.01507537688443,$\bar{R}_{micro}^{LAD}$,[mmHg*s/ml],5.75566097526147,12.045647413230894,11.98394093095471,11.893345603144327,11.925498861972784,2.2526200617278342,5.607588275095625,11.496238031590266,9.809421453072925,10.58451534816507,13.022706403904001,11.220099044855452,7.589918077823223,1.4869635981335352,0.32973629671978844,0.5510041882827774,6704.352521746013,1.646967624296239,0.2723960872669533,0.5581857565408753,0.4943630067783779
160.6731336463667,112.60456546011585,138.76130367022844,175.44474975799284,95.77288594506352,161.21829111738322,32.26854926061388,14.516952171259748,22.870458567641688,34.23710656609699,95.77090248443636,199.75776277408318,138.76295313707604,69.1954934402556,121.1956185992203,38.6764086076648,8.384046465728261,7.103993056750922,1.2800534089773385,2.0410234024435114,0.5622258076178392,0.35670343760533163,0.08234266360496863,16.541032978448293,5.328434359178728,6.0562122547090285,5.156386364560539,2.950572645390734,157.74526985951206,0.29028800114342884,59.405719587569116,47.943519768365064,84.40201005025125,$\bar{R}_{micro}^{LAD}$,[mmHg*s/ml],5.7557167580921424,12.045492331791044,11.984110444152371,11.89351955978672,11.925670122529876,2.2525600944558075,5.607405792807768,11.49607509012736,9.809274178287456,10.58434818631253,13.022539811540405,11.2196498222462,7.589808446799485,1.486884874215158,0.32973629671978844,0.551004185201847,6704.102016154447,1.6470765008584647,0.27239813231493676,0.5582226566871558,0.49436672103525003
160.67751258093386,112.61121930754373,138.7665980371312,175.44840201823578,95.769291042088,161.2163115342155,32.26761271112031,14.516641979811851,22.869843565432195,34.23599100518824,95.76738028244078,199.7529694416647,138.76064442459872,69.19455265509895,121.19300805098352,38.67505991504282,8.384006919707552,7.104023285049652,1.2799836346578992,2.041003610918225,0.5622578870694388,0.3566797292855627,0.08233800838025,16.51803800838078,5.304967236992329,6.056467157378694,5.156603614009754,2.9505726453907344,157.7497701061205,0.29028800114342884,59.40421917031799,47.94290695658891,84.7889447236181,$\bar{R}_{micro}^{LAD}$,[mmHg*s/ml],5.755773042508336,12.04533726226918,11.984279376078984,11.893692695925433,11.925840576270407,2.2525002081245846,5.607227146254825,11.495913365492239,9.809123687085414,10.5841814098211,13.022373581411587,11.219215441917061,7.589700194517554,1.4868049033031459,0.32973629671978844,0.5510041820674395,6703.85037294616,1.647185317857201,0.2724004496188879,0.5582595366463413,0.4943709294488581
160.6818813803973,112.61782490889192,138.77186741770439,175.4520873963696,95.76590250451247,161.21439800290017,32.26668134235267,14.51633489079124,22.86923092028751,34.23487885676685,95.76387300690666,199.7481930339421,138.758347915002,69.1936125188074,121.19038823026806,38.67373810512826,8.383971206496975,7.104057114136007,1.2799140923609678,2.0409853545714154,0.5622898950773683,0.35665609481796207,0.08233337362145578,16.49525334912595,5.281709363340197,6.05672414646666,5.156819839319095,2.9505726453907344,157.75426020234687,0.29028800114342884,59.40282238487761,47.94229752588252,85.17587939698493,$\bar{R}_{micro}^{LAD}$,[mmHg*s/ml],5.755829276627023,12.045183154141979,11.9844493942448,11.893866620753736,11.926011985074558,2.252440762363598,5.607048666992703,11.495751533820332,9.808973995494155,10.584015426087689,13.022208575065193,11.218777420688435,7.589592538227032,1.4867262185073216,0.32973629671978844,0.5510041781244248,6703.6131753158725,1.6472904872891845,0.2724027580731795,0.5582951803821931,0.4943751225270509
160.68617281340656,112.6243465000378,138.77706090720557,175.4556399588558,95.7623346793848,161.2124618257446,32.265730795358046,14.51602737947517,22.86860746033253,34.233742486647515,95.76026266543272,199.74331540504062,138.7560342633959,69.19266508732616,121.18767097795475,38.67238365900827,8.383929952894697,7.104086758081653,1.279843194813044,2.04096597840699,0.5623213216262025,0.35663199221487946,0.08232865608310595,16.472670564137843,5.258655780695969,6.056980911151907,5.157033872289968,2.9505726453907344,157.75866860692247,0.29028800114342884,59.401322698548455,47.9416607615877,85.56281407035176,$\bar{R}_{micro}^{LAD}$,[mmHg*s/ml],5.755883244326016,12.04502692994742,11.984613505473153,11.894034542451042,11.92617742485589,2.252379812655384,5.606865799989307,11.495586979283466,9.80882671112365,10.583848196865173,13.02204068200854,11.218331274912527,7.589484497160958,1.4866458416742538,0.32973629671978844,0.5510041749857061,6703.363427556936,1.647397895374035,0.2724052229183022,0.5583315828361431,0.49437959871242143
160.69038535385405,112.63079610377719,138.78216820205324,175.4593280616832,95.75896620818628,161.21048639296134,32.264810221214574,14.515718181817931,22.867999602948466,34.232669995142864,95.75688399327818,199.7386105987839,138.7537252987468,69.19172649718399,121.18507069870338,38.67109220542774,8.383887738446036,7.10411301726162,1.2797747211844166,2.0409457422578656,0.5623522322387273,0.3566087516930792,0.08232406179652099,16.45027180269081,5.235798288518468,6.057229730529087,5.157243783643258,2.9505726453907344,157.76300451761827,0.29028800114342884,59.399961101021304,47.94109847175496,85.9497487437186,$\bar{R}_{micro}^{LAD}$,[mmHg*s/ml],5.755936520288649,12.044871256785452,11.984774989969676,11.894200055051403,11.926340418372703,2.252320698459031,5.606689380209554,11.495425087908423,9.80867595668688,10.583680937470636,13.021872725295573,11.217897830719632,7.589375523813795,1.4865687932214557,0.32973629671978844,0.551004171546596,6703.127634573039,1.6475011245905802,0.27240723252001486,0.5583665689994923,0.49438324896053637
160.69459459692408,112.63719280123973,138.78726574643866,175.46289508767677,95.75547264190777,161.20858681443866,32.26389801133384,14.515417293297922,22.86740064451065,34.23159647985638,95.75347908525009,199.7339430446607,138.75147631831067,69.19080794812395,121.18250986980834,38.669790124246724,8.383849391239078,7.104142492363582,1.2797068988754958,2.0409268805599607,0.5623830756853981,0.35658571771736775,0.08231952572795584,16.42806939823292,5.213138974260687,6.057476843502801,5.157453580469433,2.950572645390735,157.76733088801242,0.29028800114342884,59.39849392273901,47.94051407869093,86.33668341708542,$\bar{R}_{micro}^{LAD}$,[mmHg*s/ml],5.755989034016155,12.044719648753246,11.984936771678933,11.89436584807728,11.926503671735535,2.2522620128119457,5.606514899294876,11.495266761618662,9.808531491879892,10.583518490983998,13.0217109795177,11.217471986292026,7.589269970926602,1.4864914026655693,0.32973629671978844,0.5510041692035414,6702.8830849335445,1.6476064138705417,0.2724094132876237,0.5584022533538925,0.49438720886882326
160.69871973744347,112.64353447978712,138.79227406954388,175.46639206502078,95.75211244830345,161.2066126110123,32.262975848089695,14.51510780235082,22.866791198157635,34.23050331101015,95.75004734045098,199.72923921280517,138.74915478442415,69.18986120775924,121.17988221452532,38.66849543578376,8.383803846082351,7.104165578567229,1.2796382675151232,2.0409060150540763,0.5624133258269113,0.35656241634660946,0.08231492817173339,16.406059584635553,5.1906762088791725,6.057723643089403,5.157659732666978,2.9505726453907344,157.77157392102367,0.29028800114342884,59.39713693963101,47.93992492928506,86.72361809045226,$\bar{R}_{micro}^{LAD}$,[mmHg*s/ml],5.756040011787885,12.044562109098564,11.98509526153819,11.89452796543741,11.926663437999984,2.2522030810460216,5.60633765961653,11.49510222817396,9.808380317524415,10.58335012939716,13.021541232300203,11.217038474026943,7.589160165841625,1.4864143504090905,0.32973629671978844,0.5510041649631842,6702.647871381241,1.6477085453984581,0.2724115681428755,0.5584368674916179,0.49439112345199226
160.70287207379027,112.649850684107,138.7972989906435,175.4698181046493,95.7486515240868,161.2047307586629,32.2620817596416,14.51481652035371,22.86620524637768,34.22943224094768,95.74665134703771,199.72465706578723,138.74699126959433,69.18897658112732,121.17731601445544,38.66720270791739,8.383765550701963,7.104193935630049,1.2795716150719127,2.0408871475604413,0.562443720581855,0.35653975722639775,0.08231049280283508,16.384243880991438,5.16840767123761,6.057969968570916,5.157866241182912,2.9505726453907344,157.77583712329644,0.29028800114342884,59.3956834104519,47.93932444480291,87.1105527638191,$\bar{R}_{micro}^{LAD}$,[mmHg*s/ml],5.756093155732387,12.04441673958061,11.985255703781792,11.89469210109821,11.926825180598282,2.252145692938414,5.606164513836434,11.494948686508376,9.808242783248836,10.583193970898304,13.021384539255939,11.21661379993083,7.589059514791267,1.4863376402242234,0.32973629671978844,0.5510041619072558,6702.405606686076,1.6478126282917511,0.2724138899016873,0.5584721429807524,0.49439533988046286
160.70700824495245,112.65610587640116,138.80229117172195,175.47353689989953,95.74542457440805,161.20292635798276,32.261194465214956,14.514525416939442,22.865620041588752,34.22841335483835,95.74339231707347,199.72009885241033,138.74481314596545,69.18808185636055,121.17476059095875,38.66594092511886,8.383732598157348,7.104227078498026,1.279505519659323,2.0408703039314173,0.5624740369214387,0.35651730980705415,0.08230607216828037,16.362619516498867,5.146330902240134,6.058216084704759,5.15807252955398,2.9505726453907344,157.78008921219734,0.29028800114342884,59.39434645360379,47.93878676568559,87.49748743718592,$\bar{R}_{micro}^{LAD}$,[mmHg*s/ml],5.756146046616077,12.04426808416919,11.985414506550393,11.894854800711773,11.926985453260903,2.2520885626753633,5.605990790686418,11.494795521886978,9.80810391289635,10.583036681853217,13.021228119600647,11.216190324900111,7.588957387051209,1.4862625519489103,0.32973629671978844,0.5510041587124731,6702.179720208564,1.6479125755986321,0.27241584627837856,0.5585060168482666,0.4943988933131293
160.71106735212499,112.66229615124138,138.807204744439,175.4769036174339,95.74215962473798,161.2010597875666,32.26032021307817,14.514234050463111,22.865044878052633,34.22736452453109,95.74010619685656,199.71562927087615,138.7426227392684,69.18717211373486,121.17231651956531,38.66469506305901,8.383693848367999,7.104253470771703,1.2794403775962953,2.040851270327966,0.5625037990914256,0.3564951846241807,0.08230171683772794,16.341163248771966,5.124436552423409,6.0584530525343245,5.158273643814235,2.9505726453907344,157.78426346328348,0.29028800114342884,59.39300879963727,47.93821422308585,87.88442211055276,$\bar{R}_{micro}^{LAD}$,[mmHg*s/ml],5.756198436652392,12.044123035945669,11.985570475262062,11.895014663995548,11.927142837077518,2.252032652056447,5.605825022818958,11.494641657813856,9.80795925430631,10.582878334460654,13.021069321318468,11.215782696411514,7.588853798064804,1.486188425537346,0.32973629671978844,0.5510041552927175,6701.951173731659,1.6480123707436716,0.27241798769638625,0.5585398391455062,0.49440278277332755
160.71508347510357,112.668414864705,138.81207130475795,175.480436732819,95.73887284058269,161.1992307606233,32.25943940963174,14.513942575233,22.864463840881566,34.226345394294405,95.73686826725148,199.71112985849499,138.74043541813472,69.18629183313273,121.16977588012034,38.66346597600494,8.38365622403243,7.1042812153087525,1.2793750087236777,2.040833118601039,0.562533229085446,0.3564730032505817,0.08229732549888086,16.31990085429921,5.102732145078017,6.058693988819215,5.158474720401978,2.9505726453907344,157.7883910169121,0.29028800114342884,59.3916437372784,47.93767294546162,88.2713567839196,$\bar{R}_{micro}^{LAD}$,[mmHg*s/ml],5.756247829767765,12.043975095104711,11.98572399852938,11.895172019616153,11.92729782527094,2.2519757523172617,5.605653541166546,11.494487469557631,9.807821244467938,10.582719984260661,13.020910751687735,11.21535964724615,7.5887507465003345,1.4861150829521992,0.32973629671978844,0.5510041525204611,6701.721098840788,1.6481120608099251,0.27241993250678204,0.5585736258297315,0.4944063148356508
160.7191513009521,112.67455982717077,138.81697254286306,175.4838016885751,95.73569007374564,161.1974604282361,32.25858753978127,14.513663109187277,22.86390506044583,34.22531837856794,95.7336291826507,199.70675377385405,138.73835172850383,69.18543097689177,121.16740645517947,38.66223757729706,8.383624556202928,7.104313224834287,1.2793113313686415,2.040816326387742,0.5625630333009922,0.35645134757796904,0.08229309606782026,16.29881416043558,5.081208908204854,6.058930038791704,5.158675213439022,2.9505726453907344,157.79257094503413,0.29028800114342884,59.39032154688718,47.937101461805604,88.65829145728642,$\bar{R}_{micro}^{LAD}$,[mmHg*s/ml],5.756300972103994,12.043835186036299,11.98588180257359,11.895333706700574,11.927457037127875,2.251921515784599,5.605491001937502,11.494341199213526,9.807684493389823,10.582569556964106,13.02076235509623,11.214962996823845,7.588653404009603,1.48604214603678,0.32973629671978844,0.5510041491196728,6701.498305162195,1.6482105140046077,0.2724221483751581,0.5586069933168315,0.4944103393965381
160.72312537534765,112.68062754143867,138.821782023051,175.48717466029527,95.73233101824806,161.19563389437985,32.2577104022621,14.513376018761301,22.86332930976305,34.22428746929241,95.73034024374454,199.70225513829755,138.73622210517982,69.18457904791542,121.16497562124341,38.66101179113518,8.383584556783939,7.104338565802388,1.2792459909815508,2.0407975169200365,0.5625921439752434,0.3564291433171314,0.08228873919569415,16.277904654738457,5.05986651799629,6.0591648067245645,5.158873330017602,2.950572645390734,157.79665349973283,0.29028800114342884,59.38891067048051,47.936534405908176,89.04522613065328,$\bar{R}_{micro}^{LAD}$,[mmHg*s/ml],5.756351676172796,12.04369217417049,11.986036169745994,11.895491550067495,11.92761264162494,2.251865591824462,5.605325547208763,11.494190398923708,9.807548205878051,10.58241572826618,13.020607548243714,11.214560160115264,7.588554602947933,1.485969023729281,0.32973629671978844,0.5510041463703199,6701.263171277365,1.6483109919224086,0.27242429529493334,0.5586410470175455,0.49441423824030883
160.72694096070737,112.68652356844181,138.82643943438364,175.4903901407834,95.72920078978288,161.1937505531294,32.256827292314796,14.513081327242318,22.862746069234863,34.22323933593785,95.72705476145059,199.69774578341642,138.73398614652154,69.18364687944269,121.16240266774636,38.65974815811523,8.383537906830743,7.104357606224179,1.2791803006065643,2.040777238757582,0.5626201621465554,0.35640683897536696,0.0822843401329926,16.257162886518543,5.038701240729744,6.0593959790157585,5.159065666773042,2.9505726453907344,157.80058273930112,0.29028800114342884,59.3876626490123,47.93597162847899,89.4321608040201,$\bar{R}_{micro}^{LAD}$,[mmHg*s/ml],5.756396230559872,12.04353653505104,11.98617913085988,11.895637867621927,11.927756734149215,2.2518085688688854,5.60515357728349,11.494030564389183,9.807402423075624,10.582253333505662,13.020442257068105,11.21413984207474,7.588448326038453,1.485894244977571,0.32973629671978844,0.5510041428588586,6701.044055284801,1.6484059350482227,0.2724263623037762,0.5586732248817178,0.49441799274013637
160.73093022784502,112.69252433090415,138.8312336408625,175.49380442463095,95.72608186397544,161.19206025232887,32.25601496578446,14.512812031954157,22.8622122149006,34.22227855989615,95.72401759277254,199.6935882552966,138.73199661823594,69.18284006363936,121.16012168207679,38.65858487262135,8.383510976681777,7.104391164677955,1.279119812003822,2.0407616600027962,0.5626493825492181,0.35638629281976525,0.08228029742569092,16.236604247000543,5.017714804968902,6.059627370664774,5.159262071366868,2.950572645390734,157.80468047433652,0.29028800114342884,59.386350490294944,47.935448718761556,89.81909547738694,$\bar{R}_{micro}^{LAD}$,[mmHg*s/ml],5.756450365776831,12.043407612667853,11.986335730278155,11.895798291366505,11.92791478069957,2.2517566276489736,5.604997371526403,11.493891476875886,9.807274066547237,10.582109982153176,13.020301352951318,11.213754771731256,7.588355201938353,1.4858249602372573,0.32973629671978844,0.5510041398814783,6700.825730478281,1.6485024499234529,0.2724283126400899,0.5587059354388977,0.49442153501548924
160.73483725177024,112.6984422969236,138.83594768152741,175.4971110815694,95.72285923269905,161.19034027459145,32.255180488631524,14.512539240604806,22.86166358996355,34.22129420179007,95.7208667256162,199.68930458594718,138.72995118073635,69.18200317588945,121.15777370891104,38.657392184024715,8.383477552031891,7.104419966018972,1.2790575860129199,2.0407447472573845,0.5626780031568316,0.35636514846239387,0.08227614666480931,16.21621539797685,4.996902277630856,6.059857196626399,5.159455923719599,2.9505726453907344,157.8086939937196,0.29028800114342884,59.384984900232205,47.93489912947116,90.20603015075378,$\bar{R}_{micro}^{LAD}$,[mmHg*s/ml],5.7565003895423015,12.04326978981263,11.986488138089516,11.8959541462181,11.928068413685958,2.251703143688849,5.604837247200567,11.493748316328718,9.807142409282362,10.581962383437865,13.020154897786671,11.213366341451852,7.588259450943779,1.4857540111907175,0.32973629671978844,0.5510041370485901,6700.6001462889335,1.6485998773823918,0.2724304076757868,0.5587389552864486,0.49442533977156444
160.7385841886233,112.70422422672296,138.8405158511515,175.50039584328738,95.71978262452924,161.18851572951044,32.2543182466935,14.512255081267831,22.86109501603024,34.2202918088647,95.71770463794088,199.6848969776121,138.7278089856023,69.18110940092875,121.15524126777404,38.65617447756538,8.383434064304822,7.104440501961282,1.2789935623435396,2.0407256161793774,0.5627054821788672,0.3563434173850074,0.0822718518603339,16.19599308969282,4.976261935910479,6.060085970483294,5.1596451832990455,2.9505726453907344,157.81254733045307,0.29028800114342884,59.383748396291516,47.93437364903585,90.5929648241206,$\bar{R}_{micro}^{LAD}$,[mmHg*s/ml],5.756544862283133,12.04312143467676,11.986629406082027,11.896098727915254,11.928210849602245,2.2516473528843592,5.604668526600249,11.493595679746678,9.807006870970147,10.581807050127093,13.019997917581586,11.212951112811401,7.588158271866332,1.485681692408273,0.32973629671978844,0.551004134015187,6700.384783717047,1.6486931228154698,0.2724322960719653,0.5587705577732485,0.4944287696840699
160.7423547082906,112.70998468895189,138.84509070117443,175.5033883193935,95.71660228853031,161.18676000799348,32.25351049948591,14.511981730327904,22.86056341212037,34.21930783524753,95.71464442965728,199.6807986814086,138.72575639780428,69.18027233701712,121.15301035919393,38.65504137122924,8.383396639630911,7.104463027686165,1.2789336119447456,2.0407071352226915,0.5627331199342861,0.3563230607421279,0.08226783842240284,16.175921822603026,4.95578562524509,6.06030417084044,5.1598320265174955,2.9505726453907344,157.816422831198,0.29028800114342884,59.38242215662353,47.9338249154193,90.97989949748744,$\bar{R}_{micro}^{LAD}$,[mmHg*s/ml],5.756592226115799,12.042986279947927,11.98677271445858,11.896246074579377,11.92835573248643,2.2515959423340015,5.60451576926413,11.49345124386855,9.806871596819231,10.58165846337131,13.01984836300583,11.212576442458515,7.5880606212449315,1.485613933506322,0.32973629671978844,0.5510041311482087,6700.162160197122,1.6487883925870308,0.2724343603480844,0.5588028463433027,0.4944325186462262
160.74618888974584,112.71576826645895,138.8497074559257,175.50677577728553,95.71370003159133,161.1851149522202,32.25269021971475,14.51171624781407,22.860024302568526,34.218350946158566,95.7115868454826,199.67656145906713,138.723774361248,69.17946694344589,121.15066886167763,38.653862706735005,8.383367476432275,7.1044952273866935,1.278872249045582,2.0406921133529017,0.5627612311132338,0.3563021949496754,0.08226375994690263,16.156038501455804,4.93548483563433,6.0605314354062765,5.160022230415196,2.9505726453907344,157.82036462006957,0.29028800114342884,59.381227640011026,47.933310823315175,91.36683417085428,$\bar{R}_{micro}^{LAD}$,[mmHg*s/ml],5.756642595234835,12.042852302860561,11.986920846785207,11.896397633386526,11.928505077373671,2.251543297893143,5.604357342590924,11.493311593669263,9.806743657591673,10.581515460177009,13.019706166723475,11.212187587915764,7.587968774625469,1.4855439638728274,0.32973629671978844,0.5510041279679584,6699.959002211393,1.6488795707195445,0.27243630935355995,0.5588337481862572,0.4944360586884795
160.74982517981852,112.72140835519049,138.85414581049,175.50984681054345,95.71058503399728,161.1832934957447,32.2518616149967,14.511437449599844,22.859477295045313,34.217374641932295,95.70852389892634,199.67234430891622,138.72166959403071,69.17860065194071,121.14830724945564,38.65269748210084,8.383322012712377,7.104511217628429,1.278810795083949,2.0406719235374027,0.5627879210269994,0.3562813474465808,0.08225962616478054,16.136296597723625,4.915343310078792,6.060748467176527,5.160204820468305,2.9505726453907344,157.82410702603823,0.29028800114342884,59.379966098362466,47.932789205326394,91.7537688442211,$\bar{R}_{micro}^{LAD}$,[mmHg*s/ml],5.756685793328762,12.04270935458122,11.987057652437178,11.896537947990614,11.928643181207173,2.2514898931237437,5.604198031432977,11.493161094799314,9.806606855122885,10.581362661465311,13.01955233967694,11.211798495445494,7.587868669288189,1.4854746084950534,0.32973629671978844,0.5510041250560284,6699.74095237981,1.6489723364451034,0.27243818206092724,0.5588651880918986,0.4944394600189692
160.7537216340159,112.72718415610979,138.85879789122865,175.5132022084765,95.70769145097184,161.18179087349918,32.25109472730588,14.511188787339304,22.858975082017622,34.21646607449321,95.70562469297704,199.66839386683526,138.7198456412636,69.17785646947243,121.14616195222676,38.651585304081074,8.383305635053402,7.104552156590868,1.278753478462533,2.040660060081948,0.5628164263371047,0.35626185460887105,0.08225581956289035,16.11674326765218,4.895373806923028,6.060973991774726,5.160395468954425,2.9505726453907344,157.82810388522768,0.29028800114342884,59.37872444045892,47.93228554580649,92.14070351758795,$\bar{R}_{micro}^{LAD}$,[mmHg*s/ml],5.7567392740566365,12.042586821437265,11.987213754603992,11.89669751630166,11.92880053915219,2.2514410063937125,5.604049170372471,11.49303611043828,9.806490287035675,10.581231874440904,13.019423106944958,11.211434318702823,7.587784457463071,1.485408558906301,0.32973629671978844,0.5510041221635001,6699.538401568028,1.6490639518358694,0.27244013043802506,0.5588962381292223,0.4944429986626916
160.75737381341995,112.73277177364322,138.8632283237629,175.5162755777314,95.70466371835064,161.18008947175542,32.25028895501141,14.510922142738984,22.858445999154114,34.215511064016496,95.70261767321585,199.66427446642848,138.71784894125022,69.17704000525542,121.14386144908593,38.6504388138524,8.383268400767593,7.104574795327487,1.2786936054401064,2.0406424764821587,0.5628432126753565,0.356241523338167,0.08225181220659165,16.097329042772866,4.875560341735582,6.061190956682238,5.16057774435505,2.9505726453907344,157.83185962731142,0.29028800114342884,59.377472758582606,47.93176842926263,92.52763819095478,$\bar{R}_{micro}^{LAD}$,[mmHg*s/ml],5.756784866671423,12.042454733553564,11.987352529499242,11.896839727979753,11.92894056681846,2.2513888798361164,5.603894605914452,11.492894379698654,9.806361218753397,10.58108740686884,13.019278957703172,11.211053972488745,7.587690572967669,1.4853403475434739,0.32973629671978844,0.5510041200045537,6699.326460284545,1.6491553650070279,0.27244205340994676,0.5589272196308306,0.49444649054111467
160.7610439575932,112.73835404265141,138.86766300570534,175.5194896314455,95.70166390285785,161.1784415600408,32.24949892961184,14.510661746593806,22.857924222935353,34.214595089664506,95.6996877070575,199.6602310164651,138.71590330735245,69.1762518600618,121.14161017570986,38.64932449687381,8.383235727807584,7.104600908125676,1.2786348196819086,2.040626203686263,0.5628701004298651,0.35622155853259446,0.08224788036249038,16.07807742226912,4.855908378913553,6.06140827207066,5.1607607712849095,2.950572645390734,157.83562949920346,0.29028800114342884,59.37621866582442,47.93127165077034,92.9145728643216,$\bar{R}_{micro}^{LAD}$,[mmHg*s/ml],5.756832094770632,12.04232341809828,11.98749321624334,11.89698402881376,11.929082651191925,2.2513385713519973,5.603742276578316,11.492758546596486,9.80623805113013,10.580946895305948,13.019137856778357,11.210679583764833,7.5875993083648146,1.4852739518026667,0.32973629671978844,0.5510041166373743,6699.116473200049,1.6492464505049236,0.2724438817473291,0.5589580900783142,0.49444981175454505
160.76461330842127,112.74384784727857,138.87200471919635,175.52256600789875,95.6987256842628,161.17673167197378,32.248706822845946,14.510400243391306,22.85740249787336,34.213666703732194,95.69675325469201,199.65617635479884,138.7139432340923,69.17546580012782,121.13931492151842,38.64821426514209,8.38319725273481,7.104621338049237,1.2785759146855726,2.040608324795585,0.5628962841675195,0.3562015543280599,0.08224393944656314,16.058976684512132,4.836413592130208,6.061623302968977,5.160939789412949,2.9505726453907344,157.83930057593278,0.28985921532194664,59.37502559552358,47.930775296745225,93.30150753768845,$\bar{R}_{micro}^{LAD}$,[mmHg*s/ml],5.756876077187211,12.042190739538444,11.98763008778263,11.897124092916762,11.929220694286094,2.2512873813714065,5.6035874530376475,11.492618857375438,9.806112831368626,10.58080501839665,13.018996291030005,11.210305420704902,7.587507513980492,1.485207531402775,0.32973629671978844,0.5510041139653974,6698.910797898396,1.6493354477539162,0.2724457079591062,0.5589882527821985,0.49445312848647005
160.7681967511624,112.7493195936027,138.8763445445651,175.52549510210258,95.69582495646259,161.17507751936026,32.24791960376933,14.510137776298532,22.856885276120423,34.2127167769055,95.69377413571348,199.65214889257118,138.71199145175356,69.17467212199693,121.13714683489566,38.64709907645656,8.383161366024723,7.104644150968667,1.278517215056055,2.0405913132386626,0.5629225692689256,0.35618160793623493,0.08224002420037285,16.040021825076934,4.8170716682981904,6.061832505540769,5.161117651237977,2.9505726453907344,157.84298577843438,0.28985921532194664,59.37383522894082,47.930250020601775,93.68844221105527,$\bar{R}_{micro}^{LAD}$,[mmHg*s/ml],5.756921429637314,12.042055863001169,11.98776878053858,11.897265985199816,11.9293604778857,2.251237320082417,5.603438608826073,11.492480142760282,9.805984062030342,10.580663566103032,13.018854217211413,11.209940810903095,7.587416093420341,1.4851412480615018,0.32973629671978844,0.551004110793087,6698.707746952381,1.6494239518834393,0.2724477036919247,0.559018248359383,0.49445675332581007
160.7718041058853,112.75476768072352,138.8806928086704,175.52854339700306,95.69286549820542,161.17351460192083,32.24715268928209,14.509885764438302,22.85638053875707,34.21181167243462,95.69088034425492,199.6482186380949,138.71009341810208,69.17387613250023,121.1349966155203,38.645993687452204,8.383132130024219,7.104672031817137,1.278460098207082,2.0405762087825607,0.5629490074032676,0.3561622056852512,0.08223620822006668,16.021225333760324,4.797886167072251,6.062042876221618,5.161296290466453,2.950572645390735,157.84669234954552,0.28985921532194664,59.37257478969499,47.92974412544852,94.07537688442211,$\bar{R}_{micro}^{LAD}$,[mmHg*s/ml],5.756968275083975,12.041931821873963,11.987906339191683,11.89740719394953,11.929499412668749,2.2511882189560803,5.603293452614205,11.492348592792812,9.805860866062575,10.580526655236048,13.018717003945076,11.209579241769042,7.587326408011183,1.485075765758633,0.32973629671978844,0.5510041081419254,6698.5005848743795,1.6495136970530546,0.2724496210148501,0.5590486645464765,0.4944602353938778
160.77537779935952,112.76018864422537,138.88500589017937,175.5316290874484,95.690125887414,161.17193284631824,32.246383820502054,14.509633490060503,22.855875157955204,34.210902501154266,95.68802589614066,199.6442769507503,138.7082026635328,69.17310193736355,121.13277325045345,38.64488953321468,8.383102520436637,7.1046996736124255,1.2784028468242108,2.0405612611974915,0.5629751914904862,0.3561427548959483,0.08223238608950323,16.00258627406826,4.778856232150984,6.062256385579601,5.161473656337674,2.9505726453907344,157.85036321799603,0.28985921532194664,59.371457671018376,47.92926066182487,94.46231155778895,$\bar{R}_{micro}^{LAD}$,[mmHg*s/ml],5.757013387277474,12.041804700684182,11.988044456889654,11.897548431071352,11.929638639910552,2.251138711907743,5.603143307207908,11.492214497968195,9.805739636585564,10.580390047887144,13.018582082176142,11.209216335701893,7.5872377943095435,1.4850102966321914,0.32973629671978844,0.5510041052318624,6698.30881211898,1.6495992847132193,0.27245141603271616,0.5590776716818536,0.4944634957267127
160.77891671091078,112.76555477751712,138.88927847521666,175.53464800359208,95.68730163183403,161.17036825392623,32.245628524190884,14.509385557186654,22.855378707332452,34.210010188174536,95.68519679725298,199.64040350425753,138.70635070505296,69.17234838636803,121.13063593026122,38.64381823733647,8.383072876194902,7.104726300729471,1.278346575465431,2.0405461390242188,0.5630011376950783,0.35612363432382005,0.08222863212554218,15.98408883077245,4.759974474148662,6.062465051626693,5.161649304997091,2.9505726453907344,157.8540006523738,0.28985921532194664,59.37028168917335,47.92877349359414,94.84924623115577,$\bar{R}_{micro}^{LAD}$,[mmHg*s/ml],5.757058496048913,12.041679143588762,11.98818154766585,11.897688804643165,11.929776933729139,2.251090311356241,5.602998019127006,11.492084544172407,9.805620636377927,10.580256428929413,13.018446989121951,11.208855747404357,7.587151184534939,1.4849464572543871,0.32973629671978844,0.5510041025959779,6698.111114228383,1.6496859871723841,0.27245325182952473,0.5591070566418546,0.49446682982195556
160.78228190172487,112.77078662409106,138.89339406288317,175.53744320512175,95.68429028161316,161.16866287934158,32.244851099946835,14.509124898710976,22.85486665180612,34.20909493841908,95.68231110421152,199.6364456438436,138.70438721142338,69.17153189688781,121.12846652641136,38.64271861362539,8.383028446353926,7.104739468403737,1.278288977950189,2.0405267823913436,0.56302584704107,0.35610408285935174,0.08222476996592833,15.965718417461213,4.741235247032858,6.062664201990732,5.161818968437625,2.950572645390735,157.85746461191272,0.28985921532194664,59.369041457672765,47.92827822376239,95.23618090452261,$\bar{R}_{micro}^{LAD}$,[mmHg*s/ml],5.757098883749467,12.041546154624955,11.98830914794529,11.89781948110014,11.929905602925352,2.251040386834975,5.602851422504621,11.491944688704345,9.80549269706434,10.580113766771738,13.018304184991864,11.20849947863656,7.5870579971063,1.4848811249359912,0.32973629671978844,0.5510041008116207,6697.900319712921,1.6497741076128027,0.27245506969990974,0.5591369221801785,0.4944701306189692
160.78574366898764,112.77605903862482,138.8975778059007,175.54052818030092,95.68156090401801,161.1671023569769,32.244100493012965,14.508878499008354,22.85437102727191,34.208225387820804,95.67954502124275,199.63259981849296,138.70254167137477,69.170782205699,121.12622687500102,38.641649702197455,8.382997460290351,7.104764328503748,1.2782331317866034,2.04051152436442,0.5630512107997054,0.35608512908515116,0.08222102204761446,15.947518869969793,4.722652365194103,6.062874406508018,5.161992098267674,2.9505726453907344,157.86102023334715,0.28985921532194664,59.36792279859213,47.92781595202141,95.62311557788945,$\bar{R}_{micro}^{LAD}$,[mmHg*s/ml],5.757143237391098,12.041419415585292,11.988441884363027,11.897955257105018,11.930039478592048,2.250991767210346,5.602700705651628,11.491814678015867,9.805376977998932,10.57998054626321,13.018170455792015,11.20813626853594,7.586971362684977,1.4848175179262098,0.32973629671978844,0.5510040973575455,6697.709263281261,1.649858329461241,0.27245673579687507,0.5591654664183859,0.4944731574656121
160.7893082627315,112.78138662093802,138.90184428573647,175.54348361994388,95.67887959577592,161.16565890278227,32.24338485554814,14.508645594331057,22.853903237686616,34.20735897560135,95.67680274941313,199.62891103837117,138.70083636372252,69.17010701055548,121.12428011680336,38.6406344237122,8.382977187539124,7.104797656063918,1.2781795314752062,2.040498962176199,0.5630773207766131,0.35606688497386807,0.08221747741442723,15.929457527823118,4.704212263324941,6.063079250007846,5.162166014490335,2.950572645390735,157.8646803798234,0.28985921532194664,59.36679082079823,47.92732788640161,96.01005025125627,$\bar{R}_{micro}^{LAD}$,[mmHg*s/ml],5.757191616308739,12.041306547154695,11.988583781300377,11.898100452273708,11.93018256837003,2.250946516533042,5.602565471431446,11.491695917465226,9.805265162372198,10.57985800447332,13.018049486286978,11.207800687657548,7.586893265866935,1.4847568415357655,0.32973629671978844,0.5510040944662331,6697.521571704315,1.649942819635535,0.272458671012182,0.5591941015968575,0.49447667222167796
160.792510876074,112.78643128045985,138.9057866147663,175.54615298770878,95.67599942837829,161.16392601327954,32.242611179137334,14.508383073077761,22.853391263884618,34.206447238143305,95.6739500450279,199.62498341936484,138.698842661918,69.16927919440926,121.1220693809663,38.63955987851868,8.382926800886253,7.104804560872211,1.2781222400140413,2.0404782222321196,0.5631008675533318,0.3560474529705864,0.08221362020585316,15.911509662973087,4.685907924539051,6.063272847861334,5.162328890572702,2.950572645390734,157.86798113922427,0.28985921532194664,59.36564204851575,47.92684182422175,96.39698492462313,$\bar{R}_{micro}^{LAD}$,[mmHg*s/ml],5.757228464009124,12.04117074981672,11.988702422575242,11.898222031152564,11.930302243392573,2.250896716850037,5.602418553221565,11.491553773043583,9.80513496634334,10.579712825198028,13.01790264309389,11.207441801385713,7.586797839712983,1.484692750838196,0.32973629671978844,0.5510040918254646,6697.31995998648,1.6500269877755709,0.2724604028185931,0.5592226276323604,0.4944798175925294
160.796026729528,112.79167425426327,138.9099916763803,175.54929261427574,95.6733130213952,161.16252908048546,32.241892268567035,14.508155474098004,22.852920238776875,34.20561546666077,95.67126147348525,199.62126669673057,138.69715209282796,69.16860275459891,121.11997377822102,38.63852018843049,8.382907968188393,7.104839417362646,1.278068550825747,2.040466674582736,0.5631265845077706,0.3560291981247274,0.08221005017842184,15.893743140311106,4.6677583501857365,6.063482189708928,5.162502600416439,2.9505726453907344,157.8715860327339,0.28985921532194664,59.364489728015755,47.926387331682115,96.78391959798995,$\bar{R}_{micro}^{LAD}$,[mmHg*s/ml],5.75727568561193,12.041057221991757,11.98884055990159,11.898363209873654,11.930441512202533,2.2508503139000156,5.602276108149549,11.491434859480982,9.805030847605828,10.579591536754522,13.017781772844549,11.207093681600774,7.586720229726087,1.4846310293407345,0.32973629671978844,0.5510040893940313,6697.131911497664,1.6501109980107977,0.27246214308736716,0.5592511001511976,0.49448297813362574
160.79935954851348,112.79676279546717,138.91403521532172,175.55190217119483,95.67052566006383,161.1609901486932,32.24118217607628,14.507913858421295,22.85245310409856,34.20474462667287,95.66855630432025,199.61766724509272,138.69535628700942,69.16786772374654,121.11804042511655,38.63752207992388,8.382876278916779,7.104860428371329,1.2780158505454506,2.040450771894842,0.5631510282561046,0.35601129683571525,0.0822065285892647,15.87607867453885,4.649737521451221,6.063673696980216,5.162667456107414,2.9505726453907344,157.8750123773146,0.28985921532194664,59.36332705066816,47.92589635207858,97.17085427135679,$\bar{R}_{micro}^{LAD}$,[mmHg*s/ml],5.757317556443763,12.040939242233186,11.988967525627206,11.898493846257312,11.930569902967807,2.2508054318917776,5.6021436821597765,11.49130926052629,9.804912168853663,10.57946146868812,13.017652274901522,11.20676560732701,7.58663506784578,1.4845714573495212,0.32973629671978844,0.5510040867361937,6696.936796204468,1.6501948880084083,0.272464010811083,0.5592795319194314,0.49448637019189956
160.8026877352201,112.80183266967579,138.9180607270177,175.55487773049967,95.66787751652346,161.1594849600402,32.240435456965855,14.507671963221336,22.85196094142584,34.20388578899024,95.66579717170919,199.61381939402014,138.6935237537043,69.16710471703892,121.11588663214368,38.636435418193834,8.382844595021773,7.104884428855506,1.2779601661662658,2.0404361242703253,0.5631754321750023,0.3559923799781865,0.08220280952029559,15.858570106245587,4.6318618461661,6.063874095676439,5.162834164403044,2.9505726453907344,157.87843306472,0.28985921532194664,59.36223830713067,47.9254379592193,97.55778894472363,$\bar{R}_{micro}^{LAD}$,[mmHg*s/ml],5.7573588917786385,12.040812913097986,11.989096197314943,11.898625093989027,11.930699365981575,2.2507573409157673,5.601999113265103,11.491178510779143,9.804794498089779,10.579328920486184,13.01751768386671,11.206414267993141,7.5865491055915495,1.4845074417478659,0.32973629671978844,0.5510040840351028,6696.751426156642,1.6502763222425598,0.2724657049194974,0.5593071313870394,0.49448944720006727
160.805903779548,112.80679353237622,138.9219765291506,175.55755643295007,95.66522852696328,161.15792109160637,32.23973073985638,14.507431702758767,22.85149571758286,34.20304486037964,95.66318824984603,199.61024016869916,138.69171470463428,69.16634009979582,121.11387069652967,38.63543497145562,8.382808663952634,7.104900730543934,1.2779079334087013,2.040419125617757,0.5631990575301834,0.35597466260409155,0.08219929406611232,15.841174897632678,4.6141169483456865,6.064063356114044,5.162994593172952,2.9505726453907344,157.88174455056117,0.28985921532194664,59.36117063249077,47.92499030560605,97.94472361809045,$\bar{R}_{micro}^{LAD}$,[mmHg*s/ml],5.757398517593407,12.040693508354673,11.989217009090195,11.89874922515284,11.930821455619519,2.250711792547305,5.601863156366132,11.49105105570917,9.804675004941256,10.579197800505408,13.017386901130731,11.206080254492068,7.586462408506504,1.4844477958512539,0.32973629671978844,0.5510040814632879,6696.56599688743,1.65035663408322,0.27246730865151575,0.5593343504561193,0.4944923600709654
160.80929440587983,112.8118666670755,138.92603819691453,175.5605683367844,95.66261969077144,161.1565470416046,32.239024550177824,14.50720733333319,22.851032774237233,34.20222632800481,95.66054628823368,199.60659274812,138.69004405276058,69.16566993495572,121.11183305738906,38.63442246514455,8.382788199485725,7.1049329767246885,1.2778552227610365,2.0404074254339855,0.563223865917514,0.35595674265346533,0.0821957869241918,15.823944877723262,4.59651721502986,6.06426525286148,5.163162409831919,2.9505726453907344,157.8852217832439,0.28985921532194664,59.36005793551467,47.92454245684461,98.33165829145729,$\bar{R}_{micro}^{LAD}$,[mmHg*s/ml],5.757444090312208,12.040581500151697,11.989349924890506,11.898885074378786,11.930955441388393,2.2506663539740854,5.6017251689805585,11.490934062733317,9.804571374296708,10.579077741550126,13.01726837402081,11.20574310740288,7.58638552454914,1.4843876686525996,0.32973629671978844,0.5510040790459444,6696.383378354,1.6504379902370065,0.2724690202684717,0.5593619234609438,0.4944954686002468
160.81249252738385,112.81679503668786,138.929926801929,175.56329237624118,95.65993394719047,161.15500654764926,32.23831841167886,14.506967353503295,22.850566444665304,34.201396352487805,95.65794632779915,199.60300532948395,138.68825792218863,69.16494556283116,121.10984628565569,38.63344217115512,8.382753107966483,7.104950185473829,1.2778029224926546,2.040390951667971,0.5632473351100082,0.35593900130139383,0.08219226800456338,15.806820459411135,4.57904352023394,6.064454626890447,5.163322312286749,2.9505726453907344,157.88851123907685,0.28985921532194664,59.35895880399246,47.92410122778308,98.71859296482413,$\bar{R}_{micro}^{LAD}$,[mmHg*s/ml],5.757483267843789,12.040460199826635,11.989473446458604,11.899011538911848,11.931080058722745,2.250621056477887,5.601589863567699,11.490807935463238,9.804455582685343,10.578948238342512,13.01713831617509,11.205411383022595,7.586300846470245,1.4843290680009686,0.32973629671978844,0.5510040765777822,6696.1953763033325,1.6505187148282996,0.2724705926860805,0.5593892824183379,0.4944983245466376
160.81570877646544,112.82168849637861,138.9338191747011,175.56591839206635,95.65737204927903,161.15355257407347,32.2376310742864,14.506739324438644,22.85011483109306,34.20056490867636,95.65533866790983,199.59948542857174,138.68654613145694,69.16423979528751,121.10792249249822,38.63245132788945,8.382723997753352,7.104972339180102,1.2777516585732498,2.040376352586988,0.5632709397626467,0.355921574894091,0.08218885542023825,15.789824190104174,4.561701437262913,6.064641219918295,5.163481532922967,2.9505726453907344,157.89181961195763,0.28985921532194664,59.3579046327946,47.92363991446303,99.10552763819095,$\bar{R}_{micro}^{LAD}$,[mmHg*s/ml],5.757523690432442,12.04034297991425,11.989595449029055,11.899136847660547,11.931203290873299,2.2505771554375773,5.601457729921329,11.490687816704996,9.804342263091382,10.578824470784538,13.017015533068781,11.205089397507212,7.5862203227680425,1.4842701639608302,0.32973629671978844,0.5510040738609668,6696.016043449532,1.6505975047131525,0.2724723631959547,0.5594159856703238,0.49450154022764414
160.81888888706283,112.82656896054372,138.9376829553441,175.56857287569,95.6546184092119,161.1520562564344,32.236926829501854,14.506508161868158,22.8496529815193,34.19973434066872,95.65269673344638,199.59587872926124,138.684817059342,69.16354437531865,121.10599985664166,38.63147181289513,8.382690474441912,7.104991168245078,1.2776993061968325,2.040360685416846,0.5632942610242427,0.3559037883649032,0.08218536049559774,15.772959032074125,4.544490877554472,6.064827827862694,5.163640326656959,2.950572645390734,157.89508819733612,0.28985921532194664,59.35674705695395,47.923182253273374,99.49246231155779,$\bar{R}_{micro}^{LAD}$,[mmHg*s/ml],5.7575624756844395,12.04022885563479,11.98971948687582,11.899263736521908,11.931328326420974,2.2505321811946364,5.601327443818934,11.49056495981116,9.80423048546212,10.57869935060605,13.016890003169788,11.204767556228035,7.58613969187167,1.4842115630696022,0.32973629671978844,0.5510040722138767,6695.823288644833,1.6506791916921204,0.27247409508935017,0.5594436707975129,0.4945046848648101
160.82214685890781,112.8314666917299,138.94158948850585,175.57140106029374,95.65221581239669,161.15069375444068,32.236229196141885,14.506284056937146,22.84919466220346,34.19890698797513,95.65006180336762,199.5922760914344,138.68314703486055,69.1628614283394,121.10394031129918,38.63044489086168,8.382667034918157,7.105019948983628,1.277647085934528,2.0403485205973246,0.5633181253309796,0.35588602740177333,0.08218189370982339,15.756242460306135,4.52741716181146,6.065023812660894,5.163801485833782,2.9505726453907344,157.8984328230225,0.28985921532194664,59.355758007564205,47.92272710971529,99.87939698492463,$\bar{R}_{micro}^{LAD}$,[mmHg*s/ml],5.757606463233931,12.040116384630386,11.989843823742163,11.899390866064238,11.93145363580242,2.2504873171841324,5.601189891878748,11.490447610934126,9.804123978899158,10.578579031975119,13.016769487969569,11.204430384964587,7.586062426950168,1.4841511807437953,0.32973629671978844,0.5510040687073614,6695.655106867768,1.650755620054947,0.27247585318980644,0.5594695736889213,0.49450787873313967
160.82528563510965,112.83624767194028,138.94539242219477,175.5739614230138,95.64956784144216,161.1492684495973,32.235577264808526,14.506062813091752,22.848764717253385,34.19812457546202,95.6476191288508,199.5889789036481,138.68148237046333,69.16216195369378,121.10211197024944,38.6295299960981,8.382639580325419,7.105040689879806,1.2775988904456128,2.0403339471445556,0.5633411300423576,0.35586967599368374,0.08217865345575237,15.739625628486397,4.510463055203187,6.065205515084124,5.163957058199082,2.9505726453907344,157.90165690780393,0.28985921532194664,59.35463980797313,47.922294935445734,100.26633165829145,$\bar{R}_{micro}^{LAD}$,[mmHg*s/ml],5.757646496095255,12.040004714763636,11.989964207770196,11.899514740372842,11.931575428754877,2.2504456925833103,5.601063043034603,11.49033023379875,9.804016608250146,10.578458879819708,13.016648782623587,11.20412195198993,7.585982505333772,1.4840963624818826,0.32973629671978844,0.5510040665503688,6695.469748900951,1.6508350269763556,0.2724774394613028,0.5594964860652469,0.4945107595433597
160.828359730611,112.84098544102883,138.94912784606487,175.57676296809043,95.64704766956051,161.1477951721376,32.234870471137,14.505829714189815,22.848297978803473,34.19732127672442,95.64505076073304,199.58535172591164,138.67974028193296,69.16145918422993,121.10005485842389,38.628533371550354,8.382604565861042,7.1050582048441555,1.277546361016887,2.0403184963092316,0.5633637007818882,0.3558518495027533,0.08217512652037152,15.723143768692228,4.493639149082608,6.065392611494317,5.164112008115302,2.9505726453907344,157.90482010793428,0.28985921532194664,59.35361856325159,47.92187900246373,100.6532663316583,$\bar{R}_{micro}^{LAD}$,[mmHg*s/ml],5.75768353023173,12.039886617255938,11.99008111893769,11.899634177647696,11.931693224002531,2.2503998627801374,5.600926827484805,11.490207530401227,9.803906006018325,10.578332646233239,13.016521532386609,11.203787031473338,7.585901012416877,1.4840371442546085,0.32973629671978844,0.5510040641825908,6695.293336869236,1.6509115958650462,0.2724789084457467,0.5595224365832964,0.4945134276821832
160.8315044841151,112.84576438046045,138.95292188588,175.57942081957285,95.64451945658007,161.14639812074898,32.23420452740812,14.505610024111988,22.847860505860222,34.19653150407843,95.64254864101143,199.58193938018127,138.67811303203968,69.16080848729156,121.09820658788736,38.62760080925877,8.382577973265061,7.105081212337312,1.277496760927749,2.040304798325305,0.56338675140531,0.3558349933593716,0.08217182002589225,15.706784444485017,4.47693983196532,6.065576905210095,5.1642677073096,2.9505726453907344,157.90805049649933,0.28985921532194664,59.35256423473546,47.92144466480159,101.04020100502512,$\bar{R}_{micro}^{LAD}$,[mmHg*s/ml],5.757725176041889,12.039776957605678,11.990204842510089,11.899760756902083,11.931817982750303,2.2503575087183383,5.600799709174276,11.490092732473345,9.80380099602472,10.5782152803859,13.016404054941567,11.203477036596347,7.585825361671774,1.48398134857516,0.32973629671978844,0.5510040616928361,6695.116361960605,1.6509890100727116,0.27248055410506505,0.5595486735945376,0.4945164165721933
160.83445343770578,112.85035386171,138.95653505968167,175.58182878312735,95.64203402050141,161.1448901123351,32.23352200048657,14.505379670099062,22.847410065686613,34.19571229661117,95.64000053646106,199.5784634842917,138.67635779709866,69.16006255997009,121.09624223999774,38.626614846794226,8.382538931155155,7.1050928446314865,1.277446086523668,2.0402878469792314,0.5634084313262511,0.35581779410447234,0.0821684199295391,15.690527936178166,4.460359010939318,6.065752615200019,5.164416310038831,2.9505726453907344,157.91108873010012,0.28985921532194664,59.35157730029712,47.92100253041012,101.42713567839196,$\bar{R}_{micro}^{LAD}$,[mmHg*s/ml],5.757759575856785,12.039656948766094,11.990314321968903,11.899873012195087,11.931928418924377,2.250313421074696,5.600668734069336,11.489968878215624,9.803684557065504,10.57808775874118,13.016275892150377,11.203156321974156,7.585741208063666,1.4839230047844765,0.32973629671978844,0.551004059126146,6694.9423814350985,1.6510636808105836,0.2724821755352905,0.5595739807965103,0.49451936155865756
160.83763036254277,112.85510901336369,138.96033940272758,175.5845571819105,95.63949647908449,161.14360114876376,32.23285199954153,14.505167236769328,22.84697163612718,34.19492535272264,95.63745918356229,199.57500183889064,138.6747693680317,69.15942781250436,121.09438837819575,38.625661265292834,8.382518062198988,7.105122039414336,1.2773960227846526,2.0402764542824694,0.5634316918209191,0.3558007606658254,0.08216510225476514,15.674420922787569,4.443908839633198,6.0659391292727225,5.164572953881647,2.9505726453907344,157.91434840099143,0.28985921532194664,59.350477336541886,47.92056034190434,101.8140703517588,$\bar{R}_{micro}^{LAD}$,[mmHg*s/ml],5.757801962575025,12.039549530255405,11.990439360561016,11.900000764120747,11.932054408748753,2.250270816020405,5.600541365393767,11.489856747423254,9.803584096580648,10.577973395392512,13.016162004746368,11.202843458887598,7.585668219177793,1.4838663652994737,0.32973629671978844,0.5510040571235812,6694.764753535914,1.651141570318973,0.2724839145057035,0.5596003788953713,0.49452251935885433
160.8407449278253,112.85979006987918,138.96407933552672,175.58728767028424,95.63712754310008,161.1423052822698,32.23222518280574,14.504962898792316,22.846559982968387,34.194190990268226,95.63511766260137,199.57177844289325,138.6732744686488,69.15883891178608,121.09258845483612,38.624779370933894,8.38249910149139,7.105149829938767,1.2773492715526222,2.0402649409031985,0.5634545021613412,0.3557848702292254,0.08216198812549906,15.658427484291465,4.427578631944523,6.0661222481394965,5.164726604207444,2.9505726453907344,157.91754492298367,0.28985921532194664,59.34948452895371,47.920161061232925,102.20100502512562,$\bar{R}_{micro}^{LAD}$,[mmHg*s/ml],5.757843826555809,12.039451489345247,11.990562670943623,11.900126998931409,11.93217884206098,2.250230625864824,5.600418480450755,11.489753066509609,9.803489820687954,10.577865935652051,13.01605679336737,11.202543242220958,7.585599495509336,1.4838133993567708,0.32973629671978844,0.5510040545095668,6694.598928017005,1.6512158926125853,0.272485421464393,0.5596255680035698,0.4945252566370398
160.84370007076947,112.8643467865072,138.96767662664044,175.58972976320035,95.63463101034546,161.14087494182903,32.23155929694939,14.504737653226146,22.84612055254919,34.19339897873353,95.63264034553696,199.56839433663805,138.67156681328825,69.15811524984665,121.09072574526,38.62382760912778,8.38246517304669,7.1051652292732195,1.2772999437734707,2.040249508017374,0.5634761949392191,0.3557681269663099,0.08215867944567007,15.642532508385159,4.411362229808486,6.066296105179799,5.164874173396877,2.950572645390734,157.92058477557228,0.28985921532194664,59.34846204904189,47.91973231203179,102.58793969849246,$\bar{R}_{micro}^{LAD}$,[mmHg*s/ml],5.757879450471426,12.039335908960442,11.99067311290267,11.900240428248118,11.932290393272186,2.250187973476844,5.600292296770904,11.489631772826034,9.80337726903219,10.577742034602124,13.015931627872263,11.202234620785076,7.5855176506687885,1.4837570626094363,0.32973629671978844,0.5510040525170259,6694.424170724182,1.6512907835498305,0.2724869928553092,0.559650949834911,0.4945281102935072
160.84672260052153,112.86894411905978,138.97132437557335,175.59230458002062,95.63218023457243,161.13952516333083,32.230903619731954,14.504524010099862,22.845690530479544,34.19262401470808,95.63017504723149,199.56502365367461,138.66998586126275,69.15749373904886,121.08888642031702,38.62290548038978,8.382437963020932,7.1051869184737155,1.277251044547217,2.0402361642843303,0.5634983554204321,0.35575150920642934,0.08215541947130116,15.626767887767109,4.395268461133999,6.06647511435508,5.1650243122780255,2.9505726453907344,157.92369010795014,0.28985921532194664,59.34743827601563,47.91930634758334,102.9748743718593,$\bar{R}_{micro}^{LAD}$,[mmHg*s/ml],5.757918720212895,12.039228078088515,11.990791719328708,11.900361559766269,11.93240986669372,2.2501460342171384,5.600166766453335,11.48952026647775,9.803276269549835,10.577627965041026,13.015817571008071,11.201925616623555,7.58544473555123,1.4837021030699342,0.32973629671978844,0.5510040500276592,6694.25261642007,1.6513655729753864,0.27248861061990065,0.5596762972621885,0.4945310485580321
160.84964131854434,112.87342597645855,138.9748709394809,175.59473547906188,95.62972974367452,161.13814006171174,32.230244521439715,14.504307545122124,22.845256385907618,34.191840958949186,95.62769302403017,199.56164667454237,138.66833936930155,69.15679833463369,121.08700211615552,38.62194671213439,8.382405318857955,7.105203351690835,1.2772019671671198,2.040221420630619,0.5635197792437042,0.3557348338911072,0.08215214463211222,15.6111066140683,4.379288327055693,6.066647829742157,5.165170457270452,2.9505726453907344,157.92669215492813,0.28985921532194664,59.346427671965685,47.91887349976911,103.36180904522612,$\bar{R}_{micro}^{LAD}$,[mmHg*s/ml],5.757954372774253,12.039118434261406,11.99089987768832,11.90047256880989,11.93251905527923,2.2501037580604253,5.600041523327597,11.489403204208354,9.80316871031518,10.577508530994635,13.015698045371584,11.201618031769192,7.585366731285824,1.4836454849971636,0.32973629671978844,0.5510040475975226,6694.081082057216,1.6514392812594378,0.2724902513802049,0.5597012782719483,0.49453402850362294
160.85245118662374,112.87783195404077,138.9783204370492,175.59711556956125,95.62727471108691,161.13666600694674,32.22959023214976,14.50408399435974,22.844823485244305,34.191073907199964,95.6252998077909,199.55833179764227,138.66665584324775,69.15611188236205,121.08512851345083,38.62105452345621,8.382365856825825,7.105212236546589,1.277153620279236,2.0402043692849396,0.5635404423193646,0.3557184449920836,0.08214888032467905,15.595552154268965,4.363422500340664,6.06681703806499,5.165312615863306,2.950572645390735,157.92958754688723,0.28985921532194664,59.34544699278086,47.91847022691973,103.74874371859298,$\bar{R}_{micro}^{LAD}$,[mmHg*s/ml],5.757987206403125,12.0390034701785,11.99100415930465,11.900579764983322,11.932624471142711,2.250061513082707,5.599914916056312,11.489281671741237,9.803059646176477,10.577386208727381,13.015573339361609,11.201309548675503,7.585286400718448,1.4835918397491028,0.32973629671978844,0.551004045438823,6693.9092297760835,1.6515119564374354,0.2724916565892365,0.5597259091442336,0.49453658071098644
160.85544906409856,112.88235076800024,138.98192299685482,175.5996812254558,95.62504718775399,161.13539161206472,32.22896548320938,14.503878679691185,22.844412912568302,34.190329001349696,95.62295328571535,199.5551239404985,138.66512918109063,69.15549110756818,121.08332625111503,38.62014211761303,8.382345090244776,7.105238072160666,1.27710701808411,2.0401929057522583,0.5635624081341911,0.3557026087096556,0.0821457726253485,15.580133241856846,4.3476778536691,6.0669947852023425,5.1654606029854016,2.9505726453907344,157.93266542560846,0.28985921532194664,59.344533954385625,47.91806464174146,104.1356783919598,$\bar{R}_{micro}^{LAD}$,[mmHg*s/ml],5.758026252820141,12.038900425807116,11.991123138724504,11.900701050042684,11.932744201474586,2.2500213119915293,5.599793125088005,11.489176121433648,9.8029609733259,10.577276147323483,13.015464649319066,11.201012055835772,7.585215109550639,1.483537946015143,0.32973629671978844,0.5510040426867664,6693.753303142779,1.6515826142863723,0.2724931883013636,0.559749856308879,0.4945393630374323
160.8583918501995,112.88679717599575,138.9854705435046,175.60220183177432,95.62262025701384,161.13412388840274,32.22833529335285,14.503674203053865,22.84399903057064,34.18959114505655,95.62059020677833,199.5518892741104,138.66359046746,69.15486111444889,121.08156555869628,38.61925107728947,8.382321374315804,7.10526124850479,1.2770601258110146,2.0401807595613195,0.5635839756032293,0.3556866725423861,0.08214264689298573,15.564818098397021,4.332043883039931,6.067167426702504,5.1656067886545864,2.9505726453907344,157.93568742923605,0.28985921532194664,59.34349469218547,47.91765718410766,104.52261306532664,$\bar{R}_{micro}^{LAD}$,[mmHg*s/ml],5.7580643081234895,12.038798307293888,11.991236762017216,11.900817482453435,11.93285887037298,2.249981069845516,5.59967320244639,11.489067842506904,9.802862905108396,10.57716522462891,13.015353400531158,11.20071760597311,7.585143145082965,1.4834848418726396,0.32973629671978844,0.5510040408850482,6693.583417990969,1.65165613538656,0.2724947374982784,0.5597747738787963,0.49454217624354396
160.86128053774064,112.891219992314,138.98896501325518,175.60465849623017,95.62037058741258,161.13278949972283,32.227719486098515,14.503466436061682,22.843593429000506,34.18885801745198,95.61830177052585,199.54874690842814,138.6620630655329,69.15424741885036,121.07981625326445,38.61838990747481,8.382294545428156,7.105280202481335,1.2770143429468201,2.040167267393022,0.5636051726400414,0.355671127622151,0.08213958089281657,15.549608976203615,4.316521339118331,6.067337717933195,5.165749919152089,2.9505726453907344,157.93865747207576,0.28985921532194664,59.342589974573144,47.917264955016016,104.90954773869348,$\bar{R}_{micro}^{LAD}$,[mmHg*s/ml],5.758101434073664,12.038695560177942,11.991347451053121,11.90093105811802,11.932970691866924,2.2499415550753112,5.599553816859403,11.48896065184229,9.802763631510265,10.577054815017252,13.015243731945649,11.200423792837084,7.5850716462668215,1.4834332994778399,0.32973629671978844,0.5510040381983031,6693.4259411188805,1.6517260548336208,0.27249617281514377,0.5597984707863,0.49454478356667503
160.86414564535946,112.89557862965114,138.992430999688,175.60709083537924,95.61806150041353,161.13150355828398,32.22708042492623,14.503261293917872,22.843173756499592,34.188101923504746,95.61588892548795,199.5454550954812,138.66050216226634,69.15360061038245,121.07797428284098,38.617461583239,8.382267337898869,7.105300687062571,1.276966650836297,2.0401545813068895,0.5636261857917163,0.3556549147520575,0.08213640672611201,15.53451379628707,4.301111096010351,6.067509647127659,5.16589305314906,2.9505726453907344,157.94160169454966,0.28985921532194664,59.34163052467692,47.91684625427142,105.2964824120603,$\bar{R}_{micro}^{LAD}$,[mmHg*s/ml],5.758137551490866,12.038589681613116,11.991457845592613,11.901043723305206,11.93308178643285,2.249900436474542,5.59943091708152,11.48884979196704,9.802663089102092,10.576941957518269,13.015129149461012,11.20012166326168,7.584998617841653,1.4833785008081852,0.32973629671978844,0.5510040358562474,6693.264305028947,1.6517967339660675,0.2724977833181714,0.559822425164294,0.4945477085203491
160.8670270312449,112.89993474083784,138.99590286720627,175.6095624341581,95.61579387570158,161.130258385636,32.22649756173859,14.503062841456048,22.84278919053118,34.1874151035776,95.61373837291757,199.5424944856713,138.65903546987468,69.15299298967126,121.07633573720845,38.61663459662937,8.382247154590477,7.10532366916707,1.2769234854234064,2.040142795167132,0.5636473142503761,0.355640267612856,0.08213350694950437,15.519519779656063,4.285808482719625,6.067676253575645,5.166035043360792,2.9505726453907344,157.94456201773278,0.28985921532194664,59.340681777386926,47.916479454346685,105.68341708542714,$\bar{R}_{micro}^{LAD}$,[mmHg*s/ml],5.758175130200716,12.038492732865754,11.991570222418087,11.901159097407096,11.93319535815817,2.2498631098196364,5.599317351989609,11.488747620008924,9.802568176100191,10.576836216780203,13.015024907858407,11.199842399400232,7.58492895628059,1.4833290896271867,0.32973629671978844,0.5510040338660877,6693.105571299111,1.6518668685955504,0.27249910153394086,0.5598461950008349,0.4945501026951959
160.86989958944974,112.90428045823045,138.99936490740825,175.6119739615764,95.61339230032554,161.12901370670411,32.22586220355259,14.502861173368762,22.84237412737529,34.186664553560064,95.61132187021025,199.53921348537762,138.65752087055372,69.15238731556016,121.07458713971234,38.61572816325343,8.382221902699897,7.1053458476962605,1.2768760550036358,2.040130749451627,0.5636683756281538,0.3556241279698667,0.08213036593405026,15.50463936889432,4.270616100086498,6.0678453550710625,5.16617791373676,2.9505726453907344,157.94751288694664,0.28985921532194664,59.33964970105651,47.916056297985115,106.07035175879398,$\bar{R}_{micro}^{LAD}$,[mmHg*s/ml],5.758211715585481,12.038390815865284,11.99168090134406,11.90127227536708,11.933306888318787,2.2498225483191896,5.599198896946863,11.48864048895891,9.802471226934639,10.576726946557933,13.014915288971899,11.1995546722448,7.584859319882551,1.4832753819288809,0.32973629671978844,0.5510040324197342,6692.937461022788,1.6519392219745441,0.27250077763561514,0.5598707168098833,0.49455314589791294
160.87266320794404,112.90852607099592,139.00271999321257,175.61435910985244,95.61124165838235,161.12770797927138,32.225276285023476,14.502660804235221,22.841985677539682,34.18597285306232,95.60917262675783,199.53624039176384,138.6560144155676,69.15175494774742,121.07286009272974,38.61489795942137,8.382195405489718,7.105362762124372,1.2768326433653459,2.0401173452720363,0.5636886555915297,0.35560941202493473,0.08212743487154733,15.48985397829189,4.255529086625259,6.068009371738324,5.1663155199283075,2.9505726453907344,157.95035422158978,0.28985921532194664,59.33879582689928,47.91569312874767,106.4572864321608,$\bar{R}_{micro}^{LAD}$,[mmHg*s/ml],5.7582471001504425,12.038286735320181,11.991785083418971,11.901379423680904,11.933412271571191,2.249784700059474,5.599080894448979,11.488535161048777,9.80237331982982,10.576617890017122,13.014807296864591,11.19926844037986,7.584786988528165,1.4832257348314464,0.32973629671978844,0.5510040294103041,6692.786916086765,1.6520060976296513,0.27250203991767186,0.5598933821237544,0.49455543947529595
160.87532528909418,112.91270626049982,139.00598278726912,175.61668926079332,95.60885779806242,161.1263054953912,32.22463227241005,14.502446733933036,22.841560020145653,34.185231872097404,95.60681534267644,199.53295719265572,138.65440764498052,69.15110388120237,121.07097103259896,38.61399494137774,8.382155708463822,7.1053707425746575,1.2767849658891643,2.0401010300166686,0.5637082149323789,0.35559323804787646,0.08212422776072695,15.475174000614695,4.240548720831922,6.068174267873044,5.1664510119097296,2.950572645390734,157.9530945446259,0.28985921532194664,59.33783282879106,47.91530015282883,106.84422110552764,$\bar{R}_{micro}^{LAD}$,[mmHg*s/ml],5.75827764332116,12.038178499694169,11.991885959753573,11.901482258519383,11.93351377075808,2.249742992423168,5.598957544982621,11.488419532957531,9.802272338567885,10.57650122531829,13.01468789723749,11.198962952494139,7.584711286400255,1.4831721362322186,0.32973629671978844,0.5510040273922209,6692.620045864369,1.6520759496807518,0.27250343739322075,0.5599170561896039,0.4945579775213599
160.87819056226078,112.91698902806773,139.00941638728065,175.61903721593703,95.60670043024956,161.1251472869766,32.224054361689554,14.50225717169647,22.841181521582346,34.18452866620703,95.60460231700785,199.52998760797777,138.65299358717155,69.15052235464968,121.06940334360544,38.61316507863713,8.382139474562079,7.105397700367517,1.2767417741945621,2.0400909948934394,0.5637292085079902,0.3555785455594508,0.08212136264972081,15.460602762712847,4.225674062639923,6.068337515465412,5.166591184607514,2.9505726453907344,157.95603575540886,0.28985921532194664,59.336920424945504,47.91490415207409,107.23115577889448,$\bar{R}_{micro}^{LAD}$,[mmHg*s/ml],5.758315804602196,12.038083300444312,11.99199751440815,11.901596766409389,11.933626442002259,2.249706414422515,5.598847612835836,11.488321493785508,9.802178231127066,10.576399377222696,13.014587699208072,11.198696430102096,7.584645264224263,1.4831227709809685,0.32973629671978844,0.5510040250396413,6692.46903011747,1.6521439924667898,0.2725049909998214,0.5599401170642935,0.4945607992250444
160.8808946278875,112.92115749636172,139.01270398490735,175.6213248310026,95.60443954596785,161.12384898342907,32.22344690184709,14.50205533108831,22.840781240377396,34.1838118165573,95.60234021193955,199.52688433132795,138.65147710613326,69.14989575453573,121.06767143617022,38.612302890178036,8.382109095039546,7.105412445300014,1.2766966497395325,2.0400771380713536,0.5637490592050748,0.35556322348156827,0.08211834145320103,15.446128508036907,4.210902684170844,6.068499381341454,5.1667264425246096,2.9505726453907344,157.9588167979454,0.28985921532194664,59.33599535336347,47.914515646515774,107.61809045226131,$\bar{R}_{micro}^{LAD}$,[mmHg*s/ml],5.7583489302846065,12.037982333874533,11.992102086879443,11.901703570919159,11.933731755902784,2.249667392576313,5.5987321195022925,11.488214160363537,9.802080088528344,10.576289517644703,13.014477505460281,11.198411952272975,7.584573721007371,1.4830715081396681,0.32973629671978844,0.5510040228256472,6692.31076821775,1.6522121519471566,0.2725064255448333,0.5599632174887054,0.49456340472320254
160.8836987201492,112.9253532492458,139.01606757237604,175.62373443530487,95.60230191968401,161.12270926611524,32.22288700688166,14.501873435753415,22.840414080528713,34.183149752057794,95.60023271536265,199.5240055439314,138.65012598319998,69.149344876011,121.06606685625486,38.61149215763096,8.382093582631079,7.105438675816417,1.2766549068146607,2.040067254539497,0.5637696055484775,0.3555490335220412,0.08211556274408105,15.431762870435058,4.196236113863296,6.06866216822234,5.166864588349419,2.9505726453907344,157.96169524755865,0.28985921532194664,59.335088365342905,47.91415070820303,108.00502512562814,$\bar{R}_{micro}^{LAD}$,[mmHg*s/ml],5.758387141251539,12.0378908081636,11.992210563073975,11.901814954084173,11.933841373971008,2.2496314144980807,5.598621139830403,11.48812009484708,9.801993744867541,10.576192469442027,13.014381473762517,11.198139919732917,7.584510928694205,1.4830231706981183,0.32973629671978844,0.551004020807855,6692.16113437788,1.6522792032796771,0.27250782176186,0.5599859423426843,0.49456594048501207
160.88643328980325,112.92952629091322,139.01937087286288,175.62594634564837,95.59997532234101,161.121468672453,32.222274667508316,14.501673318815635,22.84001250257549,34.182411905487626,95.59789436356643,199.52087479570167,138.64863929148362,69.14874573154302,121.0643714090831,38.610635005586325,8.382065964066951,7.10545661114458,1.2766093529223717,2.0400545118363063,0.563789639035474,0.3555335454364292,0.08211253298729916,15.417496807138958,4.181671448806722,6.068824940834958,5.167000417497273,2.9505726453907344,157.96450179780922,0.28985921532194664,59.33410122811633,47.91373056150309,108.39195979899498,$\bar{R}_{micro}^{LAD}$,[mmHg*s/ml],5.758421730804037,12.037792413493891,11.992316459316662,11.901923159632096,11.933948062223664,2.2495926354191127,5.598507252830713,11.48801416193628,9.80189937981169,10.576084984617916,13.014273328127446,11.197861331505612,7.584441793246875,1.482972334573999,0.32973629671978844,0.5510040187020356,6691.998272563871,1.652348771693606,0.27250945943181654,0.5600095202790003,0.49456891453123947
160.88902177211108,112.93355233989598,139.02253523862856,175.62823652416563,95.59786177190612,161.12016014585276,32.22170170672574,14.501476605001006,22.8396330339033,34.181751013278905,95.59582832054706,199.5179602243851,138.6471680029904,69.14813940789189,121.0627108948206,38.60981578713342,8.382035107877561,7.1054681616787105,1.27656694619885,2.040040170870451,0.5638086753404071,0.35551917215200646,0.08210966776622533,15.40331120784223,4.167202453074988,6.068978141222158,5.167130613545083,2.9505726453907344,157.96716860368306,0.28985921532194664,59.333271320837135,47.91339497107756,108.77889447236181,$\bar{R}_{micro}^{LAD}$,[mmHg*s/ml],5.758452910226072,12.037691201033807,11.992414196082695,11.902023470970459,11.934046765081836,2.2495553735498675,5.598394620147151,11.48791126020411,9.801802094421472,10.575978270046654,13.014166432617442,11.1975864732599,7.584371632275497,1.482923509082502,0.32973629671978844,0.5510040165439669,6691.8503240334285,1.6524131991632658,0.27251059385253185,0.5600313558605646,0.4945709752930396
160.8918103033034,112.93771272038127,139.02586872719363,175.63075232072066,95.59573747596654,161.11906266217557,32.22113613157744,14.501298127962478,22.839261833983816,34.18110147869054,95.59372035350101,199.51503592932156,138.64583688267726,69.14761590512802,121.06107201001767,38.609024304711895,8.382020994624588,7.105496248792662,1.276524745831926,2.0400311789049876,0.5638290848318666,0.3555048174939025,0.08210686780362841,15.389255797411446,4.152842586273414,6.069144882966841,5.16726832817119,2.9505726453907344,157.97002772996393,0.28985921532194664,59.33235701377294,47.91304069301584,109.16582914572865,$\bar{R}_{micro}^{LAD}$,[mmHg*s/ml],5.758490955007066,12.037603893381108,11.992525259512611,11.90213694295822,11.93415874515367,2.2495190633209665,5.598283025199727,11.487817344062758,9.801721010872669,10.575882811196738,13.014072018505889,11.197313934726411,7.584310683742805,1.4828759784375733,0.32973629671978844,0.5510040147895366,6691.701623317658,1.652479827039137,0.2725119561493395,0.5600539371977756,0.49457344925776825
160.89438196737467,112.94170893989212,139.02900186869402,175.63291677256123,95.59353064933681,161.11777352497882,32.2205271277659,14.501098259805037,22.838860904521844,34.18038221768727,95.59144371565185,199.51191620932863,138.64432266341527,69.14700294290097,121.05932333196206,38.60816542981782,8.381986177820497,7.1055067320896175,1.2764794457308803,2.040016550731677,0.5638479745080043,0.35548943549720163,0.0821038351251075,15.375272201503378,4.138574261733768,6.069300083490795,5.167397856278817,2.950572645390734,157.97267390213835,0.28985921532194664,59.33146204662301,47.91264879404845,109.55276381909547,$\bar{R}_{micro}^{LAD}$,[mmHg*s/ml],5.7585219347483925,12.037499430144376,11.992620360154731,11.902234311703307,11.934254641672414,2.249479807147156,5.598167181094249,11.487710254751685,9.801623193900559,10.575772935602286,13.013961298172262,11.197028581176829,7.584239600060764,1.4828249541565766,0.32973629671978844,0.5510040125953826,6691.547145453577,1.652545656898324,0.2725134129600885,0.5600762480733577,0.4945760951476094
160.89716554097447,112.94582526488213,139.0323204117827,175.6353208608444,95.59148377338593,161.11672530152416,32.22000501532103,14.500922728955246,22.83851777393979,34.179765220701626,95.58949974938885,199.50925371905947,138.64303991726524,69.14646078199827,121.05787070340679,38.60739860585646,8.381978202945067,7.10553750301919,1.2764406999258768,2.040008688007583,0.5638683457400551,0.3554762809536109,0.08210123934146102,15.361398751890796,4.124407212418222,6.069458394732376,5.1675331447401955,2.9505726453907344,157.9755275693298,0.28985921532194664,59.33057762593542,47.91231382379584,109.93969849246231,$\bar{R}_{micro}^{LAD}$,[mmHg*s/ml],5.758560471936513,12.037417713236534,11.992731160897353,11.902348041142593,11.934366604225918,2.2494464873946076,5.598065264717859,11.487622037450187,9.801540298482317,10.575681047101796,13.013870920439796,11.196777961508982,7.58417899362473,1.4827795485570021,0.32973629671978844,0.551004010656089,6691.403864137015,1.6526108951696439,0.27251464648410284,0.5600983584496,0.4945783355725768
160.8998019248914,112.94983205452355,139.03550312686167,175.63752279234663,95.58934228334897,161.11555437340783,32.219431995996075,14.500739179360245,22.838142481679927,34.17908214767337,95.58731603332618,199.5062975563375,138.64166355228423,69.14591841624673,121.05628058392801,38.606597220970116,8.381954321808829,7.105556460172514,1.276397861636315,2.039997062490006,0.5638876774175202,0.35546170552891504,0.0820984008273106,15.347612125883936,4.110334802848641,6.069613365739036,5.167663957296258,2.9505726453907344,157.97823556472858,0.28985921532194664,59.329679654521314,47.91192919929447,110.32663316582915,$\bar{R}_{micro}^{LAD}$,[mmHg*s/ml],5.758595092741725,12.037324592043248,11.99283303338522,11.90245232555607,11.934469345836547,2.2494100843059814,5.597956966239435,11.487524545446432,9.801451700475054,10.575581679133494,13.01377103579689,11.19651393914537,7.584115742852076,1.4827316052874369,0.32973629671978844,0.5510040084677813,6691.253959834428,1.6526762481160762,0.27251616058873546,0.5601205076912172,0.494581085438093
160.90218023910555,112.95363981211968,139.03845899264837,175.63938085164438,95.58704324730576,161.1141626865994,32.21882370888467,14.500526213138231,22.837739084654217,34.17835422580162,95.58506623843243,199.50323653954936,138.64003772453077,69.14521709932596,121.05461756001267,38.605742969622504,8.381908773029888,7.105555747133821,1.2763530258960674,2.0399792558089054,0.5639051942454938,0.355446510765522,0.08209536968003386,15.333889836524861,4.096349659612173,6.069754505011588,5.1677856719011,2.9505726453907344,157.9806892946079,0.28985921532194664,59.32876517705179,47.91153662285761,110.71356783919599,$\bar{R}_{micro}^{LAD}$,[mmHg*s/ml],5.758618808191698,12.037212045300935,11.992919962400702,11.902541444456297,11.934556965109959,2.249371255181546,5.597845828545598,11.487406928417096,9.801342120398834,10.575462768701017,13.013649482462133,11.196244043642945,7.584036442856561,1.4826811271004767,0.32973629671978844,0.551004006579551,6691.093027311403,1.652741667988154,0.2725175434243468,0.5601426796150911,0.4945835967982244
160.9047984201951,112.95761143466682,139.04161146145293,175.64176342557968,95.58506069682497,161.113024371225,32.21827080569542,14.500349227299006,22.83737548459268,34.17771819933103,95.58303130096485,199.50038515232555,138.63871657671604,69.14468711873529,121.05292831204646,38.604955243697724,8.381888893909721,7.105577053939794,1.2763118399699267,2.039968721478664,0.5639243898789759,0.3554325216410574,0.08209261655809984,15.320304130015437,4.082472682882155,6.069915257384324,5.167916189748951,2.9505726453907344,157.98337814517447,0.28985921532194664,59.327953819912636,47.91120138840025,111.10050251256281,$\bar{R}_{micro}^{LAD}$,[mmHg*s/ml],5.758653244681706,12.037122804175567,11.993022158959617,11.902645712918554,11.934659920316234,2.249335036425064,5.597733448958242,11.487314256778406,9.801260977015401,10.575367712480034,13.013554435052527,11.195963095035713,7.583975429664446,1.4826340784948708,0.32973629671978844,0.5510040044398385,6690.954248777748,1.652804078309511,0.27251877505901223,0.5601638315502772,0.49458583397421974
160.90743344963818,112.96156612172608,139.04477063745628,175.64402353061027,95.58302940602563,161.1119354881469,32.2177126260849,14.500170197205764,22.837009627380407,34.17705779763785,95.58091821691158,199.4975055372926,138.63738309976955,69.14415016561291,121.05133662951673,38.60414542948824,8.38187063247242,7.105600488604346,1.2762701438680741,2.0399589408885994,0.5639436967554438,0.3554183376154806,0.08208985094877722,15.306804412455055,4.068686934778894,6.070071047740274,5.168046429935886,2.9505726453907344,157.9860825320694,0.28985921532194664,59.32709399612279,47.910833751775606,111.48743718592965,$\bar{R}_{micro}^{LAD}$,[mmHg*s/ml],5.758688580124574,12.037033383432341,11.993124428561444,11.902750251261939,11.934762980968113,2.2492993360559925,5.597625738278017,11.487220512953915,9.80117605365297,10.575271747294341,13.013459414994538,11.195701905245544,7.583913892735733,1.4825862328715929,0.32973629671978844,0.55100400242555,6690.812058421794,1.652867496603009,0.2725202087841333,0.5601853251046206,0.4945884378053232
160.9098584169961,112.96536973042501,139.0477481427986,175.6458214670206,95.58080325915056,161.11065390727182,32.21714440376955,14.49997896025655,22.836635839530587,34.176353474750144,95.57873012159824,199.49462243723877,138.63593207124802,69.14356481157515,121.04978647403709,38.60336810038797,8.381834244841981,7.105606293896553,1.2762279509454273,2.039943477689272,0.5639615198296517,0.3554040003353463,0.08208703663433957,15.293367588867316,4.054986190849543,6.07021330497788,5.168168093039895,2.9505726453907344,157.98857903610116,0.28985921532194664,59.32618417287453,47.91042934085474,111.87437185929649,$\bar{R}_{micro}^{LAD}$,[mmHg*s/ml],5.758716608186948,12.036933907896907,11.993215212569764,11.902843474772919,11.934854639314455,2.249263421424627,5.597520381128868,11.487117568763017,9.801079728916413,10.575166165449026,13.01335306937913,11.19544408009788,7.583845128481582,1.48253949050613,0.32973629671978844,0.5510040002275584,6690.656228140539,1.6529321124006762,0.27252177547960255,0.5602072245137973,0.4945912831250847
160.91236316592722,112.96920686521075,139.05078572197223,175.64817181107364,95.57883342446956,161.10949733690492,32.21660301353216,14.49979629436635,22.836276928561485,34.17574875490819,95.57681044638882,199.49186115282882,138.63456334113036,69.14297913530355,121.04816592537786,38.60258126542289,8.381811545308466,7.105623596292032,1.2761879490164343,2.0399321234514503,0.5639799075615711,0.35539045010549986,0.082084325917441,15.280040562737984,4.041383108014907,6.070363535233042,5.168293919490029,2.9505726453907344,157.99115459122007,0.28985921532194664,59.32538739451183,47.91013021487044,112.26130653266331,$\bar{R}_{micro}^{LAD}$,[mmHg*s/ml],5.758748228141618,12.036841409445396,11.993308027904014,11.902938960912744,11.934948546809418,2.2492279222848715,5.5974119380979985,11.487021510840968,9.800992492825221,10.575067244784409,13.013252882649361,11.19517903725488,7.5837796967240525,1.4824929554720487,0.32973629671978844,0.5510039984514127,6690.518339712869,1.6529931254713561,0.27252274888399247,0.5602279028966107,0.49459305132070364
160.9149306304186,112.97308714399634,139.05387443523585,175.65037009875707,95.57682965774222,161.10839797924973,32.21605444402298,14.49961979674173,22.835917521198514,34.17510026796231,95.57473812793971,199.4890317579187,138.63325446885577,69.14247945110847,121.04663475531636,38.601821147154816,8.381791672262583,7.105644697623936,1.276146974638646,2.0399218835438067,0.5639987252464113,0.35537651407457893,0.08208160569722846,15.26680941077309,4.027872631536092,6.070515683764114,5.168421095472882,2.9505726453907344,157.99379032603593,0.28985921532194664,59.324548475773575,47.90977092110022,112.64824120603015,$\bar{R}_{micro}^{LAD}$,[mmHg*s/ml],5.758781369649736,12.036754125107963,11.993410054254296,11.9030430439294,11.935051276328373,2.2491929241874655,5.597307563160381,11.486928752818718,9.800909352029004,10.57497278277325,13.013159720626094,11.194922069305543,7.583719891090421,1.4824473556118294,0.32973629671978844,0.5510039964262191,6690.378076041956,1.653055357577846,0.27252414166533384,0.5602489944317021,0.49459558085405925
160.91752235476122,112.97695550133518,139.05697414464316,175.65259359712545,95.57485929694579,161.10736189290697,32.21555355377098,14.499450499093681,22.8355873219039,34.17450811468007,95.57288021367681,199.48648464386577,138.63199303608127,69.14193378990923,121.0452348827518,38.60108973954945,8.381779620110004,7.105669742570729,1.2761098775392747,2.0399130813156336,0.5640177083472641,0.3553639250670563,0.08207911458305543,15.25366119785173,4.014450517776345,6.07066314448268,5.168547535592707,2.9505726453907344,157.99644918560878,0.28985921532194664,59.323706982724566,47.909451301575025,113.03517587939699,$\bar{R}_{micro}^{LAD}$,[mmHg*s/ml],5.758816214721074,12.036671398094795,11.99351066080894,11.903146570813481,11.935153074524525,2.2491608779193326,5.5972099858463435,11.486842719421034,9.800826967127742,10.574882173356887,13.013070891481533,11.194681486699055,7.583659383817329,1.4824040403553254,0.32973629671978844,0.5510039946658695,6690.240150786205,1.6531172564400285,0.27252530347331044,0.5602699730245455,0.4945976909633307
160.919961803725,112.98071828195879,139.0599413570186,175.65451211679428,95.5727240118498,161.10618224812998,32.21498310267601,14.499264192575907,22.835213430314457,34.17381695427502,95.5706875955849,199.48355577084067,138.63058444411445,69.14136538387602,121.04371476653179,38.6002854660875,8.381748895595404,7.105681592786749,1.2760673028086542,2.039899990569978,0.5640356162539033,0.355349441210167,0.08207629163887946,15.240587908369344,4.001113847714566,6.070804900407953,5.168669160246828,2.9505726453907344,157.99895740756807,0.28985921532194664,59.32281597030964,47.90905557417122,113.42211055276383,$\bar{R}_{micro}^{LAD}$,[mmHg*s/ml],5.7588460109074,12.036575527677956,11.993601943188136,11.903240192021588,11.935245146441165,2.249124983421406,5.5971072701095075,11.48674195188076,9.8007333896567,10.574779909532904,13.012966734072076,11.19442784765722,7.5835937913852725,1.4823563265770414,0.32973629671978844,0.5510039926733739,6690.090680829486,1.6531804344927765,0.2725268687324288,0.5602913851571519,0.49460053349192024
160.92247348881895,112.98450434065796,139.06295965670571,175.6566996472876,95.57078616536079,161.10512167264125,32.21445659992092,14.499095175749906,22.83486826399454,34.17319907701747,95.56871449584068,199.48084150062175,138.62932335851204,69.14085498750845,121.0421826634205,38.59952961598399,8.381731002504976,7.105702962530559,1.2760280399744164,2.0398902640705834,0.564054029641026,0.3553360941393246,0.08207367820799914,15.227619885913676,3.9878713567387885,6.070954778905148,5.168793750269742,2.9505726453907344,158.00153638674973,0.28985921532194664,59.3220036539599,47.90871833952175,113.80904522613065,$\bar{R}_{micro}^{LAD}$,[mmHg*s/ml],5.758878660538626,12.03649126789093,11.993700859283388,11.90334112338222,11.935344762080486,2.249090916651305,5.597003267340636,11.486653102792069,9.800653658908178,10.57468926233352,13.012876835787605,11.194175930259467,7.583535443309204,1.4823113496424132,0.32973629671978844,0.5510039908777207,6689.955031575255,1.653240940315888,0.2725281558900515,0.5603118916250086,0.49460287112608453
160.92494065949492,112.98826421958819,139.06593768358556,175.65891133545998,95.56888042989472,161.10401846550585,32.213942846407384,14.49892227744701,22.83452851978178,34.17260619804186,95.5668472197398,199.47822519690135,138.62804370457738,69.14032357496346,121.04065428362517,38.59879757017664,8.381711483424562,7.105721466538901,1.275990016885661,2.0398796928062772,0.5640721228599427,0.3553232003159998,0.08207111549117953,15.21473580984518,3.9747161308639907,6.07110335928618,5.168916319695011,2.9505726453907344,158.00407048216613,0.28985921532194664,59.321226956456755,47.908410617453356,114.19597989949749,$\bar{R}_{micro}^{LAD}$,[mmHg*s/ml],5.7589114194962745,12.036405775563615,11.993798072535947,11.903440432315815,11.935442767770194,2.249057571719888,5.5969001896478305,11.48656406085787,9.800573382484204,10.57459697516225,13.012785604518955,11.193923611437654,7.5834748561826775,1.4822677267275355,0.32973629671978844,0.5510039888207441,6689.821630092631,1.6533004234372215,0.2725292253899898,0.5603320514815796,0.4946048139746782
160.92729346295926,112.9919121039196,139.068807840069,175.66086674245645,95.56686977855841,161.1028503221186,32.21340744019258,14.498742899122579,22.834175199002733,34.17197128657821,95.56485060643254,199.4754970140555,138.6266834654602,69.13976137719608,121.03913927896717,38.59804123229854,8.381682253252137,7.105731948683983,1.275950304568154,2.039866668215454,0.5640894084853524,0.35530971883434037,0.08206845375434013,15.20191895685067,3.9616421122914818,6.071242470276557,5.169034374282635,2.950572645390734,158.00649142989712,0.28985921532194664,59.32040903526929,47.90806491871973,114.58291457286433,$\bar{R}_{micro}^{LAD}$,[mmHg*s/ml],5.758939795839707,12.036310751609072,11.993885482126267,11.90353024333321,11.935531074160384,2.249023258761097,5.596796843274165,11.486466925917416,9.800484185324105,10.574498294215337,13.01268573502482,11.1936730362151,7.583410170295851,1.482222700633399,0.32973629671978844,0.551003986967393,6689.680884499089,1.6533605400702138,0.27253049934608575,0.5603524260461871,0.49460712770162485
160.92966065612427,112.9955863053128,139.07169317690511,175.66276699761906,95.56477312161292,161.10167412443147,32.212874298756454,14.498560980814151,22.833824668972223,34.17133150559158,95.56284656093392,199.47278620247135,138.6253456135408,69.13923097227428,121.03772352989736,38.59731162542611,8.381652785964208,7.105742023824781,1.2759107621394272,2.0398533775228325,0.5641067947636637,0.35529628954177495,0.08206580888888655,15.189185358517989,3.9486531276401706,6.0713795959185095,5.169152634959311,2.9505726453907344,158.008926437208,0.28985921532194664,59.31954068199238,47.90771131252688,114.96984924623116,$\bar{R}_{micro}^{LAD}$,[mmHg*s/ml],5.758968480583343,12.03622268713743,11.993977768905792,11.903624712247337,11.935624123206065,2.2489895740675436,5.596700370483752,11.486372109855264,9.800395797746564,10.574401265713865,13.01258768838464,11.193433630853614,7.583347500860077,1.4821789059589716,0.32973629671978844,0.5510039852894786,6689.534118512904,1.6534222943859291,0.272531822536749,0.5603733556497376,0.4946095306253913
160.93210443241162,112.99927048094526,139.07463112390624,175.66497049190835,95.5629493500208,161.10064282522524,32.21234722071041,14.49839107818765,22.833477782404177,34.17072161023074,95.56089455084373,199.47006944913332,138.62407700606488,69.13869437550409,121.03612433910223,38.59653607659046,8.38163516733793,7.105763673414611,1.275871493923319,2.039844265675043,0.5641247072577258,0.3552829503081969,0.08206318543298971,15.17656119510211,3.935757194401829,6.071529498561034,5.169274502139251,2.9505726453907344,158.01143510357647,0.28985921532194664,59.3187883512638,47.90738521059804,115.35678391959799,$\bar{R}_{micro}^{LAD}$,[mmHg*s/ml],5.75900056743003,12.036137088782219,11.994072907695935,11.9037216030609,11.935719826122488,2.2489552217899194,5.596594587486729,11.486282769961553,9.800316972466922,10.574309894020589,13.012496254772108,11.19317682143184,7.583288188441498,1.4821333182222736,0.32973629671978844,0.5510039831190543,6689.406454501456,1.6534801005860968,0.272533032739649,0.5603929471687799,0.4946117289332977
160.93447724088196,113.00288251593096,139.07750439474748,175.6669955742772,95.56104963983516,161.0995779837594,32.211829809707154,14.498222191001268,22.8331375571189,34.170111173304335,95.55895371322838,199.4674114570691,138.62280432875622,69.13818713428314,121.03464448154179,38.59581107858819,8.381613692949276,7.105780731938346,1.2758329610109302,2.0398337880847377,0.5641421192072729,0.35526985722235577,0.08206061473330695,15.164003672586254,3.9229405415282232,6.071670320468826,5.169392810589204,2.9505726453907344,158.01387362990843,0.28985921532194664,59.31800122373304,47.907050587957976,115.74371859296483,$\bar{R}_{micro}^{LAD}$,[mmHg*s/ml],5.759030234042596,12.036050662462573,11.994162566624103,11.903813632783727,11.935810391323054,2.2489219748929514,5.5964946425582935,11.486193202349892,9.800235168492446,10.574217844487459,13.012404742189137,11.192932101520421,7.583228782606151,1.482089908386051,0.32973629671978844,0.5510039812243959,6689.2734747884615,1.6535384890125722,0.27253429873190554,0.5604127360143677,0.49461402824404677
160.93688047313887,113.00652879244294,139.08039842038045,175.6690417998602,95.55913210407756,161.09852610382805,32.211334469372915,14.498055617323086,22.83281127001401,34.16952591184139,95.5571107428752,199.46488574722744,138.62156773614254,69.13766535112629,121.03323949467722,38.595093111829094,8.381595117606956,7.105798895980083,1.2757962216268726,2.039823549951318,0.5641597410974964,0.35525738421885733,0.08205815302783888,15.151529272939067,3.9102073491191556,6.071810401848188,5.169511521971721,2.9505726453907344,158.01634151990976,0.28985921532194664,59.31719824828793,47.90673325026755,116.13065326633166,$\bar{R}_{micro}^{LAD}$,[mmHg*s/ml],5.7590618844456465,12.035968728351152,11.994256823752629,11.903910116731355,11.935905465119811,2.2488901712758627,5.596398357138816,11.486106616332368,9.800154949568038,10.57412864113898,13.012316561059844,11.192693968706983,7.58317017423219,1.4820473045441656,0.32973629671978844,0.5510039794576383,6689.1392472854295,1.6535974955047452,0.2725354666145526,0.560432734333089,0.49461614938391807
160.93922456879056,113.01012755978886,139.08325145557586,175.67092047454682,95.55715956153732,161.09742689969428,32.210800186132474,14.49788321300281,22.83246164073307,34.16888116718939,95.55504713915894,199.46212876288635,138.62028635810077,69.13717997408543,121.0318127701977,38.59435870190282,8.381569945351028,7.105813728234409,1.2757562171166197,2.0398123901826426,0.5641769302378489,0.3552437630049261,0.08205551224573232,15.13913149601573,3.8975550956097225,6.071947706785511,5.169628693620497,2.9505726453907344,158.01874876752547,0.28985921532194664,59.31637854218182,47.906360837425666,116.5175879396985,$\bar{R}_{micro}^{LAD}$,[mmHg*s/ml],5.759088812793065,12.035878373931908,11.994345757532326,11.90400142575752,11.935995256410253,2.248856684366196,5.596299955248823,11.486014081250415,9.800071545716815,10.574035825738713,13.012221852929246,11.192457202379009,7.583111889290458,1.4820032920604593,0.32973629671978844,0.5510039772819298,6689.001169307612,1.6536568216614251,0.27253696626765367,0.5604528409916296,0.4946188730107947
160.94158134312863,113.01370164174025,139.08608100776286,175.67303881937903,95.55532741136746,161.096395660529,32.21030638435397,14.497717634913224,22.832135670398486,34.168311151883955,95.55325479832605,199.45961075060498,138.61905147551667,69.1366593108087,121.03032565718009,38.593641607819606,8.381550897683578,7.105831203846071,1.2757196938375075,2.039802196101151,0.56419422822652,0.35523137938670807,0.08205304900252264,15.1268220004524,3.8849876358152247,6.07208905546766,5.169745309169517,2.950572645390735,158.0211712217485,0.28985921532194664,59.31562094829657,47.90606701714735,116.90452261306532,$\bar{R}_{micro}^{LAD}$,[mmHg*s/ml],5.759121291300053,12.0357990835103,11.994435787755798,11.904093580648553,11.93608611469432,2.2488243083444,5.596200983025723,11.485928267070998,9.799993423465848,10.573946956216606,13.012134550322553,11.192213158996061,7.583052994322163,1.4819608321517888,0.32973629671978844,0.551003975728862,6688.872918795722,1.6537138797239888,0.27253798721535266,0.560472178953924,0.49462072729120043
160.94402206125392,113.01732102361598,139.0889926661636,175.67503931341665,95.55356666532981,161.09546063637916,32.209816517909104,14.497559380405422,22.831816066518993,34.167712006307596,95.55135885189921,199.45707840887556,138.6178835344719,69.13618297771879,121.02900512395524,38.59293608103697,8.381539890899939,7.1058569270973475,1.2756829638025917,2.0397947764652122,0.5642121044686687,0.3552188712125595,0.08205062626816888,15.114593379384289,3.872500549627979,6.072228694946574,5.169864134809735,2.9505726453907344,158.02367461703736,0.28985921532194664,59.31487224274497,47.905724687305614,117.29145728643216,$\bar{R}_{micro}^{LAD}$,[mmHg*s/ml],5.759154436129032,12.035721934778552,11.994533283784698,11.904193268094177,11.936184346028945,2.2487933804333484,5.596109261350077,11.485847413701824,9.799916066938962,10.573863063434853,13.01205051634353,11.1919843113332,7.582999265251367,1.481918980860538,0.32973629671978844,0.5510039737052888,6688.749666573087,1.6537705512396523,0.2725393708126408,0.5604913859088018,0.4946232401554545
160.94625606145834,113.02082003357351,139.09172387106875,175.67690640795055,95.55160998648992,161.09430408074422,32.20932414147253,14.4973869708511,22.831490347108627,34.16713117125965,95.54955577878921,199.4545937343615,138.61661966958235,69.13567927900138,121.0276392928684,38.592264714061564,8.381511091481558,7.105864446750144,1.2756466447314148,2.0397814165743706,0.56422852112894,0.3552065595271628,0.08204817410349363,15.102424270964912,3.860088790251087,6.072359598529152,5.169975882184675,2.9505726453907344,158.0259735770295,0.28985921532194664,59.31408346914439,47.905417463608,117.678391959799,$\bar{R}_{micro}^{LAD}$,[mmHg*s/ml],5.759181848456095,12.035634567027635,11.994619371473703,11.904281608355538,11.936271320972631,2.2487619186930354,5.596014809419064,11.48575867357605,9.799833452020364,10.573771382025418,13.011958699525001,11.191756158381853,7.5829392840878596,1.48187846961331,0.32973629671978844,0.551003971936241,6688.612699054294,1.6538284765622773,0.27254044068168093,0.560511017800501,0.4946251834155884
160.94856751888204,113.02432161485022,139.0945085495514,175.67897427432882,95.54974746287438,161.09330096667145,32.20882823948291,14.497223406618135,22.831162830779856,34.166563324519174,95.5477387851035,199.45205957829924,138.61538847445524,69.13514222903206,121.02616561407774,38.591538078011574,8.381492531845531,7.105882597490004,1.2756099343555272,2.039771848378955,0.5642454676738923,0.35519410318907707,0.08204570752455188,15.090350408738582,3.8477612465380133,6.072498134685895,5.170091027514674,2.9505726453907344,158.0283467060513,0.28985921532194664,59.313296635868575,47.90511513750209,118.06532663316582,$\bar{R}_{micro}^{LAD}$,[mmHg*s/ml],5.759211622731165,12.035551892803506,11.994706018340397,11.904370536559759,11.936358864731927,2.248729731601952,5.595915902645192,11.48567163581573,9.799756520774453,10.573682596272404,13.011870523517281,11.19151427170713,7.582880508517115,1.4818356512687403,0.32973629671978844,0.551003970469061,6688.482322401206,1.6538855507436359,0.2725415263712858,0.5605303612257333,0.4946271551170049
160.9507809251824,113.02775024325548,139.09721853489006,175.68074775219202,95.54781610639834,161.09220643429765,32.20829650923268,14.497052507435898,22.83081403282965,34.16592430050438,95.54569123217402,199.44931613264666,138.61409869229232,69.13463201306415,121.02469831294593,38.5907845204645,8.38146353158691,7.105893385862582,1.2755701457243276,2.039759982865184,0.5642617187049712,0.3551805553702364,0.0820430811030675,15.07834319935549,3.83550898431729,6.072631028029948,5.170203187008254,2.9505726453907344,158.03062240451032,0.28985921532194664,59.3125007232228,47.904747474105136,118.45226130653266,$\bar{R}_{micro}^{LAD}$,[mmHg*s/ml],5.759236393248281,12.03546236108351,11.99479098289701,11.9044571597826,11.936444259314955,2.2486961672723296,5.595818236782661,11.485578075936127,9.79967233345349,10.573588862297136,13.011773947591173,11.191274908037213,7.582821160120763,1.4817910370988443,0.32973629671978844,0.5510039684146754,6688.347127447884,1.6539427989493087,0.27254300406774845,0.5605497636308095,0.49462983878663763
160.95322757395058,113.031342826114,139.10011059657174,175.68276337459102,95.5460355271389,161.09133632691626,32.20784521924971,14.496904576089891,22.830518294672345,34.16536992344869,95.54393248526655,199.44700399419654,138.61302449474667,69.13419861205588,121.02345386518198,38.59013688046552,8.381457697858323,7.105921278217744,1.2755364196405787,2.0397536535484213,0.5642793863774908,0.35516909253922707,0.08204083414393504,15.066428643262292,3.82333897321615,6.0727692917885365,5.170320378257609,2.9505726453907344,158.03309644389407,0.28985921532194664,59.31171576678664,47.90442101002764,118.8391959798995,$\bar{R}_{micro}^{LAD}$,[mmHg*s/ml],5.759272278327792,12.035393702152362,11.994889157567435,11.904557784429732,11.93654342861478,2.2486679231024183,5.595731390956405,11.485505614246104,9.799604264859013,10.573512174869236,13.011700340683738,11.191063109799332,7.5827713910889765,1.4817523788683753,0.32973629671978844,0.5510039642179728,6688.222486899723,1.6539995152285136,0.2725442876907811,0.5605689857568242,0.4946321721615867
160.95524892205665,113.03461442364123,139.10263062311034,175.68452079561118,95.54408710663914,161.09010723799716,32.207339465237524,14.4967269912457,22.830183490544687,34.164794074642515,95.542154607836,199.4444506453495,138.6116816872913,69.13365003933188,121.02202521797759,38.589455843673385,8.381418074698324,7.105918754399574,1.2754993202987503,2.0397374814369957,0.5642945325465706,0.3551565303154336,0.08203831533446496,15.05455232812973,3.8112362691832185,6.072891132519603,5.1704249264269135,2.9505726453907344,158.03521736129326,0.28985921532194664,59.31095878251589,47.90414288223455,119.22613065326634,$\bar{R}_{micro}^{LAD}$,[mmHg*s/ml],5.759293915809209,12.035300379779628,11.994962409024142,11.904633139069496,11.93661747711324,2.2486346520525786,5.595634589555967,11.485409426719357,9.79951478631583,10.573414166619543,13.011600758351667,11.190825213454266,7.582706641124189,1.4817112287468797,0.32973629671978844,0.551003965362116,6688.086097464739,1.6540554433777384,0.27254517563695374,0.5605879407719844,0.49463378264045504
160.95759529421306,113.03810108298859,139.1054276270045,175.68666666920416,95.54243609716333,161.08920705752084,32.20685489010888,14.4965713296352,22.829864897300805,34.164235124514605,95.5403614827031,199.44194956200403,138.61052984459693,69.13317169660037,121.0205644499788,38.588745141818634,8.381407472127147,7.10594426713569,1.275463204991458,2.0397306732900713,0.5643117117244367,0.35514425993232607,0.08203590469834794,15.042797686983775,3.799222831439027,6.073034203094003,5.1705406524507485,2.9505726453907344,158.037622926374,0.28985921532194664,59.310265313459254,47.90384454851149,119.61306532663316,$\bar{R}_{micro}^{LAD}$,[mmHg*s/ml],5.759326386875685,12.035225931982875,11.995055301002445,11.904727709723705,11.936710940518752,2.2486031708617364,5.59553767720749,11.48532849486747,9.799444182595051,10.573331495664377,13.011519572104298,11.190590378741216,7.58265317906052,1.4816694419525773,0.32973629671978844,0.551003963276203,6687.970526801433,1.6541092040572971,0.2725462859410664,0.5606061611942617,0.4946357995694606
160.95967820957884,113.04140180679303,139.1079963638768,175.6883087525984,95.54047622053938,161.08805357865882,32.20636052490879,14.496403679329076,22.82953818006662,34.16364250860081,95.53850152598538,199.43943829371688,138.6092492977197,69.13264627693935,121.01918909474166,38.588046952719964,8.38137340765218,7.10594684484132,1.27542656281086,2.0397163938227805,0.5643270390395446,0.3551318202135742,0.08203344922173485,15.031075776551772,3.7872733089579778,6.073156390052179,5.170646077541617,2.950572645390735,158.03976914799887,0.28985921532194664,59.30947335823835,47.903515143922874,120.0,$\bar{R}_{micro}^{LAD}$,[mmHg*s/ml],5.759350348998044,12.035138427724657,11.995131309424089,11.904805960988954,11.936787772694416,2.2485717010294928,5.595445496376355,11.485237762150541,9.799358605569733,10.573238244066808,13.011424292440925,11.190362812122956,7.582591988959222,1.481627776519954,0.32973629671978844,0.5510039615308039,6687.833335437756,1.654165599752614,0.27254751247710285,0.5606252746688628,0.4946380271385146
