STK_syst_list,DTK_syst_list,MAP_syst_list,Plvmax_list,SV_lv_list,EDV_lv_list,STK_pulm_list,DTK_pulm_list,MAP_pulm_list,Prvmax_list,SV_rv_list,EDV_rv_list,maxVla_list,minVla_list,maxVra_list,minVra_list,Eout_total_list,Eout_lv_list,Eout_rv_list,SW_lv_list,PE_lv_list,SW_rv_list,PE_rv_list,Ein_total_list,Ein_LAD_list,Ein_LCX_list,Ein_RCA_list,Ees_lv_list,Pes_lv_list,LVET_list,EF_lv_list,EF_rv_list,var,var_name,var_unit,Plvmin_list,EDP_lv_list,Pv_syst_max_list,Pv_syst_min_list,Pv_syst_mean_list,Prvmin_list,EDP_rv_list,Pv_pulm_max_list,Pv_pulm_min_list,Pv_pulm_mean_list,Plamax_list,Pramax_list,Plamin_list,Pramin_list,RVET_list,Ees_rv_list,CO_list,Ea_lv_list,Ea_rv_list,VAC_lv_list,VAC_rv_list
150.40284135944867,108.90464856082922,128.8919334126096,314.06233285466436,90.59300379252926,184.1787910711391,32.6667654467352,15.867370513685922,23.703787980040318,34.38848375107777,90.59400155154006,195.74774736694604,156.14905605201994,79.95069746093986,133.6905369407188,36.17962956194894,11.737253610035173,10.479854429586965,1.257399180448208,3.227485644342127,0.748064936790786,0.34312205899872855,0.08671500622412029,21.232187258317893,10.28343360301258,6.111701322665686,4.837052332639622,1.6153613214054736,134.6332378462292,0.3383120131494318,49.18753308438087,46.28099315069705,43.0,$\bar{R}_{micro}^{LAD}$,[mmHg*s/ml],7.813934481179449,13.874927309689674,11.427035906333701,11.313239384342115,11.359910846220375,2.3607693768935194,5.484076355522882,13.297802960439014,11.25066280458665,12.08198460972995,15.12000209924786,10.58191523131008,8.785813812662717,1.3255329721368965,0.3241620810405202,0.5529713099883575,6341.510265477048,1.4861328381886783,0.2960375405581758,0.9200002615486931,0.5353578661511548
150.41857751858294,108.9301545032765,128.9129931264055,314.0548675821976,90.58130413038971,184.16786430478857,32.66334037181161,15.866028687475843,23.70143400293666,34.38453005938543,90.58208427430446,195.73130589569809,156.13767589185622,79.94542149535145,133.6792869853005,36.175369315926844,11.7360013139856,10.478845321229137,1.2571559927564622,3.2270636652752698,0.7480767092081199,0.3430410983689004,0.08669711006868593,21.148474248374143,10.197919451474903,6.112645255129447,4.837909541769797,1.6153613214054738,134.63429721444,0.3383120131494318,49.18409868753335,46.278792173682284,43.38693467336683,$\bar{R}_{micro}^{LAD}$,[mmHg*s/ml],7.8137845839660915,13.874056267004828,11.42774784332717,11.313964076274312,11.360631199129253,2.3605362816046207,5.483456325918096,13.296906567080052,11.249882133496678,12.081125382124789,15.119038737010348,10.580367952549299,8.78521634723383,1.325274234040478,0.3241620810405202,0.552971297041371,6340.69128912728,1.4863364852932237,0.2960459312060977,0.9201263306218143,0.5353730524352129
150.43379218419093,108.95505837229341,128.93347708376487,314.04699643427256,90.56970798873711,184.1567837839541,32.659899459272836,15.864675838349765,23.699068522304938,34.38055282870093,90.57044674471629,195.71481622915397,156.12614015393942,79.94005300972009,133.66797568042105,36.17112279913604,11.734729247263498,10.477816902065676,1.2569123451978226,3.2266369626512827,0.748085355261594,0.3429600019656463,0.08667916274891573,21.06610556039728,10.11379799856688,6.113563069746846,4.838744492083553,1.6153613214054736,134.6350752442566,0.3383120131494318,49.180761157835015,46.27674515897217,43.77386934673367,$\bar{R}_{micro}^{LAD}$,[mmHg*s/ml],7.813622488990589,13.873171660725975,11.428425177112105,11.314654127823369,11.361316927396961,2.360302117412459,5.482836305956657,13.295994607920031,11.249082256477237,12.080252086979566,15.118060335812363,10.57881709330041,8.78460904201437,1.325016366205501,0.3241620810405202,0.5529712864671912,6339.879559211598,1.4865353795884966,0.29605331973607246,0.920249457437244,0.535386424180341
150.44885582669076,108.97962750394878,128.95370847321783,314.03960083785097,90.55838010251391,184.14603328881682,32.65654454427966,15.863357784882023,23.696764041718538,34.37665854605411,90.55904375977923,195.6987283944327,156.11491888072752,79.93484482599368,133.6570261245114,36.166972823363096,11.733497635610044,10.47682301932362,1.2566746162864253,3.226222661740633,0.7480956387974244,0.34288084980189243,0.08666167714380897,20.985089289720523,10.031054527171484,6.114466673218452,4.839568089330591,1.6153613214054734,134.63600061985213,0.3383120131494318,49.17748076630088,46.27472263246218,44.1608040201005,$\bar{R}_{micro}^{LAD}$,[mmHg*s/ml],7.813471398677621,13.872315240497825,11.429102952289758,11.31534410543199,11.362002723712816,2.3600744102239566,5.482233267931297,13.295109008258677,11.248302096030573,12.079403129495898,15.117111385881296,10.577318494193456,8.78401902387184,1.3247643448558162,0.3241620810405202,0.5529712761492351,6339.086607175974,1.4867315478417509,0.29606072894898344,0.9203708966785178,0.5353998330811726
150.46366477877243,109.00380279612835,128.97360497318525,314.0321502173585,90.54717737886233,184.1353945729338,32.653240322782125,15.862060304540986,23.694493518037323,34.372846074404606,90.54787787281012,195.6828839559665,156.103907382318,79.92972788304522,133.64613041969267,36.16288477821309,11.732277820436725,10.475837165645723,1.2564406547910019,3.2258125735329997,0.7481049734774573,0.3428029721442984,0.08664444850245043,20.9054005910301,9.94966107994754,6.115360440644027,4.840379070438534,1.6153613214054736,134.63684060607918,0.3383120131494318,49.17423811368199,46.27276338240478,44.54773869346734,$\bar{R}_{micro}^{LAD}$,[mmHg*s/ml],7.813318955944013,13.87146937182972,11.429766746737394,11.316020142920044,11.362674512924222,2.3598493971435195,5.4816358745043665,13.294238202948133,11.2475398644949,12.078569060452065,15.116176051037188,10.575818767295152,8.783439631532973,1.3245160010426817,0.3241620810405202,0.552971265921995,6338.302416520363,1.486924766773672,0.29606780081867934,0.9204905101231141,0.5354126318390732
150.47833359765943,109.02764848268112,128.99326109692174,314.02521497688855,90.53625130017284,184.12510612797135,32.65003110014764,15.860800613817856,23.69228984922505,34.36912789550219,90.5369748667862,195.66748803553546,156.09322455947856,79.92479389397363,133.6356723201173,36.158927583132765,11.731101257665655,10.474887993913983,1.2562132637516714,3.225415598055757,0.748116106787326,0.3427272717170191,0.08662771354788802,20.826985572430537,9.8695717811338,6.116235103421927,4.841178687874812,1.6153613214054736,134.63784243613145,0.3383120131494318,49.171051794125226,46.27083210182759,44.93467336683417,$\bar{R}_{micro}^{LAD}$,[mmHg*s/ml],7.813178331864377,13.870652706336962,11.430428122123555,11.316693526750665,11.363343990591138,2.3596316833002002,5.481058842683348,13.29339548758543,11.246797482294001,12.077760195173887,15.115271640852265,10.574381209232124,8.782878224143413,1.3242752069743124,0.3241620810405202,0.5529712543737169,6337.537591012098,1.487115277058908,0.2960748551357101,0.9206084467622495,0.5354254001341137
150.49283817274042,109.05115510809938,129.01266148557042,314.0185437931933,90.52552854954183,184.11509352878485,32.6468647308565,15.85956771019016,23.690116765612572,34.36548123036163,90.52624843017986,195.65226077646207,156.08276932955152,79.91993668587516,133.62524591428706,36.15500031828437,11.72995386823727,10.4739650967268,1.25598877151047,3.225028601432512,0.7481279419523666,0.3426525124425664,0.0866112158137223,20.749860649430957,9.790781678309624,6.117109592263157,4.841969378858176,1.6153613214054738,134.63890741439448,0.3383120131494318,49.16790188925436,46.268950877909106,45.321608040201006,$\bar{R}_{micro}^{LAD}$,[mmHg*s/ml],7.8130447918133,13.869853622441834,11.431081129865841,11.317358393315724,11.36400483292262,2.359416317990246,5.480483209588985,13.292570395040642,11.246076231955831,12.076969314413441,15.114389542053901,10.57294295000872,8.782329437137715,1.3240365018698066,0.3241620810405202,0.5529712444563891,6336.786998467928,1.4873031902896956,0.29608173679644545,0.9207247756778285,0.5354378546166814
150.50677497569845,109.07406860371282,129.03146795678958,314.0109281050535,90.51474788000739,184.1046853111718,32.643672962236444,15.858303838626204,23.687921339051748,34.361792536729,90.51549154360703,195.63700023782357,156.07203509336688,79.91496498724173,133.61475319074114,36.15107977844696,11.728759133805035,10.472995909396927,1.2557632244081085,3.224628407128576,0.7481341576669229,0.342577471463951,0.08659457097836956,20.673896271950312,9.713209252721624,6.117951105787475,4.8427359134412145,1.6153613214054736,134.63946672733513,0.3383120131494318,49.16482583103212,46.26706166705329,45.70854271356784,$\bar{R}_{micro}^{LAD}$,[mmHg*s/ml],7.812886249551408,13.869028124179565,11.431704068755652,11.31799290368969,11.364635184998725,2.359198827805525,5.479909926496156,13.291719550607946,11.245330052338627,12.07615508233094,15.113475519770201,10.571513471986613,8.781763491748539,1.3237983340042068,0.3241620810405202,0.552971234683801,6336.032351600517,1.4874865133118695,0.2960884655597443,0.9208382629947185,0.5354500324579324
150.5206375124406,109.09673159324402,129.05009786984604,314.0041546367581,90.50430937430784,184.0947252627316,32.640574619469724,15.857088102994311,23.685794481161352,34.358203620265755,90.50530270458832,195.62214085788602,156.0616885898347,79.91016117667466,133.60457957188598,36.14725870741758,11.727619767434152,10.472075532317438,1.2555442351167139,3.224244555740313,0.7481438720310034,0.34250454361363575,0.0865784787915325,20.599154041993327,9.636870472710342,6.118788171087974,4.84349539819501,1.6153613214054736,134.64034085702176,0.3383120131494318,49.16181560614744,46.26536766630004,46.095477386934675,$\bar{R}_{micro}^{LAD}$,[mmHg*s/ml],7.812744792128211,13.868237532729452,11.432324708926224,11.318624956177446,11.365263321198826,2.3589884740183,5.479349140265131,13.290902125832485,11.244605142997422,12.075370391471184,15.112596658896605,10.570106220689233,8.781219046753435,1.323566098739271,0.3241620810405202,0.5529712290086884,6335.301656201548,1.487667734142648,0.296094280890061,0.9209504489362643,0.5354605544683929
150.53436343273935,109.11905930919178,129.06850455706592,313.9973333643657,90.49398025783222,184.08498338004753,32.63753644599406,15.855894558553903,23.68370520857189,34.35467975344722,90.49465345048101,195.6075696081939,156.05155000220816,79.90543805107055,133.59465941589175,36.14349355030907,11.726502269297521,10.47117362521729,1.2553286440802311,3.2238689816976516,0.748152817171166,0.34243278109754643,0.08656260267490527,20.525564079654288,9.561713795283993,6.119606393933815,4.844243890436484,1.6153613214054738,134.64114576445036,0.3383120131494318,49.15880621886761,46.26336988478703,46.482412060301506,$\bar{R}_{micro}^{LAD}$,[mmHg*s/ml],7.812608552504812,13.867460196858884,11.432940569428265,11.31925205868681,11.36588672650903,2.358782176340587,5.478805177683927,13.290100754376269,11.243905980267428,12.074603345631564,15.111736201468227,10.568751317026626,8.780685148528315,1.3233374249043235,0.3241620810405202,0.5529712157698541,6334.5786180482555,1.4878464333299917,0.29610196898625396,0.9210610738379351,0.5354744705364397
150.54787201512667,109.14106305265568,129.0866247308839,313.9906565721096,90.48381394917222,184.07537516274886,32.63454276937331,15.854718059198378,23.681647586585903,34.35123840850593,90.4845758660537,195.59322122434705,156.0415771432272,79.90081435894734,133.58481004196187,36.13982214623702,11.72540089084938,10.470283930440443,1.2551169604089374,3.223498260567545,0.7481618737578387,0.34236233589401177,0.0865469976055563,20.453139104755426,9.487734657026152,6.120422006913592,4.844982440815679,1.6153613214054736,134.64196069522927,0.3383120131494318,49.155849265102205,46.261611368559215,46.869346733668344,$\bar{R}_{micro}^{LAD}$,[mmHg*s/ml],7.8124714357734995,13.866694705114043,11.433549300212569,11.319871952780922,11.366502706257075,2.358578386000144,5.4782631299999105,13.28931248604845,11.24321703767665,12.073848125670997,15.110891591284593,10.56739412774921,8.780160478553015,1.3231140475843928,0.3241620810405202,0.55297120647304,6333.866976442055,1.4880226066825848,0.29610825035111726,0.9211701351050702,0.53548583883735
150.5611735304285,109.16273163460755,129.1044640567214,313.98417873324655,90.47383180138635,184.06592908940192,32.63158392742305,15.853561701198315,23.67961723964911,34.34780892860788,90.47450637981181,195.57900496155577,156.03177254521313,79.89630162302636,133.5751056026588,36.1361500507895,11.724318018309901,10.469410761481976,1.2549072568279263,3.2231339754582,0.7481712121360999,0.34229249275201695,0.08653159538941652,20.381816766206818,9.414886026770644,6.121221626996842,4.845709112439328,1.6153613214054736,134.64280097704494,0.3383120131494318,49.15294875535747,46.25982548464036,47.256281407035175,$\bar{R}_{micro}^{LAD}$,[mmHg*s/ml],7.812338687334307,13.865944637603992,11.434146215783741,11.320479670731526,11.367106696587776,2.358377341945575,5.477729891873921,13.288537495439401,11.242537324101077,12.07310574112213,15.110061258577712,10.566065710096192,8.77964641345821,1.3228910140498602,0.3241620810405202,0.5529711972714776,6333.168226097045,1.4881960705789603,0.2961148513161195,0.9212775190655977,0.5354977850152723
150.57420283648813,109.18400625138584,129.12196889681923,313.97757913086537,90.46395881803976,184.0565387649628,32.62867448111555,15.852416150885258,23.677616252175234,34.344454362419384,90.46468942799973,195.5650708728902,156.02203075954225,79.89176724620609,133.56549921168326,36.13254396341936,11.723241923822963,10.468540373257913,1.2547015505650496,3.2227720744923056,0.7481792967507488,0.34222403572621596,0.08651643198315383,20.31157443012394,9.343144770745269,6.122006998292385,4.846422661086286,1.6153613214054736,134.64352843902347,0.3383120131494318,49.15009237110601,46.25810172758217,47.64321608040201,$\bar{R}_{micro}^{LAD}$,[mmHg*s/ml],7.812204204286728,13.865196455136193,11.434729990177392,11.321074194242154,11.367697470831324,2.3581792064368217,5.47720252964055,13.287767259122882,11.241861787529155,12.072367670179759,15.109234666914984,10.564751655966354,8.77913288265641,1.3226720576811004,0.3241620810405202,0.5529711883021178,6332.477117262783,1.488366529590497,0.29612103352644636,0.9213830428324962,0.5355089736875397
150.58711187297405,109.20502147831516,129.13927465781083,313.9713375841421,90.45428910160908,184.04739826968603,32.625810544225345,15.851294489556848,23.675650086469425,34.341135222221915,90.45496069211494,195.551323896034,156.01249441944148,79.8873316058955,133.55615834200492,36.12902385122096,11.722194700847124,10.46769592280543,1.254498778041695,3.222419557134213,0.7481885415671817,0.34215651912581446,0.08650152072853315,20.242397364328262,9.272489292638836,6.1227809340168315,4.847127137672593,1.6153613214054736,134.64436029234028,0.3383120131494318,49.147279424763035,46.256378576197136,48.030150753768844,$\bar{R}_{micro}^{LAD}$,[mmHg*s/ml],7.812076096195257,13.864466569624904,11.435309155354005,11.321663959206656,11.368283701505344,2.3579847634181546,5.476687644625984,13.287014382293673,11.241199455256384,12.071645582303795,15.108427318781974,10.56346690664276,8.778631151814272,1.3224578944774343,0.3241620810405202,0.5529711794515774,6331.800237112636,1.488534834883193,0.29612735764484616,0.9214872333256482,0.535520418873435
150.5998878573757,109.22576474392102,129.15637156798482,313.9654020180995,90.44481192275525,184.03849265235775,32.62303507128023,15.850204003079917,23.673744436626077,34.33791409277419,90.4455165787243,195.53800995066865,156.00326143453816,79.88305767261755,133.54708489432545,36.125574794986484,11.721177568073605,10.466875294894853,1.254302273178752,3.2220757545019048,0.7481987556179549,0.3420910841224276,0.08648707570633338,20.174259711082644,9.202894613913513,6.123542899250288,4.847822197918842,1.6153613214054736,134.64527935188363,0.3383120131494318,49.14450809679382,46.25469830727149,48.417085427135675,$\bar{R}_{micro}^{LAD}$,[mmHg*s/ml],7.811956486896659,13.863761450328443,11.435886476699357,11.322251592898825,11.36886792583087,2.357796476363018,5.4761866759869005,13.286286174036846,11.240557096453204,12.070946669786382,15.107645553134942,10.562214514933999,8.778146089480085,1.3222482782479688,0.3241620810405202,0.5529711708488023,6331.136834592868,1.488700971227382,0.2961335472847806,0.9215900811170292,0.5355316206272022
150.61226680659732,109.24606272240855,129.17303526842375,313.9590468646952,90.43537451266008,184.02943106334203,32.62020700615273,15.849100527711673,23.67180487994677,34.33465721702379,90.43628516262301,195.5244265298767,155.99386822737657,79.87873086026043,133.5376961982855,36.122097089046335,11.720137435181272,10.46603484749602,1.2541025876852514,3.2217267180334934,0.7482061468022871,0.34202458857227613,0.08647239829164723,20.10714963429561,9.13434497315729,6.124301077530405,4.848503583607913,1.6153613214054736,134.64594440619837,0.3383120131494318,49.14179976002461,46.253190339266425,48.80402010050251,$\bar{R}_{micro}^{LAD}$,[mmHg*s/ml],7.8118250836591985,13.863040644032482,11.436440348283664,11.32281557514946,11.369428030108008,2.3576034335181566,5.475671047109695,13.285542686441325,11.239902555111968,12.070234091925458,15.106846570055618,10.560923430786818,8.777653183888367,1.3220367295715971,0.3241620810405202,0.5529711659129097,6330.476215886205,1.488863678972759,0.2961386427101877,0.9216908064118725,0.5355408400387157
150.62462344810484,109.26615524944735,129.18959480746489,313.95281917567854,90.42605244412464,184.02064783744535,32.61748796754775,15.848025034004229,23.669931678912594,34.33152320304359,90.42680441186077,195.51142166044042,155.98474413551048,79.87446208162008,133.52881058417154,36.118747420762205,11.719130692750479,10.46522055499773,1.2539101377527488,3.2213880041245138,0.7482138475005803,0.341960577351014,0.08645817783303031,20.041007656644382,9.066794808661342,6.125036247381581,4.8491766006014565,1.6153613214054738,134.64663730689878,0.3383120131494318,49.13907950373183,46.251417765715956,49.19095477386935,$\bar{R}_{micro}^{LAD}$,[mmHg*s/ml],7.81170113389689,13.862340790237383,11.436993258930222,11.323378923889333,11.36998809272025,2.3574186940748594,5.475183835048527,13.28482116855741,11.239275508475226,12.069543863016943,15.106074579808105,10.559710789087028,8.777171318468184,1.3218333026126825,0.3241620810405202,0.552971153682014,6329.823671088725,1.489024829322264,0.29614533425665035,0.9217905675906066,0.5355529529609943
150.6366801002848,109.28587291082232,129.20580367514194,313.94660315053983,90.41687136840058,184.01188198216659,32.61476895537877,15.846956692254253,23.668063784991965,34.32838089375547,90.41761088121727,195.49838836608788,155.9756565113182,79.87025507804341,133.51986606479284,36.115402044778406,11.718125053860065,10.46440711379134,1.2537179400687244,3.221050319249928,0.748220865218097,0.34189660769035607,0.08644401835384084,19.975838137266322,9.000238064444305,6.125762822164415,4.849837250657599,1.6153613214054736,134.64726875060484,0.3383120131494318,49.13643097088876,46.24979859777788,49.57788944723618,$\bar{R}_{micro}^{LAD}$,[mmHg*s/ml],7.811570612000615,13.861645643839767,11.437531589495224,11.323927258542762,11.370532954096229,2.3572333930837677,5.474693389730285,13.284101279284995,11.238645005482072,12.068855235020893,15.105301421479927,10.558484525798695,8.776693138461479,1.3216298844980228,0.3241620810405202,0.5529711452902123,6329.1809957880405,1.4891830110111746,0.29615118993251993,0.9218884910005674,0.5355635505666264
150.6486779808168,109.30538380934345,129.22187376517613,313.9409230161226,90.40792707152777,184.00343926471066,32.61211526003635,15.845920025245563,23.666242496374274,34.3252912511397,90.40851673811146,195.48563763921982,155.9668361772271,79.86615785181233,133.5112331375892,36.11211537101861,11.717158338633235,10.46362848976306,1.2535298488701738,3.22072466549857,0.7482300051368204,0.34183394852422705,0.08643021768316064,19.91162388007484,8.934653062214233,6.126479764116106,4.8504910537445,1.6153613214054736,134.64809114235547,0.3383120131494318,49.13382458110758,46.24816320519959,49.96482412060301,$\bar{R}_{micro}^{LAD}$,[mmHg*s/ml],7.811456125380075,13.86097084374344,11.438071441185496,11.324476724819029,11.371079165298783,2.3570537838020136,5.474218023424475,13.283405482698136,11.238030430147392,12.068187427233909,15.104555546187488,10.557297178267273,8.776229658106738,1.3214302533037183,0.3241620810405202,0.5529711370838749,6328.554895006943,1.489339436306579,0.2961573340304962,0.9219853271036309,0.5355746695791375
150.66037738950072,109.32453469455851,129.23760891692885,313.93477235022556,90.39897713259242,183.9948772357757,32.609485326669066,15.844882672534046,23.664434789651185,34.322264647364854,90.39969111355288,195.47304750952867,155.95804474592487,79.86211785795992,133.50254884936462,36.10890092581809,11.716177128973962,10.46283291181102,1.2533442171629423,3.2203949564411625,0.7482363085226668,0.3417721884585454,0.08641651770525226,19.848333719507494,8.87001574846763,6.127185628827686,4.851132342212182,1.6153613214054736,134.64865830557974,0.3383120131494318,49.1312467448498,46.24662697252223,50.35175879396985,$\bar{R}_{micro}^{LAD}$,[mmHg*s/ml],7.81132902153013,13.860294929245677,11.438593734234972,11.325008931577976,11.371607980855803,2.356874259418515,5.473741314619448,13.282710117848517,11.237422501067,12.067521166964355,15.10380848130479,10.556111590938551,8.775767457209678,1.3212343830237323,0.3241620810405202,0.5529711289383826,6327.92839928147,1.4894931621635965,0.2961627703297099,0.9220804921016907,0.5355845085407908
150.67206895807922,109.34352065630065,129.25325301929533,313.9292313556354,90.39026836568515,183.98669489633727,32.60691974770252,15.843877845439993,23.662672416194297,34.31930738401555,90.39101452652505,195.46073551540903,155.949517978414,79.85814541282679,133.49408697233355,36.105703122170056,11.715240220031955,10.462077466327235,1.2531627537047196,3.2200789860754617,0.7482451872282927,0.3417117776408949,0.08640316288947898,19.785977250704093,8.806317975916684,6.127889410222252,4.851769864565155,1.6153613214054736,134.64945718571954,0.3383120131494318,49.128698364092735,46.24510098571646,50.73869346733668,$\bar{R}_{micro}^{LAD}$,[mmHg*s/ml],7.811217330553229,13.859643429415659,11.439122061864262,11.32554664099658,11.372142342923816,2.356699670510199,5.47327524358495,13.282036987168716,11.236832558618593,12.06687589395779,15.103086602762042,10.55495103693531,8.775318975516653,1.3210403481904738,0.3241620810405202,0.5529711209746824,6327.31878559796,1.489645507423192,0.2961683091187182,0.9221748024318792,0.5355945326705013
150.68351631818854,109.36217616320216,129.26860454713622,313.92357795243174,90.38164787133806,183.97852831079265,32.60436437523287,15.842876147011234,23.660916880028758,34.31635343373396,90.38235256813724,195.4484753385087,155.94100296690306,79.8541663714421,133.48571937700996,36.10256360776576,11.71430365769852,10.4613216184953,1.2529820392032212,3.2197639716174296,0.7482529464700907,0.34165161568260766,0.08638986366829533,19.724494332138068,8.74352119715278,6.128577889194866,4.852395245790419,1.6153613214054736,134.6501553358751,0.3383120131494318,49.12619352985445,46.24357003123137,51.12562814070352,$\bar{R}_{micro}^{LAD}$,[mmHg*s/ml],7.811102520252405,13.85898643971669,11.43963392209713,11.32606797766025,11.372660465109405,2.3565261109097473,5.4728143909230385,13.281361406166077,11.23624209235454,12.066231034833232,15.102363426188191,10.553792111005224,8.77487071777731,1.3208495251197012,0.3241620810405202,0.5529711130436298,6326.715350993664,1.4897953125125032,0.29617389457323434,0.9222675402530256,0.5356046411593764
150.69476160593894,109.3805514475144,129.28370630595185,313.91791574592094,90.37313184830128,183.9704017297276,32.601851460964404,15.841887340460154,23.659191255406455,34.31342872241811,90.3737896962788,195.43642781375934,155.93261699817378,79.85035456749696,133.477552285119,36.09949902621867,11.713373345847149,10.460569092816623,1.2528042530305263,3.2194509398778792,0.7482600734622121,0.3415924134843836,0.08637679506461088,19.663862804184237,8.681604101487524,6.129249422523647,4.8530092801730635,1.6153613214054736,134.65079659516826,0.3383120131494318,49.12373457827699,46.24203926936297,51.51256281407035,$\bar{R}_{micro}^{LAD}$,[mmHg*s/ml],7.8109853879063245,13.858348002391287,11.440139093859662,11.326582382391504,11.373171777300643,2.356355933603965,5.472366063606129,13.280700246075472,11.235657392970332,12.06559553740103,15.101653408034664,10.552682227520316,8.774431252385693,1.3206625420140063,0.3241620810405202,0.5529711053004218,6326.11922938109,1.4899427942941124,0.2961795500459785,0.9223588398153308,0.5356148760884497
150.7059498239292,109.39871322729127,129.298677901461,313.9125770607579,90.36478918396837,183.962567983653,32.59938129461987,15.8409229294167,23.65749419337018,34.31059231730599,90.36546163240452,195.42456606931648,155.92441011078006,79.84648435989763,133.46934357334078,36.09639663187686,11.712475245926548,10.459845611392725,1.2526296345338226,3.219148473381107,0.7482684418191881,0.34153429179655165,0.08636393362370147,19.604123102021656,8.620576815383613,6.129925985636788,4.853620301001257,1.6153613214054734,134.65154954379034,0.3383120131494318,49.12129145316031,46.24058451297887,51.89949748743719,$\bar{R}_{micro}^{LAD}$,[mmHg*s/ml],7.810876956071657,13.85771769155121,11.440639856791533,11.327092270391056,11.373678458370133,2.3561872659970686,5.471914985204788,13.280053351596896,11.235091618409461,12.064974685978624,15.100957143658357,10.551551872755784,8.773998484286976,1.3204748511292517,0.3241620810405202,0.5529710975938924,6325.535242877786,1.4900886812191987,0.2961847905223455,0.922449152071266,0.5356243604975293
150.71690280170236,109.41659496953604,129.31337571718308,313.9071252911094,90.35651745904899,183.95469336176717,32.596913278042635,15.839959072121912,23.65580200001523,34.307718268721565,90.35700989857487,195.41269992199875,155.91623275774933,79.84272686794856,133.46130027050546,36.093359819619984,11.711571741495934,10.459116912509947,1.2524548289859883,3.2188449815694224,0.7482757145728325,0.3414760436930369,0.08635112256142992,19.545194925858908,8.56039072979233,6.13058544898265,4.8542187470839275,1.6153613214054736,134.65220391133641,0.3383120131494318,49.118897597982425,46.23906733525606,52.28643216080402,$\bar{R}_{micro}^{LAD}$,[mmHg*s/ml],7.810766439456298,13.857091902380548,11.441130512183662,11.327591783704955,11.374174846643088,2.3560197326208203,5.471472611408235,13.279406347321514,11.234522482900324,12.064355282395967,15.100263729059977,10.550442667975453,8.773570155283847,1.3202902750185195,0.3241620810405202,0.5529710916988423,6324.956222133429,1.4902323340689059,0.2961905225988102,0.9225380813082135,0.5356347321680981
150.72778279640514,109.43426399697437,129.3279342500411,313.90190088456364,90.34839009367992,183.947057419748,32.594541316632004,15.839024959524178,23.65417053200861,34.30499750846459,90.34906719248588,195.4013385810027,155.90830813088638,79.83903065191312,133.45345271174338,36.09043312848482,11.710698449468389,10.458411009674627,1.2522874397937604,3.218550027398266,0.7482837163719078,0.3414203561310181,0.08633876573636425,19.48709778717895,8.501045971313795,6.131239861153327,4.854811954711827,1.6153613214054738,134.65292387122506,0.3383120131494318,49.116518285755625,46.23769102535196,52.67336683417086,$\bar{R}_{micro}^{LAD}$,[mmHg*s/ml],7.810661806861476,13.856485816361138,11.44162061568924,11.328090924717687,11.374670918715676,2.355857849735971,5.471039768302084,13.278781001611616,11.233975401300299,12.063755637550484,15.099594431251152,10.54936655149762,8.773152404110101,1.3201121599634267,0.3241620810405202,0.552971084341057,6324.3873065575945,1.4903743578785067,0.2961953641111966,0.9226260020772195,0.5356434947482925
150.73829306499326,109.45155109429187,129.34210559199798,313.8961706840421,90.34025772556494,183.93918318213355,32.59211739826678,15.838067806264485,23.652503846341094,34.302176175394294,90.34082270440204,195.38973200921535,155.90016110985215,79.83527077812282,133.44554669197274,36.0874683966966,11.709794548206084,10.457678402330759,1.2521161458753243,3.218247408891438,0.7482885270153748,0.34136333526261403,0.08632615493060723,19.42975879860758,8.442498508273216,6.131871434369517,4.855388855964846,1.6153613214054738,134.65335670582593,0.3383120131494318,49.11419968420296,46.236218134605565,53.06030150753769,$\bar{R}_{micro}^{LAD}$,[mmHg*s/ml],7.810542730336714,13.855861112060088,11.442088918925148,11.328567871207076,11.375144792051287,2.355693400961196,5.470608335487894,13.278134511321603,11.233406427110625,12.063137506874915,15.098899530225188,10.548288569737364,8.772723639658677,1.3199319395352758,0.3241620810405202,0.5529710769361275,6323.818040789546,1.4905133115169433,0.29620075867076306,0.9227120222366695,0.5356532575120138
150.74885823140335,109.46872304432193,129.3562497397488,313.8911068076221,90.33236543726865,183.93174332451196,32.589766085911414,15.837152910163956,23.650889439127035,34.29945669394306,90.33280318842914,195.37842174646045,155.89236562178385,79.83162984589909,133.4378410484245,36.08456433923651,11.708941045244869,10.456991409001324,1.2519496362435452,3.217960334432789,0.7482963358929529,0.34130787695558795,0.08631392639544663,19.373242640139694,8.38476978289661,6.132507610092961,4.855965247150127,1.6153613214054736,134.65405930168086,0.3383120131494318,49.11189542628032,46.23479009655049,53.447236180904525,$\bar{R}_{micro}^{LAD}$,[mmHg*s/ml],7.810440181727906,13.855262004167603,11.442562750234236,11.329050270988688,11.375624217827038,2.3555338273272666,5.47018355325601,13.277519547898558,11.232866697346031,12.062547650260747,15.098237515886371,10.547232532301352,8.77231378946758,1.3197555581038267,0.3241620810405202,0.5529710696006683,6323.265580608805,1.4906513147293972,0.29620607088321665,0.9227974540286935,0.5356628712911217
150.7592176403838,109.4856290980055,129.37015147673046,313.88581161824254,90.32450122424635,183.9242719437427,32.58746957787546,15.836244497439123,23.649308704892107,34.296823901445514,90.32514651143627,195.36743867741248,155.8846641616614,79.82805802267161,133.43020630280193,36.08173203458455,11.708085797595364,10.456298038931717,1.251787758663647,3.217672224831674,0.7483025877421952,0.3412540378683781,0.08630196158838897,19.317487112682524,8.327822504266043,6.133132708729995,4.856531899686485,1.6153613214054736,134.6546218028451,0.3383120131494318,49.10961466351439,46.2334701846502,53.834170854271356,$\bar{R}_{micro}^{LAD}$,[mmHg*s/ml],7.810329757082425,13.854673125911173,11.44302681920697,11.329523045773067,11.376093967733134,2.3553769069876767,5.469765245760378,13.276910443513659,11.232334600459064,12.061964304925137,15.097586513767592,10.546187628161375,8.771907864634391,1.3195832048483527,0.3241620810405202,0.5529710625043565,6322.715085697244,1.490787327665851,0.29621064531815117,0.9228816537273316,0.5356711506324393
150.76949184640847,109.50233327292662,129.3839059532339,313.88089223277655,90.31682307207278,183.91702929500104,32.58518113930283,15.835352949222429,23.64773785642691,34.29416847053002,90.31730545618143,195.35643315838664,155.8770789553351,79.82454013309426,133.4227160012904,36.078898589402755,11.707254923829089,10.455629245629604,1.2516256781994841,3.217392698018242,0.748310247359646,0.341200047448014,0.0862900656412072,19.262486521610324,8.271643955861915,6.133750245444563,4.857092320303839,1.6153613214054736,134.6553109627308,0.3383120131494318,49.10737380778672,46.23206105680483,54.22110552763819,$\bar{R}_{micro}^{LAD}$,[mmHg*s/ml],7.810232325761682,13.854093070747673,11.443488136865874,11.329992601659457,11.376560612384251,2.3552216550144434,5.469353624060881,13.27631089194657,11.231808415275578,12.06138997913415,15.09694372983404,10.545154174456979,8.771509660138264,1.319411115385882,0.3241620810405202,0.5529710553765428,6322.177615045094,1.4909216952336324,0.2962159419964729,0.9229648348497225,0.5356807361187579
150.77965883595996,109.51887373745993,129.3975081844474,313.87624691028134,90.30928937182861,183.90990898537342,32.5829527248968,15.8344817950866,23.6462110233844,34.29159213562709,90.31005880449462,195.3457251414131,155.86970450746463,79.82113994973847,133.4154222066066,36.07615114526103,11.70644262961957,10.45497413461102,1.2514684950085497,3.2171178517989967,0.7483187882867837,0.3411477024906894,0.08627851499246099,19.208227075465036,8.216220194031635,6.134360524559588,4.857646356873813,1.6153613214054734,134.6560794126632,0.3383120131494318,49.10517865517024,46.23088564600945,54.608040201005025,$\bar{R}_{micro}^{LAD}$,[mmHg*s/ml],7.810135399552582,13.85352471679895,11.443946845688833,11.330459545689656,11.377024738223563,2.3550703388511227,5.468948405644092,13.275729101076893,11.231291218144221,12.06083120089408,15.096320223913393,10.54415038215458,8.771123237399651,1.3192440211462073,0.3241620810405202,0.552971050112974,6321.650256028003,1.4910545786518863,0.2962198817718179,0.9230470971996334,0.5356878659584423
150.78962834333498,109.53509747265478,129.4108707547748,313.87114465058363,90.30173636241794,183.90277155309315,32.580730087025735,15.833608942936944,23.64468152017003,34.289016482407206,90.30219304275302,195.3350636527627,155.86228023681335,79.81769304782397,133.40813373990392,36.07340271903058,11.705622872339385,10.454311889364236,1.251310982975149,3.216842699237003,0.748324735463906,0.34109526740064106,0.08626692080063905,19.15467288797817,8.161526264165866,6.134956613492439,4.858190010319863,1.6153613214054736,134.65661449341775,0.3383120131494318,49.102977404746525,46.229382146811425,54.99497487437186,$\bar{R}_{micro}^{LAD}$,[mmHg*s/ml],7.8100321673452875,13.852959545291217,11.44439162577285,11.330912581027123,11.377475029889753,2.354919128849193,5.46855096241493,13.275143133938338,11.230781539674348,12.060269764768773,15.09569010611842,10.543153285073437,8.770732460862058,1.3190770544779555,0.3241620810405202,0.552971041544779,6321.121545369256,1.4911852187756995,0.29622577611211254,0.9231279708234363,0.5356985336602378
150.79930546670857,109.55103011391189,129.42392485047077,313.86569193101406,90.29418982241408,183.89545820041033,32.57849760565009,15.83272753761331,23.643145169378286,34.28644184281467,90.29466443490958,195.3243795070991,155.8547834384166,79.81425526802144,133.40076680610554,36.07069298507701,11.704782629977684,10.453629146499205,1.2511534834784792,3.2165614949696324,0.748328401981264,0.3410428649287857,0.08625529908685632,19.10181707434923,8.10755206106553,6.1355426110936,4.858722402190102,1.6153613214054736,134.65694437708072,0.3383120131494318,49.10082647283814,46.22805645806636,55.381909547738694,$\bar{R}_{micro}^{LAD}$,[mmHg*s/ml],7.8099188223642875,13.852380517746015,11.444822768086802,11.331351885782768,11.377911355660693,2.354766997017081,5.468148947301945,13.274547058678781,11.230261917738426,12.059701057445364,15.095050807107354,10.542155172137376,8.7703382831324,1.3189118520614276,0.3241620810405202,0.5529710346890931,6320.593287568986,1.4913135013661123,0.29623051723246313,0.9232073850007555,0.5357071142053907
150.80916613463395,109.56695069024363,129.4370659773772,313.86138015001666,90.28698347727077,183.88877089672798,32.57637819935502,15.831899964940279,23.641690631545078,34.28399152764051,90.28747829842776,195.31419357874034,155.8477607427354,79.81096112375263,133.39383209239193,36.068053697872664,11.704018713400576,10.453015116591665,1.2510035968089097,3.2163027944681395,0.7483374968292859,0.34099295307091626,0.08624428140425036,19.04968980526645,8.054301445092646,6.136131280644128,4.859257079529673,1.6153613214054736,134.65776265467107,0.3383120131494318,49.09869321383195,46.22678805062297,55.768844221105525,$\bar{R}_{micro}^{LAD}$,[mmHg*s/ml],7.809835672966708,13.851845927669126,11.44526786731641,11.3318049261964,11.378361795759368,2.3546230566099124,5.467764544420764,13.273994541610476,11.229775211369262,12.059170154870577,15.094459234002748,10.541194819226508,8.76996876726181,1.3187516346302641,0.3241620810405202,0.5529710280530337,6320.088843408954,1.4914415951062359,0.2962351715783073,0.9232866822690671,0.5357155376138374
150.81861736146936,109.58246134831317,129.44979413909766,313.8562923302664,90.27970012951347,183.88174982490145,32.574222479695734,15.831048932307578,23.640207048104063,34.28149584943837,90.28018791794157,195.30387593965136,155.84050198875605,79.80758064733938,133.38672109465094,36.06540400084379,11.70321375276245,10.452362282921978,1.2508514698404716,3.2160328168270715,0.7483420949298304,0.34094232942874014,0.08623306481535405,18.998206182412765,8.001730022395083,6.1367004525052025,4.859775707512475,1.6153613214054736,134.6581763510202,0.3383120131494318,49.09660703983996,46.22549730955572,56.15577889447236,$\bar{R}_{micro}^{LAD}$,[mmHg*s/ml],7.809729777825499,13.851287259832167,11.445687843141995,11.332232783214927,11.378786894056303,2.3544763707862844,5.467375856686769,13.273419488070608,11.229269893850644,12.058619719820781,15.09384120160383,10.540226844991789,8.769585746805921,1.3185904869435228,0.3241620810405202,0.5529710214657665,6319.579009065943,1.491566500086312,0.29623982587440734,0.9233640055145981,0.5357239608852578
150.82809749094713,109.59790125021655,129.46249225184445,313.8516184205003,90.27256591437649,183.87499570105632,32.57210150154517,15.83021864691183,23.638750318255887,34.279046126687355,90.27299919556765,195.2936931553279,155.83345280792238,79.80430973970289,133.37976475386668,36.06277983478283,11.70243888256654,10.451737309976357,1.2507015725901818,3.2157722867963012,0.748348570917665,0.3408924235913264,0.08622203681118658,18.947414840369188,7.949850869209133,6.137270791674249,4.860293179485805,1.6153613214054736,134.65875900087457,0.3383120131494318,49.094530537007586,46.224226567198215,56.5427135678392,$\bar{R}_{micro}^{LAD}$,[mmHg*s/ml],7.809633597081095,13.85074792212767,11.44611170850345,11.33266441985818,11.379215834746402,2.3543321949773746,5.466994103401157,13.272862533095715,11.228782004152398,12.058086125188861,15.0932421844167,10.539271873798146,8.769215369678001,1.3184313601580193,0.3241620810405202,0.5529710148709625,6319.079614006354,1.4916908325016305,0.2962444700338473,0.9234409743101677,0.5357323658329124
150.83751631984654,109.61315121144746,129.4750750132007,313.8472384573385,90.2655803500715,183.86845209599923,32.570053544673144,15.829415990685117,23.637344136641783,34.276677924260355,90.26603694844576,195.28386243954378,155.82665351198736,79.80115292721744,133.37308158093117,36.06027354687357,11.701690608348724,10.451133768585509,1.2505568397632159,3.2155193660678414,0.748356149617325,0.34084423456633217,0.08621139135367432,18.897279084832043,7.89864060965046,6.137833511054771,4.860804964126813,1.6153613214054736,134.65944085940075,0.3378832273279496,49.09247851988393,46.222988331353,56.92964824120603,$\bar{R}_{micro}^{LAD}$,[mmHg*s/ml],7.8095474137846415,13.850227305615785,11.446537573092694,11.333097971411064,11.379646823112042,2.354193196399245,5.46662445757848,13.272326872061155,11.22831078833024,12.057571683182097,15.092667520873537,10.538349164878307,8.768858184309536,1.3182785780232618,0.3241620810405202,0.5529710085118023,6318.5906245050055,1.4918138269001233,0.2962490277780881,0.923517114797663,0.5357406142780904
150.84674951696633,109.62815205363894,129.48744037633355,313.8427527013887,90.2586570682408,183.86189783643277,32.56800416562663,15.828614944731775,23.63593830482713,34.27430544711743,90.25910118714538,195.27401825521608,155.81983341980617,79.79800166372567,133.36633819706853,36.05772871864281,11.70094034777641,10.450528286042795,1.2504120617336145,3.21526661779926,0.7483627667709825,0.3407960337075876,0.0862007393548574,18.847779439697717,7.848083467702103,6.138387415465484,4.861308556530131,1.6153613214054736,134.66003620443954,0.3378832273279496,49.09046307600757,46.22176672227843,57.31658291457286,$\bar{R}_{micro}^{LAD}$,[mmHg*s/ml],7.809453790483751,13.849707853925404,11.446949347361823,11.333517339566269,11.380063637777031,2.354053309863862,5.466254004434054,13.271787811283122,11.227837242770985,12.05705544910822,15.092091221904944,10.537423047043992,8.768499856165175,1.3181239271688214,0.3241620810405202,0.5529710021461319,6318.105994776855,1.491934852328112,0.2962534869207667,0.923592036381079,0.5357486844174095
150.85583817275884,109.64295507833333,129.49962689328873,313.83817671052645,90.25177693372258,183.8553554276068,32.56597824065326,15.827817727578898,23.634545963376823,34.2719596983571,90.25222203051844,195.26430387987565,155.8130927952086,79.79495033229574,133.35971265789163,36.05526677118156,11.70019074774153,10.449921832905202,1.2502689148363269,3.2150143090783647,0.7483685498261894,0.34074837315031076,0.08619021011648882,18.798903627993845,7.7981667907287635,6.138932261773798,4.861804575491284,1.6153613214054738,134.66055650352018,0.3378832273279496,49.08846779242136,46.220543252001946,57.7035175879397,$\bar{R}_{micro}^{LAD}$,[mmHg*s/ml],7.809361895866892,13.849188662194484,11.447357216618647,11.3339327520895,11.38047647909505,2.3539159954424225,5.4658898823129505,13.271254728791066,11.2273696490851,12.056544831720762,15.091519410125754,10.536517825333494,8.76814725820947,1.3179735448365835,0.3241620810405202,0.5529709958428407,6317.624385360581,1.4920543514883888,0.29625797080642213,0.9236660131184771,0.5357567992420009
150.8647438486988,109.65749898451156,129.5115979667292,313.8334709151772,90.2449563254582,183.8488260402661,32.56396614783149,15.827019984796738,23.633160376696353,34.26964659716276,90.24548796283557,195.25469349239327,155.80629312279996,79.79171229599744,133.35303937091112,36.05276696355473,11.699442457748862,10.449315149049214,1.2501273086996476,3.214762929112787,0.7483733103381132,0.3407012884564654,0.08617973134013932,18.750642290924226,7.748880169184947,6.139469557511088,4.862292564228193,1.6153613214054734,134.6609848032968,0.3378832273279496,49.086501267999935,46.21936935224113,58.09045226130653,$\bar{R}_{micro}^{LAD}$,[mmHg*s/ml],7.809264254264626,13.848665891357129,11.44775362174995,11.334336587051224,11.380877689413438,2.3537783488788433,5.465523601349565,13.270715421496568,11.226898380800673,12.056029560308565,15.090941740383508,10.53560685273551,8.767786405225849,1.3178222360424074,0.3241620810405202,0.5529709896930313,6317.146942782074,1.4921718651805562,0.29626206474349664,0.9237387607388458,0.5357642087299362
150.87365187095614,109.67195826241107,129.52351741203202,313.82919469981147,90.2382950712639,183.84253391825428,32.561983899546014,15.82624985625784,23.631800121116395,34.26734733391315,90.23871423523741,195.24515075987614,155.79973295915852,79.78866710643652,133.34655945030687,36.050318957847026,11.698721124706365,10.448734159439848,1.249986965266517,3.2145201812012467,0.7483798836116997,0.3406545320669076,0.08616943755362778,18.70299947252072,7.700217209269255,6.14000406155909,4.862778201692375,1.6153613214054734,134.66157619367553,0.3378832273279496,49.08455793553653,46.2181590088341,58.47738693467337,$\bar{R}_{micro}^{LAD}$,[mmHg*s/ml],7.809176863489749,13.848164110883888,11.448153752579602,11.33474387229884,11.381282469229918,2.3536440563809435,5.465167266871428,13.270197314560841,11.226443073551428,12.055533069344008,15.090383645632953,10.534715388612659,8.76744237052256,1.3176735127552512,0.3241620810405202,0.5529709834980283,6316.680654988473,1.4922885686983471,0.2962666064085114,0.923811006815463,0.5357724279389205
150.8824357647958,109.68620991202425,129.5352749461923,313.8248916277168,90.23170177356553,183.83631805732324,32.560039197056,15.825486828361447,23.63046290695137,34.26511455203901,90.23214359909107,195.2358247123254,155.79325483412578,79.78566551441598,133.34011585167892,36.047922914770524,11.698008731105466,10.44815898264483,1.2498497484606346,3.214280236744961,0.7483860163626938,0.3406088694749422,0.08615932095621018,18.655956772874287,7.652164797974009,6.1405343878028695,4.8632575870974115,1.6153613214054736,134.66212794836687,0.3378832273279496,49.08263107479654,46.217001276300415,58.8643216080402,$\bar{R}_{micro}^{LAD}$,[mmHg*s/ml],7.809088411132956,13.847671084229276,11.4485464702439,11.335143902976624,11.381679977766554,2.353511359784997,5.464814189822909,13.269686446297275,11.225996065381624,12.055042741913432,15.08983601483977,10.533831071423595,8.767101507589258,1.3175276486457936,0.3241620810405202,0.5529709774397744,6316.2191241495875,1.4924037262014465,0.29627078554292946,0.9238822958215653,0.5357799914104844
150.89116972436938,109.70035431800824,129.54694043046916,313.82082521839754,90.22521859766496,183.83022851167735,32.55813518278508,15.82473951165056,23.62915581712804,34.26290452924544,90.22566414273243,195.22668724052755,155.78692611956592,79.78273402282092,133.3339136917087,36.045566768937675,11.697312843144184,10.447597619879124,1.2497152232650601,3.2140450406201997,0.7483930162412328,0.34056407469934163,0.08614943069295924,18.60949063013129,7.604704409659362,6.141054468036538,4.863731752435388,1.6153613214054736,134.66275771450006,0.3378832273279496,49.080730262995694,46.21584549635398,59.25125628140704,$\bar{R}_{micro}^{LAD}$,[mmHg*s/ml],7.809008495372688,13.847186118027603,11.448940539927245,11.335545031474672,11.382078750193141,2.353382264093005,5.464472280437971,13.269188192702142,11.225556436714541,12.05456396336899,15.089300849111886,10.532974994094253,8.76676917589074,1.3173845643576865,0.3241620810405202,0.5529709715237926,6315.765301836547,1.4925179435141336,0.29627505408633936,0.9239530027966387,0.5357877164327632
150.89966437171807,109.71420265174886,129.55834363482805,313.81644719012775,90.21875266278431,183.82406499451616,32.55624029572487,15.823990711165198,23.62785169023274,34.260725209923436,90.21932575025623,195.2176239598004,155.78055548238999,79.77976524425415,133.32763506785716,36.043235239227776,11.696607316345482,10.44702557865067,1.2495817376948117,3.21380747315811,0.7483980466185853,0.3405196718963454,0.08613957106902523,18.563587173086272,7.557825587618983,6.141565230092763,4.8641963553745295,1.6153613214054736,134.66321028643327,0.3378832273279496,49.078858453856796,46.214744304456026,59.63819095477387,$\bar{R}_{micro}^{LAD}$,[mmHg*s/ml],7.808919105729258,13.846695749187482,11.449318651225111,11.335930332857618,11.382461643123028,2.353252983797112,5.464126387186927,13.26868290020675,11.225114781816004,12.054081284009866,15.088761202594531,10.5321202119129,8.76643301839099,1.3172427003064826,0.3241620810405202,0.5529709657010118,6315.312686394902,1.492629927946039,0.2962789117317243,0.924022327492248,0.5357946982914843
150.90804495416617,109.72790081532999,129.5696032690101,313.81208325771826,90.21234945391772,183.817917119443,32.55431374915706,15.823239221065045,23.62652948522211,34.25848157808108,90.21270958526294,195.20835968687976,155.7741567422169,79.77681792295233,133.3213643629603,36.04087085938153,11.695900733904335,10.446455313763392,1.2494454201409415,3.2135709179718965,0.7484027868099704,0.34047425902440587,0.08612957030118011,18.518243758440146,7.511519388621275,6.142069213758614,4.864655156060255,1.6153613214054736,134.6636367495844,0.3378832273279496,49.07701646695228,46.2135482978121,60.0251256281407,$\bar{R}_{micro}^{LAD}$,[mmHg*s/ml],7.8088286821468715,13.846206128338606,11.449691894574666,11.336310355149099,11.382839234405067,2.3531224941825384,5.463784554812177,13.268178254576126,11.224669239651346,12.053596421729326,15.08821644676948,10.531267695418656,8.76609758346711,1.3170990856541605,0.3241620810405202,0.5529709597218174,6314.864461774241,1.4927406010900237,0.2962834384209808,0.9240908404264864,0.535802890209699
150.9164038099188,109.74147730029968,129.58079335444305,313.8079321031423,90.2060522198091,183.81196799255784,32.55247577536121,15.82251616654331,23.62526535520998,34.25637367909081,90.20655473416986,195.19955441084142,155.76801516383836,79.77397287858223,133.3152540773827,36.03861176124227,11.695220110736198,10.445904217584578,1.2493158931516195,3.213341290454843,0.748408391490108,0.34043116900695947,0.08612000707093466,18.47346966055028,7.465785298014288,6.142573114071001,4.8651112484649905,1.6153613214054738,134.66414098688176,0.3378832273279496,49.07517894779373,46.212479842197716,60.41206030150754,$\bar{R}_{micro}^{LAD}$,[mmHg*s/ml],7.808743259685416,13.845735001397532,11.450066248262802,11.336691749327226,11.383218222130978,2.3529968655890614,5.4634487016952615,13.267692463397195,11.224245850420738,12.053131572476115,15.087697044963164,10.530428567032725,8.765774244512587,1.3169613790266599,0.3241620810405202,0.5529709539999873,6314.423655386637,1.4928503983162866,0.2962872022889338,0.9241588111181254,0.5358097023825605
150.92467832879527,109.75490569006787,129.59186020591753,313.8040053612018,90.19987735909918,183.80613132164177,32.550644699360305,15.821801696575548,23.62400990736192,34.25424048075145,90.20028641422039,195.19074826823106,155.76195703473613,79.77118677932204,133.3093009512116,36.03635013802507,11.694552419357532,10.445366081662291,1.2491863376952406,3.2131162166505614,0.7484147108544356,0.34038800362086835,0.08611050763735957,18.429226711472975,7.4205990892876175,6.143066300853571,4.865561321331783,1.6153613214054736,134.66470952003962,0.3378832273279496,49.07337786314576,46.21135336305345,60.798994974874375,$\bar{R}_{micro}^{LAD}$,[mmHg*s/ml],7.808663256273979,13.845271625002797,11.450438221689664,11.337070347180582,11.383594565905359,2.352872927856075,5.46312160729337,13.26721439578552,11.223823875853945,12.0526729916647,15.087180940396102,10.529605456850115,8.765457054901677,1.3168239266487778,0.3241620810405202,0.55297094832497,6313.991415136942,1.492958898202481,0.2962914482503535,0.9242259786829029,0.5358173863344244
150.93277012610721,109.76810327116999,129.60272212975593,313.7998305946655,90.19371583518516,183.8002490355833,32.5488289787104,15.821082436135702,23.62276037862772,34.25214343403304,90.19416730247919,195.1820676958206,155.75584916204295,79.76834439022737,133.30334021206394,36.03412361149956,11.693878541143906,10.444820111048143,1.2490584300957637,3.212889521066818,0.7484194671641352,0.34034545091156576,0.08610106538752514,18.385508866041413,7.375954083435558,6.143551317942417,4.866003464663434,1.6153613214054736,134.6651374285489,0.3378832273279496,49.0715960987212,46.21027349860917,61.185929648241206,$\bar{R}_{micro}^{LAD}$,[mmHg*s/ml],7.808578911055717,13.844803061684607,11.450798916893966,11.337437827208944,11.383959760187482,2.3527493939540567,5.462794485874164,13.266730818677962,11.223399528212639,12.052210135042483,15.086663033614153,10.528788014795547,8.765134880270493,1.3166885377191004,0.3241620810405202,0.5529709427492896,6313.560108462962,1.4930656330273415,0.2962953021570498,0.9242920535749076,0.5358243611932183
150.94095867928849,109.78127886813083,129.6136186824609,313.7963138368117,90.18775539611671,183.79473599655063,32.54708728771312,15.820402691100524,23.621565099004304,34.25012507017564,90.18821201152666,195.17369607745815,155.75007422560012,79.76564651052163,133.29765295532712,36.03196304258566,11.693249629426887,10.444314311921676,1.2489353175052105,3.212676061085419,0.7484273177445309,0.3403044490041342,0.08609202152643917,18.342336917914338,7.331852441521079,6.144038181931317,4.866446294461938,1.6153613214054734,134.66584371477063,0.3378832273279496,49.06982504537525,46.20920432624992,61.57286432160804,$\bar{R}_{micro}^{LAD}$,[mmHg*s/ml],7.808510277061233,13.844365571827625,11.45117012711502,11.337815592296005,11.38433540170315,2.3526312094509056,5.46247829084192,13.266277819944671,11.222998650949187,12.051773775113874,15.086179102237256,10.528007004572402,8.764831239085913,1.316557063269562,0.3241620810405202,0.5529709373266948,6313.14287772817,1.4931721398686573,0.2962993030893316,0.9243579873322068,0.5358316017868372
150.9487983814338,109.79413611187454,129.62417373675962,313.79201608877236,90.18168499687086,183.78886854385667,32.54527904786555,15.819688918147838,23.62032140920774,34.2480358296484,90.1821284415429,195.1650391387935,155.74400853418302,79.76284375758846,133.2917080110419,36.029755547470415,11.6925758436579,10.443767974791005,1.248807868866896,3.212450452455469,0.7484308381099799,0.34026203957352563,0.08608262256748901,18.299652992025113,7.28826480868499,6.144511520871473,4.8668766624686475,1.6153613214054738,134.6661604271719,0.3378832273279496,49.06808867771621,46.20813688736998,61.959798994974875,$\bar{R}_{micro}^{LAD}$,[mmHg*s/ml],7.8084208317501105,13.843897875429196,11.451518483495864,11.338170494775172,11.38468795047536,2.3525081768045917,5.462153974722105,13.265797301745984,11.222577696325557,12.05131383115381,15.08566250279673,10.527200615153967,8.764512068696483,1.3164228146130137,0.3241620810405202,0.5529709317548304,6312.71794978096,1.4932761616934145,0.2963031140308982,0.9244223827237382,0.5358384989435024
150.95667443464598,109.80691207054107,129.63470992687317,313.78819915884054,90.17578530598065,183.78330612103346,32.54353055867844,15.819008632037011,23.619120876340315,34.24601879010529,90.17618132150194,195.15663070273635,155.73820830580308,79.760146644726,133.2859302700902,36.0275846861816,11.691938025084788,10.443253691972501,1.248684333112287,3.212235705787538,0.7484365267216087,0.34022090455530335,0.0860735397992849,18.257492266243734,7.245200221749515,6.144985750943331,4.8673062935508895,1.6153613214054736,134.6666722059439,0.3378832273279496,49.06636364817267,46.20708043420713,62.34673366834171,$\bar{R}_{micro}^{LAD}$,[mmHg*s/ml],7.80834156556816,13.843452471828606,11.45187038807275,11.338528834730607,11.385044040450772,2.3523890656865807,5.461836764815249,13.265338693646873,11.222176533556745,12.050874967854408,15.08516874159126,10.526404540915388,8.764207332715221,1.3162909748392198,0.3241620810405202,0.5529709262869147,6312.304971418645,1.4933795336408624,0.2963070205169097,0.9244863758044678,0.5358455687834259
150.96437424595533,109.81948944056931,129.64505274739687,313.7841568855632,90.1698947230155,183.7776602999312,32.54178583637721,15.818320205619738,23.617920815349393,34.244003193856514,90.17030229325593,195.14827919888225,155.73235111611217,79.75744536973819,133.2802155663735,36.025465769927145,11.691290733646582,10.442729359296989,1.2485613743495945,3.212018329703701,0.748440759441417,0.340179990203788,0.08606447091393338,18.215810993671408,7.202634903284992,6.14544853212934,4.867727558257077,1.6153613214054736,134.66705300342286,0.3378832273279496,49.06466573568042,46.20604530228027,62.733668341708544,$\bar{R}_{micro}^{LAD}$,[mmHg*s/ml],7.808259816880575,13.843001933605946,11.45221316017954,11.338878091542458,11.385391081772495,2.352270462375887,5.461522611582922,13.264872782590459,11.22176982829309,12.050431029581047,15.084671913575372,10.525622355940627,8.763898974425606,1.316161837972568,0.3241620810405202,0.5529709209149308,6311.892630611085,1.493481315655231,0.29631072685957033,0.9245493846267169,0.535852276588618
150.97216131872165,109.83205223029839,129.65542794073966,313.78064272647623,90.16416472339684,183.7723269674329,32.54009339429678,15.817664570508393,23.616761305016727,34.242052763615675,90.16454633557855,195.14012045710803,155.726822745856,79.75490919927564,133.27463648953798,36.02336354263314,11.690680206838831,10.442238551505024,1.248441655333807,3.21181208258561,0.7484474911969208,0.3401401058355129,0.08605568901562807,18.174646397209067,7.1605790234507625,6.14591689293717,4.868150480821132,1.6153613214054736,134.66765862492687,0.3378832273279496,49.06297167330053,46.20502750760411,63.120603015075375,$\bar{R}_{micro}^{LAD}$,[mmHg*s/ml],7.808188946611546,13.842581785362361,11.45256423482722,11.339235437692725,11.38574623827376,2.3521553189432796,5.461215809894637,13.26443800847514,11.22138984138469,12.050013253622797,15.08420474174912,10.524853634864895,8.763610570863005,1.316034109896668,0.3241620810405202,0.5529709155231067,6311.491530637779,1.4935829443776987,0.2963145224918305,0.9246122985526114,0.5358591458856727
150.9797838593059,109.84440074863797,129.66561499583105,313.7770160863453,90.15848019240022,183.76698262925433,32.53843213844439,15.817007444202575,23.61561783736084,34.24013740912503,90.15895346649556,195.13217651766038,155.72122876702892,79.75228781848645,133.2691892161859,36.02132024382093,11.690069704915043,10.441745017926648,1.2483246869883948,3.2116056474563472,0.7484533029203394,0.3401011967130866,0.08604705003016339,18.133939244309225,7.119003009644726,6.146371579742528,4.868564654921965,1.6153613214054734,134.66818147367394,0.3378832273279496,49.061305193377905,46.20404234477226,63.50753768844221,$\bar{R}_{micro}^{LAD}$,[mmHg*s/ml],7.808115465123279,13.842153789711912,11.452906194374572,11.339583744706482,11.386092498873964,2.35204228438927,5.460914741329139,13.263998099966512,11.221001207954147,12.049589943378914,15.083733581414075,10.524106625426432,8.763314811614054,1.315909786673117,0.3241620810405202,0.5529709104232452,6311.093613468015,1.4936829146441801,0.2963180279779426,0.9246741858004717,0.5358654901957502
150.98727463550566,109.85659156730128,129.67564887211225,313.7733143885877,90.15283346739136,183.76161312785064,32.536749745409416,15.816351591201418,23.6144638673609,34.238177185415665,90.15317079185557,195.1240862767815,155.71564699437798,79.7497002318475,133.26369714464136,36.01924195011038,11.689454057540765,10.441248367231214,1.2482056903095498,3.2113986429363437,0.7484584169137432,0.34006155007359146,0.08603832403598165,18.09369806697516,7.077904946497596,6.14682001956022,4.868973100917344,1.6153613214054734,134.6686415498154,0.3378832273279496,49.05966590784565,46.202994469875044,63.89447236180905,$\bar{R}_{micro}^{LAD}$,[mmHg*s/ml],7.808040058636606,13.841725839423535,11.453241558355137,11.339925111214676,11.386431753710399,2.351928228232074,5.46061375747784,13.263556941511025,11.220612340135553,12.049167289336843,15.08326037095332,10.523357004334061,8.763022047222645,1.3157834564070388,0.3241620810405202,0.5529709052046384,6310.6983427173955,1.4937815748023668,0.2963220071542746,0.9247352620172161,0.5358726912487637
150.99459704677253,109.86858023336057,129.68549710709505,313.76936448267907,90.14718878358866,183.7561749440798,32.53508267076875,15.815691357219706,23.613316437363398,34.23625210323972,90.14757433071802,195.11611550768524,155.71002677474385,79.74706695579765,133.25820600693663,36.01719469763906,11.71548091495059,10.46739255776031,1.2480883571902797,3.211189454234524,0.7592953253428381,0.3400225205015193,0.0860296572181066,18.053910576798078,7.037275740763653,6.14726055115525,4.869374284879177,1.6387422741380195,136.6181791277758,0.3374544415064675,49.05804597370512,46.20201365538526,64.28140703517587,$\bar{R}_{micro}^{LAD}$,[mmHg*s/ml],7.807961057010455,13.841295405070351,11.453568245436395,11.340257870887504,11.386762331985276,2.3518146572425684,5.460314008625329,13.26311128885442,11.220221630823486,12.048741151794536,15.082780249900367,10.522605676329212,8.762725164968467,1.3156591184231676,0.3241620810405202,0.552970900081467,6310.303214851207,1.515501270436147,0.2963254759136124,0.9247953716415246,0.5358789691644822
151.00187741283395,109.8804493795352,129.69526685466963,313.7655451436737,90.14162621691933,183.75087478879314,32.53342940894862,15.815045247718771,23.612180210375236,34.23436022272715,90.14201810681027,195.1081783512615,155.70454009602864,79.74456767928463,133.25271121209522,36.015175090960156,11.71487132560575,10.466899531572084,1.2479717940336665,3.210985093038977,0.7592992693886995,0.3399837297619094,0.0860210645607193,18.014594166030772,6.997117643010474,6.1477030749781765,4.869773448042124,1.6387419981627662,136.6185224449095,0.3374544415064675,49.05643378325675,46.2010454244126,64.66834170854271,$\bar{R}_{micro}^{LAD}$,[mmHg*s/ml],7.80788109787321,13.840873283949344,11.453891174461582,11.340586982438449,11.387089250476476,2.351701761989044,5.4600127570199914,13.262676455815178,11.219844663526217,12.048325728167795,15.08231297036471,10.521855078307132,8.762437779087449,1.315536150888588,0.3241620810405202,0.5529708948871305,6309.913835184353,1.515598599432263,0.29632893979431446,0.9248549198906464,0.5358852383266928
151.00914902605362,109.89223661547368,129.70498716103842,313.76208411893333,90.13620133430751,183.74576004741476,32.53183996390115,15.81441840600931,23.61108700375101,34.23251874278812,90.13663107603132,195.10056797808932,155.69920382953387,79.74206833909264,133.2475079552211,36.01321648345786,11.71428730924028,10.466427553581088,1.247859755659193,3.21078773256392,0.759304768891807,0.3399464436410055,0.08601280662695916,17.975715582831942,6.957411205598368,6.148135839472786,4.870168537760791,1.6387417295352114,136.6190060013592,0.3374544415064675,49.054846931460226,46.200086452928254,65.05527638190955,$\bar{R}_{micro}^{LAD}$,[mmHg*s/ml],7.807810786621056,13.84046612964504,11.454216008517895,11.340917878467177,11.387418239298556,2.3515937983437962,5.4597255723205365,13.262256899378151,11.219473443219302,12.047921861420742,15.081862546929901,10.521142563401996,8.762156039006182,1.3154169737461625,0.3241620810405202,0.552970890010758,6309.534093401526,1.515695181058839,0.29633242380792413,0.9249140079497021,0.5358915435894989
151.01638729632876,109.90394530350153,129.71464223197952,313.75879251470946,90.13085550773422,183.74074713563428,32.53025138062044,15.813801709343284,23.609999144809247,34.23066686922865,90.13117369434771,195.09291279987704,155.69397971030497,79.73965442808377,133.2423506588855,36.01124371137622,11.71371351261662,10.465966188190121,1.2477473244264985,3.2105940577377643,0.7593108968110659,0.33990897157124694,0.0860045749435899,17.937284067260276,6.918155770628679,6.148567123915138,4.870561172716458,1.638741462194311,136.6195461436887,0.3374544415064675,49.05327583173544,46.19910195651378,65.44221105527637,$\bar{R}_{micro}^{LAD}$,[mmHg*s/ml],7.807745695711324,13.840064130542698,11.45454346538389,11.34125097737999,11.387749342401774,2.3514862384245703,5.4594405815822205,13.261842985795294,11.21910999938254,12.04752662941566,15.081420584385688,10.520428903843097,8.761882944846246,1.315297228867665,0.3241620810405202,0.5529708850199414,6309.159885541396,1.5157910725918409,0.2963361840503147,0.9249726741899623,0.5358983484991766
151.02342098621068,109.91540709019394,129.72408019145706,313.75511073903147,90.12548555805036,183.7356324296585,32.52866753151567,15.813177252677555,23.608908446941765,34.228857611720194,90.12589769332976,195.0853363149422,155.68865658889166,79.73718086647219,133.23707418560227,36.00930337985418,11.713126544071319,10.465490615142981,1.2476359289283379,3.210396881672793,0.759314750499151,0.33987192939442484,0.08599633439758243,17.899280253940248,6.879340533936473,6.148993221595231,4.870946498408543,1.638741196913935,136.61988177396339,0.3374544415064675,49.05171869291825,46.19819172253529,65.82914572864321,$\bar{R}_{micro}^{LAD}$,[mmHg*s/ml],7.807668518691624,13.839655766754074,11.454855224737774,11.341568761887325,11.388065051889061,2.351377916454639,5.4591517378477485,13.26142272735991,11.218742991748654,12.047123457044233,15.080968877897456,10.51971057125391,8.761601968346158,1.3151791221394504,0.3241620810405202,0.5529708801132984,6308.783989063525,1.515885112052636,0.29633933243025823,0.9250302091064406,0.5359040468270972
151.03040284642,109.92681192840993,129.73344042042484,313.7517396990218,90.12022930077718,183.73058856973046,32.52710622251085,15.812564660486045,23.607839370885603,34.22704515445022,90.12088990338573,195.07784454393203,155.68346866940925,79.73480252953252,133.2319591908174,36.00738855921331,11.712551226692984,10.465025048943392,1.247526177749592,3.2102025285016547,0.7593198491176111,0.3398353858899997,0.0859882636017045,17.86169757053915,6.840956674826727,6.149413086948565,4.871327808763858,1.6387409355286064,136.62032956251795,0.3374544415064675,49.0502044337458,46.197398845613286,66.21608040201005,$\bar{R}_{micro}^{LAD}$,[mmHg*s/ml],7.8076002313281805,13.839258599440052,11.45517000981646,11.341889138287986,11.388383380188069,2.351271835151785,5.4588698756649485,13.26101286122508,11.218376288661071,12.046729761141764,15.080529634234077,10.51900862108667,8.761330312055208,1.3150625084816154,0.3241620810405202,0.5529708767627659,6308.4160510544025,1.515978494756668,0.2963418914688339,0.9250873410736278,0.5359086778741328
151.03742981148318,109.93810566385268,129.7427949747092,313.74845053054304,90.11503973163761,183.72580225541347,32.52557912704802,15.811972316130898,23.60678863829504,34.22528724011292,90.11539035167725,195.0704912168265,155.6784221971091,79.73243400606023,133.22695172420367,36.00550257379247,11.712000757050774,10.464582908860402,1.2474178481903726,3.2100172783260588,0.759325367552154,0.33979930712247075,0.08598030596304658,17.82454453395287,6.803003633277871,6.149832413259128,4.871708487415874,1.638740676564065,136.62081521785626,0.3374544415064675,49.048657632944085,46.196321027105725,66.60301507537689,$\bar{R}_{micro}^{LAD}$,[mmHg*s/ml],7.80753397803873,13.838874431413238,11.455482914863117,11.342207941233001,11.388700358737378,2.3511681063535246,5.458594640644795,13.260615679748113,11.218034633111612,12.046349258806542,15.080102178374869,10.518317290256757,8.761064828813257,1.3149478438020477,0.3241620810405202,0.5529708704563738,6308.052781214633,1.5160711866156054,0.2963462615138713,0.9251440501216703,0.5359165868344801
151.04437776422037,109.94931573987694,129.7520490766204,313.74536931639886,90.10994112880694,183.72104813086747,32.52409939213327,15.811388788126362,23.60577276214568,34.223564412476804,90.11032325376979,195.06339992250045,155.67349741169272,79.73016889904669,133.2221402404262,36.003670738613316,11.711459558176294,10.46414611254331,1.247313445632984,3.209833488498048,0.7593315979016713,0.3397645429917215,0.08597263002981673,17.787792990951402,6.765465711950416,6.15024336419381,4.8720839148071775,1.6387404229405722,136.62136513897454,0.3374544415064675,49.0471516712773,46.19540277139178,66.98994974874373,$\bar{R}_{micro}^{LAD}$,[mmHg*s/ml],7.80747365271003,13.838498956907086,11.45579973397586,11.342530242626907,11.389020819349694,2.3510678261783586,5.458328890524282,13.260229013831191,11.217691259088157,12.045976818451376,15.079689593794411,10.517655372504224,8.760806402446875,1.3148363319879006,0.3241620810405202,0.5529708658705378,6307.695879016485,1.516163071771207,0.29634969520801396,0.9252002639018257,0.5359228008178567
151.05096806392763,109.96019953138696,129.76096102418975,313.74140707052004,90.10470525932554,183.7159158063351,32.522543056152074,15.810770441107895,23.60469984362275,34.22177665934885,90.10513898470042,195.05597124937594,155.66822084742904,79.72771512067028,133.21696575039587,36.00177824723373,11.71086896605093,10.463664861833957,1.2472041042169735,3.2096364802615094,0.7593329757685549,0.339728191945689,0.08596453334576372,17.751424320716968,6.72833250102015,6.150644030343532,4.872447789353289,1.6387401645093034,136.62147832133826,0.3374544415064675,49.04567188087819,46.19450427872441,67.37688442211055,$\bar{R}_{micro}^{LAD}$,[mmHg*s/ml],7.807390049313814,13.838091836929351,11.456088873606058,11.34282510297831,11.389313609062567,2.3509614408940895,5.458047415418399,13.259808769317381,11.217325643026612,12.045576303904072,15.079235209553179,10.516957555233835,8.760527554536116,1.3147212393486483,0.3241620810405202,0.552970861110957,6307.3293681527875,1.5162524301936873,0.29635278877973137,0.9252549385385369,0.5359283998877228
151.05766632470392,109.97109337928943,129.7699290501391,313.73806198171025,90.09964822490267,183.711114732376,32.52103922013469,15.810183323806017,23.60366706426523,34.22004075826731,90.10003922295726,195.0487459122691,155.66322847542514,79.72539868983574,133.21201246955027,35.99992319371401,11.710318234707499,10.46322026132842,1.2470979733790784,3.209451361863253,0.7593373622539913,0.33969285390358667,0.08595672877083543,17.715473615014528,6.691612547956419,6.151047601747984,4.872813465310117,1.6387399124815771,136.62186242982636,0.3374544415064675,49.04420092173341,46.193600887587,67.76381909547739,$\bar{R}_{micro}^{LAD}$,[mmHg*s/ml],7.807321751614297,13.837709042057078,11.456387965867199,11.343129674996257,11.389616234076543,2.3508592353610087,5.457776072216635,13.259413589893066,11.216980039717283,12.045198352714491,15.078814289263514,10.516282227594886,8.760265436566325,1.3146085626168214,0.3241620810405202,0.5529708564186597,6306.975375743186,1.5163417962387273,0.29635610766591886,0.9253096142282274,0.5359344063542197
151.06432148841026,109.98187218697858,129.77882003054074,313.7348974676362,90.09468517762313,183.70644937262819,32.519598423662224,15.809615668600973,23.602676507960407,34.218377498596055,90.09517439152766,195.04184621374716,155.65840015137175,79.72316021511996,133.20727373038284,35.99816245070389,11.709785711390026,10.462789207741805,1.2469965036482202,3.2092710874964077,0.7593424115856271,0.3396590904876117,0.085949244328738,17.679907637376516,6.6552890577278525,6.15144372375511,4.873174855893556,1.6387396648670896,136.62230635135649,0.3374544415064675,49.042744816691794,46.19274075820221,68.15075376884423,$\bar{R}_{micro}^{LAD}$,[mmHg*s/ml],7.807258737398775,13.837337748135834,11.456685381707706,11.343432742397393,11.38991755637433,2.3507610626608635,5.457513445855128,13.259031334598818,11.216645037245417,12.044832971146992,15.078405030940415,10.515623520660121,8.760011087968627,1.3145009659928804,0.3241620810405202,0.5529708519627347,6306.627962433619,1.5164302542597645,0.296359205520832,0.92536373334367,0.5359400128757673
151.07088174344625,109.99255805664184,129.7876000468804,313.73186479355616,90.08979754294512,183.7017869550804,32.51812699074201,15.80904430880894,23.60167123850863,34.21666809468695,90.09045455611464,195.03476029857913,155.65356305078083,79.72099154931108,133.2024840120527,35.99636523529229,11.709252939365902,10.462360035588064,1.246892903777838,3.2090912382511854,0.759347800605752,0.3396245712363053,0.08594164981159635,17.64473218385455,6.619360149274364,6.1518390660914095,4.873532968488778,1.6387394223189828,136.62278104108736,0.3374544415064675,49.041328903879574,46.191999015044786,68.53768844221105,$\bar{R}_{micro}^{LAD}$,[mmHg*s/ml],7.8071964394071385,13.836969791006938,11.456982693535023,11.343735154225952,11.390218008219598,2.3506613365788036,5.457250076473785,13.258651474569746,11.216303120460152,12.044466029788811,15.077996548441682,10.51496780499613,8.759759536966454,1.3143913661810696,0.3241620810405202,0.5529708488258668,6306.285828006158,1.5165177941038255,0.2963616367303273,0.9254172893197374,0.535944412548324
151.07749209922525,110.00315975070279,129.79638630823467,313.72882872340836,90.08494037886283,183.69733142680323,32.516708167476374,15.80849287743689,23.600694496288394,34.21503428140676,90.08530049436428,195.02793112675502,155.64888122445765,79.718769900879,133.1978013825393,35.99458903826248,11.708741166650766,10.461948911257133,1.2467922553936328,3.20891866769889,0.7593532474462859,0.33959105045533927,0.08593425661524316,17.609944977577268,6.5838212231093225,6.152233405675489,4.873890348792458,1.638739177971481,136.62326085555705,0.3374544415064675,49.039874275342115,46.190973761504395,68.92462311557789,$\bar{R}_{micro}^{LAD}$,[mmHg*s/ml],7.807139390016441,13.836613525765394,11.457277329612653,11.344035300121794,11.390516455639311,2.3505648395373773,5.4569923113785785,13.258282052541903,11.215987007504872,12.044113160352303,15.077600284643179,10.514320999664363,8.759512977084754,1.3142837481727587,0.3241620810405202,0.5529708428609087,6305.9458265203975,1.5166048873537779,0.2963658425357943,0.9254705738048641,0.5359520241654777
151.08375258561952,110.01349946482897,129.8048397549862,313.72539711993517,90.08006286592828,183.69253205597184,32.515252005791396,15.807911519460209,23.59969442482003,34.21334671280638,90.08073681018959,195.0209905735964,155.64393287674363,79.71646317123464,133.19302735117398,35.99280918330838,11.708193177752388,10.461502768044376,1.2466904097080125,3.2087345080218515,0.7593560480937488,0.33955718571119564,0.08592672067417531,17.575492420547164,6.548647530794337,6.152610094878369,4.87423479487446,1.6387389383784337,136.62350281478334,0.3374544415064675,49.038500290518364,46.19027754153223,69.31155778894473,$\bar{R}_{micro}^{LAD}$,[mmHg*s/ml],7.8070641409883255,13.836232331598042,11.45755614663872,11.344319265442307,11.39079850693038,2.350465686556099,5.456731214784617,13.257891283290277,11.215634835623401,12.043736903005941,15.0771783005832,10.513670888393328,8.759251317528497,1.314175666142536,0.3241620810405202,0.5529708399347235,6305.60440061498,1.516689692125643,0.29636786054871017,0.9255224591333865,0.5359556764036517
151.09019018066058,110.02387166516397,129.81341536606965,313.72226414249036,90.07526330285377,183.68808183357515,32.51384387078235,15.807364694418773,23.598725171077007,34.21172614843153,90.07563997939312,195.01421074951654,155.63929150276107,79.71432379257237,133.18838959666763,35.99107217663319,11.707681001889847,10.461090483387665,1.2465905185021826,3.2085623826936103,0.7593605780330834,0.3395239146248362,0.08591938557930306,17.541441751889263,6.513861486930162,6.152996231664866,4.874584033294235,1.6387386969455497,136.62390026370772,0.3374544415064675,49.037075461685994,46.18926981433656,69.69849246231156,$\bar{R}_{micro}^{LAD}$,[mmHg*s/ml],7.80700237122508,13.835876679577558,11.457845070035438,11.344613479797784,11.391090918536134,2.3503700453598886,5.456476723297254,13.257524008230055,11.215321265249825,12.043386768542002,15.076785144897721,10.513036938773316,8.75900823785025,1.314070009613688,0.3241620810405202,0.552970834010903,6305.268431199764,1.5167749197062763,0.29637197797133197,0.9255746035248926,0.5359631281484339
151.09637502014678,110.03401073090279,129.82173850782087,313.7188621833558,90.07046931617745,183.68344977566767,32.512424891465656,15.806802294643031,23.59774813374986,34.2100866149201,90.07085788832549,195.0074298891727,155.634501358305,79.7121002751245,133.18371264655056,35.98934002911319,11.707149542638021,10.46065883426288,1.2464907083751418,3.2083842261329503,0.759363267469847,0.33949071322502783,0.08591201375673711,17.507724717847037,6.479433063078791,6.153368530237941,4.8749231245303015,1.6387384596256755,136.62413231191317,0.3374544415064675,49.03570214201681,46.188423661352225,70.0854271356784,$\bar{R}_{micro}^{LAD}$,[mmHg*s/ml],7.806934075150779,13.835510182601753,11.458118972988128,11.344892605590493,11.391368223613888,2.3502734318226106,5.456221645475164,13.25714373329931,11.214988125479556,12.043023436464939,15.076378345235895,10.512402717267008,8.758755449065898,1.3139645784232437,0.3241620810405202,0.5529708296653187,6304.932852132421,1.5168582261109,0.2963749967484216,0.9256255732579709,0.535968591558076
151.10269979120324,110.04418275863338,129.8301474385534,313.71618140692885,90.06587636684688,183.67919971871427,32.51108300805796,15.806280068007478,23.596828087277736,34.20852026079733,90.06620167368811,195.00097367601674,155.6300579605854,79.7100289510192,133.17936557429954,35.987678124566926,11.706665112507512,10.460269288347419,1.2463958241600923,3.208219648320303,0.7593694932843392,0.33945909526818147,0.08590506089445771,17.474376761409985,6.445371696837855,6.153740959699068,4.87526410487306,1.638738230751194,136.6246828421122,0.3374544415064675,49.03433622575309,46.1875651058687,70.47236180904522,$\bar{R}_{micro}^{LAD}$,[mmHg*s/ml],7.806878916533671,13.835171851432882,11.458403299448708,11.345182073266677,11.391656174106103,2.350182662977226,5.455980637861873,13.256796406581296,11.214678216029027,12.042687759865835,15.07600362448434,10.511798675114585,8.758522165003845,1.3138633954032086,0.3241620810405202,0.5529708254871206,6304.611345679282,1.5169416914973088,0.2963783238495363,0.9256766352500034,0.5359746123829444
151.10883104640433,110.05417261546323,129.83836403967558,313.7130051431728,90.06120719249623,183.67475351013195,32.50969068557698,15.805737764076754,23.595872196304104,34.20692658231718,90.06155831894637,194.99427824673248,155.62546138140394,79.70795741857197,133.17477130116492,35.98600312624583,11.706153811537892,10.459856122943236,1.2462976885946546,3.208048180283293,0.7593730079050144,0.33942643021925817,0.08589783343710553,17.44138385174223,6.411669777182948,6.154114064215184,4.875600010344098,1.638737998607913,136.62498933739803,0.3374544415064675,49.0329811100186,46.186769749719836,70.85929648241206,$\bar{R}_{micro}^{LAD}$,[mmHg*s/ml],7.806817655949667,13.83481703837016,11.458678459040078,11.345462323964242,11.391934496841575,2.3500878052137466,5.455728255113608,13.25643120200893,11.214362689204442,12.04233962295783,15.075612859433477,10.511168449009409,8.758282368911436,1.3137609656671196,0.3241620810405202,0.5529708210874836,6304.284503474736,1.517023739703785,0.29638113469982674,0.9257268343032732,0.5359796998274838
151.11484762859018,110.06402260360964,129.8464450114277,313.71004046240745,90.05664972532011,183.67034911079296,32.50831264290541,15.80519734260475,23.594928691511143,34.20532672083936,90.0571904567103,194.98766937234097,155.62084923979097,79.70576602873668,133.1702369781246,35.98427756661683,11.705650607918948,10.45944960104749,1.2462010068714575,3.2078787712921524,0.7593771640930072,0.3393942492138854,0.08589071292898352,17.408718268556267,6.378312034164589,6.154476630769951,4.875929603621723,1.6387377728233878,136.62535381163252,0.3374544415064675,49.03167558689425,46.18609512416939,71.2462311557789,$\bar{R}_{micro}^{LAD}$,[mmHg*s/ml],7.806751611890115,13.83446279688359,11.458945144150304,11.345733826374646,11.392204245393033,2.3499938614665816,5.455478127238002,13.256065482722013,11.21403532179755,12.04198956727809,15.075221979361896,10.510549703159114,8.758038735636246,1.3136567787079652,0.3241620810405202,0.5529708182963657,6303.965480772408,1.517104558390198,0.2963832236081825,0.9257762794936817,0.5359834801433144
151.12092592060048,110.07383565395884,129.85455372647849,313.7069822039765,90.05208014426532,183.6660913570116,32.506976198788635,15.804673771261,23.594007566800144,34.203790097909284,90.05236481975084,194.98125581183436,155.61639706266817,79.7037014695145,133.1658460378694,35.98264097292901,11.705160683366097,10.459054262839011,1.2461064205270866,3.2077142064859006,0.7593810223104459,0.3393627673300197,0.08588374507936511,17.376404035555385,6.345304553662061,6.154839961445936,4.876259520447392,1.6387375443395928,136.62569136726103,0.3374544415064675,49.030324257960814,46.185139409839174,71.63316582914572,$\bar{R}_{micro}^{LAD}$,[mmHg*s/ml],7.806691167175055,13.834124851067598,11.459215876785516,11.346009721111676,11.392478487767905,2.349902898095874,5.455238410557574,13.255714368723664,11.213734251861663,12.0416535828575,15.074844695862945,10.509950346980041,8.757804471177,1.313557134049031,0.3241620810405202,0.552970812667056,6303.645610098572,1.517185290427315,0.29638708151717025,0.9258256733470624,0.5359904622952044
151.12704298212557,110.08363766278352,129.8626623424303,313.70457535802433,90.04770607456584,183.66207789912724,32.50570095761152,15.804177013987097,23.59313449177606,34.20229585363907,90.04796605561258,194.97511649834183,155.61219021855018,79.70175112303404,133.16172984598083,35.98104649497691,11.704704662701802,10.45868841000998,1.2460162526918224,3.2075586452822136,0.7593878628519249,0.339332714862717,0.08587714395509698,17.344424648321233,6.3126371554671294,6.155199259324244,4.876588233529865,1.6387373235944984,136.6262975292583,0.3374544415064675,49.029014102749485,46.18433760821904,72.02010050251256,$\bar{R}_{micro}^{LAD}$,[mmHg*s/ml],7.806644189907166,13.833803735742872,11.45949568454024,11.34629421155566,11.392761470653001,2.3498167217044874,5.4550096192040485,13.255386222440716,11.213440139222119,12.04133603451806,15.07449064048369,10.50937546391295,8.757584096920185,1.3134601209076495,0.3241620810405202,0.5529708086941015,6303.3394252196085,1.5172657193079644,0.2963901675985876,0.9258748778479693,0.5359960470581513
151.13278644441257,110.09310874207269,129.87042368139794,313.7011118516854,90.04314396357337,183.65761940632112,32.50435024968825,15.803640581671335,23.59220251315901,34.20075595888858,90.04348110851244,194.9686728263323,155.60761406715469,79.69961997911012,133.1572101908055,35.97941034009931,11.70419158484038,10.458270105198372,1.245921479642008,3.2073874488958456,0.759389016631948,0.33930121671711894,0.08587011647068918,17.31275319552301,6.280298180294236,6.155549620902171,4.876905394326599,1.6387370996198678,136.62639198445225,0.3374544415064675,49.02772030620923,46.18356364805251,72.4070351758794,$\bar{R}_{micro}^{LAD}$,[mmHg*s/ml],7.806573599924343,13.833451756046047,11.459747226644277,11.346550833394335,11.39301626710929,2.3497242485051197,5.454763357367284,13.255021584284737,11.213124568831613,12.040988677956358,15.074100592990677,10.508770714191453,8.757342085699285,1.3133605212955162,0.3241620810405202,0.5529708045372514,6303.020077450136,1.517343641840449,0.29639280136007456,0.9259225547480568,0.5360008140178543
151.1386971024628,110.10265043960105,129.87829788993338,313.698453840413,90.03879335667027,183.65355821930515,32.503092297463226,15.803145749512488,23.591338892787185,34.19929472038993,90.03920008774924,194.96264051410017,155.603428273314,79.69769807377274,133.1530937487035,35.977858567917046,11.703729203747894,10.457896397474771,1.245832806273122,3.2072303666856525,0.7593941851333604,0.3392716937857766,0.08586359331711858,17.281417034287358,6.248292726552754,6.15589932990016,4.877224977834439,1.638736880523679,136.62684779886553,0.3374544415064675,49.026435550544996,46.182796791387005,72.79396984924622,$\bar{R}_{micro}^{LAD}$,[mmHg*s/ml],7.806519667273347,13.833128876099888,11.460014029458268,11.346822472782724,11.393286392922125,2.3496388092677565,5.4545344417353645,13.254690909559494,11.212833420177889,12.040672125776364,15.073747983610913,10.508202269923089,8.757122582158793,1.313265841670044,0.3241620810405202,0.5529708006288582,6302.715534966919,1.5174220211686558,0.296395634119828,0.9259705076532753,0.5360059406079964
151.1444109960276,110.11201011483368,129.88597928919643,313.69531514419543,90.0343709602501,183.6492935594868,32.5017617169236,15.80262415852742,23.59042430439519,34.19776485616856,90.0347140134882,194.95625862743543,155.5989908237977,79.69564386256506,133.14868684810685,35.97622432028072,11.703238034258293,10.457498926852036,1.2457391074062563,3.207066287201134,0.7593966911940032,0.3392405110083824,0.08585668712424213,17.25039845470408,6.216612200062136,6.156247365833984,4.877538888807955,1.6387366631737548,136.62706417775883,0.3374544415064675,49.0251659645435,46.182007516643,73.18090452261306,$\bar{R}_{micro}^{LAD}$,[mmHg*s/ml],7.806455571026421,13.832789229204192,11.460267357378903,11.347080512990779,11.393542611080225,2.349548053312316,5.454296175240044,13.254339312457356,11.212526901602793,12.040335774668744,15.073368181499566,10.507597857864289,8.75688937535415,1.3131667016083228,0.3241620810405202,0.5529707964826793,6302.405967217507,1.5174989586818934,0.2963984805308952,0.9260175797513072,0.5360110921159275
151.15012046762266,110.12128415923625,129.893619771357,313.69249710891995,90.03007068501614,183.6452214609316,32.50047411470719,15.802124820030592,23.589541057493317,34.19627617202797,90.03032500593528,194.9500578787035,155.59473450797037,79.69365763328389,133.1444684577876,35.97465083828816,11.702770203339387,10.457122011659301,1.245648191680086,3.2069091654393396,0.7594005953977755,0.33921022859081507,0.08585001192954514,17.21969188091499,6.185250770158097,6.1565907178197214,4.877850392937175,1.6387364483990898,136.62740643698274,0.3374544415064675,49.0239114139809,46.18122507147523,73.5678391959799,$\bar{R}_{micro}^{LAD}$,[mmHg*s/ml],7.806396717502079,13.832462635710922,11.460520591095191,11.34733848580862,11.393798974494777,2.3494606128198603,5.4540643103904625,13.254002736874131,11.212232557909173,12.04001385191192,15.073007948151469,10.507022126548046,8.756666019891501,1.3130709286980908,0.3241620810405202,0.5529707924399757,6302.10494795113,1.5175752434427654,0.29640140597377257,0.9260642520798943,0.5360163864458476
151.15582149717602,110.1305176936074,129.90123025910634,313.6897920249614,90.02582068180934,183.64122225201066,32.499230269087555,15.801633339700142,23.588685567352584,34.19483921134703,90.02612751099825,194.94410749937032,155.5905550139265,79.69171225321553,133.14039412017428,35.97311302319156,11.702313576987821,10.45675288420464,1.2455606927831817,3.2067547558991367,0.7594049531271397,0.3391811171591708,0.08584355470391122,17.189293478791,6.154203924059319,6.156929797627708,4.878159757103976,1.638736234771665,136.62778954095165,0.3374544415064675,49.02266472517102,46.180481506110176,73.95477386934674,$\bar{R}_{micro}^{LAD}$,[mmHg*s/ml],7.806342506858987,13.832144550057398,11.46077572881863,11.347598351814012,11.394057326525166,2.3493760033230133,5.4538395909726995,13.25367439613516,11.211942079157877,12.039697599717517,15.072655309508379,10.50646521138781,8.756445475232935,1.312977527216636,0.3241620810405202,0.5529707886098074,6301.807447726654,1.517651141708045,0.296404077076294,0.9261106879225799,0.5360212206172169
151.16138032602757,110.13960536044709,129.90869349015577,313.68682525668004,90.02154885161687,183.63711803162087,32.49797197024886,15.801137577236187,23.587820709842113,34.193386185572756,90.02187551795173,194.93808017824378,155.5863497516088,79.68976960313135,133.1362244486052,35.97155879057513,11.701843304147864,10.456371172548476,1.2454721315993889,3.2065967718166943,0.7594077698696787,0.3391516457227125,0.08583702565915291,17.159194124227806,6.123465710368743,6.157264562089546,4.878463851769511,1.6387360223711815,136.62803407246645,0.3374544415064675,49.02143412864706,46.179728165804875,74.34170854271358,$\bar{R}_{micro}^{LAD}$,[mmHg*s/ml],7.806281924006728,13.831822392943515,11.46102409917376,11.34785128117728,11.39430858442399,2.349290136526374,5.453612202059994,13.253341986868804,11.2116504046811,12.039378910854648,15.072296928459366,10.505897922673737,8.756224539706118,1.3128831295780607,0.3241620810405202,0.5529707847064488,6301.508419613181,1.5177258758085952,0.29640680342945974,0.9261564126798837,0.5360261547756286
151.16708112268952,110.14874273598504,129.91625024518706,313.68454762956253,90.01746404708915,183.63337098919646,32.49677740496753,15.800676836989743,23.587003829102326,34.19199058034081,90.01774836113051,194.93231081671428,155.5824527046486,79.68803337656018,133.13237867993172,35.97010680081484,11.70141638775706,10.456028853402257,1.2453875343548022,3.2064513838735875,0.7594140036883058,0.3391234355463703,0.0858308467116794,17.129409838453878,6.09303840250313,6.157600886178689,4.878770549772059,1.6387358195529702,136.62858639178907,0.3374544415064675,49.02020997718605,46.178977709739456,74.7286432160804,$\bar{R}_{micro}^{LAD}$,[mmHg*s/ml],7.806238434485583,13.831524979151661,11.461283963734788,11.348115671473453,11.394571558268051,2.3492095487969245,5.453398144357143,13.253035726366601,11.211379639201022,12.039084611476511,15.071968095555677,10.505357671374288,8.756022474620515,1.312793932112792,0.3241620810405202,0.5529707809225362,6301.22248329624,1.5178008827300125,0.29640972310068586,0.9262022985157257,0.5360314384173744
151.17249073601556,110.1576139367811,129.92353067995617,313.68149714756873,90.01324631007246,183.629292786453,32.4955218413497,15.800178209477076,23.586137708372306,34.190554925566495,90.01356485535075,194.92631885714584,155.57820002143853,79.6859930924113,133.12819959334828,35.968555069165866,11.70094764643654,10.455648225663309,1.2452994207732313,3.206294638228463,0.75941602261028,0.3390941453838041,0.08582431834515172,17.09990410489847,6.062906862176101,6.157929448605965,4.879067794116402,1.6387356099644192,136.6287592698322,0.3374544415064675,49.01900178570696,46.17825103510948,75.11557788944724,$\bar{R}_{micro}^{LAD}$,[mmHg*s/ml],7.806175443299779,13.831198507914127,11.461522420531455,11.348358717118375,11.394812919155694,2.3491238115541497,5.453170120918,13.25269861176048,11.21108572389472,12.038762301947687,15.071607156799075,10.504795751312928,8.755796380834639,1.3127001729063899,0.3241620810405202,0.5529707770681054,6300.927241705072,1.5178739226800162,0.2964122247973564,0.9262469878914591,0.5360359662565848
151.1780034799161,110.16650058608349,129.93086921730136,313.6790676972815,90.0092068885908,183.62553279502882,32.49433343044972,15.799715592475453,23.585323391765144,34.18917265725639,90.00949743671498,194.92060020013076,155.57427593653088,79.68418302594807,133.1243218944197,35.9670853054232,11.700518298302574,10.45530277199831,1.245215526304264,3.2061491697555047,0.7594210627641338,0.33906619798002086,0.08581816230626528,17.070697437550045,6.033074464883706,6.158256824513125,4.879366148153213,1.6387354061169277,136.6292041656259,0.3374544415064675,49.0178057041028,46.177519125376975,75.50251256281408,$\bar{R}_{micro}^{LAD}$,[mmHg*s/ml],7.8061277404693135,13.830900328473449,11.461770385651612,11.348611118851421,11.395063891173256,2.349043088938493,5.4529553663577754,13.2523894800798,11.210813164452249,12.0384656849872,15.07127687640406,10.504260976485236,8.755590902702453,1.3126106653329863,0.3241620810405202,0.5529707733442342,6300.6444822013555,1.5179469844094857,0.29641498704902774,0.9262916873239123,0.5360409651605658
151.1833909781564,110.17526083095541,129.9380792563876,313.67634162056623,90.00512768983825,183.6216622659943,32.493136428121275,15.799242895684737,23.584499536289137,34.1877984724378,90.00547888863971,194.91487235844056,155.57026619902038,79.68231455069336,133.12037234448147,35.965618681910016,11.700075118552896,10.454943759254128,1.2451313592987674,3.2059998504556213,0.7594244419241061,0.3390381988230602,0.08581194723334934,17.041774096988014,6.0035336005304005,6.1585806724201495,4.879659824037464,1.6387352029109097,136.62949967039282,0.3374544415064675,49.01661741818721,46.176814421386624,75.8894472361809,$\bar{R}_{micro}^{LAD}$,[mmHg*s/ml],7.806072948657095,13.83059175641134,11.462012728083167,11.348857906035395,11.395309083120058,2.3489616075495863,5.452738455120433,13.252073137923922,11.21053609671492,12.038162164911183,15.070937521534132,10.503720589523459,8.755379568716538,1.3125214409339696,0.3241620810405202,0.5529707696306146,6300.358938288678,1.518019063771836,0.29641748626528663,0.9263357869382168,0.5360454883777925
151.18871200847104,110.1839257694852,129.94520523093817,313.6736661815235,90.00109955512735,183.61782225284162,32.49192780004026,15.798771365169426,23.5836697214113,34.18639345996044,90.00135046021167,194.90906533485844,155.5662339474369,79.6804417745509,133.11642114372023,35.96412950073855,11.69963431328555,10.454588211318654,1.2450461019668966,3.2058519004493133,0.759427860249327,0.33900980626788185,0.08580568233654765,17.013128317949704,5.974278711793291,6.158899510323042,4.879950095833365,1.6387350026507206,136.62979882038888,0.3374544415064675,49.01544874614399,46.17607205985376,76.27638190954774,$\bar{R}_{micro}^{LAD}$,[mmHg*s/ml],7.806015090498584,13.83028343411745,11.462247384096582,11.349096969957548,11.395546678695823,2.34887956982988,5.452523257343701,13.251754891199656,11.210255410786973,12.03785686035455,15.070595332040753,10.503179175245528,8.755167557381867,1.3124310309870466,0.3241620810405202,0.552970765885846,6300.076968858914,1.5180903288487113,0.2964202611396955,0.9263793879993644,0.5360505101292964
151.19400096212595,110.19253338648736,129.952277376395,313.6712590677987,89.99716992233508,183.614077681493,32.490767523335634,15.798317407336784,23.582875713644842,34.185053186598516,89.99773297437527,194.9034954959646,155.56238424459795,79.6786710762997,133.1125965216192,35.96269942867138,11.699208634253482,10.454243886720482,1.2449647475330003,3.205707421958882,0.7594323693909082,0.3389827226853496,0.08579969501099197,16.984764210942323,5.945309296624547,6.159216732852665,4.880238181465115,1.6387348076627142,136.63019631437697,0.3374544415064675,49.014308193976866,46.1755356133357,76.66331658291458,$\bar{R}_{micro}^{LAD}$,[mmHg*s/ml],7.805968817313857,13.829988215389877,11.462485025347831,11.349338912698967,11.395787140289823,2.3488006913785875,5.452309513909311,13.251449795688117,11.209982353369279,12.037564647664459,15.070270100984148,10.502654462394386,8.754965882525978,1.312343909134737,0.3241620810405202,0.5529707636693347,6299.801894563455,1.518161031422264,0.2964218328845274,0.9264226428360172,0.5360533546431427
151.19924173171842,110.20102330864795,129.95928430871214,313.66853564887214,89.99319497885217,183.61033541046632,32.48961354641439,15.79785988129889,23.582078571841063,34.18370924272006,89.99349031299624,194.89797752714628,155.55848458366785,79.67684245970447,133.10883925340397,35.961284074333044,11.698779121923057,10.45389602527241,1.2448830966506466,3.2055630431443407,0.7594353411127369,0.3389555444003267,0.08579368188042388,16.956663633259986,5.916615131869484,6.1595261049550665,4.880522396435435,1.6387346101456763,136.63045540270986,0.3374544415064675,49.01314230360166,46.17466607649202,77.0502512562814,$\bar{R}_{micro}^{LAD}$,[mmHg*s/ml],7.805911629908811,13.82968653770794,11.462720031366288,11.349578242192775,11.396025070897478,2.348722641157969,5.452103993153614,13.251140384159406,11.20971594767312,12.037270072063745,15.069939134019693,10.502140677297701,8.754759736618553,1.3122577499271462,0.3241620810405202,0.5529707587582948,6299.523648519652,1.5182309666282783,0.2964254183162429,0.926465430844421,0.5360598433484461
151.2043988248303,110.20943224874,129.96619580560017,313.66576803861784,89.98923491238324,183.6065502641222,32.48842897555584,15.797398549638965,23.58126463735503,34.18235932039243,89.98951981884491,194.89228455030602,155.55456822584762,79.67503366847575,133.10488172426355,35.95983080687354,11.69834330483039,10.453543612234649,1.2447996925957405,3.2054172434797983,0.7594378834448561,0.338927789165403,0.08578753302798746,16.928850310931107,5.888203811761825,6.159841306910336,4.880805192258947,1.6387344130770063,136.6306758833743,0.3374544415064675,49.01199591350726,46.1739776033138,77.43718592964825,$\bar{R}_{micro}^{LAD}$,[mmHg*s/ml],7.805855434610611,13.829387781799248,11.462948195031267,11.349810750843833,11.396255943828699,2.3486415811647023,5.451889504463927,13.250832317274217,11.209447988058752,12.036973631763814,15.069606155627119,10.501604825381202,8.754554334656657,1.3121694675273678,0.3241620810405202,0.5529707550021924,6299.246443866827,1.5183002279817452,0.29642787301742046,0.9265078074066162,0.5360642861054111
151.2095913524009,110.21781343276092,129.97311034285008,313.66338918839523,89.98540080707292,183.60296729802513,32.48729839048202,15.796957051167043,23.58048855855053,34.18105261963196,89.98567986487333,194.88685278517798,155.55081776379387,79.67330233241732,133.1011880970643,35.958444836211605,11.697933252102686,10.45321326075793,1.2447199913447562,3.2052786297352505,0.7594422079712256,0.3389012511505942,0.0857816721602823,16.901300138407393,5.860062521206094,6.160151037924043,4.881086579277255,1.6387342226966528,136.6310569596042,0.3374544415064675,49.01086411147605,46.173294185248984,77.82412060301507,$\bar{R}_{micro}^{LAD}$,[mmHg*s/ml],7.805807787712514,13.829101975715782,11.463181728904635,11.35004850536222,11.396492290833462,2.348564857819827,5.451684808420083,13.250536484481628,11.209188103273478,12.036690056475962,15.069289065643353,10.501096868177697,8.754357595322771,1.31208501008626,0.3241620810405202,0.5529707514663437,6298.978056495104,1.5183691547092035,0.2964303951747494,0.9265499759995369,0.5360688506375576
151.21472467252997,110.22612316560527,129.979953890403,313.66097734111656,89.98158171556379,183.5993723098639,32.486217420441534,15.796523976447528,23.5797446306935,34.1797960280443,89.98202819349429,194.8817020248411,155.54716620208856,79.6716700725384,133.0976989804285,35.957149714106166,11.697525656821211,10.452881573483467,1.2446440833377452,3.2051397554267655,0.7594462500543191,0.33887600203687845,0.08577606436057894,16.87399705391112,5.832183166650363,6.16045046597873,4.8813634212820265,1.6387340293586379,136.63141250430357,0.3374544415064675,49.009743651901104,46.17264076543445,78.21105527638191,$\bar{R}_{micro}^{LAD}$,[mmHg*s/ml],7.8057603858637705,13.828822057976671,11.463413944779692,11.350285112229983,11.396727648792195,2.3484917206914973,5.4514919735364,13.250249537682604,11.208932825648375,12.036413498531061,15.068979763546901,10.50060842450678,8.754166041053741,1.312005382818971,0.3241620810405202,0.5529707481689327,6298.710720089465,1.5184375502111331,0.2964327342833497,0.9265918221063695,0.5360730839107415
151.21978786428798,110.23431722333756,129.98670879487116,313.6585519805952,89.97780178061466,183.59581828446022,32.485049293562874,15.796078279890441,23.578944847822683,34.178451597068744,89.9780351921935,194.87604770364797,155.5433594460364,79.66985003916889,133.09382044499182,35.95567683599881,11.697114697045032,10.452553236116833,1.2445614609281999,3.2050025167385128,0.7594500182683299,0.3388484644857695,0.08577001556634428,16.84697895222696,5.804578092124171,6.160760720463973,4.881640139638817,1.6387338408245642,136.6317436125325,0.3374544415064675,49.00863354153556,46.171931467444864,78.59798994974875,$\bar{R}_{micro}^{LAD}$,[mmHg*s/ml],7.805713411007084,13.828532972949256,11.463637122221067,11.350512265914693,11.396953230291267,2.348412071908149,5.4512800055699095,13.249947186451204,11.208671605525616,12.036125786792105,15.068657488703757,10.500079869322503,8.75396631817749,1.3119167169913069,0.3241620810405202,0.5529707444297578,6298.4461246430255,1.51850501911205,0.2964354355931279,0.9266331000694912,0.5360779726219009
151.22492534814094,110.24255107730107,129.99350704610103,313.6567183808017,89.9741834775237,183.5924849523023,32.484005809672844,15.795665826951582,23.57823187725585,34.1772399433646,89.9748134602028,194.87105191206535,155.53988791064506,79.66824402626403,133.09046658575858,35.954393509414416,11.696739965456336,10.45225149398112,1.244488471475217,3.204873269563514,0.7594566060385676,0.33882417394770725,0.08576463559506384,16.82020511191247,5.777228675200257,6.16106085069008,4.881915586022135,1.638733660405534,136.63232868879757,0.3374544415064675,49.00755251550692,46.17146188588519,78.98492462311557,$\bar{R}_{micro}^{LAD}$,[mmHg*s/ml],7.805674927361372,13.82826847664895,11.463872719235045,11.350751954080115,11.3971917178357,2.3483413970917555,5.451089537012266,13.249676238399122,11.208423412091266,12.035862986681849,15.068367882124953,10.499604606914971,8.753783870212386,1.3118383218166392,0.3241620810405202,0.5529707425724518,6298.192843426658,1.5185725883572978,0.29643675205524417,0.9266744346860488,0.5360803551309121
151.22988560364283,110.25057084940674,130.00013057907194,313.65409220364614,89.97041046323696,183.5889515699917,32.48291510014497,15.795238556548956,23.57747838818658,34.175987587830804,89.97081723631783,194.865819028255,155.5362454728882,79.6665460892077,133.0868295925163,35.953040767839084,11.696333327530711,10.451922100754535,1.2444112267761755,3.2047367866014302,0.7594591893150476,0.338798461026613,0.08575894823199495,16.79367662248672,5.750134168038549,6.161357308939159,4.8821851455090135,1.6387334716982171,136.63255319775138,0.3374544415064675,49.00644058035078,46.170651007436206,79.37185929648241,$\bar{R}_{micro}^{LAD}$,[mmHg*s/ml],7.8056242264195275,13.82799039500626,11.464092224268716,11.350975715297768,11.397414120659205,2.348267133901019,5.450892333695589,13.24938886459113,11.208178297685878,12.035588180744567,15.068057382412333,10.499112627985719,8.753592013873341,1.3117560809130053,0.3241620810405202,0.5529707378048891,6297.928732426587,1.5186387668374721,0.29644008807998706,0.9267149253158959,0.5360863926665561
151.2346875753264,110.25845473148085,130.00659384216576,313.65132660731086,89.966643844718,183.585284033263,32.48178087202855,15.794792905235386,23.576699760849117,34.17467744625272,89.96697308734552,194.8603829332544,155.53244645900423,79.66480007994514,133.08312112091613,35.951663373907635,11.695911043311275,10.45157961478412,1.2443314285271565,3.2045962309709046,0.7594605230063799,0.3387719530081283,0.08575301793787027,16.767377852138978,5.7232855398406794,6.161643812934958,4.882448499363346,1.6387332828487595,136.6326652955159,0.3374544415064675,49.00536789670862,46.16996627691219,79.75879396984925,$\bar{R}_{micro}^{LAD}$,[mmHg*s/ml],7.805567644516258,13.827697053140987,11.46430220525486,11.351189759984107,11.397626737821959,2.34818958180076,5.450692760362057,13.249086583288262,11.207914826863185,12.035299914580843,15.06773298249967,10.498614059529686,8.753392432106578,1.3116723404389494,0.3241620810405202,0.5529707306225535,6297.66506913026,1.5187035934267283,0.2964425024393307,0.9267545910745325,0.5360907657907779
151.23957542447786,110.26636571866655,130.01311007491591,313.64908755238133,89.96302573653622,183.58187084147698,32.48072524262246,15.794376719168797,23.57597525989567,34.173437986529116,89.9633418123688,194.85532259253426,155.52890970684743,79.6631569286214,133.07971914786302,35.95036584773317,11.695522797582804,10.451265784086136,1.244257013496668,3.2044645659458997,0.7594646145769203,0.3387471672771494,0.08574755365645553,16.741332584541933,5.696689731389745,6.161930251255813,4.882712601896371,1.6387331020722296,136.63302581086802,0.3374544415064675,49.00430817279302,46.16930172366545,80.14572864321607,$\bar{R}_{micro}^{LAD}$,[mmHg*s/ml],7.805521373755972,13.827426764981196,11.46452257528076,11.351414041717057,11.397849805621547,2.348118281722092,5.450504603062562,13.248808280486102,11.207666120868208,12.035032312441402,15.067434879257185,10.498147535012766,8.753206331043485,1.3115931928729798,0.3241620810405202,0.5529707274336445,6297.411801557536,1.5187686796018682,0.29644502181094395,0.9267944106830682,0.536095324949216
151.244514416621,110.27426039503595,130.01964917580096,313.64704017852125,89.95947102243534,183.5786323967196,32.479671306992344,15.793972100798388,23.57525311569609,34.17223859585011,89.95978935839507,194.85023215981957,155.52549061452083,79.6615648884725,133.07621599573318,35.94905410990783,11.695151402288232,10.450968787158605,1.2441826151296271,3.204338760131576,0.7594696899328978,0.33872238704940844,0.085742090645562,16.71556034271837,5.670352262040655,6.162228563372311,4.8829795173054045,1.638732924139224,136.63347493841854,0.3374544415064675,49.00323629605754,46.1686847181216,80.53266331658291,$\bar{R}_{micro}^{LAD}$,[mmHg*s/ml],7.8054813920281685,13.827166398960962,11.46474366059164,11.351639196685593,11.398073610028325,2.3480463687504507,5.45031005297345,13.248540052705607,11.207433671108214,12.034774448576854,15.067145875250711,10.497660279072289,8.753027700730927,1.3115135455102351,0.3241620810405202,0.5529707239977162,6297.162971570474,1.518833685719906,0.2964472834736672,0.926834179839099,0.5360994183028243
151.24915652661275,110.28192205398517,130.0259151007548,313.64428477675784,89.95579342330993,183.575016015387,32.4786064131446,15.79354133148171,23.574517523030025,34.171002075363376,89.95621896857244,194.8451814447199,155.52181282062065,79.65985770059133,133.07270882373808,35.94775897797843,11.694738574505099,10.450630493622535,1.2441080808825637,3.204200098855152,0.7594708335117328,0.33869762178501595,0.08573655743553844,16.689979202697,5.644240387191363,6.162504785257126,4.883234030248508,1.6387327424575615,136.63357023287992,0.3374544415064675,49.002198325163135,46.16804906417159,80.91959798994975,$\bar{R}_{micro}^{LAD}$,[mmHg*s/ml],7.8054239610660145,13.826885157584407,11.464950812674498,11.351850254150559,11.398283270313131,2.3479738132510746,5.450119818323062,13.248247802826821,11.207175348439502,12.034495004768717,15.06683423960438,10.49718878956394,8.752832406973607,1.3114346288612424,0.3241620810405202,0.5529707208301005,6296.905539631695,1.5188968384717125,0.2964494828304864,0.9268728201487362,0.5361033987214852
151.25394203626357,110.28962540134835,130.03227826232518,313.64214086577624,89.95227957682762,183.57175530719343,32.477557703745255,15.793134760657397,23.57379784038211,34.16979846425989,89.95266968086182,194.84013185382182,155.51835749644616,79.65825973708847,133.06926755764914,35.94647534084757,11.694364407271143,10.450330274395585,1.2440341328755582,3.204073835402675,0.7594750566280506,0.33867299688655134,0.08573112216855366,16.66466618861855,5.618380008009537,6.1627925643128805,4.883493616296131,1.638732565512087,136.63394273825566,0.3374544415064675,49.00115457647572,46.167423941361584,81.30653266331657,$\bar{R}_{micro}^{LAD}$,[mmHg*s/ml],7.805381001530866,13.826618299426862,11.465164071598366,11.352067480998036,11.398499184863082,2.3479026072197797,5.449927903393233,13.247974456301444,11.206937617892072,12.03423398833604,15.066541017890746,10.496711483604393,8.752651321482361,1.3113564671951552,0.3241620810405202,0.5529707175272047,6296.659570377933,1.518960312968584,0.29645178181190057,0.9269116541257754,0.5361075594338608
151.25861715729934,110.29723012504516,130.0385305888641,313.6397881970372,89.94874348946314,183.56838752194562,32.47651152540525,15.7927253998271,23.57307984530095,34.16858146030822,89.94907581310096,194.8351083927598,155.51488108926745,79.65665067700736,133.06584047117718,35.94518702329834,11.693978577128963,10.450018223903678,1.2439603532252848,3.203943999508733,0.7594780427285345,0.33864842364107023,0.08572570368628137,16.639569299904206,5.592750040908783,6.1630714296735505,4.883747829321872,1.6387323905018756,136.63420405034174,0.3374544415064675,49.000127257047325,46.16676971368859,81.69346733668343,$\bar{R}_{micro}^{LAD}$,[mmHg*s/ml],7.805332848934835,13.82635310167416,11.465371775972434,11.352279041362934,11.398709455891902,2.347831561989731,5.449741816783719,13.247701339183111,11.206696085664149,12.033970746864377,15.066245013391779,10.496242457822719,8.75246895197388,1.311278068781424,0.3241620810405202,0.5529707142610035,6296.41204426242,1.519022931836146,0.2964542566358374,0.9269499648877584,0.5361120381067962
151.26346584511683,110.3049066990375,130.0449065879021,313.6382129859906,89.94540880723797,183.565421040177,32.47554592335624,15.792354378988774,23.572419631127772,34.167452529803185,89.94572923317239,194.83043931501538,155.51173595704995,79.65520572646773,133.06273262785524,35.94397620132523,11.693642713771922,10.449750743382115,1.243891970389808,3.2038283214195906,0.7594849888983425,0.3386256112409513,0.0857207181857999,16.614719793200663,5.567359305987194,6.163354317272414,4.884006169941057,1.6387322215907634,136.63482183388916,0.3374544415064675,48.99910249847742,46.1661584038939,82.08040201005025,$\bar{R}_{micro}^{LAD}$,[mmHg*s/ml],7.805303344655805,13.82611856069181,11.46559476277213,11.352505712921449,11.398935043365858,2.347766612735928,5.4495669032802825,13.247456088511253,11.206476790547987,12.033733932787948,15.065985188410915,10.49580807028205,8.752304978999154,1.3112042510944153,0.3241620810405202,0.5529707116161996,6296.178616506658,1.519086117299342,0.29645666519283687,0.9269886179602439,0.5361163963392668
151.26801282160707,110.31234298967529,130.05100824701296,313.63574625138665,89.941901491841,183.5620436707656,32.474496340429006,15.791942483163748,23.571698979220827,34.16624389434834,89.94220766376766,194.82540427883342,155.50824142246245,79.65357505808696,133.05928111010743,35.94269784849602,11.693254365052256,10.449436193287914,1.2438181717643422,3.2036983316043917,0.75948711282159,0.33860105369764504,0.08571527628785998,16.59007572498749,5.5421919031494085,6.163628738742604,4.884255083095477,1.6387320473049616,136.63500561966353,0.3374544415064675,48.998093338489724,46.165543963169554,82.46733668341709,$\bar{R}_{micro}^{LAD}$,[mmHg*s/ml],7.805252191270223,13.825849585826129,11.465795476719563,11.352710264771053,11.399138228441748,2.347695014186495,5.449378663871391,13.247179232804779,11.206235424567009,12.03346929137046,15.065688200372046,10.495339092461334,8.752121339990232,1.3111266006366573,0.3241620810405202,0.5529707083398254,6295.933104428869,1.519147397968435,0.2964588610352756,0.9270261117226614,0.5361203705081033
151.27267341660175,110.31981769116618,130.05718763331492,313.6337306372278,89.9385119524935,183.55892752576665,32.473511338038556,15.791559608235927,23.571023167111424,34.16512064534479,89.93889696551027,194.8206645112183,155.50501643264604,79.65210719607857,133.05601292658858,35.94148804172026,11.69289860259821,10.449149812636964,1.2437487899612456,3.203577506173964,0.7594915233532575,0.3385779562511575,0.08571016974934889,16.565674606711507,5.517258600113706,6.163909024024883,4.8845069825729155,1.6387318769610308,136.63539525438682,0.3374544415064675,48.99707857568987,46.164967762098634,82.85427135678393,$\bar{R}_{micro}^{LAD}$,[mmHg*s/ml],7.8052132398460214,13.825601554292192,11.466007932958505,11.352926484855423,11.399353097584024,2.3476278564840305,5.44919714414135,13.246925567237692,11.206015106255055,12.033225827444912,15.065417436371167,10.494887089704989,8.751953008508291,1.3110527280943678,0.3241620810405202,0.5529707051935344,6295.695836674545,1.5192089827610127,0.296460941685994,0.92706378884771,0.53612413623654
151.2771594755699,110.32712638397977,130.063193555452,313.63142522232937,89.93509796379264,183.55566251903142,32.47251365345715,15.791161598801875,23.570336560792565,34.163960637363445,89.93552348214118,194.81590601222203,155.50163549457508,79.65050752019178,133.05273526991448,35.94025091685376,11.692525615867822,10.448846855102968,1.2436787607648547,3.2034517346747156,0.7594941413834015,0.3385546675207265,0.08570499132677548,16.541464981481422,5.492538840887414,6.164175236165412,4.884750904428598,1.6387317068891185,136.63562366073916,0.3374544415064675,48.996090193876746,46.16436374373813,83.24120603015075,$\bar{R}_{micro}^{LAD}$,[mmHg*s/ml],7.805167859580263,13.825340127251247,11.466206899592768,11.353129186028962,11.399554598211333,2.347559830861676,5.449015490918992,13.246656750196248,11.205778747556838,12.032969548867609,15.065129537270689,10.494440332347919,8.751773977171878,1.3109776611013604,0.3241620810405202,0.5529707017520179,6295.456857465485,1.5192691924986603,0.2964631047847905,0.9271006267296558,0.5361280513515174
151.28156117814348,110.33432985955669,130.0691087792623,313.62901663637155,89.93169390515394,183.55237640922712,32.47149234037933,15.790764791973091,23.569634540476873,34.16278249677093,89.93205584764264,194.81099462444124,155.4982305055756,79.64894990045056,133.04935333327813,35.93900749388137,11.692147585851973,10.448540811232725,1.243606774619249,3.2033253032314395,0.759496164749343,0.33853069575774436,0.08569970042894222,16.5174754193829,5.468041240853444,6.164441582309344,4.8849925962201155,1.638731538177205,136.63579863236927,0.3374544415064675,48.99511281981588,46.16374759597868,83.62814070351759,$\bar{R}_{micro}^{LAD}$,[mmHg*s/ml],7.805118276181105,13.82507918943929,11.466399881312674,11.353325911988323,11.39975000507614,2.347490371918954,5.448832378105651,13.246388299528245,11.205543130749707,12.032711576107099,15.064838360205984,10.49397972494722,8.751595357226305,1.3109018581104726,0.3241620810405202,0.5529706989803465,6295.218573360776,1.5193286448765395,0.2964653837828784,0.9271370016876103,0.5361321754110072
151.2859949277838,110.34151826600667,130.07503352983701,313.62683217926946,89.92835607864833,183.54920593704193,32.47050771121263,15.79037706300666,23.5689579185049,34.16163876298409,89.92870301381262,194.80627592834298,155.49493882963034,79.64744414072851,133.04615898641728,35.93781349791666,11.691785041122353,10.448247594047357,1.2435374470749951,3.2032030597456655,0.7594992142573254,0.3385076141549911,0.08569460010313705,16.493699636685918,5.44376115636442,6.16470512149184,4.885233358829659,1.6387313712148,136.6360659796392,0.3374544415064675,48.99414062815074,46.16314468579634,84.01507537688443,$\bar{R}_{micro}^{LAD}$,[mmHg*s/ml],7.805073799157271,13.824828469671546,11.466599170362114,11.353528811775208,11.399951673296064,2.347423769325623,5.448657879404838,13.246129036206561,11.205313709451014,12.032462303187785,15.064559220852201,10.493537866374837,8.751422612670707,1.3108289472323769,0.3241620810405202,0.552970695917311,6294.984925505383,1.5193880099414012,0.29646761378325737,0.9271733223823445,0.5361362111448849
151.29039333261784,110.34864631473805,130.0809099549709,313.6245810776409,89.92502092743196,183.5460456586007,32.46952407286814,15.789988165368769,23.568281351985817,34.160514284939644,89.92540411521338,194.80157131432668,155.49165172945354,79.64590173753695,133.04287552809808,35.936590989087804,11.691422550892868,10.447954121502768,1.2434684293901004,3.203081154961308,0.7595018212593297,0.3384846684566874,0.08568948983197133,16.47014419484757,5.41969976372885,6.164971415026798,4.885473016091916,1.638731204614373,136.63629353745583,0.3374544415064675,48.99316713948406,46.162566096611265,84.40201005025125,$\bar{R}_{micro}^{LAD}$,[mmHg*s/ml],7.8050279164421195,13.824577427974013,11.466794504770485,11.353727818708592,11.400149358120657,2.347356246433295,5.448477299786988,13.245868823171197,11.205087650451235,12.032213579813135,15.064280367798736,10.493092242903097,8.75124928766221,1.310754945199562,0.3241620810405202,0.5529706924500216,6294.751464920237,1.5194468917357173,0.2964696485585737,0.9272093479743522,0.5361398942230001
151.29480388779027,110.35574529154152,130.08677736077894,313.6226326787058,89.9217886460459,183.5430283633521,32.46856876602562,15.789618166143095,23.56762632685137,34.159402684119556,89.92213856294357,194.79696812259172,155.4884976426997,79.64444789679855,133.03978484932415,35.93542671675256,11.691077948000899,10.447676992224395,1.2434009557765051,3.202964438620401,0.7595058834220363,0.3384621787386762,0.08568455125177311,16.44679198877599,5.39584807779878,6.165232391371411,4.885711519605797,1.6387310432499798,136.6366522063814,0.3374544415064675,48.9922114982388,46.16198056345148,84.7889447236181,$\bar{R}_{micro}^{LAD}$,[mmHg*s/ml],7.8049889996169615,13.824334973521648,11.466992545319455,11.353929449233929,11.400349861988362,2.347291860810847,5.448306023444245,13.245619047778272,11.204868238935816,12.031975059711087,15.064013929158792,10.49266418600207,8.7510841841838,1.3106838254626063,0.3241620810405202,0.5529706898517774,6294.525205223213,1.5195054976521498,0.296471870539194,0.9272452022624906,0.5361439150032755
151.29908954487752,110.36271718078625,130.0925175186359,313.6204318335645,89.91852730689419,183.5399055732344,32.467598668483724,15.789237656171023,23.56696006708638,34.15827541720722,89.91883498484599,194.79231517881848,155.48524952088752,79.64292596843441,133.03660143811416,35.934225935854556,11.690720111633137,10.447387453752569,1.243332657880569,3.2028441840347806,0.759508439441874,0.338439440070094,0.08567952654802355,16.42363658157624,5.372202882868525,6.165488464009691,4.885945234698028,1.638730880430065,136.6368753348331,0.3370256556849853,48.991268152862666,46.161387271515764,85.17587939698493,$\bar{R}_{micro}^{LAD}$,[mmHg*s/ml],7.804942026969528,13.824088183240228,11.46718321798041,11.354123591199105,11.400542777021016,2.3472259158714337,5.448132413263339,13.24536439218562,11.204641895036438,12.031729140500271,15.063741336324195,10.492235488985072,8.750913082245399,1.3106109909390486,0.3241620810405202,0.552970686795269,6294.296911482594,1.5195630914693254,0.2964740686830469,0.9272804397696677,0.5361478931211646
151.30337648982635,110.36965838123928,130.09824310227265,313.6182645111192,89.91528663629109,183.53684565645298,32.46664910327493,15.788867305918995,23.566307446484707,34.157193157662206,89.91565138890674,194.78775431291507,155.48211275784874,79.64152320773509,133.0334380833417,35.93308075749368,11.690369072163264,10.447103238050184,1.2432658341130804,3.202725955173103,0.7595111334651836,0.33841720123213703,0.08567460125285507,16.40069531199944,5.3487686316457035,6.165747773435488,4.886178906918253,1.6387307192061082,136.63711094291907,0.3370256556849853,48.99031925425801,46.1608337269819,85.56281407035176,$\bar{R}_{micro}^{LAD}$,[mmHg*s/ml],7.8048987840367765,13.823845846601932,11.46737398016047,11.354318050478781,11.400735967742031,2.347161091673762,5.447959027746713,13.245114959507816,11.204427071799461,12.031491781799252,15.063473139520388,10.491798483811499,8.75074945970695,1.3105407460830794,0.3241620810405202,0.552970683809538,6294.070064540376,1.5196204789472405,0.2964760431400515,0.9273155504666616,0.5361514666520152
151.30770030680094,110.37659421373762,130.10398152652425,313.61639672247026,89.91213693075683,183.53392925440522,32.465706262642804,15.7885006755245,23.56566077093409,34.156103318598745,89.91244348372197,194.78321882558663,155.4789958864717,79.64003978996378,133.03038047487635,35.93191532492864,11.690035119063282,10.446835723904702,1.2431993951585802,3.202613088753191,0.7595152542975012,0.33839507640213284,0.08566971837777783,16.377957720915163,5.3255389548577305,6.166006157854735,4.886412608202696,1.6387305589166647,136.63747493168086,0.3370256556849853,48.98938157975427,46.160261662084785,85.9497487437186,$\bar{R}_{micro}^{LAD}$,[mmHg*s/ml],7.804860961613935,13.823607464949223,11.467569295953819,11.35451675866729,11.400933479175022,2.3470972221116733,5.447788315124762,13.244868416311782,11.204211602220488,12.031256445541443,15.06321060547442,10.491376554033437,8.75058522003586,1.3104702536044683,0.3241620810405202,0.5529706808451748,6293.849585152978,1.519677760933523,0.29647817105704494,0.9273505962677322,0.5361553176814003
151.31195842623814,110.38344794874833,130.1096459738143,313.6144676164743,89.90900134931032,183.53100248521483,32.46479437817115,15.788142106593483,23.565034924141795,34.1550496826634,89.90935459211356,194.77884744970052,155.4759717813669,79.63862654250983,133.02735848501783,35.9307653750092,11.689701487997823,10.44656625866771,1.2431352293301132,3.202499885254517,0.7595189190819511,0.33837371591999954,0.08566499518980267,16.35540983202777,5.302507932593144,6.166259153377233,4.886642746057399,1.6387304041613315,136.6377981285154,0.3370256556849853,48.98845433841802,46.15971178047537,86.33668341708542,$\bar{R}_{micro}^{LAD}$,[mmHg*s/ml],7.804825369198977,13.823378699795239,11.467759608575852,11.354710554928577,11.401126167820385,2.3470350138928833,5.447622783696147,13.244632709141484,11.20400210181932,12.031027848456105,15.062957221899799,10.490965138976605,8.750426363170416,1.3104004982856479,0.3241620810405202,0.5529706779586343,6293.6300944517225,1.5197343544908983,0.29648018278589394,0.9273852188448698,0.5361589585190853
151.3161433240549,110.39022795744197,130.11523196249053,313.61243045239706,89.90586001525782,183.52802356696046,32.463862795945175,15.787779723719055,23.564396446371372,34.153964357996735,89.90615831738633,194.77436443329202,155.47289711641554,79.6372361098782,133.0243355946896,35.92963538481357,11.689360477316397,10.446290981850497,1.2430694954659003,3.202384998331431,0.7595219048598281,0.33835181420614424,0.08566017582064449,16.33305308247648,5.279674043348823,6.1665089649364,4.886870074191254,1.6387302456075246,136.63806008950533,0.3370256556849853,48.987537852744076,46.15913319957368,86.72361809045226,$\bar{R}_{micro}^{LAD}$,[mmHg*s/ml],7.804784830172562,13.823142622300201,11.4679488110953,11.354903072317496,11.401317472052078,2.3469720004160703,5.447456498127715,13.244390212883424,11.203788508092906,12.03079518089009,15.062695889242956,10.490550087939686,8.750266012004209,1.3103314964954318,0.3241620810405202,0.5529706750436572,6293.410201068047,1.519790368128581,0.2964823820872579,0.9274194896946879,0.5361629385931732
151.320261231062,110.39691397464219,130.12074040323705,313.61033487515795,89.9027355409697,183.52505162509766,32.46294929451779,15.787420254198864,23.56376815273176,34.15290941651009,89.90307064409113,194.76999115096078,155.46983068670306,79.63584701315054,133.0213217370318,35.92852755970431,11.68902032587402,10.44601505563518,1.2430052702388412,3.202270288783837,0.7595244492792449,0.33833044251778066,0.08565543969313046,16.310883740070338,5.257034753445428,6.166754774225887,4.887094212399024,1.638730089432842,136.63828244898798,0.3370256556849853,48.986628661803465,46.15858434496193,87.1105527638191,$\bar{R}_{micro}^{LAD}$,[mmHg*s/ml],7.804741445577563,13.822904283984936,11.468131002078698,11.35508880490166,11.40150208121289,2.346909757372405,5.447289795249892,13.244146085156274,11.20357552121874,12.030562718693117,15.062435546147968,10.490136317711928,8.750105152686732,1.3102636390171112,0.3241620810405202,0.5529706722101951,6293.191487867879,1.5198456601659285,0.2964843672484815,0.9274533188634749,0.5361665313342004
151.3243733629203,110.40355377759737,130.126225697427,313.60835043502675,89.8996620157109,183.52215915440806,32.46203826543656,15.78706006309935,23.563140726188482,34.15186595303292,89.90002130702027,194.76563637060042,155.46676577644172,79.63436557385982,133.0183290247514,35.92740235015593,11.68868912598802,10.445747788845205,1.2429413371428153,3.202158643759784,0.7595274492667228,0.3383091814701786,0.08565071167730734,16.28890950108335,5.234590759498536,6.167001110457057,4.8873176311277575,1.6387299359563077,136.63854589877255,0.3370256556849853,48.98572599076332,46.15805076412881,87.49748743718592,$\bar{R}_{micro}^{LAD}$,[mmHg*s/ml],7.804701110120326,13.822673145509851,11.46831440898372,11.355275615413861,11.40168773654991,2.3468477685164624,5.447126038394923,13.243905844578093,11.203363632336366,12.030331049685424,15.062175034470659,10.48972411134374,8.749942232888692,1.310195563091535,0.3241620810405202,0.5529706693632678,6292.976341099763,1.5199005517383763,0.2964862399242935,0.9274869021364485,0.5361699206681074
151.32846340346464,110.41018110559243,130.13168221656443,313.6063536557659,89.89659108239593,183.51925077290687,32.46111718727848,15.786707651451929,23.56251189148645,34.15079375311518,89.89683780232404,194.76117542401832,155.4638032052616,79.63307210978488,133.0153174599439,35.926272850883024,11.688354817309252,10.445478704690125,1.242876112619127,3.20204634620933,0.7595303630142984,0.3382874231178376,0.08564595599562869,16.267126910668814,5.212339020997062,6.167247780793205,4.887540108878548,1.6387297824141362,136.63880158802354,0.3370256556849853,48.98482895052634,46.15747343206771,87.88442211055276,$\bar{R}_{micro}^{LAD}$,[mmHg*s/ml],7.804661486753688,13.822443478988273,11.468499665024748,11.355464009456616,11.401874861017838,2.346785354677999,5.446961435301059,13.243670000620162,11.203159446971485,12.030106961664988,15.061923416695034,10.489313250062043,8.749790108375427,1.310126716892092,0.3241620810405202,0.552970666400148,6292.761375767715,1.5199553169128006,0.2964885070807328,0.9275204083211571,0.5361740234990763
151.33248025505432,110.4166826221156,130.13705028099326,313.6043639555978,89.89356720055238,183.51638877020588,32.46024446608667,15.786358405984526,23.561910072707686,34.149792828765946,89.8939374525752,194.7570257810453,155.46080659046967,79.63162494938861,133.01240461035798,35.92518794749077,11.688028911373594,10.445213790626498,1.2428151207470957,3.201935937552923,0.7595330830269547,0.338267164461534,0.08564142120801709,16.24551650086134,5.190271797620926,6.167486300388274,4.887758402852143,1.6387296306106824,136.6390399229028,0.3370256556849853,48.98394514133264,46.156967684256,88.2713567839196,$\bar{R}_{micro}^{LAD}$,[mmHg*s/ml],7.804621308743474,13.822217505719342,11.468675840794644,11.355643724880302,11.402053561684433,2.346725307201917,5.446800849014792,13.24343537362865,11.202950809622008,12.029880137634578,15.06167274180501,10.488917447229028,8.749629859451165,1.3100608219194039,0.3241620810405202,0.5529706637099433,6292.549704038667,1.5200090971811293,0.29649022269999864,0.9275533125099402,0.536177128657806
151.33649847654652,110.42319272355041,130.1424111503319,313.6024436850838,89.89056350317945,183.51353548756762,32.45934728865398,15.786010504544798,23.561295558521575,34.14874002817373,89.89082440984481,194.75270066121914,155.45786148643256,79.63030391366381,133.00952665894462,35.92409532740322,11.687702424984447,10.444950766086865,1.2427516588975815,3.2018259960724973,0.7595361039628145,0.3382460009387074,0.08563678723104125,16.224092365173373,5.16839146278851,6.167724716910041,4.887976185474819,1.6387294815241717,136.63930543839132,0.3370256556849853,48.98306997593058,46.156394291144565,88.65829145728642,$\bar{R}_{micro}^{LAD}$,[mmHg*s/ml],7.804580456664534,13.821991308365726,11.468858326674425,11.355829292442314,11.402237981721939,2.3466651137601495,5.446642888877676,13.24320135855779,11.202745265923257,12.02965720127076,15.061421230754917,10.48852069014112,8.749476822564553,1.3099941778557211,0.3241620810405202,0.552970660842239,6292.339445222561,1.5200628421197777,0.29649246800465034,0.9275861936077314,0.5361811918792538
151.3403651408259,110.42953528352224,130.14762071746776,313.60018758377356,89.88752067859535,183.5105733391735,32.458433656221935,15.785648088214645,23.56066500695131,34.1476926772607,89.887772210229,194.74834139492324,155.4547620612431,79.62883209195448,133.00648200358557,35.92297464837083,11.687361072120595,10.44467349102724,1.2426875810933558,3.2017121840059817,0.7595372025904576,0.3382246980582184,0.08563204222363359,16.202842136768624,5.146693496852987,6.167959641127059,4.888188998788577,1.6387293324884638,136.6393980456194,0.3370256556849853,48.9822025199936,46.1558602072758,89.04522613065328,$\bar{R}_{micro}^{LAD}$,[mmHg*s/ml],7.804531951779348,13.821753732490334,11.4690258029913,11.356000149351647,11.402407660451056,2.3466028158510563,5.446477868719518,13.242955605692961,11.202531029031787,12.029422215046191,15.061155295998185,10.488109063559202,8.749312395173472,1.3099263431333892,0.3241620810405202,0.5529706580954563,6292.126447501674,1.5201153287361384,0.29649432037221446,0.927618306818121,0.536184544390477
151.34445497802884,110.43600566166342,130.15300440368358,313.5987441814202,89.88466753525611,183.5080311745232,32.45760608755808,15.785331510799084,23.560099479578533,34.146743970933,89.88496088813827,194.74434061769884,155.45207013988895,79.62756564999044,133.00376548742668,35.921946258117785,11.68707181782182,10.44444260193157,1.2426292158902503,3.2016130159524376,0.759542513288038,0.3382052549023612,0.08562775968717154,16.181795514970666,5.125185385594043,6.168202178218655,4.888407951157966,1.6387291851890347,136.6398695962994,0.3370256556849853,48.98132629943173,46.15536482499933,89.4321608040201,$\bar{R}_{micro}^{LAD}$,[mmHg*s/ml],7.804508273721509,13.82154951413253,11.469211611576954,11.356189254968571,11.402595763346604,2.346546196319096,5.446325259070716,13.242745653499965,11.202346266498342,12.02921952307693,15.060931347332131,10.487725341411736,8.749171420854923,1.3098636095578178,0.3241620810405202,0.5529706553879795,6291.926727467928,1.5201688268213727,0.2964961787666318,0.9276510362790753,0.5361879077626676
151.34829076300124,110.44229767370261,130.15816115039988,313.59662573935503,89.88168533574094,183.50511702031753,32.45672903555054,15.784981141910352,23.55949525731779,34.14571284552452,89.88195501244563,194.74015588502394,155.44910294421416,79.62621080626187,133.00093013090782,35.92087826422493,11.68673913612548,10.444171644909662,1.2425674912158182,3.2015012601757795,0.7595441239338396,0.3381847023589462,0.08562322089951652,16.160890683267606,5.103844770330464,6.168428870434356,4.888617042502786,1.6387290396834808,136.64000840562383,0.3370256556849853,48.98047901617333,46.154813116978616,89.81909547738694,$\bar{R}_{micro}^{LAD}$,[mmHg*s/ml],7.804464710505801,13.821318872571798,11.469383809037353,11.356364522379971,11.402769930323633,2.3464873371873605,5.446169836457707,13.24250811175323,11.202137165852124,12.028994213319711,15.060677634190863,10.487340653712847,8.749015438827115,1.3097985418452769,0.3241620810405202,0.552970652652698,6291.717973501865,1.5202208091139309,0.29649823519183455,0.927682839749737,0.5361916292835436
151.3521524359992,110.44854796981794,130.16331984146345,313.5946913083527,89.87877147567372,183.50236584742686,32.45587674282203,15.78464570143548,23.558909615373146,34.144739077720544,89.87911144944783,194.73607879661787,155.44624169045116,79.62488230351501,132.9980791635248,35.91982830903344,11.686424085299628,10.44391631880179,1.242507766497837,3.201394951284877,0.7595466417239811,0.33816484882296527,0.08561879609485468,16.140176197209975,5.082687389053922,6.168661410163961,4.888827397992088,1.638728893723513,136.64022879217336,0.3370256556849853,48.97962544548525,46.15431922264259,90.20603015075378,$\bar{R}_{micro}^{LAD}$,[mmHg*s/ml],7.804422843742786,13.82110161865241,11.469554655513843,11.35653868893972,11.402942997480093,2.346428551753268,5.446014020155319,13.242285361018563,11.201940264211895,12.028777855623858,15.06043631877072,10.486952758769784,8.748864517742327,1.3097346067393119,0.3241620810405202,0.5529706500878616,6291.51400329716,1.5202725465507274,0.2964999535051184,0.9277144940651961,0.5361947391927717
151.3559688789969,110.45474383053508,130.16842480042797,313.59274421805594,89.87587367864069,183.4996065692222,32.455007143588794,15.784306212023688,23.558312534698683,34.143736755965726,89.87616511279454,194.73190134972089,155.44336016056863,79.62354025239377,132.99522731205633,35.91876834769837,11.686106906581731,10.443660351215788,1.2424465553659432,3.201288580423813,0.7595489607208168,0.33814447021619093,0.08561429212768837,16.11963131756156,5.061704012358836,6.168891593432221,4.889035711770501,1.6387287489071438,136.64043134486573,0.3370256556849853,48.97878276634696,46.15379631680639,90.5929648241206,$\bar{R}_{micro}^{LAD}$,[mmHg*s/ml],7.8043848706210355,13.820881306035124,11.469724368213592,11.356711533193652,11.403114710539102,2.3463694385579403,5.445857117303251,13.242057680580377,11.20174116814474,12.028559710183606,15.060193003189617,10.486568003482498,8.748713261292583,1.3096701702375824,0.3241620810405202,0.5529706473565295,6291.311157504848,1.5203238171952125,0.2965018736561719,0.9277458628885991,0.5361982142697739
151.35984876728565,110.46095913295517,130.17356921875978,313.59108084389766,89.87305105718316,183.49700493227445,32.45419489314553,15.78398696686901,23.557754523776318,34.142800591181405,89.87340645020271,194.7280104282167,155.44065563934933,79.62228580154375,132.9925436166007,35.91775717180705,11.685810820921366,10.44342138595188,1.2423894349694866,3.2011876791838176,0.7595527216096296,0.3381254592646205,0.08561008340590255,16.099261512959668,5.040895147158348,6.169121665994337,4.889244699806987,1.6387286060052115,136.64076367265065,0.3370256556849853,48.97793895347433,46.15330185552996,90.97989949748744,$\bar{R}_{micro}^{LAD}$,[mmHg*s/ml],7.804354084609006,13.820677966090274,11.469899877708006,11.356890194753788,11.403292352954677,2.3463140909148312,5.445709184761787,13.241844287031325,11.201553925835016,12.02835536015598,15.059964668608288,10.486193267453448,8.748571022972666,1.309608606693056,0.3241620810405202,0.5529706448247875,6291.113574002821,1.5203752633891419,0.29650368590076714,0.9277773377590668,0.5362014940136945
151.36365311427605,110.46709531118493,130.17863490483896,313.5893259524847,89.87023462849967,183.4943593443112,32.45335982268245,15.783660695856689,23.557180741698573,34.141833772281565,89.87057746832328,194.72399766287253,155.43788910284263,79.62101079102426,132.98981697758575,35.91673177773595,11.685508329315109,10.443177749692204,1.242330579622906,3.201085545615993,0.7595558160475049,0.33810585648036245,0.08560576125252621,16.079054439490235,5.020255191935751,6.169348389601958,4.889450857952529,1.638728465121123,136.64103613778627,0.3370256556849853,48.977110222699544,46.152800141211685,91.36683417085428,$\bar{R}_{micro}^{LAD}$,[mmHg*s/ml],7.804316910545304,13.820463947236217,11.470070328661974,11.35706373414405,11.403464854965328,2.3462577478943127,5.445558921703882,13.241626752693902,11.201362322470263,12.028146151543057,15.059729853261764,10.485817450018498,8.748426073203317,1.309546159752603,0.3241620810405202,0.552970642184378,6290.916423994977,1.5204259419442379,0.29650553360756404,0.9278083430569194,0.5362048379933698
151.36736009401517,110.47312404039758,130.18359833447118,313.587460058695,89.86742315786906,183.49166528249435,32.452526418418586,15.78333354008908,23.556607974587703,34.14085808751299,89.86771626235952,194.72000237309527,155.43508292440904,79.61968226995205,132.98711528580867,35.91570677295324,11.685200306337046,10.442928434693656,1.2422718716433905,3.2009818190052495,0.7595581950978629,0.3380863028984675,0.08560144980209775,16.058998731742925,4.999779070912793,6.169567298906543,4.889652361923589,1.6387283243380355,136.6412442589919,0.3370256556849853,48.97629710838025,46.15227771524343,91.7537688442211,$\bar{R}_{micro}^{LAD}$,[mmHg*s/ml],7.804278731237753,13.820249750198574,11.470234724527609,11.357231156012276,11.40363130154597,2.346201445576026,5.445410811248188,13.241404785308465,11.201165050938329,12.027933562260543,15.059492621882985,10.485449194291462,8.74827778490224,1.309483852694012,0.3241620810405202,0.5529706395139601,6290.719621050834,1.5204758238027567,0.29650750608959586,0.9278388621353408,0.536208407647492
151.37102263525662,110.47911126484378,130.18851627852945,313.58537206159593,89.86456125643306,183.48890631035127,32.45167432171389,15.782997874126801,23.55602149586713,34.139890402235345,89.86488708759624,194.71592577552397,155.43223650554347,79.61838585702907,132.98425604231247,35.9146700855741,11.684882342779765,10.442670204112021,1.2422121386677434,3.20087560163899,0.7595594406829701,0.33806644601881025,0.0855970249843375,16.039120265007863,4.979474571396311,6.169791982833573,4.889853710777976,1.638728181758059,136.64135035229944,0.3370256556849853,48.97547381117257,46.15179098970874,92.14070351758795,$\bar{R}_{micro}^{LAD}$,[mmHg*s/ml],7.8042338668442,13.820030228850724,11.470396989526186,11.35739653596399,11.403795444012813,2.346142933249566,5.445255617897498,13.241178899425703,11.2009704994171,12.027717927542087,15.059248330055063,10.485060372428165,8.748128411008276,1.3094208161204708,0.3241620810405202,0.552970636950681,6290.519287950315,1.5205254267295252,0.2965091764980245,0.9278692120240932,0.5362114309235372
151.3747344921207,110.48509066217446,130.19345707457265,313.58368914088305,89.86182469681164,183.48634442166633,32.450865663232065,15.782682991493024,23.555466525617767,34.138948591461315,89.86209399004551,194.71203894415515,155.42955340933784,79.61712079680284,132.98161618198424,35.91367186036486,11.684589406553597,10.44243430676433,1.2421550997892672,3.2007765434011692,0.7595626056900225,0.3380474419558397,0.08559284251134207,16.019398868571948,4.959332647123981,6.1700118706053955,4.890054350842571,1.6387280467423861,136.64162940833,0.3370256556849853,48.974666196576436,46.151277793264036,92.52763819095478,$\bar{R}_{micro}^{LAD}$,[mmHg*s/ml],7.8042006429605095,13.819824111533832,11.470560539928591,11.35756320930865,11.403961218454732,2.346088232808096,5.445109564754462,13.240967744444704,11.200783662424534,12.027515051225857,15.059022546252692,10.484699521006677,8.747987315692518,1.309360086248722,0.3241620810405202,0.5529706343719661,6290.327728776815,1.5205748366378113,0.29651114753457625,0.9278994398494305,0.536214997874774
151.37838150556803,110.49099899930532,130.19832825278266,313.5818871486328,89.85907796865821,183.48373760686042,32.450051284299924,15.7823642987095,23.554906921698095,34.138009525547936,89.85935773325096,194.70813087167787,155.42683345494697,79.6158681187933,132.97895608972797,35.91268261750713,11.684291035615493,10.44219320239332,1.242097833222173,3.2006760506943976,0.7595650884898794,0.33802838239756916,0.08558862297729798,15.999835960735064,4.9393529193582895,6.170230167140204,4.890252874236572,1.638727908574578,136.64184696956016,0.3370256556849853,48.97386500878561,46.15079880381197,92.9145728643216,$\bar{R}_{micro}^{LAD}$,[mmHg*s/ml],7.804164953596302,13.819616761215842,11.470725052003894,11.357730657235635,11.404127582257987,2.3460329252545566,5.4449636890305655,13.240752610276331,11.200595231535948,12.027309151803195,15.058793177611328,10.484334484997282,8.747844299071367,1.3092997246430678,0.3241620810405202,0.5529706318213743,6290.135457806075,1.5206237372836078,0.29651286676706695,0.9279293586976856,0.5362181094327072
151.3819365426319,110.49683515067309,130.20310981013978,313.5798825863824,89.85629717806701,183.48102263120728,32.44923296457477,15.782040774016487,23.55434536426314,34.13705140321291,89.85653962343872,194.7042142462965,155.42409339490044,79.61464349430554,132.97627897041306,35.911689925552615,11.683980273976738,10.441940011240554,1.2420402627361837,3.2005717851541546,0.7595664307972902,0.33800920595667383,0.08558439678161223,15.980420121879613,4.9195303819659815,6.17044269215219,4.890447047761441,1.638727769062513,136.64196189013748,0.3370256556849853,48.9730741029693,46.15027978273352,93.30150753768845,$\bar{R}_{micro}^{LAD}$,[mmHg*s/ml],7.804120825123893,13.819406641723539,11.470882472124371,11.357891035165158,11.404286933922643,2.345977283028786,5.4448174836261485,13.240536216847804,11.200402819248428,12.0271013320286,15.058560084155733,10.483978844277079,8.747701214811343,1.309239087104878,0.3241620810405202,0.5529706295608139,6289.940802464691,1.5206720750951483,0.2965148445659869,0.9279589348541385,0.5362216883046538
151.38561915898237,110.50271307072246,130.20798487028554,313.5783272009176,89.85363572448158,183.47859625240187,32.448442742795116,15.781735040337969,23.553802948326876,34.13615869116972,89.85391909212066,194.7004077781183,155.42151855698705,79.61342927288601,132.97364807717705,35.910707453032664,11.683701627181986,10.441716953678295,1.2419846735036906,3.200477469206063,0.7595700729395858,0.33799071078190057,0.08558029470740461,15.961186920904584,4.899875317556263,6.170665431559513,4.890646171788809,1.638727636310157,136.6422839561055,0.3370256556849853,48.97227118572165,46.149836108468094,93.68844221105527,$\bar{R}_{micro}^{LAD}$,[mmHg*s/ml],7.804090952783731,13.819209605137617,11.471048873810155,11.358060412083423,11.404455236164,2.3459233538618736,5.444671049527379,13.240332779567666,11.200228662958287,12.026907157233666,15.058342700209348,10.483615056263977,8.747566287566118,1.3091795901340286,0.3241620810405202,0.5529706267218846,6289.7545007137105,1.5207207015539368,0.29651638517309487,0.927988683328774,0.5362244771135505
151.38916339140022,110.50847491536693,130.21272658938844,313.5765202950689,89.85094039067415,183.47601673216076,32.4476538159203,15.781423058258495,23.5532602525617,34.135241514188216,89.85124153830824,194.69663580593001,155.41885425278076,79.61219118704129,132.97106206488283,35.90973963069667,11.68340739868822,10.441478139965085,1.2419292587231336,3.200378223493563,0.7595722399068782,0.33797227208214214,0.08557620707360328,15.942083479234327,4.880368830952267,6.170875595416707,4.8908390528653545,1.6387274994332415,136.64247316181485,0.3370256556849853,48.97149065637228,46.14935495232197,94.07537688442211,$\bar{R}_{micro}^{LAD}$,[mmHg*s/ml],7.804051678033487,13.819002564106235,11.471206471368749,11.358220960039326,11.404614789573916,2.3458697432534286,5.444529699392907,13.24011972991048,11.200042616275187,12.026705262478313,15.0581165647677,10.483252620426605,8.747425614523603,1.3091206334832242,0.3241620810405202,0.5529706243241852,6289.565827347191,1.5207684256579834,0.2965181390156361,0.9280178835004267,0.5362276511126187
151.39263239424707,110.5141644234942,130.21739331975942,313.57451328923895,89.84821558054301,183.47336977788999,32.446839257632085,15.781103412457973,23.55270057688444,34.134307422497294,89.84851692370792,194.6927314547729,155.4161397268888,79.61099451752966,132.96839168187023,35.90879179439363,11.68310214851542,10.441230097686757,1.2418720508286631,3.200276318124837,0.7595733150811623,0.3379532321825682,0.08557199173152255,15.923135739043085,4.861018894040086,6.171087174135227,4.8910296708677725,1.6387273659327408,136.64256430461225,0.3370256556849853,48.97071203810769,46.14888098407501,94.46231155778895,$\bar{R}_{micro}^{LAD}$,[mmHg*s/ml],7.8040095523127215,13.818796629378204,11.471359633921407,11.358377171134581,11.404769907166632,2.345814278641836,5.444384039406434,13.239905826973782,11.199855350729191,12.026499429533851,15.057883686619721,10.48289017547427,8.747284235895645,1.3090622212102951,0.3241620810405202,0.5529706221054081,6289.375090638011,1.5208155601278601,0.296519826888418,0.9280467219525763,0.5362307056375499
151.39611601253674,110.51981291823621,130.22205270695906,313.5727666508898,89.8455817662628,183.4708627382476,32.44606333504668,15.780796727424805,23.55216596223304,34.13341154051079,89.84588974610165,194.68902519151874,155.41350214486525,79.60969858096782,132.96578871616384,35.90779474368868,11.68281581429095,10.440998177539186,1.2418176367517662,3.2001797800842735,0.759575576638973,0.33793513748348986,0.08556796688714681,15.90433687193985,4.841821339864868,6.171296080015181,4.891219452059801,1.6387272330786735,136.6427621857097,0.3370256556849853,48.96994564986747,46.148410090254856,94.84924623115577,$\bar{R}_{micro}^{LAD}$,[mmHg*s/ml],7.80397466370814,13.818593479865742,11.471513994008356,11.358534316938702,11.404926052779597,2.3457610485698455,5.44424190593107,13.239697895181521,11.199671484566771,12.026299723646424,15.057661132975628,10.48253741932167,8.747143303949995,1.309002327937531,0.3241620810405202,0.5529706197130881,6289.190723638396,1.5208623451422665,0.2965215231316811,0.9280753467952232,0.5362337754680944
151.3993909739666,110.5251789641941,130.22649703181543,313.5708535928594,89.8430022831903,183.46833178046944,32.44535859834915,15.78050661707715,23.5516755755133,34.132593108933385,89.8435589331289,194.68571629894097,155.41094532076653,79.60844731981044,132.96345212882738,35.90693310715303,11.68253010543565,10.440761472225097,1.2417686332105529,3.20008263224411,0.7595765028067423,0.33791889059913144,0.08556429363280069,15.885656053605794,4.822765100432332,6.171489928507708,4.891401024665751,1.6387271056749324,136.6428401798112,0.3370256556849853,48.96921523802413,46.147997213711164,95.23618090452261,$\bar{R}_{micro}^{LAD}$,[mmHg*s/ml],7.803933689487556,13.818397114915914,11.471690894719513,11.358712526418852,11.405102601210292,2.345712868145524,5.444114601716621,13.23949775558298,11.199489833172851,12.026105434498152,15.057443785373442,10.482221703430312,8.747004276695726,1.3089494671725683,0.3241620810405202,0.5529706177616694,6289.010159823321,1.5209068787472744,0.2965228505126896,0.9281025946787326,0.5362361778153122
151.40281600101588,110.53076015020133,130.2310865321894,313.5690027212222,89.84036307344583,183.46580072558237,32.444576609866445,15.780198719314544,23.551137536767804,34.13169697264452,89.84091471354633,194.68197335032656,155.4083332266909,79.6072690842185,132.96088076904329,35.90599961421217,11.682239312056597,10.44052560409792,1.241713707958677,3.199985129027432,0.7595781246709093,0.3379006160661729,0.08556024082759828,15.867152790576597,4.803868392033263,6.171696449485784,4.891587949057552,1.6387269751073978,136.6429806175098,0.3370256556849853,48.968452277285124,46.14752622826526,95.62311557788945,$\bar{R}_{micro}^{LAD}$,[mmHg*s/ml],7.8038935876004505,13.818197826702988,11.471841899117758,11.358866522144853,11.40525559234067,2.3456596788466757,5.4439742278580034,13.239289898354782,11.199309402909119,12.025907507210597,15.057221772070344,10.481870661797704,8.746867418440026,1.3088923130554824,0.3241620810405202,0.5529706152773876,6288.825415141208,1.5209531211021725,0.2965245543959178,0.9281308870884323,0.5362392615513063
151.40623784411298,110.53630642074859,130.23565716908632,313.56729902518464,89.8377811707749,183.46334778587234,32.4438223131932,15.779902305166548,23.550619176241792,34.13082710549399,89.83838752987944,194.67835743162743,155.4058134696014,79.60609252611091,132.95838477440205,35.90507075197184,11.681959344816752,10.440298604100052,1.2416607407167006,3.1998905805094084,0.759580396767036,0.3378829929690009,0.08555633252559283,15.848794650235646,4.785119282964263,6.171901256394187,4.891774110877201,1.6387268452730228,136.64317957170192,0.3370256556849853,48.96769968224296,46.14708523079222,96.01005025125627,$\bar{R}_{micro}^{LAD}$,[mmHg*s/ml],7.803860720076229,13.818006185560371,11.47199569022455,11.359023103606733,11.405411183106569,2.3456081899634795,5.443836735979158,13.239091663009312,11.199135028576503,12.025716870653063,15.0570101102494,10.481536999708556,8.746734794276689,1.308835835231157,0.3241620810405202,0.5529706129398532,6288.644681954243,1.5209990472934038,0.29652612237025827,0.9281589861548861,0.5362420993654351
151.40969620154252,110.5418643208807,130.2402484567501,313.565772516596,89.83524765929559,183.46099644642715,32.443078508023646,15.77961346063043,23.55010955263562,34.12996699414271,89.83584764886554,194.67477661184043,155.403376591655,79.60502198557646,132.95596808443761,35.90417839434066,11.68169029432203,10.440081998774707,1.2416082955473222,3.199799384249328,0.7595835420818541,0.33786551884564764,0.08555248747440204,15.830585769032078,4.766517908452608,6.172107051051977,4.891960809527493,1.6387267187812409,136.64345720774347,0.3370256556849853,48.96694632612474,46.1466293745841,96.39698492462313,$\bar{R}_{micro}^{LAD}$,[mmHg*s/ml],7.803828691283277,13.817818523581858,11.472151923722695,11.35918217585529,11.405569311541884,2.3455578975045808,5.4437031548982535,13.238899515125214,11.198966585199713,12.025532582633971,15.056802996295787,10.481192637050976,8.746608602269896,1.3087809638680423,0.3241620810405202,0.5529706105483918,6288.467336150691,1.5210450326354108,0.296527841789502,0.9281871194280932,0.5362452111070234
151.41310066458405,110.5473435054772,130.2447772598619,313.5642289835855,89.83273714962985,183.4586481364766,32.442341375463876,15.77932167235494,23.549602380603066,34.12911372868211,89.83335802715239,194.67125282793538,155.40089305123024,79.60379058683594,132.95354855853412,35.90324398132842,11.681422671414092,10.439866114724682,1.2415565566894107,3.1997087035761638,0.7595864650111055,0.3378483075287974,0.0855486667351907,15.812512454279819,4.748058824846301,6.172308826082699,4.892144803350821,1.6387265916656022,136.64371481444937,0.3370256556849853,48.96620467997913,46.14618579896522,96.78391959798995,$\bar{R}_{micro}^{LAD}$,[mmHg*s/ml],7.803797047847708,13.817632047649532,11.472305144351617,11.359338072508677,11.405724290061595,2.345507771410441,5.443570236827411,13.238703910903402,11.198793769713339,12.025344926905953,15.056593968138156,10.480861716753308,8.746476070998165,1.3087247325099765,0.3241620810405202,0.5529706083838403,6288.291600474089,1.5210904081309338,0.2965294374521227,0.9282148809124389,0.5362480988253341
151.41654655739475,110.55282993200603,130.24932921400884,313.5628826816403,89.83028017959974,183.45642014312574,32.441602427326195,15.779043073296547,23.549097906209425,34.12825781965647,89.83075105832353,194.66766205218445,155.39852768508774,79.60271360116889,132.95115933248582,35.90234391874024,11.681166635888925,10.439662484409718,1.2415041514792078,3.1996220395509236,0.7595903524855474,0.33783081685383565,0.08554485447917565,15.7945909917412,4.729746114115643,6.172514608549747,4.892330269075808,1.6387264666731627,136.6440592660518,0.3370256556849853,48.96546008557104,46.1456978068821,97.17085427135679,$\bar{R}_{micro}^{LAD}$,[mmHg*s/ml],7.80377366907111,13.817447834656644,11.472459515070843,11.359495218401902,11.405880566539057,2.3454578796312924,5.443434984609707,13.238516874058895,11.198631342388587,12.025166558655599,15.056396061107721,10.480534470126427,8.746353625013473,1.3086698086367203,0.3241620810405202,0.5529706058765987,6288.119612571982,1.521135846318816,0.2965314350289411,0.9282426794551799,0.5362517137034137
151.4197873120482,110.55816068519454,130.25369671598438,313.5609769936733,89.82772066347428,183.45390995392532,32.44084324203487,15.778741328254426,23.548574529031868,34.127384514384175,89.82825522212866,194.6640399446204,155.39594677365952,79.60150754657246,132.94861956372262,35.90139929543201,11.680878825987849,10.439427855509548,1.2414509704783,3.1995257779020005,0.7595912365327756,0.337813137237106,0.08554091580285345,15.776787348407098,4.711568018121742,6.172710788093903,4.8925085421914485,1.6387263394457923,136.64413347805686,0.3370256556849853,48.96473489501239,46.14527431347039,97.55778894472363,$\bar{R}_{micro}^{LAD}$,[mmHg*s/ml],7.8037291544787015,13.817250647568828,11.472602935329771,11.359641306283155,11.406025595205447,2.3454060158966716,5.443299081632671,13.238313282962572,11.198452190173958,12.024970811305156,15.056173539299245,10.480189450989565,8.746217084747668,1.3086126324638614,0.3241620810405202,0.5529706035561371,6287.9404464432,1.5211800151311092,0.2965328466411362,0.9282697046570714,0.5362542687335321
151.42307881304384,110.56350037813024,130.25809365911957,313.5593491207966,89.8252380905568,183.45154647366792,32.440119372373715,15.778455073655609,23.54807762063886,34.12654006223599,89.82578714129508,194.6605758048168,155.39352707010252,79.60042663802581,132.946261099371,35.90052261663787,11.680609263668515,10.439209165519634,1.2414000981488815,3.1994346599675665,0.7595934560973256,0.33779620256801923,0.08553717066323341,15.759122513710237,4.693529683063318,6.17290573897918,4.8926870916677405,1.6387262158718379,136.64432796641938,0.3370256556849853,48.96401246933617,46.144827615922615,97.94472361809045,$\bar{R}_{micro}^{LAD}$,[mmHg*s/ml],7.803697425578871,13.817065375423626,11.472750774924362,11.359791845585157,11.406175232142424,2.3453568644593124,5.4431699512851415,13.238122076969983,11.198283215152582,12.024787558666565,15.055969105492807,10.47986472217214,8.746090670620356,1.3085589273997669,0.3241620810405202,0.5529706013248329,6287.7666663389755,1.5212242224024186,0.29653450204230664,0.9282967512624397,0.5362572645487036
151.4263202162468,110.5687621705363,130.26243169253996,313.55769741145104,89.82277815939295,183.44920185576038,32.439378452368224,15.778165982382568,23.547568494812936,34.125684549265806,89.82327316990649,194.6570189566356,155.39105172427813,79.59925657471949,132.943831364032,35.89961389314433,11.680339676636263,10.438991696762345,1.2413479798739175,3.199344264535568,0.7595954495954667,0.33777885319460255,0.0855333337460144,15.741592978667018,4.6756292537347575,6.173099903886242,4.892863821046016,1.6387260928672571,136.64450214454135,0.3370256556849853,48.96329733285917,46.14437930435826,98.33165829145729,$\bar{R}_{micro}^{LAD}$,[mmHg*s/ml],7.803661079655408,13.816874130418876,11.472891729951733,11.359935592743707,11.406318112156075,2.3453065057728684,5.4430360639703474,13.237926839549708,11.198111827102501,12.02460018754752,15.055758488605399,10.479535718649162,8.745960078681685,1.3085038326482088,0.3241620810405202,0.5529705990118204,6287.594471157507,1.5212678225345244,0.2965361497780798,0.9283234270547206,0.5362602465809235
151.42957574337638,110.5740310491714,130.26677455599437,313.5561098528292,89.82033397004814,183.44688948462917,32.438670785673,15.77788422958487,23.547081073481795,34.12486751763811,89.82089546066241,194.65364474879058,155.38864630019356,79.59812178317459,132.9414983623931,35.89874185190364,11.68007624228288,10.438777822508053,1.2412984197748265,3.199255037440304,0.7595977359369533,0.33776237728236386,0.08552966327650877,15.724199008371116,4.657865542554407,6.1732931549900165,4.893040310826694,1.638725970092819,136.64470267193522,0.3370256556849853,48.962582152462225,46.14395768267293,98.71859296482413,$\bar{R}_{micro}^{LAD}$,[mmHg*s/ml],7.803631291768508,13.816693130820799,11.473037448529796,11.360084019887521,11.406465663417437,2.3452581756233424,5.442907876331363,13.23773855476367,11.197944000413434,12.024418142735012,15.05555684207365,10.479222219742507,8.745832502498805,1.3084507238528438,0.3241620810405202,0.55297059687475,6287.423377903369,1.5213114517866448,0.29653763618694695,0.9283501204905396,0.5362629366966394
151.43269180891977,110.57918286852409,130.27098764505618,313.5541617387631,89.81782810489582,183.44440837474264,32.43791633524801,15.777584978273925,23.546561327333308,34.12399620824278,89.81834240450956,194.65004122401126,155.38609977503225,79.59694610523124,132.93900844675713,35.89782716675363,11.679790265243351,10.438544783471988,1.2412454817713643,3.1991599663991415,0.7595980756626426,0.3377447676201949,0.08552575342507515,15.706928736466232,4.640233928729612,6.1734825266990905,4.893212281037531,1.63872584788993,136.6447281337799,0.3370256556849853,48.96187836993908,46.14350032484346,99.10552763819095,$\bar{R}_{micro}^{LAD}$,[mmHg*s/ml],7.803587576935621,13.816493156644379,11.473174542977,11.360223717215165,11.406604304503993,2.345206830321751,5.442773730069409,13.237533827923134,11.1977671438484,12.024224748406079,15.055337123773844,10.47888172783456,8.745698374128178,1.3083951683732535,0.3241620810405202,0.5529705945498913,6287.247967342708,1.5213541789743144,0.29653928640464533,0.928376263139593,0.5362659232287448
151.43607354509237,110.58449816887419,130.27541422130753,313.5531741018275,89.81554431520576,183.44240674055507,32.43725423177618,15.777334897162238,23.546111301224204,34.12321779727999,89.81600656803909,194.64681936197485,155.38400778910537,79.59603710736712,132.9369077206617,35.89701393137631,11.679563636018878,10.438365215195093,1.2411984208237854,3.1990816908852717,0.7596033559420019,0.33772904335452847,0.0855223472242461,15.689811916691443,4.6227419725732295,6.173678588480965,4.89339135563725,1.6387257317770036,136.64519822883227,0.3370256556849853,48.96116765532466,46.143064069807785,99.49246231155779,$\bar{R}_{micro}^{LAD}$,[mmHg*s/ml],7.803568805618688,13.816339820813784,11.473329774330088,11.36038156049741,11.406761464108083,2.34516248434021,5.4426547382225765,13.237371291062534,11.19762182222026,12.024067340778496,15.055165231540796,10.478585114118172,8.74559146017656,1.3083451519080622,0.3241620810405202,0.5529705923148385,6287.088102064403,1.5213980972968202,0.2965410925851683,0.9284031292088423,0.5362691917192047
151.43919750810275,110.58960597054175,130.27960945584346,313.55144811995075,89.81312205706631,183.4400595591962,32.436536167848914,15.777049997445298,23.545616500764947,34.122390886767285,89.81361604181332,194.6433909380536,155.38157168137525,79.59487546011523,132.93452479575467,35.89613030428361,11.679294761567997,10.438146642762423,1.2411481188055746,3.1989915092748182,0.7596046869700694,0.3377123192539969,0.08551862334989527,15.672805249900172,4.60537621797966,6.17386666015827,4.893562371762241,1.6387256099436969,136.6453128686896,0.3370256556849853,48.96047366801229,46.14264867097235,99.87939698492463,$\bar{R}_{micro}^{LAD}$,[mmHg*s/ml],7.803535117604356,13.81615148895864,11.47346693593504,11.36052138925221,11.406900370795348,2.3451134277494163,5.442524160453426,13.23717862710928,11.197452852879705,12.023882707281453,15.054958141116805,10.478264894463281,8.745462174293142,1.3082915483323447,0.3241620810405202,0.552970590118258,6286.918543994641,1.5214404058002415,0.2965425285463538,0.9284290161624525,0.5362717906623847
151.44245936684342,110.59478383277391,130.283909437001,313.5501936286608,89.8108079986063,183.43797600441866,32.43586283069763,15.776790262621788,23.545155181457567,34.12162422180451,89.81134858429157,194.64014366943974,155.37938641022654,79.59386923101418,132.9322855281029,35.89528617947454,11.679057235543182,10.437956529861761,1.2411007056814207,3.198910461496965,0.7596084530809869,0.3376965314067719,0.0855151375694154,15.655947150990176,4.588147044744223,6.174062413252859,4.893737692993094,1.6387254940086808,136.64564677754095,0.3370256556849853,48.95976828508123,46.14225354088287,100.26633165829145,$\bar{R}_{micro}^{LAD}$,[mmHg*s/ml],7.803508791515377,13.815984496457936,11.473616727828963,11.360673706378657,11.407051751446863,2.3450674780906806,5.4424004014655045,13.237007554793271,11.19730419694551,12.023718171812362,15.05477406062915,10.477948775678472,8.745348117452798,1.3082402951214047,0.3241620810405202,0.5529705879936133,6286.75655990244,1.5214833250321214,0.29654397093152424,0.9284552724631387,0.5362744011530488
151.44545573078216,110.59974949006113,130.2879704984322,313.548272637228,89.80837787663854,183.43556154732184,32.435137765020706,15.776500533833303,23.544654210678434,34.12078781313439,89.80892264621893,194.63669547933964,155.37688377095662,79.59270779236452,132.92988847324781,35.89441928214615,11.678779163260984,10.437729178169507,1.2410499850914778,3.198817923076766,0.7596085721140903,0.3376796775896024,0.08551137326059186,15.639183310638229,4.571036629811912,6.174243338480349,4.89390334234597,1.638725371935032,136.6456523943726,0.3370256556849853,48.95908793206938,46.14182460560321,100.6532663316583,$\bar{R}_{micro}^{LAD}$,[mmHg*s/ml],7.803466799534826,13.815787953817452,11.473745555466296,11.360805244298454,11.407182373548867,2.345017981222837,5.442269173241828,13.236805723919957,11.197129342477504,12.023527878170517,15.054559618975112,10.477626815946623,8.745215262577116,1.3081873997645972,0.3241620810405202,0.5529705858170474,6286.586451364698,1.52152455734219,0.29654545359404044,0.9284805028346821,0.5362770845322209
151.44856433446185,110.60480012858956,130.29211845697824,313.54697691220986,89.8061018881421,183.43339163655116,32.43446583095114,15.776236215684177,23.544195588209252,34.12001009155725,89.80695569020473,194.63347931004284,155.37464312387107,79.59163499002035,132.92764437026102,35.89357872115613,11.678533720637798,10.437530471101828,1.241003249535969,3.1987338114275246,0.7596119085325683,0.3376640974320555,0.08550795522484257,15.622565715454787,4.554060424317913,6.174432663986021,4.894072627150849,1.6387252587763652,136.64594776957364,0.3370256556849853,48.95842631862847,46.141576469044196,101.04020100502512,$\bar{R}_{micro}^{LAD}$,[mmHg*s/ml],7.803439911611215,13.815620767318379,11.473886763940106,11.36094886819519,11.407325066025427,2.3449720633637465,5.442144295609646,13.236632943042025,11.196967102515844,12.023357832783844,15.054372583002129,10.477316459801157,8.745097055267472,1.3081364054032096,0.3241620810405202,0.5529705882572996,6286.427132169947,1.5215664069215795,0.29654602229697385,0.9285061048352498,0.5362781106162372
151.45175058682577,110.60984518842065,130.29631904872494,313.5456191333306,89.80381092018041,183.4313275573569,32.433789431776674,15.775976548589245,23.54373058595338,34.119215770253334,89.80428470953557,194.63020311807733,155.37244208265878,79.59062363952405,132.9254956418011,35.89272448144847,11.678296378627449,10.437341494238531,1.2409548843889178,3.1986540448415517,0.7596148552554126,0.33764798393960865,0.0855044080884067,15.606063580924094,4.537206073056211,6.17461511001653,4.89424239785135,1.6387251432748593,136.64620799547882,0.3370256556849853,48.957728276866874,46.14098082970891,101.42713567839196,$\bar{R}_{micro}^{LAD}$,[mmHg*s/ml],7.803415858886544,13.815454999395005,11.474028557764568,11.36109317522035,11.407468700233473,2.344926721597126,5.442028109958677,13.236459146628055,11.196819860489338,12.023192410400188,15.054186331355352,10.477021079071507,8.744982341901768,1.308084677421342,0.3241620810405202,0.5529705815038544,6286.266764412629,1.521608121028772,0.29654868935605594,0.9285316254975874,0.536282940314048
151.4546967764039,110.61472148907495,130.30030795785925,313.54366893350397,89.80140654161535,183.42895127895116,32.43307336993347,15.775691958867238,23.54323678691912,34.1184095948438,89.80193804420452,194.62678914042377,155.3700381841851,79.58954348444074,132.92309472807136,35.891890069201544,11.67802157548509,10.437116720922184,1.2409048545629071,3.1985628444890897,0.7596146843410665,0.3376313658596848,0.08550068884068403,15.589680083382621,4.520476488371093,6.174797731566969,4.894405863444558,1.6387250251972925,136.64618769970073,0.3370256556849853,48.95705171701554,46.14058446980398,101.8140703517588,$\bar{R}_{micro}^{LAD}$,[mmHg*s/ml],7.803371576653669,13.81526512218244,11.474158259178056,11.361225538690004,11.40759997716152,2.344877541022139,5.44189776512227,13.236267168307661,11.196656305189103,12.023010045351707,15.053979453876096,10.476701369899027,8.744856360277995,1.3080335455033054,0.3241620810405202,0.5529705792812114,6286.0984579130745,1.5216486351622653,0.29654998820571515,0.9285564153626494,0.5362852913281406
151.45773687651482,110.61964395636979,130.30436433832978,313.5422033411929,89.7991295881157,183.42678823320463,32.43241389621898,15.775430308489891,23.54278278204739,34.11763977112141,89.79968794366822,194.62363879719774,155.36780516895126,79.58848658407385,132.92093907484366,35.89107658138779,11.677775867185952,10.436917326646496,1.240858540539456,3.1984795430310293,0.7596169312155144,0.33761595371499564,0.08549727414657189,15.5734154020627,4.50386872084167,6.174976349630602,4.894570331590428,1.6387249097056522,136.64638497816438,0.3370256556849853,48.9563876972796,46.14017521131723,102.20100502512562,$\bar{R}_{micro}^{LAD}$,[mmHg*s/ml],7.803342967417516,13.815095412768004,11.474293265696149,11.361363098410282,11.407736788237067,2.3448328388030184,5.441778979242293,13.236091431226033,11.196499815223943,12.022840873138142,15.053788650275417,10.47640336111067,8.744738040121593,1.3079839583585835,0.3241620810405202,0.5529705773052953,6285.939071168099,1.5216894150859184,0.29655149633707156,0.9285813659592471,0.536288020571021
151.46072196730395,110.6245078694901,130.30836090301582,313.5406665323809,89.7968496426563,183.424601116466,32.43172526577773,15.775163658821477,23.542311352968582,34.11683328648257,89.79731231556926,194.62031941043185,155.36553443813017,79.58747514880523,132.91872934429952,35.89025897530437,11.677524081924508,10.436714155532394,1.2408099263921142,3.198395197817309,0.7596186865454536,0.3375997468723324,0.08549371914072218,15.557269910707275,4.4873825349172405,6.1751543583788475,4.894733017411188,1.6387247944939143,136.64653805643107,0.3370256556849853,48.955728455224786,46.139741517018614,102.58793969849246,$\bar{R}_{micro}^{LAD}$,[mmHg*s/ml],7.803311019023948,13.814920936130951,11.47442573614527,11.361498021545307,11.407870864909476,2.3447864362617747,5.441658468432651,13.235911544432364,11.196341370242974,12.022668878095494,15.053595640462218,10.476097963498066,8.744620161109635,1.3079337925030743,0.3241620810405202,0.5529705750863675,6285.77947498594,1.5217297555561426,0.29655317556124244,0.9286060482328254,0.536291059456327
151.46393114855383,110.62950427396228,130.3125411030522,313.5397885517765,89.79471811407794,183.42278819510156,32.43109651358637,15.77492923308159,23.54188307777522,34.11612380302421,89.79517944857882,194.61725302054592,155.36357264780256,79.58655013814567,132.91661883027942,35.889432924134255,11.677317318484668,10.436551899472757,1.2407654190119108,3.1983239807688784,0.7596239458460642,0.3375849021055691,0.08549047147650851,15.541280208794342,4.471028466087909,6.175347961444953,4.894903781261476,1.6387246867039322,136.64700660492014,0.3370256556849853,48.955050240848955,46.13937256585318,102.9748743718593,$\bar{R}_{micro}^{LAD}$,[mmHg*s/ml],7.803294094023671,13.814772514972743,11.474574542925739,11.361649140234702,11.408021099087543,2.3447433726714726,5.441538491191811,13.235757671059174,11.196210217723554,12.022521931631575,15.053433656888295,10.475803285902268,8.744518525461144,1.3078841885245376,0.3241620810405202,0.552970572975701,6285.630267985455,1.5217710960606796,0.2965545861028309,0.9286313365556916,0.5362936123471842
151.4668138344397,110.63424112355007,130.316428167442,313.5380920693739,89.79244103917641,183.42055938106702,32.430441631884506,15.774661765705003,23.541429031141288,34.115369753482504,89.79301551692996,194.61416282752694,155.3612682177118,79.58544785417133,132.91444298631984,35.888642950593834,11.677063178591021,10.436343348375173,1.2407198302158478,3.1982384214407262,0.7596247283052796,0.33756977587490017,0.08548706567625748,15.52535951956247,4.45477887188818,6.175518977218676,4.895061670455613,1.6387245743701069,136.64707229875012,0.3370256556849853,48.95440366236553,46.138993284115344,103.36180904522612,$\bar{R}_{micro}^{LAD}$,[mmHg*s/ml],7.803260916011959,13.81459722295555,11.47469941078778,11.361776678052678,11.408147881380035,2.344698564759057,5.44142020378278,13.235576013256962,11.196048596586415,12.022346999266135,15.053238449299103,10.475511825470228,8.744394756424633,1.3078359067719179,0.3241620810405202,0.5529705710637443,6285.470872742349,1.5218104187537462,0.2965558249658777,0.9286553961264051,0.5362958545793786
151.46982088222083,110.63906602892914,130.32041475760042,313.53678700618667,89.79024486769963,183.41852531898434,32.42978873508185,15.774409584466952,23.540982023711713,34.11461472787112,89.79078326490867,194.61101364186635,155.35913711752244,79.5844633010168,132.9123118165966,35.88782943834662,11.676830338685946,10.436156558221043,1.240673780464902,3.198159659140515,0.759627559648527,0.3375544300620455,0.08548369207815855,15.509576325823083,4.438653467139679,6.175698839382822,4.895224019300583,1.6387244617368297,136.64732226424795,0.3370256556849853,48.95374919820385,46.13859287026092,103.74874371859298,$\bar{R}_{micro}^{LAD}$,[mmHg*s/ml],7.803234682182131,13.814434584427561,11.474836672767147,11.361916208498888,11.408286521210554,2.3446543311964376,5.441302825234743,13.235408828746865,11.19590150563059,12.022186057904406,15.053059374111362,10.475218377661305,8.744283541025455,1.3077866161750495,0.3241620810405202,0.5529705689738341,6285.317140738974,1.5218504244596873,0.2965573452261469,0.9286798726655539,0.5362986058669962
151.47272241529467,110.64378016327919,130.32429819187846,313.5352936877888,89.78803775708944,183.41641687155112,32.4291485722366,15.774154922978841,23.540540941618325,34.11387613802029,89.78863218796768,194.60796072569354,155.35696422855273,79.58345316680978,132.91019550069737,35.887052233348356,11.676589813327665,10.435960880468263,1.2406289328594011,3.1980783940369406,0.7596292809501584,0.3375395176852421,0.08548037372101853,15.493892953488036,4.422640288516934,6.1758708983283,4.895381766642803,1.638724352698066,136.64747253809963,0.3370256556849853,48.95310860857627,46.13821133171822,104.1356783919598,$\bar{R}_{micro}^{LAD}$,[mmHg*s/ml],7.803200590142383,13.814266673824703,11.474963833698874,11.362045946700727,11.408415516419042,2.344610666035345,5.441185432132151,13.235235834365238,11.19575023908621,12.02202145781374,15.052873319147974,10.474924764551128,8.744168657977792,1.3077390574158103,0.3241620810405202,0.552970567011176,6285.162642996261,1.5218895072390675,0.29655869319540223,0.9287037839727977,0.5363010454576483
151.47563332682046,110.64850536217703,130.32818453940646,313.533822489094,89.78583236554218,183.41431788565714,32.42849204034813,15.773897900524863,23.540090759405164,34.11311719571904,89.78640295995635,194.6048079130435,155.35479821697893,79.58247051495013,132.90806222073505,35.8862627826616,11.676348961932772,10.435766199931038,1.2405827620017347,3.1979974277133687,0.7596311088439642,0.33752414461644287,0.08547697814848997,15.478330044758952,4.406744466812685,6.1760455808623735,4.895539997083893,1.6387242427682303,136.6476323618783,0.3370256556849853,48.95246641623465,46.137813306275646,104.52261306532664,$\bar{R}_{micro}^{LAD}$,[mmHg*s/ml],7.803173361563644,13.814102273848112,11.475094475143761,11.36217896851135,11.408547673862476,2.344566160697092,5.441069130886234,13.235064961532455,11.195600406975343,12.021857415766881,15.05269026384621,10.474633384571607,8.744055704075677,1.3076908678230832,0.3241620810405202,0.5529705650106251,6285.008265587952,1.5219286691640745,0.2965601652881214,0.9287277440853272,0.5363037095517428
151.47859222599317,110.65322116842675,130.33209656446797,313.5326443062925,89.7837161566091,183.41238695487027,32.42788267326722,15.773660246201478,23.53967275016049,34.11241257471057,89.78431241813104,194.60187802599398,155.35279443829745,79.5815444538108,132.90603467072512,35.88548863466741,11.676129784543603,10.4355899276939,1.240539856849702,3.1979225240644884,0.7596343571118939,0.3375098547279758,0.08547382691824457,15.46288357280098,4.390963999328149,6.176220637254535,4.895698936218296,1.6387241368932237,136.6479201075893,0.3370256556849853,48.95182798024483,46.137433681980234,104.90954773869348,$\bar{R}_{micro}^{LAD}$,[mmHg*s/ml],7.8031477850542315,13.813949681337876,11.475228016511338,11.362314870762708,11.40868282791059,2.344524572900034,5.44095724767862,13.23490916283495,11.195462158121064,12.02170638222764,15.052523412916992,10.474353909732274,8.743950769450173,1.3076438682981684,0.3241620810405202,0.5529705630357291,6284.860130962637,1.5219677460134897,0.29656160314470836,0.9287516499872354,0.536306311707856
151.4813669267758,110.65779871470761,130.33584200069242,313.53099721033897,89.78151253898403,183.41021242152297,32.427209948451306,15.773397814059281,23.539210414804728,34.11162594685476,89.78201424051447,194.59864865162007,155.35052275120913,79.58048346652251,132.90387698708744,35.88469894867282,11.675879061755218,10.435386551727394,1.2404925100278241,3.197839155548001,0.7596350524712653,0.3374940870070851,0.0854703479635752,15.447529070734277,4.375290597975996,6.176386937533689,4.895851535224592,1.6387240257380873,136.6479780159995,0.3370256556849853,48.95120688952884,46.13701835167755,105.2964824120603,$\bar{R}_{micro}^{LAD}$,[mmHg*s/ml],7.803111333083221,13.813773134489137,11.475349049512825,11.362438269071143,11.40880540739021,2.3444792840457924,5.440838822217594,13.234726890457685,11.195302748205098,12.021533924641835,15.052329150476057,10.474064169205802,8.74383097463035,1.3075955434840232,0.3241620810405202,0.5529705609476825,6284.705877728882,1.5220057465245487,0.29656315822334883,0.9287749020699393,0.5363091259597944
151.48423441586894,110.6624285073656,130.339660356675,313.52959618506696,89.77936405933227,183.40819480366181,32.426559451894825,15.773147763394675,23.53876497270949,34.11088327580178,89.77979452821326,194.59550643019907,155.34842560134274,79.57955799375054,132.90170636356268,35.883887980703285,11.675646186019433,10.435199567358117,1.240446618661317,3.1977611215261783,0.7596370765868778,0.3374787943238652,0.08546698561975968,15.432305708407023,4.3597355095087895,6.176562414535184,4.896007784363049,1.6387239190402083,136.64815562266028,0.3370256556849853,48.95057396723245,46.13662266678139,105.68341708542714,$\bar{R}_{micro}^{LAD}$,[mmHg*s/ml],7.803085958366275,13.813609917504424,11.475477078033242,11.362568571688614,11.408934782817322,2.3444348641853283,5.440719719642863,13.23455914702743,11.195159963613168,12.021375229040531,15.05214854760383,10.473762993404637,8.74372272961721,1.307546392431391,0.3241620810405202,0.5529705588195705,6284.5554841532585,1.522044147387299,0.29656465637378876,0.9287983959364869,0.5363118373008268
151.4870501545754,110.66700224593022,130.34342363836106,313.52815458819225,89.7772233524637,183.4061537319808,32.425942891532166,15.772900291950567,23.538339640406726,34.110172542037446,89.77774592283396,194.5925750564677,155.34631738303173,79.57856764352717,132.899659527677,35.88312823778752,11.675413658571411,10.435010135648348,1.240403522923064,3.197682418302503,0.7596387750504838,0.3374644741387348,0.08546378721210424,15.417176997373941,4.344286544904794,6.176729721261102,4.896160731208045,1.6387238119885978,136.64830392421936,0.3370256556849853,48.949951528703316,46.13626490979004,106.07035175879398,$\bar{R}_{micro}^{LAD}$,[mmHg*s/ml],7.803055052991513,13.813451013512712,11.47560223019354,11.362696131870798,11.409061582264066,2.3443927642439077,5.440607735951992,13.234393532449403,11.195013249600636,12.021215586300507,15.051970891351575,10.473488311805644,8.743610869662927,1.307500142872226,0.3241620810405202,0.5529705569561644,6284.405634672458,1.5220820918880582,0.29656587376636895,0.928821611520373,0.5363140406585493
151.48989957184082,110.67156465366448,130.34720216718202,313.5269435297753,89.77515393159213,183.4042441048645,32.425344938871326,15.772665416971961,23.53792875312025,34.10948194581865,89.77572483958465,194.58970951112917,155.34431508729983,79.57758793933078,132.89770836888954,35.88239065692512,11.67519653408987,10.43483499858287,1.240361535507,3.1976084327535177,0.7596415666704133,0.3374505026639332,0.08546069063159516,15.40215930225345,4.328947852952214,6.176897413368019,4.896314035933218,1.6387237063450173,136.64855060585882,0.3370256556849853,48.94933286290892,46.135905678224006,106.4572864321608,$\bar{R}_{micro}^{LAD}$,[mmHg*s/ml],7.803029104324392,13.813298759015252,11.475731103718678,11.362827329334253,11.40919204544893,2.344352115861333,5.440500458383797,13.234238633000182,11.194874398153955,12.021064566441966,15.051804695921629,10.473217189706947,8.74350444707376,1.3074552811202964,0.3241620810405202,0.5529705551202324,6284.260775211449,1.5221199254081346,0.29656717688206796,0.9288447585853543,0.5363163990125756
151.492600668692,110.6760181005523,130.35084600443577,313.5253837591369,89.77302427425913,183.40213900159887,32.42470187101675,15.772411944607201,23.53748752874383,34.1087205870384,89.77349024661709,194.58662873442276,155.3421492256099,79.57664401486478,132.89564901689954,35.88161780476176,11.674955006828718,10.434638743693673,1.2403162631350453,3.1975278002331837,0.7596424207805053,0.3374354196321401,0.08545737026015476,15.387231055201793,4.313712031779161,6.1770570213602864,4.896462002062347,1.638723600680025,136.64862302131897,0.3370256556849853,48.94873351148675,46.13548774162815,106.84422110552764,$\bar{R}_{micro}^{LAD}$,[mmHg*s/ml],7.802996910488413,13.813133890136868,11.475849357385789,11.362947812597602,11.40931178793525,2.344308786450451,5.440388721770729,13.234066457425774,11.194720918449775,12.02089994503857,15.05161854301247,10.472939665103873,8.74339165644736,1.3074081379131983,0.3241620810405202,0.5529705531589355,6284.111699198139,1.5221568408328716,0.29656879694047866,0.9288673454151869,0.5363193306520221
151.49542784479726,110.68053751313062,130.3545899025912,313.5241512596019,89.77096709962304,183.40025252964122,32.4241062008116,15.772180600462455,23.537078075583242,34.108049124101946,89.77152581507448,194.58376625437717,155.34018777816814,79.57570878544959,132.8936395229412,35.880878550705475,11.674739616878378,10.434465163461358,1.2402744534170214,3.197454586082851,0.7596450738607903,0.3374215120691394,0.0854542820028205,15.37243432449732,4.2985915707465905,6.177227886741964,4.896614867008768,1.638723498185417,136.64885737301034,0.3370256556849853,48.94811531686098,46.13515687517179,107.23115577889448,$\bar{R}_{micro}^{LAD}$,[mmHg*s/ml],7.802971234620544,13.81298348767244,11.475976522526311,11.363077356889873,11.409440522925818,2.344267953785065,5.440277281824506,13.233912611511718,11.194587915782552,12.020752120835544,15.051454046915627,10.472663853338087,8.743288261336433,1.3073631995714128,0.3241620810405202,0.5529705512404005,6283.967696973613,1.5221943328444343,0.29656992724761033,0.9288902823020374,0.5363213765766677
151.49815829341642,110.68497523527311,130.35824134115052,313.52275400335094,89.76888945275527,183.3982692515965,32.42348474745429,15.771937088568222,23.536651051754284,34.10732795442449,89.76940723377814,194.58078614613103,155.33810736765477,79.5747145956674,132.89159406714194,35.88010316105269,11.674511923511306,10.434281158593475,1.2402307649178308,3.197378140641971,0.7596467205748888,0.3374069680304908,0.08545106648895262,15.357727429064523,4.2835724557453725,6.177391392720902,4.896763580598248,1.638723395148957,136.6490011866499,0.3370256556849853,48.94751178355181,46.13477466699148,107.61809045226131,$\bar{R}_{micro}^{LAD}$,[mmHg*s/ml],7.802941684046776,13.812823169764656,11.476096733017737,11.363199803881892,11.40956219754401,2.3442256716308716,5.440165458191864,13.233748636598131,11.19444316311088,12.020594613665699,15.051275885448165,10.472384331488822,8.743178368250994,1.307316368706347,0.3241620810405202,0.5529705493125228,6283.822261692869,1.5222311651584741,0.29657134593739115,0.9289128169309537,0.5363239440257743
151.50091837087848,110.68941315974386,130.36190880194164,313.52149497394686,89.76685343657243,183.39637019638988,32.42288998774953,15.77170273607923,23.53624200446026,34.10664536071193,89.76740768335617,194.5779387804621,155.3361209806118,79.57380906778808,132.88963890069755,35.879376647800726,11.674295381335837,10.434106343574117,1.2401890377617193,3.197304741627105,0.7596490565737557,0.3373930867962741,0.08544798546458741,15.343129125353386,4.2686598287438136,6.177556442278625,4.896912854330949,1.6387232928138389,136.6492070252509,0.3370256556849853,48.94690845868195,46.134422147743436,108.00502512562814,$\bar{R}_{micro}^{LAD}$,[mmHg*s/ml],7.802917924781605,13.812674065495417,11.476221956275841,11.363327257146551,11.409688865238342,2.3441851838740186,5.440057012811662,13.233592121649838,11.194306069120973,12.020444431445219,15.051108908060579,10.472116497835131,8.74307394396847,1.3072720638696744,0.3241620810405202,0.5529705474595049,6283.67974056007,1.522267984159706,0.2965726047490628,0.9289353430412475,0.5363262222763887
151.50366993187598,110.69383608276299,130.36556054778129,313.5202974149737,89.76484204262253,183.39449748366872,32.42229390634965,15.771473999626965,23.535834998408763,34.10594790186115,89.7653220855129,194.5750552157427,155.33419486448668,79.57295085921314,132.8877098780258,35.8786450185861,11.674081202111813,10.43393431913474,1.2401468829770719,3.1972322283925028,0.7596516411744653,0.33737902298789135,0.08544491318165011,15.32862986334767,4.253849763657358,6.17771895587342,4.897061143816893,1.638723190954371,136.64943524313847,0.3370256556849853,48.94631151657977,46.134033977778955,108.39195979899498,$\bar{R}_{micro}^{LAD}$,[mmHg*s/ml],7.8028923538577875,13.812523393797973,11.476344600774853,11.363452142844238,11.409813059057694,2.3441449447597744,5.439949702273055,13.233438155985096,11.194172485751425,12.020298883809975,15.050945588083135,10.471846321153938,8.742974561318157,1.3072274764722651,0.3241620810405202,0.5529705455399784,6283.538942983578,1.5223046365775812,0.29657416296345096,0.9289577672303587,0.536329042035765
151.50635757010622,110.6981927438444,130.36914893774545,313.5189280546327,89.7628050813586,183.39256389953135,32.42169717268992,15.771240193620272,23.535424809877522,34.10526783536068,89.76334660518754,194.572194557791,155.33221038130628,79.57204718334188,132.88571101925194,35.87791020993272,11.673859867955835,10.433754846168362,1.2401050217874734,3.1971576333815954,0.7596532796949754,0.33736509774272255,0.0854418216830796,15.314231986994526,4.239142775370642,6.177881559723304,4.89720765190058,1.6387230901207719,136.64957841100258,0.3370256556849853,48.94571686697924,46.13369695972999,108.77889447236181,$\bar{R}_{micro}^{LAD}$,[mmHg*s/ml],7.802866116307924,13.812375276396697,11.47646520788123,11.363574965760133,11.40993504786987,2.3441041098914854,5.439841607151501,13.233282637371895,11.194036089555743,12.020148637536014,15.050777594827835,10.471575028509088,8.74287056820715,1.3071827775656069,0.3241620810405202,0.5529705436522444,6283.396355695101,1.5223407767520976,0.29657532398807857,0.9289798782538073,0.5363311434805662
151.50900318883205,110.70249421296596,130.37269026914234,313.51758158671015,89.76079579105347,183.39063854501126,32.42108747631955,15.771001813320213,23.535005966696538,34.10455461951228,89.76123740557574,194.5692678386362,155.33016349250735,79.5710504124197,132.88374934464395,35.87716237733848,11.67363867294603,10.433576564526229,1.2400621084198005,3.197083516554731,0.7596549243095894,0.3373508059372381,0.08543866903016047,15.299924411784481,4.224534240506402,6.178038566868281,4.8973516044098,1.63872298818223,136.6497220807448,0.3370256556849853,48.945135096970965,46.13330686941691,109.16582914572865,$\bar{R}_{micro}^{LAD}$,[mmHg*s/ml],7.802838475551998,13.812216062127083,11.476580963123597,11.36369291097531,11.410052294748603,2.344062917631753,5.439734090916439,13.23312135352896,11.19389284935097,12.019993675953371,15.050605441295108,10.471309548853371,8.742762030492496,1.307137531148966,0.3241620810405202,0.5529705417875664,6283.255705373743,1.5223764548482845,0.2965768206492197,0.9290017079317329,0.53633385187299
151.51166898781202,110.70679613931193,130.37623971155614,313.5163017734926,89.75880281736065,183.38876856428433,32.420506391702126,15.770775354601223,23.53460720015844,34.103889878072046,89.75929683257054,194.5664755029936,155.32824793550253,79.57019862952433,132.88182260808196,35.876462535047004,11.67342477002993,10.433403480673348,1.2400212893565814,3.1970111909614736,0.7596568906130585,0.3373372201141274,0.08543566173814143,15.28572413848948,4.2100289200420695,6.178198829902269,4.897496388545141,1.6387228897103794,136.6498948281522,0.3370256556849853,48.94454743333803,46.13297157206793,109.55276381909547,$\bar{R}_{micro}^{LAD}$,[mmHg*s/ml],7.802809800484768,13.81207000060387,11.476700862537852,11.363815048916093,11.410173650525051,2.3440232895431308,5.4396278501520845,13.232969567556225,11.193761502226916,12.019848936391954,15.050441486450463,10.471041051146695,8.742662307491155,1.307094724834121,0.3241620810405202,0.5529705399354085,6283.116197215245,1.5224121817467262,0.2965780124154376,0.9290235654277036,0.5363360088768568
151.5141443565237,110.71094940209343,130.3796187756702,313.51453465151366,89.75672349228087,183.3866507935055,32.419880811378654,15.770520969811058,23.534173961197514,34.103163894960694,89.7572094365511,194.563519577927,155.32604804769554,79.56913209512832,132.87974271319987,35.87569056092978,11.673180709581487,10.43320303183322,1.239977677748268,3.1969303793655595,0.7596562189406278,0.33732274077174157,0.08543241278446492,15.271599114909671,4.195616459224687,6.178348508185643,4.897634147499342,1.6387227859527913,136.64983009060742,0.3370256556849853,48.94397880320498,46.132599590747716,109.93969849246231,$\bar{R}_{micro}^{LAD}$,[mmHg*s/ml],7.802771962782798,13.811898466882804,11.476805848550672,11.36392222880814,11.410280025952105,2.3439804865757643,5.439516850379852,13.232793845732584,11.193606445891124,12.019681423090736,15.05025208481458,10.470765618982886,8.74254415738678,1.3070482211916197,0.3241620810405202,0.5529705381205822,6282.97064445966,1.5224467290448653,0.29657926982472516,0.9290447060938861,0.5363382845544157
151.51701364377882,110.71537173442728,130.38332652288557,313.5140524123876,89.7549235869548,183.385167063269,32.41935604758381,15.770327684369903,23.53381965592772,34.10254217917887,89.75531036821377,194.56093910073847,155.3244524166277,79.56843165946957,132.87811075377232,35.87502227614495,11.673014033350224,10.433073850192619,1.2399401831576053,3.196871841333782,0.7596622441103723,0.3373101888807651,0.08542972297192003,15.257610258186094,4.18131330922497,6.178513148795767,4.89778380016536,1.6387226933033865,136.650368141739,0.3370256556849853,48.94339330944297,46.132235372147775,110.32663316582915,$\bar{R}_{micro}^{LAD}$,[mmHg*s/ml],7.802764759977972,13.811780357429225,11.47694047187507,11.36405884747967,11.410416129911885,2.3439455632836146,5.439422902331491,13.232672127432776,11.193495835445505,12.019562193462113,15.05012253976365,10.470528509745478,8.742463517992304,1.3070075034342648,0.3241620810405202,0.5529705363843371,6282.844651086836,1.5224832541843987,0.2965808754796272,0.9290670474058861,0.5363411899282304
151.51948212936833,110.71947971267393,130.38668073602716,313.51239660085673,89.75289364374382,183.3831306475459,32.418751968620995,15.770081982837869,23.53340098327113,34.10184774386059,89.75333149615133,194.5580850160675,155.32232968673142,79.56741655523342,132.87610279793404,35.87429331488197,11.672779853218074,10.43288172580954,1.2398981274085343,3.196793961786306,0.7596620243151335,0.337296233289766,0.0854265827299634,15.243680335092638,4.167097534040866,6.178662205363333,4.897920595688442,1.638722591466001,136.65034412699282,0.3370256556849853,48.9428298703466,46.131895001299526,110.71356783919599,$\bar{R}_{micro}^{LAD}$,[mmHg*s/ml],7.80272917406489,13.811616198512981,11.477046107255834,11.364166742227091,11.410523261875262,2.343904213794088,5.439312922750287,13.23250237064359,11.193347483033657,12.019400703828374,15.049942254281836,10.470264261975645,8.742349572853225,1.3069632488449863,0.3241620810405202,0.5529705346145416,6282.702555062067,1.5225174206571999,0.2965819629308274,0.9290879545970963,0.5363431582074538
151.5221206360442,110.723701535266,130.39017420273785,313.51129555992236,89.75098506563846,183.38137495064623,32.4181936213175,15.769867789158164,23.53301969686437,34.101201814234834,89.75141562722892,194.55538565906124,155.32051894142433,79.56657922231835,132.87427610259226,35.87360043136075,11.672579521456086,10.432720783334918,1.2398587381211668,3.19672584589522,0.7596647164360482,0.33728310796764915,0.08542369614664631,15.229865089605267,4.152983656020095,6.1788187319327115,4.898062701652461,1.6387224954388668,136.65058225649977,0.3370256556849853,48.942257680090634,46.131550315707656,111.10050251256281,$\bar{R}_{micro}^{LAD}$,[mmHg*s/ml],7.802707758280553,13.811480110192917,11.477167732183386,11.364290348919031,11.41064610583788,2.3438662129078898,5.439213324936683,13.23236201638101,11.193222728894703,12.019264310670183,15.049788945171391,10.470016160725223,8.742255292020683,1.3069210538632279,0.3241620810405202,0.5529705327225779,6282.5689545946925,1.522552450611676,0.2965832824436787,0.9291093854203306,0.5363455462688693
151.52464060456415,110.72781548647039,130.39355826157978,313.50982484703405,89.74900753556504,183.37947351458564,32.41763034107106,15.769639119789698,23.532628441202544,34.10057128926914,89.74957966266172,194.55272398934704,155.3185771530761,79.56567772530846,132.87234153690176,35.8729157769076,11.67236184574275,10.432542299074187,1.2398195466685615,3.1966525695577865,0.7596654381959485,0.3372701042423232,0.08542076838717338,15.216137399553672,4.1389640465051345,6.178972485276989,4.898200867771547,1.6387223990680726,136.650643154455,0.3370256556849853,48.94168677413428,46.131237755157855,111.48743718592965,$\bar{R}_{micro}^{LAD}$,[mmHg*s/ml],7.80267567966413,13.81132959553251,11.477277655453324,11.364402641211157,11.410757627860885,2.3438274242948878,5.439107357476368,13.232206856002653,11.193089949020466,12.019116963360409,15.049623554594078,10.46975077526118,8.742151967409978,1.3068793200614317,0.3241620810405202,0.5529705310493254,6282.430527489553,1.522586677076113,0.29658426645398445,0.9291303261260082,0.5363473273904517
151.5273397579478,110.73205818694692,130.39708678897472,313.50909509464793,89.74720224446133,183.37788678530524,32.41708450993668,15.76943589463885,23.53225943226147,34.0999189428685,89.74763136075055,194.55004923959862,155.31688551778484,79.56492527715527,132.87066294425202,35.87223799275547,11.672181578558437,10.432400958859517,1.2397806196989192,3.1965906263371733,0.7596699260447453,0.3372570833425548,0.08541796531554248,15.202511512879738,4.125040291336081,6.1791276469456,4.898343574598061,1.6387223045097166,136.65104285440597,0.3370256556849853,48.9411257909932,46.13087054540995,111.87437185929649,$\bar{R}_{micro}^{LAD}$,[mmHg*s/ml],7.802662393326091,13.811202033097343,11.477403035011646,11.364529875023536,11.410884282407812,2.3437911967888474,5.439013497825259,13.232075843658391,11.192971644719643,12.018989854926797,15.049480962297206,10.469508252980212,8.742065951547904,1.3068380494394902,0.3241620810405202,0.5529705289045637,6282.304157112293,1.5226217579706143,0.29658583799641863,0.9291517872066567,0.5363501714710838
151.52972585050964,110.7360500135886,130.4003389762817,313.5074108445603,89.74520849985596,183.37586653904953,32.41648065706614,15.7691937296531,23.531841203616256,34.099224131836245,89.74561228550232,194.54718235817685,155.3147816834138,79.56392814153718,132.86864968862517,35.87150976755433,11.671948327237864,10.432209870635665,1.2397384566021994,3.1965135181638296,0.7596693560783117,0.33724308000246594,0.08541482918541998,15.188954502416411,4.111204355241785,6.1792735790863045,4.89847656808832,1.6387222067077505,136.65098751321736,0.3370256556849853,48.940577729046424,46.13051250481413,112.26130653266331,$\bar{R}_{micro}^{LAD}$,[mmHg*s/ml],7.802625206614906,13.811039288909827,11.477504283851527,11.364633293750098,11.410986907764745,2.3437499339997188,5.43890476245588,13.231907425858436,11.192824891366088,12.0188297276595,15.049300780468153,10.46924529771597,8.741953522105197,1.3067939068701153,0.3241620810405202,0.5529705271031792,6282.1645949899175,1.5226549672948464,0.29658706526681267,0.9291721080377088,0.5363523926320801
151.53230026705796,110.74016775312798,130.40374559281113,313.50628769045113,89.74333114913955,183.37414523067122,32.41593754855442,15.768983474542313,23.53146892415041,34.098607958441384,89.74380346668644,194.5445665181229,155.31301748762826,79.56311053616392,132.86683053605464,35.870841315658254,11.671751625401711,10.432051341586568,1.2397002838151432,3.196446687958918,0.7596717435803378,0.33723036778878157,0.0854120240059921,15.175513421554848,4.097468264072353,6.179429606683506,4.898615550798989,1.6387221130663,136.6511983432676,0.3370256556849853,48.94001334607396,46.130203003292976,112.64824120603015,$\bar{R}_{micro}^{LAD}$,[mmHg*s/ml],7.802603237833362,13.81090465758594,11.477620393462692,11.364751557182986,11.411104418177066,2.343712783396712,5.438803716838609,13.23176838821525,11.192705336909153,12.018696722801298,15.04915170274363,10.468989639498046,8.741861467186212,1.3067532138197622,0.3241620810405202,0.552970525724724,6282.033180439768,1.5226891691392024,0.2965881723473463,0.929193032179213,0.5363543960297655
151.53479125531302,110.74420354947961,130.4070722785472,313.5050193669252,89.741445015141,183.37235884989107,32.41538505437009,15.768768713713259,23.531089574631856,34.09797665755728,89.74194419283812,194.54191120061677,155.3111921779428,79.56231697694525,132.86499560570536,35.87018850366475,11.671546731053208,10.431885275720644,1.2396614553325647,3.1963776570428752,0.7596732680468176,0.3372174435442763,0.08540916431448985,15.162151947350162,4.08382069780729,6.179579963772316,4.898751285770558,1.6387220200480654,136.65133157681694,0.3370256556849853,48.93946152953374,46.12987691906339,113.03517587939699,$\bar{R}_{micro}^{LAD}$,[mmHg*s/ml],7.8025775831814315,13.810762747839407,11.477730714311388,11.364864079926503,11.411216227142218,2.343675012445408,5.438701522618453,13.23162223087037,11.192580171966927,12.018558492663887,15.048996392883806,10.468738363608693,8.741766778891554,1.306712885877622,0.3241620810405202,0.5529705239399585,6281.901151059869,1.5227226567809489,0.29658935138454884,0.9292135201407044,0.5363565299490584
151.53727662181072,110.74821242204318,130.41038298132332,313.50384693490855,89.7395949490883,183.37062014450478,32.414831848560276,15.76855453356575,23.530709965827537,34.09733732387328,89.74005063066642,194.53924736467025,155.30936073753517,79.56146422691248,132.86313705477622,35.869483301017986,11.671347339692655,10.431724826986658,1.2396225127059972,3.1963104973998826,0.7596752046272146,0.3372044739385941,0.08540630358416902,15.14888182289445,4.0702644796412875,6.179730866632923,4.898886476620243,1.638721927190237,136.65150188274504,0.3370256556849853,48.93891664780826,46.12953522044101,113.42211055276383,$\bar{R}_{micro}^{LAD}$,[mmHg*s/ml],7.802553202286214,13.810622660834804,11.477843559762208,11.364978735982945,11.411330073658927,2.343637141447516,5.438601509833943,13.231479039061606,11.192453378531342,12.018420087251895,15.048842499359807,10.468485668874958,8.7416706284041,1.3066702544794024,0.3241620810405202,0.5529705222045712,6281.771646436181,1.5227559469180927,0.29659064191976614,0.9292338874900025,0.5363588654551147
151.53977867485864,110.75224261327793,130.4137049857196,313.50271661549755,89.7377492293188,183.36889096990637,32.41428934886522,15.768339855055013,23.53033744633522,34.09670725177223,89.7382101388454,194.53665128438368,155.30755573471765,79.56059987346586,132.86139103288434,35.86879814226609,11.671150387996295,10.43156597104905,1.2395844169472447,3.196243741070224,0.7596773853724794,0.33719179236714497,0.08540349907482449,15.135694919938349,4.056796191076751,6.179877470025484,4.899021258836115,1.6387218329392126,136.65169409069122,0.3370256556849853,48.93837158236733,46.12920472639445,113.80904522613065,$\bar{R}_{micro}^{LAD}$,[mmHg*s/ml],7.802532281462407,13.810488009464448,11.477955547795613,11.36509274375812,11.411443456343783,2.343600564717915,5.438504572439689,13.231337412442054,11.192327879709886,12.018283655283902,15.048690971819845,10.468250120990382,8.741575334934671,1.3066292471789127,0.3241620810405202,0.5529705205405919,6281.642446052316,1.52278940874132,0.29659185466665383,0.9292543603999246,0.5363610602183664
151.5421746854846,110.75616924860606,130.41692540048624,313.5013971949055,89.73588735009896,183.36707976014506,32.413743180101946,15.768122871613027,23.52996265160229,34.09606750887569,89.7363503273683,194.5340433644105,155.3057054721428,79.55977478818639,132.85964783996073,35.868174371022334,11.670943242109267,10.431397109657885,1.2395461324513826,3.1961740472892695,0.7596784363114975,0.33717905814027554,0.08540067049849788,15.122582566286694,4.043413357386583,6.180017580491354,4.899151628408757,1.6387217408440988,136.65178477288293,0.3370256556849853,48.9378395879341,46.12886709976509,114.19597989949749,$\bar{R}_{micro}^{LAD}$,[mmHg*s/ml],7.802502502587897,13.810344421319469,11.478059796480153,11.365199200550135,11.411549343402536,2.3435635275910087,5.4384094033421375,13.231191212172243,11.192197460272672,12.018143316336635,15.04853057339577,10.468007081098303,8.74147841683603,1.3065904545173186,0.3241620810405202,0.5529705187979429,6281.512114506927,1.5228220147837233,0.2965930894249888,0.9292743098650317,0.5363632948637626
151.54446915428255,110.76000086419282,130.4200504933301,313.4997511368932,89.73396405816435,183.3651423037281,32.41315485887348,15.767893013050132,23.529556315163585,34.09540160182291,89.7343975011458,194.5312254358651,155.3037204349216,79.55885981603882,132.85762320280065,35.86746125825849,11.67071806406438,10.431213177025262,1.2395048870391179,3.19609994767247,0.7596777665654413,0.33716533999272413,0.0853976222182994,15.109566412841247,4.030122128568458,6.180163790784066,4.899280493488724,1.6387216450127617,136.65172053989434,0.3370256556849853,48.93730778422869,46.12853144788845,114.58291457286433,$\bar{R}_{micro}^{LAD}$,[mmHg*s/ml],7.802467025380727,13.810189891831048,11.478160291932271,11.36530159676425,11.411650745185113,2.3435230652236747,5.43830086855543,13.231031250084015,11.192061708050142,12.017992395240586,15.048360310505466,10.467742360591753,8.741373839332844,1.3065471100059982,0.3241620810405202,0.5529705170597772,6281.377484071504,1.5228539380174773,0.29659425006484846,0.9292938447796104,0.5363653954678854
151.54703934315336,110.76401322545625,130.4234027944283,313.4990986549069,89.73226714608855,183.3636783429996,32.41265802641986,15.767705161311843,23.529218226349855,34.09481746771352,89.73265281925445,194.52880891548475,155.30213840021554,79.55809532429582,132.85601559913718,35.86680540203196,11.670553026386315,10.431083363932757,1.2394696624535575,3.1960427439926717,0.7596822006954407,0.3371535780898864,0.0853950651839175,15.096650517674732,4.016921323825573,6.180312911355035,4.8994162824941245,1.6387215583740684,136.65211573516697,0.3370256556849853,48.936773060494346,46.128207600469004,114.96984924623116,$\bar{R}_{micro}^{LAD}$,[mmHg*s/ml],7.802457476695985,13.810070639819523,11.478276620153045,11.365419845864583,11.411768509264487,2.3434895267869185,5.438210489090481,13.23090875716668,11.191951997576838,12.017873675874707,15.048230397600546,10.467511522356386,8.741291177449334,1.3065077195340449,0.3241620810405202,0.5529705154383313,6281.258700226198,1.5228871406167706,0.29659557581064033,0.9293141551928882,0.5363677945387983
151.54939556782824,110.7678791569496,130.42656991419454,313.4977368252748,89.7304157004889,183.36187700637782,32.41213120122674,15.76748667152628,23.52885344090777,34.09421143775731,89.73092252482287,194.52633098511757,155.30030739682852,79.55726949123448,132.8543408365334,35.866204384149285,11.670347673572103,10.430914613445417,1.239433060126685,3.1959733893753115,0.7596829575537198,0.33714143476998604,0.08539232950915421,15.083794528286157,4.00379993513863,6.180450202555104,4.899544390592427,1.638721465913454,136.65217995210088,0.3370256556849853,48.93624409035027,46.12790570325815,115.35678391959799,$\bar{R}_{micro}^{LAD}$,[mmHg*s/ml],7.802428739648881,13.80993056207413,11.478381490202237,11.365526916259583,11.411874973752907,2.3434539818027926,5.438118147031425,13.230764614729644,11.19182382305664,12.01773458101556,15.048073612220701,10.46727978331785,8.741194287129213,1.306470701355121,0.3241620810405202,0.5529705138747352,6281.129099034223,1.5229192786561037,0.2965965437614935,0.9293338192816069,0.5363695465119895
151.5518668177429,110.7718088955543,130.4298227968611,313.49709851619343,89.728755867976,183.36037325220167,32.41162305077804,15.767293827464998,23.528508849506476,34.09362411306142,89.72950531246553,194.52387134723438,155.2986499116542,79.55646576940909,132.8526484181083,35.865543475220676,11.670178517658421,10.43078084887291,1.2393976687855104,3.195914614420628,0.7596873566659211,0.3371296123982418,0.08538976515684372,15.071052318365318,3.9907730322019113,6.180601634327863,4.899677651835546,1.6387213841151533,136.65257219829525,0.3370256556849853,48.93574019101676,46.127760408538286,115.74371859296483,$\bar{R}_{micro}^{LAD}$,[mmHg*s/ml],7.8024137975309875,13.809808290816358,11.478495394851222,11.365642541825,11.411989883762667,2.3434192802686233,5.4380216402452906,13.230637324785137,11.191703018492955,12.017609327091838,15.047938607707867,10.467037701855691,8.741106968319267,1.3064310321843255,0.3241620810405202,0.5529705168046976,6281.012910758321,1.5229518215917472,0.2965967755374776,0.9293537244063503,0.5363699628170808
151.55420388288746,110.77560446869349,130.43295553768309,313.4956049216914,89.72688857723884,183.3585922582333,32.411109225172275,15.767083590997,23.528150383200156,34.0930291543458,89.72744537474142,194.5214412177872,155.29687316080856,79.55563442621977,132.85097776658657,35.86491707991604,11.669974156207605,10.430612803686945,1.2393613525206604,3.1958463437820734,0.7596873162532702,0.3371175793483924,0.08538703549740452,15.058355809592749,3.9778191981037545,6.180733063616518,4.899803547872477,1.6387212886532914,136.65256458331058,0.3370256556849853,48.93519713047964,46.12727769905946,116.13065326633166,$\bar{R}_{micro}^{LAD}$,[mmHg*s/ml],7.802387266755725,13.809668997763188,11.478597874323938,11.365747163526168,11.412093979619813,2.3433844726676525,5.4379326967637835,13.230495391419725,11.19158474471046,12.01747501257476,15.047786171535744,10.46682198678527,8.741012479417101,1.306392902487254,0.3241620810405202,0.5529705103215873,6280.882200406719,1.5229834306098455,0.29659884217538773,0.9293730673758686,0.5363737064439418
151.5565542239554,110.7794210469658,130.43609286177775,313.4944517578988,89.7251180272569,183.35690186592421,32.41055947958464,15.766876716521093,23.52777542040741,34.09238415478088,89.72553470748534,194.5187669201407,155.29509380913652,79.55481971794221,132.84919085322335,35.864237344888366,11.669778947879971,10.430456586123913,1.239322361756058,3.195781210630217,0.7596889463307237,0.3371045625356994,0.08538420240578762,15.045761674254678,3.9649553594418196,6.180874633355405,4.8999316814574545,1.6387211999835685,136.65270749533178,0.3370256556849853,48.934682640343944,46.12692961616499,116.5175879396985,$\bar{R}_{micro}^{LAD}$,[mmHg*s/ml],7.8023624971333305,13.809532736210336,11.478700661612754,11.365851811065257,11.412197952922787,2.3433473686916155,5.437835344326816,13.230354464789473,11.191461333796921,12.017340464866122,15.047634710532598,10.466580672884731,8.740920205619418,1.3063516504516108,0.3241620810405202,0.5529705086420148,6280.758261907983,1.5230150764897197,0.29660023703849414,0.9293924289897458,0.5363762305640587
151.55885625257437,110.78318653158397,130.4391831363489,313.49310427802794,89.7233061527702,183.35515536621898,32.41000748489356,15.766661813485337,23.527396396822617,34.09176025395855,89.72369581182579,194.51611404347904,155.29328895454915,79.55402692355415,132.84735553892295,35.8635901415643,11.669576262142789,10.430292613052382,1.2392836490904067,3.195713910579639,0.7596895906611667,0.3370916779245399,0.08538135016099123,15.033253616722252,3.9521763635582254,6.181018698934603,4.900058554229427,1.638721108033783,136.6527616124992,0.3370256556849853,48.934160576812815,46.12661334154063,116.90452261306532,$\bar{R}_{micro}^{LAD}$,[mmHg*s/ml],7.802332692242675,13.809393615160108,11.47880231992096,11.365955459171998,11.412300762084923,2.343309549282001,5.437734972836352,13.230209565305069,11.191339104843419,12.017203662865585,15.047478375468568,10.466326255466534,8.740826727560593,1.3063120991033608,0.3241620810405202,0.5529705071779438,6280.631430693915,1.5230464354470297,0.2966013614126435,0.9294116173767083,0.5363782653189464
151.56132551801605,110.78704266356071,130.44240574324178,313.49242540696093,89.72166101837314,183.353736331491,32.40955313267535,15.766483645105598,23.527084781287122,34.0912374754229,89.72215594240764,194.51393409640474,155.2917915679295,79.5533091145336,132.845853152661,35.86299554794231,11.669417594719548,10.430165864860093,1.2392517298594543,3.195658337054948,0.7596936405304563,0.33708105238038,0.08537900040801605,15.020830813256957,3.9394802914772655,6.1811615820987695,4.900188939680921,1.6387210255890288,136.65312241918096,0.3370256556849853,48.933642048156855,46.12633863954429,117.29145728643216,$\bar{R}_{micro}^{LAD}$,[mmHg*s/ml],7.802321973434282,13.809280670921058,11.478916972057531,11.366072000668096,11.412416793020991,2.3432785866415045,5.437648615601463,13.230092943234858,11.191235677205906,12.017091290937937,15.047355429275791,10.466112164913575,8.740747611912338,1.3062761050836313,0.3241620810405202,0.5529705057397802,6280.51627128612,1.5230783833928043,0.2966023700565255,0.9294311597944761,0.5363800907603962
151.56348884012013,110.79068086256203,130.4453619764033,313.4908514138851,89.71983317709514,183.351863835972,32.40901319626311,15.766262531577928,23.526710440752467,34.09061058996251,89.720348671695,194.51138659625545,155.28989153801837,79.55240525842073,132.84408702217058,35.862358110971755,11.66920273589875,10.429988610644246,1.2392141252545044,3.1955869882825976,0.7596929347435195,0.337068573731572,0.08537619263204768,15.008455686748519,3.92685669283485,6.181289994097959,4.900308999815713,1.6387209360617985,136.65305520811273,0.3370256556849853,48.93314488330437,46.126013618897424,117.678391959799,$\bar{R}_{micro}^{LAD}$,[mmHg*s/ml],7.802286694051822,13.80913139136675,11.479009609681293,11.366166641972061,11.41251077074407,2.34324195131326,5.437554789931659,13.229941463795297,11.191101581726416,12.01694658492479,15.047193313224314,10.465882052417804,8.740645861722166,1.3062372514261582,0.3241620810405202,0.552970503781052,6280.3883223966595,1.5231086635925593,0.2966034669293941,0.9294496885192176,0.536382076261402
151.56581900632958,110.79440299494851,130.44844767672166,313.4898997304779,89.71815461278959,183.35032370382345,32.408509843592945,15.766071276186779,23.52636623141519,34.09002829250213,89.71863186062409,194.50895027142306,155.28823976141663,79.5516303871734,132.84244157770527,35.8617341377794,11.669026286689029,10.429847688027168,1.2391785986618609,3.1955272465140654,0.7596953908953527,0.33705673192164637,0.08537359273764672,14.996183994860715,3.9143205806292913,6.181428647092093,4.900434767139334,1.638720850650932,136.65327255219088,0.3370256556849853,48.93264042321332,46.125708732389064,118.06532663316582,$\bar{R}_{micro}^{LAD}$,[mmHg*s/ml],7.802267312047485,13.8090076345185,11.47911320804388,11.366272129019833,11.412615654464666,2.3432077560103606,5.4374632761350625,13.229811667326986,11.190987719218759,12.016822009534888,15.04705226658853,10.465650656569144,8.740559182507385,1.306199331288674,0.3241620810405202,0.5529705021932312,6280.2708228952715,1.523139582417476,0.2966046259223583,0.9294686046207657,0.5363841737415356
151.56823217894438,110.79819072585184,130.45160345641656,313.4891491208973,89.71651260237644,183.3488925002676,32.40802471187653,15.765888159521891,23.52603544527539,34.08947487552242,89.71697570616851,194.5065915071116,155.2867083449361,79.55092720278208,132.84083974770954,35.86111652320511,11.668862932303325,10.429718620482634,1.2391443118206917,3.1954712095840363,0.7596989613438638,0.3370452964452817,0.0853710904736987,14.984004996645314,3.9018682807664735,6.181573229463781,4.900563486415059,1.638720766958483,136.65359018665336,0.3370256556849853,48.932126820589055,46.12541663036044,118.45226130653266,$\bar{R}_{micro}^{LAD}$,[mmHg*s/ml],7.802254491780273,13.808894985028445,11.479224088041713,11.366384819239972,11.412727708319176,2.343174706305007,5.437374556445902,13.229693595390028,11.190883915224095,12.016707025547849,15.046927461234954,10.465428625757061,8.740480098227726,1.306162021652278,0.3241620810405202,0.5529705005741191,6280.155882166351,1.5231709996609213,0.29660575395011873,0.9294878239005748,0.5363862152541033
151.57042291462608,110.80180894383268,130.45456131363107,313.4878182493601,89.71476231248387,183.3471614253676,32.40751650735028,15.765684461828242,23.525684796739085,34.08888029960901,89.71524694899288,194.5041726307497,155.28497391172766,79.55015179782438,132.83917128999417,35.86050658076363,11.66866502564921,10.4295563451366,1.2391086805126097,3.195404824034622,0.7596993813054594,0.3370334423079325,0.08536846033946986,14.971873742064478,3.8894867983263084,6.181703334365913,4.900683609372258,1.638720678945576,136.65362428798426,0.3370256556849853,48.931634182404686,46.125101449268115,118.8391959798995,$\bar{R}_{micro}^{LAD}$,[mmHg*s/ml],7.802225662778231,13.808757779474824,11.479321415504444,11.366483994858415,11.412826223977783,2.343140383608134,5.437284119986224,13.229555438073039,11.190762027533848,12.016575235317912,15.046778506252533,10.465204684250118,8.740389063641919,1.30612465905711,0.3241620810405202,0.5529704990847896,6280.0333618738705,1.5232010960694349,0.2966068998837239,0.9295062396170705,0.5363882890219859
151.57282726061607,110.80557354721081,130.4576973900279,313.4871401242946,89.71315170282213,183.34576292089082,32.40703793151214,15.765504375616626,23.525359459429936,34.08832607824903,89.7135874240546,194.50184059594994,155.28347604425352,79.54946279983159,132.83763099039004,35.85989869856781,11.668506162525587,10.429431400568848,1.2390747619567384,3.1953501744869452,0.759703240378441,0.33702211740140925,0.08536599721515109,14.959847564383493,3.8771913036896892,6.1818452586175265,4.900811002076274,1.638720597548942,136.65396797591364,0.3370256556849853,48.93112896289354,46.124801261095456,119.22613065326634,$\bar{R}_{micro}^{LAD}$,[mmHg*s/ml],7.802215283514087,13.808644155364828,11.479431661089622,11.366596038325826,11.41293770208153,2.3431080817940417,5.437195946923356,13.229436765958196,11.190659913099303,12.01646273381528,15.046654296127974,10.4649846631224,8.740311887154643,1.3060879263645804,0.3241620810405202,0.5529704974911466,6279.920619197549,1.52323227288441,0.2966081070118189,0.9295253108813855,0.5363904735560829
151.57481521709286,110.80902382797437,130.4604657527269,313.4855502470649,89.71138998630019,183.343859518536,32.40649722498656,15.765281844871438,23.524986524283822,34.087704854307525,89.71215020854437,194.49930156785422,155.2815338332629,79.54851553644929,132.83578859835865,35.85926547248268,11.66828822102799,10.42925043054723,1.2390377904807592,3.1952777344243515,0.7597021153915955,0.33700983753972585,0.08536324802155841,14.947863345640977,3.864965106396415,6.181973150940797,4.900925088303765,1.6387205138027314,136.65386330381085,0.3370256556849853,48.93067606511818,46.124664451428295,119.61306532663316,$\bar{R}_{micro}^{LAD}$,[mmHg*s/ml],7.802177884799902,13.808492286790827,11.479514942459337,11.366681207484827,11.413022054130678,2.3430706172729914,5.437094563767551,13.229281327585468,11.190516654948087,12.016313712959782,15.046485212218924,10.464735431413247,8.740206979656095,1.3060493390419683,0.3241620810405202,0.5529705008415604,6279.7972990410135,1.5232610187477782,0.29660808344593864,0.9295429000354528,0.5363904276892415
151.5771003291132,110.81265220380892,130.46348362436436,313.484373331099,89.70967890289435,183.34231330260727,32.40600390097559,15.765090450473759,23.524645255560397,34.08714200568248,89.71015682890473,194.4969255122727,155.27991824357275,79.54776998254178,132.83417181696203,35.85864646343038,11.668108895445798,10.429106289579295,1.2390026058665031,3.1952179626460295,0.7597032932805131,0.3369981453598098,0.08536063751275241,14.935973177694349,3.852819535253758,6.18210618024172,4.901047462198871,1.6387204253420884,136.65396555365467,0.3370256556849853,48.930155449074185,46.124203039520054,120.0,$\bar{R}_{micro}^{LAD}$,[mmHg*s/ml],7.802153767190587,13.80837127583283,11.479617446183411,11.366785566004529,11.413125802490176,2.3430370986958726,5.437009121511013,13.229156212908093,11.190412369583004,12.016192604642926,15.046350363491971,10.46452611056903,8.740122413374282,1.3060118939713368,0.3241620810405202,0.5529704946525819,6279.677523202605,1.5232912125521578,0.29661013703570016,0.9295613754458243,0.5363941474346714
