STK_syst_list,DTK_syst_list,MAP_syst_list,Plvmax_list,SV_lv_list,EDV_lv_list,STK_pulm_list,DTK_pulm_list,MAP_pulm_list,Prvmax_list,SV_rv_list,EDV_rv_list,maxVla_list,minVla_list,maxVra_list,minVra_list,Eout_total_list,Eout_lv_list,Eout_rv_list,SW_lv_list,PE_lv_list,SW_rv_list,PE_rv_list,Ein_total_list,Ein_LAD_list,Ein_LCX_list,Ein_RCA_list,Ees_lv_list,Pes_lv_list,LVET_list,EF_lv_list,EF_rv_list,var,var_name,var_unit,Plvmin_list,EDP_lv_list,Pv_syst_max_list,Pv_syst_min_list,Pv_syst_mean_list,Prvmin_list,EDP_rv_list,Pv_pulm_max_list,Pv_pulm_min_list,Pv_pulm_mean_list,Plamax_list,Pramax_list,Plamin_list,Pramin_list,RVET_list,Ees_rv_list,CO_list,Ea_lv_list,Ea_rv_list,VAC_lv_list,VAC_rv_list
112.88771144880434,83.70241442185822,97.32408191573495,615.7521838294117,68.0368747795232,269.29054298408516,33.447737574623055,20.807197590817143,26.392162064225612,34.23902401930425,68.04122832980103,176.5697761461708,220.49860879440592,120.65777330712142,155.76366373055546,28.91974820105065,15.426052837564406,14.319540380899355,1.106512456665052,4.265203403287761,1.2711951255331149,0.268508817251374,0.09999218139295608,16.118727205457766,6.78609305731976,5.670516932704089,3.6621172154339123,0.5218961612768952,99.75759299180238,0.38847995426284565,25.26522989837936,38.53503686467499,0.2,"$A_{eff,av}^{max}$",[$cm^2$],15.70241526569715,20.654257853169142,9.179220954875118,9.070018513859488,9.131012502442285,2.5788364574462572,4.825636649329435,20.08574886771886,16.61167797456927,17.664133084917548,23.03338261457409,7.862359935921667,13.300510235585337,0.8694997726331242,0.29929250339455443,0.5603175597548771,4762.5812345666245,1.4662283256700386,0.4260649353605554,2.8094253885345637,0.760399041477384
124.15681469232008,91.77868401793839,106.9586956750456,524.1178018278953,74.66328692014243,244.10940244344764,33.19670519967202,19.332707921563603,25.583010622193964,34.23513631880289,74.66758617460924,182.18498268003222,201.32300930098612,108.50959507738754,149.27050961702352,30.799376744393197,14.842911739989706,13.6911182496634,1.1517934903263054,4.106159942136551,1.1747824357754009,0.2909086114044597,0.09599931149241236,16.82643175948025,6.975243805825413,5.826370021931037,4.0248179317238,0.6942903223143561,110.61068432566125,0.37690273708282707,30.585993891587005,40.984490091450844,0.2484848484848485,"$A_{eff,av}^{max}$",[$cm^2$],13.369694043043623,18.64827986719366,9.852621303007918,9.742234915575436,9.799096825488913,2.514050439700635,5.0240253401391435,18.066783573144622,15.023121618064128,16.004780109785873,20.68447381602826,8.650982242221223,11.955611010684152,0.9954883866425582,0.30701064818123347,0.558558669612106,5226.43008440997,1.4814601511445253,0.3798255250324748,2.133776179115111,0.6800100789703016
132.56266390108647,97.66319593690243,114.10623851010101,456.24529601952975,79.57292429287307,225.26622103813582,33.00082662509626,18.230012252769786,24.972688645469933,34.23695314648442,79.5764958248698,186.3160013690852,187.0263874123723,99.46115885940029,144.40369123247916,32.31356989281218,14.107468587514274,12.923719801834586,1.183748785679688,3.9098322576648825,1.0591595316987708,0.3070039405785151,0.09289393977908164,17.339642360871803,7.1097439055741845,5.937132634079556,4.292765821218066,0.8648067247912667,117.21630296684332,0.3670406631887372,35.323948671115666,42.710500032271334,0.296969696969697,"$A_{eff,av}^{max}$",[$cm^2$],11.62743790766701,17.1475971862473,10.356056213180079,10.244542692752626,10.29831100112656,2.4648606579319496,5.165556934890582,16.558231694337312,13.833086372026386,14.764573471379816,18.925720402420335,9.241361361278694,10.952138885577845,1.0919544750364578,0.3130136496819838,0.5567475233888628,5570.104700501115,1.4730676798482543,0.35001433235790447,1.703349011542203,0.6286769453906226
138.91393090364556,101.99924071100176,119.4822581082134,405.87805878259934,83.26121968752611,210.97395837307863,32.84759517680969,17.396139806347932,24.507831458579872,34.24001672787429,83.2638183029195,189.4038184459434,176.21790784010022,92.63598508955117,140.6803710957625,33.53194733947056,13.41582227897715,12.20904908956604,1.2067731894111082,3.7140881712930636,0.9643870683679284,0.31880474347289545,0.09045265059666073,17.714928238608994,7.205608134018864,6.016011817689968,4.493308286900163,1.0471031767247507,123.07454211425723,0.358893732580576,39.465164482665685,43.96100299671801,0.34545454545454546,"$A_{eff,av}^{max}$",[$cm^2$],10.308380224758546,16.00932313395848,10.73627633871832,10.623858017349212,10.675253153637556,2.4270432806120583,5.269657978052151,15.418346115379588,12.9316007571547,13.826570069777626,17.596179164399903,9.688682114193593,10.194426892757019,1.1670215100971602,0.3173015078968055,0.5548830266545335,5828.285378126828,1.4781736632750266,0.32953598592620265,1.4116790934572727,0.5938837017830959
143.77237010307508,105.22766015881287,123.5804146653314,368.2368693594205,86.06972495765687,200.00684298976353,32.72781577558712,16.758665921587077,24.150587778218323,34.24361550193463,86.07221777741812,191.74825852064112,167.9469711939883,87.42432286103602,137.77717395236436,34.51095986391264,12.791957237606098,11.56750539870486,1.2244518389012378,3.5342235517413805,0.8834615696833596,0.32762886017377946,0.08881497677794323,17.991383458807995,7.2739400849412865,6.072164950526667,4.64527842334004,1.231338786274923,127.74102955481068,0.3511755877938969,43.033390093588935,44.88813532987195,0.3939393939393939,"$A_{eff,av}^{max}$",[$cm^2$],9.297972275198985,15.135816353238965,11.026423961785374,10.913386488203889,10.962909509089565,2.397576785418236,5.348135267015616,14.547322595745962,12.241187931626852,13.108991860859085,16.580251098365675,10.030317300999274,9.61567202542999,1.2260973212505304,0.31987422282569855,0.5548887565017623,6024.880747035982,1.484157520169311,0.31588635999998604,1.2053202065202717,0.5692787181190304
147.5297915261388,107.6522558498296,126.74289994286656,339.60976523298683,88.23447040112826,191.5097324497524,32.63398716059607,16.266472654874054,23.87367214741654,34.24728946373632,88.2362755026677,193.55136290892005,161.5511296206563,83.40323814603292,135.4719522786742,35.29703440382524,12.239141456114766,11.002057156601987,1.2370842995127793,3.3750407405087373,0.8127873719310946,0.33433580883628217,0.08724317470549808,18.196059414320995,7.322416564799358,6.111925854907049,4.761716994614588,1.4078536252497227,131.01319157443444,0.34474380047166436,46.0730999268034,45.58804142556684,0.44242424242424244,"$A_{eff,av}^{max}$",[$cm^2$],8.516478130504607,14.458973600212664,11.249787285565043,11.136450894119108,11.184455868026934,2.374352351597179,5.408351687133089,13.874904598486527,11.707184786557487,12.554393522762213,15.795998791096164,10.292890977394183,9.16901376375157,1.2729852479670147,0.32244693775459154,0.5529670803247111,6176.412928078978,1.4848300327392134,0.30487092050139464,1.054676428080964,0.5513364743564293
150.46108102332747,109.48263435398692,129.20740808041418,317.4013811125044,89.91924753066641,184.873394360417,32.56022266362438,15.882867890333808,23.657387028824715,34.250829623884805,89.91977701629146,194.95270292527923,156.56175695541785,80.27351159072354,133.61042175334364,35.92946783593691,11.783265700210727,10.535901178596028,1.2473645216146994,3.236598574890471,0.7617352375469387,0.3395004730784434,0.08625746253728804,18.34754812150209,7.356264307784357,6.139607156848632,4.851676656869103,1.5920470934388122,134.8738576343564,0.338740798970914,48.63828450910885,46.12389347110288,0.4909090909090909,"$A_{eff,av}^{max}$",[$cm^2$],7.9071471879516615,13.930296956431004,11.422999077460048,11.309622289223485,11.356359529090499,2.3557680344816654,5.455127498773646,13.351271547662698,11.290686863994129,12.122037609446329,15.185277030798579,10.495855382078053,8.821270431226848,1.3104799932277749,0.3241620810405202,0.5529701792686561,6294.347327146649,1.4999442426201186,0.2974690417550996,0.9421481618236858,0.5379477102156293
152.7618421110125,110.86622493860027,131.14232642312876,299.85205936268,91.24028517619496,179.65930125684574,32.50226398306349,15.582208748389215,23.487602357020236,34.25437406960209,91.24037078617428,196.051443894819,152.64434291580145,77.82125643244815,132.0852491822003,36.43850693112685,11.382231992778546,10.126872381463084,1.2553596113154628,3.1171208011414993,0.7149411425426812,0.34352229470744283,0.08548567737201364,18.45895141283402,7.379147016989534,6.158228577480325,4.921575818364158,1.7554671758838083,137.20795853949954,0.333595369113128,50.78517201052419,46.53899454835154,0.5393939393939394,"$A_{eff,av}^{max}$",[$cm^2$],7.429189821560388,13.514899646723162,11.558049577619084,11.444850589977406,11.490498432241194,2.3407731977908495,5.491789947418233,12.940832827703062,10.963794206258559,11.782802827253283,14.70658273421474,10.653652544259655,8.548746095310962,1.3406757910833529,0.32544843850496674,0.5529738793433503,6386.819962333647,1.5038089619572756,0.2918500329860139,0.8566431674805696,0.5277826745317198
154.5750046054316,111.90902113458638,132.66909430313538,285.7501475616798,92.28112135642104,175.5457065836211,32.456510312522106,15.345428659001264,23.3537270703786,34.25757071880929,92.2807496833477,196.91671771046822,149.5546586212129,75.89091166736662,130.8185919373645,36.84885417154831,11.050490907590275,9.789622168910169,1.2608687386801058,3.0142252981231157,0.6807430632224816,0.34667252095376033,0.08457493379425024,18.539748269902056,7.393719306143308,6.169984481926813,4.976044481831938,1.917035844118958,139.9118599182285,0.3288787250768241,52.568144873690194,46.862831534207515,0.5878787878787879,"$A_{eff,av}^{max}$",[$cm^2$],7.052704169354821,13.187154516407265,11.66359213990336,11.550752155046412,11.5954402672651,2.328528453981115,5.520619769553353,12.617643290342196,10.7061137827325,11.515432762736209,14.329652213537885,10.776897496908893,8.334186595628932,1.3650827470790288,0.32673479596941324,0.5509978598642041,6459.678494949473,1.5161482420422847,0.28650517855989754,0.7908815303028851,0.5199751204669071
156.00821117232869,112.68923413413779,133.87857113965234,274.24899229969054,93.10420588727756,172.29522361936344,32.42070602743845,15.158619196599497,23.2481916852328,34.260822490751586,93.10349966325708,197.60154095518672,147.11395981550672,74.36834178241199,129.7566909880689,37.18051100463742,10.776023832158062,9.510211417287188,1.2658124148708736,2.9255879054713736,0.6557988495234187,0.3491575225439169,0.08409955667188539,18.59709200909547,7.402002492596648,6.176541315083068,5.018548201415752,2.0730220401560078,142.8022617447798,0.3245908668620024,54.03760123551912,47.1167882665306,0.6363636363636364,"$A_{eff,av}^{max}$",[$cm^2$],6.755632886341691,12.92816623839668,11.74618786699655,11.633855259366543,11.677681273756386,2.3184499216012013,5.543381709598022,12.362661349214973,10.502650535014215,11.304327905436905,14.03228116679242,10.873527647947503,8.164931172809846,1.3849252013011952,0.3275923676123776,0.5509978598642041,6517.294412109429,1.5337895896740938,0.2831741491521634,0.7398809853264593,0.5139296715634302
157.14081407619545,113.26482401832297,134.83725540846075,264.7362862444938,93.75514637920878,169.7251953744066,32.3925620729106,15.011110177012723,23.16486418659909,34.263741528523255,93.75423273274136,198.1434574389971,145.18387260382738,73.16608099561078,128.85845291296104,37.44906152947792,10.532437596425623,9.262722453263269,1.2697151431623546,2.84896867119573,0.6318128138706403,0.35111836868311214,0.08372518544792627,18.636172178590723,7.405446293865028,6.179098396443157,5.051627488282537,2.1997218345136744,144.38627048269726,0.3207317944686629,55.23938044224306,47.31634036496295,0.6848484848484848,"$A_{eff,av}^{max}$",[$cm^2$],6.521112088151413,12.723385647335723,11.810675900179264,11.698969915803406,11.742007324502572,2.31010241706722,5.5613297489499915,12.161309215867972,10.341866730845394,11.137505812772167,13.797461278596156,10.949417430108067,8.031287419913717,1.401128347295122,0.3280211534338598,0.5509982189291456,6562.860246544615,1.540035678667731,0.2805821725321611,0.7001047380193913,0.5092251896520957
158.03573406565687,113.67993864599276,135.59713911496084,256.7688434590465,94.26984495750516,167.69707127240147,32.37058962086149,14.894842094217422,23.099256529478502,34.266418922472,94.26846323303887,198.57227097805108,143.66091094283442,72.21812322303516,128.0941107807328,37.6668436160835,10.342106591614755,9.069304635266572,1.2728019563481823,2.7824824856593375,0.6196738701400828,0.3526671013972139,0.08343125484188466,18.661160629334443,7.4052434869008215,6.178642987439772,5.077274154993851,2.3369810152518187,147.38625539567016,0.31687272207532335,56.214365726385516,47.47312541107953,0.7333333333333334,"$A_{eff,av}^{max}$",[$cm^2$],6.336206814986038,12.56176770875503,11.86084634686846,11.749859984455075,11.792166459301585,2.3031518227731937,5.575457628702258,12.002564124135677,10.215042705531108,11.005909255811366,13.612332075260344,11.009329167583775,7.925931666557163,1.4144262582999638,0.32844993925534194,0.5509996782796043,6598.889147025361,1.5634507032668692,0.27856171924833545,0.6690044519246561,0.5055569544397802
158.74045009530593,113.96879073577917,136.19742119103984,250.0137136680506,94.67510121996324,166.1005741208718,32.353394828453204,14.803325346778633,23.047685144135443,34.26877937885355,94.67358101185435,198.91020913077278,142.46169039325326,71.47271008076156,127.44011905573115,37.84374100202655,10.15996648067579,8.884732712373392,1.2752337683023975,2.7244453549356153,0.6026817639153578,0.3538862052229405,0.08320069246096097,18.675120423462392,7.402248934581626,6.1758828568957425,5.096988631985024,2.4268374680867772,148.1194777327855,0.3143000071464303,56.99865983068061,47.59613969819495,0.7818181818181817,"$A_{eff,av}^{max}$",[$cm^2$],6.190812130841222,12.434553046113145,11.89961941000607,11.789421794418375,11.831042062217055,2.297294184919876,5.586526160943832,11.87771414805146,10.115244211927982,10.9023550254359,13.466734389180793,11.056535888641243,7.843074437890842,1.4253737413826615,0.32887872507682414,0.5510008278659136,6627.257085397427,1.564502977278602,0.2769864936242614,0.6446673903184766,0.5026970552785925
159.2946763829504,114.15897024115479,136.67087495219377,244.2245392389225,94.99364743535762,164.8511541666352,32.340307315412204,14.731864157660898,23.007542196531034,34.271048220175444,94.99215702314966,199.17656664261062,141.52357401907753,70.8896926981094,126.87474089931177,37.98771948269773,10.01677917796032,8.73961790654883,1.2771612714114906,2.673536670870838,0.5946006895148653,0.3548482689233183,0.08302216660980799,18.6807445475502,7.397249864828169,6.171468254670484,5.112026428051547,2.525098341683206,150.07199419578453,0.310869720574573,57.62388981476947,47.69243622599307,0.8303030303030303,"$A_{eff,av}^{max}$",[$cm^2$],6.077123255531513,12.33498613666274,11.929364630760986,11.820006542813388,11.860979124070067,2.2923771467570573,5.595180416497183,11.780068105519723,10.037168941308055,10.821338403404065,13.352858322292168,11.093820931455673,7.778270863560713,1.434417066339455,0.32887872507682414,0.5510017309689166,6649.555320475033,1.579810842592472,0.27576145670813107,0.625643293377392,0.5004729408439689
159.7292935465697,114.27245941513277,137.04275574914794,239.21016243419152,95.24258294415345,163.87936601049253,32.33028023014861,14.67633132346067,22.976409838525818,34.27304527335827,95.24050436885467,199.38454122145833,140.79372993619467,70.43652146545676,126.3794646975847,38.10480545645566,9.887287027154269,8.608617472014918,1.278669555139351,2.6285902405566586,0.5862949106689179,0.3555994372209748,0.08288412177876137,18.68007417908584,7.390831483334601,6.16588593806001,5.1233567576912264,2.5986333921822555,151.17444071362294,0.3087257914671621,58.11749536427634,47.767246038934445,0.8787878787878789,"$A_{eff,av}^{max}$",[$cm^2$],5.988673674577067,12.25753168838853,11.95184518882387,11.84336366949739,11.883723331582633,2.2882205661813533,5.601873780166846,11.7041466712067,9.976463426184198,10.758335309274587,13.264316027918028,11.123213467924225,7.72789693458333,1.4419103081869904,0.3293075108983063,0.5510024299702297,6666.980806090742,1.5872568345008635,0.27481380260369864,0.6108044479363564,0.49875243312184053
160.06780973503524,114.32571348887083,137.33273550042188,234.822467942213,95.43580533252702,163.1288859498315,32.322863746056115,14.633537778239214,22.952572143820127,34.275031509088514,95.43377010379221,199.54712301083345,140.23031902017186,70.08671651229749,125.94270154569976,38.200429069119856,9.777225045824393,8.497365276121961,1.2798597697024319,2.5886271197734567,0.5810335615769344,0.35618814922272746,0.08277923683517176,18.67467893870226,7.3834387473747585,6.159504835650608,5.131735355676895,2.6645929220719458,152.39258830393297,0.30615307653826906,58.503314588856604,47.82517966876982,0.9272727272727272,"$A_{eff,av}^{max}$",[$cm^2$],5.9203609123406675,12.197728658410377,11.968652599081713,11.861063922499488,11.900837413987851,2.284702414344463,5.607025808343731,11.645553569984408,9.929597054443901,10.709702977041205,13.195979256950512,11.14643196678997,7.689013652626543,1.4481562365074527,0.3293075108983063,0.551002978325783,6680.506373276892,1.596807275560272,0.27408382238053647,0.599268752210983,0.49742711593562955
160.33023422061132,114.33331941745813,137.55755004003342,230.94570893706242,95.58462045224579,162.55434798859426,32.31739794073145,14.600743251566177,22.934455146314242,34.27677090763691,95.58263154355359,199.67276201123585,139.7989995448309,69.81905162463393,125.55496414402658,38.27849271718761,9.682748077465913,8.401961115553165,1.2807869619127483,2.552856050895596,0.5780224513617884,0.35664428029206346,0.08270001316840335,18.665898189541124,7.3754537930315625,6.152642393138571,5.13780200337099,2.723165842737448,153.6587161480511,0.30358036160937607,58.80163873497407,47.86963959469596,0.9757575757575758,"$A_{eff,av}^{max}$",[$cm^2$],5.868023537280884,12.151948177690544,11.980928750603917,11.874240416584405,11.913453603995901,2.2816839563907783,5.610937689047011,11.60071448600606,9.893730976154183,10.672485391209023,13.143678231001665,11.16480452473562,7.659259503360523,1.4533721625891947,0.32973629671978844,0.551003399807929,6690.923431657205,1.6075673619985678,0.27352608313095134,0.590330319501426,0.4964145107385874
160.53401328984629,114.30804875387466,137.7322006992832,227.49225851017434,95.69908907032568,162.12004512756533,32.313508240894315,14.576082125249776,22.92089629029124,34.27840735772735,95.69616538306738,199.76902796894066,139.47332315173665,69.61675517005692,125.20937954961964,38.342293261612824,9.595898998482118,8.31439321421429,1.2815057842678286,2.5206714119599045,0.5746103824361483,0.3569952352170154,0.08264126245283357,18.655015979213566,7.3672652263073575,6.145622253310383,5.14212849959582,2.764786905287922,154.37087555203348,0.3018652183234474,59.02976957292614,47.903404424606734,1.0242424242424242,"$A_{eff,av}^{max}$",[$cm^2$],5.828435298936108,12.117316835746614,11.989646969163012,11.88386084243534,11.92254104892012,2.2791000609360728,5.6138728623802185,11.566805916616664,9.866626143252342,10.64435482924158,13.104120937221886,11.17930511775802,7.636773491380158,1.457742971537954,0.32973629671978844,0.5510037164227416,6698.936234922798,1.6130861542327963,0.2731045910375081,0.5834395957054098,0.4956492722237404
160.68770294523168,114.25572349539159,137.8643118648989,224.38412790648403,95.78536330934021,161.79283463908104,32.31097133214432,14.55762248352266,22.910920877881633,34.280107701719544,95.7834107438446,199.84377140469945,139.22803159176866,69.4644008126754,124.90058420949926,38.39513377076946,9.515702171520491,8.233624071367553,1.282078100152938,2.4914335257092675,0.5710152837897378,0.3572702676312079,0.0825988787724255,18.642381343693593,7.358908005041343,6.1384699254360005,5.14500341321625,2.793084418721859,154.6727112859716,0.30057886085900093,59.20247551321612,47.92914488682042,1.0727272727272728,"$A_{eff,av}^{max}$",[$cm^2$],5.798546368932813,12.09126516995837,11.995721665828572,11.890817383822615,11.9289802351086,2.276885746676501,5.6160871499583935,11.541306567003756,9.846221343659405,10.623191150156744,13.074368526703273,11.190866600200728,7.619839053986565,1.4614499368841305,0.32973629671978844,0.5510039577734043,6704.975431653815,1.614784409038089,0.2727859126345832,0.578136628529484,0.49507069556615435
160.805170868408,114.18748604810716,137.9663125374202,221.56955143853708,95.85103739343255,161.55084415386318,32.30936164292634,14.54405659605481,22.90370170187095,34.281702858320685,95.849098288536,199.9005383870437,139.04717121061302,69.3517307276773,124.62344025408804,38.43872902871793,9.44978677044587,8.167264539437346,1.2825222310085245,2.464802539885792,0.5706708501293897,0.35748087347384444,0.08256881392799476,18.629185589290206,7.3507735446697495,6.131514044491578,5.146898000128883,2.827217500647327,155.5679955290895,0.29886371757307223,59.331808444246036,47.948394267430515,1.1212121212121213,"$A_{eff,av}^{max}$",[$cm^2$],5.776362783713752,12.071978947982174,11.999690232110552,11.895654262624593,11.933324355219797,2.2749747725890326,5.6177114288586445,11.522437407196174,9.831135319194054,10.60754533572705,13.052342755688601,11.200032258252282,7.6073176854307105,1.4645920008805398,0.32973629671978844,0.551004136415355,6709.572617540279,1.6230183810170071,0.27254939485619534,0.574069161868656,0.49464128641448823
160.89289254885117,114.10828160182521,138.04432512127005,219.0009093215193,95.90059982584783,161.37315729719828,32.30849198312356,14.53407810054315,22.89859234287607,34.283254010138556,95.8987193170403,199.94398350672267,138.91453911740624,69.26904419896668,124.37412807423536,38.475147647307544,9.387560208142673,8.104687004145283,1.2828732039973902,2.4403830570947354,0.5696523104439981,0.3576440865852963,0.08254827276323631,18.615789045135354,7.3429344262588065,6.124813907335289,5.148040711541263,2.8501761580404312,156.05891531038023,0.29757736010862573,59.42785121891696,47.96279319593326,1.1696969696969697,"$A_{eff,av}^{max}$",[$cm^2$],5.760021685111221,12.057820886722153,12.002115990452033,11.89892507804294,11.936122382595949,2.273317061713184,5.618900556612751,11.508587572828603,9.820067110510516,10.596071414623916,13.036169068906064,11.20737122006451,7.598127483871418,1.4672835505493689,0.32973629671978844,0.5510042744147902,6713.041987809348,1.62729863623145,0.27237451681089647,0.5709466875023821,0.4943237819709831
160.95718070000598,114.02307145472518,138.10441261316348,216.64127005527897,95.93826275763703,161.24408109771886,32.30823180019881,14.526901253720641,22.89510262277034,34.28483472544403,95.93639100808697,199.97765033583406,138.81843386751873,69.20894005073283,124.14944603215271,38.50582470436464,9.328698680651792,8.04554114080026,1.283157539851531,2.417891689610441,0.5681006440482016,0.357772844863113,0.08253509816596462,18.602608694717038,7.33549631736348,6.11845685037418,5.148655526979375,2.864247387274893,156.23045753284566,0.2967197884656614,59.498781043315006,47.97355646842306,1.218181818181818,"$A_{eff,av}^{max}$",[$cm^2$],5.748067799261309,12.047531728731228,12.00343208179266,11.901058816212014,11.937802677231623,2.2718757793356,5.61977613087974,11.49852789942114,9.812037377068771,10.587750236804387,13.024413074132664,11.213323489000368,7.591452118523124,1.4696084966848704,0.32973629671978844,0.5510043728753721,6715.678393034593,1.628447848044957,0.2722458592025771,0.5685430159698243,0.4940901971102043
161.00275341935986,113.93509511311606,138.15098863409213,214.46110885799166,95.96697258630176,161.1507934463779,32.308400893068026,14.521798927084976,22.892798284329306,34.28637883319311,95.9651204493446,200.00397355329542,138.749312603398,69.16557761287227,123.94654792127255,38.53206785711911,9.275802388110968,7.992411360900288,1.283391027210679,2.3970784380507633,0.5673164241038252,0.3578755448817768,0.08252731170793016,18.589901635148216,7.328512450204101,6.1124865452822155,5.148902639661903,2.877441392797549,156.48176024178161,0.29586221682269703,59.55103945438177,47.981606937310474,1.2666666666666666,"$A_{eff,av}^{max}$",[$cm^2$],5.739329507284942,12.040100355162817,12.003956811931056,11.902371132468799,11.93867997575923,2.270602079735785,5.620425855452128,11.49126707256243,9.806248189496515,10.581755875208579,13.0159178597058,11.218221235824876,7.586634769468871,1.4716384962231723,0.32973629671978844,0.5510044477246265,6717.688081041124,1.6305793131179558,0.2721515359590169,0.5666768112808198,0.4939189458140801
161.03307532854512,113.84674362486636,138.18742046928867,212.43624620659318,95.98904288981866,161.0834579849431,32.30881600623339,14.518179091098828,22.89131116368765,34.28788053195177,95.98717760365899,200.0246431625096,138.69964186112168,69.13427481416582,123.76253364218717,38.55461272640898,9.227813322547734,7.944230355006857,1.283582967540876,2.3777416279642183,0.567067459436943,0.3579577924032796,0.08252308871089772,18.577838570147993,7.3220100460963,6.106926296997426,5.148902227054265,2.8897535936920393,156.78177265501301,0.2950046451797327,59.589633901943564,47.987675961343626,1.3151515151515152,"$A_{eff,av}^{max}$",[$cm^2$],5.7329258906688345,12.034732118974642,12.003920847173434,11.90309090375577,11.938982276321811,2.2694716420805308,5.620902386263521,11.48602701907904,9.802075391324154,10.577439708515511,13.009780169006289,11.222286128262825,7.5831580967548335,1.4734183572881623,0.32973629671978844,0.5510045015748171,6719.233002287307,1.633329887818295,0.27208204920476065,0.5652142422743739,0.49379278831139733
161.05136910897662,113.76038151978322,138.2165429864986,210.5476776231054,96.00647142312434,161.03510231749084,32.3094785378379,14.515660656875964,22.890463303704216,34.289401177251406,96.00463358317806,200.04153340039625,138.6642809075061,69.11177693705073,123.59562792465213,38.57433050777025,9.183938362111268,7.900188692881506,1.2837496692297632,2.359727535980817,0.5671784367352426,0.3580268585162971,0.08252178751206196,18.566559308514698,7.316012316350599,6.101794393155575,5.148752599008525,2.9012613220297965,157.10900594885308,0.2941470735367684,59.618350310879144,47.99235036407089,1.3636363636363635,"$A_{eff,av}^{max}$",[$cm^2$],5.728238019491572,12.030878447304422,12.003526075618518,11.903419395237925,11.9389102008282,2.268470196416132,5.621264231932374,11.482266846932253,9.79908921489425,10.574355441531226,13.005367428376717,11.22572421225539,7.580662952577796,1.474999065093539,0.33016508254127064,0.5510045432413251,6720.452999618704,1.6364418316806448,0.27203044367829765,0.564044961842923,0.4936990938006761
161.06008364477876,113.67733499777127,138.2403951660424,208.7800326385522,96.02049498812325,161.00038561992733,32.310306998950644,14.513926261612328,22.890065991084644,34.29090401853571,96.01865453371528,200.05566482894943,138.63926824424834,69.09565350305081,123.44393983415726,38.5917746935665,9.141007246665021,7.857110053139993,1.2838971935250278,2.34290074255254,0.5664935879921728,0.35808606787796726,0.08252254737610915,18.5561084365761,7.310507723748803,6.097080870098208,5.14851984272909,2.9066667371403203,157.16032587450982,0.2937182877152862,59.63991615200119,47.995968829881754,1.412121212121212,"$A_{eff,av}^{max}$",[$cm^2$],5.724785243092304,12.028108445607556,12.002911053380233,11.903495062289082,11.93860171074888,2.2675803066050517,5.621553983087763,11.479572648717383,9.796956414024152,10.572157388623115,13.002196220305981,11.228695955609492,7.578875420904201,1.4764142040146886,0.33016508254127064,0.5510045734546558,6721.434649168627,1.6367373016974027,0.27199198062941465,0.5630976818854995,0.4936292614126512
161.06104968922466,113.59756490107614,138.26020771505554,207.12044296264918,96.03198574209004,160.97542107247367,32.31123174050574,14.512751274513805,22.889980222401043,34.29238107850798,96.03016803982368,200.06768064223374,138.6216140706665,69.0840833241019,123.30561027764188,38.60733343958138,9.101325874087033,7.817296462649105,1.2840294114379285,2.3271439609012794,0.5660659832650233,0.3581376924940132,0.0825246698791285,18.546472016770043,7.305468687060294,6.09276229561746,5.148241034092293,2.9118905228690624,157.24210578155584,0.29328950189380404,59.65630349173302,47.99884105796545,1.4606060606060605,"$A_{eff,av}^{max}$",[$cm^2$],5.722218971345813,12.026121019186057,12.00215069520031,11.903393584354214,11.938131853839433,2.266782324279257,5.621788857965764,11.47763925905129,9.795432244257764,10.57059086258557,12.999911429649048,11.231288376324224,7.577592567914172,1.4776883370938625,0.33016508254127064,0.5510045987592616,6722.239001946303,1.637393047394186,0.27196287389634155,0.5623127087143632,0.4935764138969816
161.05567618490645,113.52166863209429,138.27691571504292,205.55804388440575,96.04162910690933,160.95744865604473,32.312196404434424,14.51197151106508,22.89010040732435,34.29382214957539,96.03980824409317,200.07802254734412,138.60918705291985,69.075752329239,123.1791597605574,38.62128989341863,9.064469816537095,7.780321411808779,1.2841484047283165,2.3123583311902154,0.5658211045044099,0.35818310420584076,0.08252762942355617,18.537621219069294,7.30086519493232,6.088813943782978,5.147942080353996,2.9169322137120703,157.34412818930556,0.29286071607232184,59.668955931417536,48.00117825103326,1.509090909090909,"$A_{eff,av}^{max}$",[$cm^2$],5.720294891894214,12.024688086290507,12.001309537846135,11.903180161227212,11.937564881312671,2.266063104453606,5.621979143374887,11.476250468992184,9.794344077290084,10.569476916783458,12.998264992389181,11.233568251315607,7.57667175514316,1.4788406229102853,0.33016508254127064,0.5510046176111656,6722.9140374836525,1.638290912518331,0.27194045579119935,0.5616486063052702,0.4935357111346443
161.04540848437532,113.45004457987633,138.29132075942377,204.08441830052067,96.04987348798691,160.94475245194056,32.31319803360414,14.511489390965215,22.890378159426195,34.29523412500372,96.04802252375293,200.08713725332066,138.60071562724315,69.06991078060418,123.06335052879187,38.63393943567732,9.027790669002076,7.743532834947518,1.284257834054558,2.298463165835844,0.5647615638176189,0.35822395175748184,0.082531265337867,18.529517047835967,7.296665529597107,6.085208565953026,5.1476429522858345,2.916894566571439,157.19572563712288,0.29286071607232184,59.67878543705126,48.00309697177144,1.5575757575757576,"$A_{eff,av}^{max}$",[$cm^2$],5.7188528269562395,12.023677284945308,12.0004306995847,11.902899253022015,11.93694516834249,2.2654139964944724,5.622143320178778,11.475272794510884,9.793586447371213,10.56870490921917,12.997096090559417,11.235601340111442,7.57602515764887,1.4798901726522755,0.33016508254127064,0.5510046332525894,6723.491144159084,1.636605233600683,0.27192319244034513,0.5610779533674997,0.4935043664427612
161.0314639564731,113.38267108856523,138.30403944613641,202.69189809886075,96.0571643922795,160.93628370229297,32.31430812521069,14.511259272863544,22.8908290218397,34.29670138643845,96.05542208678297,200.09573680549678,138.5954302975903,69.06598883579689,122.957299523936,38.64551804211404,8.99578711963794,7.711421122849108,1.2843659967888328,2.2853914562441866,0.5647797319058574,0.35826338946892694,0.08253579621759044,18.522105010345495,7.292833821499333,6.081914221541329,5.147356967304839,2.921746474209645,157.32894005862022,0.2924319302508397,59.68645614432745,48.00473194496578,1.606060606060606,"$A_{eff,av}^{max}$",[$cm^2$],5.717785406600473,12.023002132884294,11.999549721075372,11.902587922260626,11.936309382649343,2.264831590149423,5.622300304847522,11.474625817823547,9.793089897013276,10.568206837467235,12.996312092684118,11.237460717275434,7.575593852375402,1.4808535376617853,0.33016508254127064,0.5510046458689863,6724.001507459565,1.6378678368655382,0.271909711609489,0.5605783565833151,0.49347988923153585
161.01420836633199,113.31863615490217,138.31495957122476,201.3733871372434,96.063322531019,160.9305765566331,32.31531454199416,14.511165007327053,22.891288245790246,34.29800800014395,96.06151134356546,200.10296991105517,138.59213549712706,69.06337111078419,122.85942315263505,38.65596426198757,8.9635205261088,7.679061404017433,1.2844591220913677,2.2730595702669625,0.5639572606344329,0.358296950750211,0.08254009075034505,18.515291752570228,7.2893234217651175,6.078894963678042,5.14707336712707,2.9217319830433945,157.21395181167566,0.2924319302508397,59.69239941001102,48.00603978354962,1.6545454545454545,"$A_{eff,av}^{max}$",[$cm^2$],5.716994210567679,12.022546130624255,11.998649884421937,11.902230486246673,11.935640557318113,2.26429562538308,5.6224240432365065,11.474192445695257,9.792766224768451,10.567884098153334,12.995779586775967,11.239104580297594,7.575307645286896,1.4817292583686408,0.33016508254127064,0.551004654092631,6724.43257717133,1.6365658366741482,0.27189955102757973,0.5601355107765343,0.49346144176464596
160.99473549979626,113.25807917243522,138.3246628091139,200.12366429045912,96.068796172798,160.927472074943,32.31636007567871,14.5112186078633,22.89183918769207,34.299303970398434,96.06697108492519,200.1097292661846,138.59078582508434,69.0619663426507,122.76924818202092,38.66559252470063,8.935397618749006,7.650848280840031,1.284549337908975,2.2614233361534977,0.5641247454887914,0.35832890823804303,0.08254480635910132,18.509041066694817,7.2861089159004155,6.076126579892872,5.146805570901524,2.9263992961927596,157.36283393185576,0.29200314442935754,59.69695225688956,48.00714659762373,1.703030303030303,"$A_{eff,av}^{max}$",[$cm^2$],5.716438368241975,12.02229640210852,11.997764991577615,11.901862354876885,11.934974327302966,2.2638091149454813,5.622541331579531,11.473962336538989,9.792603023889834,10.56772950424559,12.995484152890578,11.240613783022454,7.575154834026054,1.482537307961619,0.33016508254127064,0.5510046623704402,6724.81573209586,1.6380223360851611,0.27189186670770876,0.5597398612746475,0.4934474883352547
160.97371191400202,113.20110891182476,138.33339608186404,198.9376701717791,96.07376523778674,160.92655419409246,32.31742956148276,14.511400729389,22.892461242535205,34.30061926884536,96.07191792512779,200.1160252431177,138.59109420313058,69.06157839015096,122.68602731309376,38.67447458527863,8.906810667704704,7.622174354778345,1.2846363129263585,2.25043211581221,0.5634598983253284,0.3583592210693064,0.08254984922596133,18.503314489524918,7.283167510775439,6.073590735585842,5.146556243163636,2.9263820497174784,157.26961346756198,0.29200314442935754,59.70038053627421,48.00810820043602,1.7515151515151515,"$A_{eff,av}^{max}$",[$cm^2$],5.716079692933341,12.022223167003293,11.996908023151397,11.901497752018818,11.934324164565496,2.2633672900140387,5.622652327277489,11.473902262950338,9.792577920054887,10.56771758396694,12.99538710587847,11.241997987959566,7.575116206552201,1.4832839246565181,0.33016508254127064,0.5510046680498276,6725.163566645072,1.6369673144204648,0.27188617284137584,0.5593826392485227,0.4934371496409701
160.9514164037373,113.14734368672278,138.34112207455672,197.8103080527415,96.07809482947691,160.92729128982407,32.3184850052916,14.511667549029887,22.893117207134775,34.30188134795097,96.07620109831763,200.1217994606238,138.59261052003617,69.0619609131421,122.60903642243987,38.68266199939825,8.881951707245666,7.597233387277598,1.284718319968067,2.2400312427424813,0.5637221667199567,0.3583874469674673,0.08255495952361684,18.498032737221013,7.280460188315658,6.071254209482072,5.146318339423286,2.9308837540027066,157.4271575563132,0.2920031444293575,59.70279749284031,48.008863280894936,1.8,"$A_{eff,av}^{max}$",[$cm^2$],5.715882542135799,12.022283034094242,11.996065253731418,11.901124469891693,11.933677360589245,2.2629621608047956,5.62275287093007,11.473972101298534,9.792654764472216,10.567811521287407,12.995443374515073,11.243271301335703,7.575162375127994,1.4839737875002632,0.33016508254127064,0.5510046735441749,6725.4666380633835,1.6385332976858145,0.2718824683716896,0.5590577570495828,0.49343042160220874
160.92806237136224,113.09636460298027,138.34775377148762,196.73781213605346,96.08183620109985,160.92924154685895,32.31946068372944,14.511986751582644,22.893757265537797,34.30305013654542,96.07999394697865,200.12678671527343,138.59494882199178,69.06290411522586,122.53729292977941,38.69017413851439,8.856406322876719,7.571615116007081,1.2847912068696377,2.2301731217826175,0.5631663562690413,0.3584122105138561,0.08255982479900474,18.49313340794048,7.277957241328005,6.06909287763832,5.146083288974156,2.9308595621268165,157.3488801732935,0.2920031444293575,59.70439882619033,48.00956210008739,1.8484848484848484,"$A_{eff,av}^{max}$",[$cm^2$],5.715814024744265,12.022434133399182,11.995224837852195,11.900731931011599,11.933022505312353,2.2625820130679344,5.6228329924588225,11.474133719983794,9.792803873392444,10.567979173618275,12.995607453131802,11.244405062230657,7.575270678987721,1.4846095044441887,0.33016508254127064,0.551004676714933,6725.7285340769895,1.6376547992272066,0.2718797474320736,0.5587626307276289,0.49342548062025415
160.90415396889966,113.04772147795302,138.35356967991504,195.7160652464609,96.08499928311204,160.93236640679396,32.32043497839016,14.512365299578741,22.894427743943247,34.304169929702496,96.08320352202392,200.13145488284064,138.59817943877505,69.06439828652591,122.47057741139066,38.697102359851925,8.83221983102818,7.547358667739342,1.284861163288837,2.220822706235026,0.5626564269923486,0.35843571366162363,0.0825647592200174,18.488586948361615,7.275640060284868,6.0670896871052165,5.145857200971529,2.9308488196539733,157.2773385946973,0.2920031444293575,59.70520500533427,48.010045986160534,1.896969696969697,"$A_{eff,av}^{max}$",[$cm^2$],5.715865972239327,12.022689590593904,11.994400936219938,11.900335193591726,11.932374681649696,2.26223050439344,5.622907496006043,11.47439273756349,9.793028640591917,10.56822527731274,12.995884597557039,11.24544939132699,7.575440747739173,1.4851979782284628,0.33016508254127064,0.5510046810664554,6725.949949817843,1.6368563227157193,0.2718787910389572,0.5584922401111677,0.4934237409975225
160.88030685906762,113.00159993318735,138.35889292962813,194.74238206089373,96.08799140893198,160.9368200998318,32.32139815231903,14.512818384940317,22.895122031757282,34.3052888361022,96.08607952429304,200.1356956079953,138.6023589413723,69.06649972045774,122.4085290576364,38.70351292535203,8.809322919607899,7.524395892070221,1.2849270275376783,2.21195566631203,0.5621890052612307,0.3584574605405556,0.0825697864259803,18.484394812065023,7.273504752343623,6.06524236966794,5.145647690053462,2.9308488196539733,157.2119966589819,0.2920031444293575,59.70541194322529,48.01046571546953,1.9454545454545453,"$A_{eff,av}^{max}$",[$cm^2$],5.71602998574538,12.023040285936112,11.993609668374036,11.899951689398799,11.931750734742977,2.261909009013896,5.622977933959163,11.474747105460825,9.793332066280506,10.568552800697713,12.996275538007156,11.246420805870306,7.575678063690556,1.4857443567295168,0.33016508254127064,0.5510046800930425,6726.159398625239,1.636125330062504,0.27187892976269745,0.5582428268189115,0.49342399363429734
160.85636651913816,112.95779379826817,138.36350406389744,193.81315520151114,96.09050433549334,160.94212704019878,32.32236539773665,14.513322091232801,22.895846145119364,34.30638042223127,96.08870510790881,200.13971168991262,138.6072154929028,69.0690447679777,122.3507001950143,38.70950972229368,8.789629065563657,7.50463785724082,1.2849912083228363,2.2035277987527127,0.5625851513451816,0.35847842415692777,0.08257491255967242,18.480479394112162,7.271516770786407,6.063520232450728,5.145442390875024,2.93515897065372,157.38297398357886,0.29157435860787534,59.70500458931591,48.01081419402876,1.993939393939394,"$A_{eff,av}^{max}$",[$cm^2$],5.716287075588496,12.023468368305796,11.992830502653513,11.89956220316921,11.931131070207902,2.261612263756258,5.623042057171148,11.475175906855373,9.79369243958556,10.568939811033136,12.996752039260457,11.247316236205336,7.5759624170053135,1.486254757588978,0.33016508254127064,0.5510046821138099,6726.335303484533,1.6378618789853274,0.2718799403752735,0.5580147090365406,0.4934258259517235
160.83282538992734,112.91627408214521,138.36768955428462,192.9260714694669,96.09283656153487,160.94850128267035,32.32333942969793,14.51387954777215,22.89659457656083,34.30748509292756,96.09109462571409,200.14350350269208,138.61280118273896,69.07200477316306,122.29661922778892,38.715072225811035,8.769011056845946,7.483957480525253,1.2850535763206934,2.195519881103015,0.5621864117934292,0.3584985365211357,0.08258015304012181,18.476856659263536,7.269679287141928,6.061927227929241,5.145250144192369,2.9351414366067106,157.32672056027891,0.29157435860787534,59.704089069316105,48.01109850883648,2.0424242424242425,"$A_{eff,av}^{max}$",[$cm^2$],5.716632513648875,12.023972941679341,11.992080480914515,11.899184433302485,11.93053289541692,2.2613403035359285,5.62310057859951,11.475679424953366,9.794116634542583,10.569390042189148,12.997318024013753,11.248146269892286,7.5762963144643125,1.4867305824713613,0.33016508254127064,0.5510046804853705,6726.498559307441,1.6372367201329494,0.27188180593116984,0.5578050514750469,0.4934292131451113
160.80922387180493,112.8765542991242,138.37102443493006,192.07773334589874,96.09461371908456,160.95518169272896,32.32419135352042,14.514434191181126,22.897284975471326,34.3084096964696,96.09279390998674,200.14649508709775,138.618539277806,69.07513442635285,122.24571948808573,38.72013769748732,8.749365101865918,7.464259662712005,1.2851054391539123,2.1878853813705166,0.5618136685124121,0.35851489930794955,0.08258487270583591,18.473428716883046,7.2679493075708015,6.060427429371405,5.145051979940842,2.935136313725931,157.27441893837656,0.29157435860787534,59.702715195919396,48.01122990845782,2.090909090909091,"$A_{eff,av}^{max}$",[$cm^2$],5.7170358921121815,12.024502172923981,11.991326298376261,11.89878571156687,11.929922781171182,2.2610812060776193,5.6231410737009,11.476209277414219,9.794555286434601,10.569857293717773,12.997915670933912,11.24887556015655,7.576648327465457,1.4871680567603216,0.33016508254127064,0.5510046830366442,6726.62296033592,1.6366621692048238,0.27188476778116105,0.5576102757310124,0.49343458622307124
160.78623453644494,112.83884575412291,138.37401322295145,191.26646317943747,96.09618522964531,160.96265033216068,32.32504924898242,14.515029854003394,22.897992870813777,34.309354964976855,96.0943345310656,200.14931437303397,138.62486643113417,69.07864388177518,122.19795423683058,38.724889893811444,8.730685805787527,7.445529957316686,1.2851558484708399,2.1806164751528208,0.561468873349897,0.35853060221511535,0.08258966139091715,18.470244920823657,7.266344828645265,6.059035425835749,5.144864666342647,2.9351363137259314,157.22615046030006,0.29157435860787534,59.70092132015864,48.011323362300935,2.1393939393939396,"$A_{eff,av}^{max}$",[$cm^2$],5.71751149359553,12.025095675247966,11.990598709979304,11.898398266018724,11.929332795316256,2.2608430669506028,5.623175994223755,11.47679846793258,9.795047367056725,10.570375342943754,12.998582302051856,11.249551689230652,7.577041127170861,1.4875786418491117,0.33016508254127064,0.5510046805631215,6726.732966075172,1.6361331106387809,0.27188829059096253,0.5574300256473727,0.4934409818680584
160.76369549730885,112.8025463860377,138.3764902036125,190.4894732408967,96.09734018034437,160.97058368327595,32.32588696180513,14.515645794836628,22.89870382171922,34.310221828307796,96.09550634561096,200.15190256830803,138.631521827861,69.08236924272948,122.15327015940994,38.72931068848844,8.714836508948508,7.429633103452949,1.2852034054955583,2.1736824016843115,0.56194081110144,0.3585451747639621,0.0825944209659397,18.46721850250608,7.264825646546848,6.057715765611908,5.144677090347319,2.9392796915035224,157.40319553974075,0.29114557278639314,59.69869648321864,48.011287983043474,2.187878787878788,"$A_{eff,av}^{max}$",[$cm^2$],5.7180412378607555,12.025730489452986,11.989879198065516,11.898004039735424,11.928745007843423,2.260622971763964,5.6232145449442354,11.477426139821933,9.795562292476514,10.570922883808484,12.999296150542161,11.250195500029687,7.577458050098711,1.4879620257747181,0.33016508254127064,0.5510046773578497,6726.8138126241065,1.637955798197376,0.27189280846307123,0.5572643538932889,0.493449184073787
160.74185949118143,112.76775957463113,138.37865868175155,189.7453661854635,96.0984734777657,160.97915043509235,32.32674170418427,14.516300594535446,22.899439535508552,34.31115565482059,96.09671956767346,200.15440741357003,138.6386780737651,69.0864099636242,122.11121307994573,38.73347085601255,8.697881111625422,7.412630072514933,1.2852510391104894,2.16706993834492,0.5616414732465163,0.3585596595471855,0.08259929944081841,18.46440309287143,7.263415086053083,6.056489649900776,5.144498356917571,2.939266116986185,157.3609033643821,0.29114557278639314,59.69622352834637,48.01129328574471,2.2363636363636363,"$A_{eff,av}^{max}$",[$cm^2$],5.7186268426934,12.026413524774737,11.98918487005814,11.897621189246621,11.92817651396495,2.260419260696512,5.6232432710038855,11.478105854211595,9.796122336121927,10.571513564937066,13.00006770293423,11.250782506950847,7.577908809162737,1.4883229479088005,0.33016508254127064,0.5510046740925474,6726.893143443599,1.6374963895840728,0.27189740452065275,0.5571106270782658,0.4934575282295782
160.72053861451968,112.73439418470255,138.38032322301987,189.03207373421347,96.09927436296026,160.98801976092574,32.32752971003983,14.516957334150314,22.900143556905608,34.31198840643354,96.0975339159904,200.15645873413933,138.6459491584971,69.09053950537957,122.07147905549216,38.7373049996505,8.681690618609156,7.396397858504144,1.285292760105013,2.1607509365802384,0.5613620140312019,0.3585720435299933,0.08260387521188192,18.461728505162917,7.262080811864974,6.055329630382963,5.14431806291498,2.9392532609930475,157.32140494963514,0.29114557278639314,59.69343216077314,48.01120809378093,2.284848484848485,"$A_{eff,av}^{max}$",[$cm^2$],5.719252503558127,12.027118939711624,11.988496024548509,11.896991812776779,11.92760781209535,2.2602261137631987,5.623262675025502,11.478803166701407,9.796695184784063,10.572116547439279,13.000864115889447,11.251306787675896,7.57837099537626,1.4886583518907688,0.33016508254127064,0.5510046711159137,6726.949205407218,1.6370717260095342,0.27190263068843473,0.5569685837335562,0.4934670156929308
160.6994858144876,112.7022338206103,138.38130365866274,188.3468429460999,96.09965182738341,160.99683976913371,32.32817238449366,14.517587454073473,22.900767475911156,34.31264245438979,96.09778831322323,200.15772882623043,138.65312796938423,69.09470964331148,122.03358212500906,38.740747998037634,8.666183836544052,7.380860257717261,1.2853235788267905,2.1546988812402557,0.5610979714903384,0.3585806081959293,0.08260783848162782,18.45916998928551,7.2608127468796555,6.054228494650963,5.144128747754894,2.93924851734028,157.28427478681775,0.29114557278639314,59.69039638615789,48.011030539146354,2.3333333333333335,"$A_{eff,av}^{max}$",[$cm^2$],5.719905175634812,12.027822249381055,11.987797946101713,11.896317399115643,11.92702400152355,2.2600382541125015,5.623258106479864,11.4794982359437,9.797264876479318,10.572715274723977,13.001660847021343,11.251748250128712,7.578835345061454,1.4889648572237355,0.33016508254127064,0.5510046694788447,6726.975627916839,1.636678924387111,0.27190843322654645,0.556835842471782,0.4934775479919705
160.67964719925394,112.67174496635184,138.38241623193883,187.6902126308741,96.10009798214948,161.00654366619116,32.32896634133821,14.51828891515464,22.90149733562943,34.31345311964269,96.09831506206966,200.15960022590014,138.6610413879644,69.09923331429543,121.99836961634547,38.744130917169215,8.65142257436893,7.366058861953564,1.2853637124153656,2.1489256949964326,0.5608543301879433,0.3585922126604047,0.08261254848405294,18.456775510325837,7.25962506413461,6.053193842439878,5.14395660375135,2.93924851734028,157.2501229021566,0.29114557278639314,59.687075937354585,48.010844822638084,2.381818181818182,"$A_{eff,av}^{max}$",[$cm^2$],5.720614769705813,12.028596888499377,11.987143782933195,11.895688149611255,11.926480423953985,2.259874015832583,5.623278445886102,11.480262511866254,9.797888012361453,10.573374151893157,13.002537001246697,11.252220340087149,7.579341987551019,1.4892621963011816,0.33016508254127064,0.5510046660422696,6727.006858750464,1.6363159476836922,0.2719146934207564,0.556712349442432,0.49348891248753385
160.66033162761184,112.64242180441497,138.3830964439362,187.05907596629365,96.10032516085765,161.0163514363669,32.32966340650724,14.518978233130763,22.902171445075997,34.3141785139737,96.09854205995899,200.16091696592468,138.66893869563384,69.10379418706734,121.9646348430689,38.74718862281167,8.637288748694543,7.3518923523353115,1.2853963963592312,2.143395774684887,0.5606255067522316,0.3586012602531104,0.08261678704739012,18.454516211521028,7.258509325107679,6.05222321971338,5.14378366669997,2.9392485173402805,157.21804132380856,0.29114557278639314,59.68358139007775,48.01064239544764,2.4303030303030306,"$A_{eff,av}^{max}$",[$cm^2$],5.721346364325311,12.029373127024789,11.986495444979404,11.895062461599755,11.925937313403244,2.2597142911131236,5.6232746828713225,11.481032322882815,9.798519331309821,10.57403447944625,13.003416423319605,11.2526065411869,7.5798525119936535,1.4895359220005533,0.33016508254127064,0.5510046600127165,6727.022761260036,1.6359782452416154,0.2719210250272681,0.556597455298543,0.49350040890941377
160.64175033831523,112.61429730453368,138.38352268757575,186.4523756768867,96.10030943146396,161.02643473709568,32.33032486873508,14.519681994598644,22.902836112636635,34.314813959790605,96.09834157122594,200.16189900327507,138.67702496420242,69.10851491384379,121.93282451714542,38.75002207017774,8.625625512472492,7.340200522838303,1.2854249896341898,2.1380989830592982,0.561169522159524,0.35860876388256796,0.08262090670043609,18.452354292822225,7.2574449777485075,6.051296880378546,5.143612434695175,2.9432204691389727,157.40054673816687,0.290716786964911,59.67983430072511,48.010306681619554,2.478787878787879,"$A_{eff,av}^{max}$",[$cm^2$],5.72211157556966,12.030176309916005,11.985860017930564,11.894449095311206,11.92540280926412,2.2595634809261953,5.623273994002185,11.48182186598996,9.799162878786557,10.574711894595076,13.004323551908039,11.252976116669288,7.580379454576938,1.4897914823497636,0.33016508254127064,0.5510046592384242,6727.021660202477,1.637877626714829,0.2719283716877541,0.5564916539174463,0.49351374281226984
160.62408611188386,112.58743734676581,138.38388598644963,185.86965040530816,96.10037169923224,161.03696747315465,32.331048094763396,14.5204136005138,22.9035388861897,34.31555465968054,96.0983850522402,200.1631516246277,138.68547310869792,69.11345241650731,121.90276732116264,38.75278920954712,8.612694643615164,7.32723707775609,1.2854575658590741,2.133029442206263,0.5609693698897088,0.35861757596981747,0.08262533698102567,18.450329072254544,7.256449695347745,6.05042937014616,5.143450006760632,2.943210610011157,157.3722106357624,0.290716786964911,59.67596956596471,48.010027955823034,2.5272727272727273,"$A_{eff,av}^{max}$",[$cm^2$],5.72291017697364,12.031010662558776,11.98525006459524,11.893861306212251,11.924890349803672,2.259428583146302,5.62327423337859,11.482648312011134,9.79983942210805,10.575419373007524,13.005272663103174,11.253330466449807,7.580927812082721,1.4900381741328272,0.33016508254127064,0.5510046523780243,6727.026018946257,1.6375817060135227,0.2719355374986537,0.5563929745439845,0.4935267539485103
160.60693845990178,112.56108709656124,138.38388282377778,185.30845666988415,96.10001994282449,161.04754443892136,32.331760670854614,14.521150909975097,22.904248249169864,34.31623481962258,96.098192496567,200.16433104361067,138.694021565982,69.11841499452063,121.87447271594424,38.75538502874337,8.60029087035326,7.31480164488664,1.285489225466621,2.128162903832034,0.560780854251966,0.3586260141816038,0.08262976852840478,18.448345880596925,7.255480838602985,6.049583436638194,5.143281605355742,2.9432011959943214,157.3455140446796,0.290716786964911,59.67183186656486,48.00964886977274,2.575757575757576,"$A_{eff,av}^{max}$",[$cm^2$],5.723726927330764,12.031860633536109,11.984638910034958,11.893272649602688,11.924373306528317,2.259302715033105,5.623282084454355,11.483487553695662,9.800519156164022,10.576136299250395,13.006235490660096,11.25367514591797,7.581483189392931,1.4902704905986004,0.33016508254127064,0.5510046481085235,6727.001395997714,1.6373099000218068,0.2719433737779887,0.5563024037399058,0.49354097957523574
160.59027767571843,112.53560725338616,138.3835093313163,184.76830881565976,96.09963460419301,161.05812112457392,32.33236779098127,14.521863722132153,22.9048839151396,34.31683431456974,96.09770922830775,200.16485908485978,138.70240905194427,69.12335052753579,121.84711298205144,38.75768459259943,8.588378673373558,7.302866564520317,1.2855121088532426,2.123489115046419,0.5606029843520839,0.35863146295030673,0.08263362194938544,18.446469496215165,7.254568642381904,6.048789133789907,5.143111720043354,2.9431921927050455,157.32031781720698,0.2911455727863932,59.66767396340272,48.009280783680005,2.6242424242424245,"$A_{eff,av}^{max}$",[$cm^2$],5.72455697757503,12.032702146191347,11.984031152112896,11.892684828118528,11.923855025647313,2.2591767908318885,5.623262317047975,11.484315467471482,9.801194201620925,10.57684260906235,13.007187950309147,11.253938531759488,7.582033980087644,1.49048219073976,0.33016508254127064,0.5510046431658531,6726.9744222935105,1.637054276690692,0.27195108110883376,0.5562172530724536,0.4935549717808388
160.57588309891864,112.51244226106245,138.38437119551807,184.24986202766607,96.09974477470621,161.07005471043533,32.3330188572222,14.522663688512404,22.905582319894062,34.3174553272927,96.09697889702906,200.16529014235178,138.7118202658182,69.12891182836827,121.8213451497724,38.759803847081955,8.57706857276661,7.291533038029554,1.285535534737055,2.119038567176315,0.5604464076324466,0.35863677083390544,0.08263783678278361,18.44486021449802,7.253772360652824,6.048092074626445,5.14299577921876,2.9431893774016897,157.2982712259185,0.2911455727863932,59.66332161957113,48.0088125312274,2.672727272727273,"$A_{eff,av}^{max}$",[$cm^2$],5.725453364345551,12.033631560902545,11.983420321445612,11.892107876004996,11.923338776871569,2.2590639053903687,5.623245339620715,11.485231936758222,9.801955270129833,10.57763234049191,13.008241649125836,11.254183436720913,7.582654908365445,1.4906808766606419,0.33016508254127064,0.551004637334621,6726.982134229434,1.6368229863116137,0.27196008205202066,0.5561392001749599,0.49357131251667
160.55969264266858,112.4879519744201,138.38290198301434,183.7474640715711,96.09892018265852,161.08046761566976,32.3337297500822,14.523387766419575,22.90628340324353,34.31814428692965,96.09692952998032,200.16649187939902,138.72021821448044,69.13378086667792,121.79720419802932,38.76206146888898,8.566053888328614,7.280486592423394,1.28556729590522,2.114712058347936,0.5602824914176707,0.35864530122657584,0.08264221743408272,18.443000987088187,7.252884285511214,6.047318367079779,5.142798334497199,2.94318937740169,157.27526668667502,0.2911455727863932,59.658952823470756,48.00849963833059,2.721212121212121,"$A_{eff,av}^{max}$",[$cm^2$],5.72629770691,12.03448089918307,11.982897028008685,11.89159148848596,11.922891233567139,2.2589624460982494,5.623256763296212,11.486071105186653,9.802620314313373,10.578339919178635,13.009206843773445,11.25449279562754,7.58319884782021,1.4908820074003155,0.33016508254127064,0.5510046325870749,6726.924412786097,1.6365976473797679,0.2719674288344314,0.556062637336844,0.49358465020065434
160.54471093150119,112.46500831346366,138.38181460423436,183.2639134394996,96.09803182777333,161.09118508281801,32.334260267722286,14.52409125452536,22.906879452420593,34.31864934271999,96.09607699219737,200.1665716625587,138.72867854801513,69.13882568372134,121.77342423228652,38.76392670569787,8.555490549533008,7.269906471168272,1.285584078364736,2.1105613728203876,0.5601323146463898,0.3586486042205647,0.08264573657810848,18.441330307990007,7.252083747894807,6.046621096104269,5.142625463990932,2.9431893774016897,157.2541874319879,0.2911455727863932,59.6544322263001,48.008054588753396,2.76969696969697,"$A_{eff,av}^{max}$",[$cm^2$],5.727167479760412,12.035336933519968,11.982308698393801,11.891021336481556,11.92238272414859,2.258854760987493,5.623220945031297,11.486914288178314,9.80330698366511,10.579055545876134,13.010180474279583,11.254672178893658,7.583759018062505,1.4910578485425492,0.33016508254127064,0.5510046275108174,6726.862227944132,1.6363934249331817,0.27197563096990013,0.5559932491934395,0.49359954053119215
160.53083827729137,112.44318861820311,138.38101714176457,182.7981441254688,96.09730844245904,161.10254269389804,32.33487372652523,14.524844287439613,22.90754096976643,34.31922554107866,96.09533700485507,200.16696982474272,138.73763483272967,69.14410929954488,121.75121257667337,38.765765009098125,8.545388741486178,7.259782796605786,1.2856059448803916,2.106583649096146,0.5599947235078322,0.3586535151722184,0.0826497144539571,18.439760524828,7.251329465034781,6.045962576046458,5.142468483746762,2.9431893774016897,157.234872253229,0.2911455727863932,59.64977761092708,48.00758940847826,2.8181818181818183,"$A_{eff,av}^{max}$",[$cm^2$],5.728070320382371,12.036240936678244,11.981760891001828,11.890492397328229,11.921912464894508,2.258761232486207,5.623207637525181,11.487803941217898,9.804028453200829,10.579811301808633,13.01120470853925,11.254884667907444,7.5843488531108045,1.4912293756210528,0.33016508254127064,0.5510046211819484,6726.811590972133,1.6362047470598806,0.2719842690608326,0.5559291425903273,0.4936152231852519
160.51788530929412,112.42233649124111,138.380378902265,182.34913649302902,96.09648333507282,161.1143151285963,32.33558384064986,14.525647496618717,22.908267623320498,34.31988617255842,96.09467789654457,200.16770319102773,138.7470066246452,69.14960714040792,121.73045820253034,38.767603782980395,8.537492769995277,7.251859569588089,1.2856332004071875,2.1027657006415885,0.5605918479714556,0.35866016755441626,0.0826541415541966,18.43826522744096,7.250610404115119,6.045332637557493,5.142322185768351,2.946996616065373,157.4203989205518,0.29071678696491104,59.6449069459605,48.00708424217554,2.8666666666666667,"$A_{eff,av}^{max}$",[$cm^2$],5.7289965158741625,12.037182085908361,11.981241479746496,11.889992891848012,11.921468681463223,2.2586804147237514,5.6232128780622475,11.488730561360333,9.804778730355439,10.580600402329976,13.012271121225167,11.255128457619355,7.584962883988635,1.4913977065843103,0.33016508254127064,0.551004614565263,6726.753833455097,1.638149425007078,0.27199341727235854,0.5558708198295194,0.49363183189846527
160.50507098185227,112.40194437527519,138.3792674501871,181.91534616189878,96.09561672465156,161.12576520874154,32.33615233728336,14.526398060276287,22.90890451939425,34.32042082343815,96.09377114018962,200.16781564573935,138.75600067883266,69.1549337582498,121.71002469903247,38.76917529971784,8.52814110741056,7.2424897213823405,1.2856513860282193,2.099080232215765,0.5604684350128286,0.35866378823834677,0.08265791339914073,18.436819837475884,7.249921671176843,6.044731674315786,5.142166491983257,2.9469896866894656,157.40288505027183,0.29071678696491104,59.64013055277524,48.00660427361515,2.9151515151515155,"$A_{eff,av}^{max}$",[$cm^2$],5.729917211875781,12.038091719764283,11.980708233203835,11.889477308743755,11.921007516067199,2.258595337177868,5.623185500047944,11.489625796711737,9.805507785526776,10.581360888443893,13.01330345525601,11.255284761756938,7.585557788248528,1.4915485344633983,0.33016508254127064,0.5510046085917,6726.69317072561,1.6379819435603145,0.2720021884429701,0.5558152955059575,0.49364775575684244
160.49371897963175,112.38311758527905,138.37885204017627,181.4973452010302,96.09484990303963,161.13779856986253,32.3366266108249,14.527162823769547,22.90949873720979,34.32080589251752,96.09216595739294,200.16722513638354,138.7653280996155,69.16055566299977,121.69037028240368,38.770495032044906,8.519189408946016,7.233529035612967,1.2856603733330496,2.0955474418946634,0.5603586701431278,0.35866405016524505,0.08266130484818976,18.43552521652929,7.24929831321162,6.044185871240131,5.142041032077538,2.946983002989884,157.3872925459541,0.29071678696491104,59.63520090004021,48.00594397605339,2.963636363636364,"$A_{eff,av}^{max}$",[$cm^2$],5.730870554179639,12.039030938263815,11.980128928348888,11.888928508364568,11.920505583886207,2.258511878926413,5.623145354527132,11.490549019516443,9.806266932045602,10.582149821827318,13.014369608713173,11.255394959102368,7.586183380701454,1.4916827128469274,0.33016508254127064,0.5510046007172471,6726.639493212774,1.637832752793297,0.27201231034400275,0.5557659311681206,0.49366613271454024
160.48055358804461,112.36271122632363,138.37628689472498,181.09090645564243,96.09327153266968,161.14835679303752,32.33717656492685,14.527860213199702,22.91010834609791,34.32131647853903,96.09144434603556,200.16747635812365,138.7736748527558,69.16548209557935,121.67178395049793,38.77199486273121,8.510425424030272,7.224746069658002,1.2856793543722709,2.0920958757454304,0.5602399249285538,0.3586681411378276,0.08266492974520942,18.433997823701226,7.248588955047613,6.043568894467182,5.141839974186428,2.9469765992782846,157.37044476570856,0.29071678696491104,59.63031423031018,48.00552322202255,3.012121212121212,"$A_{eff,av}^{max}$",[$cm^2$],5.731768880459286,12.039889926446206,11.979641725838619,11.888444735711822,11.920077770970725,2.2584351870056403,5.62312459819364,11.491396972553536,9.806937961063591,10.582859137901844,13.015348701163106,11.25555018970062,7.586732633477579,1.491822670171128,0.33016508254127064,0.5510045987092892,6726.5290072868775,1.6376843274839066,0.2720203167370342,0.5557167735519094,0.49368066505113234
160.47050411728398,112.34500849422506,138.3759417804234,180.70148279675354,96.0927825871458,161.16081871540158,32.337685073045854,14.528662105547609,22.910733371852988,34.32176445111754,96.08998261738547,200.16694226245536,138.78338148071325,69.17130480179384,121.65380783676233,38.77318666524187,8.502158585879867,7.21646851472252,1.2856900711573473,2.0888254342761914,0.5601455066679221,0.3586689363610556,0.08266849093867906,18.43285211550022,7.248038022508344,6.043085898491072,5.141728194500804,2.946970375873287,157.35701708929844,0.29071678696491104,59.625399866476705,48.00492105804064,3.060606060606061,"$A_{eff,av}^{max}$",[$cm^2$],5.732748923401725,12.040862169964539,11.979100254157634,11.887933009248288,11.91960922532537,2.258363393943019,5.623083744252812,11.492353135886383,9.807730320673938,10.583677630455357,13.01645205636856,11.255638816571455,7.587381139669904,1.4919445249326309,0.33016508254127064,0.5510045895278306,6726.494781100207,1.6375529238795075,0.27203031179022763,0.5556733577256423,0.49369881296875784
160.45955458011613,112.32667722597864,138.37429205478614,180.32332421044205,96.09151700893494,161.1723224225242,32.33819949718166,14.529405784763359,22.911342031714252,34.32220633557737,96.08872926847155,200.16673214016404,138.79240541317853,69.17667122057156,121.63675955011259,38.77439157084626,8.494098641855018,7.208394963841838,1.2857036780131808,2.085641207778913,0.5600478019128906,0.3586709118671912,0.08267204667475224,18.431558708470927,7.2474320414272215,6.042556701911032,5.141569965132668,2.946964411949432,157.34313358718194,0.29071678696491104,59.620358858529386,48.004345298092154,3.1090909090909093,"$A_{eff,av}^{max}$",[$cm^2$],5.733695018900195,12.041780119663601,11.97859449559364,11.88744353081652,11.91916646449356,2.258296641310051,5.62305591425202,11.493254904984981,9.808458186109476,10.584440865369528,13.017494928013122,11.255752994996922,7.587979935095226,1.4920642379428233,0.33016508254127064,0.5510045838512081,6726.4061906254465,1.6374300092749248,0.27203970895591423,0.5556327733838349,0.4937158726602811
160.4477573560067,112.30780573477033,138.37144262790727,179.95613818804748,96.08979826785568,161.1829340443204,32.3387175240372,14.530094965452804,22.91192963675609,34.322693881361474,96.08787683717638,200.16680199183713,138.80078318974387,69.18161180894123,121.62032843058972,38.77564162829774,8.486238729779728,7.200518707613786,1.2857200221659433,2.082541340606688,0.5599459389111109,0.35867410323794274,0.08267549926853829,18.430167063682223,7.246793666774595,6.0420018234480155,5.141371573459614,2.946962799511107,157.32878089872315,0.29071678696491104,59.61536736974519,48.003902685668564,3.1575757575757577,"$A_{eff,av}^{max}$",[$cm^2$],5.734608055602766,12.04264476078243,11.978131761899721,11.886983062037237,11.918756790403044,2.258232151034879,5.623027731465089,11.49410699961797,9.809134104080037,10.5851522367701,13.018479771210755,11.255860265803179,7.588531167557661,1.4921836018803993,0.33016508254127064,0.55100457868696,6726.285878749898,1.637309930240049,0.2720478015707519,0.5555923306909996,0.4937305643068156
160.43781458180376,112.29067150735968,138.36974716560368,179.6023627997577,96.08845508712346,161.19457493360835,32.33922005348093,14.530844449814676,22.912534675387953,34.32311843898755,96.08653170172194,200.16647974524977,138.80989335055588,69.18705261631185,121.60471615366441,38.77671707622824,8.47874764285772,7.193015341191691,1.2857323016660285,2.079578278937512,0.5598588516282159,0.35867559710790103,0.08267899706528124,18.42896520945882,7.2462335975943875,6.041512572389269,5.14121903947516,2.946962799511107,157.3165459061334,0.29071678696491104,59.610228896784946,48.00330795846062,3.206060606060606,"$A_{eff,av}^{max}$",[$cm^2$],5.73556656437494,12.043574157535916,11.97764811663354,11.886515427249341,11.918332467140685,2.258173198295747,5.623001422516606,11.495019102265784,9.809869636615788,10.585923193890212,13.019532924177796,11.255957027151547,7.589136872763303,1.4922919715067893,0.33016508254127064,0.5510045728460835,6726.191856098642,1.6372054870014758,0.27205736343877496,0.5555568897147544,0.4937479230590177
160.4279890054222,112.27384625534424,138.36772532767085,179.25995206123355,96.08688816549738,161.2059542054757,32.339678720614515,14.531567188755824,22.9131043449079,34.32350666358337,96.08507864737403,200.1659875504423,138.8187764745256,69.19236173982057,121.5895207163838,38.777688776214994,8.471491657154704,7.185749882918416,1.2857417742362889,2.076708994611282,0.5597746976319761,0.3586761974917834,0.08268224731971617,18.427774172793303,7.245683400436841,6.041032598942887,5.141058173413578,2.946962799511107,157.30472211027603,0.29071678696491104,59.60504910570703,48.00270007069026,3.254545454545455,"$A_{eff,av}^{max}$",[$cm^2$],5.736519129270504,12.044483038228039,11.977157240841386,11.88603947614603,11.917898700119391,2.2581146037591417,5.622962650209325,11.495912723984732,9.810590028283157,10.586676562159163,13.020567722517514,11.25602064709694,7.589728727237028,1.4923924315755221,0.33016508254127064,0.5510045654674023,6726.082171584817,1.637109132302617,0.272066823377682,0.555524193442214,0.49376509820185444
160.41877902406276,112.25766368916716,138.3658439847449,178.92854683539954,96.0855566497687,161.21757380977698,32.34014978136022,14.532312482658082,22.913688900019086,34.32391562602109,96.08366913852386,200.1654807594363,138.8278430846242,69.19778210966116,121.57495282658267,38.778607791700125,8.464508129969829,7.178756445580926,1.285751684388904,2.0739438494202243,0.5596969821167374,0.3586768955028671,0.08268557782595579,18.426655337055546,7.245166688241962,6.040581791701122,5.140906857112463,2.946962799511107,157.2938021437965,0.29071678696491104,59.59992721583907,48.002117435023436,3.303030303030303,"$A_{eff,av}^{max}$",[$cm^2$],5.737481857317211,12.045407908879655,11.976685716664454,11.885582821810377,11.917482707333834,2.2580598885998544,5.622923015375246,11.496822387048354,9.81132755008141,10.587445147439244,13.021616852524911,11.256070420816643,7.5903327922286685,1.4924882976284966,0.33016508254127064,0.5510045593996936,6725.98896548381,1.6370181703492805,0.2720762925491766,0.5554933271030287,0.4937822889262427
160.4109798776653,112.24289673260019,138.3648173454211,178.6090166526571,96.08447336085584,161.22985074769693,32.34054389100637,14.533079156381453,22.91424477700262,34.324213801868844,96.08171350774245,200.1643499602967,138.83730846616317,69.20351318155215,121.56078690213523,38.7793044472954,8.457824262305701,7.172070342987754,1.2857539193179472,2.071292041128422,0.5596308625251365,0.3586747846391033,0.08268859719746068,18.425690626247455,7.244714481204365,6.040185670978921,5.140790474064165,2.9469627995111067,157.28451094742996,0.29071678696491104,59.594717054731476,48.00141160341519,3.3515151515151516,"$A_{eff,av}^{max}$",[$cm^2$],5.738474372483952,12.046365918698005,11.976174727050262,11.885099310944643,11.917033143985432,2.2580040294141233,5.622867866894901,11.497761616639163,9.812102716004086,10.588246576798582,13.022706842416095,11.256082641961967,7.59097083174327,1.4925708336317902,0.32973629671978844,0.5510045536265333,6725.913135259909,1.6369399284391208,0.27208679658390456,0.5554667770867976,0.49380135752620824
160.40234308734216,112.22751081699516,138.36266402284215,178.2980859995749,96.08287405346209,161.24127162713933,32.3409816500427,14.533798994797174,22.914803183948734,34.324582493032835,96.08020002819052,200.1637286805341,138.8462222396765,69.20888036918677,121.54728140296508,38.7801231005926,8.451288225007492,7.165526563180547,1.2857616618269434,2.0687023330658447,0.5595604974953531,0.3586747813905669,0.08269174780737762,18.424608911319392,7.2442200871703974,6.03975471237894,5.140634111770057,2.9469627995111067,157.27462257462284,0.29071678696491104,59.589504029494336,48.00080447219123,3.4000000000000004,"$A_{eff,av}^{max}$",[$cm^2$],5.739436519177482,12.047278759619868,11.975710711752306,11.884649147084145,11.916621189053458,2.2579545235310916,5.62282517964249,11.498659924456787,9.812827822008792,10.589003159281413,13.023744902799347,11.256111962013097,7.591566579508531,1.492657304293938,0.32973629671978844,0.5510045467769858,6725.801183742346,1.636864260399961,0.27209626444517865,0.5554411004684254,0.49381854657418495
160.39288912838146,112.21147262031718,138.35945090068606,177.9954558759563,96.08095382862746,161.25195182933413,32.34146815889993,14.534486465559711,22.91537311815486,34.324995950839195,96.0790922945159,200.16359172465675,138.85460970297802,69.21383399196314,121.53454091564683,38.780992523460874,8.446602534423782,7.16082760904966,1.2857749253741222,2.066174599034954,0.5601780875705986,0.35867685000077887,0.08269507088301063,18.42339207776302,7.243673505770619,6.03927938730479,5.140439184687612,2.950607544150331,157.4586717241566,0.29028800114342884,59.584366414564485,48.00028390112096,3.4484848484848487,"$A_{eff,av}^{max}$",[$cm^2$],5.740365325593245,12.048149426595174,11.975290460887235,11.884230133391254,11.91624407934483,2.2579114678147807,5.622801829780017,11.49951675692283,9.813501174682608,10.589716712782035,13.02473700738022,11.256189744690621,7.592120675145033,1.4927451928045905,0.32973629671978844,0.5510045392647195,6725.666768003922,1.6388125372381719,0.2721048669747812,0.5554152874336566,0.49383416575458317
160.38615549881337,112.19800198341889,138.35830094716368,177.7049211837508,96.07977061790838,161.26422763418742,32.34184230996098,14.535246600461699,22.915912184906166,34.32527049079869,96.07701274689677,200.1623578884079,138.8640343029387,69.2195523535553,121.52190147864839,38.78153126566549,8.440570755818738,7.154795356850781,1.2857753989679575,2.063777642357064,0.5601229092082943,0.3586741328954868,0.08269798050612191,18.4225134216544,7.243265490088198,6.0389219716805345,5.1403259598856685,2.9506029831486775,157.4507948856618,0.29028800114342884,59.57909700585068,47.9995408529612,3.496969696969697,"$A_{eff,av}^{max}$",[$cm^2$],5.741362688513417,12.049105129513485,11.97480153905525,11.883768039322888,11.91581211042944,2.25786511432748,5.622746939688003,11.500454600880843,9.814273916155505,10.590515488376665,13.025822769383245,11.256177876743061,7.5927570598438345,1.4928142971463871,0.32973629671978844,0.5510045291528496,6725.583943253587,1.638750736737442,0.2721155411378811,0.5553952009459036,0.49385354700486644
160.37848063710373,112.18380005711131,138.35599289883245,177.42185194601785,96.07812443654055,161.2756122479312,32.342255043017126,14.53596499487461,22.916457873038066,34.32560343681993,96.07540710295078,200.16158517569545,138.87289917445318,69.22489970292837,121.50982844865982,38.782186491344,8.434656818102718,7.148875569463647,1.2857812486390705,2.0614311853587095,0.5600629485696024,0.35867346237575737,0.08270102894093802,18.42150649129102,7.242810095039018,6.0385249785051265,5.140171417746874,2.9505985961562784,157.44225013556718,0.29028800114342884,59.57387052968575,47.99892397865398,3.5454545454545454,"$A_{eff,av}^{max}$",[$cm^2$],5.742325484769682,12.050013410180288,11.974353366613954,11.883333280203852,11.915411815502537,2.2578221954309794,5.622700530205314,11.5013488722556,9.814995374261182,10.591268668062446,13.02685847237555,11.25618466510776,7.593350899884238,1.4928873202566026,0.32973629671978844,0.5510045250337556,6725.468710557839,1.6386898792925286,0.2721251032406597,0.55537540125832,0.49387090464273187
160.36994733193697,112.16890634631913,138.3526179534517,177.14612987392627,96.07598152472856,161.28616013776744,32.34266570315191,14.536629713967562,22.916977024073653,34.32596499137217,96.07406939457155,200.16105554464013,138.88111524417874,69.22979049702892,121.49813836923406,38.78285090594239,8.428854440910872,7.1430653600054175,1.2857890809054549,2.0591343359650316,0.5599979241997725,0.3586737214027329,0.08270395376208615,18.420391772012778,7.2423153495202754,6.038096680631315,5.1399797418611906,2.9505943059771575,157.43299574429955,0.29028800114342884,59.568645842062566,47.99838266897279,3.593939393939394,"$A_{eff,av}^{max}$",[$cm^2$],5.743253028168822,12.050873066860955,11.973952463575946,11.882931697864464,11.9150493209302,2.2577810040687223,5.622660013550158,11.502191443231528,9.815663963538327,10.59196976278854,13.027834568836068,11.256201932301769,7.593897100879823,1.4929597115181543,0.32973629671978844,0.5510045190263009,6725.318706730999,1.6386301055251626,0.2721337027906243,0.5553559505641669,0.4938865170679928
160.364006028485,112.15618178337272,138.3512439975894,176.88120408327555,96.07463347766087,161.29825140466022,32.34300675077425,14.53737406025586,22.917494066297273,34.32619413328022,96.07188387608413,200.15967415478713,138.89040783748933,69.23545191302678,121.4867641314257,38.78325444296581,8.423383110583645,7.137595801393806,1.2857873091898384,2.0569566814363176,0.5599521809188877,0.3586702420886636,0.08270671286655532,18.419568148738165,7.24193774449531,6.037766048526881,5.1398643557159716,2.9505901409395507,157.42645456574004,0.29028800114342884,59.56334469902696,47.99762203938741,3.6424242424242426,"$A_{eff,av}^{max}$",[$cm^2$],5.7442459960919585,12.051816568468203,11.973475195497903,11.882480470109511,11.914624978747026,2.257740327166832,5.622602046290055,11.503119480022436,9.816426006256936,10.592758331003003,13.028909019787262,11.256163857706946,7.594526604055426,1.4930170724648446,0.32973629671978844,0.5510045111943149,6725.224343436261,1.638585013205849,0.27214443098821256,0.5553414520269757,0.49390599434174004
160.35723534450042,112.14276991067949,138.34885472884903,176.62275897717836,96.07291125652603,161.30962124479547,32.34341047329842,14.538086238250584,22.918030753533223,34.326510816096494,96.07021313465472,200.15887152872696,138.8992011329747,69.24072188012987,121.47596624976646,38.7837516444648,8.418020369413046,7.13222791427023,1.2857924551428164,2.054825019992506,0.5599017744262866,0.35866934807836365,0.08270969872765933,18.418623655092244,7.241514383847623,6.037396956095874,5.1397123151487465,2.950586075803322,157.41926025690634,0.29028800114342884,59.55807875261857,47.9969797995522,3.690909090909091,"$A_{eff,av}^{max}$",[$cm^2$],5.745208709215521,12.05272211676999,11.973046112504111,11.882064356324337,11.91424003083996,2.257705215071164,5.622558036724451,11.504008064265726,9.817140961508018,10.593506208715581,13.029938545165708,11.256167901080415,7.5951152045412424,1.4930782915020868,0.32973629671978844,0.5510045041092463,6725.103787956822,1.6385395029466558,0.2721540745507812,0.5553267930001159,0.4939235024779796
160.35063690569987,112.12965130331415,138.3463601784121,176.37224802196974,96.07118235506496,161.3208421210156,32.34375913076123,14.538782088348496,22.918531305672293,34.32676334249935,96.0683666128478,200.1577818618436,138.90785564122177,69.24596440559081,121.46537546302227,38.78417482557143,8.41281271275819,7.127019229059171,1.2857934836990188,2.0527558662071304,0.5598535764998502,0.3586670542812685,0.08271241063703191,18.417700947143846,7.241102921081074,6.037039277776631,5.139558748286142,2.9505821430470887,157.41237965832065,0.29028800114342884,59.55286439863529,47.996318563900644,3.7393939393939397,"$A_{eff,av}^{max}$",[$cm^2$],5.7461661850081205,12.053615443422151,11.972619127745503,11.881649360008806,11.913855597770818,2.257668683414046,5.622506227870495,11.504884927025905,9.817847740967656,10.594243263843241,13.030956579572507,11.256140544818322,7.595698003480358,1.493133996488228,0.32973629671978844,0.5510044969764685,6724.982764854547,1.6384973703825945,0.2721637656214322,0.5553132537738826,0.49394109687829896
160.34434912408562,112.11687158077999,138.3438932317673,176.12884342076782,96.06936283509002,161.3320945869751,32.34411520265465,14.539479745063723,22.919036602491047,34.32703121423244,96.06651489102981,200.15673055271446,138.91653069324585,69.25120376301808,121.45520053787656,38.78457134961797,8.407772308883839,7.121977199288389,1.2857951095954507,2.050751378001359,0.5598084591077419,0.35866497128221714,0.08271515456959212,18.416800586569895,7.240701883276542,6.036690524365966,5.139408178927389,2.950578303674687,157.40593435806235,0.29028800114342884,59.54758294128416,47.9956455252596,3.787878787878788,"$A_{eff,av}^{max}$",[$cm^2$],5.747122293845764,12.054507195443458,11.972199314409078,11.881241836995988,11.913477472196899,2.2576346144995663,5.6224556295468755,11.50576262072999,9.818556444128422,10.594981817835967,13.031972361531812,11.25611419843912,7.596281609266811,1.4931872186617015,0.32973629671978844,0.5510044905308951,6724.855398456301,1.6384613128772487,0.2721735245797282,0.5553017558750055,0.49395881387007917
160.3382421571883,112.10437331489963,138.34132989278004,175.89258648821064,96.06753572256538,161.34321022259311,32.34447944969778,14.54016545540346,22.9195425024096,34.32731504894866,96.06479205021178,200.15578447189645,138.92512436541566,69.2563928414468,121.44537445062622,38.78497236429451,8.402878543261316,7.117080701569221,1.2857978416920957,2.0488040911402967,0.5597652997415004,0.3586633163920758,0.08271792006812576,18.415907799304446,7.240306433891748,6.036346376161536,5.139254989251166,2.950574571864536,157.39976696713194,0.29028800114342884,59.54234801082004,47.99501163739791,3.8363636363636364,"$A_{eff,av}^{max}$",[$cm^2$],5.748076322095047,12.055398124422503,11.97178284880527,11.880837368642677,11.91310164137776,2.2576032678359392,5.622407262702393,11.506635011893602,9.819258538716953,10.59571398260753,13.032983854560584,11.25608799470993,7.596858910221944,1.4932395318192235,0.32973629671978844,0.5510044833153562,6724.727500579576,1.6384282763501778,0.27218295396807507,0.5552912615642915,0.4939759334268369
160.33116022919793,112.0910753277046,138.3376912494169,175.66186488272422,96.06524207822909,161.35348406971417,32.34486175069719,14.54081071291928,22.920041681090684,34.32762354392476,96.06337096583123,200.1551610490672,138.93313982713875,69.26119151888548,121.43596963577382,38.785434715166666,8.398054551365338,7.112250606613444,1.285803944751894,2.0468901775983652,0.5597157600493764,0.3586630246685315,0.08272069271028726,18.41487899550367,7.239858219704246,6.035958342726977,5.139062433072448,2.9505726453907344,157.39275042617268,0.29028800114342884,59.53713527296583,47.9944511359773,3.884848484848485,"$A_{eff,av}^{max}$",[$cm^2$],5.748993222840612,12.056237910959908,11.971406656976772,11.880460003457904,11.91275734665648,2.2575740774271864,5.622369844259242,11.507461059908518,9.8199077910019,10.596398901473805,13.033940204598599,11.256083350036153,7.597393406068411,1.4932936596295014,0.32973629671978844,0.5510044765111578,6724.566945476036,1.638394355973231,0.27219154045625643,0.5552801279211561,0.4939915228633257
160.32670355642196,112.0802001145258,138.33613387902045,175.44026457016633,96.06390060338009,161.36537080365483,32.34515632691159,14.541534267549812,22.92052475656818,34.327804562825314,96.06109659690136,200.15357458058307,138.9422147396377,69.26671889984567,121.42652665195993,38.78558803888565,8.393525783868823,7.107726702860941,1.2857990810078812,2.0450816991476732,0.5596852532348233,0.3586585202794627,0.08272321996764345,18.414178985410057,7.239544182154224,6.035683877089247,5.13895092616659,2.950572645390734,157.38846109110312,0.29028800114342884,59.531918233106,47.99369524036483,3.9333333333333336,"$A_{eff,av}^{max}$",[$cm^2$],5.749973296450127,12.057163929592356,11.970960087306038,11.880037971171523,11.912356959637153,2.25754252479225,5.6223016288808525,11.508369955658164,9.820655678001646,10.597170717857283,13.034995033855873,11.256002466994884,7.598009880881112,1.4933311559498939,0.32973629671978844,0.5510044701849213,6724.4730422366065,1.6383725843167072,0.2722021413984984,0.5552727491309549,0.49401076783849923
160.3212142121449,112.06849487894725,138.33346885122387,175.2235701632277,96.0618928792332,161.376349680844,32.345472331655934,14.542209916734418,22.921000826023768,34.328012862958694,96.0591314784397,200.15237512649327,138.95068945179355,69.27188009397717,121.41753010241645,38.78585270750051,8.389050108241142,7.103251948613723,1.2857981596274193,2.043299890603933,0.5596480559870112,0.35865560385705514,0.08272576184514786,18.41333542697897,7.239174131687908,6.035362766543127,5.138798528747943,2.9505726453907344,157.38323090607324,0.29028800114342884,59.52662398747772,47.99300104119762,3.981818181818182,"$A_{eff,av}^{max}$",[$cm^2$],5.750914166011901,12.058040366682139,11.970557727409558,11.879646456566613,11.911991865450211,2.257513727263156,5.622247298040141,11.509230273950898,9.821350687144658,10.597893470194926,13.03599244033512,11.255952522582337,7.59858224634903,1.493373038132979,0.32973629671978844,0.551004463539576,6724.332501546324,1.6383523808335925,0.27221189039920296,0.5552659018217906,0.4940284669393632
160.31496841381397,112.05616859902875,138.3299440939557,175.01224391389107,96.0597619150027,161.38666536553694,32.34587369336432,14.542856834960872,22.921510431252766,34.32835821387868,96.05784290858956,200.15186088504373,138.95871466501578,69.27664704058913,121.40910699430158,38.7862602315947,8.384652410978015,7.098846572472772,1.2858058385052422,2.0415508684343107,0.5596062748473039,0.3586558600781057,0.08272862711914725,18.41238104436935,7.238761092200112,6.035005284651541,5.138614667517696,2.9505726453907344,157.37735598752363,0.290716786964911,59.52149869224302,47.99248055143486,4.03030303030303,"$A_{eff,av}^{max}$",[$cm^2$],5.751825835570976,12.05888230316773,11.970209938287972,11.879296994563733,11.91167315846703,2.2574911936147783,5.622213193166353,11.510057546274696,9.821999205785136,10.598578923709765,13.03695177539264,11.255949141028019,7.599115864300986,1.4934217743274587,0.32973629671978844,0.5510044579021248,6724.183334050189,1.6383275666118875,0.2722202547609189,0.5552574918537311,0.4940436522008566
160.311049773517,112.04599201658597,138.3282673944007,174.80891610172972,96.05821082800104,161.39838252276223,32.34614007347191,14.543565768384997,22.921971419378423,34.328499481167455,96.05543327293226,200.15016838370929,138.9676381182376,69.28211092747961,121.40048850913549,38.78632982159344,8.380509570953048,7.094710473143458,1.2857990978095912,2.039894532073043,0.5595812700177935,0.3586507522795524,0.08273099479751722,18.41171225441823,7.238463998259741,6.034745886522123,5.138502369636362,2.950572645390734,157.37383991015628,0.290716786964911,59.516216536094355,47.991682469526445,4.078787878787879,"$A_{eff,av}^{max}$",[$cm^2$],5.752793047723024,12.059793441324631,11.969773238270163,11.878884338010696,11.911279890166176,2.2574633922784235,5.62214462808626,11.510951842068472,9.82273688718753,10.599338474226515,13.03798955473109,11.255856738350223,7.5997236154864245,1.4934518921209097,0.32973629671978844,0.5510044497156878,6724.074757960073,1.6383174176744264,0.27223097714202976,0.5552540522036425,0.49406311924068474
160.30628036686502,112.03511966840372,138.3256447934391,174.61031722142218,96.05671618413069,161.409335034061,32.346469273487415,14.54424039692911,22.922452757722304,34.32877811355565,96.05370514042252,200.14906897616646,138.9760829026318,69.28722275026561,121.39230609789807,38.78654170758885,8.376425567328075,7.090625847178401,1.2857997201496736,2.0382647808310783,0.5595506042007924,0.35864842412945813,0.08273357593138482,18.410926661651498,7.238121658836211,6.0344487313967985,5.13835627141849,2.9505726453907344,157.36952770051522,0.290716786964911,59.511252037473895,47.991082662423224,4.127272727272727,"$A_{eff,av}^{max}$",[$cm^2$],5.753730174087339,12.06066529945382,11.96938884385458,11.878510829081094,11.910930471321205,2.2574401542015003,5.622091151136575,11.511808756485394,9.823429161228429,10.60005837828706,13.038983251822662,11.255796527687332,7.600292408708518,1.493488564731734,0.32973629671978844,0.5510044409317039,6723.970132889149,1.6382980175884243,0.27224011949156024,0.5552474771796273,0.49407971926909383
160.30155497405983,112.02438028710873,138.3229020555286,174.41689652243792,96.05478108673492,161.4201196291677,32.34676115152506,14.544897997387144,22.9229087257673,34.328953510195205,96.05171411165045,200.14777829720742,138.98435075665518,69.29225933595603,121.38439395033136,38.78669610173955,8.372442752902122,7.086645514494253,1.285797238407869,2.0366761519567826,0.5595212116587673,0.3586449960527828,0.08273599516992816,18.410129170728492,7.237775581893087,6.034148496833599,5.138205092001804,2.950572645390734,157.36539442716497,0.290716786964911,59.50607725195761,47.99039735980453,4.175757575757576,"$A_{eff,av}^{max}$",[$cm^2$],5.754658922379398,12.061526348108425,11.968999674037173,11.878132445502246,11.91057540141823,2.257416464754649,5.622037813395206,11.512650885572297,9.82410442533313,10.600764447051166,13.03996082251874,11.255736376851917,7.6008518869523725,1.4935212194400949,0.32973629671978844,0.5510044357645862,6723.834676071445,1.6382879919852005,0.2722497417862825,0.5552440793296407,0.49409718709161127
160.2968107917458,112.0137605269664,138.31998721830988,174.228721410235,96.05266090785904,161.4306416453086,32.34702381758261,14.545533299877276,22.9233399934533,34.32911528576447,96.04968714750122,200.14639327567156,138.9924469902212,69.29719741507,121.37658692814706,38.78681469374853,8.368552971699994,7.082759902136115,1.285793069563879,2.0351259078063233,0.5594919385904716,0.35864106993227884,0.08273822663840374,18.409326810308723,7.237429216563119,6.033848592899132,5.138049000846471,2.9505726453907344,157.36127784668895,0.290716786964911,59.500885289735486,47.9897167146086,4.224242424242425,"$A_{eff,av}^{max}$",[$cm^2$],5.755578437752953,12.062369060629246,11.968607729596869,11.877750445437334,11.910216423688757,2.2573917893473383,5.621978612457071,11.513479059976483,9.824768884328293,10.601456856949673,13.040922034495383,11.255662055349097,7.60140084314525,1.4935509468512727,0.32973629671978844,0.5510044288866656,6723.686263550133,1.6382812965238076,0.27225915692153174,0.5552418101222028,0.49411428048164
160.29126190303393,112.00243716498885,138.31620366769135,174.04456998031387,96.05028228006614,161.44053722468752,32.347337483281926,14.546143748204745,22.92378791684141,34.329352885262345,96.04809873368532,200.14549301329026,139.00009343053145,69.3017937508192,121.36912745465172,38.78701495501468,8.364715492649072,7.078920674057037,1.2857948185920351,2.0335995264335294,0.5594576581425018,0.3586393617775313,0.08274064578020655,18.408423941211517,7.237044760939779,6.033517436796197,5.13786174347554,2.950572645390734,157.35645695709428,0.290716786964911,59.49576477584845,47.98913894469132,4.2727272727272725,"$A_{eff,av}^{max}$",[$cm^2$],5.756468610622905,12.063176163512562,11.968268640940858,11.877408134435704,11.909901862255468,2.257370556079477,5.621930991305601,11.51427125762571,9.82539155548233,10.602112264630831,13.041842120996359,11.255610968255313,7.601913332997016,1.4935845087899537,0.32973629671978844,0.5510044241837432,6723.51975960463,1.6382716762692051,0.27226763855919967,0.5552385496518607,0.49412967774720934
160.28824798335373,111.99342098500014,138.3144994685897,173.8680496976549,96.04877247580488,161.45204494801007,32.34758466225759,14.546839192588584,22.92423060556087,34.32949782091726,96.0456941667238,200.14373084352223,139.0088528114357,69.30717941430068,121.36163611691249,38.78698696239678,8.361136106516334,7.075349139268687,1.2857869672476467,2.032163937323735,0.5594414038423982,0.35863392955333573,0.0827428864009922,18.407830262271528,7.2367848024766985,6.033290850457109,5.137754609337719,2.9505726453907344,157.35417104893355,0.290716786964911,59.490588989897276,47.988360046018585,4.321212121212121,"$A_{eff,av}^{max}$",[$cm^2$],5.75742282770444,12.064072201841661,11.967854711340562,11.877017581185747,11.909527530028631,2.25734822477921,5.621859266314337,11.515150225335907,9.82611749339526,10.602858369290328,13.042862630200501,11.255498532754315,7.602511147117197,1.4936052993638664,0.32973629671978844,0.5510044159942147,6723.414073306341,1.6382736290416597,0.27227813951262647,0.5552392114801528,0.49414874293037475
160.2841815380164,111.9834270579346,138.31172263246017,173.69473153591693,96.04681691410545,161.46265411957816,32.34787808179185,14.547486090941883,22.92468266108587,34.32968309820902,96.04376542915968,200.1425024485063,139.01700446268586,69.31212219502417,121.35463340967057,38.787072869609645,8.359204587552469,7.073419551480476,1.2857850360719936,2.030741862059875,0.5600790938264971,0.3586307581081229,0.08274527281545174,18.40707618576451,7.236460790371506,6.033009778693531,5.137605616699472,2.954058667396114,157.53680745032221,0.29028800114342884,59.485468907858916,47.98769089732468,4.36969696969697,"$A_{eff,av}^{max}$",[$cm^2$],5.758339642587482,12.064919203405209,11.967483257232415,11.876656461505998,11.909187261327617,2.257329970812063,5.621807839273185,11.515980285206368,9.826783680290333,10.603554587833584,13.043826998686596,11.255433263603473,7.603062069515915,1.4936316594452852,0.32973629671978844,0.5510044083422967,6723.277183987381,1.6402085203011694,0.2722875319554317,0.5552389796465852,0.49416579583203696
160.28039428843385,111.97359852458598,138.30905579801015,173.52652298090476,96.04490131206875,161.47333050599602,32.34816932921193,14.548135215818652,22.925131272040208,34.32988985912239,96.041847491706,200.1412582089948,139.02516673496183,69.3170683354472,121.34777266228484,38.787122085290086,8.355753577294,7.0699705814939104,1.2857829958000884,2.029361264305138,0.5600576712614923,0.35862754900080895,0.08274765254394247,18.406364657670164,7.236155624883837,6.032745790924027,5.137463241862294,2.9540559223910168,157.5337214020915,0.29028800114342884,59.48034948625916,47.98703093562827,4.418181818181818,"$A_{eff,av}^{max}$",[$cm^2$],5.759255649761668,12.065766355186895,11.967126638128365,11.876309383588481,11.9088608012312,2.2573126916809665,5.621753684973847,11.516812146753448,9.827454010075929,10.604251724643651,13.044790840065302,11.255356416944077,7.603613546996688,1.4936557857050412,0.32973629671978844,0.5510044011964887,6723.143091844812,1.6402091027220018,0.27229688322276424,0.5552396927524698,0.49418277355222595
160.27539452914462,111.96280195440023,138.30518737833017,173.3613818614997,96.04261059505357,161.48296090682246,32.34847107796515,14.54872459067521,22.92556225110523,34.33012445567586,96.04034855711036,200.14034484811995,139.03262315447998,69.3215636760714,121.34110217218074,38.787271961266164,8.352303664757743,7.066519456988607,1.2857842077691362,2.0279879017633924,0.560028137662871,0.35862572228464934,0.08274997193044667,18.405496211225756,7.2357892517635385,6.032430468319032,5.137276491143188,2.954053230422326,157.52949594687652,0.29028800114342884,59.4753836910826,47.986500987590624,4.466666666666667,"$A_{eff,av}^{max}$",[$cm^2$],5.76012995852684,12.066554963844718,11.966798718016253,11.87597798014077,11.908554817806277,2.257295305393619,5.621705141647039,11.517586965954864,9.828063290740621,10.60489155871534,13.04569113962828,11.255297220767627,7.604113887195351,1.4936837877039868,0.32973629671978844,0.5510043959234125,6722.98274165375,1.640204227799173,0.2723049479744142,0.5552385484823106,0.49419741473761947
160.27177659231754,111.95326170626213,138.3024101787609,173.20165724443217,96.04043911638658,161.49341719604723,32.348750018157716,14.549361728036136,22.926003094521118,34.33029413606642,96.03835128960161,200.1390919903468,139.04064363586906,69.32644123208568,121.33468210922751,38.78730668541997,8.349023401216128,7.063241753722324,1.2857816474938035,2.0266752012896014,0.5600084384349205,0.35862235969520423,0.08275229375756152,18.404774292735613,7.235481066620548,6.03216327726304,5.137129948852023,2.954050595739806,157.52665509094192,0.29028800114342884,59.47018818717355,47.985803440256326,4.515151515151516,"$A_{eff,av}^{max}$",[$cm^2$],5.761035684240476,12.067389244628922,11.966437909483757,11.875627338890693,11.908223358334537,2.25727986611782,5.621654301279704,11.518405480452621,9.828718425647608,10.60557700700456,13.046640513021906,11.255224380384949,7.6046565168621125,1.4937054844641833,0.32973629671978844,0.5510043890633781,6722.83073814706,1.640211733101754,0.2723144295514282,0.5552415843747535,0.49421462869709704
160.26830529283743,111.94390760399887,138.2996288033418,173.04637682957204,96.03862946738239,161.50385553181937,32.34900461356144,14.549993348427542,22.926423853703817,34.330458307579974,96.03636671403645,200.13766806681923,139.04861892212676,69.33130650744884,121.32825413159644,38.78729335697809,8.345831428907186,7.060054449481042,1.2857769794261442,2.0253978246375417,0.5599901629563776,0.35861829214206353,0.0827544637222228,18.404082817751515,7.235187226931824,6.03190963238927,5.136985958430424,2.954048010535973,157.52401575686943,0.29028800114342884,59.46522400417923,47.98515324060493,4.5636363636363635,"$A_{eff,av}^{max}$",[$cm^2$],5.761938731266966,12.06821959662799,11.966084292842988,11.875282817359672,11.907897982376651,2.257262752361102,5.621594353799808,11.51921985134241,9.829375712642202,10.606259054913625,13.047586320975757,11.25513118973289,7.605197658407116,1.4937240813619632,0.32973629671978844,0.551004382503502,6722.704062716767,1.6402151574889907,0.2723236256836582,0.5552432295070909,0.4942313243432821
160.2648944363918,111.93468277087884,138.29680356794682,172.8948602456438,96.03644791289464,161.5141615012174,32.349248567329,14.550613551940605,22.926838621413488,34.33059153867344,96.03427925103448,200.13626124571235,139.05648231513453,69.33611346831562,121.32207595710194,38.78726396586532,8.342715398265911,7.056943365074436,1.2857720331914755,2.024150824578687,0.559972494557263,0.358614147327917,0.08275659787186979,18.4033797347312,7.234888667048896,6.031651502492231,5.13683956519007,2.95404549188995,157.52146354403123,0.29028800114342884,59.46007893070775,47.984447522546034,4.612121212121212,"$A_{eff,av}^{max}$",[$cm^2$],5.762833831554708,12.06903655728399,11.96572756515034,11.874935720753374,11.907569223773512,2.2572469802476713,5.621537528289578,11.520022938058434,9.830019963080183,10.606931826632099,13.048519600541145,11.255043715220166,7.605731549331876,1.493741233554495,0.32973629671978844,0.5510043754297713,6722.551353902625,1.6402258409942827,0.27233305485954235,0.5552473194801387,0.49424844339417184
160.26173364366133,111.92572282825807,138.29407403125236,172.74768219806646,96.0346909921231,161.5245318709608,32.349531369090904,14.551246480385002,22.927275180758123,34.33079600087523,96.03246215457102,200.13501816353985,139.06445985868075,69.34093699455265,121.3160279609952,38.787242855799555,8.339694531212945,7.053924725238257,1.2857698059746885,2.02293932113507,0.5599569086365791,0.3586109430480857,0.08275889677902344,18.402715253872156,7.23460764928042,6.031408805038424,5.1366987995533115,2.9540430163419495,157.51920535018976,0.29028800114342884,59.45517370008141,47.98383762910413,4.660606060606061,"$A_{eff,av}^{max}$",[$cm^2$],5.763732233592862,12.069867143797655,11.965388393634619,11.874605167756673,11.907257003543604,2.257233459604221,5.621481217139369,11.520836186911078,9.830677176227008,10.607613763252957,13.04946313940099,11.254955870968445,7.6062707212750045,1.4937585669395455,0.32973629671978844,0.5510043686750062,6722.428369448618,1.6402323339917833,0.27234198882620947,0.5552499827923683,0.49426466342019587
160.2586824457354,111.916912037803,138.29133884664438,172.60404817647563,96.03265989061578,161.53484609210093,32.349792293919116,14.551871933039537,22.92769865197174,34.33094962986774,96.03045570872948,200.13368440082724,139.07234712364198,69.34573690284218,121.3102474792791,38.787200244595226,8.336746972096604,7.05098101853913,1.2857659535574737,2.0217573448251906,0.5599422562069758,0.35860717032294315,0.08276110348090795,18.40204052992624,7.234321800937313,6.0311616714394,5.136557057549523,2.954040581650792,157.5170795169561,0.29028800114342884,59.450120029124655,47.98315485782989,4.709090909090909,"$A_{eff,av}^{max}$",[$cm^2$],5.7646255963056285,12.070687773497811,11.965047162696159,11.874273271282016,11.90694257410935,2.2572209423429173,5.62143008670785,11.521642300370853,9.8313229435543,10.608288006228541,13.050399362168276,11.254875539052644,7.6068053126488175,1.4937741786253134,0.32973629671978844,0.5510043610676876,6722.286192343105,1.6402448885241023,0.272351308164282,0.5552546903764918,0.4942815836095084
160.2556261004201,111.90817555444013,138.28850860814384,172.4641112774587,96.03066011147186,161.54500845139214,32.35006676552813,14.55248957080624,22.928128429529593,34.331133813415434,96.02859700318885,200.132473732531,139.08017230006982,69.35051976697918,121.30460230153568,38.787207652206845,8.333868718041467,7.048104992483978,1.2857637255574894,2.0206027124224626,0.559927772327122,0.35860401737178843,0.08276335074101222,18.401361414568196,7.2340355297844114,6.030913675978258,5.136412208805522,2.954038197730221,157.51497871964384,0.29028800114342884,59.44514227461685,47.98251638638475,4.757575757575758,"$A_{eff,av}^{max}$",[$cm^2$],5.765511514159045,12.071503877432741,11.964701819113857,11.873937631326589,11.906623846905404,2.2572090028640446,5.621377064419383,11.522441299819656,9.831964972300336,10.608957102377932,13.051326794844918,11.254790303809553,7.607335025823148,1.4937914352069979,0.32973629671978844,0.5510043544003762,6722.14620780303,1.6402571692915713,0.27236027578312116,0.5552592957504365,0.4942978646321478
160.25269075752433,111.89958073020914,138.28566868928448,172.32774953320998,96.02854616590065,161.555131382999,32.350295684217684,14.553098001419242,22.928528183554022,34.33125883947944,96.02660380596906,200.130997066625,139.0878683079141,69.35520082068004,121.29895161949199,38.78709197290627,8.331059343864593,7.045301499153,1.2857578447115932,2.019476342964767,0.5599145103494609,0.3585995854306033,0.08276539209443465,18.400698345230175,7.233756795764792,6.030673322527949,5.136268226937432,2.95403588378202,157.51305163367434,0.29028800114342884,59.44010898561039,47.981874478944974,4.806060606060607,"$A_{eff,av}^{max}$",[$cm^2$],5.766393965737197,12.072305335978625,11.964359511657372,11.873604040501933,11.906307079943021,2.257194738368842,5.621316276910518,11.52323047377411,9.83259808774761,10.609616459012875,13.052244370575398,11.25468743604149,7.6078578067263605,1.4938023948267027,0.32973629671978844,0.5510043503595239,6721.998231613045,1.6402732096094836,0.2723692870145739,0.5552651606619821,0.49431422245006984
160.24981318810006,111.89113250794419,138.2828016033549,172.19511936530623,96.02660730601069,161.56513810012086,32.35052346964517,14.553697361318497,22.928921629730155,34.331404974153195,96.02462158128974,200.129564619341,139.09553721191557,69.3599065557114,121.29336495793635,38.78701519848085,8.328317182139912,7.042564964781553,1.2857522173583593,2.0183766624246884,0.5599017785434228,0.3585952873437394,0.08276740263933352,18.400051379500976,7.23348620998692,6.03044024626663,5.1361249232474275,2.9540335999435956,157.51119990357097,0.29028800114342884,59.43522744770819,47.98122744329884,4.8545454545454545,"$A_{eff,av}^{max}$",[$cm^2$],5.767270234306711,12.073105506947751,11.9640196962416,11.873272770623892,11.905992370037326,2.257181783143514,5.62125319427642,11.524014630933362,9.83323228382332,10.61027301683003,13.053156009948077,11.254575959543626,7.60837934096696,1.4938143155835737,0.32973629671978844,0.5510043424853848,6721.862511420748,1.6402870446273874,0.2723782158134088,0.5552702733844013,0.4943304341029464
160.2473200937161,111.88299958470405,138.28017663913755,172.06597488743998,96.02477094725982,161.5753810733877,32.35081185660696,14.554326953344912,22.92936039788209,34.33160432058163,96.02279266441202,200.1284007137879,139.1034105566506,69.36467542407517,121.28815636386614,38.7869424281262,8.325670131647591,7.03991931958401,1.2857508120635814,2.017311057700473,0.5598919177401814,0.3585923831516875,0.08276973557334567,18.39943374076635,7.233227035782214,6.030216344531861,5.135990360452277,2.954031359272908,157.50975314355142,0.29028800114342884,59.43032305376107,47.98059262050381,4.903030303030303,"$A_{eff,av}^{max}$",[$cm^2$],5.768154155730902,12.07392437555367,11.963702371088454,11.872963992711302,11.905699625945608,2.25717358129097,5.621202974569067,11.524817241541434,9.833877922389773,10.610945673180977,13.054087093786041,11.25449073682794,7.608911090184709,1.4938268507749248,0.32973629671978844,0.5510043361581388,6721.7339663081875,1.6403033466235635,0.2723872409122015,0.5552762131229712,0.4943468191401421
160.24455836850723,111.87475235069499,138.27723595540766,171.9396599574252,96.02269070793953,161.5852228606528,32.350979116848194,14.554904069529396,22.92971375943121,34.33166187759115,96.0205649408581,200.1266771216517,139.11082246280117,69.36922782058093,121.28277524923344,38.78676405701617,8.323050153199413,7.037309296634663,1.28574085656475,2.0162616809014695,0.5598803096004259,0.3585866311752317,0.08277144059905688,18.39878375855753,7.232955568934132,6.0299832512323235,5.135844938391074,2.954029162422448,157.50806175647548,0.29028800114342884,59.42541589384518,47.97989269690904,4.951515151515152,"$A_{eff,av}^{max}$",[$cm^2$],5.769018150209019,12.074701728677983,11.96336142785194,11.872631244130279,11.9053826310977,2.257158340154304,5.621136995538745,11.525579141165826,9.83449027977132,10.611582071098542,13.054973525797706,11.254371350775724,7.60941786250655,1.493832712468392,0.32973629671978844,0.5510043291817625,6721.588349555767,1.640321267767308,0.2723963642919924,0.5552826927484238,0.4943633831271327
160.24210248063096,111.86678247918755,138.2744945219792,171.81653908225806,96.0206303535013,161.59521268935305,32.35125507186612,14.555513046700566,22.93013981926483,34.33183111644758,96.01870825483157,200.12552255120326,139.11849998241726,69.3738781793799,121.27794073447909,38.78669609925427,8.320519212818063,7.034780204490802,1.2857390083272606,2.015242838654577,0.5598710656099765,0.3585836214241628,0.08277369903407328,18.398142682419795,7.232686793646064,6.029750478260006,5.135705410513726,2.9540270047348827,157.50670394729673,0.29028800114342884,59.42046720040474,47.97924174327372,5.0,"$A_{eff,av}^{max}$",[$cm^2$],5.7698867025596705,12.075501699387326,11.963039336312272,11.87231823100809,11.90508456621552,2.2571516404440803,5.62109178319611,11.526363941616117,9.835116564604647,10.612238444895203,13.055884054185587,11.254298332855685,7.609936877573691,1.4938443548920413,0.32973629671978844,0.5510043225213493,6721.444124745091,1.640342324013429,0.27240534613608475,0.5552902263195952,0.4943796899624686
