STK_syst_list,DTK_syst_list,MAP_syst_list,Plvmax_list,SV_lv_list,EDV_lv_list,STK_pulm_list,DTK_pulm_list,MAP_pulm_list,Prvmax_list,SV_rv_list,EDV_rv_list,maxVla_list,minVla_list,maxVra_list,minVra_list,Eout_total_list,Eout_lv_list,Eout_rv_list,SW_lv_list,PE_lv_list,SW_rv_list,PE_rv_list,Ein_total_list,Ein_LAD_list,Ein_LCX_list,Ein_RCA_list,Ees_lv_list,Pes_lv_list,LVET_list,EF_lv_list,EF_rv_list,var,var_name,var_unit,Plvmin_list,EDP_lv_list,Pv_syst_max_list,Pv_syst_min_list,Pv_syst_mean_list,Prvmin_list,EDP_rv_list,Pv_pulm_max_list,Pv_pulm_min_list,Pv_pulm_mean_list,Plamax_list,Pramax_list,Plamin_list,Pramin_list,RVET_list,Ees_rv_list,CO_list,Ea_lv_list,Ea_rv_list,VAC_lv_list,VAC_rv_list
139.23942973286958,97.16409314174919,120.0512437490434,151.21702106320868,83.43333413735816,141.80810515327587,28.11450059047145,12.560233901495105,19.86245202081996,29.523323072939974,83.43259193696521,181.41852929059962,120.61545361486642,60.06285953095025,105.92767643516886,34.50307259179034,6.531868383752728,5.516620007835557,1.0152483759171707,1.5359730176073214,0.4220025953339617,0.26924372025859555,0.062158058569522605,15.987293607066128,6.285285395108559,5.240025537177756,4.461982674779814,2.9505726453907344,136.66538144464056,0.290716786964911,58.83537760213192,45.989013505517576,10.0,$C_{v}^{syst}$,[ml/mmHg],5.001273479228739,10.499997689081052,10.587705238963695,10.068966470547265,10.249604684099483,1.9568770834133669,4.905392558720813,9.945283686918419,8.487109324667042,9.15919790811641,11.309341571268197,9.596712059819069,6.559298570031539,1.243144809913053,0.33016508254127064,0.5509978598642041,5840.333389615071,1.638018938805026,0.2716662838266287,0.555152892562694,0.4930441724285137
140.11921553475005,97.78433828634594,120.81401760734009,152.20973472017482,83.96057515087483,142.62503751696158,28.290823184034224,12.642648968771585,19.989888670919537,29.721957281408308,83.9599331371167,182.19881480038055,121.37788648739065,60.44520693984752,106.57963296652565,34.662790595034515,6.603892979280323,5.578170252310317,1.025722726970006,1.5556369925534108,0.42735904497110827,0.2727050989461187,0.06295454616363985,16.088539254206218,6.325091151761733,5.273213676968208,4.490234425476274,2.9505726453907344,137.52998859433728,0.290716786964911,58.86804772331077,46.08149247793095,11.414141414141413,$C_{v}^{syst}$,[ml/mmHg],5.032590853587109,10.565059033731423,10.618010103142021,10.16035724685314,10.318476933363668,1.9693908677850742,4.935412188488174,10.010255262895054,8.542557528527023,9.218977229421206,11.38121653761732,9.666270094690871,6.602464350771986,1.2522656306975744,0.33016508254127064,0.5509978598642041,5877.240260561238,1.638030567884983,0.271684099450398,0.5551568338586235,0.4930765058095793
140.96708096042758,98.38243289077039,121.54921485662199,153.1672899777529,84.46889622403847,143.41244710038458,28.460834668546525,12.722116976781662,20.112753678386,29.913614415612102,84.4683482757553,182.95116931455928,122.11304522923633,60.813922250930325,107.20494925705023,34.82043716346943,6.673764651603075,5.637877763095794,1.0358868885072807,1.5747143958309522,0.4325529875413219,0.27606403157548187,0.06372738651690862,16.18612896342769,6.363460291761527,5.305204096998487,4.517464574667679,2.950572645390735,138.36320549404854,0.290716786964911,58.89927822297927,46.16988707545435,12.828282828282829,$C_{v}^{syst}$,[ml/mmHg],5.062772299529828,10.627769449090986,10.654079667877184,10.244240309316673,10.384900547482275,1.9814428722953035,4.964307376230655,10.07290610058139,8.59602785357485,9.276622097160056,11.450515686984879,9.733035661616107,6.644089425342255,1.2613288785356005,0.33016508254127064,0.5509980326569165,5912.822735682693,1.6380373330209639,0.2717014006959473,0.5551591266799818,0.49310775101283244
141.78432658488538,98.95926742158639,122.25792469868924,154.09086281268796,84.95882052887309,144.17135735445126,28.624680312849186,12.798728838580177,20.2311711589427,30.098445652719512,84.95821097786518,183.6762335904454,122.82179469208967,61.16945082415175,107.80571506619643,34.975023047563404,6.741523947605197,5.695780828230601,1.0457431193745965,1.5932161771495534,0.4375890375783331,0.27932116625133757,0.06447684975459601,16.280217280867266,6.400454258053703,5.3360491214811745,4.543713901332385,2.9505726453907344,139.1663297485986,0.290716786964911,58.92905642831558,46.254329870081015,14.242424242424242,$C_{v}^{syst}$,[ml/mmHg],5.09185854953854,10.688204549759595,10.693621593315212,10.322235549277949,10.44896525969823,1.9930470973060352,4.992126292912549,10.133311720385302,8.64758259325161,9.33220061347798,11.517320928648253,9.797193587155766,6.684225026255257,1.270259521656561,0.33016508254127064,0.550998310381262,5947.1174370211165,1.63804451241532,0.2717186706039838,0.5551615599006542,0.493138845409469
142.57322194754113,99.51620344305381,122.94206663173057,154.9827034819044,85.4317347229331,144.90403602727935,28.782915158086794,12.872725848666928,20.3455358214244,30.277062771864873,85.43121325498973,184.37655106557727,123.50629585682898,61.51283973733884,108.38470954384665,35.12636869819953,6.807326734309376,5.752007718304342,1.0553190160050339,1.611183727206384,0.44247794690107206,0.28248567303983296,0.06520498387278244,16.371018821242526,6.436154118400464,5.365813973044823,4.569050729797239,2.9505726453907344,139.94157970803985,0.290716786964911,58.95745699370989,46.335183493374046,15.656565656565657,$C_{v}^{syst}$,[ml/mmHg],5.119943007826078,10.746552453455172,10.735278087593251,10.395435700104176,10.510853200982401,2.0042467428290816,5.018977803105578,10.191655088792546,8.697371826761495,9.385880787099843,11.58183297960988,9.859047539031446,6.722989757537192,1.279034716555264,0.33016508254127064,0.5509985781621708,5980.221430605317,1.6380514824132941,0.2717358021097697,0.5551639221532784,0.49316969749020295
143.33422325245465,100.05363034669658,123.60205055453856,155.84347078024516,85.88798936230675,145.61077218339477,28.935579604345776,12.94412731973201,20.455872495929047,30.449503555660883,85.88748872259595,185.05220071459763,124.16681297111147,61.84425223233133,108.94241494457711,35.27398919688501,6.871161864821503,5.806551540290649,1.0646103245308536,1.6286141740084321,0.44721978545931157,0.2855561277202081,0.06591148387769988,16.45862483124214,6.470598867346543,5.39453335300519,4.593492610890407,2.9505726453907344,140.68942716833962,0.290716786964911,58.98463971754233,46.41257352840593,17.070707070707073,$C_{v}^{syst}$,[ml/mmHg],5.14702959818918,10.802838156523118,10.778038752755867,10.46342708584882,10.570595701809058,2.0150514138257765,5.044865377969338,10.247963586533988,8.74541964211818,9.437683526427138,11.644082946529732,9.918684485174834,6.760400832884452,1.2876166740120154,0.33016508254127064,0.5509988373082015,6012.159255361473,1.6380570579532427,0.2717526465230172,0.5551658118000075,0.4932000362298627
144.06964524353108,100.57315065416829,124.23987215427272,156.67570062866994,86.32869855587026,146.2936872506443,29.083057666674854,13.013129348923945,20.56247482445706,30.616210063031108,86.32817033594114,185.70495157280703,124.80516088019365,62.16458777541864,109.48077925602117,35.41791414329346,6.93317987272867,5.859543813284026,1.0736360594446432,1.6455493861448998,0.45182614771039514,0.28853881508797063,0.0665977944423721,16.543287036732924,6.503886148548341,5.422287742297669,4.617113145886914,2.9505726453907344,141.41212130676425,0.290716786964911,59.010542545122746,46.48673587041944,18.484848484848484,$C_{v}^{syst}$,[ml/mmHg],5.1732030967657785,10.8572189649408,10.821331315388424,10.528241472193988,10.62835326851038,2.02549242460672,5.069869311590227,10.302383909905874,8.791860342624334,9.487751246860286,11.704236797357906,9.976302756219356,6.796560607162991,1.2960015771343134,0.33016508254127064,0.5509990855691143,6043.008898910918,1.638066178134784,0.2717694446590986,0.5551689027869573,0.49323030069713125
144.78034542558106,101.07524372907648,124.85625820412277,157.480243673189,86.75477700012196,146.9537119973445,29.225679481874778,13.079849112250306,20.665549742947007,30.77747447463143,86.75427362348394,186.3361760234274,125.42235709026232,62.474323733071586,110.00094902013387,35.55815261017744,6.993433634407355,5.9110238498830645,1.0824097845242897,1.66200237131812,0.4563000066831258,0.2914382727842212,0.06726489165654702,16.625091178583837,6.5360491157316964,5.44910421255186,4.639937850300281,2.9505726453907344,142.1105088342513,0.290716786964911,59.03544444096087,46.55793387784056,19.8989898989899,$C_{v}^{syst}$,[ml/mmHg],5.198496687485862,10.909779394801484,10.864717169704578,10.590210311924352,10.684211821197476,2.035589766096996,5.094037254877632,10.355009360746664,8.836760805055098,9.536162613210145,11.762395572570489,10.031990635463142,6.831523834009618,1.3041846687949983,0.33016508254127064,0.5509993250498264,6072.834390008537,1.6380712826228754,0.27178574848196435,0.5551706327860811,0.49325967587598585
145.4677031717374,101.56091171399282,125.452404065668,158.25881046170375,87.16679008197403,147.59205425449673,29.363634484220928,13.14439873512928,20.76526312420018,30.933575012771954,87.16644355234773,186.94687120807504,126.0194704723921,62.7740066505297,110.50395310108058,35.694760140745856,7.052002580590788,5.9610615205686015,1.090941060022186,1.6779949263236174,0.4606479682164645,0.2942576391535924,0.06791352345705232,16.70420783312478,6.567155795741229,5.475039877497268,4.662012159886285,2.950572645390735,142.78597021748223,0.290716786964911,59.05927017701787,46.62631847704474,21.313131313131315,$C_{v}^{syst}$,[ml/mmHg],5.22296226930316,10.960617353491509,10.907907165439187,10.649614984530107,10.738270696034215,2.04536095164875,5.1174111066539,10.405923553943476,8.880202174101042,9.58300130732836,11.81865698299173,10.085841632640845,6.86535123782073,1.3121653497578087,0.33016508254127064,0.5509995567039031,6101.675305738182,1.638077644974679,0.27180173856179485,0.5551727890969292,0.49328848862914065
146.13290832666715,102.03106710738302,126.02934939990588,159.0125556403167,87.56540931163957,148.2097080841689,29.497067735239593,13.206855553918473,20.861712802741366,31.084626388613948,87.56494302074869,187.53752859369092,126.59729319583435,63.0640889931886,110.99050235537962,35.82765814379508,7.108946134237046,6.0097138656069955,1.0992322686300502,1.693544837860914,0.46487543271103515,0.2969976070411573,0.0685439655726842,16.780780366865326,6.597262613171487,5.5001424632587685,4.683375290435075,2.9505726453907344,143.43966250113044,0.290716786964911,59.082100925474336,46.691957432404024,22.727272727272727,$C_{v}^{syst}$,[ml/mmHg],5.24663391963249,11.009798274224726,10.950665005415782,10.70665900673506,10.790592647032295,2.0548153765198123,5.140015659013161,10.455195174329354,8.922243460860287,9.628330190965322,11.873094664472426,10.137926997745648,6.898092441436588,1.319937020415483,0.33016508254127064,0.5509997801249359,6129.57865181477,1.6380859020556628,0.2718177778414404,0.555175587564202,0.493317398021116
146.77658929129487,102.48598570689127,126.58761901848142,159.74213967534354,87.95118619458938,148.80746099653453,29.62627802156079,13.267328647640113,20.955101340028616,31.2309614224212,87.95082009632893,188.1095604218394,127.15669927300121,63.34491548672212,111.4615429559199,35.95701845228413,7.164312656884357,6.057013378649167,1.107299278235191,1.7086632091900265,0.46898450570800865,0.2996635561653146,0.06915728864573865,16.854867549652845,6.626392027827561,5.524429808068722,4.704045713756563,2.950572645390735,144.07220541386846,0.290716786964911,59.10401642874453,46.755103727369026,24.141414141414142,$C_{v}^{syst}$,[ml/mmHg],5.269542846515116,11.057400300402138,10.992858254861321,10.761530747727418,10.841264185382952,2.063972721970293,5.161898071046443,10.502900108677492,8.962944853139025,9.672216121630022,11.92579694617107,10.188354692865824,6.929789547631249,1.327507243633719,0.33016508254127064,0.5509999963912633,6156.583033621257,1.638092806333652,0.2718333170896608,0.5551779275431887,0.49334540629766693
147.40010233409976,102.9266893590956,127.12839854302793,160.44903944778576,88.32474241997515,149.38647610433713,29.75142590227765,13.325916810764733,21.04556611325295,31.372807324956668,88.32451783560373,188.66368749964317,127.69866610710724,63.61701539628427,111.9179135206694,36.082913526705916,7.218183302466356,6.103034047653909,1.1151492548124469,1.7233732184889312,0.47298208543542225,0.3022577850180825,0.06975410718209918,16.92662686197415,6.65460554579845,5.547953601781974,4.724067714393726,2.9505726453907344,144.68493143025688,0.290716786964911,59.12499225049383,46.81585471277867,25.555555555555557,$C_{v}^{syst}$,[ml/mmHg],5.291732939032353,11.103506119935147,11.03439399411618,10.814402054507205,10.890371904019176,2.0728469474162052,5.1830955304285,10.549121067269722,9.002378330919132,9.714736372334295,11.976853041525702,10.23721452892169,6.960500986370781,1.3348793302428752,0.33016508254127064,0.5510002054411133,6182.731969398261,1.6381019345892318,0.2718487236336533,0.5551810212665695,0.49337318017153886
148.00448812877204,103.35390715403533,127.65258558483525,161.13459824342397,88.6869881100052,149.94772661075615,29.872756654064176,13.382724513256978,21.133264619848667,31.510388266526622,88.68677705720337,189.20085547377207,128.22415184740328,63.88087133433525,112.36023950303158,36.20537467450948,7.270628246571004,6.147835715146584,1.12279253142442,1.7376941172794247,0.47687324660130037,0.3047837123396484,0.07033520287353046,16.996197798382447,6.681960293534901,5.570761869830649,4.743475635016898,2.950572645390735,145.27886429412612,0.290716786964911,59.145270231555116,46.874405950821696,26.96969696969697,$C_{v}^{syst}$,[ml/mmHg],5.313241184502582,11.148198466734042,11.07521032817658,10.86541651452749,10.937993426664828,2.081452056278819,5.203635728424313,10.593938064209368,9.040616940804075,9.755965838562723,12.026352040543392,10.284573433256083,6.990281249520491,1.342059686219747,0.33016508254127064,0.5510004078494719,6208.089167700364,1.6381079952103652,0.27186372350733495,0.5551830753156853,0.49340022191345734
148.59029950172481,103.76807931607942,128.16066558082838,161.7991544367939,89.03802537479277,150.4916422142193,29.990322334442997,13.437778612487527,21.21824678509729,31.643737418378844,89.03769564442523,189.72134177766952,128.7335460904353,64.13666752139795,112.78903030555443,36.324413535265975,7.321665776987716,6.191435951317257,1.1302298256704586,1.7516310037883416,0.48066003333249446,0.3072415371226135,0.07090066843448352,17.06361591543669,6.7084676751670065,5.592862742048788,4.762285498220893,2.950572645390735,145.85454373015304,0.290716786964911,59.16476427843775,46.93077479325792,28.383838383838384,$C_{v}^{syst}$,[ml/mmHg],5.334085752736048,11.191506850271477,11.1152086133106,10.914651719629836,10.984149296254017,2.0897941265107667,5.2235413204813,10.637381483205248,9.077680595672845,9.795930476220423,12.074328673752827,10.330482857035832,7.019150455144761,1.3490470205840097,0.33016508254127064,0.5510006033956237,6232.661776235494,1.638115211070768,0.271878641624001,0.5551855208953304,0.493427121401516
149.15892975175615,104.17008608683216,128.65384156284364,162.44440531344551,89.37873515528788,151.01965201271045,30.104495761688877,13.49124810730844,21.300781250201602,31.773315028122116,89.37851783575071,190.22692755666665,129.22823075076232,64.38505988041825,113.20553800562425,36.44044492287329,7.371412768884748,6.233929335973771,1.1374834329109769,1.7652146110959348,0.48435015962511024,0.30963870907150787,0.07145211731506809,17.129053419440773,6.734196214022332,5.614314344607134,4.780542860811306,2.9505726453907344,146.4133509807106,0.290716786964911,59.18351285021196,46.98520813207466,29.7979797979798,$C_{v}^{syst}$,[ml/mmHg],5.354321494053914,11.233554588205596,11.154459920031291,10.96229591803697,11.028990061153062,2.097899199725376,5.242872626854919,10.679574993760335,9.113672344682488,9.834741495060715,12.120913945541387,10.375084004966856,7.047184626836089,1.3558594889581692,0.33016508254127064,0.5510007938688094,6256.5114608701515,1.6381228792993092,0.27189318123675243,0.555188119790346,0.49345333847466083
149.71031162648754,104.55993115931976,129.13206338505626,163.07029574402875,89.70886150660338,151.53163731153424,30.215205989307126,13.543097844143716,21.38080563215707,31.899003615700604,89.70889074828435,190.71713055013208,129.70793825096686,64.62596222034759,113.60951272600427,36.553341308262475,7.419836200003902,6.275292038064239,1.1445441619396632,1.7784370832102934,0.48794179405159244,0.3119721548218107,0.07198888661707681,17.19250639373513,6.7591445703586475,5.635115840934507,4.798245982441974,2.9505726453907344,146.95520272990922,0.290716786964911,59.201407110893115,47.03766803197754,31.21212121212121,$C_{v}^{syst}$,[ml/mmHg],5.3739413303565735,11.274320178480783,11.192852539928884,11.00835914123052,11.07248678851645,2.1057576916341407,5.261616408466722,10.720493283212486,9.14857702453509,9.87237959460057,12.166085583626938,10.418410297502918,7.074372291948006,1.3624835061641398,0.33016508254127064,0.5510009769958669,6279.6203054622365,1.638134742341948,0.2719075252678439,0.5551921403802669,0.4934792071519022
150.24595600829025,104.93866091529256,129.59662679803668,163.67844847543924,90.02976792734597,152.02899911056537,30.322759807199958,13.59348262979458,21.458549442254842,32.02115100506631,90.02978989903657,191.19332290660708,130.17406669241026,64.86007812759253,114.00203918757141,36.66335345841102,7.467054407366314,6.3156248254914775,1.1514295818748368,1.7913307383829316,0.4914435809225473,0.31424764461896043,0.07251234801308705,17.25414771621811,6.783380650213205,5.655323567537645,4.815443498467258,2.9505726453907344,147.48158294348863,0.290716786964911,59.218812498969676,47.088354619483106,32.62626262626263,$C_{v}^{syst}$,[ml/mmHg],5.3929995168194,11.313923676231251,11.230441525446313,11.052986649652503,11.114755521051295,2.1133908417312792,5.279823586693605,10.760254193578325,9.182495806401137,9.908953700499291,12.209976234151185,10.460510317743354,7.100793034901589,1.3689391656302607,0.33016508254127064,0.5510011543680998,6302.083754914218,1.6381424315400466,0.2719216600019722,0.5551947463822274,0.4935047011177643
150.7661852926993,105.30652057685089,130.04781259104885,164.26926819747376,90.3413426026248,152.5120303380896,30.427204809820726,13.642419516289754,21.53405496324878,32.13983083058581,90.34141011853184,191.65581174746998,130.62684831802036,65.08751231225527,114.38333433318448,36.770497349561516,7.5130787385097255,6.354937149554218,1.1581415889555071,1.803898223561522,0.4948567152816563,0.3164658270497392,0.07302262374518236,17.314009252159703,6.806917014302275,5.6749470273848885,4.8321452104725395,2.950572645390735,147.99283540517362,0.290716786964911,59.23555171507163,47.13731834940008,34.04040404040404,$C_{v}^{syst}$,[ml/mmHg],5.411511461214944,11.352385439448305,11.26718113480006,11.096213094287004,11.155803683873277,2.1208066823748295,5.297503283933651,10.798878199119429,9.21544539056551,9.944482367961486,12.252607103699505,10.501399732480893,7.126459361060287,1.3752270605376522,0.33016508254127064,0.5510013279329626,6323.893982183737,1.6381518266352817,0.2719355430869784,0.5551979305421733,0.49352974176509307
151.27163102800742,105.66393690801864,130.48617637711394,164.84353823592951,90.64421194996953,152.98133677617355,30.528687648081902,13.689974163542162,21.607425109105513,32.25520875909202,90.64426883639301,192.10526079165837,131.06682153163715,65.30850729742346,114.75392799314037,36.87492036791774,7.5579551713578885,6.3932674906569,1.1646876807009887,1.8161522419852913,0.4981841363305214,0.31862921422110385,0.07352024947848507,17.37218049061229,6.829789791484861,5.694018253928486,4.848372445198941,2.9505726453907344,148.48955440314427,0.290716786964911,59.25181061961222,47.18468846862989,35.45454545454545,$C_{v}^{syst}$,[ml/mmHg],5.429494815259953,11.38975128731317,11.30311504399195,11.138139111719578,11.195714985205385,2.128015048634385,5.31468073063358,10.836412751507385,9.247464469086514,9.979007503380192,12.2940302745323,10.541147563522514,7.151399923420288,1.3813554276607554,0.33016508254127064,0.5510014964288799,6345.094836497867,1.6381581483117984,0.27194891224798595,0.5552000730674648,0.49355385422821185
151.76299229228567,106.0114202632957,130.91232834311464,165.40182014881103,90.93854569286083,153.4375345191141,30.627344246970914,13.736213614202995,21.678743907884993,32.367383082623846,90.93850825782239,192.54204766133594,131.49459805503108,65.52342481562711,115.11437178805284,36.97667841741535,7.60172631724609,6.430654455640809,1.1710718616052804,1.8281048184077575,0.501429513153547,0.3207390646958274,0.07400559449331096,17.428727208221655,6.852023191154719,5.712556825600633,4.864147191466297,2.9505726453907344,148.97243035000398,0.290716786964911,59.26747062110307,47.23046698754082,36.868686868686865,$C_{v}^{syst}$,[ml/mmHg],5.446975939463865,11.426073574392257,11.338241583332133,11.178822029722385,11.234527167353917,2.1350236825838103,5.331379567423867,10.872907057749837,9.278596905272693,10.012577084054245,12.334301450471632,10.579801959474326,7.1756525871415775,1.3873273449885137,0.33016508254127064,0.5510016601871447,6365.698198500258,1.6381659637833765,0.2719622996037195,0.5552027218656871,0.4935780039416741
152.2408149137911,106.3493261573962,131.32673650887654,165.94471157933546,91.22477835979946,153.88118569686011,30.723316951611118,13.781185688752224,21.74812235527226,32.476550816969514,91.22475210216706,192.96705965927882,131.91068848093113,65.73247013253493,115.46518377063815,37.075914254224784,7.644435493715663,6.467131358052199,1.1773041356634641,1.8397666690860945,0.5045956715855308,0.3227987344289088,0.07447936949932868,17.4836977079942,6.873635953200261,5.7305766101249125,4.879485144669025,2.9505726453907344,149.44201588778049,0.290716786964911,59.28260686755345,47.274779572867125,38.282828282828284,$C_{v}^{syst}$,[ml/mmHg],5.463975495775142,11.461398178096086,11.372568785855119,11.218317946609702,11.272280030119706,2.141845651208701,5.347628005597929,10.908406637741185,9.308874559005053,10.04523052503053,12.373471784431475,10.617420999509267,7.199242600624764,1.39315117144777,0.33016508254127064,0.55100181808578,6385.7344851859625,1.6381735157345798,0.2719753979094265,0.5552052813523057,0.49360163430002574
152.70574169986722,106.67813372805159,131.72995247239845,166.47310320196215,91.50313516732878,154.31286284058106,30.816690526280166,13.82495174251693,21.815630237192554,32.58281244887029,91.50322762018283,193.3806037627666,132.31559742153732,65.9359082081359,115.80657605839642,37.172714095826386,7.6861231881305105,6.502734966997031,1.1833882211334794,1.8511494745177763,0.5076858779200414,0.3248094604085684,0.07494184899528498,17.537190838796132,6.894668766741143,5.74811313853713,4.89440893351786,2.9505726453907344,149.89891812313843,0.290716786964911,59.29715351199185,47.31768638618802,39.696969696969695,$C_{v}^{syst}$,[ml/mmHg],5.480515918107519,11.495768155052117,11.406119753058418,11.25668934611436,11.309023573563014,2.1484844715712974,5.363433763102221,10.942954218690224,9.338343628359098,10.07700813017989,12.41160013660157,10.654028450870392,7.222199515790137,1.398831637714785,0.33016508254127064,0.5510019726516595,6405.219461713014,1.6381834114101468,0.2719882648805077,0.5552086351675668,0.4936248477869919
153.15799192167324,106.99800410677177,132.12217430777758,166.98748563331804,91.77410135527013,154.73274011435433,30.907492914001708,13.867525152625266,21.881282398582407,32.686233852286534,91.77410323717184,193.78276293843484,132.7094921466534,66.1338387292812,116.13865878468724,37.26703822559213,7.726799710259566,6.537475913660129,1.1893237965994372,1.8622567776368641,0.5107009108428626,0.3267710904387597,0.07539305452036112,17.589236507466776,6.915132858666539,5.765176515944013,4.908927132856227,2.9505726453907344,150.34336730936016,0.290716786964911,59.3113657054383,47.35927068308374,41.111111111111114,$C_{v}^{syst}$,[ml/mmHg],5.496604320073177,11.529193935780972,11.438890228289974,11.293966705707481,11.344777089925689,2.154943892518853,5.378803104304666,10.976562579874717,9.36701416383611,10.107922380209036,12.448689332799505,10.689640337686015,7.244534427068538,1.4043667856699673,0.33016508254127064,0.5510021213042801,6424.187094868909,1.638189479266709,0.27200065908802806,0.5552106916688944,0.4936472085518906
153.59833022451906,107.30946022582957,132.50406297128887,167.48810434676724,92.03777887939219,155.1415420207258,30.99593300362678,13.908984288660927,21.945217776629192,32.78692440451206,92.03776554059108,194.1743845818578,133.09308649973238,66.32662785204585,116.46227192569887,37.35911306905903,7.766521928749009,6.571400462163811,1.1951214665851988,1.8731030506798354,0.5136451046713069,0.32868713048267795,0.07583379089341914,17.639892041785583,6.935049131824764,5.781782216129816,4.9230606938309975,2.9505726453907344,150.77610972426274,0.290716786964911,59.32503807851581,47.39954023224462,42.525252525252526,$C_{v}^{syst}$,[ml/mmHg],5.512268119330309,11.561744397767447,11.470914831063107,11.330216948816469,11.379596598958008,2.16123612642572,5.393777062549952,11.009293240362005,9.394930955737598,10.138029378570556,12.484807558666533,10.724344087590174,7.266287127662547,1.409769044054258,0.33016508254127064,0.5510022667705785,6442.644521557453,1.638198048236716,0.27201309418045055,0.5552135958407406,0.4936696463604731
154.02736666423067,107.61281753642365,132.87613783618116,167.97622374023825,92.29480770242448,155.54001666431287,31.082133054050402,13.949407955141309,22.007534742469833,32.88512867625305,92.29473645590463,194.55609492472752,133.4670006559709,66.51451912552722,116.77760236483773,37.449006975096964,7.805349514611804,6.604559978557613,1.2007895360541918,1.8837057130509764,0.5165219205090287,0.330560358560284,0.07626465609589161,17.689252959451572,6.954457216853003,5.7979637030168965,4.93683203958167,2.950572645390734,151.19775245876804,0.290716786964911,59.33830385373786,47.438625087336824,43.93939393939394,$C_{v}^{syst}$,[ml/mmHg],5.527532669904911,11.59346508199929,11.502218413895385,11.365490859531006,11.413524337742642,2.1673701919128647,5.408362188633566,11.041197937326096,9.422147897572765,10.167377500805602,12.520009939513615,10.758159015753394,7.287490542661039,1.4150433511675413,0.33016508254127064,0.551002408005629,6460.636539169714,1.6382043174764234,0.2720252846954003,0.5552157205942923,0.4936916440710388
154.44508431258566,107.90828617517357,133.23840072971691,168.451512447112,92.54494864303985,155.9278179223709,31.166042167931963,13.988750134865104,22.068200777354395,32.980753660782746,92.54493954225603,194.92774796623272,133.83100780836,66.69747040889968,117.08477945775606,37.5367142297404,7.843251303779418,6.636927411019149,1.2063238927602689,1.8940545589669395,0.519330567463609,0.33238942760731843,0.0766853255472624,17.737310547991694,6.973352775810189,5.813718545201862,4.950239226979639,2.950572645390735,151.6082726792441,0.290716786964911,59.35114713726938,47.476534514874494,45.35353535353536,$C_{v}^{syst}$,[ml/mmHg],5.542390647193353,11.62434197549157,11.532802124176994,11.399809792862891,11.446575279206012,2.173343972724868,5.422566246317094,11.072260123082538,9.44864288225917,10.195949244856765,12.554278113287817,10.791095620607942,7.308133432171214,1.4201886037449138,0.33016508254127064,0.5510025457181397,6478.146405012789,1.6382122946982294,0.2720370523712911,0.5552184242124587,0.4937128775271561
154.85245993284565,108.19644293665743,133.5916959119313,168.91516600538253,92.78893770031324,156.3060217553518,31.247852048565115,14.027125337034938,22.127356539734087,33.074024262025596,92.78884374204391,195.29009246383774,134.18604648978294,66.87593352132062,117.38437582670213,37.622406652166056,7.880316475289175,6.668581309057356,1.2117351662318183,1.9041755537881606,0.5220770108693014,0.33417778983701746,0.07709666798079488,17.784185050502483,6.991783760642102,5.829086393966732,4.963314895893646,2.950572645390735,152.00862893963472,0.290716786964911,59.36363593562973,47.513339039063545,46.76767676767677,$C_{v}^{syst}$,[ml/mmHg],5.556881044540579,11.654450269856428,11.56271335748847,11.433244295108357,11.478812387606215,2.1791707007818144,5.436412948711631,11.102557779705576,9.474487326787234,10.22381818298377,12.587701206496295,10.823222502794087,7.328269790614955,1.4252148649125205,0.33016508254127064,0.5510026795676065,6495.225639021927,1.6382193040143143,0.27204872691213217,0.5552207997906692,0.4937339454058908
155.2494686212843,108.47723539037223,133.93599733432316,169.3669126508635,93.02662268278259,156.67463973020355,31.327605605144154,14.064531944989863,22.185020779333136,33.164948337125885,93.02653909742347,195.64333003188176,134.53208559180533,67.04986340946257,117.67658225163105,37.70604975235095,7.91653776343219,6.69951311538315,1.21702464804904,1.9140659838037157,0.5247604858642311,0.33592591243600817,0.07749874124246349,17.82984672865764,7.009736246785521,5.844054320634431,4.976056161237685,2.9505726453907344,152.39879027901455,0.290716786964911,59.37567358889483,47.54904707574952,48.18181818181818,$C_{v}^{syst}$,[ml/mmHg],5.571003404871553,11.683795264761427,11.591938901604022,11.465799968994984,11.510234839225937,2.1848525215883026,5.4499173272632095,11.132090426725007,9.499672205899895,10.250981124041097,12.620276359169683,10.854576169693788,7.347895465686963,1.430121004363719,0.33016508254127064,0.5510028100810347,6511.863587794781,1.6382277017482285,0.27206029720641406,0.555223645927648,0.49375482706958024
155.6366286248032,108.75112492109416,134.27175334056332,169.80776695946034,93.25849523448784,157.03404207289302,31.405381309003808,14.101011572927648,22.241249140507904,33.25365942868681,93.2583672262293,195.98776217764973,134.86960024003926,67.21954113774515,117.96146969313389,37.787771668324126,7.951949569858795,6.729753343332108,1.2221962265266864,1.9237351188844634,0.527384126372491,0.33763508277377285,0.07789183857853872,17.874395900896797,7.027253435961895,5.858660331078698,4.9884821338562,2.9505726453907344,152.77928874173398,0.290716786964911,59.38743854736831,47.58377063446281,49.5959595959596,$C_{v}^{syst}$,[ml/mmHg],5.5847751574759545,11.712412303562807,11.620511678862954,11.497524251751614,11.540885755763473,2.1903935453534307,5.463077408516425,11.16089750505412,9.524242749263967,10.277476241137812,12.65204710102256,10.885175512690195,7.367039726779275,1.4349133731157113,0.33016508254127064,0.5510029372048364,6528.094666414148,1.638234547507848,0.27207142296080133,0.5552259660737491,0.4937749049777901
156.01426838749373,109.0182592814672,134.59925644805625,170.23762117807672,93.48452586804449,157.38462619438843,31.48123373470858,14.13659806005216,22.296094101710086,33.34017937988285,93.48436432922304,196.32369477638107,135.1988184606676,67.38505540048484,118.23960979597766,37.86761695493128,7.986577890113474,6.759324654530512,1.2272532355829622,1.9331906355540884,0.5299494679135993,0.33930636629831123,0.07827624979232382,17.917830001641512,7.0443301481197595,5.872898564694673,5.000601288827082,2.9505726453907344,153.15041822497463,0.290716786964911,59.398766022152735,47.617463819486844,51.01010101010101,$C_{v}^{syst}$,[ml/mmHg],5.598205908393101,11.740321707657065,11.648448624479906,11.528448762097781,11.57079134642518,2.1958006615857997,5.475921977123086,11.188996321573102,9.548205119137702,10.303320731633153,12.683034762009306,10.915053909512583,7.385714323098694,1.439595309427286,0.33016508254127064,0.551003060527888,6543.916810763114,1.6382435146662657,0.27208263978345004,0.5552290051985209,0.49379515156010484
156.38292765191153,109.27903687442401,134.91896641176584,170.65744735495548,93.70535232626447,157.72688797899426,31.55530301079563,14.17134549585868,22.349650465862165,33.42470426051095,93.70513763901502,196.65179414100902,135.52027754310703,67.54665901625171,118.51113736147938,37.94568755772186,8.02047069320153,6.788266088767005,1.2322046044345234,1.9424449711191871,0.532459943013742,0.34094276061873047,0.07865260703757991,17.960239960597487,7.0610055132777605,5.886801908673713,5.012432538646015,2.9505726453907344,153.5127414938508,0.290716786964911,59.409878383414224,47.65028361339222,52.42424242424242,$C_{v}^{syst}$,[ml/mmHg],5.611317617430581,11.767568222658316,11.675776434848888,11.558613421080544,11.599987358289907,2.201081639243146,5.488458111341163,11.216435781373196,9.571604676545888,10.328556961721834,12.713291198691762,10.944216597072757,7.403948353574583,1.4441728169749892,0.33016508254127064,0.5510031820274366,6559.374662838513,1.6382494455529948,0.27209340329413356,0.5552310152784078,0.4938145770646112
156.74262013332384,109.5334673845293,135.23089241781307,171.06721039789142,93.9207419677263,158.06084088692063,31.62754737825047,14.205249932621706,22.401892399206407,33.50720605612789,93.9204279614215,196.97180094587563,135.8339505519515,67.70437088294032,118.77606869824281,38.02196367681452,8.053617063019475,6.816571085363257,1.2370459776562188,1.9514960607203726,0.5349149495898939,0.3425428107143411,0.07902059483696736,18.001623296814923,7.077277406478007,5.900369643599733,5.023976246737182,2.950572645390735,153.8662341653871,0.290716786964911,59.420626538940645,47.68216948335115,53.83838383838384,$C_{v}^{syst}$,[ml/mmHg],5.624110352656817,11.794151601519307,11.702493992856654,11.588028074221462,11.628480253408707,2.2062341375674026,5.500686027441464,11.243209670817407,9.594441491775953,10.353182746881181,12.74281289672899,10.97267303775319,7.421742754422891,1.4486444131893037,0.33016508254127064,0.5510032984905698,6574.4519377408415,1.6382561609049011,0.2721040368016379,0.5552332912270839,0.49383377113539156
157.09407873782533,109.78209142944546,135.53567824600876,171.46748420843716,94.1311515099505,158.38711680323854,31.698153377758924,14.238382661594427,22.45294943284222,33.58782794848571,94.13080723593065,197.28455281948538,136.14046248158337,67.8584996161202,119.03516742744563,38.096638164410976,8.0860795885726,6.844290783863646,1.2417888047089547,1.9603598179037458,0.5373193625286304,0.34411027635643526,0.07938110767159513,18.042044240398855,7.093169981347545,5.913620217821564,5.035254041229746,2.9505726453907344,154.21165651819751,0.290716786964911,59.43106573932268,47.71321722388472,55.25252525252525,$C_{v}^{syst}$,[ml/mmHg],5.6366106236035405,11.820126466678031,11.728649671458694,11.61675238241492,11.656325728828637,2.2112712537167587,5.51264081577592,11.26937416909333,9.616752650095934,10.377247044998418,12.771659751872269,11.000498561843571,7.439131241782372,1.4530212794678492,0.33016508254127064,0.5510034143386723,6589.180605696535,1.6382637845654737,0.2721145350247589,0.5552358750172457,0.4938527202256222
157.43688425703706,110.02461322867076,135.83296477459425,171.8579463682581,94.3362717202786,158.7053384575033,31.767019865168496,14.270701484366356,22.502741411968803,33.666469493429474,94.33587726862739,197.5895414556158,136.43947549888406,68.00888364595448,119.28789411593759,38.16956990696641,8.117812581861749,6.871387895118444,1.246424686743305,1.9690247468490452,0.539669519459265,0.3456423996998755,0.07973348922016728,18.081477871495704,7.108674880661328,5.926548404902578,5.046254585931795,2.9505726453907344,154.54853825747375,0.290716786964911,59.44114586009287,47.74335553069639,56.666666666666664,$C_{v}^{syst}$,[ml/mmHg],5.648800909370646,11.84546017767354,11.754209090860133,11.644760149758598,11.683495144401924,2.2161850034079933,5.524298849208617,11.294897843576853,9.638522428266125,10.400723172773922,12.799797931517983,11.027646266792788,7.456096231796503,1.4572953982719525,0.32973629671978844,0.5510035241444226,6603.539020419502,1.6382726965904872,0.2721250248076974,0.5552388954563552,0.49387165940588645
157.77223147721,110.2618479481041,136.12377355802357,172.2401658503701,94.53705614905685,159.01664951209486,31.83440715538807,14.302322317458298,22.55146462695294,33.743481287122755,94.53669768347098,197.888023657295,136.7320092224486,68.15598114623515,119.53523583265269,38.24100287539636,8.148928662710437,6.897956554320536,1.250972108389901,1.9775206567344208,0.54197387754222,0.3471453148642623,0.08007911944057547,18.12004980595486,7.123840698263938,5.9391931552613215,5.057015952429602,2.9505726453907344,154.87814350733836,0.290716786964911,59.45104266699214,47.772824214562284,58.08080808080808,$C_{v}^{syst}$,[ml/mmHg],5.660727013394596,11.870243150380258,11.77925096574236,11.672139688932537,11.710073433727528,2.2209937039671326,5.535704007303322,11.319870657572013,9.6598184326259,10.423691394937121,12.82732703830933,11.054206547834855,7.472692449239891,1.4614816538363307,0.32973629671978844,0.5510036358645118,6617.59393043398,1.6382797372401945,0.27213490539246415,0.5552412816540712,0.4938894912471691
158.0997940688806,110.49356794262674,136.40783108584043,172.61345586180514,94.73325224500996,159.32074815293782,31.900217186024296,14.33321564415768,22.599054563617507,33.81868521336618,94.7327487025492,198.17951788463975,137.01778140320076,68.29969206460696,119.7768894313012,38.31086645863064,8.179388084531245,6.923965083812931,1.255423000718314,1.9858377829294553,0.5442293243115734,0.34861630782353886,0.08041743230585706,18.15772658221192,7.138654945750282,5.951544957622195,5.067526678839446,2.9505726453907344,155.20007483126562,0.290716786964911,59.4607126462098,47.801483076416154,59.494949494949495,$C_{v}^{syst}$,[ml/mmHg],5.672376077550623,11.894449872080944,11.803748603322388,11.698871139785076,11.736038411122001,2.2256913864185894,5.54684327548861,11.344266750173588,9.680622453766594,10.44612928644936,12.854218934665587,11.0801583794625,7.488906523092,1.4655750711914186,0.32973629671978844,0.5510037432486794,6631.327657150698,1.6382850915945486,0.27214479847083467,0.5552430963371844,0.4939073496421059
158.41980938251257,110.71994546105712,136.68534295280585,172.97813378342093,94.92476475284381,159.61784746662514,31.964516845616327,14.36339760446938,22.645550499291744,33.89217920613714,94.92422877130183,198.46437604472402,137.29701060742698,68.44011877748446,120.0131081986031,38.37925641738351,8.209208304219999,6.949426806912156,1.2597814973078427,1.9939803140371142,0.5464370871466893,0.35005678618802477,0.08074870052248044,18.19453352699011,7.1531270477539595,5.963611535908253,5.077794943327891,2.9505726453907344,155.51455454135782,0.290716786964911,59.47001933646039,47.8293538936734,60.90909090909091,$C_{v}^{syst}$,[ml/mmHg],5.6837564501114715,11.918099850202958,11.82772290381395,11.724981934522967,11.761415415190987,2.2302839408415056,5.557729815963488,11.368103031523049,9.700952884469602,10.46805394663736,12.880492118415182,11.105526472346549,7.50474950321492,1.4695814774655611,0.32973629671978844,0.5510038441689711,6644.733532699067,1.6382927568614156,0.27215468137955207,0.5552456942284375,0.4939251953677713
158.73337520434558,110.9419475626664,136.95727466006514,173.33554265139256,95.11226155112081,159.9087012259512,32.02735057494546,14.39292792714936,22.69100647104327,33.96402166426713,95.11126907598396,198.74259716598553,137.5702879431816,68.5776204571652,120.24404090516018,38.4460881675074,8.238464049285806,6.9744152114267255,1.2640488378590804,2.0019701642143546,0.5486051249835012,0.3514669856144866,0.08107319237700958,18.230615984770708,7.167315405298935,5.975442873820956,5.0878577056508165,2.9505726453907344,155.82275806435197,0.290716786964911,59.479103277017465,47.856509088763225,62.323232323232325,$C_{v}^{syst}$,[ml/mmHg],5.694900843270663,11.941242646317018,11.851190925719715,11.750501747725693,11.786229541408273,2.234772309634125,5.568365998776936,11.391433242166958,9.720854196961447,10.489513128011858,12.90620622471317,11.13031338427296,7.52026131035624,1.4734969430229856,0.32973629671978844,0.551003948112529,6657.858308578457,1.638303574356715,0.27216471307379564,0.5552493604643176,0.4939433084029603
159.04023608359353,111.15927529361987,137.22339433148053,173.68544747866608,95.29574747342335,160.19324641809007,32.088782251564815,14.421811806849767,22.735447349445533,34.034277958660425,95.29403590534791,199.0144932582307,137.83765814145633,68.71220493171474,120.46989456821706,38.51151813396482,8.26714239616609,6.998914137989229,1.2682282581768607,2.0098034206297815,0.5507307818048645,0.35284806563076165,0.0813910637094256,18.265924102783725,7.18119912796543,5.987020015950621,5.097704958867676,2.9505726453907344,156.12434609834477,0.290716786964911,59.4879931609039,47.88296286627698,63.73737373737374,$C_{v}^{syst}$,[ml/mmHg],5.705805479589666,11.963882730413259,11.874152109366737,11.775434336304809,11.810483260114433,2.239161904017594,5.578763108405975,11.414256095041017,9.740327280876318,10.510509242252464,12.931360623073369,11.154553947481912,7.53544223260311,1.4773294870245808,0.32973629671978844,0.5510040466648997,6670.702323139634,1.6383138832284796,0.2721747525542223,0.5552528543189023,0.4939614403952807
159.33956802085729,111.37101780895328,137.48296455681603,174.02667419452465,95.47486608980526,160.47114977970216,32.14893507024788,14.450052121549339,22.778942341770122,34.103062933394405,95.47312412558753,199.28096262329058,138.098904649353,68.84360409528776,120.69098668671035,38.5756773539197,8.295205389148489,7.0228749306778715,1.2723304584706172,2.0174661373921414,0.5528082246720342,0.3542038324336906,0.08170285800151968,18.300351092191097,7.194735428103654,5.9983063949838025,5.1073092691036415,2.9505726453907344,156.4185316883372,0.290716786964911,59.49659251577306,47.90880316353374,65.15151515151516,$C_{v}^{syst}$,[ml/mmHg],5.716448593973688,11.986001056853928,11.896662697476637,11.799827332426077,11.834228081275924,2.2434562874389026,5.588944681300183,11.436560857054705,9.75934964084813,10.531023637048175,12.955940317054928,11.178292129217121,7.550266660427195,1.481086994377665,0.32973629671978844,0.5510041441248275,6683.240626286368,1.6383215614170885,0.2721840825649812,0.5552554565895568,0.49397828576643005
159.63257028348758,111.5782729214976,137.7370407146859,174.36082478829255,95.65031232197717,160.7431979052263,32.20783304775224,14.477707958652607,22.821531495024534,34.1704441302033,95.64851038616908,199.5418763098378,138.35471039985734,68.97227479050959,120.90750639609288,38.63859395843525,8.322730750702803,7.046375574940688,1.2763551757621145,2.0249819053885036,0.5548455640995813,0.35553399789801154,0.08200875647683181,18.334046793170117,7.207984194821034,6.009352534815713,5.11671006353337,2.9505726453907344,156.7065018657698,0.290716786964911,59.505045046056814,47.93405382118953,66.56565656565657,$C_{v}^{syst}$,[ml/mmHg],5.7268650175295654,12.007657644220116,11.918722694659767,11.823695769160503,11.857473291050031,2.2476616756359986,5.598913456128552,11.458401085774634,9.777974781439111,10.55111118669363,12.98000529099219,11.201538632843437,7.564782848748408,1.4847685897584202,0.32973629671978844,0.5510042393800353,6695.521862538401,1.6383271320460082,0.27219313878358364,0.5552573445718535,0.4939946362115887
159.91914614384936,111.78098693765705,137.98554188510363,174.68776773573455,95.82200260129456,161.0092733797575,32.2654473335928,14.504760759159202,22.86319365230522,34.23638680137821,95.82011991285246,199.79712105402817,138.6049501780599,69.09814642736573,121.11937152932772,38.70020486021355,8.3497040991983,7.069404068687193,1.280300030511107,2.0323467933468384,0.5568418524609635,0.3568377872860679,0.08230856658023578,18.367002640763875,7.22094183379755,6.020156091759907,5.125904715206419,2.950572645390735,156.9881572540283,0.29028800114342884,59.51334391484904,47.95870901810505,67.97979797979798,$C_{v}^{syst}$,[ml/mmHg],5.737053046734089,12.028840384210664,11.940329252351193,11.847040156557208,11.880218365404206,2.2517763201382452,5.608665212735171,11.479765843496029,9.796193266560197,10.570761979713733,13.003547280256026,11.224290868002223,7.578983496815292,1.488372458303958,0.32973629671978844,0.5510043323737762,6707.540182090619,1.638330999063334,0.27220187787672817,0.5552586551707744,0.49401041313787497
160.20092778990315,111.98051733499378,138.22989892107063,175.00915767102072,95.99044690146054,161.27062162817643,32.32180136114645,14.531288379281392,22.903972541291107,34.30087429676262,95.9876059505687,200.04650745698063,138.85049077059443,69.22177906066206,121.32671000993344,38.760456669275854,8.376237792899197,7.092074291875352,1.2841635010238448,2.039595964793076,0.5588082188960914,0.358114377026508,0.08260249330838823,18.39941912538645,7.233688287042456,6.030784081264904,5.1349467570790885,2.9505726453907344,157.26509782378548,0.29028800114342884,59.52134736776481,47.98264522124213,69.39393939393939,$C_{v}^{syst}$,[ml/mmHg],5.747060075786349,12.049621037379767,11.96146650978063,11.869862935004345,11.90245852702196,2.255803442464085,5.61819968798159,11.500727202140292,9.814082139271969,10.590046219076637,13.026643772997788,11.246536236342147,7.592929290797654,1.4918972816691591,0.32973629671978844,0.551004422424439,6719.331283102238,1.638341136021866,0.272211683550931,0.5552620907609973,0.4940281284008392
160.47430673855104,112.17367426879805,138.46694013177202,175.32108920606348,96.15435067687095,161.52474192975308,32.37703325733563,14.55717219113287,22.9438934262877,34.36412982042383,96.15237300717912,200.29151615651045,139.08974781329272,69.34203680338871,121.5299245062583,38.81968298432663,8.402097849233794,7.114135662646198,1.2879621865875965,2.0466529057827576,0.5607193148051275,0.3593701293834836,0.08289092207488893,18.43084873915007,7.246045077737995,6.041086743278379,5.143716918133693,2.9505726453907344,157.53378764263928,0.29028800114342884,59.5291777148843,48.006213569247926,70.8080808080808,$C_{v}^{syst}$,[ml/mmHg],5.756787670234882,12.069871699429243,11.982256759307345,11.892248710847884,11.924293996470253,2.25974924806966,5.627556540954103,11.52115944001974,9.831494272844873,10.608833751655137,13.049149991688527,11.268372734478474,7.606496830332493,1.495362976838254,0.32973629671978844,0.5510045120500962,6730.804547380966,1.6383427950341576,0.2722192649961904,0.5552626530288995,0.4940418073589946
160.74327676573353,112.3639051151953,138.70017190821918,175.6279583325854,96.31543953293098,161.77451141003732,32.431142706150695,14.582577093193967,22.983026111055537,34.426093568972796,96.31355834513317,200.53134083734375,139.32473946379014,69.46025866966114,121.72908054010078,38.877675208083566,8.427555750267935,7.135867071452933,1.291688678815002,2.0536033839692305,0.5626027426376526,0.36060179580303003,0.08317408989412528,18.461769848929467,7.258202333090812,6.0512222167075365,5.152345299131124,2.950572645390734,157.79813985676873,0.29028800114342884,59.53684464470902,48.02917984937608,72.22222222222223,$C_{v}^{syst}$,[ml/mmHg],5.766350107999534,12.08975875555671,12.002606389661397,11.914149118997157,11.945658246342493,2.2636164332819293,5.6367178339093025,11.54122423531553,9.84860250589186,10.627288202174864,13.071254797236366,11.289756422536861,7.619832136764763,1.4987581486841395,0.32973629671978844,0.5510045996072926,6742.080767305169,1.6383472953245086,0.2722275116902343,0.5552641782549801,0.49405669550536235
161.00656156783302,112.55013401895724,138.9284681894978,175.92842574791638,96.47317280100833,162.01897691827435,32.48409112111467,14.607446454160266,23.021315187299546,34.48672520082135,96.47121559019226,200.7659153786604,139.5547599052646,69.57599045073417,121.9239653044012,38.93448267766598,8.452514470522505,7.15717401587817,1.2953404546443346,2.0604180281499316,0.5644494579794057,0.3618087196895085,0.08345162772688766,18.492051200690607,7.270109159979909,6.061150025683842,5.160792015026853,2.9505726453907344,158.0569099285529,0.29028800114342884,59.54436612056336,48.051590534299564,73.63636363636363,$C_{v}^{syst}$,[ml/mmHg],5.775709981056096,12.109220332599833,12.022548540885776,11.935585935322653,11.966578029025682,2.2674007013408017,5.645680411710572,11.560865523256842,9.865351387673229,10.6453529901458,13.092890099872324,11.310680970176898,7.632887295073648,1.5020835315653567,0.32973629671978844,0.5510046853164772,6753.122096070583,1.6383509046040299,0.27223571604809066,0.5552654015021103,0.4940715084695302
161.26459859477606,112.73263140034443,139.15221630611612,176.22303840711734,96.62773411558952,162.25860391543117,32.53599656195603,14.63182299388162,23.058844565732656,34.546193292417335,96.62576550836752,200.99588220419815,139.78022326600902,69.68943946113444,122.11495618693878,38.990189447617986,8.477020185549927,7.178093725596463,1.298926459953464,2.067109155877429,0.5662622772918651,0.36299394088989917,0.08372413226191548,18.521732817219892,7.281780271909388,6.070881356642673,5.169071188667829,2.9505726453907344,158.31051893230168,0.29028800114342884,59.55168587913629,48.07350501350188,75.05050505050505,$C_{v}^{syst}$,[ml/mmHg],5.784882180088188,12.128296676626052,12.04211032216492,11.956590188895955,11.987082962791867,2.271110621268343,5.65446237738397,11.580116993171055,9.88177212543008,10.663060100529812,13.114095888813793,11.331221781421812,7.645683438343966,1.505344414932371,0.32973629671978844,0.5510047681915454,6763.941388091266,1.6383548717278729,0.2722437131562893,0.5552667460288581,0.49408594784001836
161.51670675284012,112.91084216714152,139.37082027176885,176.5105894351907,96.77872044283208,162.49283382217595,32.58687303739427,14.65567776032264,23.095621223828648,34.604457512942936,96.77737663748844,201.22150675645588,140.00076850065847,69.80033487194646,122.30240688281603,39.04493420714278,8.501018321582736,7.198569229844334,1.3024490917384026,2.073658583227201,0.5680362256526093,0.3641583665367741,0.08399167075525948,18.550705054373136,7.29317059875341,6.080377494509887,5.177156961109841,2.950572645390734,158.55829729900682,0.29028800114342884,59.55876217208562,48.0949468063674,76.46464646464646,$C_{v}^{syst}$,[ml/mmHg],5.793848247879395,12.146954290288933,12.061317104361045,11.977183047628301,12.007196086280354,2.2747484715887527,5.663082996177124,11.598952320844072,9.89782284397546,10.680380234541225,13.134840263501822,11.351396822657753,7.658193849900848,1.508547429088758,0.32973629671978844,0.5510048508603367,6774.510430998245,1.6383590997430928,0.27225118381680086,0.5552681789761968,0.4940994319590998
161.7645933329422,113.08617778382465,139.5857635007296,176.79364008040838,96.92726119388666,162.72300595341565,32.6367375088547,14.679095571975909,23.131679568749174,34.661622642013775,96.9258898760089,201.4424627834385,140.21736035607032,69.90930533397815,122.48607156802426,39.09856047008255,8.524635404383758,7.218729368592795,1.305906035790963,2.0801067306361105,0.5697832565967329,0.36530094601234775,0.08425435308966983,18.57920796393652,7.304377391604352,6.08972131664079,5.185109255691376,2.9505726453907344,158.8019380904873,0.29028800114342884,59.565800561498364,48.115917834170574,77.87878787878788,$C_{v}^{syst}$,[ml/mmHg],5.802659474112674,12.165279090033007,12.08014281567412,11.997354957341852,12.02690132643471,2.278314153845289,5.671525616372143,11.617448877860395,9.913592303916072,10.697391373229282,13.155211506730085,11.37115034691921,7.670486563152314,1.511685737761061,0.32973629671978844,0.5510049312329827,6784.9082835720665,1.6383619647813092,0.272258796901553,0.5552691499871024,0.4941131766140823
162.00741847070475,113.25792777846713,139.7963179326391,177.07086206236232,97.0726771237679,162.94848587798333,32.68557289306914,14.702039247278774,23.166997752397226,34.717605446028585,97.07126955863384,201.65885437319324,140.42956233766,70.01608438229572,122.66599680206842,39.15113191124253,8.54780540045505,7.238508345114402,1.3092970553406476,2.086433036291644,0.5714971852995763,0.36642170388876777,0.08451205844482884,18.607134220871,7.315357806783628,6.098876899446912,5.192899514640462,2.950572645390735,159.0405997444194,0.29028800114342884,59.57261683085318,48.13637856882403,79.29292929292929,$C_{v}^{syst}$,[ml/mmHg],5.811290599821505,12.183228677894101,12.098602670167296,12.017116022956323,12.046211046772873,2.281807440890754,5.67979372559454,11.635569060776827,9.929044879723856,10.714058010581178,13.175167872228563,11.390502961822003,7.682531402569423,1.514761854883174,0.32973629671978844,0.5510050095417135,6795.087398663753,1.6383662680039437,0.27226649778137446,0.555270608423532,0.4941270824521654
162.24554626652449,113.42635170197295,140.00279873106197,177.34274025308025,97.21527806702,163.16961083230575,32.733504933363164,14.724546631450147,23.20165998219875,34.77256671286997,97.21402308740593,201.87131762168872,140.63773104509897,70.12080838369593,122.84262954990685,39.202790278816984,8.570565865832918,7.257934570322389,1.3126312955105304,2.0926465956697786,0.5731804654368837,0.3675237537572339,0.0847653907592419,18.634509153352525,7.326121001653617,6.107850320158946,5.2005378315399655,2.9505726453907344,159.2746455559803,0.29028800114342884,59.579279236579794,48.156431648000215,80.70707070707071,$C_{v}^{syst}$,[ml/mmHg],5.819755387561706,12.200834380933552,12.116721917839662,12.036494501137753,12.065152445072346,2.2852366550287426,5.687910177709965,11.653346963939573,9.944202151168202,10.730408030713468,13.19474425934948,11.409497791741382,7.694345587179728,1.5177840513437533,0.32973629671978844,0.5510050865993009,6805.0694646914,1.6383705187385948,0.2722738754435096,0.5552720490708782,0.4941404028117643
162.47883823498287,113.59133778596913,140.20508853079795,177.60902724013886,97.35488735324141,163.38626227659984,32.78050414863027,14.746607708080301,23.23564460353134,34.82645719499854,97.35400234391129,202.07972238826753,140.84174209712157,70.2234395458732,123.01591187410489,39.253516846874035,8.592901084972528,7.276994782520833,1.315906302451695,2.098743203775744,0.5748319110701229,0.36860626938262975,0.08501417876846587,18.66133005230199,7.3366664381351185,6.11664268952426,5.208020924642615,2.9505726453907344,159.50393130753483,0.29028800114342884,59.58572403622735,48.176037255662585,82.12121212121212,$C_{v}^{syst}$,[ml/mmHg],5.828048843378483,12.218088874682312,12.134519327544742,12.055507851055289,12.08374369206914,2.2886005341777187,5.69587222049533,11.670772198759469,9.959055918713279,10.746431482676025,13.213930359010568,11.428142205716075,7.705922299990073,1.520751061049975,0.32973629671978844,0.5510051611596154,6814.842114726898,1.6383762093914453,0.2722811058388699,0.5552739777313569,0.49415345813792727
162.70785150527917,113.7533323994776,140.403665374123,177.87067416164095,97.4920880453098,163.59889781578863,32.82657941154315,14.768251432333106,23.268968793098175,34.879321139538604,97.4912327614781,202.28394817361664,141.04192521727984,70.32417303913418,123.18581646547499,39.30327115107303,8.61408073451968,7.295732313505551,1.3183484210141285,2.104736531489101,0.576455465870879,0.3696688948230052,0.08494428445103082,18.687659958710235,7.34701882378008,6.12527401150343,5.21536712342673,2.9505726453907344,159.72902387130364,0.29028800114342884,59.59214233526517,48.19523923757072,83.53535353535354,$C_{v}^{syst}$,[ml/mmHg],5.836188840809727,12.235018077554063,12.15196851682573,12.074137866614917,12.101963261219733,2.291898370837456,5.703674960278352,11.687869992985302,9.973631449849885,10.762154951167762,13.232755978994792,11.446417910356393,7.717284728510111,1.523661098007362,0.3301650825412706,0.5489747679922597,6824.446163171686,1.638379350302447,0.27128483186605207,0.5552750422403113,0.49416630359571834
162.93266473501254,113.91234780495223,140.59859536580564,178.12740627276915,97.62662021373022,163.80764859597522,32.87180323110745,14.789500545566087,23.301673044987744,34.93118145273745,97.62579669510457,202.48433255268495,141.2384578501474,70.42309502297006,123.35259248832338,39.352152882242756,8.635657060431905,7.314151556915415,1.3215055035164893,2.1106280663356327,0.5780514283454299,0.37071306830234557,0.08518347784256887,18.713511024963953,7.35718340851222,6.133749150211427,5.222578466240307,2.9505726453907344,159.94998224927764,0.29028800114342884,59.5983283140351,48.214000295407075,84.94949494949495,$C_{v}^{syst}$,[ml/mmHg],5.844179757257557,12.251634006501325,12.169108723245415,12.092422272787049,12.11984968508111,2.2951354949501823,5.711332213645446,11.704655175073427,9.987944922171634,10.777592195357702,13.251236507630171,11.46434886072632,7.728441630711154,1.5265195513039238,0.3301650825412706,0.5489747679922597,6833.863414961115,1.638384918981168,0.2712920614059955,0.555276929561652,0.4941794727618894
163.15300951676977,114.06819189895825,140.78965318047727,178.379233402315,97.75868840798617,164.01226502891578,32.916155558935614,14.810331883320224,23.33374388056108,34.98207532115513,97.75787418507832,202.68086921650965,141.43111457947865,70.52004890138528,123.51613069655338,39.400091280427034,8.656839680632313,7.332233217576994,1.3246064630553183,2.116411869428539,0.5796178938141412,0.3717387290096684,0.08541836979330655,18.738845889572815,7.3671445899838774,6.142054502615856,5.22964679697308,2.9505726453907344,160.16656039034996,0.29028800114342884,59.604498718892195,48.23241313448804,86.36363636363636,$C_{v}^{syst}$,[ml/mmHg],5.852011132890513,12.267926207070142,12.185924505590409,12.110347146414462,12.137388574518322,2.298309449744969,5.718841426756205,11.721111192102287,10.00197289896639,10.792725150168684,13.269352354611975,11.4819406768462,7.73937740297738,1.5293228609137772,0.3301650825412706,0.5489747679922597,6843.108188559032,1.6383869607774475,0.27129880656173705,0.555277621561655,0.4941917595847724
163.3695979552064,114.2213788423919,140.9774469561199,178.62677811892496,97.88838355017752,164.21340034427087,32.959757709644364,14.830812705158651,23.365271859763077,35.032119061840774,97.88769180281223,202.87410701266563,141.62052985303418,70.61535603396835,123.67686227024636,39.447256595883275,8.677689628155584,7.350030078884343,1.3276595492712415,2.122104568754896,0.5811596909541866,0.3727485642371175,0.08564962652354983,18.76375263470838,7.376938207671445,6.150220044237679,5.236594382799249,2.9505726453907344,160.37944231307364,0.29028800114342884,59.610472315265405,48.25046096035361,87.77777777777777,$C_{v}^{syst}$,[ml/mmHg],5.859710468754982,12.283938205966255,12.20246091252461,12.127959826023526,12.15462648539872,2.301430317183975,5.726218502165123,11.737289404479805,10.015768381042694,10.807603775113757,13.287162468746416,11.499225585476303,7.75012888560034,1.5320806152852782,0.3301650825412706,0.5489747679922597,6852.186848512427,1.6383909560715468,0.2713055273311874,0.5552789756357889,0.49420400198613984
163.5818638048525,114.37156808938484,141.16150410329445,178.8692651389124,98.01538111980433,164.41042580903095,33.00244342985663,14.850869941790888,23.396142335537423,35.081099824403616,98.01471959743323,203.063265788151,141.80604073452565,70.70872638631565,123.8344402855199,39.49347365377214,8.698142456069329,7.367490033558264,1.3306524225110645,2.127689124146703,0.5826726781127542,0.3737384397401344,0.08587636615867235,18.788163237889346,7.386536131693905,6.1582236376997,5.243403468495742,2.9505726453907344,160.58807198584034,0.29028800114342884,59.61628080305137,48.26807015882856,89.1919191919192,$C_{v}^{syst}$,[ml/mmHg],5.867252899796133,12.299623245845586,12.21868884481761,12.145231176308272,12.171534336088756,2.3044874946218536,5.733451709262293,11.753135845827664,10.029277461263185,10.822176123724711,13.3046068264779,11.516172558309076,7.7606603399577585,1.5347828337970026,0.3301650825412706,0.5489747679922597,6861.076678386303,1.6383966490887112,0.27131232349782725,0.5552809050975743,0.4942163817293195
163.79040309381517,114.51908017218703,141.3423267045364,179.10750354030085,98.14027361749825,164.60405202064152,33.04443722980299,14.870592570606869,23.426510372645893,35.1292903066355,98.1397457510147,203.24941810272864,141.9884392617482,70.80050574575105,123.98940548371104,39.53898063071848,8.718271328521437,7.384669963996613,1.3336013645248248,2.1331844952666614,0.5841610185531,0.3747138310100429,0.0860997318049266,18.81212903359051,7.395958655777249,6.166078858148325,5.250091519664942,2.9505726453907344,160.79303894046288,0.29028800114342884,59.622027776807926,48.28537600113167,90.60606060606061,$C_{v}^{syst}$,[ml/mmHg],5.874664768790364,12.31504148792549,12.234628164268011,12.162185612452305,12.188134804473826,2.3074951174654705,5.740563169256555,11.768716389007425,10.04255713468616,10.836503910453713,13.321756016417947,11.532839598733855,7.771013672656656,1.537442864162177,0.3301650825412706,0.5489747679922597,6869.8191532248775,1.6384001492308224,0.27131884757484875,0.5552820913561526,0.49422826584021473
163.9951984465343,114.66393806061375,141.51989734291962,179.3414983869751,98.26284561946953,164.7942110254038,33.085644799489074,14.889955526706515,23.45631217691976,35.17659116982965,98.2623670213529,203.4320614396228,142.16753302175152,70.89065476045981,124.14153772020553,39.58368231182511,8.738061760026355,7.401563006887965,1.33649875313839,2.1385881448486592,0.5856244595773428,0.3756721346771202,0.08631922838726608,18.835672918548994,7.405215686427131,6.173797138669473,5.256660093452395,2.9505726453907344,160.99432243165643,0.29028800114342884,59.62760767386535,48.302301183983474,92.02020202020202,$C_{v}^{syst}$,[ml/mmHg],5.881943150049343,12.330178766200797,12.250293183362329,12.178836357490969,12.204441695630232,2.310447728939183,5.747542695600144,11.784013720129343,10.05560033492661,10.850572443543543,13.338594947367014,11.5492011587913,7.7811810987030485,1.540055601032336,0.3301650825412706,0.5489747679922597,6878.399193362867,1.6384048458673728,0.2713254588482222,0.5552836831273491,0.4942403087860091
164.19625296529873,114.80614828461384,141.69422127545147,179.57129089928955,98.3832261202487,164.98090138935768,33.12611471455111,14.908974335393465,23.48558211635768,35.22305990252276,98.38282778621767,203.6114399201056,142.34340929998226,70.97920415710807,124.29093106863617,39.62761893408283,8.757517260197861,7.418169036932701,1.3393482232651597,2.1439000397099113,0.5870629834334633,0.3766146023248871,0.08653508192924288,18.858789462119024,7.414305043326388,6.181375583978602,5.263108834814036,2.9505726453907344,161.19193382114085,0.29028800114342884,59.63310012960993,48.31890969624387,93.43434343434343,$C_{v}^{syst}$,[ml/mmHg],5.889089816307161,12.345043796518349,12.265684355458601,12.195185329939152,12.2204564017293,2.313347232669399,5.754396120338768,11.799036946092032,10.068408057809831,10.864388424588594,13.355129943653921,11.565265617077145,7.791166107222337,1.5426230030810353,0.3301650825412706,0.5489747679922597,6886.825828417409,1.6384087021513642,0.27133186273882937,0.555284990088558,0.4942519739680549
164.3937305349198,114.94583206817823,141.86545219388043,179.79693193593553,98.50139108056338,165.16426582390946,33.165871748003816,14.927652260692094,23.514337805082032,35.26870863804243,98.50118122345093,203.78770552899437,142.51616216551793,71.06615031970166,124.43777526462263,39.67083302066341,8.776651611036096,7.434500009724372,1.342151601311723,2.149124000027994,0.5884776299412631,0.3775418649581384,0.08674740386776526,18.881487207965666,7.4232291716736345,6.18881578561062,5.269442250681411,2.9505726453907344,161.38602917985213,0.29028800114342884,59.63843970074073,48.33519321872754,94.84848484848484,$C_{v}^{syst}$,[ml/mmHg],5.896107797006552,12.35964649027628,12.280809887331316,12.211242553730157,12.236188281487983,2.3161960445076244,5.761131981905141,11.813792779496634,10.080989417615696,10.877959156938024,13.371370226863046,11.581055961334421,7.800972893340016,1.5451478992247445,0.3301650825412706,0.5489747679922597,6895.097375639437,1.6384137057298611,0.27133811119121515,0.5552866858876784,0.4942633560073582
164.58781415230885,115.08321081958319,142.03374004346185,180.01888194646182,98.61757377809019,165.34434470948827,33.20488624717378,14.945990060271559,23.542559270778305,35.313535698543845,98.6173479900895,203.96062925899648,142.68580872850924,71.15152817712803,124.58189164922295,39.71322381985095,8.795469460992088,7.450563688424546,1.3449057725675428,2.1542619011077893,0.5898696795525954,0.37845280686941885,0.08695604376779369,18.90380563686647,7.432004890924542,6.196133267000719,5.275667478941208,2.9505726453907344,161.57679654922958,0.29028800114342884,59.6437537379112,48.3511687272065,96.26262626262626,$C_{v}^{syst}$,[ml/mmHg],5.903002849408124,12.373980347424006,12.295668543684538,12.22700830130479,12.251637067607017,2.318992064305132,5.767739070708754,11.828284786455972,10.093341730340667,10.89128508314091,13.387319176186901,11.596552570694275,7.8106036099528,1.5476250725119411,0.3301650825412706,0.5489747679922597,6903.230164466313,1.638417883944403,0.2713442105492233,0.5552881019567077,0.494274466459721
164.77843828453956,115.21803471532345,142.1990200193476,180.2368523774381,98.73167495184748,165.52136797252504,33.243238201196604,14.964020289525017,23.570297547765893,35.35759924988242,98.73146807999791,204.13060202895772,142.85256648410467,71.23544793943881,124.72351787772745,39.754909442363584,8.813983865581866,7.466367625049532,1.3476162405323346,2.159317405676254,0.5912385394658322,0.3793492907199374,0.08716137616312546,18.925730373251376,7.440625963473964,6.203321908517261,5.281782501260151,2.9505726453907344,161.76416660739733,0.29028800114342884,59.64889981348873,48.36681374505131,97.67676767676768,$C_{v}^{syst}$,[ml/mmHg],5.90977713858282,12.388071507333306,12.310280894300652,12.242502475686397,12.266823005844456,2.3217407939468453,5.7742331767020625,11.842528012171998,10.105487006604056,10.904383778310718,13.402993032575266,11.611779272257358,7.820070043723639,1.5500609126452058,0.3301650825412706,0.5489747679922597,6911.217246629323,1.6384221850413405,0.27135038208748535,0.555289559672702,0.494285708393999
164.96585817639357,115.35061691005255,142.36152881301092,180.45107160958614,98.84393056260518,165.69537013115925,33.280985490233995,14.981748321262478,23.59759300185725,35.400945812003734,98.84382855678166,204.297925328169,143.01656032322043,71.31799097853607,124.86300838672217,39.79600068491341,8.832209686951034,7.481922460199719,1.3502872267513144,2.164293210214404,0.5925858386472704,0.3802327634698988,0.0873636701688469,18.94726683939451,7.44909320730441,6.210380902747275,5.287792729342823,2.950572645390734,161.9483737372377,0.29028800114342884,59.654008729612315,48.38219888821988,99.0909090909091,$C_{v}^{syst}$,[ml/mmHg],5.9164370260594294,12.401927153612725,12.32465577985962,12.257736387521152,12.2817564464384,2.324446145305794,5.780627331812582,11.856536108047653,10.11742621766356,10.917265302519867,13.41840851219445,11.626777042555503,7.829378971652039,1.5524611400372537,0.3301650825412706,0.5489747679922597,6919.075139382363,1.638425068847943,0.2713562753428036,0.5552905370445377,0.49429644341437123
165.1499761169265,115.48085883254701,142.5211656914594,180.66158569105454,98.95415126461849,165.86632063108664,33.318030488577925,14.99916712963527,23.62438586072488,35.44350044432389,98.9540198686012,204.46206238209808,143.1776663929337,71.39911949470383,124.99992107955097,39.83636586542381,8.850131779756845,7.49722066046257,1.3529111192942749,2.1691868606541997,0.5939109688021299,0.38110058988761475,0.0875624667360742,18.968439344125994,7.457418359266654,6.21732271816857,5.293698266690768,2.950572645390734,162.1293456917145,0.29028800114342884,59.65897771658445,48.39725214337133,100.5050505050505,$C_{v}^{syst}$,[ml/mmHg],5.922980267383586,12.415537012480398,12.338784922887902,12.272701652677693,12.29642913948012,2.327101738117961,5.786901599586768,11.870296148492454,10.1291580189274,10.929920378664411,13.433549546637236,11.641495077255014,7.838526467442004,1.5548184772513431,0.3301650825412706,0.5489747679922597,6926.790588523294,1.6384289453219187,0.27136232104693364,0.5552918508484808,0.49430745613204524
165.33088501795228,115.60881072530245,142.67802081815756,180.86843263376792,99.06238650538972,166.03431921207604,33.354472811371444,15.016283757444128,23.650734970967047,35.485377268081734,99.06247328630012,204.6236256330445,143.3359766665179,71.47875072602264,125.13456373797304,39.876031017130494,8.867766769962687,7.5122706728698505,1.3554960970928371,2.1740012680746608,0.5952144526041403,0.38195562579707637,0.08775823480976802,18.989229143496882,7.4655920846946575,6.2241371243654555,5.299499934436767,2.9505726453907344,162.3071645556092,0.29028800114342884,59.66380142099242,48.41204087740619,101.91919191919192,$C_{v}^{syst}$,[ml/mmHg],5.929409339859696,12.428909952381165,12.352672950418036,12.287404638355198,12.310846709863364,2.3297145313069407,5.79307281043659,11.88381935067979,10.140684616615486,10.94235589305326,13.448429778413866,11.655972220947119,7.847511455708067,1.5571357702440982,0.3301650825412706,0.5489747679922597,6934.367055377281,1.6384338221730455,0.27136808238195026,0.555293503697508,0.4943179508493848
165.50898490067345,115.73490235949549,142.83245135306015,181.07197230411282,99.16882241738465,166.1995278279169,33.3902515152841,15.033107604258971,23.676615992251747,35.52647035828534,99.16886058800681,204.78217780800654,143.49165415449403,71.55712888784284,125.26685192710778,39.9150288071181,8.885130203497974,7.527093827738232,1.3580363757597418,2.1787424165468967,0.5964989768426286,0.3827957917374721,0.08795070247380508,19.00970889291208,7.473645070770634,6.23085211067404,5.305211711467404,2.9505726453907344,162.48220661292726,0.29028800114342884,59.668534389618785,48.42650940111719,103.33333333333333,$C_{v}^{syst}$,[ml/mmHg],5.935735415588705,12.442057386788717,12.366327744599927,12.301855162488096,12.32501837182853,2.3322806823278173,5.799131283207388,11.89711582825145,10.152023476160993,10.954585266533861,13.463063201201575,11.670194133687804,7.856351404943912,1.5594134288213373,0.3301650825412706,0.5489747679922597,6941.817569216925,1.6384404155679835,0.27137405606406834,0.5552957383128624,0.4943288323733935
165.68403247575944,115.85872959671325,142.98422275783693,181.27238334872158,99.27372548648636,166.3620641415457,33.42549384459961,15.049670922152636,23.702102534137367,35.567008860826505,99.27380595732477,204.9383842038949,143.64487027824143,71.63426921899999,125.39705467918479,39.95348471870788,8.902231268339866,7.5416893075597145,1.3605419607801519,2.1834114956157133,0.5977630196524631,0.3836245505041471,0.08814047420323175,19.02984280435228,7.481562381011421,6.237453636322061,5.3108267870188,2.9505726453907344,162.65427377514126,0.29028800114342884,59.67329511012882,48.44080641260274,104.74747474747475,$C_{v}^{syst}$,[ml/mmHg],5.941955665103208,12.454999791043752,12.379777333985201,12.316079063213975,12.33897091522443,2.3348072797155255,5.805095998839942,11.910203299756851,10.163181883466804,10.966621111128573,13.477462495484453,11.684188643888936,7.865050076003715,1.5616588382767225,0.3301650825412706,0.5489747679922597,6949.160784054045,1.6384423267895047,0.27137948384769206,0.555296386058826,0.4943387195010725
165.85603527600333,115.98040758773129,143.1333598272386,181.46894525084284,99.37663492004724,166.5217464613053,33.46011576408587,15.06594417726023,23.72714249025178,35.60678331009327,99.37676213320752,205.09186156753847,143.79536976573002,71.71002214505282,125.5251995561931,39.991285513245394,8.919048661695607,7.556042666995621,1.363005994699986,2.188003158944658,0.5990060552812041,0.38443953588908036,0.08832712862310906,19.049602229209455,7.489330346676685,6.243929958284369,5.316341924248399,2.9505726453907344,162.82330401796077,0.29028800114342884,59.67787212893507,48.4547565045539,106.16161616161617,$C_{v}^{syst}$,[ml/mmHg],5.948066802468186,12.467714132204879,12.393001771496328,12.33005871217868,12.352685690701323,2.3372921058804477,5.81096769445194,11.923059234352381,10.174137981530567,10.97844355768874,13.491607352532284,11.697969672662186,7.8735940758358405,1.5638660344453241,0.3301650825412706,0.5489747679922597,6956.364444403307,1.6384465437872704,0.27138522928634173,0.5552978152721593,0.4943491852619502
166.02526802946724,116.1001190653221,143.28009192582496,181.6625511618559,99.4780112720541,166.67887616120112,33.49419138672983,15.081958391243985,23.751788449721754,35.64596459138328,99.47820608948446,205.24292907857364,143.94350175115534,71.78461801812747,125.65120893585977,40.02852208277038,8.935617354445391,7.570183092487001,1.3654342619583892,2.19252656707475,0.600230787594763,0.3852427166174057,0.08851104840632974,19.06905732218046,7.496980076589506,6.250307813988345,5.321769431602608,2.9505726453907344,162.98967390087827,0.29028800114342884,59.68243460907748,48.468518031820224,107.57575757575758,$C_{v}^{syst}$,[ml/mmHg],5.9540802313830605,12.48022277491194,12.406013777062421,12.343807950096588,12.366176260590136,2.339736217458511,5.816737648145401,11.935713215172191,10.184924094095333,10.99008011519987,13.505528007924612,11.711513062734285,7.882004173342156,1.566039707306099,0.3301650825412706,0.5489747679922597,6963.460789043787,1.6384492594562574,0.27139059330648696,0.5552987356592547,0.4943589562395214
166.19177881106117,116.2179055372725,143.42445990578125,181.85301853733068,99.57768687186004,166.8334810154102,33.52769864165972,15.097715081347426,23.776026467642257,35.684491757231456,99.57789728294455,205.39145125591904,144.0892319739166,71.85794463419022,125.77515370237853,40.06512292257503,8.95193353269016,7.584109160202897,1.3678243724872645,2.1969815140090154,0.6014368437970405,0.38603325263000093,0.08869210203961884,19.088200702237526,7.504507106375195,6.256583967959173,5.327109627903155,2.9505726453907344,163.15334099763973,0.29028800114342884,59.686872362665724,48.482006760286176,108.98989898989899,$C_{v}^{syst}$,[ml/mmHg],5.95999602066341,12.49253023531856,12.418824927107329,12.357338066949403,12.379454038527268,2.342140142714375,5.822413781365803,11.948161769898103,10.195536910680257,11.001528502716853,13.519225045231817,11.724838320315643,7.890277909377269,1.568176869687278,0.3301650825412706,0.5489747679922597,6970.438081030203,1.6384528112968824,0.27139604568482933,0.5552999394393516,0.49436888816838276
166.35549427927455,116.33371659351356,143.56640867363825,182.04018728232958,99.67557978544949,166.98548575670506,33.560654811545376,15.113213214322483,23.79986701471109,35.722375628791916,99.6759132727104,205.53755299070414,144.23256740814753,71.93012898392028,125.89708643181484,40.101186360691955,8.967992570233132,7.597814735993254,1.3701778342398774,2.2013659090954567,0.6026238209831017,0.3868116668515659,0.08887037958740861,19.10702247293022,7.5119078439943925,6.2627544872890955,5.332360141646732,2.9505726453907344,163.3142588394386,0.29028800114342884,59.69116377615901,48.49523204998867,110.4040404040404,$C_{v}^{syst}$,[ml/mmHg],5.9658145599783765,12.50463470911606,12.431425245318746,12.37064058691094,12.392510004083087,2.3445051795380407,5.827996769217776,11.960405799397256,10.205976041515836,11.012788753912513,13.532700148695724,11.737946923294823,7.8984166236320785,1.5702814753066203,0.3301650825412706,0.5489747679922597,6977.290584981464,1.6384580776050726,0.27140152708942583,0.5553017242821002,0.494378872970811
166.51684324061873,116.44797948123517,143.70631017981805,182.224975465165,99.77211430152366,167.13512728258468,33.593028849747284,15.128449621376811,23.82329066684265,35.75964100057459,99.7722377445144,205.68099483562878,144.37356655376038,72.00112196405789,126.01683693943545,40.13656487391248,8.983820476566544,7.611328850993631,1.3724916255729125,2.2056884715489455,0.6037948012126934,0.38757692248865655,0.08904568953285259,19.125588186971765,7.519208895969915,6.268843263959648,5.337536027042205,2.9505726453907344,163.4728527678084,0.29028800114342884,59.69547869660779,48.50824346909056,111.81818181818181,$C_{v}^{syst}$,[ml/mmHg],5.9715436106702,12.516541140914342,12.443812885562984,12.383715984426457,12.405343702575687,2.3468281742482913,5.833477036640123,11.972450936520723,10.216248361198904,11.0238664883585,13.545955364522495,11.750809434060066,7.906424844361421,1.5723472788181403,0.3301650825412706,0.5489747679922597,6984.048001106656,1.6384623490464805,0.2714068038086389,0.5553031719473236,0.4943884849229821
166.67544765271842,116.56017496958624,143.8438289079324,182.40631081250882,99.86705409364365,167.2823777975739,33.62497221374523,15.143464809022964,23.846398136890038,35.79637730639227,99.86728206589675,205.82263749223745,144.51243344265447,72.07103580707124,126.13514739578852,40.17155272333524,8.999411099653742,7.624633379319349,1.3747777203343934,2.2099446653354553,0.6049469522740359,0.3883330722076098,0.08921884662750947,19.14380554528952,7.526370712546217,6.27481373300469,5.342621099738611,2.9505726453907344,163.62874650577388,0.29028800114342884,59.69968588950319,48.521038930746,113.23232323232324,$C_{v}^{syst}$,[ml/mmHg],5.977178604734145,12.528265563159215,12.456029111927407,12.396602383551386,12.417994515127507,2.3491215740643194,5.838893288932856,11.984314672764858,10.226356658124617,11.034775657638924,13.559010532395842,11.763530601588684,7.914309144276768,1.5743890321615117,0.3301650825412706,0.5489747679922597,6990.693786555055,1.6384657381837053,0.2714120121375224,0.5553043205844298,0.49439797229687826
166.831479890137,116.67057352852636,143.97911173065333,182.58483762187473,99.9603400148011,167.4272197104276,33.65638097227871,15.15822818412115,23.869112645152327,35.8325140896254,99.96071145632443,205.96185357060816,144.6490015888632,72.13980638065775,126.25141064519741,40.205964215416905,9.014759849792323,7.63773270474096,1.3770271450513625,2.2141350693883366,0.6060814772543305,0.3890771074526739,0.08938921167389625,19.161741456781083,7.533422751590971,6.280693738707836,5.347624966482277,2.9505726453907344,163.78211031967479,0.29028800114342884,59.70375676528984,48.5336045114081,114.64646464646465,$C_{v}^{syst}$,[ml/mmHg],5.982722610747215,12.539797309135093,12.468051888928708,12.409279750212889,12.430441753436135,2.3513754636301396,5.844214025372038,11.99598147932479,10.236302601738187,11.045504858177937,13.571849449148734,11.776027287432774,7.922063477564958,1.5763970121459672,0.3301650825412706,0.5489747679922597,6997.223801036077,1.6384709205213148,0.27141710135108865,0.5553060769680991,0.4944072426930111
166.98502976073615,116.77917842862153,144.11223959092715,182.76053908466378,100.05235379160902,167.56980684699099,33.687310920387326,15.172766596960063,23.891479509325887,35.868094851845925,100.05273081728417,206.0989556682691,144.78345893394436,72.2074992466538,126.36585272808371,40.239856422789124,9.029884401678451,7.6506399633899465,1.379244438288505,2.2182643978963905,0.6071990018556201,0.38981049720851807,0.08955716063233764,19.179392400885984,7.540363234038366,6.286480358756453,5.352548808091162,2.9505726453907344,163.93303577424058,0.29028800114342884,59.70786484403329,48.54596690840401,116.06060606060606,$C_{v}^{syst}$,[ml/mmHg],5.988178692629403,12.551149143328901,12.479886848880879,12.421754632338336,12.442691551265147,2.3535956163098515,5.849451336845376,12.0074669678013,10.246093865790485,11.056068107039431,13.58448846116275,11.7883472316626,7.92969769316351,1.5783746136019203,0.3301650825412706,0.5489747679922597,7003.664765412632,1.6384725552352668,0.2714220987195287,0.5553066310008745,0.49441634578614296
167.1363497756493,116.88622319861206,144.2434391895582,182.93368549726685,100.14284041724663,167.7103032776685,33.71778712251582,15.187093504866754,23.91352204643949,35.90316617677758,100.14339084084484,206.23404376729644,144.91598572704163,72.27425042598568,126.478675076363,40.27328636922561,9.044801463950321,7.663369959406326,1.381431504543995,2.222336842094482,0.6083013527861385,0.3905339072491666,0.08972280191505909,19.19678301385077,7.547200623309891,6.2921808957976015,5.357401494743275,2.9505726453907344,164.08177596420154,0.29028800114342884,59.71179972851506,48.558127946054015,117.47474747474747,$C_{v}^{syst}$,[ml/mmHg],5.993555387458966,12.562333769216535,12.491551612715492,12.434045312384871,12.454761969921215,2.355782613969831,5.854612256426221,12.018787838539286,10.255744791556886,11.066479794016272,13.596945201091698,11.800493062907172,7.937223272298126,1.5803246288544797,0.3301650825412706,0.5489747679922597,7009.998829207264,1.6384773517562752,0.27142704227180936,0.5553082566246381,0.49442535084897804
167.28521304201877,116.9915131378192,144.37250358775074,183.1040592339054,100.23207042882616,167.8485374413962,33.74774464433737,15.201181839228212,23.935187180404267,35.937637182164,100.23246369233705,206.36681023518676,145.0462855832483,72.33981021883243,126.58953458982344,40.30609468648116,9.059489987738004,7.675907028536857,1.3835829592011475,2.2263478466329407,0.6093867178129359,0.39124548941335635,0.08988579481475245,19.213901429252008,7.553931916696034,6.297793857269327,5.362175655286642,2.9505726453907344,164.22809263129577,0.29028800114342884,59.71578421636345,48.57005037685407,118.88888888888889,$C_{v}^{syst}$,[ml/mmHg],5.998843522155171,12.573334137111237,12.503032253912227,12.446137596954738,12.466638924324641,2.357934096914175,5.8596859753806285,12.029919634536924,10.265234129003684,11.0767168005069,13.60919332675095,11.8124335521664,7.944621533625811,1.5822396145317035,0.3301650825412706,0.5489747679922597,7016.244930017831,1.638478502226616,0.27143204522553,0.5553086465388951,0.49443446411613046
167.43173200559144,117.09518065937495,144.49954012654587,183.27174374061738,100.31975132765011,167.98454600069635,33.77725850556936,15.21504728276618,23.95653186379887,35.9716078125288,100.32029046668313,206.49766965870091,145.17458895105298,72.40442681003336,126.69883518506862,40.33850128300781,9.073959735518116,7.688254487486949,1.3857052480311676,2.2302978872807446,0.6104559694212675,0.3919474884751472,0.09004651478955505,19.23074047070834,7.560552741470779,6.303313860019529,5.366873869218033,2.9505726453907344,164.37210971071895,0.29028800114342884,59.71963118990378,48.58180270629319,120.3030303030303,$C_{v}^{syst}$,[ml/mmHg],6.004049054876978,12.58416759227594,12.514339019907386,12.45804291598786,12.478333471050844,2.360053195248303,5.8646873387111125,12.040881762001055,10.274577013718664,11.086796949162991,13.621253557987187,11.824202858026958,7.951906683505502,1.584129856920603,0.3301650825412706,0.5489747679922597,7022.382592935508,1.6384820290659425,0.2714367621397731,0.5553098418456204,0.49444305634025093
167.57654498336623,117.19775734981012,144.6251055275013,183.4374498221344,100.40624393610706,168.1188138341201,33.806302866655244,15.228718850836662,23.97754758396264,36.005035029556566,100.40657668742786,206.62632492342374,145.30116162192328,72.4682005472415,126.80645436207232,40.37037836449005,9.088255071565992,7.700460466985467,1.3877946045805256,2.2342019389487144,0.6115136980372478,0.392638463863734,0.09020487133160159,19.247391298328914,7.567099940148019,6.308773371091268,5.371517987089625,2.9505726453907344,164.51445071999436,0.29028800114342884,59.72338350850854,48.59331294046817,121.71717171717172,$C_{v}^{syst}$,[ml/mmHg],6.009190235937231,12.594851180860699,12.52546989731361,12.469762193062639,12.489845297125045,2.3621395849385234,5.869607697632842,12.051694462003017,10.2837984216692,11.096742016124384,13.63315134574007,11.835782386426215,7.959098130920912,1.5859894330620732,0.3301650825412706,0.5489747679922597,7028.437075527494,1.63848824804842,0.27144186361356404,0.5553119495661292,0.4944523490693314
167.71877050744126,117.29838254450279,144.7484165370085,183.6002494153487,100.49135965140405,168.25084518448088,33.83494113126526,15.242180211068048,23.99826161395455,36.03800594077653,100.49177817913993,206.75328942468568,145.42570225112607,72.53090835495034,126.91250586235131,40.40183958008595,9.10232554453213,7.712467859287356,1.3898576852447746,2.2380432635207623,0.6125534272464556,0.3933208638424346,0.09036112202942505,19.26374051898538,7.573528534354046,6.314133305305686,5.376078679325648,2.9505726453907344,164.65424957870076,0.29028800114342884,59.72710540694103,48.60468167581257,123.13131313131314,$C_{v}^{syst}$,[ml/mmHg],6.0142428909917065,12.605362172797534,12.536447056769275,12.481312787860114,12.501193781202387,2.364196108188985,5.874457485554566,12.062333789733346,10.292868515400508,11.106526887504511,13.644857085101785,11.847199525369787,7.966169876401926,1.5878244436846312,0.3301650825412706,0.5489747679922597,7034.3951755982835,1.638491609128111,0.27144651444299694,0.5553130886940528,0.4944608209148589
167.85884591024814,117.39746081571073,144.86986446579738,183.7605823234929,100.57522486879631,168.3809138657088,33.86315479137053,15.255441918129181,24.018668055400322,36.070490886654255,100.57571014531663,206.87838046571568,145.5483790045117,72.59265376846713,127.0169899026327,40.43282297042939,9.116198369562278,7.724306298422226,1.3918920711400529,2.241830782803317,0.6135782815959615,0.3939937778702731,0.09051519413787842,19.27983866048443,7.579857984316954,6.3194103288714505,5.380570347296028,2.9505726453907344,164.79193234516404,0.29028800114342884,59.73077503844021,48.61586305872317,124.54545454545455,$C_{v}^{syst}$,[ml/mmHg],6.0192188655367795,12.615715095598176,12.547261846896655,12.492688843914427,12.512371882194646,2.366222428099004,5.879235780708676,12.072814571608482,10.301801861051866,11.116165387744752,13.65638741189915,11.858452581038957,7.973135147761714,1.5896318860179732,0.3301650825412706,0.5489747679922597,7040.265740815742,1.638494296782737,0.2714511143391743,0.5553139995865978,0.49446919998152195
167.99677710523605,117.49504280745218,144.98945243646332,183.91848309063718,100.6577805371416,168.50896523882145,33.890925525865654,15.268495830154366,24.038755884602047,36.10247063505372,100.65833026528604,207.00150759490361,145.6691696089497,72.65349885249714,127.11990390683859,40.46337807766682,9.129867942305868,7.735971632300136,1.3938963100057322,2.245562766095536,0.6145883039451698,0.39465671429494714,0.09066698895941559,19.295693091679645,7.586091767289905,6.324607955389839,5.3849933689999006,2.9505726453907344,164.9275100697314,0.29028800114342884,59.734376977796465,48.626858535867136,125.95959595959596,$C_{v}^{syst}$,[ml/mmHg],6.024118830307062,12.625908369654814,12.557917825297206,12.503894220345181,12.523383453622563,2.3682174729460588,5.883941381199743,12.083134473765393,10.310598564932913,11.125655766756216,13.667740294708235,11.869532919528451,7.979994722206717,1.5914135791948554,0.3301650825412706,0.5489747679922597,7046.044637599913,1.6384973838050698,0.27145563883210017,0.5553150458317522,0.4944774416953304
168.13261504416909,117.59114519275599,145.1072241241822,184.0739655974982,100.73896901463766,168.63507233155818,33.91828346020294,15.28135557420552,24.058545131316258,36.133981335790686,100.7397168520766,207.12281598180454,145.78813872565246,72.71339667437572,127.22130678105444,40.493483102619216,9.143341224028243,7.747468569643869,1.3958726543843738,2.24924074649257,0.615583875313881,0.395310434442718,0.09081666083548276,19.311303799224362,7.592229418435176,6.329725262265661,5.389349118523529,2.9505726453907344,165.06103902234895,0.29028800114342884,59.737851457478506,48.63767247203053,127.37373737373737,$C_{v}^{syst}$,[ml/mmHg],6.028945150993117,12.6359525702503,12.56841632451987,12.514930808925632,12.53423015974288,2.3701827834673437,5.8885790174597465,12.093300320552824,10.319262473586663,11.135003247425336,13.678922534601558,11.880449972243825,7.9867499877919705,1.5931690385073805,0.3301650825412706,0.5489747679922597,7051.7278310246365,1.6385023654387918,0.2714601169711615,0.5553167341934095,0.49448559897198946
168.26664903433343,117.68596697114893,145.22342681317608,184.22754537621762,100.81928581039047,168.75951922038996,33.945266084290836,15.294048215771495,24.078065798339388,36.16507389794137,100.8200102384154,207.24242792427552,145.90557008833642,72.77256547105468,127.32121915673356,40.52320394154182,9.156647679673513,7.758824299203698,1.3978233804698155,2.25287386433216,0.6165669077018632,0.395955668650983,0.0909644047107307,19.32672047487004,7.598292239281095,6.334780604737064,5.3936476308518815,2.9505726453907344,165.19278030628556,0.29028800114342884,59.74139193814983,48.64834447666967,128.78787878787878,$C_{v}^{syst}$,[ml/mmHg],6.033708218025141,12.645862147589172,12.578772308943144,12.525814145356255,12.544927356818684,2.3721207161924256,5.893145763047708,12.10333245877371,10.327818108518843,11.144229907791367,13.689958861639829,11.891204943052506,7.993419811792537,1.594901553212478,0.3301650825412706,0.5489747679922597,7057.350006727333,1.6385037741386255,0.2714644703674775,0.555317211626099,0.4944935290200897
168.39860779438277,117.77930390827298,145.33783887098792,184.378623330096,100.89828604956739,168.8820517548412,33.97184094539948,15.306544899419775,24.097289913157205,36.19568618147153,100.89906388959122,207.36025864628107,146.02115023283002,72.83070958389295,127.41967794647253,40.552420774046,9.169760670172098,7.770014280088635,1.399746390083463,2.256454013379759,0.6175355313717187,0.39659173924077823,0.09111004534599539,19.341889432746125,7.6042565080586915,6.339753518312737,5.397879406374695,2.950572645390734,165.32248791856324,0.29028800114342884,59.74482486512959,48.65882428402382,130.2020202020202,$C_{v}^{syst}$,[ml/mmHg],6.038394967602,12.655611666928783,12.58897590529037,12.536534171480369,12.555464993218287,2.374030018769392,5.897645761141921,12.113205694395607,10.336235293119476,11.153311190391447,13.700821887622231,11.901807265555606,7.999982050099918,1.5966058596433934,0.3301650825412706,0.5489747679922597,7062.880023469717,1.6385064047306686,0.2714688400917986,0.5553181031791498,0.4945014888109141
168.52867189846788,117.87129985745796,145.45060127196658,184.5274468036301,100.97615504992089,169.00281997593757,33.99803478197527,15.318857975679919,24.11623654659564,36.22584683687819,100.97694111792205,207.47641775978218,146.13507050447166,72.88809223900662,127.51688245912644,40.581299195435655,9.182693886770364,7.781050641868149,1.4016432449022151,2.2599850634458534,0.6184908072322562,0.39721913434551,0.09125372943587831,19.356826135646596,7.610128544350852,6.344648974785947,5.402048616509795,2.9505726453907344,165.4503085422415,0.29028800114342884,59.74820719813893,48.66911729449365,131.6161616161616,$C_{v}^{syst}$,[ml/mmHg],6.0430152232292285,12.66522732591598,12.59903522605428,12.547099927716525,12.565851811704425,2.375914283904816,5.902091368492118,12.122939418521263,10.344528868813695,11.162262081847835,13.711528018584287,11.912272928089584,8.006451536668013,1.5982892449697432,0.3301650825412706,0.5489747679922597,7068.330853494463,1.6385087000039333,0.2714732821894601,0.5553188810868783,0.49450958043537574
168.6574466763405,117.9625621527944,145.5622614683887,184.6748664683041,101.05300442701294,169.12215387934825,34.02382514556397,15.331010842829551,24.13490578587541,36.25555560031465,101.05352632319399,207.59065257363605,146.24760200996397,72.94482794621277,127.61251577871907,40.60968461474804,9.195485656974665,7.79197417356776,1.4035114834069045,2.263478806737373,0.6194375239812285,0.3978369591030038,0.09139535122500618,19.371637403189638,7.615952779470064,6.349505949299399,5.406178674420175,2.950572645390734,165.57688656291174,0.29028800114342884,59.751488559626644,48.67922763880158,133.03030303030303,$C_{v}^{syst}$,[ml/mmHg],6.047585120338702,12.674719122741719,12.608939950146588,12.55750396836986,12.576079236712518,2.3777683783877133,5.906457697752163,12.132552368430925,10.35272903495053,11.171104876125435,13.722104375393288,11.92256239109956,8.012847540484666,1.5999442871216296,0.3301650825412706,0.5489747679922597,7073.710309890906,1.6385152277436952,0.2714779574137253,0.5553210934505605,0.4945180967179771
168.78380493378407,118.05195639528225,145.67181244955592,184.81955624250648,101.1286238208767,169.2394625288699,34.0492728188428,15.342972441505323,24.153310512080616,36.28487049359778,101.12922020166813,207.70346916657587,146.35825955839124,73.00051952256771,127.70686967629487,40.63772430914221,9.208069556812575,7.8027124511216845,1.4053571056908907,2.2669143050493683,0.6203671791464382,0.39844744406491495,0.09153511922406501,19.38615827988746,7.621662055276686,6.3542661167504715,5.410230107860304,2.950572645390734,165.70108931997228,0.29028800114342884,59.7547535957375,48.6892301835188,134.44444444444446,$C_{v}^{syst}$,[ml/mmHg],6.052073654976118,12.684060175087136,12.618717188012232,12.56776785252027,12.586171093770451,2.379596895027795,5.910771390687297,12.14200963839813,10.360788123502653,11.179799905315727,13.732503435349999,11.932720760861358,8.019130920765248,1.6015792318122426,0.3301650825412706,0.5489747679922597,7079.003667461368,1.6385181866359526,0.271482106449617,0.5553220962702206,0.4945256545077583
168.90851934083594,118.14018054589017,145.77994595076842,184.96237267253784,101.20329197152445,169.3552560167634,34.074405977492304,15.354782845691624,24.17148579770627,36.313825730993784,101.20397732103942,207.8149044709737,146.46753829320548,73.05555160712818,127.8000050576847,40.665435483272965,9.220502395948966,7.813321018433126,1.4071813775158395,2.2703084898773582,0.6212854200548068,0.39905086641769427,0.09167327078386653,19.40049142181943,7.627297716719669,6.358964622514952,5.414229082584812,2.9505726453907344,165.82367579999436,0.29028800114342884,59.7579870574002,48.69909479239251,135.85858585858585,$C_{v}^{syst}$,[ml/mmHg],6.056502700034805,12.69327914893677,12.628365088474157,12.577893379948266,12.596127703630456,2.381403024326478,5.915027511628406,12.151346356476168,10.368746548604715,11.188386302087029,13.742773564244583,11.942748142574025,8.025336655501894,1.603194262002039,0.3301650825412706,0.5489747679922597,7084.230438006712,1.638520571511173,0.2714862105763133,0.5553229045455985,0.4945331304919666
169.03139062797825,118.22710246116019,145.88646959465046,185.10296799211332,101.27671496685397,169.46932965318393,34.09914631414936,15.366418081219955,24.189382830817696,36.34231341791392,101.27751638690701,207.924578430775,146.57517698339817,73.10976149223916,127.8917510446665,40.69273217623102,9.232756706717819,7.823778200521004,1.4089785061968145,2.27365383297991,0.6221909639798479,0.3996452831053032,0.09180939421047514,19.414615924014655,7.63285161598947,6.363595472554584,5.418168835470601,2.9505726453907344,165.94447852707543,0.29028800114342884,59.76108784646462,48.70877562972944,137.27272727272725,$C_{v}^{syst}$,[ml/mmHg],6.060868161221408,12.702359306182288,12.637876816232154,12.587873217065123,12.605941963942746,2.383180846489054,5.919218146619784,12.16054277935538,10.376587317570607,11.196844295742018,13.752888779361216,11.95262169533801,8.031449689780354,1.6047852568486105,0.3301650825412706,0.5489747679922597,7089.3700476797785,1.6385254851659243,0.27149042111122484,0.5553245698680095,0.4945408003069691
169.15245263121452,118.31275909047967,145.99142354927568,185.24168848594135,101.3492125901321,169.58170899949673,34.12352505288151,15.377882034324891,24.20701549041192,36.370413289989884,101.3500276049074,208.03263759356514,146.68123458568093,73.16320347159528,127.98219889423568,40.719676719483246,9.2448397077132,7.834089101704107,1.4107506060090944,2.27695254766385,0.6230836725410716,0.40023142889000907,0.09194361420311879,19.428531380642642,7.638323252441366,6.368157763572492,5.422050364628785,2.950572645390734,166.0634829534867,0.29028800114342884,59.76423588845473,48.71833034339336,138.68686868686868,$C_{v}^{syst}$,[ml/mmHg],6.0651695928817535,12.711308072472578,12.647252370925584,12.597708070166476,12.615614324869275,2.3849334685934256,5.923349312379624,12.169605718986276,10.384311137279907,11.205178022348845,13.76285631263024,11.962360247978346,8.037473749807502,1.606355251159712,0.3301650825412706,0.5489747679922597,7094.444881309247,1.6385276087448906,0.2714944195672943,0.5553252895855767,0.4945480838039577
169.27204043977426,118.39736111261466,146.0951052652739,185.37870174195632,101.4208201876723,169.69273623573,34.147617598361315,15.3892057614873,24.224437920141405,36.3981862313784,101.42168572412537,208.1394612751294,146.78599903744643,73.21594960861373,128.07154694010023,40.74626965256874,9.256786405762798,7.8442830354284405,1.4125033703343577,2.280214227630747,0.6239658680718709,0.40081120971629175,0.09207633920011381,19.44226958823059,7.64372440193432,6.372660679312038,5.4258845069842305,2.9505726453907344,166.18100219673158,0.29028800114342884,59.767331494250165,48.727754507859025,140.1010101010101,$C_{v}^{syst}$,[ml/mmHg],6.069417125000923,12.720145607773818,12.656510015148406,12.607416802191171,12.62516335600367,2.3866659126228074,5.927432700624469,12.178558004027783,10.391940169394115,11.213410042009393,13.772700836172902,11.971978673184948,8.043422995041585,1.607905017515054,0.3301650825412706,0.5489747679922597,7099.457413137061,1.638529464553974,0.2714983473699219,0.5553259185513086,0.49455523860023726
169.38972175334663,118.48061326937272,146.19713943516595,185.51349917384627,101.49127670681692,169.80199269904077,34.171328610081396,15.400352525510721,24.24158770564841,36.425514803318926,101.49221274001924,208.2445935627069,146.88912270728088,73.26789765875482,128.1594669477101,40.772448163187214,9.268552370116518,7.8543225668752275,1.4142298032412908,2.283426387977619,0.6248348180692214,0.40138227174892127,0.09220707916217254,19.455796032810795,7.64904288887892,6.377095045911903,5.429658098019973,2.9505726453907344,166.29667578483006,0.29028800114342884,59.77036847070538,48.73702169341446,141.5151515151515,$C_{v}^{syst}$,[ml/mmHg],6.073596156052622,12.72884506698227,12.665627395170485,12.616976579960097,12.6345664935556,2.388370342159443,5.931448485760704,12.1873678170025,10.399451145924056,11.221513183062681,13.782391441161625,11.981447445549867,8.049279687006967,1.6094304476257995,0.3301650825412706,0.5489747679922597,7104.389369477184,1.6385317160332886,0.2715022320763236,0.5553266816165116,0.49456231489340813
169.50591915533334,118.56282517447639,146.29787877113662,185.64656066354237,101.56071500016776,169.90986067681632,34.1947005282483,15.411354668099733,24.25849644447172,36.452452469118974,101.56163238075321,208.3481605792004,146.9909063920943,73.31916846322842,128.24620706382015,40.79824967936038,9.280172479002015,7.864240252532166,1.4159322264698486,2.2865992230041834,0.6256935625779978,0.40194532237372005,0.0923360705002022,19.469155605072842,7.65429561705913,6.381475436128642,5.433384551885071,2.9505726453907344,166.41091183576734,0.29028800114342884,59.773290729338704,48.746114243780944,142.92929292929293,$C_{v}^{syst}$,[ml/mmHg],6.077723646149766,12.737429274022825,12.674630807446562,12.626414056947707,12.643850234664338,2.3900513085335966,5.935410333095679,12.196064087383297,10.406865117900974,11.229511347619423,13.791955332536165,11.990783388682324,8.055062089386986,1.6109341769641277,0.3301650825412706,0.5489747679922597,7109.250050011743,1.6385362375155832,0.27150636455518135,0.5553282140249075,0.49456984252327135
169.6205586156185,118.64391945652847,146.39727122838914,185.7779763793267,101.62942115814022,170.01630674005733,34.21782359106571,15.422217620966643,24.275220693731775,36.47912161139072,101.63051243321472,208.45073284507112,147.0914097545928,73.36977908350902,128.33190080003664,40.82383205037801,9.29165445971979,7.874035438522143,1.4176190211976465,2.2897332261126846,0.6265413423922516,0.4025033280307831,0.09246375375687811,19.482335901136516,7.659478898073245,6.385796659745259,5.4370603433180085,2.9505726453907344,166.523612416286,0.29028800114342884,59.77627858575018,48.75517156792659,144.34343434343435,$C_{v}^{syst}$,[ml/mmHg],6.081795870966527,12.745908241079047,12.683516220809553,12.63572601534007,12.653011100944441,2.391712522085138,5.939323268359396,12.204653590787261,10.414186031558419,11.237408812254897,13.801399327184075,12.000005149135923,8.06076869117327,1.612424393313954,0.3301650825412706,0.5489747679922597,7114.059481069815,1.6385374482962698,0.2715098800351439,0.5553286243793817,0.49457624624192575
169.73407695017383,118.72438838194024,146.49569572549953,185.90799708033236,101.69711461710867,170.12147901557262,34.2405448212647,15.432926588880692,24.291666225324228,36.50531143122689,101.69795238872369,208.55135644265653,147.19057168209073,73.41974443897735,128.4162312627259,40.848907322416956,9.303002336022123,7.883726413790345,1.4192759222317777,2.292832715416999,0.6273812739286699,0.403051257209132,0.09258936158427357,19.495390567502096,7.664612404979178,6.390077659886642,5.440700502636274,2.9505726453907344,166.63519450927936,0.29028800114342884,59.77911502156614,48.76398510344221,145.75757575757575,$C_{v}^{syst}$,[ml/mmHg],6.08582330942935,12.754272771579547,12.692257177792346,12.644888573748855,12.662024075311198,2.3933471382675853,5.943171101804356,12.213125875330618,10.42141278576938,11.245202050739785,13.81071699434878,12.009072905250903,8.066404962323631,1.6138860451486934,0.3301650825412706,0.5489747679922597,7118.798023197607,1.63854397577221,0.27151406314425025,0.55533083665365,0.49458386609870286
169.84574831593483,118.80337798353011,146.5925096512185,186.0358047411554,101.76394472359836,170.22516555108743,34.263030125927365,15.443505694089652,24.30793376260644,36.531213645855296,101.76475859790757,208.65103925581312,147.28843160616003,73.46905530078307,128.49973294544282,40.87379104590124,9.314196417722648,7.893278781981284,1.4209176357413646,2.2958889811038206,0.6282080847422296,0.4035942467371524,0.09271373527153244,19.508219951594974,7.669656506922104,6.3942831927616455,5.444280251911227,2.950572645390734,166.74496063037367,0.29028800114342884,59.78196255186327,48.772706314268866,147.17171717171718,$C_{v}^{syst}$,[ml/mmHg],6.089790572303866,12.76252657537652,12.70091416974568,12.653956880134347,12.670946553395515,2.394965129902689,5.946983711347109,12.221487289003404,10.42853892599963,11.252891888550405,13.819913896801879,12.018064977512976,8.071963899160972,1.6153354497016048,0.3301650825412706,0.5489747679922597,7123.476130651885,1.6385465508758592,0.27151799964183726,0.5553317094007263,0.49459103673352345
169.9558915443412,118.88130771306,146.6879992081312,186.16192489177917,101.82977519187465,170.3274096988658,34.28520252982436,15.453937599281806,24.323974530400825,36.556771291267175,101.83065560524753,208.74934529848218,147.38493358816376,73.51765012198473,128.5820165137334,40.89831431269034,9.325243124638659,7.902705284179808,1.4225378404588507,2.2989048493645483,0.6290241279443167,0.40413014887720455,0.09283645293533639,19.520878678651343,7.6746338645922,6.39843321887811,5.44781159518103,2.9505726453907344,166.85322645379298,0.29028800114342884,59.78472600029959,48.78130537829664,148.58585858585857,$C_{v}^{syst}$,[ml/mmHg],6.093702800640255,12.770663130785131,12.709450422289287,12.662897379016583,12.679743689836704,2.3965600968136114,5.95073957781713,12.229732806621309,10.435569016032014,11.260475328516957,13.828981271886258,12.026921933289543,8.07744502997001,1.6167642962456517,0.3301650825412706,0.5489747679922597,7128.084263431225,1.6385504744500976,0.2715218114990053,0.5553330391677612,0.4945979803261807
170.0645696796502,118.95820122385568,146.78222108081317,186.28653837095075,101.8948462001433,170.42829586451992,34.30710032965352,15.464231688110763,24.33981256379577,36.58204446046798,101.89581091713065,208.84645145768778,147.4801771607851,73.56563817790875,128.66332098061542,40.92256473008316,9.336153030646535,7.912013771257046,1.4241392593894906,2.3018831942723432,0.6298297208727973,0.40465987808118087,0.0929577070364983,19.5333631551322,7.679541936394036,6.402525173210147,5.451296045528016,2.9505726453907344,166.96003695932683,0.29028800114342884,59.78751690455408,48.78982152003416,150.0,$C_{v}^{syst}$,[ml/mmHg],6.097563135903627,12.778698758580619,12.717880342417839,12.671724359670343,12.688429816762662,2.398135489971577,5.954452682720573,12.237871175819276,10.44250423455661,11.267959664219106,13.83792993150147,12.035675248757947,8.08285457333649,1.6181767115630323,0.3301650825412706,0.5489747679922597,7132.639234010031,1.6385523231605017,0.27152533882307023,0.5553336657276282,0.4946044056197836
