STK_syst_list,DTK_syst_list,MAP_syst_list,Plvmax_list,SV_lv_list,EDV_lv_list,STK_pulm_list,DTK_pulm_list,MAP_pulm_list,Prvmax_list,SV_rv_list,EDV_rv_list,maxVla_list,minVla_list,maxVra_list,minVra_list,Eout_total_list,Eout_lv_list,Eout_rv_list,SW_lv_list,PE_lv_list,SW_rv_list,PE_rv_list,Ein_total_list,Ein_LAD_list,Ein_LCX_list,Ein_RCA_list,Ees_lv_list,Pes_lv_list,LVET_list,EF_lv_list,EF_rv_list,var,var_name,var_unit,Plvmin_list,EDP_lv_list,Pv_syst_max_list,Pv_syst_min_list,Pv_syst_mean_list,Prvmin_list,EDP_rv_list,Pv_pulm_max_list,Pv_pulm_min_list,Pv_pulm_mean_list,Plamax_list,Pramax_list,Plamin_list,Pramin_list,RVET_list,Ees_rv_list,CO_list,Ea_lv_list,Ea_rv_list,VAC_lv_list,VAC_rv_list
276.0863673926423,21.163192875182162,136.8629005246567,286.06008272793014,94.29967623461415,195.60279916048034,34.31167819054109,16.854686086481156,24.9932767699736,36.20746251031709,94.3004927760835,201.94568048057812,166.2096220220324,85.40048406088732,134.55448322065143,37.79671922616891,12.085273430186557,10.723693155061087,1.361580275125471,2.612971230206894,1.461700784045581,0.3760667941551184,0.09612030955442273,16.153680158426916,6.432966584459431,5.371819618541226,4.348893955426252,2.7744629610688993,246.64170086135792,0.35460587436575425,48.209778509993065,46.69596920898377,0.1,$C_{a}^{syst}$,[ml/mmHg],8.471166816375689,14.784814590836927,12.154256312419506,11.78155827670224,11.968827724638219,2.453578920087776,5.7166340300233776,14.21682721979692,12.016139761437195,12.89600301108813,16.152710700877705,11.207346180063508,9.396836283413354,1.40706570998685,0.32373329521903804,0.5529717348683242,6600.97733642299,2.6155095193298687,0.29942832830674393,0.9427083929504715,0.5414893916377932
264.8883587890291,26.423297139049918,137.73934564104903,274.3902155704366,94.98882539115286,192.89630780852767,34.28116115561338,16.697981910557527,24.904640933613898,36.21034367377989,94.98932737828675,202.51949301638152,164.1645168699715,84.11826244235255,133.62103348369374,38.1013312757128,11.634435860447779,10.268406198846478,1.3660296616013006,2.5154943304276176,1.3741016853636339,0.37829922485127915,0.09569657254762352,16.49652395346086,6.558997046923162,5.476296901980548,4.461230004557146,2.81065866691522,240.69179772743934,0.34946044450796826,49.24346477665112,46.90379477229049,0.12462311557788945,$C_{a}^{syst}$,[ml/mmHg],8.222042661745009,14.568803344524307,12.19537958924886,11.855907401534187,12.02797998710308,2.4447967467372633,5.735381786340817,14.002413958402677,11.84545170862673,12.718966025260336,15.902655545147438,11.29136090157601,9.254412692994544,1.4252736787161704,0.3241620810405202,0.5529735600717026,6649.2177773807,2.533895926560821,0.29660151396337725,0.9015310028171603,0.5363755799190791
255.2891584692186,31.790054636262262,138.45911176267452,264.3945316559332,95.55716919636016,190.54314713363547,34.24805834106784,16.560468389726754,24.82375045655477,36.20496988754221,95.55784887169956,202.97946397602502,162.38386092896462,83.00653296794633,132.8219432003833,38.35377717513712,11.26012218569505,9.891633633232805,1.3684885524622432,2.4406684104940397,1.295768025779459,0.3800408901407924,0.09495445638857472,16.785690237487568,6.665221945188332,5.564299369821794,4.55616892247744,2.8351056267471724,234.7448388444141,0.34474380047166436,50.14988501756095,47.0775944521099,0.1492462311557789,$C_{a}^{syst}$,[ml/mmHg],8.007771711838403,14.38135672564275,12.227884311606651,11.917365731537577,12.07593927505823,2.4368692231159925,5.750294256534932,13.816463337782793,11.697191238672687,12.565120145291083,15.68596363957659,11.358775777795811,9.130894177548756,1.440867435139926,0.3250196526834846,0.5509978598642041,6689.001843745212,2.4565905501243717,0.29316631508562074,0.8664899561230508,0.5320643444202722
246.99854877657052,37.05786781397418,139.05229497334108,255.7681287599415,96.02791183572707,188.48237708359744,34.21284573772347,16.4388657133937,24.74917836270742,36.1928017468485,96.02844726603091,203.34672578356518,160.81880960990333,82.03371646556766,132.13206514767973,38.563027413836075,10.94845466972327,9.577604650700199,1.3708500190230712,2.382845236966911,1.225937141366503,0.38138261423598335,0.09457267804981803,17.030917749970925,6.755230107091187,5.6388258468172126,4.636861796062533,2.8501428610855677,228.93659382833656,0.3408847280783249,50.9479524407398,47.22399482755384,0.17386934673366836,$C_{a}^{syst}$,[ml/mmHg],7.821785575877663,14.21719306944268,12.253441853365576,11.968205382144188,12.11483118421263,2.4296406295756214,5.762072036882693,13.653679335700556,11.567215133071231,12.430171381333839,15.49643633427371,11.412792561840034,9.022777104189892,1.4542807237133015,0.32544843850496674,0.5509978598642041,6721.953828500895,2.384063023467318,0.2911425584323041,0.8364714120187196,0.5283914505658106
239.78206535876572,42.10836116524966,139.54148723060288,248.26521490988696,96.41830935412786,186.6619031043394,34.17605564430201,16.330330666241434,24.67988309259046,36.17527276844215,96.41910997774337,203.63853223346106,159.4309577522076,81.1749061468132,131.53070877250408,38.73717687317822,10.692515462146913,9.32006184541315,1.3724536167337622,2.3377978405359126,1.1662923405263441,0.3824003906136482,0.09420677066023886,17.239823683262504,6.831818309754104,5.702204277859211,4.705801095649188,2.8642602987162715,223.8503379598417,0.3374544415064675,51.65398388777403,47.3481658506573,0.19849246231155782,$C_{a}^{syst}$,[ml/mmHg],7.65912399293668,14.072180232313457,12.273366615405752,12.01029058087345,12.146337893077783,2.4229902154901026,5.771313255815554,13.509932088951624,11.452264846938748,12.310752360474117,15.329222887754348,11.45613382292398,8.927300706330058,1.4658534304057442,0.32587722432644894,0.5509978598642041,6749.28165478895,2.3216579865311466,0.2894014462304211,0.8105611028340152,0.5252315250403066
233.45296012178437,46.882012894602624,139.94513273846715,241.69016121920376,96.74261519995663,185.04116305556394,34.13796291608448,16.23256756549544,24.614967056080836,36.153154649426455,96.74333503834839,203.8676124631021,158.19075477352575,80.41069344220192,130.998701565192,38.882009127962654,10.473775648790102,9.100348184833885,1.3734274639562165,2.3023997539372885,1.1123759309545356,0.38314888210651277,0.09385415202203054,17.41868987178167,6.8973066754433665,5.756368648447214,4.765014547891087,2.8709566925519554,218.870340376154,0.33445294075609233,52.28167268431342,47.453999126937305,0.22311557788944725,$C_{a}^{syst}$,[ml/mmHg],7.5157283261099845,13.943069657880315,12.28863053761537,12.04506402957541,12.171727093410487,2.416800976566787,5.778439935373119,13.381973889266233,11.349794266713193,12.204227606710278,15.180516405394696,11.490924459242354,8.842318545482824,1.4758575466911021,0.3263060101479311,0.5509978598642041,6771.983063996964,2.2623984262134367,0.2878912380348844,0.7880294509780364,0.52249066467488
227.86191280622043,51.35412211696523,140.27806386353112,235.88648326559996,97.01236477190967,183.5876424315557,34.09894765017958,16.143782532708677,24.553831883393627,36.127501427261926,97.01286293360995,204.0453465858414,157.07388639903812,79.725682298013,130.52236261802938,39.00276767981402,10.29597442003705,8.922083025919855,1.3738913941171946,2.274327453106257,1.0679827200318956,0.3836779590592653,0.09351366456561055,17.572574593612092,6.9535631978761705,5.8028720067320565,4.816139389003865,2.8837210303933425,214.93470035581532,0.33102265418423493,52.84253530739542,47.54475637737559,0.2477386934673367,$C_{a}^{syst}$,[ml/mmHg],7.388469097693319,13.827279391449578,12.300085240838452,12.073779613505423,12.192090346410527,2.4110010895284146,5.7838309270721115,13.267229268747494,11.257779296161681,12.108504577197909,15.047294496405712,11.518691409573117,8.76611702427894,1.4845192653839636,0.32673479596941324,0.5509978598642041,6790.865534033677,2.2155392342116222,0.28657016513899924,0.7682918045333326,0.5200930638997867
222.8881290306317,55.52193965940924,140.5516006678876,230.7279512789746,97.23621293108386,182.2744545887537,34.05919783905976,16.06277403989594,24.495879752236323,36.09883100194736,97.23667257282348,204.18029528119678,156.06058318839763,79.1069283166048,130.09092594303473,39.10328441558599,10.13980849853675,8.765878593155929,1.373929905380822,2.251829792963098,1.02698264327915,0.3840237643162731,0.09318351429381717,17.705469905549002,7.00205963987382,5.8429370265272595,4.860473239147919,2.8897548050088506,210.98901768766322,0.3284499392553419,53.3460451989652,47.622946395933695,0.2723618090452261,$C_{a}^{syst}$,[ml/mmHg],7.274724459189926,13.722662559071708,12.308336418582988,12.097378702456027,12.208227372350896,2.4055335880185402,5.7877641826279325,13.163565562948854,11.174529243056748,12.021840653990532,14.927057566035256,11.540672132183989,8.69727308062199,1.4920041619236104,0.32673479596941324,0.5509978598642041,6806.534905175869,2.169860500811582,0.28540541631231725,0.7508804889087938,0.5179791739711234
218.435127131879,59.394671213480166,140.77509149107638,226.11356469687573,97.42145398134298,181.08024111058012,34.018950067591554,15.98814783706033,24.440712744359363,36.067844779173036,97.42239617789474,204.27957879977853,155.13545063573488,78.5445704684187,129.69665754283758,39.18702211996369,10.005842239455275,8.632222375758195,1.3736198636970791,2.233604015692966,0.9908766248591455,0.384218399087248,0.0928628463180688,17.820655363231314,7.044008809137399,5.877571142504606,4.899075411589312,2.8955894198856873,207.4560398021644,0.3258772243264489,53.800156982257775,47.69071717804049,0.2969849246231156,$C_{a}^{syst}$,[ml/mmHg],7.172414924378917,13.62754562622242,12.313926333006968,12.116680720675884,12.220838173965433,2.4003527759443637,5.790488641135598,13.069313362280027,11.098726595563262,11.94287345619479,14.817842466629422,11.557902224318141,8.634676206653712,1.4984690351819094,0.32716358179089544,0.5509982533568419,6819.501778694009,2.1294697556237865,0.28437086591048377,0.7354184060072488,0.5161012111708405
214.42476389546238,62.98893167326233,140.95636539672782,221.961719498946,97.57410023860386,179.98781782529846,33.97823002013954,15.919123806672381,24.387888116885662,36.03470326595067,97.57490136068589,204.34808453004254,154.28550751880852,78.03009457979158,129.33292660863947,39.25627766325978,9.889742158362163,8.51673493850256,1.3730072198596024,2.2186775649211166,0.9588569629254527,0.3842821494599042,0.09255005373505616,17.92082868910086,7.080410307415694,5.907606761583299,4.932811620101866,2.9012198806789846,204.27491411308267,0.3237332952190381,54.2115024325214,47.74935942516298,0.3216080402010051,$C_{a}^{syst}$,[ml/mmHg],7.079858358694917,13.540517875635986,12.31723128656521,12.13228570473063,12.230426387854706,2.395409449430233,5.792168973436944,12.983074379229615,11.029274418199114,11.87046764000623,14.718016097963345,11.571141518669208,8.577402653099844,1.5040232626744254,0.32716358179089544,0.5509988480199671,6830.187016702271,2.0935362315774046,0.283447977923748,0.7216055030918392,0.5144257178437447
210.79276691494923,66.32059493171079,141.10134520134804,218.20525151227116,97.69868046235607,178.98253891958205,33.93715150775726,15.854757889230926,24.33709284434293,35.99981429069782,97.69926139101455,204.39038603174342,153.50010029104902,77.55684755051762,128.99470073436515,39.31330537193021,9.788092803248048,8.415953434323493,1.372139368924555,2.2062980826738334,0.9302683540430334,0.3842351627849911,0.09224425547702313,18.008148791557655,7.112060616796277,5.933704990009952,4.962383184751426,2.9066561140569114,201.3950311812049,0.3215893661116272,54.585593126630464,47.800321379030564,0.3462311557788945,$C_{a}^{syst}$,[ml/mmHg],6.995674853680364,13.460434932854557,12.318593780855485,12.14473887815766,12.237440324667322,2.390668187512712,5.792957141372915,12.90370870033809,10.965273957696914,11.803693017535759,14.626243009353034,11.581024137577089,8.524698519433464,1.5087789418267714,0.3275923676123776,0.5509993783147625,6838.907632364924,2.061389470442272,0.2826192502553462,0.7091961998783288,0.5129211780959538
207.48732487652708,69.41161460402613,141.21556200742825,214.7900893124184,97.7995592622768,178.05316625183127,33.89588076360153,15.794750266296928,24.288149614953632,35.963589441029896,97.79987708915597,204.4107218138999,152.7709288617105,77.11945801879008,128.6784761534305,39.360000315794416,9.698314782225166,8.327253062286555,1.3710617199386106,2.1959142569774106,0.9045951179358234,0.3840960239741852,0.09194532559435578,18.08446298372204,7.139644198676558,5.956433336954137,4.9883854480913445,2.9118986033008927,198.7755870935669,0.31944543700421635,54.92716659919039,47.84478828766877,0.37085427135678395,$C_{a}^{syst}$,[ml/mmHg],6.918749573697579,13.386400646465857,12.318318680839923,12.154504249222335,12.242271161054257,2.3861100644732005,5.793000428727106,12.83032784978509,10.906021740559956,11.741825560222445,14.541473971890845,11.588111406807917,8.475970254195584,1.5128376764258313,0.3275923676123776,0.5509998504391843,6845.969148359376,2.0324793750909933,0.2818707817926202,0.6979911226259732,0.5115623562655236
204.46467311492134,72.28006622333703,141.3029750712186,211.6705403369558,97.8796948655117,177.18959231098424,33.85451602214827,15.73807403224809,24.240862153096856,35.92624602409198,97.88033257813679,204.41248737778415,152.09041563617598,76.71300603233765,128.3810965611919,39.39782774028906,9.614520739958799,8.244710883251921,1.3698098567068788,2.1870828848797883,0.8798727587185541,0.3838796638269981,0.09165279824896887,18.151212142259094,7.16369154842035,5.976230372839437,5.0112902209993075,2.9118657185835937,196.03941990570047,0.31815907953976985,55.240092597382194,47.88373442041221,0.3954773869346734,$C_{a}^{syst}$,[ml/mmHg],6.8480186463122825,13.317616054292492,12.316632015639943,12.16194283660892,12.24521741034112,2.38171213977503,5.792407986668866,12.762141397010511,10.850879287305084,11.684212837769069,14.46278251742818,11.59284042720677,8.430680844714825,1.516282653374808,0.3280211534338598,0.5510002778989729,6851.578640585819,2.0028609628898195,0.2811908199152089,0.6878273782020631,0.5103279094294139
201.68856022656405,74.94547460567327,141.36705204966077,208.80881385472247,97.94183789142284,176.3835580594383,33.812959000618534,15.6846840092388,24.194927651815604,35.887747267206066,97.94243780972849,204.3971015118203,151.45278486426565,76.33371216985194,128.09921159291514,39.42775355068266,9.542803685909037,8.174410824233519,1.3683928616755183,2.179467682255414,0.8589107015793495,0.383591314520583,0.09136513331499362,18.209677614862187,7.184680391226538,5.993496477612634,5.03150074602302,2.9169059277546023,193.8576837805137,0.316015150432359,55.527759485619455,47.91772343408914,0.4201005025125628,$C_{a}^{syst}$,[ml/mmHg],6.782830443179102,13.253406187677498,12.313680793083616,12.167313542488495,12.246486066460278,2.377443139828223,5.791230339130559,12.698478736865928,10.799336751724175,11.6303137199359,14.38938798491262,11.595470665055377,8.388403450499265,1.519171187460126,0.3280211534338598,0.5510006635119901,6855.928652399599,1.9793143354673621,0.28057127036296714,0.6785663934630259,0.5092031442841661
199.12866341533703,77.42196057330777,141.41071428937414,206.17326130304875,97.9883520032703,175.6281753012205,33.771293582577506,15.6341935635093,24.15023747454685,35.848419405348174,97.98850334498887,204.36718382806484,150.85265468743648,75.97826771191808,127.83093045411681,39.4509048846443,9.47437400510967,8.107535074979106,1.3668389301305635,2.1728082668022903,0.8383848531079154,0.3832425575291038,0.09108221081665367,18.26088899753146,7.202990466937665,6.008545360878281,5.0493531697155145,2.916894566571439,191.5269437092227,0.31472879296791245,55.7930706933612,47.94727877026828,0.44472361809045224,$C_{a}^{syst}$,[ml/mmHg],6.7224389031484195,13.193230826092483,12.30964735264981,12.170895699768979,12.246310319963195,2.373292524183358,5.789557436696581,12.638806016209905,10.750960964225447,11.579688733905979,14.320662975875841,11.596339422245189,8.348774695160516,1.5215723645852333,0.3280211534338598,0.5510010076007222,6859.18464022892,1.9545888852465916,0.28000491515032677,0.6700924015721432,0.5081749602774406
196.7597681460382,79.72794139964718,141.43678303997655,203.73759523959149,98.02113985105825,174.91794257803986,33.729651818992814,15.585954914483477,24.106741685905227,35.808431316354316,98.02124509017563,204.32504599056287,150.28598912057063,75.6441297192715,127.57496090805479,39.46825735082564,9.41529790845735,8.050123397933273,1.365174510524076,2.1669103122494824,0.820944727560791,0.3828438988686171,0.09080427614116997,18.305754693331853,7.218956502775142,6.021652723193465,5.065145467363248,2.921737291644773,189.68166006423624,0.3130136496819838,56.038356275157994,47.973191252678305,0.4693467336683418,$C_{a}^{syst}$,[ml/mmHg],6.666310131982211,13.136654210402241,12.304678727406941,12.17291602013743,12.244879900468321,2.3692527696533134,5.7874659100128945,12.582688491079146,10.705410485622961,11.531986706236166,14.256096489022822,11.595727970751927,8.311507461014271,1.523547040982792,0.3280211534338598,0.5510013243053272,6861.479789574078,1.9351097156435322,0.2794840693027983,0.6623147540257375,0.5072293966900293
194.560087294344,81.8776139657233,141.44732029803882,201.47924843807348,98.04185094009392,174.24785719368134,33.688052306496715,15.540024647954395,24.06431199294499,35.76788479293882,98.04211203059056,204.2721303085912,149.74952190575308,75.32888067301276,127.32965371104704,39.48049871190226,9.357861337146945,7.994448147075591,1.3634131900713544,2.1616129518087486,0.8036098722057192,0.38240135139036535,0.09053083969555109,18.34502845361078,7.232858231799305,6.033051467349208,5.079118754462264,2.9217319830433945,187.66817038622918,0.31215607803901946,56.265742672013275,47.99583373536059,0.4939698492462312,$C_{a}^{syst}$,[ml/mmHg],6.6139797585586235,13.083274939077274,12.29889401515273,12.173564604845872,12.242350565049373,2.3653121851283383,5.785005665146559,12.52973310214922,10.662375154102525,11.486886603420727,14.195229676616295,11.593805561904281,8.276340224739725,1.5251415959388512,0.32844993925534194,0.5510016095245799,6862.929565806575,1.9141638860010837,0.2790036280804285,0.6551469803219983,0.5063571925337221
192.51059100762612,83.88427804267411,141.44382806351604,199.37831318815321,98.051915155488,173.6133142087424,33.646456597469985,15.496128269964636,24.022788186824517,35.726780863625784,98.05206260434942,204.20932001701107,149.2391931964625,75.03036135046095,127.09325783203778,39.48815191052511,9.307843659701007,7.94628208021138,1.361561579489627,2.156782132149125,0.788860989888021,0.3819184144501085,0.09026108940746348,18.37933059686014,7.244926128090379,6.042933802708132,5.091470666061629,2.926393114028665,186.08628861923236,0.3104409347530908,56.47718644296841,48.01546892971461,0.5185929648241207,$C_{a}^{syst}$,[ml/mmHg],6.565010333573903,13.032731340806151,12.292366510336937,12.172975370479003,12.238827074590038,2.3614485008337747,5.7822066935291065,12.479575648311158,10.62156185679297,11.44408385025526,14.137632459652298,11.59069637633095,8.24302901685583,1.5263924751857125,0.32844993925534194,0.5510018690946255,6863.63406088416,1.897834308734734,0.2785594451188578,0.6485233646965669,0.5055508170536166
190.595613645573,85.75737991767593,141.42806012294784,197.4185284447701,98.05247142960178,173.01089124857802,33.60494189897178,15.454093156056377,23.982150319693975,35.685280177717615,98.05256918152608,204.13813483351186,148.75310323701362,74.7469884553617,126.8653312318431,39.4918862770372,9.258389155417055,7.898752009575275,1.3596371458417804,2.1523239025946483,0.7739980525172522,0.381401980557599,0.08999523319922229,18.409223529425397,7.255367003266618,6.051469879739924,5.102386646418856,2.9263820497174784,184.32457748911366,0.30958336311012646,56.67416121723937,48.03246059904213,0.5432160804020101,$C_{a}^{syst}$,[ml/mmHg],6.51903755958343,12.984747190291076,12.285204508843968,12.171308338478244,12.23444463444392,2.357665169101721,5.7791209481646515,12.431947446831456,10.5827650205986,11.403365332233278,14.082993631255244,11.586584338930896,8.211398374342725,1.5273438041458725,0.32844993925534194,0.5510021066485477,6863.6730000721245,1.87985651765496,0.27814752918975444,0.6423824660339367,0.5048030231346623
188.80141265603086,87.5117264775605,141.40140900170795,195.58566658691458,98.04467530159117,172.43738824612538,33.56347896516147,15.413486065200015,23.94229071402453,35.64346598428058,98.04469224712943,204.05934778732092,148.28845215340436,74.47717981717852,126.64445009462541,39.49198111355802,9.215041452470839,7.857395246321775,1.3576462061490646,2.1481601971284756,0.7613500656039529,0.38085507106383676,0.08973281761464487,18.43519695308971,7.2643629274483645,6.058811359264204,5.112022666377141,2.93087476178878,182.95261708724982,0.30786821982419776,56.85813053584927,48.047145749635376,0.5678391959798995,$C_{a}^{syst}$,[ml/mmHg],6.475846351486399,12.939065646056108,12.277458487616304,12.168658036834284,12.229276749477481,2.3539529459509536,5.775772864977757,12.386593718937128,10.545775458044934,11.364518835647983,14.031015985237934,11.581565630654564,8.181276986235686,1.5280198057039382,0.32844993925534194,0.5510023224326043,6863.127271111382,1.8660127796280301,0.2777640785216985,0.636674348544719,0.5041069106485901
187.11611345624274,89.15331098165171,141.36515436616574,193.86746253296218,98.02929700113816,171.8902176891002,33.522106755502826,15.374373596425285,23.90317284700249,35.60135032237128,98.02928029369083,203.9738443063591,147.84338709371048,74.2197730790839,126.43029030239772,39.488936570159225,9.17158834789797,7.815989873164883,1.3555984747330867,2.144231488504066,0.7484473217255609,0.38028169641331333,0.0894737811204618,18.457675271598216,7.272070299469881,6.0650876692006825,5.120517302927652,2.930849314330955,181.39493883959764,0.3070106481812334,57.03017793510789,48.05973071059811,0.592462311557789,$C_{a}^{syst}$,[ml/mmHg],6.4350037772657975,12.895477752563169,12.269210224797229,12.165145793040317,12.223425535880107,2.350306763971282,5.7721991028152635,12.343308053019669,10.510434266487525,11.327378208268433,13.981456876886076,11.57576800348084,8.152531180380269,1.5284535196632323,0.32887872507682414,0.551002520980084,6862.050790079671,1.8504155837972762,0.2774065269770979,0.6313581441220165,0.503457818094311
185.52886808788173,90.693318403244,141.3199703131226,192.2526790672863,98.0072384854682,171.36657927593987,33.480812199134405,15.336614825779195,23.86470443042029,35.55898716826879,98.00706152983575,203.88231724563983,147.41620571402785,73.97342413952036,126.22168544942225,39.483078276831705,9.130564965078342,7.777065368710209,1.3534995963681322,2.1404778512553033,0.7363779896838059,0.3796845531209616,0.08921772182543357,18.476986200435558,7.278611058755911,6.070400063092889,5.127975078586758,2.9308488196539733,179.92640763206734,0.30615307653826906,57.19157078327033,48.07040789700054,0.6170854271356784,$C_{a}^{syst}$,[ml/mmHg],6.3964270040206355,12.853767585313701,12.260497154077523,12.160844312070534,12.216946268370155,2.346719399323928,5.768414106319391,12.30187593133064,10.476576260811512,11.29176669354643,13.934064879428004,11.569254258869108,8.12501758786988,1.528669168671835,0.32887872507682414,0.5510026993128351,6860.506693982775,1.8358481517540717,0.2770721410037318,0.6263878707912401,0.5028507870274923
184.03090713477013,92.13934414419569,141.26700636420603,190.7322748238571,97.97906958588855,170.86464733834123,33.43966330665204,15.300123175444115,23.826880847400492,35.516420375679814,97.97869292360777,203.78554879895051,147.00503113098122,73.7372382421313,126.01865386158639,39.47472732898891,9.094336349645891,7.7429775901576,1.3513587594882914,2.1368655396665637,0.7261334807227046,0.3790672629636927,0.08896475308845832,18.493456219556894,7.284104331548614,6.0748461989361715,5.13450568907211,2.9351621550105,178.80188025486132,0.3048667190738226,57.34309063470177,48.07931352397857,0.6417085427135678,$C_{a}^{syst}$,[ml/mmHg],6.359895849922837,12.813787668703226,12.251380847413818,12.155844459725609,12.209915724026077,2.343188239765151,5.764454579923711,12.262154066995537,10.44407200709295,11.257564218814743,13.888667567989197,11.562130622370582,8.09863676454395,1.5286905376831494,0.32887872507682414,0.5510028656363819,6858.534871012199,1.8248987361338782,0.27675920675322097,0.6217369398207405,0.502282699443999
182.61399712227785,93.49844012482579,141.2069554240681,189.29779710415679,97.94538668853812,170.38244869638655,33.39862252280855,15.264774474945897,23.789632798178054,35.47370567777849,97.94501066085115,203.6840056774163,146.60869919030736,73.51028921199561,125.82023709120494,39.46407034851752,9.057336982690396,7.708157056750523,1.3491799259398722,2.1333604973754143,0.7154838346369936,0.37843174055120926,0.08871457080646246,18.50736531702021,7.288654461728815,6.078513185666098,5.140197669625297,2.9351413134824806,177.48523161844494,0.3040091474308583,57.48560807637655,48.086746102181024,0.6663316582914574,$C_{a}^{syst}$,[ml/mmHg],6.325116577437055,12.775377086712574,12.243401956118731,12.150206518124952,12.20238073326163,2.3397075941422107,5.7603284974402955,12.223981425159867,10.412804568674797,11.224641457248355,13.845080101329613,11.55444916304005,8.073284321744039,1.528533797277715,0.32887872507682414,0.5510030173976634,6856.177068197669,1.8120836276121908,0.276464867249946,0.6173752586590774,0.5017483725509602
181.27095093074507,94.77721463525343,141.14038301907624,187.94194164000226,97.90676611717045,169.91821655453666,33.357664374934565,15.230450698968099,23.75290294556321,35.430825956382,97.90624142791803,203.57801629548777,146.22600858719017,73.2918287277217,125.62593215095858,39.45136583373365,9.0220061741579,7.675040943194316,1.3469652309635838,2.1299332095827186,0.7054492876507431,0.3777791661137819,0.0884668627332034,18.51894838727642,7.292349080372597,6.081473977914258,5.145125328989561,2.935136313725931,176.2360857393172,0.30358036160937607,57.61993510904492,48.092737717715984,0.6909547738693468,$C_{a}^{syst}$,[ml/mmHg],6.292048481553802,12.73839851789917,12.236765307015052,12.143985381300388,12.194384527656199,2.3362708668791763,5.7560473783701624,12.187221917120779,10.382667787467142,11.192885974797612,13.80314167537887,11.546252075065146,8.048871812004723,1.528216634443735,0.32887872507682414,0.5510031573880737,6853.473628201931,1.8000399025375398,0.2761879836160929,0.6132730170383558,0.501245736821745
179.99567105779596,95.982121329528,141.0681023236509,186.65855806991897,97.86366972789855,169.47062920319294,33.316849894355315,15.19693133658859,23.71669065990975,35.38787983527239,97.86306221916686,203.46830898157177,145.85567138604844,73.08120503311956,125.43582474838793,39.436859853410866,8.98818328391692,7.643460060795999,1.3447232231209205,2.126567498014377,0.6959772421465978,0.3771128259803291,0.0882218175647606,18.52843163130515,7.295270620562575,6.083796187130272,5.1493648236123,2.935136313725931,175.04892908996996,0.3027227899664118,57.74668459545362,48.09744707124409,0.7155778894472362,$C_{a}^{syst}$,[ml/mmHg],6.260551082126008,12.702746861642458,12.229630794848392,12.137253246771165,12.185989137674843,2.332880825093214,5.75164195369691,12.15177298412222,10.353578141199884,11.162214188407411,13.762732483025303,11.53762324218682,8.025329250561297,1.5277577156147433,0.32887872507682414,0.551003284024205,6850.456880952899,1.7887018704354571,0.275926933241394,0.6094101531403279,0.5007718488103836
178.78253783795373,97.11712216753973,140.99057408367082,185.44200286942743,97.81639985976585,169.0384170043376,33.276175279057625,15.164325064195769,23.680968765911892,35.344877099244876,97.81580063800835,203.3551651378327,145.4967909947509,72.87786574687767,125.24939150278226,39.420728731851604,8.95808531158753,7.615628571897886,1.3424567396896436,2.123245247100145,0.6879858796876135,0.37643399911453257,0.08797930970239573,18.53598389867689,7.297480026457724,6.08552926429856,5.15297460792061,2.939269055785932,174.16353646537593,0.30186521832344737,57.86637238637643,48.100966883093186,0.7402010050251256,$C_{a}^{syst}$,[ml/mmHg],6.230413532143472,12.668322403964856,12.222033855452924,12.130043325161616,12.177218976784943,2.3295325233255832,5.747124353226921,12.11753716636818,10.325450415624811,11.132545495760699,13.72373684357918,11.528611129732118,8.002592629142264,1.5271699644196457,0.3293075108983063,0.5510034020501918,6847.14799018361,1.7805146858304424,0.27568059800986916,0.6057678463717062,0.5003246749187167
177.62650028120294,98.18841321550616,140.90830659437748,184.2873767812634,97.76563657375291,168.62032394631171,33.23564309952953,15.132540684352072,23.64568468996498,35.30184437088212,97.76491503251948,203.23889964490309,145.14889218462918,72.68108350599077,125.06605629211141,39.403060252429455,8.92677668731839,7.586608427074891,1.3401682602434977,2.1199541352547207,0.6794801846944217,0.37574395075324335,0.08773908186606467,18.541816922576835,7.299059652294094,6.086743545010118,5.156013725272622,2.9392526267050294,173.08309663985068,0.3010076466804831,57.97974661991591,48.10344633991492,0.7648241206030151,$C_{a}^{syst}$,[ml/mmHg],6.2015626641448485,12.635017464453655,12.214021728905884,12.122406858991399,12.168116245437151,2.3262214590310952,5.742491429959351,12.084406257378529,10.298209015876086,11.103792189327669,13.686031584636712,11.519226061420506,7.980588955842622,1.5264630820592533,0.3293075108983063,0.5510035101296585,6843.594560162704,1.7703878653649374,0.2754472871020968,0.6023258597372024,0.4999011477028166
176.52314485168577,99.20073000440956,140.82170540049492,183.19046175789538,97.71126767181369,168.2153288185802,33.19524983541553,15.10153117375032,23.610824767901263,35.25875464738458,97.7106060989694,203.11978951481248,144.8107833679942,72.49049197183602,124.88597681258462,39.38403440084062,8.896544815574075,7.55868442487304,1.3378603907010351,2.1166808305877227,0.6714022689541632,0.3750437565629244,0.08750111770578912,18.54604127141704,7.300046397936889,6.0874680232364975,5.15852685024365,2.93924851734028,172.0510618075781,0.3005788608590009,58.08701760895706,48.104916971590235,0.7894472361809045,$C_{a}^{syst}$,[ml/mmHg],6.173941338721228,12.602760843193927,12.205630585688093,12.114378207872242,12.158708460942439,2.3229474698857824,5.737769804002656,12.052309672012688,10.271791153050916,11.075894784372396,13.649529509464964,11.509525351004116,7.9592723019596106,1.5256492647187938,0.3293075108983063,0.5510036093781882,6839.788737026958,1.760810865594868,0.2752264167323586,0.5990683860880951,0.499500206619252
175.46836960324256,100.15696858314416,140.73111927302958,182.14749956957246,97.65397386135386,167.82241778297032,33.15497584144731,15.07122922436657,23.576348600890878,35.2156487142101,97.65319717915033,202.99806537448427,144.48167415473972,72.30561330056905,124.70860058357223,39.36377196134862,8.867288667539453,7.531753604646335,1.3355350628931182,2.11341717928971,0.6637184323551417,0.3743344092117192,0.08726520985052405,18.548819054573375,7.300503101301195,6.087756104966661,5.160559848305521,2.93924851734028,171.0637129884886,0.2997212892160365,58.18887318596553,48.105481694617566,0.814070351758794,$C_{a}^{syst}$,[ml/mmHg],6.147447390484725,12.571463886369884,12.196895301046986,12.105994029157387,12.1490248896352,2.3197060695064216,5.7329550388438415,12.021162007209455,10.246136913029515,11.04878436871106,13.614134719195487,11.499524044921339,7.938587186817392,1.5247321729227312,0.3293075108983063,0.551003699576936,6835.7781702947705,1.7517332498046587,0.27501675943115433,0.5959799722514783,0.4991196241373949
174.45882478569055,101.0620161066724,140.6370810648609,181.1558061637202,97.59407294929262,167.4409983644376,33.114906586715136,15.041619092757799,23.542294676454787,35.17263425395537,97.59326744134745,202.87437785252263,144.16119519271106,72.12608999061244,124.53397758816344,39.342462402528895,8.84112524042298,7.507924367299227,1.3332008731237532,2.1101623403000556,0.6572865894963781,0.3736190598751985,0.08703170155722155,18.55027509270558,7.30047478735563,6.087643036488682,5.162157268861271,2.9432197474438255,170.34780078641603,0.29886371757307223,58.28564921530018,48.10527010576557,0.8386934673366835,$C_{a}^{syst}$,[ml/mmHg],6.121959453361671,12.54108437945724,12.187853558119384,12.097293080209083,12.139098909381053,2.316500611490458,5.728070953129662,11.990920367337631,10.221207958292881,11.022425573670217,13.579792021883556,11.48927749596847,7.91850012513175,1.5237309082108401,0.3293075108983063,0.5510037814434318,6831.585106450484,1.7454728103716337,0.2748172373192766,0.5930487561751275,0.4987574433688173
173.49076523060322,101.91926274375152,140.53955288360797,180.21260086798623,97.5316056676181,167.06985669094465,33.07491238919554,15.01261151323752,23.508555843054914,35.12955389092844,97.53058689375774,202.74828076411046,143.84871404834317,71.9514326305665,124.36146206588306,39.320045328125374,8.813535959297846,7.482686055151153,1.3308499041466937,2.1068997660874618,0.6502896872260152,0.37289518005124295,0.08679990293521796,18.550495417153684,7.299994107689078,6.087157946361204,5.163343363103403,2.9432065217568044,169.438306827353,0.2984349317515901,58.37773946741191,48.10427320329818,0.8633165829145729,$C_{a}^{syst}$,[ml/mmHg],6.097386171797677,12.511523174867298,12.178508060108111,12.08827844640751,12.128927651188423,2.3133209135629347,5.723101781744837,11.961487669771765,10.196925464846691,10.996738025532792,13.546393879076097,11.478759725019074,7.898953340781048,1.5226443259275269,0.3293075108983063,0.5510038589880154,6827.212396733266,1.7372656347398674,0.27462742409731405,0.5902629060847864,0.49841288698358704
172.5615722556431,102.73034344460355,140.43903323170053,179.31699884252754,97.46629911900027,166.70855353150128,33.035035064078805,14.984184965739399,23.475147184767383,35.086432058730516,97.46530606083482,202.6201618322893,143.54366354300817,71.78138871844244,124.19143356155001,39.29667266233633,8.786680896805013,7.458194232610637,1.3284866641943749,2.1036296886526253,0.643603739237878,0.3721644946307565,0.08656992170842029,18.549567022053328,7.299088742200569,6.086322420638027,5.164155859214736,2.943193862502798,168.56465456482653,0.2980061459301079,58.46508595648214,48.102471728113514,0.8879396984924623,$C_{a}^{syst}$,[ml/mmHg],6.073719428641991,12.482742484155887,12.16890569127042,12.07899365381132,12.118550058306806,2.310169602723747,5.718077693086766,11.932823725805003,10.173249978594585,10.971688047159157,13.513891190764541,11.468047232804611,7.879917846274591,1.5214829421944531,0.3293075108983063,0.5510039291083111,6822.640938330019,1.7294660419907768,0.27444707742227337,0.5876154010867956,0.4980855179497734
171.668630446069,103.49980701493409,140.3358475865084,178.47019098520565,97.39922260149189,166.3565358989663,32.99537855113141,14.956268636890787,23.442103643767894,35.043476829605524,97.39818314333982,202.49076265695464,143.24569633031507,71.61572026755321,124.02371811386026,39.27255162604954,8.760516619542164,7.43439554445178,1.326121075090384,2.1003539116197216,0.6372052527915713,0.37143059818028556,0.08634219657190313,18.547608335303575,7.297806055539484,6.0851747643148375,5.164627515449258,2.9431893774016897,167.7245279730532,0.29714857428714353,58.54847967058269,48.10006237585507,0.9125628140703518,$C_{a}^{syst}$,[ml/mmHg],6.050902199425019,12.45470788844536,12.159072923388123,12.069468455347048,12.1079913090708,2.3070511754387297,5.713004563838846,11.90489909041478,10.150172745387673,10.947253352362244,13.482246079545824,11.457162219692774,7.861370156141369,1.520260774059448,0.3293075108983063,0.5510039925756227,6817.945582104432,1.7220314853979555,0.27427477328902516,0.5850902760862101,0.4977727511681909
170.80965526765246,104.23011446216483,140.2303416907509,177.89270508163673,97.33032123688082,166.01336881386754,32.955919254377314,14.928832109959622,23.40940733558651,35.00060171273955,97.3292754174412,202.35997950625043,142.9544148097179,71.45422708978312,123.85813626580934,39.24770327390634,8.734995105438966,7.411243716422268,1.3237513890166979,2.0970727155880646,0.6310751366161091,0.3706929910431822,0.08611651668718276,18.544719704286788,7.296183532171722,6.0837471347556855,5.164789037359377,2.9431893774016897,166.91579669190884,0.2967197884656614,58.628002029165835,48.09709689382278,0.9371859296482412,$C_{a}^{syst}$,[ml/mmHg],6.028880232709719,12.427375018572516,12.14903716996041,12.059730033478179,12.09727445594823,2.303961561637234,5.707885595208779,11.877669036465297,10.127651416611394,10.923398090763639,13.451408005200978,11.446116539502993,7.8432848653946925,1.5189799417140033,0.3293075108983063,0.551004051092228,6813.1224865816575,1.714941393090362,0.27411003440181947,0.5826812933812464,0.4974737188564489
169.98183554905077,104.92326171235719,140.12225413072665,177.54980062011867,97.25939007435576,165.67797218963022,32.91651408910554,14.901847347084846,23.37694470011045,34.957679329825666,97.25809822684185,202.2273937689453,142.6689129774605,71.29636427406501,123.69403728203731,39.22203360310305,8.71001332275978,7.388643645977143,1.3213696767826373,2.0937691668052802,0.6251916648927455,0.3699491805058164,0.08589215151964598,18.540926475013617,7.294230754906777,6.082048541286161,5.16464717882068,2.9431893774016897,166.13590224772682,0.2962910026441792,58.70387522792437,48.09343403691589,0.9618090452261306,$C_{a}^{syst}$,[ml/mmHg],6.007561441685354,12.400660832130107,12.138780306671459,12.049760606299591,12.086377611851939,2.3008907894140918,5.702703572141874,11.85104836375591,10.105619108481607,10.900047485409681,13.421281678272083,11.43487213600069,7.82560447211329,1.51763710456913,0.3293075108983063,0.5510041042903954,6808.157305204903,1.7081733920057927,0.2739530787625259,0.5803817467953097,0.4971888169786564
169.1833411751082,105.5814976168977,140.01192172320782,177.2613732490864,97.1868204040925,165.35005912983237,32.877245604965466,14.875316603297103,23.344758033535246,34.914862254185145,97.18543947403721,202.09349114762554,142.3891970170171,71.1420718729258,123.53172978333731,39.1957325816654,8.687519836645164,7.368536656473505,1.3189831801716587,2.0904477097165786,0.6203395490124882,0.36920177342251853,0.08566943802937531,18.53628336410601,7.291964072319835,6.080090412507197,5.164228879278979,2.9469924541106107,165.5968410689964,0.2954334310012149,58.77640498923662,48.08934662969677,0.9864321608040202,$C_{a}^{syst}$,[ml/mmHg],5.986869969243799,12.374545395587749,12.128329184421078,12.039587899667564,12.07532547114458,2.297843481036928,5.697481423788727,11.825018618904096,10.084060863382065,10.877189290796299,13.391841762514899,11.423488772541042,7.808318019309301,1.5162436188759711,0.32973629671978844,0.5510041526610595,6803.077428286475,1.7039022408641655,0.2738022376657154,0.5781834420673452,0.49691501659904913
168.41306195406747,106.20733496448302,139.9001184167149,177.01185590760724,97.11291781724572,165.0297824547303,32.838205576171696,14.849260270519707,23.312907693430123,34.87219351000808,97.11143435066253,201.95885554565658,142.1155229871518,70.991308154725,123.37135193115006,39.16888925574141,8.663574160067686,7.346974589729874,1.3165995703378122,2.0871240688476513,0.614898122099452,0.3684534098269272,0.08544885453803706,18.530948824732846,7.289446721576808,6.077926447250331,5.163575655905712,2.946982427701158,164.868678731332,0.29500464517973274,58.84569219733715,48.08476166508513,1.0110552763819096,$C_{a}^{syst}$,[ml/mmHg],5.966843802478448,12.349033037145285,12.11774641608195,12.029274580079043,12.064177582456946,2.29482581359978,5.692235638313691,11.799586141984445,10.062984702427302,10.854832258136016,13.36309243384961,11.412006846935943,7.791427607113527,1.5148073079717377,0.32973629671978844,0.5510041941459634,6797.9042472072,1.6977008047641418,0.27365791087613534,0.5760810749348313,0.4966530450830692
167.6682261736823,106.801995163951,139.78612261968536,176.79131191026937,97.0374533218499,164.7158725897054,32.7992541657531,14.823587621378138,23.28127920027916,34.82954541209853,97.03592028798639,201.82297122636857,141.84665618088957,70.8435776221862,123.21234468414477,39.14147238065454,8.640045897085727,7.325835532875975,1.314210364209753,2.083772643464394,0.609656434940474,0.3677014112941595,0.0852296310675287,18.524866525775593,7.286656085633059,6.075536978354984,5.162673461787555,2.9469728489346245,164.1641980245905,0.29457585935825054,58.91202335039243,48.079720409600455,1.0356783919597992,$C_{a}^{syst}$,[ml/mmHg],5.947413602737974,12.324033026633597,12.10697856995277,12.018767603840164,12.052877647615482,2.2918254618772176,5.6869408553432885,11.77466053167772,10.0423095363614,10.83289406728012,13.334934425035451,11.400371520770602,7.774871931747096,1.5133256769733698,0.32973629671978844,0.5510042357414279,6792.621732529493,1.6917611953407035,0.273519343199717,0.5740674522849102,0.49640152553758693
166.9481099451322,107.36781350230972,139.67077864939625,176.5942141814099,96.96067619430957,164.40864774482864,32.76049236866558,14.798331703933828,23.249939782647335,34.78701512151555,96.95912931019029,201.68634989441745,141.58289001502507,70.69896359033284,123.05513419140323,39.11360650452429,8.616971155263679,7.305148313316923,1.3118228419467566,2.080412764031137,0.604606875528588,0.36694825597105163,0.08501224888535346,18.518156402692913,7.283635306834373,6.07295802257898,5.161563073279563,2.9469636243655506,163.4826727950211,0.2941470735367684,58.975411284203204,48.074214918832276,1.0603015075376885,$C_{a}^{syst}$,[ml/mmHg],5.928565969941154,12.29956248762549,12.096093823956165,12.008134905300258,12.041491455306863,2.288850909000118,5.681631008612078,11.750258454115647,10.022055057973388,10.811395458554431,13.307382646956162,11.388664181624698,7.758665044035473,1.511807780472611,0.32973629671978844,0.5510042709844982,6787.24733360167,1.6860719129825497,0.2733866663152026,0.5721386918528873,0.49616070275958707
166.25082114068496,107.90618491216709,139.55382960074192,176.41556343130972,96.88290538854483,164.1073404986108,32.7218797502922,14.773436962583284,23.218843609093266,34.74459282660303,96.88131888128643,201.54897003501048,141.3236295140645,70.55715428111486,122.8992852950412,39.085326238056105,8.594282042748745,7.284846181307829,1.3094358614409158,2.0770339642506754,0.5997327761183608,0.3661937677584735,0.08479641981913458,18.510834250709035,7.280391761071089,6.070195402661891,5.1602470869760495,2.946962799511107,162.8223505057068,0.2941470735367684,59.03630215088701,48.06837706213902,1.084924623115578,$C_{a}^{syst}$,[ml/mmHg],5.910252005166104,12.275565096971533,12.085075293337967,11.99736093471667,12.03000053386001,2.2858967575854336,5.676290875909491,11.726325077518712,10.002177350914804,10.79028685242818,13.280372716857318,11.376853873736792,7.742767542649444,1.5102558951305978,0.32973629671978844,0.5510043029082456,6781.803377198138,1.6806096994378377,0.27325870886097514,0.5702853458878565,0.49592844814222575
165.5752878537246,108.41885022258151,139.4356252169035,176.25211693879348,96.8039310560961,163.81190116291904,32.6834367587605,14.748910802317317,23.187992640630597,34.70227607578103,96.80232006767642,201.41084076637156,141.06887128456762,70.41809288009154,122.7448404908945,39.05660722301109,8.57197539198296,7.2649258838338655,1.307049508149094,2.0736422289955034,0.5950268294735473,0.36543795546516794,0.08458216979869142,18.502964832187157,7.276948449256604,6.067268762632765,5.158747620297788,2.946962799511107,162.18228016174805,0.2937182877152862,59.094565394134456,48.06212004246743,1.1095477386934676,$C_{a}^{syst}$,[ml/mmHg],5.8924521408373645,12.25203230191234,12.073944944496638,11.98646789943391,12.018425145367997,2.28296351465634,5.670928316049364,11.702852886980402,9.98267335529007,10.769565782285664,13.253899042276215,11.364964766429932,7.727178175565191,1.5086701146750963,0.32973629671978844,0.5510043314171428,6776.275173926727,1.6753687416657326,0.273136004539003,0.5685069190366677,0.4957057303642554
164.91996303817672,108.90708749112585,139.31600464707532,176.1008397499154,96.72401514080376,163.5217043687371,32.645105915026974,14.724701311297936,23.15734628628958,34.66003150199873,96.72231048580713,201.271932999008,140.81810166806193,70.28152684038521,122.59150512060157,39.02750087399813,8.550001960227535,7.245339528479158,1.3046624317483773,2.070230308180163,0.5904768172178684,0.3646805366065456,0.08436923239685983,18.49456474370859,7.2733127430562945,6.064184436627856,5.157067564024442,2.946962799511107,161.56100777821985,0.29328950189380404,59.15056690131707,48.05553811930839,1.1341708542713569,$C_{a}^{syst}$,[ml/mmHg],5.875088439537642,12.228922788678357,12.062700753462924,11.975452898553359,12.00675976570379,2.280046922520691,5.665537427199765,11.679795530945448,9.963503288376632,10.749189732939783,13.227905973322953,11.352977766811497,7.711863648590341,1.5070533309763026,0.32973629671978844,0.5510043566560495,6770.681059856263,1.670329830115418,0.2730176373175288,0.5667970530176089,0.49549088681335623
164.2839535927668,109.37237294072797,139.19523184019553,175.9594164525992,96.64314814366178,163.2366935372939,32.60691211679173,14.700817095272313,23.126920403133948,34.617848377403654,96.64125955421893,201.13237464106763,140.5713492984007,70.14737336991978,122.43948469721398,38.998013753407236,8.528356354373404,7.226080069709244,1.302276284664159,2.066803000566841,0.5860750765507379,0.3639220452069757,0.08415774530691011,18.485665426164157,7.269493630739975,6.060948738122368,5.155223057301814,2.946962799511107,160.95769878618023,0.2928607160723219,59.20430391564025,48.04858478237571,1.1587939698492464,$C_{a}^{syst}$,[ml/mmHg],5.8581567072538645,12.206222355355463,12.051353894937618,11.963578483674143,11.995015761351258,2.277149786065697,5.660131740361485,11.657145944212838,9.9446570280531,10.729154798057982,13.202384243688188,11.340927346451904,7.69682012549642,1.5054073428202304,0.32973629671978844,0.5510043788942495,6765.020370056324,1.6654848468606767,0.2729039303263063,0.565152993155182,0.49528450368029264
163.66629011404035,109.81611626831685,139.07350093429653,175.8266380851975,96.5614230360418,162.95667438645583,32.568926056678045,14.677252088732684,23.096750106268058,34.575866871866005,96.55963903962267,200.99265748533028,140.32872105092878,70.01564461917683,122.28886429640909,38.96830783299929,8.508801059491168,7.208903384895099,1.2998976745960689,2.0633635109740016,0.5825321739427051,0.3631648886700916,0.08394798718196891,18.4763128694054,7.26550885071314,6.057575755793196,5.153228262899073,2.9506023231899916,160.56951644761236,0.2920031444293575,59.255887124355496,48.04137636056193,1.1834170854271358,$C_{a}^{syst}$,[ml/mmHg],5.841660142015752,12.1839236082547,12.039926700844688,11.951633352933134,11.983214048184255,2.274275048994013,5.654719577159055,11.634898562570532,9.926135323903065,10.709456663624529,13.177324651333146,11.328842662291668,7.6820415098711745,1.503741140006617,0.32973629671978844,0.5510043964174726,6759.2996125229265,1.6628743798408954,0.2727940183761475,0.5635711619867187,0.4950850122971851
163.06582054441833,110.23912414346087,138.95074394932087,175.70069127337123,96.47895949805469,162.68130928874305,32.53103638807054,14.653967797190983,23.066755372476617,34.533958958778584,96.47709700911992,200.85224337583156,140.08953960026204,69.8859981586336,122.13915872920042,38.93823355813246,8.487749575858533,7.190230850910122,1.297518724948411,2.059909198237369,0.5783960257098351,0.36240640990281414,0.08373941324694643,18.466558275287948,7.261380605001783,6.054086489795818,5.15109118049035,2.9505951068334477,159.99826012648614,0.2920031444293575,59.305497306278866,48.03386578490611,1.2080402010050253,$C_{a}^{syst}$,[ml/mmHg],5.82556801338434,12.161990208499398,12.028413064519059,11.939623682292117,11.97134551258194,2.2714142459439013,5.649280195127501,11.613005758562561,9.907903493552013,10.69005633361463,13.152679624651006,11.316682338174212,7.667499062136528,1.5020479785003387,0.32973629671978844,0.551004414375708,6753.527164863828,1.6583746441597165,0.2726880270803225,0.5620475138452559,0.49489263600415984
162.48196209160304,110.64217043137454,138.82730473834442,175.5804749639206,96.3954794773086,162.41058407023712,32.49335292051088,14.63098858565978,23.0370077779329,34.492196659917916,96.39390731373057,200.7116973762899,139.85402807230886,69.75856939683928,121.991027226545,38.90797288027072,8.466992703879137,7.171845645604483,1.2951470582746545,2.056445631289737,0.5743859319641179,0.3616492168682309,0.08353251413772615,18.456399936734602,7.257102376297268,6.0504723971146745,5.14882516332266,2.9505880694664977,159.44246106613113,0.29157435860787534,59.352954137287504,48.02605357524997,1.2326633165829148,$C_{a}^{syst}$,[ml/mmHg],5.809872640525499,12.140427990127279,12.016840033653862,11.927579864984413,11.9594380318521,2.2685767263325034,5.643849569231666,11.591485643746193,9.889965053456699,10.670969530670769,13.128464374662883,11.304527573351457,7.653203993898164,1.5003378305869806,0.32973629671978844,0.5510044262649755,6747.683563411601,1.6540450022209157,0.2725859936068602,0.5605814716521873,0.4947074480954802
161.9134027548475,111.02675992583207,138.7028467388855,175.4645498310225,96.31173830460207,162.14389902000858,32.45574033286034,14.608241083274496,23.007414649384955,34.450485639760885,96.30993492905873,200.5704661221457,139.62158828664778,69.63306090262594,121.84355536759547,38.87739987775218,8.446478814999802,7.153704088363015,1.292774726636787,2.052964272916296,0.5704926735727345,0.3608907292428651,0.08332663930867437,18.44587819016483,7.2526953080951815,6.04675400082347,5.1464288812461785,2.9505813421474376,158.90100085403336,0.29114557278639314,59.398928289443184,48.018004241166196,1.2572864321608042,$C_{a}^{syst}$,[ml/mmHg],5.794536381887292,12.119186944433594,12.00518446575373,11.915474082522016,11.947464827558449,2.265749211956125,5.6383864947245765,11.570282101985711,9.87228416721905,10.65214844607608,13.104615762177096,11.29228012043414,7.6391209159101106,1.4986039970305869,0.32973629671978844,0.5510044414104341,6741.821681322145,1.649861207483165,0.2724872554038107,0.5591647937021094,0.4945282377512442
161.35974537441226,111.39415423136663,138.57778276633312,175.352912715543,96.2273867818614,161.88143406005105,32.418340692475454,14.585719247225338,22.97805315133173,34.40899040646237,96.22558052544662,200.42930940304325,139.39244993624962,69.50954628024482,121.69738162730475,38.8467133366248,8.426232652015512,7.135820898207613,1.2904117538078996,2.0494750753509043,0.5667122816440603,0.36013438663950853,0.0831224238515076,18.435014330886926,7.248163089884429,6.042931533980931,5.143919707021566,2.9505748121807143,158.37346867812875,0.29114557278639314,59.44312721257781,48.0097351091235,1.2819095477386937,$C_{a}^{syst}$,[ml/mmHg],5.779554321860006,12.098285422104993,11.993478287896032,11.903340429076508,11.935459238980108,2.2629445947701137,5.6329315636000405,11.549413193583185,9.854872200280887,10.633608701189258,13.081152092247555,11.280026741084054,7.625257937944365,1.4968581535409626,0.32973629671978844,0.5510044495566752,6735.917074730298,1.6458253099727915,0.2723917272091138,0.55779819687283,0.4943548594358423
160.82130741380612,111.74543207368741,138.45308022979376,175.24558141602031,96.14270695273886,161.62368997115746,32.38104411484409,14.56349372786818,22.9488694597232,34.36753783944516,96.14013299614712,200.28733161495205,139.16691319489718,69.38824542025789,121.55205908089202,38.81564952625054,8.406295290093455,7.118248278459422,1.2880470116340335,2.0459987044521135,0.5630453111817979,0.35937619950348637,0.0829193336810801,18.423973586776476,7.243571441535538,6.039062051809945,5.141340093430993,2.950572645390734,157.86019320187683,0.290716786964911,59.485528990147415,48.00110532251455,1.306532663316583,$C_{a}^{syst}$,[ml/mmHg],5.764941410285337,12.077739115251314,11.981684988563474,11.891149814590147,11.923388960652709,2.2601533849241697,5.627456706495683,11.52889705216808,9.837761697204217,10.615375251167226,13.0580955208988,11.267714951502287,7.611644078563868,1.4950870879499205,0.32973629671978844,0.5510044543558066,6729.98948669172,1.6419362238206647,0.27230056287582693,0.5564805280716039,0.4941894039571431
160.2948805600163,112.07957598451895,138.326593341717,175.1392961570211,96.0573331513656,161.36866240786472,32.34386205704629,14.541441348676688,22.919829010337033,34.32618712074277,96.05444542119538,200.1452886010256,138.94350625922883,69.26824087050336,121.40750214650608,38.78449565347554,8.38649098798502,7.1008030346776705,1.2856879533073489,2.042482812899701,0.559469640221303,0.35861924891297486,0.08271731747212638,18.41248941569738,7.238816406553143,6.035058077221222,5.138614931923016,2.9505726453907344,157.35814202418064,0.29028800114342884,59.5266340552402,47.99235899710465,1.3311557788944726,$C_{a}^{syst}$,[ml/mmHg],5.750603435105222,12.057428149850175,11.969856064244476,11.878931109323995,11.91129175756967,2.257374019989289,5.621971219645719,11.508612565649054,9.82082438447748,10.597327512428743,13.035310526847057,11.255356505002466,7.598172389895969,1.4933050164130506,0.32973629671978844,0.5510044609848117,6724.013320595592,1.638168964947405,0.27221127546324747,0.5552037390119801,0.49402735320277363
159.7799886203423,112.39798773683113,138.1985065522983,175.03360294853263,95.97088815329745,161.11637441339337,32.30688840206839,14.51957832003758,22.890987452257875,34.28505500567278,95.96886535313455,200.00373442962407,138.72232045698362,69.14948477381728,121.26417338662634,38.75328771940166,8.366828624575035,7.083486614567937,1.2833420100070985,2.0389319820016873,0.5559812759527585,0.3578661217864577,0.08251680911073685,18.400557814053723,7.233892087611678,6.030913055581313,5.135752670860732,2.950572645390735,156.86680093176838,0.29028800114342884,59.56619152008397,47.98353672086228,1.3557788944723619,$C_{a}^{syst}$,[ml/mmHg],5.736497087105399,12.037354975437372,11.958026592041069,11.866716131305804,11.899199700472701,2.254614375748779,5.6165029927615455,11.488567456145045,9.804062115594343,10.579471611878784,13.01279895011619,11.243030705260056,7.584842435515396,1.4915174612053346,0.32973629671978844,0.5510044656609095,6717.9621707308215,1.6345248434212662,0.27212360331155017,0.5539686833247962,0.49386823568688853
159.2786622075689,112.70263317152268,138.07118531404802,174.9310445439382,95.884636077959,160.8685908767137,32.27007348156736,14.49800887899842,22.862357590813602,34.24405315345777,95.88258932744951,199.86183458351525,138.50461761365693,69.03287892293434,121.12184108823124,38.721882084900635,8.347475765825957,7.066475320210619,1.2810004456153374,2.0354040300505023,0.552594067596091,0.35711334323338634,0.08231773222000288,18.38853812898528,7.22894223357648,6.026748105048464,5.132847790360337,2.950572645390735,156.38823060128303,0.28985921532194664,59.604323973623266,47.97443670386381,1.3804020100502514,$C_{a}^{syst}$,[ml/mmHg],5.722714641279792,12.017619442633638,11.94613533304875,11.854470929492106,11.887068024183021,2.251872496682323,5.611028948548641,11.468857233110956,9.787587900461416,10.56190899854602,12.99067489024395,11.230678097635952,7.571749685288729,1.489715599393666,0.33016508254127064,0.5510044668836055,6711.92452545713,1.6310040586078,0.272039711646602,0.5527754285784791,0.4937159823498633
158.78878550261248,112.99365486022118,137.94330743447713,174.8297923694641,95.79790511832456,160.62396260115685,32.233363117594614,14.476640963689595,22.833874099900168,34.20313788365612,95.79582281045644,199.71967035834962,138.2894311942776,68.91776368328865,120.98024767343803,38.69030031027043,8.328308004563546,7.049645630984622,1.2786623735789249,2.031863991340519,0.5492927692223356,0.35636093343572184,0.08211970623050784,18.37626494339928,7.223901221161703,6.022508874393901,5.129854847843675,2.9505726453907344,155.92038481013068,0.28985921532194664,59.64110433273211,47.96514166009464,1.405025125628141,$C_{a}^{syst}$,[ml/mmHg],5.709205253439797,11.998139678783886,11.93420238707704,11.842199058111108,11.87490617166492,2.249142946211653,5.605548396198922,11.449397093399515,9.771316074260533,10.544556805308705,12.968837830552063,11.218293951085053,7.558823406681048,1.4878991898815586,0.33016508254127064,0.5510044665776892,6705.8533582827195,1.6275970191367544,0.2719584029854159,0.5516207240920914,0.4935684181918895
158.31001953943587,113.27185048829816,137.81507195384825,174.72954037108607,95.71084878306901,160.38256299419243,32.19681053254986,14.45548577594392,22.805567638623245,34.16238470644055,95.7087880644535,199.57754138845414,138.07688438633642,68.80417057910826,120.83953546814743,38.658631715376934,8.310925752861312,7.034593799078269,1.276331953783042,2.0283183455945712,0.5467197841120425,0.3556103431412186,0.08192297140473344,18.363770833706642,7.218781239210298,6.018204969839836,5.126784624656505,2.95405934774468,155.64665942969322,0.28900164367898235,59.67659263964673,47.955690504357726,1.4296482412060303,$C_{a}^{syst}$,[ml/mmHg],5.695961451145859,11.978913954077347,11.922240658263787,11.829913680069431,11.86272826793663,2.2464292699807764,5.600067525804188,11.430190327058199,9.755251202457943,10.527419350272183,12.947294104156406,11.205898768513078,7.546065339138853,1.4860719295976639,0.33016508254127064,0.5510044638396562,6699.759414814831,1.6262175229734948,0.2718794550454705,0.5505026580508798,0.4934251406075508
157.84188414561598,113.53705281813563,137.68652263602922,174.62964598890264,95.62344376422634,160.14421808425186,32.16039662793032,14.43453557132575,22.77742909114976,34.121732054591895,95.62137618183533,199.43535614259613,137.86675650981215,68.69200241614803,120.69984351277901,38.62684653115138,8.29212913783782,7.0181213751157765,1.2740077627220445,2.0247660323903385,0.5435759900144489,0.35486107416226864,0.0817274472694568,18.35105332312669,7.213579394583601,6.013833510994542,5.123640417548544,2.954054200067418,155.19837277084747,0.28900164367898235,59.71083121709636,47.94605030487479,1.4542713567839198,$C_{a}^{syst}$,[ml/mmHg],5.68297339245644,11.959932417239125,11.910253442366393,11.817617810595188,11.850536024477089,2.24373062511733,5.594593112291522,11.411227295617763,9.73937982845714,10.510488052270688,12.926030166433748,11.193509038017691,7.533469195742421,1.4842352664754144,0.33016508254127064,0.5510044599669873,6693.641063495844,1.6230159327195106,0.2718030559854974,0.5494198219797287,0.49328648991658275
157.38384294405733,113.79100859912934,137.5576514391409,174.53038939679118,95.53590220711212,159.90883244947156,32.124133013598396,14.413786486336129,22.74945844799241,34.081239945434604,95.53377582345267,199.29321833420556,137.6589803584294,68.58127586102466,120.56090036624204,38.59500847713746,8.273514047814729,7.001822851242445,1.271691196572284,2.0212090177023403,0.5405075884937756,0.35411367842165953,0.08153314945325267,18.338144700802193,7.208310565536521,6.009407305857585,5.1204268294080855,2.9540492110553753,154.75958689428444,0.28857285785750014,59.743980831890454,47.93629036751613,1.4788944723618092,$C_{a}^{syst}$,[ml/mmHg],5.670226175192651,11.941189461088154,11.898239826749245,11.805310072019505,11.838328333693092,2.2410460115770907,5.589116899539131,11.39249942013489,9.723702938056052,10.493756340383309,12.905035583567033,11.181099874849316,7.521030022132979,1.4823921180243094,0.33016508254127064,0.5510044546939545,6687.5131544978485,1.6199102465037845,0.2717287070881784,0.5483694179641133,0.493151561250272
156.93557597780145,114.03278384833771,137.42858306204417,174.43155683747173,95.44821697471214,159.6763659341603,32.08800379559143,14.393225443327937,22.721639069479547,34.0408534072384,95.44585850559712,199.15102109316524,137.45341651529884,68.4718414960616,120.42275601364123,38.56304533011153,8.255076565562335,6.985696083227908,1.269380482334428,2.0176493045062296,0.5375117049360094,0.35336756577878825,0.08133994736528816,18.325059057338724,7.202978474686329,6.004929917591588,5.117150665060808,2.954044340857321,154.32996899194637,0.28857285785750014,59.7760453879997,47.926371645840774,1.5035175879396987,$C_{a}^{syst}$,[ml/mmHg],5.657713625350756,11.922670536395524,11.886210927890373,11.793000866747125,11.826115812236683,2.2383737782200304,5.583642989635366,11.373993580312659,9.708203939459613,10.47721312171122,12.884299184973267,11.168692281791822,7.508738180833435,1.4805400333172287,0.33016508254127064,0.5510044470932247,6681.375188229849,1.6168973489869827,0.2716565668694507,0.5473503991201863,0.49302064312284766
156.49534349127052,114.26325864549952,137.2981654476767,174.33112959404352,95.35984202912522,159.44581773164973,32.052088847275584,14.372813719465722,22.693999060115427,34.000699147397064,95.3582645395285,199.00949442851848,137.2495688738705,68.36339898206198,120.28561769217491,38.53120839450405,8.2367298787337,6.969645566774857,1.267084311958843,2.0140599354304136,0.5345764738276584,0.3526259358925974,0.08114817465977789,18.311634567744,7.197518277184416,6.000345483407993,5.113770807151592,2.954039630963818,153.9078887464808,0.288144072036018,59.807051314207314,47.91643977256568,1.5281407035175882,$C_{a}^{syst}$,[ml/mmHg],5.645391444047412,11.904330087962379,11.874202483966322,11.780711384560353,11.813925000066263,2.235718009363817,5.578189170024704,11.355669389022646,9.69283722544294,10.460816281751637,12.863769242993008,11.156322734431,7.496554228311524,1.478691344314522,0.33016508254127064,0.5510044401785994,6675.188942038765,1.6139696277965057,0.27158538130088267,0.5463601811157537,0.49289145694153125
156.06515366988714,114.48374166971182,137.16855197234352,174.23228381639012,95.27159675753967,159.21864669407324,32.0162565967399,14.352613611784127,22.66649587850037,33.96059894587564,95.27001155870656,198.86751440195752,137.04825148352998,68.25649645515944,120.14907779051156,38.499186101278994,8.218611068261849,6.953821689430757,1.2647893788310907,2.01048891317573,0.5317150256172604,0.3518838634099495,0.08095734749699796,18.298194053156703,7.19205915312564,5.995763563264137,5.1103713367669314,2.9540350725452154,153.4953032576932,0.288144072036018,59.836959260555034,47.90627159252551,1.5527638190954776,$C_{a}^{syst}$,[ml/mmHg],5.633315116869488,11.886238724399298,11.862140561722766,11.768393756792767,11.801697847843625,2.2330726142293953,5.572724886513978,11.337589865790907,9.67768171275069,10.444633241550116,12.843520429400048,11.14391519478057,7.484543837197025,1.4768303197483843,0.33016508254127064,0.5510044326664001,6669.011773027777,1.6111339421373325,0.27151714889656886,0.5454010878581645,0.49276763089300973
155.64344246129568,114.6948406078557,137.0387162477344,174.1328357979988,95.18319322069132,158.99393385338504,31.980547567907724,14.332577350173235,22.639131284059694,33.920623244975886,95.18158241064188,198.7255705652833,136.84886629497632,68.15074435735887,120.01321223347965,38.46706731531518,8.200641421363118,6.9381403899405365,1.2625010314225809,2.0069131680658447,0.5289162587392514,0.35114343203200027,0.08076755635116269,18.284593273601057,7.18654258670157,5.991134719387944,5.10691596751154,2.9540306133592766,153.09068120187715,0.28771528621453585,59.86592753184139,47.89599151226177,1.577386934673367,$C_{a}^{syst}$,[ml/mmHg],5.621440940534791,11.868341293305626,11.850062619461298,11.75607120270523,11.78946338302341,2.2304392911289006,5.567261563932002,11.319703015603574,9.662682650697354,10.42861448893657,12.823493590780071,11.131506306673337,7.472661705397136,1.4749621358246976,0.33016508254127064,0.5510044230319835,6662.8235254483925,1.6083793369583828,0.2714506553356687,0.5444694207584259,0.4926469625088874
155.22992389107822,114.89581334292788,136.90874269799517,174.0335526430106,95.09457966863756,158.77165501419515,31.944956506939825,14.312701674439321,22.611900069690464,33.88077386439264,95.09294886154198,198.58364676152019,136.65141925625232,68.04614801356905,119.8779630566912,38.434891577992076,8.182819260642798,6.922600309325994,1.260218951316804,2.003334363259195,0.5261779576050304,0.35040454127858606,0.08057877226483022,18.270863120073003,7.1809815330978415,5.986470570623308,5.103411016351856,2.9540262949177136,152.69376540131,0.28771528621453585,59.89392732609326,47.88558897588352,1.6020100502512564,$C_{a}^{syst}$,[ml/mmHg],5.609762669478606,11.85064141285321,11.837977882025442,11.743752229901999,11.777229616095298,2.2278176691520444,5.56179977205664,11.302007555226389,9.64784469438272,10.412759884388302,12.803689509494982,11.11909009969834,7.460908605780188,1.4730886735581388,0.33016508254127064,0.55100441137032,6656.620576804629,1.6057041940074823,0.2713859417507671,0.5435646245837532,0.4925295263532356
154.82443785374284,115.08843781108494,136.77879264747003,173.9337013729388,95.00591810532369,158.55194748139672,31.909563782279175,14.293014973826219,22.58485950287397,33.841104149706624,95.0043402400189,198.44214802106126,136.456067393118,67.94279275574519,119.74378737255189,38.40278348901292,8.165160804307668,6.907211922283745,1.2579488820239229,1.9997581859480875,0.5234986930290442,0.3496691087271468,0.08039141242078932,18.25699397106187,7.175369326476505,5.981762984108356,5.099861660477012,2.9540227305270843,152.3044239196968,0.28728650039305365,59.92100356665184,47.875081572860125,1.626633165829146,$C_{a}^{syst}$,[ml/mmHg],5.598281924148318,11.833145160888744,11.825896134673448,11.731448482869732,11.76500760007101,2.225214044084155,5.55636045671068,11.284521615296294,9.633168364110091,10.397081002465212,12.784120734425713,11.106720607828123,7.449291549128598,1.4712166666656543,0.33016508254127064,0.5510043993068398,6650.414267372658,1.6031045955563727,0.2713230668189446,0.5426852606751377,0.4924154274634964
154.4264417763513,115.27151439051593,136.64868868689138,173.83342850304487,94.91721863928038,158.33443071116915,31.874266834698442,14.273471286360918,22.55793410414096,33.8015276585972,94.915520418377,198.30060277423678,136.26244894885173,67.8404826591113,119.6101722143007,38.37061962454672,8.147632501351941,6.8919486850040625,1.2556838163478787,1.99617827788036,0.5208740330969012,0.34893482606069265,0.08020493668234752,18.243001252583237,7.169714360596861,5.977021422467802,5.096265469518575,2.9540227305270843,151.92214060502013,0.28728650039305365,59.947301552134725,47.86446389496726,1.6512562814070353,$C_{a}^{syst}$,[ml/mmHg],5.586952708862413,11.815823539251577,11.813806701875343,11.719146996720431,11.752785184983555,2.2226204969071013,5.550920567352189,11.267206301392948,9.618634578236122,10.381549120840122,12.764750397301741,11.094343121311487,7.437790649331878,1.4693396503181861,0.33016508254127064,0.5510043856742805,6644.2053047496265,1.6005751409802578,0.2712618039997035,0.5418289860940468,0.49230425574154435
154.03573069130638,115.44685807193721,136.5185145049363,173.73288708126626,94.82837575532001,158.11916205981714,31.839116881597846,14.254084929736688,22.53115536784393,33.762124066715884,94.8266832182253,198.15929315573564,136.07061048938775,67.73918197883383,119.47723753198872,38.338431176552426,8.130242843518522,6.876815096177459,1.2534277473410633,1.9925975468961765,0.5183028987044164,0.34820308356353885,0.08001957795721863,18.228892172152495,7.164018617327866,5.972246374992225,5.0926271798324025,2.9540227305270848,151.546718292222,0.28728650039305365,59.9727284915955,47.853765376373204,1.6758793969849248,$C_{a}^{syst}$,[ml/mmHg],5.5757967252640634,11.798677651352955,11.8017142052884,11.706852027187288,11.740566352567916,2.2200398411323325,5.54548632092521,11.250068178152517,9.60424416277278,10.366167619227575,12.745584160208894,11.081976503797668,7.426405022249861,1.467460132242158,0.33016508254127064,0.5510043712396625,6637.9863028724,1.598115723116981,0.2712020018974402,0.5409964204411623,0.49219573573850894
153.65202871365202,115.61363720925831,136.3882860147466,173.63147416958995,94.73943281838194,157.90605206435555,31.804078400049537,14.234843337652942,22.504501936545864,33.722825491052475,94.73767583168107,198.01804228509758,135.8804966233897,67.63893314664362,119.34496471076626,38.30622828988539,8.11298422974997,6.861806276225975,1.2511779535239949,1.9890161680526544,0.5157831312261976,0.3474729380211162,0.07983517316749959,18.214672834637376,7.158283851125811,5.967439871298712,5.088949112212851,2.9540227305270843,151.17789174518492,0.2868577145715715,59.99734119105854,47.84295144948559,1.7005025125628144,$C_{a}^{syst}$,[ml/mmHg],5.564810607434256,11.781707356859469,11.78961932213138,11.694564563464956,11.72835226399099,2.2174701915100723,5.540060380106687,11.233099438559242,9.589993748443005,10.350931557185353,12.72661158038893,11.069615329775958,7.415134544792584,1.465577972897946,0.33016508254127064,0.551004356425462,6631.760297286736,1.5957229977827398,0.2711438304163248,0.5401864316386001,0.4920901754304083
153.27504454740685,115.77301346125502,136.25801410848175,173.52969026166446,94.65041974152602,157.69497558933443,31.76918604001385,14.215748207486527,22.477986158528562,33.68367421915855,94.64865105403527,197.87703051823692,135.69206534782242,67.53967421283254,119.21335438412646,38.27404834272901,8.095852589893633,6.8469158215311365,1.2489367683624966,1.9854336506782047,0.5133126182368912,0.34674521714699247,0.07965184316296553,18.200350076802067,7.152513171906752,5.962603921508683,5.085232983386635,2.9540227305270843,150.81539903112704,0.2868577145715715,60.021201936079706,47.83205549737223,1.7251256281407037,$C_{a}^{syst}$,[ml/mmHg],5.553987868798056,11.764900361040596,11.777524389932575,11.68228639919838,11.716144956724579,2.214913622877483,5.534642269605409,11.216297117906125,9.575878099689588,10.335836907139434,12.707828952571067,11.057270719673232,7.40397391253114,1.4636951707741315,0.33016508254127064,0.5510043394337181,6625.529381906822,1.5933938744590663,0.2710870657809196,0.5393979734796279,0.4919871702998257
152.90465112480334,115.9250130928227,136.12781425880658,173.42746596311585,94.56140859242147,157.48602743186783,31.734443356883304,14.196799208080852,22.451612405391977,33.64466702650489,94.5596339184566,197.73626596950808,135.505304658939,67.44135582872367,119.08240997607943,38.241808256957576,8.078855914615374,6.832151438133161,1.246704476482213,1.9818541929025397,0.5108902941434609,0.34602003700156425,0.07946958758470127,18.1859417399554,7.14671277272279,5.957744045043285,5.0814849221893255,2.9540227305270843,150.4591290187366,0.2864289287500893,60.04431639710448,47.82108808155513,1.7497487437185932,$C_{a}^{syst}$,[ml/mmHg],5.543326262593352,11.748259859805659,11.76543934950595,11.670025394665211,11.703952888649487,2.212368873988856,5.529233696110277,11.199660732870518,9.56189644520188,10.320883066198238,12.689235989143405,11.044940313757351,7.392921220720946,1.4618086725777242,0.33016508254127064,0.5510043229393523,6619.298601469503,1.5911261397051037,0.27103164530198354,0.5386302966670808,0.4918866041851641
152.54054880925386,116.06971843182883,135.99765054077264,173.32445801811514,94.47243375327895,157.27909476095786,31.69984220234902,14.177996638038262,22.42537578823811,33.60580805247316,94.47060624543008,197.59575222019512,135.32022872966505,67.3440018179618,118.95219832103683,38.20963082066534,8.061986520513049,6.817505596110915,1.2444809244021338,1.9782769619604368,0.5085139307675773,0.34529733799296786,0.07928840363391583,18.171447808896666,7.140882925196978,5.952859985378919,5.077704898320767,2.954022730527084,150.10879714615763,0.2864289287500893,60.06674561349923,47.81003902358928,1.7743718592964826,$C_{a}^{syst}$,[ml/mmHg],5.532819378629795,11.73177939049646,11.753358629660676,11.657777773657154,11.691771449016876,2.2098374505381577,5.523835321899116,11.18318245256084,9.548045968999306,10.306066872647495,12.670824929868402,11.032633982985582,7.381975658296472,1.4599239590802697,0.33016508254127064,0.5510043043096188,6613.070362729526,1.5889163767938566,0.27097762458222135,0.5378822445656495,0.49178858034828415
152.18244061031825,116.20802091380676,135.86747430554578,173.2207895519253,94.3832961502954,157.07402667318286,31.665363785575067,14.159324755460478,22.399265029491747,33.567061338618416,94.38152160201017,197.45544522772457,135.13674723718978,67.24758960612843,118.82268162776447,38.17750357487792,8.04523163475258,6.802966397614693,1.2422652371378877,1.9746993122310568,0.5061813372058104,0.34457686103974683,0.07910819470736204,18.156860226259983,7.1350197662136345,5.947948575410883,5.073891884635468,2.9540227305270843,149.76412097374222,0.2864289287500893,60.08841700268793,47.798895337203966,1.798994974874372,$C_{a}^{syst}$,[ml/mmHg],5.522458188553606,11.7154518267791,11.741282956041639,11.645543508784277,11.679600910648285,2.207317479330653,5.518448656559046,11.166855223962767,9.534318418463396,10.291379068101476,12.652586733560272,11.020346543587339,7.371130911844894,1.4580402841266173,0.33016508254127064,0.5510042855663619,6606.830730520677,1.5867651065635464,0.2709249809918642,0.5371539934902332,0.49169305591405327
151.82894537120993,116.3378727561118,135.73621239631728,173.1153770046678,94.29413718726127,156.8702655259792,31.631098879879815,14.140768737953358,22.37331691872309,33.52858539115264,94.29305453749132,197.31599907343931,134.95442440124643,67.15173419664961,118.69391806101662,38.14551536231592,8.028536931694342,6.788471218100604,1.2400657135937383,1.9711051483111686,0.5038831517297272,0.34386163688683713,0.07892930359842239,18.142035963593333,7.129066150349269,5.9429615222433485,5.070008291000711,2.9540227305270843,149.42375156133625,0.28600014292860715,60.10963063720018,47.78784030705805,1.8236180904522614,$C_{a}^{syst}$,[ml/mmHg],5.5122090634290455,11.699241063371527,11.729253839926528,11.633350040522613,11.667474327764996,2.204812907275498,5.513086114038568,11.150648432180828,9.520675268436605,10.276788741855107,12.634482118715328,11.008113145168908,7.360353161550739,1.4561635548150158,0.33016508254127064,0.5510042668839737,6600.589603108289,1.5846558017132242,0.2708723733254969,0.5364399485952754,0.49159759661631647
151.48223408033465,116.46293332862352,135.60606523906594,173.0104566464573,94.20507632315517,156.66882559724178,31.596864859892893,14.122352494598205,22.34744902352386,33.49009073012115,94.20396137473489,197.17610661804375,134.77384701650874,67.05698801255103,118.56552599256514,38.113383983693765,8.01340018658068,6.775534495350412,1.237865691230269,1.9675305955074816,0.5021988741471571,0.3431456272806017,0.07875099517072719,18.127295188631674,7.123150607591507,5.938007865006622,5.066136716033546,2.957351887838213,149.25784604832631,0.28557135710712495,60.13007116382807,47.776560248864456,1.848241206030151,$C_{a}^{syst}$,[ml/mmHg],5.502127101069638,11.683198949119742,11.717190892067054,11.621142790757172,11.655326218227477,2.2023144737610005,5.507714367784846,11.134606125148,9.507180546539727,10.262345326617986,12.616570496663002,10.995853495009511,7.349697208033081,1.4542779687116911,0.33016508254127064,0.5510042467759516,6594.355342620862,1.5843928148449409,0.27082212015559065,0.5357471396490162,0.49150641168417686
151.1401951087811,116.58120470750691,135.4752708573277,172.9038733629371,94.1161818891567,156.46888534178638,31.56282314116636,14.104063774175216,22.32173634573641,33.45183781969812,94.1153182816139,197.03688301245086,134.59456980092247,66.96295102000833,118.43788153002718,38.081402242137635,7.996946983420075,6.761267458396503,1.2356795250235717,1.9639491777927125,0.49998068334407725,0.3424340130071762,0.07857392399427571,18.112388603441975,7.117172480479579,5.933002272144289,5.062213850818109,2.957348668120138,148.9277674391186,0.28557135710712495,60.15009417595829,47.76533045118598,1.8728643216080405,$C_{a}^{syst}$,[ml/mmHg],5.492159539274108,11.667284789362,11.70517237229554,11.60897760840368,11.64322191980478,2.199830705929653,5.502364543667559,11.11869353599862,9.493783908217981,10.248010254642493,12.59880516145711,10.983643096539565,7.339120844697947,1.4523994781211982,0.33016508254127064,0.5510042265167286,6588.13273224097,1.582382162660562,0.2707722613714216,0.535067839554548,0.491415942638329
150.80430259734982,116.69416115103829,135.34539223807835,172.7975894371932,94.02723413375419,156.27103095571616,31.52887859833425,14.08590934911368,22.296135959228113,33.41367871146752,94.02645865450289,196.89766539353957,134.41694892053545,66.86990300663308,118.31075627795367,38.0493600165281,7.980646217262758,6.747147553021072,1.2334986642416863,1.9603836345528411,0.4978064276508465,0.3417237170610507,0.07839769116727704,18.097537647429338,7.111220459624045,5.92801949240388,5.058297695401412,2.9573455119481533,148.60351577110015,0.2851425712856428,60.16933116695152,47.753973347816036,1.8974874371859298,$C_{a}^{syst}$,[ml/mmHg],5.482343887863924,11.651530443561368,11.693144239573515,11.596819087429301,11.631118308696935,2.1973566605268235,5.497017767510916,11.102937922275109,9.480524110497104,10.233814050453882,12.581218677995208,10.971431366331961,7.328655204039493,1.4505172245966629,0.33016508254127064,0.5510042035700152,6581.906389362794,1.5804305756746064,0.2707240347745399,0.5344084988681275,0.49132843818702265
150.47347359816413,116.80182659683338,135.21558973629362,172.6909630799844,93.93836448804079,156.07481995106448,31.495050495268135,14.067839097800915,22.27065239654338,33.37560791853644,93.93756351036997,196.75867866650842,134.24063809121145,66.77763547941638,118.18432726299297,38.01735735816125,7.9644497845988695,6.733124261837566,1.2313255227613038,1.956820237799953,0.495669299532391,0.341015615261998,0.07822240212064584,18.08261467461134,7.105242488764789,5.923015056520247,5.0543571293262985,2.9573424666111796,148.28411214731506,0.2851425712856428,60.18803322502253,47.742526096949085,1.9221105527638194,$C_{a}^{syst}$,[ml/mmHg],5.472653030521207,11.635904433930124,11.68112551801942,11.58467709118221,11.619028909210956,2.1948936769713767,5.491685338871243,11.087314458215419,9.467364163633842,10.219727919039176,12.563783757699024,10.959255984087966,7.3182751702364,1.4486361339047504,0.33016508254127064,0.5510041833222523,6575.685514162856,1.5785255891504582,0.27067711053542703,0.5337648943171913,0.4912432949299819
150.14763794160018,116.90409756891047,135.08596862586373,172.58352514634947,93.8495186318453,155.88027413499083,31.461344030420168,14.049892488361705,22.245282641337816,33.33769014160289,93.84870097808829,196.61991088744833,134.06570623589215,66.68615688682148,118.05842018223514,37.985372072764086,7.94836253246214,6.719202379686133,1.229160152776006,1.9532622520078338,0.4935679836369361,0.3403097830287314,0.07804800265257196,18.06765440360289,7.099252966266036,5.918002160157364,5.050399277179493,2.9573394477855124,147.96938863157374,0.2851425712856428,60.20615446863567,47.73102609725541,1.9467336683417087,$C_{a}^{syst}$,[ml/mmHg],5.463085164376687,11.620413553733552,11.669126566555553,11.572559926294094,11.606962755475257,2.1924417691746867,5.48636357013556,11.071820386875887,9.454317071141617,10.205756884936239,12.546496569672364,10.94709557027392,7.307984396918672,1.4467555282669784,0.33016508254127064,0.5510041578826975,6569.466304229171,1.5766664633841214,0.2706312042706646,0.5331367910994277,0.4911600037839985
149.8265042500698,117.00084080747492,134.95640852451854,172.47535547922007,93.76082477920248,155.68727786486738,31.427767399711737,14.03205529230212,22.220030448572665,33.29989278162462,93.7599601550667,196.48143275025117,133.89202943326396,66.59540770602057,117.93303066539654,37.95343656646175,7.93237522911772,6.705371867578865,1.2270033615388545,1.9497069222319425,0.4915011540196289,0.33960650126668507,0.07787454000927208,18.052643143586433,7.093247314525307,5.912976174196363,5.046419654864762,2.9573365310146427,147.65917783734116,0.2847137854641606,60.223819225990006,47.719501452458154,1.9713567839195982,$C_{a}^{syst}$,[ml/mmHg],5.453634417735847,11.605044170251599,11.657135789349171,11.560457078988371,11.594909145863982,2.189999097236759,5.481048274701221,11.056451705401845,9.441369414386475,10.191891061689121,12.529351995372675,10.934951136057657,7.297774581249399,1.4448767562927696,0.33016508254127064,0.5510041369476819,6563.257734544173,1.5748493913642931,0.2705861502944697,0.5325228883653538,0.49107825540729466
149.5101832586331,117.09301479058436,134.82717196663253,172.36663697620037,93.67225547293712,155.49600334668008,31.394380618569063,14.014354893351541,22.194934419621642,33.26230331786851,93.67147950651054,196.34354310897675,133.71982517060502,66.50548754643438,117.80844481750223,37.92161505935405,7.916508767016838,6.6916495539208585,1.2248592130959792,1.9461612918281463,0.4894686081396822,0.3389071660604385,0.0777022701574392,18.037600493323527,7.0872311675020185,5.907941162751717,5.0424281630697925,2.9573336636778933,147.35347641961425,0.2847137854641606,60.240940896785474,47.70795006715345,1.9959798994974878,$C_{a}^{syst}$,[ml/mmHg],5.4443025887845575,11.58981623367301,11.64517707568947,11.548392609052652,11.582891814172322,2.187571853685812,5.475757471817234,11.041222520215653,9.428536698732715,10.178146930173547,12.512364672358416,10.922857907446545,7.28765715110259,1.4430038078271328,0.33016508254127064,0.5510041116815394,6557.057883105599,1.5730749267822017,0.270541999041212,0.5319233829117017,0.49099814920723417
149.19818323636923,117.18020379929007,134.6979354116879,172.25719222065075,93.58364435694232,155.3060754201119,31.361043190693664,13.996739259944121,22.16990287960152,33.22475574901007,93.58281929251899,196.20558577354504,133.54862954238436,66.41615519564792,117.68420143217048,37.889754772157524,7.900722908343687,6.678004586096536,1.2227183222471514,1.942615645288356,0.4874675197915366,0.3382085893464117,0.07753056603860926,18.022505968972702,7.081197692998945,5.902893131137026,5.038415144836726,2.95733086562602,147.05188668160255,0.2847137854641606,60.25755534919877,47.69630738267036,2.020603015075377,$C_{a}^{syst}$,[ml/mmHg],5.435075340598249,11.574688862973508,11.633220940211407,11.536336239441358,11.570880779216488,2.1851503180723206,5.470467062157594,11.026092399745304,9.415785926061938,10.164488360619762,12.495494265493965,10.910765440041038,7.277607122032707,1.441128222395475,0.33016508254127064,0.5510040872682184,6550.8551049859625,1.5713417413060362,0.27049893768933314,0.531337822078088,0.49092002026776144
148.89061641676187,117.2625047301173,134.56893367496534,172.14740117243002,93.49517961698734,155.11773964864324,31.32786317361487,13.97925023438358,22.14500892605608,33.187398611743276,93.49441168056478,196.06808075346908,133.37880127602565,66.32762466703423,117.5605264470956,37.85800194455831,7.8850457889645185,6.664457446064609,1.2205883428999091,1.939077689680041,0.4854985079071984,0.3375133710373458,0.07735993908456854,18.00739666683961,7.075162253586081,5.897844073466839,5.034390339786691,2.957328146613631,146.75452772404418,0.28428499964267845,60.27368618751344,47.68466714279834,2.0452261306532664,$C_{a}^{syst}$,[ml/mmHg],5.425961307617117,11.559691707485632,11.621291539428208,11.524311653522334,11.55889987722392,2.182740675833108,5.465188856091216,11.01109490157419,9.403145702643219,10.15094318378881,12.47877060660823,10.89869974823022,7.2676441319720055,1.4392577049869253,0.33016508254127064,0.5510040643177333,6544.6625731891145,1.5696480644803215,0.2704566152644855,0.5307656055273033,0.49084323107375166
148.58638066535772,117.33962092237066,134.4392849083046,172.03611965440376,93.40683663571959,154.93050859808199,31.294837140046205,13.961858917851075,22.120238651875034,33.150184780445464,93.40625104908528,195.9311548053918,133.209920939457,66.23959774901607,117.4375524123853,37.82636124057842,7.86942461512497,6.65095478576597,1.2184698293590002,1.9355333326501565,0.4835539786368229,0.3368217962867651,0.07719032946892607,17.99211640477365,7.069059546650663,5.892737679314596,5.03031917880839,2.9573254672528306,146.46027428395405,0.28428499964267845,60.289504940588536,47.67299572232953,2.069849246231156,$C_{a}^{syst}$,[ml/mmHg],5.416914460469025,11.544787502757469,11.609389355774658,11.512311942943839,11.546944883100503,2.1803440921351673,5.459936397905502,10.996190741871924,9.390571618442227,10.13747626012606,12.462153272459716,10.886689130153847,7.257738144834119,1.4373929233829967,0.33016508254127064,0.5510040389550148,6538.478564500371,1.5679823828649644,0.27041494987692877,0.5302028472102942,0.49076763645829835
148.28705673236743,117.4134702344858,134.31058918243002,171.9249586210643,93.31853393428361,154.74495968996553,31.261878885646517,13.944574153683194,22.095552701820715,33.11304892202792,93.31791874253008,195.79416711580566,133.04236593239125,66.15236556622347,117.31497368893818,37.7946769524749,7.853931992154433,6.637576811925046,1.2163551802293866,1.9320048324878076,0.4816442780508286,0.33613113176476417,0.07702138052360442,17.976929402940296,7.062997567241943,5.887667275834201,5.02626455986415,2.957322853891721,146.17071568091072,0.28428499964267845,60.30473245865265,47.661235325430134,2.0944723618090455,$C_{a}^{syst}$,[ml/mmHg],5.407982662180859,11.530010586667228,11.597494800059245,11.500332253537435,11.535005264662875,2.1779544664088895,5.4546846458374585,10.98141419407393,9.378109602019613,10.124120758486647,12.445679502270286,10.874677733071355,7.247921347031851,1.4355254387775331,0.33016508254127064,0.5510040134460792,6532.297375399852,1.5663631812287842,0.27037453604113443,0.5296557929640694,0.49069431336836
147.9917648244849,117.48270066665353,134.18214739691916,171.81321156650512,93.23040121152093,154.5608873098163,31.229085608700085,13.927408772549674,22.07100342169273,33.07610891754708,93.2298723716923,195.6577159837889,132.87608808032175,66.06584959286924,117.19300981121826,37.76310502819753,7.838543126850066,6.624291022848806,1.2142521040012597,1.928485077783678,0.4797633054881943,0.3354441064595502,0.07685349679299444,17.961722329013263,7.056930137343667,5.882592154127938,5.022200037541655,2.957320260729385,145.88495117492712,0.28428499964267845,60.319530273296884,47.64947393100346,2.119095477386935,$C_{a}^{syst}$,[ml/mmHg],5.3991523375298165,11.51535449034405,11.585625354432452,11.488383011546974,11.523094259884857,2.175577930640394,5.449449537368108,10.966755662702427,9.365748021146784,10.110870327812613,12.429343220495163,10.862704395570685,7.23818430199529,1.4336637091922793,0.3305938683627528,0.5510039847677578,6526.128084806465,1.5647787554184571,0.270334763676595,0.5291204933727822,0.4906221572799299
147.7003861840003,117.5481627547284,134.05395098556974,171.7009656819472,93.14242564677112,154.37821155740286,31.196438772019683,13.910347381904337,22.046584393847173,33.03931390808709,93.14209003810925,195.52175118032818,132.71096922072687,65.97997116179478,117.07178628145283,37.7316441101985,7.823251582398307,6.611091746868742,1.2121598355295653,1.9249719839254456,0.4779108400049373,0.33476043923512855,0.0766866483785159,17.94648449729733,7.050851949284989,5.877507400017373,5.018125147994969,2.9573177719327157,145.60297150278737,0.28385621382119625,60.333919344659414,47.63771267177585,2.143718592964824,$C_{a}^{syst}$,[ml/mmHg],5.390423274396211,11.500808942402127,11.573779206482103,11.476462542972378,11.51121010824909,2.1732130305484305,5.444234404157448,10.952213036928978,9.353474057780344,10.097716279391273,12.413135882038421,10.850777932493768,7.228519575063476,1.4318078548304312,0.3305938683627528,0.551003961023612,6519.969795273978,1.5632293285442782,0.2702956528956799,0.5285970088776257,0.49055119747877274
147.41271972401725,117.60990505177726,133.92594003170768,171.58808015927434,93.05458729668769,154.19681166140353,31.163852036857584,13.893375608485751,22.022232211108857,33.00259129661219,93.05414823265517,195.3857649106244,132.546855616115,65.8947101477907,116.95085283402803,37.70016423944249,7.808042886540685,6.597971597866235,1.21007128867445,1.9214648545140742,0.4760845755128506,0.3340777238924618,0.07652036093455046,17.93124048323264,7.044774599906706,5.872425516479854,5.0140403668460785,2.9573168220236976,145.32448193646854,0.28385621382119625,60.34793216154407,47.62585865721643,2.1683417085427137,$C_{a}^{syst}$,[ml/mmHg],5.381783304157343,11.486363782252829,11.561953273590987,11.46456595565368,11.499348609612037,2.170854494086787,5.439024294356326,10.937763571977573,9.341282902521655,10.084646160982459,12.39703733077092,10.838855709535164,7.2189222844654175,1.4299506239416149,0.3305938683627528,0.5510039338359305,6513.821110768138,1.5617121751679772,0.27025760109629154,0.5280841618110076,0.49048216264961314
147.1285941155295,117.66761163493595,133.7980518136447,171.47486159883385,92.96677732594428,154.01661276046445,31.131390520952355,13.876501060706847,21.99798730243128,32.966010350096475,92.96635850477824,195.25015700711074,132.38378580209033,65.8100416987557,116.83048051363762,37.6687778121625,7.792914511729356,6.584922806742513,1.2079917049868432,1.9179616042041199,0.47428343918714555,0.33339778390917996,0.07635494169522787,17.915958331802173,7.038683849704734,5.8673320383286995,5.009942443768736,2.957316822023698,145.0493236447309,0.28385621382119625,60.36152572095037,47.61397375029641,2.1929648241206032,$C_{a}^{syst}$,[ml/mmHg],5.373233150330391,11.472016018195228,11.550142733305025,11.452689074960448,11.48750508493954,2.1685066643921544,5.433827504673642,10.92341514352958,9.329173436449231,10.071662602205285,12.381052574839392,10.826967796340115,7.209390784771233,1.4280977054004116,0.3305938683627528,0.5510039038882286,6507.6744128161,1.5602275115569906,0.27022025153340923,0.5275821311865138,0.4904144047375452
146.84823883378837,117.72174972787975,133.67059101102896,171.3614255284863,92.87933078960529,153.83791777083016,31.0990959680525,13.859741121193304,21.973882749361394,32.92959255869562,92.8788471053501,195.11509049808583,132.22193871031482,65.7260433937707,116.71078727381649,37.63743403773356,7.7778970921854125,6.571973400166533,1.20592369201888,1.9144716975526663,0.4725093594255989,0.33272146501036903,0.07619060491600498,17.900683873688536,7.032597857474626,5.862242731129308,5.005843285084601,2.9573168220236976,144.77778753652828,0.28385621382119625,60.37479714719366,47.60208288772071,2.2175879396984928,$C_{a}^{syst}$,[ml/mmHg],5.364779426844267,11.457783230475142,11.538369616498068,11.440853734199967,11.475701734464819,2.166170818257972,5.428650167132021,10.909183617961654,9.317156045332649,10.058779779198364,12.36519767051225,10.815122211820965,7.199935182406452,1.4262477592409233,0.3305938683627528,0.5510038770335,6501.5531552723705,1.5587729401763872,0.2701836244085585,0.5270902760799622,0.49034795519620605
146.5712114504366,117.77246451060354,133.54324852265398,171.24724446472175,92.7918633539362,153.66033561943905,31.066902429666698,13.843065085655732,21.949860988172706,32.893289689795395,92.79140906070313,194.98025106260212,132.0610231519127,65.64257127806651,116.59153876088838,37.60619202520023,7.762953107288605,6.5590906395249595,1.2038624677636456,1.9109850821458851,0.47075908026263524,0.33204719392550325,0.07602697996215756,17.885385093116962,7.026504593908612,5.857147749224392,5.001732749983956,2.9573168220236976,144.50939428759227,0.2834274279997141,60.38764849749385,47.590157749315175,2.2422110552763823,$C_{a}^{syst}$,[ml/mmHg],5.356409647140317,11.443644135648139,11.52661236883214,11.4290382197831,11.463917032678099,2.1638438365731667,5.423484575567322,10.895040435442153,9.305214531726504,10.045974493825746,12.349445825634596,10.803297541723682,7.190539086835977,1.424402747725732,0.3305938683627528,0.5510038481474823,6495.430434775533,1.5573498479752454,0.270147664286114,0.5266090654803594,0.49028271797805295
146.29751452171715,117.81993211361676,133.4161252020203,171.1325199800791,92.70441736428133,153.48394231735898,31.0348074524623,13.826478737473499,21.925937270345884,32.85708243305094,92.70404646504409,194.84564512651377,131.90113088588072,65.55970209777699,116.47270102663238,37.57498349888929,7.748091006033889,6.546282465985343,1.201808540048545,1.9075047362551543,0.46903285154376595,0.3313751329530407,0.07586411096913202,17.87008292941141,7.02041262878758,5.85205488840535,4.9976154122184795,2.957316822023697,144.24419985973014,0.2834274279997141,60.400075711240376,47.5781978113245,2.2668341708542714,$C_{a}^{syst}$,[ml/mmHg],5.348123787193832,11.429598082412603,11.514877666237142,11.417248883830938,11.452157228696866,2.1615231559570867,5.41832515231908,10.880995600177862,9.293354304887604,10.033254229759798,12.33380470114529,10.791488939452607,7.181209229418561,1.422559418337296,0.3305938683627528,0.5510038242179759,6489.309215499693,1.5559582160246326,0.270112450394666,0.5261384929869934,0.4902188306551755
146.02707370821287,117.8637870140101,133.28923851014832,171.01730547435142,92.61734689772871,153.30878424382658,31.002849066392898,13.809987459727166,21.90211976458855,32.821042235076256,92.61692041552305,194.7114999372031,131.74223035946844,65.47737325089811,116.35443912099815,37.543882484774045,7.733317623657906,6.533553364267779,1.1997642593901272,1.9040334714882388,0.4673296847181754,0.3307060949957237,0.07570214052871829,17.854763618891848,7.01431512148382,5.846957048378561,4.993491449029469,2.9573168220236976,143.98206964440107,0.2834274279997141,60.41228971617666,47.566230266519014,2.291457286432161,$C_{a}^{syst}$,[ml/mmHg],5.339918974003255,11.415649351039624,11.50316767195527,11.405488481410188,11.440424789865544,2.1592157894111366,5.413185450724968,10.867044224453103,9.281570014303389,10.020615496598296,12.318271166523683,10.779745494892017,7.171940686404732,1.420721673253756,0.3305938683627528,0.5510037930412711,6483.21428284101,1.5545907377738974,0.2700777698539802,0.5256760879309806,0.4901559177356714
145.75972079265705,117.90444384173978,133.1625140805237,170.90149412039025,92.53031703128872,153.13466708165146,30.970963172225765,13.793573126868756,21.878378790896875,32.78508230838285,92.52984933342789,194.5774842533466,131.58419628430514,65.39555419259915,116.23652689389412,37.51279667675587,7.718614392834271,6.520888750021734,1.1977256428125378,1.9005661903558495,0.4656487486773757,0.33003872873131135,0.07554080086728122,17.839432387048976,7.008215071756924,5.841857909041221,4.989359406250827,2.9573168220236976,143.7228921465387,0.2834274279997141,60.424147447913626,47.554242819251805,2.3160804020100505,$C_{a}^{syst}$,[ml/mmHg],5.331792689871013,11.401782939502866,11.491472686557712,11.393746837974245,11.428709760011978,2.156913736153069,5.408051125753789,10.85317729443078,9.269856050741865,10.008049394335481,12.302832446030603,10.768011939044747,7.162728445508497,1.418884611228691,0.3305938683627528,0.551003765452404,6477.122192190211,1.5532519152391906,0.2700436825570179,0.5252233726436849,0.49009407827784507
145.49562439586975,117.9423103511296,133.03619845569926,170.78536049612825,92.44341012139876,152.961860657908,30.939235781072817,13.777268288563624,21.854765008707023,32.749292124855245,92.44298123035269,194.44400679794316,131.42731091571903,65.31436801599692,116.11926353343057,37.481826922171656,7.7040087825823855,6.508310796315949,1.1956979862664365,1.897111115541992,0.4639908341799385,0.3293748033311869,0.0753804756389092,17.824115539597393,7.002122062764908,5.836764902833889,4.985228573998595,2.9573168220236976,143.4668056207437,0.2829986421782319,60.4355946794764,47.54221163854897,2.34070351758794,$C_{a}^{syst}$,[ml/mmHg],5.323749895985245,11.388022482354721,11.479819533192167,11.382049862150389,11.417038147966723,2.1546253465914162,5.402939426071743,10.839416151696103,9.258230392725892,9.995576985413896,12.287511703465453,10.756329610112768,7.153587563652444,1.4170539001390159,0.3305938683627528,0.5510037345161689,6471.038708497913,1.5519419440751903,0.2700104459660652,0.5247804132846319,0.4900337857113778
145.23450635179762,117.97729807748593,132.9100993732394,170.66881534757775,92.35678035092162,152.7901853360693,30.907627668043858,13.76105034664412,21.831253820852485,32.7136425562109,92.35636014253814,194.3109166867873,131.27136052880564,65.23371638792037,116.00243102059322,37.45094405839958,7.689483840638499,6.49580455099207,1.1936792896464288,1.8936639344037214,0.4623541757556566,0.32871370170856185,0.07522096887941739,17.808794320729316,6.996029829783594,5.831672614614698,4.981091876331033,2.9573168220236976,143.21355322260823,0.2829986421782319,60.446801702464384,47.53019630462078,2.3653266331658296,$C_{a}^{syst}$,[ml/mmHg],5.315783948419229,11.374351537650893,11.468186120033163,11.370376507860135,11.40538875864875,2.152345517751045,5.397837726889979,10.825744298943013,9.246678894590836,9.98318194008631,12.272293162041251,10.744669896977763,7.1445051155388315,1.4152277952436887,0.3305938683627528,0.5510037045388378,6464.974624564514,1.5506555412439635,0.26997758818054846,0.5243454234243482,0.48997417976800356
144.9763086923943,118.00917414934915,132.7842489824164,170.5519735104727,92.27029859595805,152.61956336556727,30.876123792913578,13.744913197002004,21.807836378420326,32.678090125425705,92.26984374694827,194.17813547142813,131.11630334199538,65.15356210694137,115.88612403569078,37.420129969722225,7.675034806754132,6.48336650119566,1.1916683055584716,1.890223602306881,0.4607383900490786,0.3280549784997001,0.07506221888179244,17.79346595873969,6.989935836837219,5.826579144200259,4.976950977702211,2.957316822023698,142.96309053779024,0.2829986421782319,60.45771365165319,47.51814282433724,2.3899497487437187,$C_{a}^{syst}$,[ml/mmHg],5.3078917413260935,11.360766597699069,11.456580015903436,11.358733569570333,11.39376860442943,2.1500742521179617,5.392752216017593,10.812157869252422,9.235193848908485,9.970860599952521,12.257172461804466,10.733045518890906,7.135479132357143,1.4134053415295056,0.3305938683627528,0.5510036756911574,6458.920901717063,1.5493944716035937,0.26994541970020297,0.5239189998396383,0.489915823812961
144.72098831205346,118.0382550348606,132.6586768878407,170.4348144814735,92.18387141213914,152.45004785323962,30.844730648453776,13.728862892960219,21.784513597168946,32.64267288438218,92.18349167415724,194.04568951403152,130.96217756572312,65.0739320010362,115.7702763354806,37.389386518228605,7.660665396573057,6.470999949721769,1.1896654468512884,1.8867919213153117,0.4591430175959764,0.327398780440411,0.07490424673490949,17.778141923847922,6.983845084763948,5.821488822697685,4.972808016386291,2.9573168220236976,142.71536084637762,0.2829986421782319,60.468246950556924,47.50607545316868,2.4145728643216082,$C_{a}^{syst}$,[ml/mmHg],5.300072001772344,11.347267812341343,11.445000314912699,11.34712042164263,11.382176980583688,2.147812235503961,5.387679494424902,10.79865857588055,9.2237833875655,9.958616157263556,12.242149073385168,10.721451447550953,7.126511679636125,1.41158684374568,0.3305938683627528,0.5510036455233941,6452.870998849739,1.5481597665639404,0.2699138087301313,0.523501491295928,0.48985848083408284
144.46762778120143,118.06381606755146,132.53257493193718,170.3165643941117,92.09791846312095,152.28148590032262,30.81353087535342,13.712908343759471,21.76133344386424,32.60747130579101,92.09769549305757,193.91409218785722,130.8089442124453,64.99472617013579,115.65505748335,37.35885741818383,7.646350941161417,6.458673680220733,1.187677260940684,1.8833620329486032,0.45756222730372753,0.32674740567376037,0.07474741584684293,17.76270074646259,6.977708822453862,5.816359371496585,4.968632552512137,2.9573168220236976,142.46947060482717,0.2829986421782319,60.47873641278005,47.49407041744884,2.4391959798994978,$C_{a}^{syst}$,[ml/mmHg],5.292307644964406,11.333845917659989,11.433465136997302,11.335546935800963,11.370627095689771,2.1455639293837843,5.382632409780028,10.785241440301135,9.212434344725118,9.9464415006827,12.227216813217563,10.709920716097546,7.117593282065211,1.4097798884710524,0.3305938683627528,0.5510036156740122,6446.854292418467,1.5469347514284664,0.2698822695002122,0.5230872593386514,0.4898012677649677
144.2177039998074,118.0877264402278,132.4074246070819,170.19848531763444,92.01181697234529,152.11399977188242,30.78233242908853,13.697017076322991,21.73818071428895,32.57227992658593,92.01160946315537,193.78220211084334,130.65655304869557,64.91603454675361,115.53996488313605,37.328233395809356,7.6321255054920165,6.446436612300161,1.1856888931918559,1.879944558911515,0.4560052834869242,0.3260956896253706,0.07459085232253823,17.747380518624766,6.971623612997907,5.811274898342586,4.964482007284273,2.957316822023697,142.22687411896075,0.28256985635674975,60.488723661418874,47.48197123414087,2.4638190954773873,$C_{a}^{syst}$,[ml/mmHg],5.284625936944303,11.32050949472123,11.421932933340265,11.323986697086882,11.359086389889937,2.1433175945970437,5.377579967023402,10.771901003958751,9.201156935314646,9.934336222415187,12.212374679909157,10.698371032521136,7.108732046081891,1.4079676780874577,0.3305938683627528,0.551003584831403,6440.82718806417,1.545745740046715,0.269851707621891,0.522685201847585,0.48974582933877037
143.9707077589463,118.10930375502525,132.28279832332157,170.08043554832005,91.92612567895561,151.94782251844575,30.751341092285134,13.681236726597218,21.71518307933868,32.53730207503331,91.92596690197959,193.65111903910378,130.50532715185014,64.83798205147887,115.4257277765506,37.29780572431808,7.618004858106972,6.434290014773303,1.183714843333669,1.8765434895476627,0.45446871157969654,0.3254485962561782,0.07443548639978483,17.73207691299936,6.965544860885007,5.806194484940251,4.960337567174102,2.957316822023697,141.9870455033909,0.28256985635674975,60.49848175204763,47.469886752070394,2.488442211055277,$C_{a}^{syst}$,[ml/mmHg],5.27702206000026,11.307276567131597,11.410444659286046,11.312474598466995,11.347592143231045,2.1410874399242856,5.37256036399032,10.75866876873555,9.189965654848718,9.922325339164145,12.197652691326097,10.686896329960408,7.09994112490388,1.4061663770767763,0.3305938683627528,0.551003551449106,6434.828797526893,1.544577718844248,0.2698216593373437,0.52229024206723,0.4896913252695542
143.72617168753476,118.1280986836443,132.15832285704005,169.96192794390132,91.84058945594063,151.78253735935746,30.72042092314834,13.665524115394003,21.69225653315104,32.50238155098588,91.8403940635976,193.52016700526354,130.3548199873812,64.76035174440679,115.31185563633449,37.26740599808357,7.603946132735848,6.4221999386567585,1.1817461940790897,1.8731474860587471,0.45295004998058563,0.3248031202229194,0.07428069850841784,17.716764155997915,6.959463845763331,5.801112738750064,4.956187571484524,2.9573168220236976,141.7496136315389,0.28256985635674975,60.50800774169468,47.457789792574765,2.513065326633166,$C_{a}^{syst}$,[ml/mmHg],5.269480236422791,11.29411307993331,11.398974781170265,11.300983003000459,11.336117433524247,2.1388614635977947,5.367548135531133,10.745506738656465,9.178829357430597,9.91037455628304,12.183011490588433,10.675439177136017,7.091196846426735,1.4043665498095916,0.3305938683627528,0.5510035242371928,6428.841261915844,1.543431008786605,0.26979210729281716,0.5219024885302725,0.48963771632189895
143.48428299719453,118.14475153313528,132.03423924247508,169.84312019348212,91.75516199104186,151.6183005519697,30.689620362126295,13.649893889592216,21.669423686115717,32.4676220040224,91.7550338679594,193.3896177537036,130.20521951239922,64.68321637014846,115.19836545211471,37.23709188686476,7.591161269856124,6.411375059905652,1.1797862099504721,1.8697622689110536,0.45193490991238183,0.32416038717852846,0.07412669003711059,17.701490522224187,6.953400774652039,5.796047090367477,4.952042657204675,2.960494102944287,141.66672238128567,0.2821410705352676,60.51720778890491,47.445687588470456,2.5376884422110555,$C_{a}^{syst}$,[ml/mmHg],5.262007795111546,11.281035400595336,11.387541790529323,11.28953062083164,11.324681101490732,2.136645651832874,5.362546956322994,10.732427868238574,9.16776779067956,9.898498127599673,12.168463439991454,10.664006982311168,7.082508816558847,1.4025715060190387,0.3305938683627528,0.5510034929761141,6422.86133937293,1.5439646043578095,0.26976299906171114,0.5215226076019869,0.48958491643065744
143.24475887796632,118.15909060364935,131.9103362346499,169.72398514974645,91.67000097711495,151.45500405747705,30.6589368236829,13.63434057355289,21.646686771709938,32.43296683871543,91.66981928673145,193.25949178368845,130.05641485450275,64.60652084724806,115.0854489771866,37.20688126386642,7.577247423140454,6.39941252635489,1.1778348967855643,1.866384701173303,0.4504496591335629,0.32352038029434416,0.07397348018759252,17.686194813096098,6.947329136738482,5.79097343349523,4.947892242862385,2.9604923133353633,141.43369943565457,0.2821410705352676,60.526227936533715,47.43354049038672,2.562311557788945,$C_{a}^{syst}$,[ml/mmHg],5.254595238911938,11.268031242342422,11.37612996280978,11.278102397842758,11.313267751640977,2.134440401045518,5.357566656445641,10.719424223315732,9.156763655641203,9.886686820712413,12.154002069206049,10.652621953885188,7.0738699570490216,1.4007809837580856,0.3305938683627528,0.5510034602523151,6416.900068398047,1.5428569644169954,0.26973457246997806,0.5211487824059826,0.4895333549202421
143.00756552346817,118.17124234463702,131.78664132328683,169.6043938341873,91.58487969673008,151.29254652959142,30.628316023723496,13.618850452812787,21.624011288606507,32.39839181232941,91.58467250459496,193.12948936566693,129.90830632017344,64.5302277665355,114.97280469967329,37.17670886253901,7.5633936324197855,6.38750500782891,1.1758886245908753,1.863012865700933,0.4489810399205753,0.3228819026479969,0.0738207902751231,17.670909242131344,6.9412633396345385,5.785905679973067,4.943740222523736,2.9604905624339133,141.2029084458353,0.28171228471378545,60.534958130813756,47.421381791773214,2.5869346733668346,$C_{a}^{syst}$,[ml/mmHg],5.2472406422735345,11.2550924605895,11.364738642534983,11.266696732861543,11.301876350194934,2.1322398122449884,5.352590985761344,10.706486929515162,9.145815818596855,9.874933471006166,12.139618869299136,10.641252276712125,7.065276160975489,1.3989917192700112,0.3305938683627528,0.5510034285521491,6410.941578771106,1.541770966052563,0.26970655385527925,0.5207822600809185,0.4894825329199438
142.7729337015897,118.1812928573284,131.6634160876837,169.48476956804146,91.50005942379997,151.13125567122745,30.597863164287663,13.603461008279586,21.601467735411436,32.364005467542746,91.49989983674163,193.00013467200273,129.76121866598754,64.45448634237836,114.86080206695148,37.14668398562857,7.54963222439706,6.375677752778695,1.1739544716183647,1.859655685371729,0.4475303929935944,0.32224732460490074,0.07366912727248325,17.655655562701952,6.935211192793871,5.780849046571948,4.939595323336139,2.9604888372433944,140.97457121788875,0.28171228471378545,60.54343889185317,47.409241445474976,2.6115577889447237,$C_{a}^{syst}$,[ml/mmHg],5.23995730092674,11.242248580486553,11.353390948491514,11.25533741810827,11.29053022481528,2.130052116522448,5.347639410576604,10.693643880764334,9.134946470150872,9.863263167763664,12.125340601362897,10.629929441304984,7.056743937064252,1.3972107871725363,0.3305938683627528,0.5510033964569071,6405.004159665998,1.5407046957744384,0.2696789712489575,0.5204223965961775,0.4894325025636182
142.54054034932898,118.18909791065751,131.54041936564693,169.3647259896135,91.41536467998199,150.97076542569778,30.56746162886308,13.588128971904597,21.578974617260553,32.32969620457215,91.41516666249176,192.87084776674297,129.6147910630215,64.37913034388593,114.74894994200558,37.11664011806989,7.5359294882693675,6.363905071328844,1.172024416940523,1.856304752525483,0.4460956829740472,0.3216139462703525,0.07351793053473808,17.640425972301617,6.929170972915729,5.77580400905162,4.935450990334269,2.9604871607030834,140.74837913599004,0.28171228471378545,60.55169980904233,47.39708863262155,2.636180904522613,$C_{a}^{syst}$,[ml/mmHg],5.232728667826618,11.229466706425033,11.342064237363314,11.244000911195567,11.279206221444937,2.1278685818530905,5.342688138573107,10.680862963967115,9.124132605515625,9.851647762280258,12.11113433246758,10.618612839211425,7.0482549283138916,1.395429011979655,0.3305938683627528,0.5510033646481304,6399.075527598739,1.53965779854085,0.2696517901612516,0.5200690680162241,0.4893832006515073
142.31042159059265,118.19494804601719,131.41772909919843,169.2445298156395,91.33092841807441,150.81129583156786,30.53722457096759,13.57288661583671,21.556610900716777,32.29555322518023,91.33081140695516,192.74224018091576,129.46926105175706,64.30424550773475,114.63781913797371,37.08677938499048,7.522306658234662,6.352200023970248,1.1701066342644135,1.8529652749509282,0.4446770112158393,0.3209845614417761,0.07336772890961148,17.625188779383215,6.923127486729392,5.770754641370253,4.93130665128357,2.9604854723585783,140.5243571232202,0.28171228471378545,60.55973984871562,47.38494858274363,2.6608040201005028,$C_{a}^{syst}$,[ml/mmHg],5.2255614816993425,11.216767563102529,11.330767775554865,11.232697949624669,11.26791440810283,2.1256974526833474,5.337763913353606,10.668166052476613,9.113383012841897,9.840105229310014,12.09702166337322,10.607359749299704,7.039819048050043,1.393657332128297,0.3305938683627528,0.5510033328052467,6393.1649892652085,1.5386283656283342,0.26962498608678925,0.5197216402492697,0.4893345829944168
142.08250696029432,118.1989326586384,131.29533403847816,169.12410972289325,91.24664950240907,150.6526692806107,30.507071926636335,13.557709960790067,21.534319201619596,32.26150711121318,91.24656349443967,192.6138852809889,129.32445078510287,64.22977593255914,114.52706971844098,37.056990467352364,7.508748424649404,6.340553190442565,1.1681952342068391,1.8496339172299539,0.4432738837629588,0.32035715344989296,0.07321814500817177,17.60997276735069,6.917093782812703,5.765714319911929,4.927164664626058,2.960483858674888,140.30243944967842,0.28171228471378545,60.567562418990406,47.37278590342923,2.6854271356783923,$C_{a}^{syst}$,[ml/mmHg],5.218449186781222,11.204135837538756,11.319502887981832,11.221428287543525,11.256655206950832,2.123533883645166,5.3328515184791305,10.655536138844552,9.102690271901048,9.828622077911282,12.082983953521302,10.596129754218074,7.031428883713599,1.3918894850253225,0.3305938683627528,0.551003299789183,6387.265465168635,1.5376174381720633,0.26959866952173156,0.5193804498094108,0.48928685114024095
141.85680099021698,118.20111760493643,131.17328215653646,169.00375284516193,91.16270401366512,150.49501947021395,30.4770223233484,13.542614769129997,21.512117748991326,32.22755545103432,91.16244203950443,192.48584860107735,129.18045668781357,64.15575621669583,114.41679150256387,37.02726549305114,7.495264320355551,6.328972962630636,1.1662913577249143,1.846313971465523,0.4418864198477434,0.31973207518182883,0.0730692897469982,17.594775383533072,6.911068055130996,5.760680795748726,4.923026532653353,2.9604822651844827,140.08265370585798,0.28128349889230325,60.57522988772933,47.360594403195094,2.710050251256282,$C_{a}^{syst}$,[ml/mmHg],5.21139510877478,11.191578176662162,11.308267641627705,11.210190564308892,11.245426905446992,2.121378896810275,5.327955651687751,10.642982023327773,9.092059252115265,9.817205484956594,12.069031010240888,10.584938968465327,7.023089908705523,1.390125422398944,0.3305938683627528,0.5510032677534845,6381.389280956559,1.5366224073921704,0.26957299313885624,0.5190446250811828,0.48924028025812283
141.633163997529,118.20141236977237,131.0514837395225,168.88302006845404,91.0787585218792,150.33818040653793,30.44708147361248,13.527586761302393,21.490002415238163,32.19375677377556,91.07858044988022,192.3582050157142,129.0371930670101,64.08214348388395,114.3068728835188,36.99763088928084,7.4818439105157495,6.317448068179067,1.1643958423366825,1.8430020183024882,0.4405134565670509,0.3191096896062606,0.07292114061190298,17.579596296656167,6.90505135175049,5.755655197561784,4.918889747343892,2.9604806791781626,139.8648250203171,0.28128349889230325,60.58258672253981,47.348425008665366,2.734673366834171,$C_{a}^{syst}$,[ml/mmHg],5.204382571490385,11.179090792423924,11.297060019293406,11.198982118386457,11.234227198059955,2.1192313978413932,5.323069219468556,10.630495051498803,9.081486391189221,9.805848810259466,12.0551557275776,10.573770703221353,7.0147958435785664,1.3883663632291912,0.3305938683627528,0.5510032356970771,6375.513096531544,1.5356470300011653,0.269547525392193,0.518715437260501,0.48919408803686426
141.41164081535175,118.19975449751793,130.9300276992196,168.76219194569026,90.99516553687255,150.18225293772153,30.417258848172956,13.512631837715796,21.467980175268085,32.16009357593077,90.99500319322885,192.23099361049057,128.8946939785706,64.00893129535073,114.19740722835435,36.9680965984106,7.468496186038432,6.305987070660386,1.162509115378046,1.839701091320083,0.4391554414686916,0.3184901298629198,0.07277373817693626,17.56444185517677,6.899045692295973,5.750638969303109,4.914757193577689,2.960479124555052,139.64903426830426,0.28128349889230325,60.58982586618071,47.336280942087896,2.7592964824120605,$C_{a}^{syst}$,[ml/mmHg],5.197425976048225,11.166672167759627,11.285884552282479,11.18780795200888,11.22306091774203,2.117092778002298,5.318198089601814,10.618079725333136,9.070973298878407,9.794554575135345,12.041360910761238,10.562634208895027,7.0065479508448725,1.3866130488809953,0.3305938683627528,0.5510032030616742,6369.6615875810785,1.5346863038753027,0.2695222727310747,0.5183911925425111,0.48914828667685056
141.1921380431439,118.19643304891873,130.80886591625773,168.64115755329962,90.91171847136998,150.0271538190045,30.38756010025223,13.497748683855134,21.446050331370195,32.126560241458094,90.91164362482695,192.1042132439107,128.75294464277013,63.93614605416168,114.08843645751283,36.93866798064317,7.455213254916833,6.294582222935177,1.1606310319816562,1.8364088273818655,0.4378115884454423,0.31787332215021075,0.07262709735452756,17.549298239580047,6.893044820688449,5.745626442931793,4.910626975959803,2.960477603224771,139.43516576541737,0.28128349889230325,60.59684274291275,47.32412792498119,2.78391959798995,$C_{a}^{syst}$,[ml/mmHg],5.190522646768456,11.154324040319779,11.274738148996057,11.176665130543862,11.211925027873201,2.1149635845726404,5.313344290650166,10.605734721483518,9.060516292785897,9.783321633119998,12.02764396349277,10.551546327368925,6.998346372716606,1.384865546790888,0.3305938683627528,0.5510031701911043,6363.820292995899,1.5337424933764556,0.2694974646585351,0.5180726554748429,0.48910329239134015
140.97456227753517,118.19144018457202,130.68795995444574,168.51989055220685,90.82852418715312,149.87285756345753,30.35793392960227,13.482925645788841,21.42418651489727,32.09310388906437,90.82839216725158,191.977640056124,128.6118235710968,63.863709440178056,113.97982429814147,36.90930330958696,7.4419918392668825,6.283233119798327,1.1587587194685558,1.8331255846779337,0.4364813745896789,0.3172583187498745,0.07248099810726198,17.53416923495652,6.887050543125723,5.74061990892174,4.906498782909061,2.96047609717337,139.22314454088288,0.28128349889230325,60.60371815403299,47.311964112434254,2.8085427135678396,$C_{a}^{syst}$,[ml/mmHg],5.183669290747878,11.142034681035787,11.263616646875146,11.165549015290937,11.200815106689108,2.1128401785655337,5.308501897034036,10.593448207469875,9.050108247099136,9.772140311053365,12.013992895597129,10.540472592538729,6.990184282314766,1.3831216198689489,0.3305938683627528,0.5510031379490222,6357.996693100718,1.5328130208745012,0.26947302230122483,0.517758958546571,0.48905896126884846
140.7589690448127,118.18491184727866,130.56739458299393,168.39850106144678,90.74547107607061,149.71941039399223,30.32842050673975,13.468178829054953,21.402413660901324,32.05977443575206,90.74532765887608,191.85146198507178,128.47148780241247,63.791714072215214,113.87161383853415,36.88001219550789,7.428838121741856,6.271943447725337,1.156894674016519,1.8298525979377838,0.4351650637391828,0.31664593051220824,0.07233564429125472,17.51906746187948,6.881068195463648,5.735623667047343,4.9023755993684865,2.9604746201166043,139.0130215038167,0.28128349889230325,60.610358294405856,47.29978428099604,2.833165829145729,$C_{a}^{syst}$,[ml/mmHg],5.176869470598809,11.12981505647358,11.252526894751917,11.154466487454533,11.18973800088928,2.110725740473168,5.303672875487459,10.581233829992872,9.039760583162767,9.761022970986506,12.000423839114058,10.52944046216401,6.982070966761974,1.381381965602888,0.3305938683627528,0.551003104877769,6352.182975324943,1.5319003786677585,0.26944909419879315,0.5174509412303023,0.4890155641837372
140.54542626501686,118.17695993123425,130.44726679066073,168.27716598178233,90.66275827593981,149.56697892736003,30.299050875587028,13.453515638287746,21.380752392727967,32.02660920743327,90.66260799603857,191.72585082572525,128.33198770495275,63.720148733838435,113.76398148790027,36.85087028288336,7.415766068465233,6.260724875174119,1.1550411932911142,1.8265942054199695,0.4338630609109727,0.3160369546486159,0.07219117270549555,17.504000402866428,6.875100274531196,5.7306392033161995,4.898260925019029,2.9604731658917114,138.80486990879587,0.2808547130708211,60.61682794299927,47.287628457807166,2.857788944723618,$C_{a}^{syst}$,[ml/mmHg],5.170125694439518,11.117674505514932,11.241478283011814,11.143427141635136,11.178703231413689,2.108622364713141,5.29886575333756,10.569095836233133,9.029476402999563,9.749973385880391,11.986939650074614,10.518455297772014,6.974007168061372,1.3796507537238796,0.3305938683627528,0.5510030718118015,6346.393079315787,1.531002062460216,0.26942547152875224,0.5171477587093986,0.4889727214093938
140.33372071636305,118.1673764410902,130.32742710626863,168.15563207042155,90.58018331943242,149.41526256778556,30.269762842042343,13.438912112637666,21.359161256398547,31.993534958211384,90.58001816207565,191.60050251004967,128.1931395811328,63.648959949126514,113.65671299518436,36.82179766424347,7.402751765292625,6.249557710128836,1.153194055163789,1.8233437930089673,0.4325739753360878,0.3154299760100207,0.07204728218664147,17.488953988591344,6.869141378714229,5.725662774800078,4.8941498350770365,2.9604717326791326,138.59847578347254,0.2808547130708211,60.6231129020964,47.27545960236958,2.8824120603015078,$C_{a}^{syst}$,[ml/mmHg],5.163428173589081,11.105592495457508,11.230457606280282,11.132417344449015,11.16769733937034,2.1065256033172535,5.294070813540145,10.55701820145744,9.01924261134315,9.738977304729419,11.973522673651706,10.507497722072062,6.96598476955166,1.3779234078247193,0.3305938683627528,0.5510030385300468,6340.61283236027,1.5301191795417644,0.2694022359136079,0.5168497853404785,0.4889305812764898
140.12374755437241,118.1561143321353,130.20780481130043,168.0339029238268,90.4978012947829,149.26425987597872,30.240564396956536,13.424364698940025,21.33764357451063,31.960548108398918,90.49758109989827,191.4754896204155,128.05489134783716,63.57809733579298,113.54986753438857,36.792798272671156,7.389793136561433,6.238439177483379,1.1513539590780542,1.8201009180519012,0.43129712157548844,0.31482523878142954,0.07190401287631612,17.47390738550508,6.8631825087844565,5.720686015942214,4.890038860778408,2.9604703204814826,138.39373701242536,0.2808547130708211,60.629250009329816,47.263271805337766,2.9070351758793973,$C_{a}^{syst}$,[ml/mmHg],5.156777099438405,11.093567350864992,11.219458384327568,11.121431067707231,11.156714068176038,2.1044364762520194,5.289290882313989,10.54499716500144,9.00905282480979,9.728030074213958,11.960171440313278,10.49657616392961,6.957999099240116,1.376200231872929,0.3305938683627528,0.551003004914696,6334.846090634803,1.529249716925483,0.26937939783328496,0.516556341181887,0.488889162909355
139.9155518665868,118.14344053492157,130.08847463809886,167.91195507961922,90.41553771416798,149.11404950967292,30.211462731351844,13.409887162955917,21.31620557317594,31.927698802481714,90.41539687469731,191.35079487691033,127.91734951960298,63.50760675677545,113.44324639053033,36.763859836801956,7.376896763155486,6.22737549078488,1.1495212723706065,1.816867823719838,0.430032782290276,0.3142228750001528,0.07176138206106937,17.45889960567688,6.857241298796467,5.7157249072903085,4.885933399590105,2.9604689331836895,138.1907064531733,0.2808547130708211,60.635156788698694,47.25112165479038,2.931658291457287,$C_{a}^{syst}$,[ml/mmHg],5.150173804343988,11.081605361643112,11.208488304778175,11.11047504744966,11.145760634142185,2.1023532163631593,5.284516629776417,10.533040818162904,8.998921984029613,9.717140823578138,11.946891727314734,10.485665213809622,6.950056719041843,1.3744806866801684,0.3305938683627528,0.5510029723347684,6329.087639991759,1.5283955606174426,0.2693566958415446,0.5162680626321606,0.48884799060193407
139.70929954418924,118.12957043963466,129.9696296044148,167.7901672789587,90.33362461580374,148.9647836846584,30.182491650482483,13.395488089681717,21.294870592930813,31.8949783136285,90.3334458630551,191.22660432913906,127.78060626352226,63.437582197854695,113.33728169139327,36.735070089822905,7.36407894134901,6.2163809181588325,1.1476980231901783,1.813649371067433,0.4287818964768077,0.3136235240654608,0.07161957479233529,17.443927300940754,6.851313792548102,5.710775039253423,4.881838469139232,2.9604675656014834,137.98954260989828,0.2808547130708211,60.64092625209311,47.2389530630232,2.9562814070351764,$C_{a}^{syst}$,[ml/mmHg],5.143622845891977,11.06971659533009,11.197563550894795,11.099566120371072,11.134853505433755,2.100281455076339,5.279768001079433,10.52115726716964,8.988848806335044,9.706315961191946,11.93369456703323,10.474816543172675,6.942163371712366,1.372769421165739,0.3305938683627528,0.5510029389350658,6323.353723106262,1.5275545866423388,0.2693345392880769,0.5159842331635148,0.48880780891772563
139.50458900477523,118.11422872786753,129.8509258585622,167.66811460404065,90.25188746626365,148.81609929808153,30.15360532591093,13.381140407719808,21.27360387995405,31.86235321308237,90.25169273860169,191.10273818814645,127.6444016136094,63.3678313485687,113.23160569458861,36.706339626371125,7.351308019323485,6.205426379690619,1.145881639632867,1.8104362284235511,0.4275419747027169,0.3130263867682008,0.07147834478987526,17.42895395230628,6.8453868300998515,5.705825321208535,4.877741800997895,2.960466219074589,137.78985253128093,0.2808547130708211,60.646588569350534,47.226792035677775,2.9809045226130655,$C_{a}^{syst}$,[ml/mmHg],5.13711351411842,11.057878214051383,11.18665405715599,11.088674019368055,11.123962424989234,2.098215962999437,5.2750290355034135,10.509324265627306,8.978816471207658,9.695535208673334,11.920554741254863,10.46398980547556,6.934302491352013,1.371061514754657,0.3305938683627528,0.5510029053560183,6317.632122638456,1.526725439207984,0.26931257525489033,0.515704394588641,0.4887679767874908
139.301686554931,118.09771439750409,129.7326444306361,167.54600977549114,90.17030048955904,148.6682563043547,30.12482194528923,13.366859809320214,21.25241872844758,31.82986672555551,90.17019118140355,190.97923879356816,127.50890547843909,63.29847323686188,113.12633731245482,36.67773184985304,7.338606150897457,6.194533137564178,1.1440730133332793,1.8072354269609647,0.42631462895943256,0.31243173957939485,0.0713377780357593,17.41402956411801,6.839480602281855,5.700893690833703,4.873655271002456,2.9604648772852054,137.59190238137245,0.2808547130708211,60.652019961115144,47.214656289875386,3.005527638190955,$C_{a}^{syst}$,[ml/mmHg],5.130650210676199,11.046103846553526,11.175784516425914,11.077823116835456,11.113112065105295,2.0961577921914056,5.270303870158245,10.497556391466231,8.968841584284112,9.684812381940784,11.907484321041162,10.453193285108116,6.926485090845666,1.36936054957143,0.3305938683627528,0.551002871442746,6311.921034269133,1.5259115433169088,0.2692908087874241,0.5154297066737014,0.48872850350545916
139.10042410466713,118.07988327923691,129.61465565660654,167.42386674461034,90.08898896710501,148.52117434828557,30.09613667110306,13.352645213831888,21.231314355186413,31.797477094547407,90.08885449371245,190.85609143282488,127.37405809032794,63.22946466430593,113.02146246133914,36.64919525660236,7.325965465028831,6.183693684523293,1.1422717805055373,1.8040450140466275,0.42509876014983294,0.3118394417019596,0.07119786744663284,17.399124618525256,6.833582484678719,5.695968788310974,4.8695733455355645,2.960463585988614,137.39552311987848,0.2804259272493389,60.65733681572182,47.20250415765262,3.0301507537688446,$C_{a}^{syst}$,[ml/mmHg],5.1242336185645385,11.034389175434308,11.164941880005841,11.067000693535446,11.102289519125309,2.09410619903585,5.2655927737798836,10.485848105560716,8.958914751143528,9.674142042071995,11.89448369043082,10.442432243936036,6.9187073458135915,1.3676636115612235,0.3305938683627528,0.5510028377434523,6306.22922769735,1.5251089472215846,0.26926948940370365,0.5151588266242064,0.4886898414288674
138.9008508861556,118.06068993519698,129.497036475528,167.30172121546104,90.0078871418384,148.3748583192096,30.067569910303142,13.338497325957192,21.210301035327554,31.765217013464515,90.00778748264307,190.73338978753182,127.23992348748206,63.16084255321192,112.91706002545641,36.62076455168673,7.313388935290047,6.172909766061375,1.1404791692286722,1.8008654291681347,0.4238946383364893,0.31124992459851114,0.07105868077899782,17.38424955391099,6.82769666885871,5.691054171218409,4.865498713833872,2.960462298326686,137.200764099063,0.2804259272493389,60.6624923935549,47.19036744584028,3.054773869346734,$C_{a}^{syst}$,[ml/mmHg],5.117862281214324,11.022739457298757,11.154135685974445,11.05621584953521,11.091504158833843,2.092063331806677,5.260899713418073,10.474205377711325,8.949041639823594,9.663529531306022,11.881554486913005,10.431711562974886,6.910973006055735,1.365972849905668,0.3305938683627528,0.5510028042728853,6300.552099928687,1.5243193508459543,0.2692484361754606,0.5148923368176419,0.4886516621830381
138.70277325344674,118.04021659398661,129.3796320190022,167.17941693166736,89.92701071964935,148.2292363898076,30.03909949513876,13.324408218421953,21.189359017057782,31.733060551747588,89.92690875056391,190.61101820346167,127.10635546008882,63.092531282520035,112.81295544952975,36.592390910664726,7.300867630108523,6.1621741322692865,1.1386934978392362,1.7976949137627636,0.42270107496458875,0.31066263205167055,0.07092009064720593,17.36938728595189,6.821816699904952,5.686144299681358,4.861426286365583,2.960461030316316,137.00743997669727,0.2804259272493389,60.667526130380054,47.17823219147505,3.079396984924623,$C_{a}^{syst}$,[ml/mmHg],5.1115304361231955,11.01114102458573,11.143349656776238,11.045452743397195,11.080739843140059,2.0900271718374057,5.256217751222034,10.462615847639427,8.939211964856417,9.652963144029549,11.868684238623278,10.421012659883317,6.903272931922133,1.3642853438201734,0.3305938683627528,0.5510027704633734,6294.890750375454,1.5235404677669409,0.26922765504364604,0.5146294621564923,0.4886139770535733
138.50631992363847,118.01867480551923,129.26259452065403,167.0571468084523,89.84633616816157,148.08430268601916,30.01070400363838,13.3103748986454,21.168482393668185,31.700973615004255,89.84611134912039,190.48888692666173,126.9733852680387,63.02455367095876,112.70927921257906,36.56410198024925,7.288403685589959,6.151490065309358,1.1369136202806012,1.7945340726235426,0.42151879945343196,0.3100771493271487,0.07078204590886805,17.35455722737686,6.815949684120657,5.6812458562721035,4.857361686984098,2.9604597816691838,136.81567519944585,0.2804259272493389,60.67242411146127,47.16606453987585,3.1040201005025128,$C_{a}^{syst}$,[ml/mmHg],5.105241099346986,10.999598217511224,11.132598757687433,11.034725924387606,11.070011287874985,2.087997840395652,5.25154969676217,10.451080370608505,8.929427145766772,9.64244559316419,11.855877738402862,10.41035616670207,6.895610556719156,1.3626026425293893,0.3305938683627528,0.5510027365635077,6289.24353177131,1.5227741167249575,0.2692073726946928,0.5143708170446343,0.4885771972271582
138.3113595869551,117.99597100725678,129.1458219212097,166.93474056502552,89.76583561397166,147.9400702115685,29.982423833222946,13.296403049352294,21.14769295559721,31.669032880390102,89.76564854750123,190.3672317289258,126.84104719627032,62.95691108167214,112.60599049599007,36.53593427800977,7.2759979617931645,6.140855346061562,1.1351426157316025,1.791382846960411,0.4203469685117687,0.30949456893181504,0.07064470575582821,17.339747083035935,6.810091459455612,5.676354422747952,4.853301200832374,2.9604586366550434,136.62534122436847,0.2804259272493389,60.67716169500116,47.15393911664555,3.1286432160804023,$C_{a}^{syst}$,[ml/mmHg],5.098992785275663,10.988111658297035,11.121875272724672,11.0240279283526,11.05931097694427,2.0859767590726146,5.246896843842459,10.439603455839212,8.919690558759886,9.63197916039369,11.84313467801177,10.399729478393184,6.88798559121676,1.360926716971254,0.3305938683627528,0.5510027027511881,6283.608492978016,1.5220193773042017,0.26918713665502475,0.5141160759550073,0.488540501364073
138.1195593511284,117.97398247694554,129.03094818527498,166.8139316009749,89.68533336962672,147.7969076542298,29.954107483222717,13.282480248575053,21.12690683320594,31.63705277645928,89.68474659736252,190.2450908755908,126.7094592231001,62.88976380210844,112.50278421569864,36.50761796195763,7.263702496288659,6.130333996344278,1.133368499944382,1.7882573188802509,0.4191955251621383,0.30891065632996323,0.07050743307832219,17.325201272085554,6.804340057897702,5.671554203093662,4.849307011094192,2.9604586366550434,136.43808613145546,0.2804259272493389,60.681468099079005,47.141687695905446,3.153266331658292,$C_{a}^{syst}$,[ml/mmHg],5.092821733997848,10.976698820559818,11.111140304402142,11.013336529914774,11.048609804511893,2.083955812668144,5.242233453754364,10.428196907601725,8.910021843517127,9.621576753154324,11.83047347693271,10.389075434406442,6.880415723363719,1.3592430553875534,0.3305938683627528,0.5510026676338771,6277.97333587387,1.521297641489977,0.26916805621740325,0.5138722840623294,0.4885059039246911
137.9262238729791,117.9476025590035,128.91347156014749,166.6903354045357,89.60555979138172,147.65393017117083,29.926192168539277,13.26866092889256,21.106371077633103,31.605538194978955,89.60546532056189,190.1251667296649,126.57841997094599,62.82273080807375,112.40061705961062,36.479880395459716,7.251381514711312,6.119756538628274,1.1316249760830377,1.785116957126813,0.41803610735622526,0.30833724564070203,0.07037209423045152,17.310254130825257,6.798428052396469,5.666616765418138,4.845209313010653,2.9604586366550434,136.2492741466645,0.2804259272493389,60.686200284343705,47.12972346684123,3.1778894472361814,$C_{a}^{syst}$,[ml/mmHg],5.086628783737984,10.965325595326478,11.100536568164397,11.002743908770146,11.038020697627434,2.081960077476482,5.237636147310487,10.416834551306849,8.900375527213823,9.611212274456516,11.817856408983511,10.378578720873044,6.872859829851103,1.3575912985915894,0.3305938683627528,0.5510026333260343,6272.389185396721,1.52054486868759,0.2691475163280119,0.5136180083250952,0.4884686570431586
137.7358146575107,117.92180092552621,128.79772657592522,166.56813791607118,89.52572445035128,147.5118332294672,29.89819561818353,13.254873635135128,21.085811347411962,31.57390169045219,89.52553880656282,190.00455111657502,126.44794205464052,62.75609939586033,112.29852139468271,36.45196081681242,7.2391532010206685,6.109277786036941,1.129875414983728,1.7819976464336023,0.4168957625245037,0.3077615160214865,0.07023662015076071,17.295536255234833,6.792607728684981,5.661757559278737,4.841170967271118,2.960458636655044,136.0633126287494,0.2804259272493389,60.69053749137969,47.117576016184735,3.2025125628140705,$C_{a}^{syst}$,[ml/mmHg],5.080503445239635,10.954008324640867,11.08990992062147,10.992146339577266,11.027419159785035,2.079961593593652,5.233027746853857,10.405526927277114,8.89077939285079,9.600896875672545,11.805302459787333,10.368057715410684,6.865348574954631,1.355929747581299,0.3305938683627528,0.5510025990123988,6266.800711524589,1.5198236424683356,0.26912837157255426,0.5133743885662089,0.48843394215368896
137.5467742223747,117.89476808933681,128.68223052123366,166.44580919486214,89.44613933135314,147.37036385951146,29.870281786302833,13.2411386142431,21.06531873754061,31.54238613052004,89.4458864148199,189.88422906662373,126.31802265955679,62.689780002657365,112.19664809227781,36.42411584871505,7.226977668270255,6.098845192233744,1.1281324760365106,1.778887466957294,0.4157650502108948,0.3071879245859279,0.07010169981915769,17.280850038422837,6.786801558713889,5.656910714877282,4.837137764831665,2.960458636655043,135.87867064360682,0.27999714142785675,60.69479438662605,47.10548467057602,3.22713567839196,$C_{a}^{syst}$,[ml/mmHg],5.07441589987641,10.942741609866026,11.07930756197935,10.981574014878017,11.01684250038077,2.0779680663371556,5.228424921855781,10.394270546878971,8.881228873796967,9.590626960166972,11.792807417885205,10.357548028453756,6.8578716794128525,1.3542724494311662,0.3305938683627528,0.5510025666786124,6261.22975319472,1.5191116314170299,0.26910918071106693,0.5131338815574336,0.48839914182837624
137.35928542117082,117.86690333224277,128.56718474165632,166.32360173247804,89.3667319531315,147.22968697255592,29.842507161337576,13.227473845474355,21.04492645947858,31.511032863597663,89.36657781074588,189.76450683021204,126.18880103165448,62.623811212865085,112.09529395890809,36.39641601309761,7.214871530998847,6.088471825981186,1.1263997050176615,1.7757907285893115,0.41464497302905656,0.3066176719997506,0.06996757394238826,17.266206890180992,6.781012781008009,5.652078074093634,4.83311603507935,2.9604586366550434,135.69551763406588,0.27999714142785675,60.698853465462946,47.09341030285754,3.2517587939698496,$C_{a}^{syst}$,[ml/mmHg],5.068370820198085,10.931537963569728,11.068746272610026,10.971044178015914,11.006307689546775,2.0759859723871625,5.223844467688236,10.383077211635591,8.871730934410712,9.580413051599946,11.780381354599504,10.347087808342216,6.850435089933872,1.352623394307029,0.3305938683627528,0.5510025311099364,6255.671236719206,1.518411993684983,0.26909019797300565,0.512897554076487,0.4883647220838567
137.17316826674366,117.8380805200845,128.45243281659435,166.20144158452655,89.28762100373125,147.08969970040337,29.814808761345848,13.213866440404397,21.024602828436755,31.479756823097237,89.2874051220865,189.6450276724656,126.06016850808753,62.558175484439325,111.99428096449365,36.368778164614824,7.202820586801806,6.078147720086733,1.1246728667150736,1.7727044308049595,0.41353447979940344,0.3060492853089439,0.06983399384352507,17.251589852291698,6.775234732456555,5.64725467486975,4.829100444965394,2.9604586366550434,135.51368740369608,0.27999714142785675,60.70283723849794,47.08133201166447,3.276381909547739,$C_{a}^{syst}$,[ml/mmHg],5.062364951225631,10.92038804246817,11.058212301954624,10.960542687600016,10.995800756241152,2.07400913261508,5.219275367082155,10.371937253683983,8.862277282880527,9.570247127029296,11.76801556372813,10.336656055741878,6.843035537882291,1.3509779977839529,0.3305938683627528,0.5510024981079826,6250.1334702611875,1.5177208876248711,0.2690715765857255,0.5126641084706086,0.48833095586618236
136.9883725068409,117.80833220066262,128.3379598793559,166.079213696261,89.20863181529991,146.95026087151876,29.787209328665856,13.20030552851319,21.00435245952705,31.448593737549558,89.20848595735298,189.5259748667719,125.93204443233823,62.492805752214586,111.89369423103776,36.34125447599036,7.190819091811821,6.067865314352868,1.1229537774589529,1.7696258710886799,0.4124331997864696,0.30548343238903125,0.06970102999265687,17.23699098596816,6.769464074541758,5.6424370870885845,4.825089824337819,2.9604586366550434,135.3331244589169,0.27999714142785675,60.70668489203746,47.069266373679106,3.3010050251256287,$C_{a}^{syst}$,[ml/mmHg],5.056392666154089,10.90928267682571,11.047707795490208,10.950071703696727,10.985323791048264,2.0720404864636515,5.2147225413381415,10.36084578551351,8.852861178440003,9.560122455241832,11.755701844877454,10.326262480713854,6.835665728938602,1.3493390752723566,0.3305938683627528,0.5510024640038089,6244.604227070994,1.5170406910747656,0.26905310031179885,0.5124343479390194,0.48829745398368846
136.80490560079892,117.77767785026771,128.22378724236094,165.95705938708196,89.129929798646,146.8114969231274,29.759687314864333,13.186794358922679,20.984166836207294,31.417502442450555,89.12963129074397,189.40716699021172,125.80450662765881,62.42776944688159,111.79345421578486,36.313786884009154,7.178872405297531,6.057632068908974,1.1212403363885566,1.7665580514040606,0.4113411635995875,0.30491933174335345,0.06956860987801103,17.222418534289226,6.763704044715782,5.637628657804864,4.821085831768579,2.9604586366550434,135.15383890757127,0.27999714142785675,60.71045637884593,47.05715876915579,3.3256281407035178,$C_{a}^{syst}$,[ml/mmHg],5.050458260032784,10.898232446336047,11.037231870861065,10.939630117217956,10.974875787976453,2.0700789353713147,5.210184499347148,10.349804596806305,8.843488843263923,9.550044878471265,11.74344979296926,10.315904827380775,6.828332799217476,1.3477034111917459,0.3305938683627528,0.5510024285831537,6239.09508590522,1.5163687350915476,0.2690352027044007,0.5122073709514344,0.4882650034704876
136.62286287048818,117.74627384396983,128.11003033402204,165.83494750184244,89.05137121809794,146.67341601225743,29.73228440763307,13.17334391225002,20.964072461684946,31.386577942674162,89.05120247479348,189.28885718860315,125.67761051581788,62.36306468736992,111.69353579326776,36.28642276770399,7.166987687453169,6.047451570049721,1.1195361174034484,1.7635018768593247,0.4102589239738951,0.30435828249838337,0.06943688717781517,17.207901715798506,6.7579676150666685,5.632840412111207,4.817093688620629,2.9604586366550434,134.97592676532324,0.27999714142785675,60.71405005707098,47.0451371503949,3.3502512562814073,$C_{a}^{syst}$,[ml/mmHg],5.044563150404002,10.887239451406572,11.026793440129095,10.929226875609093,10.964465791238153,2.068124218006239,5.205656629733691,10.338822777102067,8.834168485466977,9.540019432502172,11.731261237999071,10.305571976017044,6.821037478115876,1.346073915781305,0.3305938683627528,0.5510023954414153,6233.595985266856,1.5157085726928372,0.26901709459663103,0.5119843776656858,0.48823216890212956
136.44203523252534,117.71394031127072,127.99650532045024,165.7128387973428,88.97308195231372,146.53596855708378,29.70497326115593,13.159945119270011,20.94404046377942,31.355732609195822,88.9728871384484,189.17085977936642,125.5512066733811,62.2986211945869,111.59401905685941,36.259164261305166,7.155153614241317,6.037315544709428,1.1178380695318884,1.7604552753918927,0.4091851899371435,0.3037991945498418,0.06930571176393398,17.193396226910263,6.752235594202794,5.6280554931214715,4.813105139586,2.960458636655043,134.79918082578536,0.27999714142785675,60.717571821046675,47.0330828131876,3.374874371859297,$C_{a}^{syst}$,[ml/mmHg],5.0386992832121855,10.876290387579983,11.016379439001453,10.918849245708845,10.954080846698213,2.066177454861837,5.201145073170028,10.327886118952074,8.82488347922065,9.53003378094753,11.71912315119343,10.295294153983042,6.813771876578343,1.344450068823911,0.3305938683627528,0.5510023598144443,6228.11573666196,1.5150557659453983,0.2689994307484228,0.5117638690122779,0.488200142807031
136.26244255152446,117.68069531705575,127.88325710096923,165.5907011286156,88.89494861460265,146.39906316280053,29.67774434097165,13.14659342114681,20.924074830957622,31.324981782007296,88.89478606496985,189.05318825814098,125.42530249995346,62.2344485246296,111.49485059206437,36.23197641792695,7.143367703838871,6.027221074213476,1.116146629625395,1.757416957387554,0.4081200646504444,0.3032422550030241,0.0691750741129901,17.17891408671832,6.746513121952808,5.623278587211772,4.809122377553738,2.9604586366550434,134.6236226967512,0.27999714142785675,60.7209818793366,47.021045708887634,3.3994974874371864,$C_{a}^{syst}$,[ml/mmHg],5.032871394345506,10.865387119716727,11.005992617555064,10.908499711336367,10.943723567905936,2.06423664523728,5.196645630191402,10.316995256716396,8.815636231183214,9.520088573428508,11.707036543142253,10.285043456321247,6.806536372450677,1.342830577637904,0.3305938683627528,0.5510023254908709,6222.646403022186,1.5144125149382983,0.2689818921883703,0.5115465881493955,0.48816834293529104
136.08421093054807,117.6466456907833,127.77042170824072,165.46873815282675,88.8170580800885,146.26287688555865,29.650598701338815,13.133306609366988,20.904181827905905,31.2943124672001,88.81678719862062,188.93577645462136,125.30003700925946,62.17063834669396,111.3960698846211,36.20487009679372,7.131642027333085,6.017180779445093,1.1144612478879923,1.7543913158046824,0.407064285595762,0.30268721157526096,0.06904500301335374,17.164479484666288,6.740809772535783,5.618518301465304,4.805151410665198,2.960458636655043,134.44937882281752,0.2795683556063746,60.724265768122535,47.008983086881194,3.424120603015076,$C_{a}^{syst}$,[ml/mmHg],5.0270809144543875,10.854539358357822,10.995642317652882,10.89818745945534,10.93340319020256,2.0623022456743865,5.192160958590819,10.306161344423312,8.806437590113276,9.510195046631809,11.695014483584597,10.274825279938234,6.799341214692628,1.3412153907775641,0.3305938683627528,0.5510022918579969,6217.194065606195,1.5137787912495508,0.26896487691687404,0.511332525476504,0.4881374921507424
135.90725314134423,117.61185540172335,127.65793101911756,165.34688995883295,88.7395014375618,146.12737607688362,29.623584950423602,13.120083025978486,20.884381906505453,31.263822529011854,88.73921516607135,188.81894095543655,125.17539380462554,62.1071419412785,111.29766239980762,36.177897380168574,7.119977344824398,6.007191682331821,1.112785662492577,1.7513777165838875,0.4060172762339257,0.3021354000631449,0.06891568225091081,17.15008480862856,6.735123574487661,5.613772058527738,4.801189175613164,2.960458636655044,134.27635898502035,0.2795683556063746,60.727499404952226,46.99698807600814,3.448743718592965,$C_{a}^{syst}$,[ml/mmHg],5.02132503554076,10.843747520911382,10.985325368144565,10.88790951965854,10.923116739563458,2.0603774683987717,5.187691443203333,10.295383912039622,8.797287271061741,9.50035141044596,11.683053031588232,10.264641286406492,6.792181562570886,1.3396080878979302,0.3305938683627528,0.5510022567299008,6211.765100629326,1.5131520552828308,0.2689477630303643,0.5111208231547891,0.48810646371309047
135.73148515921088,117.57630694038117,127.54573026044297,165.2250504027862,88.66206648871014,145.99241937038437,29.596653903877638,13.10690643822755,20.86465043014205,31.233418878510044,88.66183493312127,188.70244032351144,125.05123476070581,62.04390520783727,111.19966197374454,36.15100590460151,7.108360772831995,5.9972440489806225,1.1111167238513724,1.7483727000911746,0.40497853933184275,0.3015857513245997,0.06878690064750284,17.135708888946695,6.729444413576544,5.609031427608272,4.797233047761879,2.9604586366550434,134.104485594271,0.2795683556063746,60.730596061822574,46.98499647440671,3.4733668341708546,$C_{a}^{syst}$,[ml/mmHg],5.015603271446909,10.833002593874536,10.975036324727965,10.87766053969906,10.912858730591015,2.0584587124542804,5.183236495449434,10.284649290446387,8.788172074182405,9.490547069101671,11.6711393341717,10.254491706377802,6.785050890430399,1.3380055259914643,0.3305938683627528,0.551002223373106,6206.34465420971,1.5125350773472817,0.2689308548651765,0.51091241695451,0.48807580706089543
135.55684114078517,117.53997035223396,127.43376793814436,165.10318035851085,88.5847962780884,145.8579915738637,29.56978562418743,13.093772965541936,20.844968404166146,31.20309022289079,88.58456281774596,188.58615724074699,124.92752247815889,61.980912964343446,111.10191081797012,36.12416371631409,7.096787850331081,5.987335101623068,1.1094527487080132,1.745375562475959,0.40394764956593876,0.3010376733293465,0.06865856598285403,17.121357905320735,6.723775688158233,5.60429998264855,4.793282234513954,2.9604586366550434,133.93369255362833,0.2795683556063746,60.733591160980936,46.97299320048178,3.497989949748744,$C_{a}^{syst}$,[ml/mmHg],5.009913051319348,10.822294843887185,10.964771123904265,10.867436026126128,10.902624887089738,2.0565456355723883,5.178791337752744,10.273958524170707,8.779091216058749,9.480779207724884,11.65927654540673,10.244370263014277,6.777947890167446,1.3364059299506663,0.3305938683627528,0.5510021884510928,6200.935739466188,1.5119264047656567,0.26891422798479786,0.5107068161823564,0.48804566228808505
135.38352492488625,117.50305109750204,127.3222604288298,164.9816216960615,88.50791877797502,145.72432930327244,29.543034996344286,13.080710442891638,20.825380225718103,31.172880108243664,88.50754041224182,188.47033405974486,124.80448934566628,61.91828285797348,111.00465525911821,36.09744281221884,7.085282428488924,5.97748515473311,1.1077972737558146,1.7423933665287485,0.4029258020619463,0.30049233985117896,0.06853094216337985,17.107053518733732,6.718125403074139,5.599583870745997,4.789344244913599,2.960458636655044,133.7641823817072,0.2795683556063746,60.73654221031124,46.96099301452135,3.5226130653266337,$C_{a}^{syst}$,[ml/mmHg],5.00425837659732,10.811648704350375,10.954547841414605,10.857254232706214,10.892433347086572,2.054641310863977,5.174365927490988,10.263324825540113,8.770060032946434,9.471065440096469,11.647478968134516,10.234292184931217,6.770885702118117,1.3348131998732944,0.3305938683627528,0.5510021544545333,6195.554314458252,1.5113244580663905,0.26889797316551145,0.5105034873157364,0.4880161919361423
135.21132263980013,117.46541431355469,127.2110166959881,164.8599738788213,88.43107838867638,145.5911809191175,29.516372716059294,13.067696414390296,20.805857507614782,31.14279725447519,88.43079558481739,188.3548645139421,124.68196500395025,61.85592455148521,110.9076355493337,36.0708102288767,7.073821981403956,5.967673322966028,1.1061486584379283,1.7394189168060803,0.40191170228580114,0.2999492492393319,0.06840386394681779,17.0927833250791,6.712489973913127,5.594880404828793,4.785412946337184,2.9604586366550434,133.59574480986015,0.2795683556063746,60.739309778525566,46.94903729352406,3.5472361809045228,$C_{a}^{syst}$,[ml/mmHg],4.998636586156042,10.801048236982876,10.944349793823049,10.847098449187623,10.88226750939282,2.052743193396619,5.169949364859422,10.252738134157566,8.761070967966605,9.46139299545658,11.635730904122086,10.224232927452608,6.763853936278986,1.33322546753541,0.3305938683627528,0.5510021200595928,6190.175487207347,1.5107329599970942,0.2688816849341785,0.5103036878448124,0.4879866612946934
135.04027320375468,117.42710804910176,127.1000913264148,164.73851333184797,88.35459994646122,145.4586422025378,29.489796504898734,13.054731663653552,20.78640379790976,31.112790123351537,88.3542132338484,188.23974655940012,124.55991961870204,61.793820445091576,110.81108174572401,36.04425758719984,7.0624151749782005,5.957908473921015,1.1045067010571854,1.7364556265494442,0.40090554171113085,0.29940830881287245,0.06827734202338177,17.07853193134888,6.706861122108631,5.590182050795062,4.781488758445187,2.9604586366550434,133.42841576307922,0.2795683556063746,60.74207665395058,46.93706555005785,3.5718592964824123,$C_{a}^{syst}$,[ml/mmHg],4.9930453687347045,10.790490546384042,10.934182516341833,10.83697436254509,10.87213288224614,2.0508523956944895,5.165551267051775,10.24219600938214,8.752114211685804,9.451759172388893,11.624035310841203,10.214222712481984,6.756850521156525,1.331642801074274,0.3305938683627528,0.5510020857679134,6184.821996252285,1.5101467930807295,0.2688657371279032,0.5101056891600455,0.48795774838709344
134.8702894390145,117.38810166263063,126.98941890700293,164.61696916753695,88.27819653573506,145.3266181436268,29.463296355429176,13.04181324021029,20.76700804030493,31.08289501463584,88.2778632706118,188.1249152092104,124.43834088420256,61.73196643776508,110.71470239033594,36.0177877951911,7.0510531624838455,5.9481824051726395,1.102870757311206,1.7335006887439015,0.3999067930335944,0.2988693301290114,0.06815130292432435,17.064318498552165,6.701248861287228,5.5854980854930965,4.777571551771842,2.9604586366550434,133.2621115595264,0.2795683556063746,60.74468508479941,46.925131194047076,3.596482412060302,$C_{a}^{syst}$,[ml/mmHg],4.987481661730976,10.779974650705409,10.92403856219447,10.826874272153416,10.862021977564673,2.048966452230933,5.161158965160593,10.231695706848353,8.743196527503404,9.44216320569672,11.612384618076831,10.204222015737136,6.749875270061094,1.330064478440091,0.3305938683627528,0.5510020514882009,6179.473757501454,1.509569936734965,0.26884977527259724,0.5099108354510214,0.4879288099680593
134.70014568164567,117.34693937191226,126.87781744268898,164.4944088684465,88.20234631439423,145.1950715965852,29.437044472291607,13.02897812618659,20.747777252015087,31.053278745551015,88.20240090480506,188.01135980326046,124.31737795760374,61.670344531965874,110.6190653283698,35.99162083409494,7.039714989830308,5.938461835410873,1.1012531544194357,1.7305478465880726,0.39890818406675377,0.29833655443604346,0.06802651646616623,17.049955261939797,6.695576475917665,5.580763045881741,4.773615740140392,2.9604586366550434,133.09562286469182,0.2795683556063746,60.747479473310605,46.91333597985895,3.6211055276381914,$C_{a}^{syst}$,[ml/mmHg],4.981929381606485,10.769508300145906,10.913989101126548,10.816852548198774,10.851995993363087,2.0470971671684155,5.156808941599275,10.221247054605495,8.734315529202268,9.432613570403534,11.60078844646138,10.194321153437778,6.742928063064778,1.328503640249176,0.3305938683627528,0.551002017891529,6174.164242007596,1.5089805251923463,0.26883332571849133,0.5097117407785537,0.4878989858280596
134.53252035915796,117.3066690643515,126.76790888871385,164.37334044574283,88.12658968850295,145.06436146730957,29.410753670061904,13.016180201211471,20.728545226560062,31.02359982325111,88.12651239975486,187.89736838734765,124.19697589152683,61.609130284879704,110.52358684859377,35.965353619382086,7.028468759741907,5.92883616412904,1.0996325956128672,1.7276175937350846,0.3979255624149315,0.29780255139792255,0.06790175576177954,17.03581525173295,6.68999312246805,5.576102917574034,4.7697192116908615,2.9604586366550434,132.9315960486775,0.2795683556063746,60.749993173452445,46.90140854877933,3.645728643216081,$C_{a}^{syst}$,[ml/mmHg],4.976434425681291,10.759097704663636,10.903917956104706,10.806826726529636,10.841958606414769,2.0452277190441785,5.152453510284628,10.210851462367277,8.725482961666772,9.423111839756034,11.589254611752848,10.18440830948819,6.736023517607422,1.3269380873519754,0.3305938683627528,0.5510019837806566,6168.861278195206,1.5084164327536647,0.2688179723883472,0.5095211985322622,0.4878711516497163
134.3658524506628,117.26570398710506,126.65819282128562,164.25212224628842,88.05083313090465,144.93407945803125,29.384528333385905,13.003419953085439,20.709362343056238,30.994017479022208,88.05083185974867,187.78362897193546,124.07696550457271,61.54811344878205,110.42828513218225,35.93912036536722,7.0172596124973765,5.9192421925207075,1.0980174199766688,1.7246935138150443,0.39694965387630005,0.29727030957394,0.06777742212389284,17.02170054059749,6.684420885856141,5.571452494430351,4.7658271603109945,2.9604586366550434,132.76848926513873,0.2791395697848924,60.7523319982183,46.889514459701914,3.67035175879397,$C_{a}^{syst}$,[ml/mmHg],4.970967026328542,10.748722108068225,10.893868156207347,10.79682254425439,10.831942740548012,2.0433626915806293,5.148104124251956,10.200492235201049,8.71668346997742,9.413642171614352,11.577761037598538,10.1745060945582,6.729142115859123,1.3253757846514191,0.3305938683627528,0.5510019496529464,6163.558319163326,1.5078618173635292,0.2688025775188146,0.5093338574955497,0.4878432420940114
134.2002165019726,117.22414543974233,126.54875912992586,164.13098945538977,87.97518065641161,144.8042722940204,29.35839324305048,12.990699038206115,20.690239952436983,30.964512285039003,87.97528901415254,187.6702468754153,123.95738719984882,61.48732623487248,110.3333788974212,35.91298112323473,7.006094561434145,5.909685985883251,1.096408575550894,1.7217776517489487,0.3959808790979013,0.29674011712066933,0.06765361277806813,17.00760631932344,6.678856457740761,5.566808413155189,4.761941448427495,2.9604586366550434,132.60637634233524,0.2791395697848924,60.75454768197781,46.87759007028687,3.6949748743718596,$C_{a}^{syst}$,[ml/mmHg],4.965525177222996,10.738386027214219,10.883847118580587,10.786847602749598,10.821955942222045,2.041505152903441,5.143771470541006,10.190172308610592,8.70791342849268,9.404207164558118,11.56631232964515,10.164644906165998,6.722286293824839,1.3238185832544813,0.3305938683627528,0.5510019139928122,6158.262645948813,1.5073157605692387,0.2687875502831919,0.5091494074284116,0.48781600110140133
134.03575176851916,117.18212413922166,126.43974707274462,164.01014985746625,87.89997040409911,144.67518333935044,29.332355382873526,12.978044051113573,20.671196549530272,30.935127211484318,87.90001682251636,187.55720973235594,123.83842041696789,61.42686749589168,110.2387886255333,35.88692265188361,6.994991173161195,5.900184364975553,1.0948068081856421,1.7188760291084333,0.3950200542149625,0.2962122100282287,0.06753039492528443,16.993569164747253,6.673315518527319,5.562184486127222,4.758069160092712,2.9604586366550434,132.44539774987763,0.2791395697848924,60.756771393142614,46.86570937366239,3.719597989949749,$C_{a}^{syst}$,[ml/mmHg],4.96012028805726,10.728101937790793,10.873863576940503,10.776910609110555,10.8120068558043,2.0396539827468336,5.1394509481894115,10.17990760084792,8.699191736420541,9.394821351456478,11.55492334057834,10.15480863314657,6.715467595586268,1.3222663692130932,0.3305938683627528,0.5510018797103718,6152.997928286937,1.5067740881025506,0.26877262183015926,0.5089664383235637,0.4877889381637621
133.87228012577867,117.13953158627237,126.33100809874095,163.88938654612184,87.82495308876055,144.54656350798837,29.30638218211395,12.965429643194886,20.65220604948817,30.90580282631921,87.82484541947392,187.44441806009058,123.71987594941481,61.36663760257295,110.14453857258631,35.860924756693414,6.983930027743517,5.890719871204171,1.093210156539346,1.715982654726536,0.39406607340524064,0.2956859362869324,0.0674076232819074,16.979553534295032,6.667782756876375,5.55756735665016,4.754203420768502,2.9604586366550434,132.2853720204006,0.2791395697848924,60.75893536127332,46.853806759569224,3.7442211055276386,$C_{a}^{syst}$,[ml/mmHg],4.9547414449841805,10.7178578125715,10.863905297994782,10.766999647019553,10.802083404335503,2.0378085609920946,5.135143465936757,10.169679804199324,8.690500676635287,9.38546973232647,11.543576921382382,10.14500725381043,6.708674933068491,1.3207177234545737,0.3305938683627528,0.5510018450314571,6147.746716213239,1.5062390285219507,0.2687580249143201,0.5087857029557477,0.4877624772726061
133.70980338183193,117.09638120631607,126.22255154821283,163.76864070255755,87.75002990552484,144.4184830627528,29.280516365925497,12.952867344400383,20.633295505930548,30.876615879912073,87.75002471481108,187.33209313550802,123.6018544268569,61.30668569039993,110.05061154980166,35.8350408578581,6.972917510685892,5.881295797247659,1.0916217134382327,1.7130988018488638,0.3931190019103471,0.2951623780523728,0.06728547293877876,16.96557021443026,6.662263533480051,5.552961354637304,4.750345326312907,2.9604586366550434,132.12631357987655,0.2791395697848924,60.76094142838742,46.841960310205074,3.768844221105528,$C_{a}^{syst}$,[ml/mmHg],4.949391571631525,10.707658929108922,10.853975680599184,10.757117852077368,10.792188845504384,2.0359699805256386,5.130848330067601,10.159499566669776,8.681849731929805,9.376159979614359,11.53228427167754,10.135235273296635,6.701912488038197,1.3191755080776995,0.3305938683627528,0.551001811707482,6142.502093386739,1.5057124621168674,0.26874334697435015,0.5086078364594678,0.48773586812999753
133.5484300336071,117.05279898867173,126.114493447741,163.6481854826949,87.67544474266683,144.29104419699595,29.254752753450553,12.940361195090745,20.614462193416564,30.847538462237274,87.675441999946,187.22019011532265,123.48436859126336,61.247001376038384,109.95714453337784,35.80927661891397,6.961962044726709,5.87192127081567,1.0900407739110392,1.7102276369012328,0.3921793837555433,0.29464125794680474,0.06716393469995917,16.951625436709936,6.65675930856112,5.548367622116499,4.7464985060323155,2.9604586366550434,131.96831745811338,0.2791395697848924,60.76291514182013,46.830121231016946,3.7934673366834173,$C_{a}^{syst}$,[ml/mmHg],4.944072266841995,10.697508610600073,10.844082603936325,10.747273319348498,10.782331190688488,2.034139852432791,5.126572174818617,10.149365988466348,8.673237355421302,9.366893227279293,11.521044285129483,10.125508903520481,6.695181332883759,1.3176401856057771,0.33102265418423493,0.5510017773793856,6137.281131986678,1.5051913092137603,0.26872891723680264,0.5084317985656582,0.4877097103296141
133.38792554478007,117.00860512581174,126.00662693164591,163.52770064925815,87.60104175689247,144.1640275195211,29.229048330113727,12.927893141821029,20.59567589555764,30.81854398926988,87.60103112206376,187.10850279142616,123.36727102661261,61.187533852304405,109.86380995112445,35.78355864229656,6.95104444356899,5.86257974693633,1.08846469663266,1.7073638012166201,0.39124585200952994,0.29412171514539415,0.06704279568089043,16.937708644023996,6.6512674121867965,5.543784677434722,4.742656554402475,2.9604586366550434,131.81115721503917,0.2791395697848924,60.7648407610078,46.818305857385056,3.818090452261307,$C_{a}^{syst}$,[ml/mmHg],4.938778554727452,10.687392617484198,10.834208395774242,10.737448070359264,10.772492605805594,2.0323135362746614,5.122300492382159,10.139268521379938,8.664656721734218,9.357657819218103,11.50984266284501,10.11579122372349,6.688474009435802,1.3161075156059276,0.33102265418423493,0.5510017433472848,6132.072922982473,1.5046756816070426,0.26871451578795597,0.5082576270368507,0.4876836036044824
133.22849204863437,116.96401077189326,125.89915383741318,163.40745437238002,87.52684078603079,144.03760374967172,29.203431326323685,12.915478260361635,20.576957011223563,30.789637879717286,87.5267630877533,186.99715397830153,123.25070062490867,61.12835207053721,109.77088595529084,35.75792562424402,6.940179100957726,5.853284154300194,1.0868949466575317,1.7045114649667628,0.39031949206583666,0.29360420023703443,0.06692220084326302,16.92383227205885,6.645791181969699,5.5392149678019935,4.738826122287158,2.9604586366550434,131.65501889619227,0.2791395697848924,60.76665989122322,46.80646802673242,3.8427135678391964,$C_{a}^{syst}$,[ml/mmHg],4.933507473999857,10.677322710377874,10.824370921052415,10.727660006142607,10.762690951793447,2.0304950362705325,5.118046396165332,10.12921754558228,8.656115344623728,9.348464772837298,11.498694486913775,10.106116453256204,6.68179865046517,1.3145798771833646,0.33102265418423493,0.5510017070995534,6126.878855022155,1.504167381272652,0.26870052377257153,0.5080859305543878,0.4876582419081752
133.07008174708582,116.91888495084419,125.79204093823199,163.28745057959873,87.45294487259294,143.91175178638562,29.17792216303612,12.903115772587826,20.558322372507128,30.76084625579324,87.45282209476002,186.88627933563058,123.13465314466603,61.0694400046888,109.67840231721827,35.73241124417528,6.929367101509866,5.844033664926596,1.08533343658327,1.7016703319024735,0.3894002635961429,0.2930893933332448,0.0668022475542634,16.90999184229475,6.640329200010702,5.53465678187985,4.735005860404199,2.9604586366550434,131.49989933235508,0.2791395697848924,60.768452740678946,46.79467235671314,3.867336683417086,$C_{a}^{syst}$,[ml/mmHg],4.928266138629907,10.667300339719338,10.814567677947274,10.717906809509648,10.752923847502686,2.0286837499162114,5.1138097973528085,10.119213946217473,8.647610559047829,9.339313603194766,11.487597982752357,10.096481085522461,6.675153587935934,1.3130590158033422,0.33102265418423493,0.5510016748218625,6121.706141081506,1.5036646224313266,0.2686865760632271,0.5079161059079291,0.48763295710506294
132.91252053266842,116.87319081597748,125.68513315779862,163.16746386019446,87.37911506599347,143.7863430826068,29.152477975155946,12.890794719808254,20.539735447319423,30.732150557390046,87.37905279813143,186.7756433702885,123.01899703061208,61.01073188623546,109.58609012527279,35.70696319409938,6.918593246782053,5.834816250229797,1.0837769965522561,1.6988368052652472,0.3884868736899548,0.29257623484500794,0.06668270684290105,16.896178912336847,6.634879070131966,5.530108778304321,4.73119106390056,2.9604586366550434,131.34558356968608,0.2791395697848924,60.770107363947105,46.78289482579896,3.8919597989949755,$C_{a}^{syst}$,[ml/mmHg],4.923049433687557,10.657311794213362,10.804784598272533,10.708174268414655,10.743177172046115,2.026877382660191,5.1095792519425425,10.10924583715444,8.639138285549699,9.33019411417025,11.476540684324995,10.086859668830064,6.668531867548089,1.311541941220624,0.33102265418423493,0.5510016404986535,6116.538054619543,1.5031690750185183,0.2686726907288475,0.5077487171774558,0.48760778731203075
132.75594272138235,116.82709555702355,125.57857215946966,163.04770460470232,87.3055299320098,143.66146951554876,29.127120755502652,12.87852160803433,20.52121720216237,30.703542323171423,87.30547827610819,186.66536516082368,122.90383555798982,60.95229473148291,109.49416863746127,35.68159681284484,6.908843919651762,5.826616807272881,1.0822271123788805,1.696013781984392,0.3879767900777546,0.2920652016670024,0.06656370580408728,16.882399482887088,6.629441908951186,5.525571572730636,4.7273860012052635,2.9634880928446603,131.32646889278297,0.2787107839634102,60.77170881407458,46.77111803836194,3.9165829145728646,$C_{a}^{syst}$,[ml/mmHg],4.917860644069783,10.64736804960323,10.795034435761588,10.698475092033686,10.733463608974425,2.025077851257688,5.1053653462223405,10.099321496443924,8.630702062658237,9.32111420855924,11.465532631773462,10.077277172047154,6.6619400444370935,1.3100297421226437,0.33102265418423493,0.5510016064814017,6111.387095240686,1.5042170753107504,0.26865905570649495,0.5075833032508824,0.4875830715305966
132.60029430732806,116.78056687105662,125.47231530391443,162.92809495492125,87.23218074217813,143.53711593362542,29.10184463501118,12.866294918787988,20.502760848357596,30.675029651545877,87.23210977634587,186.55541155065134,122.78912019454046,60.894088739083095,109.40254278275948,35.656322898855635,6.8981631096456075,5.817479710327445,1.0806833993181622,1.6932008748084793,0.38707543020267743,0.29155617462018285,0.06644520721646843,16.868657090499518,6.624019984487972,5.521047243660012,4.723589862351532,2.9634873020711243,131.17381179537819,0.27828199814192806,60.77325726853543,46.75935640315726,3.941206030150754,$C_{a}^{syst}$,[ml/mmHg],4.91269938447361,10.637463863679384,10.785312835161788,10.68880495905228,10.72377884369942,2.0232844492931243,5.101162930532923,10.089436842434633,8.62229925432419,9.312070169629887,11.45456887981833,10.067721264311192,6.655374469056363,1.308522642438863,0.33102265418423493,0.5510015725167271,6106.252651952469,1.503731887467919,0.2686455641189717,0.5074197167698306,0.48755861601613903
132.4456053028953,116.73366199794044,125.36640567374069,162.8086813842881,87.15903923053942,143.41329163159503,29.076650246600433,12.854117410238285,20.484369367627696,30.646600837883092,87.15890173422206,186.44577740896264,122.67488655709552,60.83612216512711,109.31128113055233,35.63111137160891,6.887530370020049,5.808384595842542,1.0791457741775075,1.69039852776253,0.38618057623850327,0.2910491138341954,0.0663272171322711,16.85494922018547,6.618611271859276,5.516534040610631,4.719803907715565,2.9634865169432696,131.02208069512216,0.27828199814192806,60.77472892431515,46.74758685633405,3.9658291457286436,$C_{a}^{syst}$,[ml/mmHg],4.907562705063111,10.627601467367871,10.775623498174653,10.679167510415692,10.71412649810976,2.0214974722309766,5.096975859655854,10.079595442609584,8.61393168718863,9.303064839776177,11.44365267107674,10.058202496648134,6.648837777298273,1.3070195459859693,0.33102265418423493,0.5510015382617958,6101.13274613776,1.5032529253628313,0.26863237117638156,0.5072582300503877,0.48753470275929983
132.29176252540694,116.68629123053495,125.2607419303076,162.68935352711526,87.086141051328,143.2899387513433,29.051536298369154,12.841980619497525,20.466036781326014,30.618284914321276,87.08597991355327,186.33648358353807,122.56106202813628,60.77840534961916,109.22026521395263,35.606022770628755,6.876940771233357,5.7993263146493215,1.0776144565840349,1.6876053018017287,0.385291574071979,0.2905441370524707,0.06620970708738091,16.841274385530905,6.61321684936679,5.512032772862513,4.716024763301599,2.9634857476984653,130.87116794651624,0.27828199814192806,60.77617298898566,46.735871708403806,3.990452261306533,$C_{a}^{syst}$,[ml/mmHg],4.902451187415797,10.61777492892098,10.765958263251735,10.669554710455696,10.70449859974667,2.0197160372888012,5.092797494274322,10.069790844247494,8.605597263237993,9.294092334496469,11.432778348619799,10.048706621426827,6.642325408898973,1.3055230199184849,0.33102265418423493,0.551001504131134,6096.02987359296,1.5027783567695534,0.26861903432274137,0.507098223076206,0.487510528208671
132.13884471380734,116.63855327787546,125.15540908688915,162.57021483658866,87.01342375178533,143.1671104955258,29.02651812807043,12.829894497136765,20.447774442283144,30.59006249649488,87.01325287519431,186.2275601419281,122.44773612553628,60.72093731582826,109.1296139158477,35.581004962310075,6.866398271676482,5.790308438095272,1.0760898335812104,1.68482219108058,0.3844088813158717,0.2900413286733435,0.06609275001820539,16.827633221564927,6.607835542354464,5.507542430190415,4.7122552490200444,2.9634849790664592,130.72115385120554,0.27828199814192806,60.77752316898554,46.724154474708044,4.015075376884422,$C_{a}^{syst}$,[ml/mmHg],4.897368215863833,10.607993381963782,10.756325133268751,10.659974320708757,10.694902896544148,2.0179416444162173,5.088634994529729,10.060030257991398,8.597298674316548,9.285159694560535,11.421953275497057,10.039241788385308,6.635842533625799,1.3040308660888924,0.33102265418423493,0.5510014702075524,6090.939662624973,1.50231019783914,0.26860598585430984,0.5069403787942902,0.4874868768555749
131.9868190342254,116.59044836870534,125.05038870114637,162.45123363296324,86.94089260230959,143.04474991221585,29.001584073536485,12.817851847912747,20.42957319532329,30.56193312731232,86.94073814533569,186.11896779804096,122.33484287191844,60.663694703355695,109.03929292851757,35.55608098794731,6.855899484679481,5.7813281513623265,1.0745713333171545,1.6820482920182855,0.38353225731599355,0.28954051641566353,0.06597628574578142,16.81402557913524,6.602467642325099,5.5030632510203095,4.70849468578983,2.963484228676716,130.57200092916236,0.27828199814192806,60.77880709055295,46.712454498283975,4.039698492462311,$C_{a}^{syst}$,[ml/mmHg],4.892307398811204,10.598250766683826,10.74672043622723,10.65042298621793,10.685335946892387,2.016173369960903,5.084485626314892,10.050308679295112,8.589032461186573,9.27626192894424,11.411171018296944,10.029812785285088,6.629385247836576,1.302543972257189,0.33102265418423493,0.5510014361383191,6085.862482161671,1.5018479454361353,0.26859305227907915,0.506784524413263,0.487463434145485
131.83454680481987,116.54071132056036,124.94457519511393,162.33144344501133,86.86894564934956,142.9228937435134,28.976885331503652,12.805889210551207,20.411527214908602,30.534080601451496,86.86910446368086,186.01158257320856,122.22250005320949,60.60666201218236,108.94960022368592,35.53144294832677,6.845429730199403,5.772359774755431,1.073069955443972,1.6792797498752658,0.382655117911495,0.28904551936754697,0.0658609665852872,16.80029785912246,6.597052012286856,5.498543511495823,4.704702335339781,2.963483485154971,130.42258982680312,0.27828199814192806,60.78028745012877,46.700911449689855,4.064321608040201,$C_{a}^{syst}$,[ml/mmHg],4.887256505532452,10.588550927390592,10.737203323059767,10.64094449219453,10.675847873813957,2.014419980890543,5.080373101418125,10.04063310485077,8.580800297819454,9.267405318273427,11.400436532505598,10.020467521776528,6.622952123516402,1.301073568050853,0.33102265418423493,0.5510014032491888,6080.826195454469,1.501371852183631,0.2685794988739988,0.506623998312958,0.48743886547333254
131.68425894561278,116.49187209592675,124.84016356954685,162.2127950388729,86.79681844652673,142.8015261902846,28.952097813970777,12.793935729816234,20.393441481026166,30.506108735250955,86.79689529589359,185.90355976018543,122.11047139994236,60.549886159080565,108.85989838649755,35.506658718681166,6.835020201746045,5.763457657380779,1.0715625443652657,1.6765257733847654,0.3817903475017301,0.28854829144332766,0.06574542577832505,16.7867579845375,6.591710926451201,5.494087130992522,4.700959927093772,2.963482743724141,130.27511778613155,0.27828199814192806,60.78143613876299,46.689205633211714,4.0889447236180905,$C_{a}^{syst}$,[ml/mmHg],4.882247726347908,10.578883839729496,10.727658594401396,10.631453479186584,10.66634096750528,2.012663333388388,5.076249460234898,10.030988604905247,8.57259801176633,9.25857691831313,11.389738030935675,10.011096817070019,6.616546978014443,1.299594909482166,0.33102265418423493,0.5510013687837523,6075.777291256871,1.5009204267825862,0.2685670446569633,0.5064717957143944,0.4874162930843207
131.53480165692477,116.44266504953904,124.73603175463936,162.09429158556551,86.7249396196194,142.6806173522279,28.927400599115447,12.782025064917253,20.375421560481012,30.478261985429935,86.72501678264226,185.79593017315628,121.99887898664413,60.493332396449034,108.77042899126593,35.481967211402335,6.824654251996006,5.754592175237798,1.0700620767582076,1.67378097413423,0.38093129222259864,0.2880533644467182,0.06563040659320356,16.773257038583903,6.586386512201854,5.4896447170992415,4.69722580928281,2.9634820145156944,130.12845512479865,0.27828199814192806,60.78256544512017,46.6775653814468,4.11356783919598,$C_{a}^{syst}$,[ml/mmHg],4.877265369098945,10.569255893038795,10.718139273557123,10.62198836018836,10.656859761765064,2.0109124836903187,5.072134268788884,10.021383690280963,8.564430358375885,9.24978334804777,11.379085070065527,10.00174749330497,6.610166935239756,1.2981216995287994,0.33102265418423493,0.5510013352228913,6070.745773373358,1.5004732859492271,0.26855440570778216,0.5063210367397628,0.4873933846260943
131.3861559711096,116.39300702896742,124.6321690418604,161.97592345016724,86.65322735346412,142.56019408323746,28.902790071596662,12.770159047782345,20.357466649938235,30.45050543764005,86.65334528500158,185.6886752320442,121.88770469307427,60.436986888047116,108.68134481120177,35.457381531769634,6.814331328317413,5.745763179773147,1.068568148544267,1.6710454513738877,0.38007779243633477,0.2875605742243968,0.06551590892367927,16.75977757966403,6.581070165959585,5.485208518846225,4.693498894858222,2.9634812902371945,129.98257712285738,0.27828199814192806,60.78360646932719,46.66592896778223,4.13819095477387,$C_{a}^{syst}$,[ml/mmHg],4.872304207415862,10.559664878849645,10.708646980744259,10.612550840286236,10.647405858911041,2.009168482873694,5.068035497131212,10.01181703451933,8.556291944070646,9.241023307717944,11.368475314174006,9.992436534155422,6.603810803930305,1.2966544249867498,0.33102265418423493,0.5510013014932312,6065.725914742488,1.500031575196271,0.2685419666553756,0.5061721091804867,0.4873708391025906
131.2384346059867,116.34307448745793,124.52869719283882,161.8578562619485,86.58181679774273,142.4403539997552,28.87826559823461,12.758345560561322,20.33957909088996,30.422845195568286,86.58185881764692,185.58174932358273,121.77705542451086,60.380933581199095,108.59258241026215,35.43286479747207,6.804060880843531,5.7369804901888095,1.0670803906547217,1.6683226037300463,0.379230441062153,0.28706977685814283,0.06540192666003677,16.74634692797243,6.575773280991799,5.480788994306548,4.689784652674082,2.9634805763261496,129.83758804206903,0.27828199814192806,60.78461220188455,46.65429608958027,4.162814070351759,$C_{a}^{syst}$,[ml/mmHg],4.86737212797095,10.550118955105036,10.69918969068998,10.603148542566514,10.637987017909609,2.0074312091878204,5.063950512636004,10.002295240053579,8.548193732337891,9.23230513515348,11.357914130419527,9.983157242678844,6.597486899152207,1.2951914007962362,0.33102265418423493,0.5510012669111289,6060.727175841991,1.4995941739750374,0.2685297858262557,0.5060246339910539,0.4873487629740185
131.0915175805422,116.29281697437037,124.42550752102532,161.73996223149973,86.51059946979616,142.3209219958262,28.85382407936731,12.746570457687119,20.32175408156585,30.395271413711257,86.51060284902756,185.47519884388979,121.66678285631528,60.325070127932236,108.50419929240739,35.40845558292612,6.793830571233936,5.728231470645616,1.065599100588321,1.665607889931551,0.37838864285121954,0.28658110767073214,0.0652884454139512,16.73294061527051,6.570485772175688,5.476376868774288,4.686077974320532,2.963479844719729,129.69338823608604,0.27828199814192806,60.785581105449296,46.6426796619,4.187437185929648,$C_{a}^{syst}$,[ml/mmHg],4.862461854129251,10.540607676187799,10.689759737844447,10.593774163038177,10.628595802700094,2.00570025427505,5.059881392850855,9.992808306934709,8.540121263993518,9.22361718347548,11.347393440988686,9.973914750210104,6.591184318790146,1.2937343201131914,0.33102265418423493,0.5510012331536912,6055.7419628857315,1.4991618256138253,0.2685176958638652,0.5058788667940506,0.4873268510253358
130.94534184011124,116.24218836057362,124.32254954591484,161.62208250677523,86.43947585425498,142.2018907057063,28.829431563522622,12.734831225090737,20.303968337607294,30.36777885800571,86.43950349112053,185.36881823328147,121.55686204859853,60.269395971984395,108.41591441267138,35.38408275357481,6.783636123740901,5.71951431656664,1.0641218071742609,1.6629010201746532,0.37755195403942776,0.2860937327210383,0.06517529458557185,16.719576803449176,6.565216566517684,5.471980994852996,4.682379242078497,2.963479176295853,129.54990597552043,0.27828199814192806,60.786446245743434,46.631091633943974,4.212060301507537,$C_{a}^{syst}$,[ml/mmHg],4.857571687898375,10.531125918886532,10.680352927935667,10.58442271687829,10.619227592513528,2.003971998383514,5.055813071673537,9.98335281893444,8.532079430419822,9.214957893506627,11.336904965486907,9.964676766886427,6.584903389930935,1.2922794631192653,0.33102265418423493,0.5510012000833904,6050.763309797849,1.498735441130551,0.26850557731591207,0.5057351012008352,0.487304886586954
130.8000978907731,116.19136450048849,124.22000937026192,161.5046400853314,86.36873553738846,142.0835023861016,28.80515017334611,12.723152489401938,20.286266927063878,30.340393242299,86.36862224634572,185.262905816619,121.44751258408562,60.214021475264126,108.3281462193743,35.35982094447592,6.77349819450761,5.710845932475047,1.0626522620325622,1.6602078387126578,0.37672140213085736,0.2856088670865864,0.06506278414616253,16.706248932611356,6.5599605553525056,5.467595538310334,4.678692838948516,2.96347847584664,129.4073180373624,0.27828199814192806,60.78730752475941,46.619490213457524,4.236683417085427,$C_{a}^{syst}$,[ml/mmHg],4.852711317363255,10.521696001952433,10.670983471964016,10.575109328775465,10.609897059913365,2.002253251133993,5.0517687216382745,9.973946739739496,8.524077237671174,9.206343800791354,11.32647266334971,9.95549210504056,6.578656197633516,1.2908312965646336,0.33102265418423493,0.5510011657673654,6045.811487617192,1.498312059707564,0.268493879337935,0.5055923543630629,0.4872836865308813
130.655490493541,116.14012057151196,124.11761934155487,161.3870813367374,86.2979797434743,141.96537428079648,28.78091673374829,12.71149786281796,20.268601787444332,30.313088602733057,86.29794284890978,185.15719289470545,121.33841786936478,60.15878400155604,108.24049568893409,35.33563008709959,6.763387049295511,5.702200034468035,1.0611870148274754,1.6575192474545546,0.37589540070318334,0.28512543260945694,0.06495058967813463,16.692945776473415,6.554715487979957,5.463219568951154,4.675010719542303,2.963477795818666,129.26535575449304,0.2778532123204459,60.788047917081244,46.60793431772613,4.261306532663316,$C_{a}^{syst}$,[ml/mmHg],4.84787123377057,10.512287123059021,10.661630889602655,10.56581291728257,10.600583461636262,2.0005371805407726,5.047726962390267,9.964565035230367,8.516096317448323,9.197750516823202,11.316067856532428,9.946315029287994,6.572423806988292,1.2893867587343457,0.33102265418423493,0.5510011327048329,6040.858582043201,1.4978955027538505,0.2684819866640405,0.5054519068330168,0.48726213201428076
130.51179290542393,116.0886985229529,124.01564495036942,161.26992686688718,86.22759960137664,141.84787168970297,28.75679696432207,12.699902443148975,20.251021454855515,30.285903474807846,86.22753656254784,185.05196466010344,121.22988584635102,60.10383329991923,108.15329601296983,35.311541556161906,6.753332399036827,5.693602647706359,1.0597297513304675,1.6548443568563487,0.37507541863404087,0.28464460362553706,0.06483903512668546,16.679684709427956,6.549486560771051,5.458856686222589,4.67134146243431,2.9634771183267232,129.12427363711433,0.2778532123204459,60.78878630622139,46.596390760253406,4.285929648241206,$C_{a}^{syst}$,[ml/mmHg],4.843054487009327,10.502928727875753,10.652315491323485,10.556554200500456,10.591307281264173,1.9988298738292958,5.043706304929081,9.955232326476027,8.50815597367569,9.189201887673509,11.305716394044248,9.93718484890952,6.566224307389529,1.2879483327864616,0.33102265418423493,0.5510010990169412,6035.931972096365,1.4974819458508135,0.2684703483926452,0.5053124711475219,0.4872410397576916
130.36884689762863,116.03699106890961,123.91394656783167,161.15291400704373,86.15737639002178,141.73075943170383,28.732743213391053,12.688342477937171,20.233491923160976,30.25879493174953,86.15730762667772,184.94701071942072,121.12171045609745,60.04907004426984,108.06635354693134,35.28752886802143,6.743315713022066,5.685038037995532,1.0582776750265344,1.6521776739314156,0.37426055289603605,0.28416547069630216,0.06472789313562237,16.666457900783964,6.544271574683234,5.454505668535697,4.667680657565035,2.96347644933229,128.98391909395573,0.2778532123204459,60.78946922706546,46.58486086989813,4.3105527638190955,$C_{a}^{syst}$,[ml/mmHg],4.838258462270885,10.493601573281587,10.643026927188018,10.547322504576693,10.582057986482429,1.9971274647721553,5.039695054648736,9.945930772215846,8.500242425550338,9.180681924887915,11.2954002407277,9.928076738913651,6.560045880530049,1.286512967647219,0.33102265418423493,0.5510010653755532,6031.016347301525,1.4970734311832394,0.26845879523008903,0.5051747354093364,0.48722010191960696
130.22656963547692,115.98493213846598,123.81244688988237,161.0359627796156,86.08727151592265,141.61400256187608,28.708757461061165,12.676816466432285,20.216013308756555,30.231765373392776,86.0872597944654,184.84234883818294,121.01389434989625,59.99450053898795,107.97968877722136,35.2635979770575,6.733331780193043,5.676500881409176,1.0568308987838677,1.649517466357317,0.37345037161389266,0.28368806871165236,0.06461717469642397,16.6532478527061,6.5390631778344375,5.450159848453963,4.664024826417703,2.9634757910574567,128.84422004854594,0.2778532123204459,60.790084284432346,46.573342275491754,4.335175879396985,$C_{a}^{syst}$,[ml/mmHg],4.833485135828933,10.48430632073189,10.633758531886569,10.538111444282299,10.57282910721833,1.995430545911274,5.035695503904461,9.936662147944194,8.49235565597238,9.17219074680598,11.285120623403735,9.918998597672173,6.5538888104838255,1.2850822534120365,0.33102265418423493,0.5510010317472931,6026.109006114586,1.4966698070424382,0.26844734026946554,0.5050386480492832,0.4871993422919472
130.08510654199517,115.9326574690339,123.7112977222658,160.91933035468344,86.01751762223945,141.49778775713952,28.684840766139324,12.665336602225093,20.198587231731405,30.204800266826272,86.01731854141752,184.73791548959863,120.90648476479433,59.94015231032785,107.89329455155674,35.23971380464231,6.723396272381081,5.668007366766765,1.0553889056143166,1.6468696163060097,0.3726455734365772,0.2832121962607008,0.06450687106219215,16.64008300800921,6.533872816664955,5.445829616464415,4.660380574879838,2.9634751327043785,128.70529904947557,0.2778532123204459,60.790715519790375,46.56181072166562,4.3597989949748746,$C_{a}^{syst}$,[ml/mmHg],4.828735037548993,10.475046293848214,10.624521146256635,10.52893148017569,10.563631213406342,1.9937388481260727,5.031706869208852,9.927428667590569,8.484498898867551,9.163732050363185,11.274881256398734,9.909947310164984,6.547756375206946,1.283654672330844,0.33102265418423493,0.5510009977442999,6021.226233556762,1.496268464927188,0.268436199853543,0.5049033306926177,0.4871791538535739
129.9444455525461,115.88018902749091,123.61048874571007,160.80287199496985,85.947839140799,141.38204259897944,28.661033092437062,12.653902978875218,20.18123709975351,30.177974055905,85.94774464026031,184.63395198471753,120.79954829457016,59.88603691632929,107.80723735787694,35.21595040294292,6.713504794016787,5.659550125965478,1.0539546680513083,1.6442311099194045,0.37184617705843237,0.2827389055456993,0.06439713837759678,16.626960857158007,6.528699893009637,5.441513840428943,4.656747123719427,2.963474484719076,128.56716207666167,0.2778532123204459,60.79119919393457,46.550346627132996,4.384422110552764,$C_{a}^{syst}$,[ml/mmHg],4.824008978178162,10.465828558122746,10.615317100864669,10.519785080112635,10.554466777204173,1.9920538944381823,5.027732009905962,9.918238137318552,8.476678712640254,9.15531129310091,11.264689077381295,9.900929138648452,6.541650760294187,1.2822339458793897,0.33102265418423493,0.5510009647100288,6016.34873985593,1.4958742809815622,0.26842488783087926,0.5047704269751336,0.4871586531107822
129.8044950702077,115.82745036081899,123.50994482787658,160.6866095945713,85.87841143402629,141.2667153350595,28.63728117942158,12.64250833611757,20.163932444874053,30.151202602469123,85.87825166229794,184.53018520678228,120.69299124318763,59.83214195445288,107.72143781442814,35.192244069324644,6.703651752668797,5.651127119783136,1.0525246328856612,1.6416016771109498,0.37105162361390226,0.2822669434976319,0.06428778531767755,16.61386861773858,6.523538678717661,5.437208011735294,4.653121927285622,2.9634738415516004,128.4297148193993,0.2778532123204459,60.79168134569986,46.538863853663734,4.409045226130654,$C_{a}^{syst}$,[ml/mmHg],4.819303146689829,10.456642127541755,10.606137468833222,10.510663313312568,10.54532682411474,1.990373860959478,5.023768174604131,9.909080833993752,8.468886669751214,9.14692096912171,11.254530729585115,9.891930400164007,6.535568829943146,1.2808164984162507,0.33102265418423493,0.5510009312801563,6011.4888003818405,1.4954831217163567,0.2684139019662014,0.5046385430327806,0.4871387446525502
129.66524869699052,115.77445309961114,123.40966526153635,160.5705088499424,85.80916675854581,141.1517991936359,28.613600669268273,12.631148397348904,20.146680766791054,30.124514324224847,85.80896944542364,184.42673276997772,120.58676852221764,59.778399661358314,107.63591622365713,35.16861682063309,6.693837090309765,5.642736908895014,1.0511001814147516,1.6389807894304183,0.3702618564618636,0.28179682856174526,0.06417885494018628,16.600805942801173,6.518389344579504,5.432912074677382,4.649504523544285,2.963473200170028,128.29294961477123,0.2778532123204459,60.79211689029231,46.527403135448395,4.433668341708542,$C_{a}^{syst}$,[ml/mmHg],4.814618857446411,10.447488312106248,10.596983228143255,10.501567231994121,10.53621239402646,1.9886991234175453,5.019816088469387,9.899952714175548,8.46111925290442,9.138557176069797,11.24441038950372,9.8829653020217,6.529505703468907,1.2794036590361804,0.33102265418423493,0.5510008977112352,6006.641673098207,1.495096088926821,0.26840292858616654,0.5045080511748986,0.4871188589729473
129.5267742810224,115.72119220016909,123.30972229776668,160.45466186021187,85.74015870151956,141.03736555005315,28.590009343315643,12.619837020484736,20.12949700535566,30.097928444690773,85.73992253875456,184.32364857672883,120.48101279960518,59.72491167250904,107.55071000761595,35.145078962081165,6.684067753697542,5.634385560021933,1.0496821936756096,1.6363705209402,0.3694772676866017,0.2813288244420038,0.0640704412797887,16.58778519217257,6.513256864018967,5.428630269889836,4.645898058263768,2.9634725759107385,128.15693697642777,0.2778532123204459,60.79251293948127,46.51596428391195,4.458291457286432,$C_{a}^{syst}$,[ml/mmHg],4.809956165942675,10.438373772107758,10.587861236124118,10.492503463494513,10.527130199695629,1.9870307173143018,5.015877091880746,9.890866092746244,8.453386395227891,9.130230698427413,11.234333669814731,9.874029393826206,6.523470304075365,1.2779959491720339,0.33102265418423493,0.551000864573963,6001.811109106369,1.4947130833122246,0.26839208980890106,0.5043789152841637,0.48709921719709703
129.38894038560204,115.66764399434912,123.20999706834239,160.338922455139,85.67131951715444,140.92329687689704,28.56648493878681,12.608559965828185,20.112363678646464,30.071420630271525,85.67106082178583,184.22084977333702,120.37559992382404,59.67160052078235,107.46576890392546,35.12161203539695,6.674333096439045,5.62606369215977,1.0482694042792755,1.6337678429700704,0.36869707254203093,0.2808625250959678,0.06396243599316859,16.574785148595303,6.508132527641978,5.424355110929196,4.642297510024131,2.963471952745413,128.02154271144653,0.2778532123204459,60.79287202029645,46.50454111312287,4.482914572864321,$C_{a}^{syst}$,[ml/mmHg],4.805312133239828,10.429288823267536,10.578760292583684,10.483461172186814,10.518069256147385,1.9853673892732062,5.011949289182081,9.88180981017375,8.445679219755934,9.121931598703213,11.224290430750182,9.865118759977259,6.51745504985571,1.2765924893388758,0.33102265418423493,0.5510008314357526,5996.992366200811,1.4943337330740198,0.26838131791457465,0.5042510126305203,0.48707969680417484
129.25083484759364,115.61282696383545,123.10960031695862,160.2224835334923,85.60293649043027,140.8095168621689,28.543132171920952,12.597339145461515,20.095344659677785,30.045120998545514,85.60289538817509,184.11898017732918,120.27056128731034,59.61842715590536,107.38129900522894,35.09839368144089,6.664614772261463,5.617745160335218,1.0468696119262446,1.631167307182272,0.36791609132797903,0.28040064586421487,0.06385529394320161,16.56169099001161,6.502971301319042,5.420049036382178,4.6386706523103935,2.9634713308975016,127.88586857174172,0.2778532123204459,60.793431010932686,46.49324871652504,4.507537688442211,$C_{a}^{syst}$,[ml/mmHg],4.800670261670488,10.420234039182107,10.569735418363827,10.474481955285901,10.509076743906109,1.983715636567641,5.008049725577764,9.872784794862191,8.437994178294401,9.113660405626277,11.214277583234527,9.856274505450154,6.511455115075515,1.2752028383940999,0.33102265418423493,0.5510007981916085,5992.2055543301185,1.4939425423336774,0.2683699683290698,0.5041191142150275,0.487059128062724
129.1145030069827,115.55895434247248,123.01053942151982,160.10725483678934,85.53441041893011,140.69636745371267,28.51977199050287,12.586145935663,20.07833131042292,30.01879644615625,85.53443576296084,184.016845555218,120.16596864091693,59.56554000122076,107.2970132370747,35.07509766648214,6.6549652318907215,5.609496684469429,1.045468547421293,1.6285844229484863,0.3671459365919318,0.2799381821476958,0.06374821924307374,16.54876791121233,6.49787727385889,5.4157992139866025,4.635091423366837,2.9634707272865746,127.75193439456586,0.2778532123204459,60.793616755649246,46.48185088972981,4.5321608040201005,$C_{a}^{syst}$,[ml/mmHg],4.796073211481842,10.41122174230294,10.56069628541005,10.465501903409615,10.500077769150145,1.9820643843945782,5.004149200009402,9.863801435033727,8.430348372022749,9.105426905042293,11.204316467092216,9.847429914299138,6.505487887530903,1.2738092890484807,0.33102265418423493,0.5510007654529844,5987.408729325108,1.4935735661105622,0.26835947652028475,0.5039947087576311,0.487040115633348
128.97877817836667,115.5048026386466,122.91168098539065,159.9921348933081,85.46614844141335,140.58357524090488,28.496465651861985,12.574987729563802,20.061363395025342,29.992539423250953,85.46613970660479,183.91494943586318,120.06170518530602,59.51283240737908,107.21290210194547,35.05186238671282,6.64534927788021,5.601277183204074,1.0440720946761362,1.6260091297515622,0.3663799691118823,0.2794772164707115,0.06364152120251462,16.535872336572485,6.492794785722094,5.411559219190627,4.631518331659765,2.9634701228078426,127.61858895128607,0.2778532123204459,60.79383618958192,46.47046907756103,4.55678391959799,$C_{a}^{syst}$,[ml/mmHg],4.791489906862574,10.402237774376786,10.551677505158962,10.456542234600645,10.491099139746384,1.9804173738708317,5.00025580825648,9.85484747097276,8.422727017117138,9.097219787048635,11.194387966951812,9.838603727352048,6.499540300128025,1.2724191503650881,0.33102265418423493,0.5510007323635628,5982.630390898935,1.4932062726421798,0.26834905893349276,0.5038708712296346,0.48702123821575966
128.84386835987468,115.45057253118841,122.81323061699871,159.87738391868467,85.39817935818694,140.47135262811298,28.473268819249377,12.563885309777122,20.044477028590382,29.96640859595396,85.39815897269837,183.81352153857736,119.95796818560801,59.46037643109899,107.12918708388378,35.028731376942645,6.635785617354769,5.593102259776215,1.0426833575785546,1.6234465990190603,0.36561936023956354,0.2790187880877625,0.06353542231002393,16.52302467093261,6.487731235100082,5.407334786734712,4.627958649097818,2.963469523724447,127.48603844030772,0.2778532123204459,60.79401796911004,46.45912784755373,4.5814070351758795,$C_{a}^{syst}$,[ml/mmHg],4.786936177535723,10.393299843375539,10.542695393244966,10.447619505949872,10.482157266789029,1.9787783229592344,4.9963804909124185,9.84593912642909,8.415144438127752,9.089054390492498,11.18450795402468,9.829817773300359,6.493622873601653,1.2710353567998034,0.33102265418423493,0.5510006996502755,5977.872555073086,1.492842580467565,0.2683387105000609,0.5037482479628748,0.487002485968489
128.70960720709857,115.39613266541895,122.71503759569988,159.7628017342025,85.33049845375392,140.35950961493177,28.450139478991968,12.552816126220595,20.02764607315311,29.94036207233314,85.33043627123858,183.71242448097203,119.85457228956513,59.40813434042651,107.04575520787952,35.00570572562008,6.626259509514373,5.584959160631992,1.0413003488823809,1.6208926334937162,0.36486312286075184,0.2785622653545018,0.06342974638630343,16.510207219572887,6.482679996078774,5.40312055638164,4.6244066671124715,2.9634689299575254,127.35411306659026,0.2778532123204459,60.79424093732817,46.4478309032804,4.606030150753769,$C_{a}^{syst}$,[ml/mmHg],4.782400264937896,10.384392142125149,10.533738929908118,10.438722621643548,10.47324114947295,1.977144206367291,4.992515178579568,9.837061554246171,8.407586994101397,9.080916220453945,11.174664100572679,9.82107243516847,6.487725710518716,1.2696574605701365,0.33102265418423493,0.5510006675684652,5973.134891762775,1.4924805945627007,0.26832824176736336,0.503626199510751,0.4869835148321702
128.57587606520292,115.34140060316305,122.61699358787976,159.64821459518944,85.2627164460897,140.2478759960767,28.427033905150324,12.541766423304095,20.01082899106873,29.914335924397797,85.26264029068933,183.6113614805345,119.7513817411615,59.355981996944855,106.96244838607409,34.98269000376711,6.616752939115955,5.576833889188973,1.0399190499269824,1.618342249338197,0.36411055114512536,0.27810624601550016,0.06332426208489923,16.49740660165109,6.477635305501038,5.398912323304715,4.620858972845337,2.963468327522441,127.22269116262733,0.2774244264989637,60.79430140423292,46.43647299556048,4.630653266331659,$C_{a}^{syst}$,[ml/mmHg],4.777879222376019,10.375503079602451,10.524797884996348,10.42984102301367,10.464340359920126,1.9755126865827768,4.988656674139916,9.828201946721176,8.400045798861711,9.072794789876735,11.164838574890448,9.81233700217952,6.481841472694557,1.2682800268210535,0.33102265418423493,0.551000632008784,5968.390151226279,1.492125708228734,0.26831820580383486,0.503506548179039,0.4869653321914109
128.44290302274533,115.28655931960162,122.51932076140959,159.53404455232186,85.19539443825182,140.1368485547172,28.40403725256926,12.530772643586388,19.994094453274695,29.888427203595135,85.19515955296283,183.51076784940682,119.64869370554646,59.30410355392531,106.8795445785635,34.95979323860238,6.607301100925523,5.568755606927703,1.0385454939978196,1.615805877203726,0.36336306870184426,0.277652756341017,0.06321939569061696,16.484649170860262,6.472607730990973,5.394717953780798,4.61732348608849,2.963467753186454,127.09202404469607,0.2774244264989637,60.79442724515588,46.42515561968328,4.655276381909547,$C_{a}^{syst}$,[ml/mmHg],4.773377996566782,10.366656298746111,10.51589047945133,10.420993517573248,10.455473425773695,1.9738876701938879,4.98481390785703,9.819386344704064,8.392540780044465,9.064713206636691,11.155063693968854,9.803645562879336,6.475986351157589,1.2669095636774137,0.33102265418423493,0.5510005994736545,5963.677610677628,1.491771062070852,0.26830828675879337,0.5033869730712718,0.4869473590683856
128.310620627067,115.23160124413741,122.42196257684569,159.42000868766982,85.12805780219126,140.02616838044952,28.381111633869363,12.51981232155931,19.977412926363495,29.86261805537197,85.1279303002292,183.4104822792211,119.54635850641017,59.25239498752543,106.79685326075354,34.936962688934464,6.597884209824981,5.560706811587327,1.0371773982376538,1.6132769534549145,0.3626201244261125,0.2772011182078873,0.06311489733587439,16.47193540781177,6.467597935309782,5.390538916029027,4.613798556472956,2.9634671677532487,126.96201672188276,0.2774244264989637,60.79439206741649,46.41388498757221,4.679899497487437,$C_{a}^{syst}$,[ml/mmHg],4.768902072949966,10.357842127399852,10.507013201662087,10.412175841326786,10.446636442567309,1.9722670038928831,4.980981335499396,9.81060274306596,8.385063562778559,9.05665996000469,11.145323085380355,9.794968521187272,6.470151376863772,1.2655429109084626,0.33102265418423493,0.5510005660433213,5958.964046153388,1.4914238618822884,0.26829815672621943,0.5032699123888087,0.4869290038172575
128.17891376817536,115.17640176337062,122.32481153431078,159.30614895789182,85.06097468074825,139.9158831818955,28.3582525542632,12.508889316758827,19.96078214540118,29.83687351285813,85.060836996431,183.31047261661269,119.44437204343913,59.20086976568149,106.71446551856863,34.91420517929323,6.58850277932289,5.552688509515174,1.0358142698077157,1.610756439782657,0.3618811657113158,0.2767510688219983,0.0630108294738211,16.459237740012284,6.462594028314891,5.386364311524475,4.610279400172921,2.9634665974448997,126.83257494614418,0.2774244264989637,60.79436640525366,46.4026063444464,4.704522613065326,$C_{a}^{syst}$,[ml/mmHg],4.764439041109826,10.349057347580192,10.498155848060874,10.403378657105971,10.437819640623553,1.9706519125737925,4.977160675340025,9.801849672624778,8.377611186596573,9.048634664561597,11.135615837314829,9.78632826154715,6.464337121718984,1.2641806260962112,0.33102265418423493,0.5510005332340523,5954.268227652377,1.4910783167271895,0.26828831451686425,0.5031534075709836,0.48691117037976
128.0478503777755,115.12104507658441,122.22793872379754,159.19250948388233,84.99411289982338,139.8060084627986,28.335455192818575,12.498004409728093,19.94419490854688,29.811198297261083,84.99386981951443,183.21065198184306,119.34274895553169,59.14954966473333,106.63225063464955,34.89150006711655,6.5791585692715575,5.544703344924105,1.0344552243474519,1.6082450754527124,0.3611465281749726,0.2763023296347408,0.06290711115690631,16.446582468808675,6.457607684081855,5.382204989735151,4.60676979499167,2.9634660339519745,126.70375914438759,0.2774244264989637,60.79432052624528,46.39133636615063,4.729145728643216,$C_{a}^{syst}$,[ml/mmHg],4.760000177717872,10.340304189455978,10.48932319760755,10.394606184914647,10.429027516083709,1.969040972909538,4.973346821076606,9.79312780001466,8.370187575961948,9.040638267779755,11.125944128489804,9.777701273518396,6.458545258768074,1.2628214212391204,0.33102265418423493,0.5510005003926545,5949.587902987637,1.4907357088805016,0.2682786209120906,0.5030378927247257,0.4868936066680695
127.91752512581814,115.06563904755357,122.13144433753499,159.07918456359727,84.92745262098032,139.69658598340973,28.31275301213596,12.48716199364608,19.92767753205835,29.785620121558836,84.92715232334193,183.11125837508757,119.2415524102012,59.09844251513288,106.5504719056163,34.86890762230832,6.5698588632640025,5.536755866478998,1.0331029967850047,1.6057441886061838,0.3604167327267422,0.2758558390082579,0.0628039157823945,16.433965239548286,6.452635677533938,5.378057321397224,4.603272240617125,2.9634654746686016,126.57566264062044,0.2774244264989637,60.79422200845068,46.38008229367088,4.7537688442211055,$C_{a}^{syst}$,[ml/mmHg],4.755580749168039,10.331588058389542,10.480527056391107,10.38587035247084,10.420271916062738,1.9674373685346775,4.969552771555818,9.78444392192725,8.362793515631429,9.032675530801324,11.116315093147753,9.769118387115086,6.452777796422734,1.2614686273840596,0.33102265418423493,0.5510004676232524,5944.921683468622,1.4903974949715073,0.2682690577768589,0.5029238598226542,0.48687627967729485
127.78766702275693,115.00994066568809,122.03506997478495,158.96586854923794,84.86091150189623,139.58740142596943,28.290097458215325,12.476343561209646,19.911193350016255,29.76011462731107,84.86061461870484,183.0120582621836,119.14059096327199,59.04745439078901,106.46876187480468,34.846353426229165,6.560583167372117,5.528828508401253,1.0317546589708637,1.6032481675621513,0.3596902504871386,0.2754106382244785,0.06270101176367757,16.421369067221214,6.447673121857978,5.37391778995633,4.599778155406905,2.9634649153623807,126.44801879334723,0.2774244264989637,60.7941050803947,46.36886521276827,4.778391959798995,$C_{a}^{syst}$,[ml/mmHg],4.751174721870247,10.322893478376109,10.47174402593621,10.377147589059575,10.411529406154044,1.96583659356375,4.965760363433102,9.77578099881663,8.355419130335925,9.024731918675382,11.106710076513878,9.760541414882868,6.447023971180112,1.2601182108037015,0.33102265418423493,0.5510004345244358,5940.263805132736,1.4900619915038473,0.26825935323520156,0.5028107415004232,0.4868586963397481
127.65853389862703,114.95417243167614,121.93906726812332,158.85291741371512,84.79464054474221,139.47874836748778,28.267529334438724,12.465572497163574,19.894778049742992,29.734694181304487,84.79428897234234,182.91322976982863,119.0400702922245,58.99669962007483,106.38746683471122,34.82390943648062,6.551355214230794,5.520942573515361,1.0304126407154324,1.6007641715614878,0.35896858190004133,0.2749674920903821,0.06259862202158223,16.408812708552915,6.44272578171216,5.369790649055936,4.596296277784824,2.963464391665644,126.3210937373466,0.2774244264989637,60.793950001137,46.3576577151059,4.8030150753768845,$C_{a}^{syst}$,[ml/mmHg],4.746792025840665,10.31423757430634,10.462993929901957,10.368458223630768,10.402820039415936,1.9642424086875065,4.961985646900735,9.767156663297174,8.348075760431511,9.016823342441553,11.097145506374739,9.752002785086871,6.441295822345067,1.2587740251788289,0.33102265418423493,0.5510004042685963,5935.624838131955,1.489729691945481,0.26824988443562015,0.5026986982314182,0.4868415383318962
127.53005837555853,114.89825743278537,121.84337613861517,158.74022585472662,84.72857956133406,139.3705229428069,28.245044891945394,12.45484275627333,19.87842428399429,29.70938011919601,84.72822495112153,182.81475852566925,118.93995746118641,58.946152310465706,106.30643266167165,34.80153396462402,6.542167236183699,5.5130905632363465,1.0290766729473528,1.5982896837463305,0.358251195618038,0.27452635318162544,0.0624966846018513,16.396295625845518,6.437794202174422,5.365676776271833,4.592824647399261,2.9634638478470645,126.1947948656883,0.2774244264989637,60.793758803720564,46.34649064135855,4.827638190954774,$C_{a}^{syst}$,[ml/mmHg],4.7424282729129486,10.30561656647778,10.454273311993232,10.359798312863697,10.394140106521236,1.9626537844859757,4.958221735483529,9.758568768331843,8.340763819146545,9.00894740098116,11.087623449699493,9.743495404223356,6.435591386461907,1.2574341922485393,0.33102265418423493,0.551000372658626,5931.000569293384,1.4894005720270256,0.2682403633624925,0.5025877312824533,0.4868242866483172
127.40218654930163,114.84220683390541,121.74795213617053,158.62773479697606,84.66268217431725,139.26267861201597,28.222631372443633,12.444152124771978,19.86211946275577,29.68414414358029,84.66228527100347,182.7165819430509,118.84020170064058,58.8957953694698,106.22570074548665,34.779248443895575,6.533015006903774,5.5052693374640835,1.0277456694396907,1.5958237543649958,0.3575377649293472,0.2740868185138884,0.062395160933140355,16.383806135207887,6.432873279856342,5.361571576599623,4.589361278751916,2.963463289049691,126.06906657205978,0.2774244264989637,60.793518420097605,46.33530485886115,4.852261306532664,$C_{a}^{syst}$,[ml/mmHg],4.738085086780923,10.2970262116575,10.445578180051895,10.35116415945543,10.385485765333412,1.9610723546002606,4.954472971415274,9.750011712031073,8.33347771468889,9.00109953113743,11.078134747512692,9.735019861873715,6.429907979506163,1.2560992808871276,0.33102265418423493,0.5510003369479353,5926.387752202208,1.4890748005418533,0.26823114329386194,0.5024778967379625,0.4868075848730514
127.27485787952264,114.78598045115292,121.65274333028506,158.51541791647716,84.5969958151437,139.15513691980604,28.20026055637053,12.433488052454802,19.845855511604682,29.658945259233505,84.59647643495025,182.61857453882936,118.74071354201293,58.84557789368751,106.14515623443526,34.75699987287331,6.5238929919943836,5.497474527581003,1.0264184644133798,1.5933646844107932,0.3568282129798585,0.2736485205088751,0.062293944699815834,16.371345155696783,6.427963921378932,5.3574763615983505,4.585904872719496,2.96346277618461,125.943898298129,0.2774244264989637,60.79329709825678,46.324135783330675,4.876884422110553,$C_{a}^{syst}$,[ml/mmHg],4.7337547308119765,10.288460007513239,10.436903204928768,10.342550178681039,10.376851537582342,1.959492512526034,4.950729609284716,9.741478751829801,8.326210818228782,8.993273417423543,11.068672141226532,9.726559226292249,6.424240728527097,1.254766619133094,0.33102265418423493,0.5510003072958299,5921.789707060059,1.4887514276905776,0.26822197968383693,0.5023688637679838,0.486790980208709
127.14812477040168,114.72963361109001,121.55780303321058,158.403225904854,84.53139284715814,139.04796609042626,28.177964906334786,12.422857584642253,19.82963949622104,29.633857126904577,84.53089976475665,182.52089490847248,118.6415715560682,58.795533705997876,106.06482489464899,34.73483990338817,6.514806474052373,5.489709855797163,1.0250966182552095,1.5909139621518427,0.3561225645949716,0.27321199348343034,0.06219313588860606,16.358923089376713,6.423070620448472,5.353394812440909,4.582457656487333,2.9634622473566803,125.81929478058991,0.2774244264989637,60.79297326232398,46.31299874304571,4.901507537688442,$C_{a}^{syst}$,[ml/mmHg],4.72944400736726,10.279923095329092,10.42825504395534,10.333962900782318,10.36824405140031,1.95791928633454,4.946996779790744,9.732975899424796,8.318971670661139,8.98547470042501,11.059242220448942,9.718119087173818,6.418593241143551,1.253438988821201,0.33102265418423493,0.5510002732847882,5917.19749930107,1.4884327649502327,0.2682127654599306,0.5022614228603284,0.48677428753524965
127.02128924125824,114.67242075139407,121.4624518250045,158.2907006575919,84.46619049207348,138.94109889956977,28.155847257328933,12.412285273170026,19.813547476297828,29.60895390060964,84.46598853141882,182.42415033494436,118.54283204049362,58.74564470584082,105.9851504909574,34.71291804707108,6.50574316990892,5.481955426052657,1.0237877438562628,1.5884673513032255,0.355416968230375,0.2727798799647439,0.06209318664349299,16.346423494231647,6.418145369000751,5.349285652685116,4.578992472545784,2.963461723868829,125.69457709754394,0.2774244264989637,60.79280440492833,46.30197721975569,4.926130653266331,$C_{a}^{syst}$,[ml/mmHg],4.725137212732158,10.271421629190424,10.419681413038596,10.325439761580116,10.359704953941296,1.9563568800463604,4.94329855598978,9.724507713184897,8.311754013131893,8.977706318683278,11.049851527237188,9.709760940449472,6.41296316298766,1.2521249344578882,0.33102265418423493,0.5510002431369381,5912.633334445143,1.488105197657037,0.2682031050217228,0.5021509762286724,0.48675678162099695
126.89576634277716,114.61587455604533,121.3680776935174,158.17899029768265,84.40096933288439,138.83472474310457,28.13369111622269,12.40172962920869,19.797439748858753,29.584026084782572,84.40081091480901,182.32705529853615,118.44440803932783,58.695964334849556,105.90533488449242,34.69089866134553,6.496730728045296,5.4742544194392835,1.022476308606013,1.5860344659945895,0.3547193630457696,0.27234677402513774,0.06199318882283503,16.33407136406215,6.413279974460666,5.34522750814553,4.575563881455955,2.963461205014842,125.57115013785284,0.2774244264989637,60.79240585455642,46.29088687721851,4.950753768844221,$C_{a}^{syst}$,[ml/mmHg],4.720862947439396,10.26294774540773,10.411085663546748,10.316905070999173,10.351149920193404,1.9547929171468852,4.939586296943225,9.716068479131911,8.304568846928658,8.969964975031365,11.04049469505248,9.701375561424893,6.4073577405268765,1.2508056458168788,0.33102265418423493,0.5510002112313397,5908.067853301907,1.4877927484765,0.2681939968344561,0.5020456302781424,0.48674027952750415
126.77079972716083,114.55919801968854,121.27394890460873,158.06750952613308,84.3359928332124,138.7287090965183,28.111602775905567,12.391211474466465,19.781381227154228,29.559166018687467,84.33576377835836,182.23024422115475,118.34631944821783,58.646460482447715,105.82582690100585,34.668957184207464,6.487752871375871,5.4665831455664575,1.021169725809414,1.5836098980324542,0.3540255269945608,0.2719152357939447,0.0618935958358983,16.321741716346377,6.408423061410208,5.3411760239089645,4.572142631027205,2.9634606927493095,125.4482697164746,0.2774244264989637,60.79202594939234,46.27978420311417,4.9753768844221105,$C_{a}^{syst}$,[ml/mmHg],4.716604133020798,10.254503333179576,10.402512779989937,10.308393626892878,10.342617905099308,1.953235277726658,4.935888706096411,9.70765786129704,8.297406687851128,8.962250139089305,11.031168288411534,9.693019036230098,6.401772111219227,1.2494908259924535,0.33102265418423493,0.5510001775702389,5903.519498324868,1.4874819813240137,0.2681851617169253,0.5019408507639165,0.4867242745720138
126.6464592250598,114.50247378976616,121.1801337389432,157.95630027490483,84.27116119017515,138.62307066639437,28.089579822865065,12.380724719711454,19.765373717780566,29.53438030898428,84.27091692451506,182.1337189337598,118.24857233873061,58.597134251466315,105.74657326748462,34.647086051572856,6.478810522113379,5.458942339919435,1.019868182193944,1.581193661176924,0.3533357452943911,0.2714853368091399,0.061794412050186855,16.309456235167694,6.403584054475151,5.337139989835445,4.568732190857095,2.9634601584506197,125.32598741712344,0.2774244264989637,60.791584535722265,46.268707089412445,5.0,$C_{a}^{syst}$,[ml/mmHg],4.712367148354695,10.246089184752112,10.393970637794961,10.299912608046181,10.334116426937584,1.9516821348645652,4.932200691441083,9.699278498009138,8.290270353682404,8.95456279178807,11.021877310751105,9.684687740680447,6.396206493322614,1.2481800103247067,0.33102265418423493,0.5510001457444753,5898.9812833122605,1.4871752761813697,0.268176390258559,0.5018374456429023,0.48670838352722506
