STK_syst_list,DTK_syst_list,MAP_syst_list,Plvmax_list,SV_lv_list,EDV_lv_list,STK_pulm_list,DTK_pulm_list,MAP_pulm_list,Prvmax_list,SV_rv_list,EDV_rv_list,maxVla_list,minVla_list,maxVra_list,minVra_list,Eout_total_list,Eout_lv_list,Eout_rv_list,SW_lv_list,PE_lv_list,SW_rv_list,PE_rv_list,Ein_total_list,Ein_LAD_list,Ein_LCX_list,Ein_RCA_list,Ees_lv_list,Pes_lv_list,LVET_list,EF_lv_list,EF_rv_list,var,var_name,var_unit,Plvmin_list,EDP_lv_list,Pv_syst_max_list,Pv_syst_min_list,Pv_syst_mean_list,Prvmin_list,EDP_rv_list,Pv_pulm_max_list,Pv_pulm_min_list,Pv_pulm_mean_list,Plamax_list,Pramax_list,Plamin_list,Pramin_list,RVET_list,Ees_rv_list,CO_list,Ea_lv_list,Ea_rv_list,VAC_lv_list,VAC_rv_list
268.51941237421323,22.418978541893726,129.0633144687797,374.8411926812473,89.14622173069844,212.8379572554789,34.33074443982832,17.81759674035626,25.451852152935988,35.98330476499524,89.14794541965277,197.29346884183892,179.05583711456705,93.57787962044749,141.62538552342778,35.6273950265574,15.021048605116913,13.701657020693675,1.319391584423238,3.469133803393439,1.816092627782852,0.35678646372752587,0.09825076571281478,16.298238510182312,6.581138757982003,5.505225511132996,4.211874241067315,2.1161111141719955,240.09661258354006,0.3726148788680054,41.88455051919722,45.18545187682749,0.1,$C_{a}^{syst}$,[ml/mmHg],10.1025076271576,16.157530741697673,11.623338507677726,11.255078014010342,11.442503486891232,2.505485314278018,5.5613526154093895,15.582536420672128,13.09706332401559,14.015700288253512,17.749920985227362,10.523344248212371,10.304228001496147,1.2852972780579275,0.3190166511827342,0.5548883496316157,6240.235521148891,2.693289832392978,0.3207799664458916,1.2727544477014974,0.5780982186035333
259.1087854596149,28.359106920662644,129.9048720965711,365.5745327119657,89.8167543724092,210.1754336423646,34.29849865622701,17.661900956902166,25.363107472512638,35.982113771244656,89.81906455990281,197.84854751148353,177.0377444812934,92.30839177019257,140.98105090198007,35.887566860671804,14.694512101288783,13.371665455930202,1.3228466453585814,3.4401370580080517,1.710946460662763,0.35896135683990454,0.09748036891561632,16.66840632793775,6.720355577954149,5.620805702037874,4.32724504794573,2.116080438394878,233.0408722278619,0.36918459229614803,42.73418297080418,45.39788928937653,0.12462311557788945,$C_{a}^{syst}$,[ml/mmHg],9.857516659279456,15.945233534277902,11.668219071447853,11.329030162714309,11.50442911056987,2.4984387098156353,5.579715543704078,15.370421346617901,12.928736927828828,13.84086117231115,17.502623893136832,10.604864680318576,10.163247467683592,1.3018972952112238,0.3198742228256985,0.5529670803247111,6287.172806068645,2.594625845213682,0.31658292986663983,1.2261470774626118,0.5725167756473627
250.51083543992277,34.33420170489855,130.5917651144426,358.1317658177461,90.36821791925924,207.87291655649844,34.26418965507151,17.526142920366652,25.28257925564686,35.97343990362339,90.3700326281782,198.29063159826717,175.28925765347503,91.21236402075778,140.46521251848486,36.099263079082974,14.437478688584502,13.111468181138974,1.3260105074455275,3.4218388696270963,1.6234733991285843,0.3606522834962741,0.0970755650588184,16.985417032263353,6.840049580006317,5.720040034210568,4.425327418046467,2.116080438394878,227.00555025693765,0.36575430572429063,43.472819555450734,45.574534661458976,0.1492462311557789,$C_{a}^{syst}$,[ml/mmHg],9.64755820926996,15.761832487045067,11.703812685422328,11.390603801929695,11.554995587892543,2.492261582864094,5.59431044692285,15.187268882268388,12.783186312642174,13.689625839352445,17.28925317028027,10.670082302440608,10.041530063714664,1.3154930445438828,0.3203030086471807,0.5529670803247111,6325.7752543481465,2.512006493917574,0.3139987825203263,1.187103499630203,0.5678435366097042
242.69125384728486,40.10823098393984,131.14718572014704,352.1879560669651,90.81772674724144,205.8862353458201,34.22881901289769,17.407877675250408,25.209637576611723,35.959111305128424,90.82000666263575,198.63906868874363,173.77581208379925,90.26722656548789,140.04913676748558,36.2704816104238,14.232551688729277,12.904294433810055,1.3282572549192233,3.4104781360971526,1.5506171621996179,0.3619443036940044,0.09669685684226527,17.254335992253974,6.94192207392258,5.804377924523706,4.508035993807687,2.1161086623018313,221.85492631165693,0.3627528049739155,44.11063546559972,45.721119849260695,0.17386934673366836,$C_{a}^{syst}$,[ml/mmHg],9.468066220003966,15.603605337081323,11.731565710121576,11.441439497784325,11.595871423914414,2.4868110722592607,5.605744339838828,15.0293155850342,12.657462336098686,13.558946636945503,17.105389545300362,10.721927995104133,9.93655104683152,1.3265392752145488,0.32073179446866285,0.5529670803247111,6357.2408723069,2.4428592771223014,0.3118330115520141,1.1544110756888268,0.563926900257608
235.59871990777387,45.55303475509824,131.59210505364123,347.4411119996527,91.18118091630143,204.16789927633582,34.19231000026682,17.304390362484412,25.143000550479915,35.93966962928569,91.18329585216414,198.9067543858393,172.46130779565374,89.45027648595926,139.70680047140766,36.40729881652629,14.029759216048786,12.700050765191241,1.3297084508575452,3.4034961645856074,1.4745732521587993,0.36289197673368256,0.0963391008506854,17.481145185427046,7.028085933136109,5.875613292144763,4.577445960146174,2.094650025173655,215.24680440877745,0.36060887586650464,44.65990062075827,45.84223202158675,0.19849246231155782,$C_{a}^{syst}$,[ml/mmHg],9.314274276676194,15.466747688077817,11.752592632081829,11.4829281400773,11.628403071224747,2.481906605747486,5.614443438704241,14.892714551241237,12.548584315132038,13.44570366111053,16.94652936426796,10.762488476917419,9.8457790283324,1.3354082756943668,0.32116058029014505,0.5529670803247111,6382.6826641411,2.3606494481175937,0.3100155286257678,1.1269899122751479,0.5606401170278016
229.1746352021207,50.60956676240953,131.9457898257113,343.6363468181256,91.4732587498503,202.6759352112529,34.15525692490538,17.213489116834612,25.081913638451276,35.91638536694939,91.47500595391429,199.10846755115244,171.31532773293281,88.74114602523724,139.420772214484,36.51592612505781,13.859100795972555,12.528578533784883,1.3305222621876727,3.3992416825979146,1.4091235750382167,0.36356078912609263,0.0960011060721483,17.671862035137224,7.100711015814439,5.935569564182926,4.635581455139863,2.0730220401560078,209.32654299295345,0.3584649467590938,45.13276756537772,45.94229822516899,0.22311557788944725,$C_{a}^{syst}$,[ml/mmHg],9.182190454529874,15.347906976928606,11.768101721689522,11.516582772186938,11.654019342801448,2.477450088369693,5.620912770084948,14.77411166781459,12.453893394152457,13.34716583288612,16.80873838073728,10.793991042913854,9.766966400598642,1.342482005250424,0.3215893661116272,0.5529670803247111,6403.128112489521,2.288390572871069,0.3084843324454466,1.1038910964491497,0.5578710621693784
223.35550580817883,55.26592371647671,132.2241310911409,340.5653651027372,91.70623140483252,201.3730395616758,34.11787877150607,17.132997035134558,25.025550332876445,35.89001166414052,91.70794194941834,199.25597241978812,170.30997493517475,88.12216385798641,139.1764680985234,36.601518684952076,13.71293943898151,12.382121626015994,1.3308178129655157,3.3966190647718135,1.3522108645029811,0.36400160927125097,0.09568042851960905,17.83205751019771,7.161841369568923,5.985963194686438,4.684252945942353,2.051213162812601,203.97428003934712,0.35674980347316515,45.540471358255026,46.02519103227182,0.2477386934673367,$C_{a}^{syst}$,[ml/mmHg],9.068185152125688,15.244139930351015,11.7790617265823,11.543665452123617,11.67388595852371,2.473346577256512,5.625528212569139,14.670542192148726,12.37107730166956,13.260922871128212,16.688541916646887,10.818104595737116,9.698146383756411,1.3480821323440861,0.32201815193310934,0.5529670803247111,6419.436198338277,2.2242139592337296,0.3071864451023821,1.0843407206805906,0.5555239290592078
218.07876774613484,59.53212898117268,132.43960996291952,338.06112687646043,91.88981445392915,200.22610455027404,34.08022421905109,17.061111604624173,24.97306691127864,35.86111368156288,91.89206955167175,199.35865753170464,169.42047620260598,87.57730975279723,138.96302252916382,36.66821694345293,13.585379821747393,12.254695258812635,1.3306845629347575,3.3948669869863877,1.302163606026879,0.36425392934007067,0.09537394177161941,17.96645479995767,7.213213782496301,6.028247405904722,4.724993611556651,2.0292299311866606,199.08851506840819,0.35503466018723645,45.893024119068784,46.09384447578248,0.2723618090452261,$C_{a}^{syst}$,[ml/mmHg],8.96915341129947,15.152805004691091,11.786258124307354,11.56523152148571,11.688961481324004,2.469512601980317,5.628605478778483,14.57937269314158,12.298035414908725,13.184810162222675,16.58285802052976,10.836234300455521,9.637552322751887,1.352470906634972,0.32201815193310934,0.5529670826900155,6432.287011775041,2.166600468741019,0.3060795217494356,1.0676958955922884,0.553522137810541
213.28789139344332,63.42961265902522,132.60434296805684,336.00091781435975,92.03342340821095,199.21100441938242,34.04243500162023,16.996635104211055,24.923933230335287,35.83016337342953,92.03563817152907,199.4241502844302,168.62913586762602,87.09522808204353,138.77262286977498,36.719341573158125,13.472432870294195,12.142233165629177,1.330199704665018,3.3936055160639595,1.2577087789072507,0.36435075491553487,0.09508001933853755,18.079412960523065,7.256457172778305,6.0637862557932,4.759169531951559,2.0070817482362107,194.58993723611368,0.3537483027227899,46.198965602553066,46.15069841855289,0.2969849246231156,$C_{a}^{syst}$,[ml/mmHg],8.882561932867494,15.0719569322099,11.790357999453576,11.58217434350563,11.70005633948155,2.465897959770658,5.630406021061287,14.498651353895143,12.233270398924207,13.11725989824478,16.489403297513977,10.849474080953867,9.583915560617024,1.3558609143980174,0.32244693775459154,0.552967619840632,6442.3396385747665,2.114339878165968,0.3051309450870614,1.0534398412142476,0.5518061711732807
208.92725081931633,66.98750978516162,132.72660706518866,334.284786497943,92.14352606104586,198.3047611774888,34.00455285840935,16.938144976148408,24.87755748204063,35.79750953772281,92.14552383980157,199.45892568056448,167.91890511892254,86.66477679103564,138.5992152257348,36.757727896231714,13.370739707845313,12.041314984117497,1.3294247237278174,3.392499902551592,1.2177907413986109,0.36431923958736184,0.09479650176540946,18.174320015056885,7.292832889637452,6.0936316165540765,4.787855508865361,1.9847782630528785,190.41016634476128,0.3524619452583434,46.465614599426885,46.197743984329676,0.3216080402010051,$C_{a}^{syst}$,[ml/mmHg],8.806380004750498,14.99977734804817,11.791914554005292,11.595253726387233,11.707849168338377,2.462450960836978,5.631150616401015,14.426560822318235,12.175325977505143,13.056773653565667,16.406044573606934,10.858725720703962,9.53601145006771,1.3584342607145465,0.32244693775459154,0.5529680769598567,6450.04682427321,2.066451920003723,0.30431246592033234,1.0411500158336167,0.5503255587436455
204.94832921013744,70.23678351673699,132.81340020244951,332.8369386551617,92.22567919111846,197.489071918072,33.966566308445934,16.88463274901751,24.833471568580222,35.76346299884267,92.22750491043116,199.46813634412163,167.27578430250784,86.27737509786583,138.43809831221125,36.78561708063312,13.277821475143124,11.949413044928452,1.3284084302146724,3.3913489512409565,1.18158318084378,0.3641808562978374,0.09452175761056594,18.25406456474994,7.323426439877318,6.1186886145518296,4.81194951032079,1.9623293552719516,186.4944455574015,0.35160437361537905,46.699130384985615,46.23671058485283,0.3462311557788945,$C_{a}^{syst}$,[ml/mmHg],8.738834313159614,14.934810042188147,11.791351244887245,11.605067470787398,11.71286846543392,2.4591347676007103,5.631003058912699,14.361652578465787,12.12306050049038,13.002167454112863,16.331090693807436,10.864689548128474,9.49288082095568,1.3603334044174151,0.3228757235760737,0.5529684741558447,6455.797543378292,2.0221531269065602,0.30360115664875764,1.0304861013641198,0.549038816565866
201.30880407734506,73.20696381845319,132.87132260875916,331.6020666530544,92.28494152203882,196.75046200387138,33.928689598235486,16.835565300711433,24.79145693350293,35.72844441649038,92.28657339985489,199.45672909879968,166.6904064575346,85.92660181404217,138.28689970350538,36.80500798833269,13.224929773604407,11.897725704478335,1.3272040691260727,3.3900796238984126,1.1618413941822119,0.3639575842353761,0.09425545199473477,18.32112957624137,7.349172972368693,6.139734541562107,4.8322220623105725,1.9623606592375207,184.93139176313275,0.3498892303294504,46.904561535526646,46.26896962405379,0.37085427135678395,$C_{a}^{syst}$,[ml/mmHg],8.678561014352505,14.875980227973491,11.789086857687336,11.612181001522252,11.715620604836465,2.4559357666848953,5.630142259353218,14.302854579678097,12.075635754521477,12.952573542309038,16.263280877358838,10.86801296971698,9.453812360698432,1.3616858239379208,0.3228757235760737,0.5529688112493111,6459.945906542717,2.0039173099434513,0.3029792168326746,1.021176867009797,0.5479137533058327
197.9700569755229,75.92477967486134,132.90442688593933,330.53299966835533,92.32458198265873,196.0755514322882,33.89095272485536,16.789985478288393,24.751182891439232,35.69265511389689,92.32690513226001,199.42849227140377,166.15238006701182,85.60609728048439,138.14297197671135,36.81745349415163,13.144275016391937,11.818426862516857,1.3258481538750801,3.3885758719434875,1.1311098445267795,0.3636655434593035,0.09399630770942825,18.377356384964084,7.370760922250509,6.157339348792535,4.849256113921044,1.9397637355505306,181.41559187740302,0.3490316586864861,47.08622839933293,46.29574444488685,0.3954773869346734,$C_{a}^{syst}$,[ml/mmHg],8.624354148349827,14.82224742939219,11.785416823206381,11.617019914498227,11.716476951324383,2.45282993963454,5.628700205155172,14.249128277748435,12.032212407293086,12.907129077656988,16.20140536247409,10.869201390550057,9.41810023329701,1.3625908195361343,0.3228757235760737,0.5529690986193321,6462.720738786111,1.964976044099265,0.30243033565651656,1.01299761825972,0.5469208612409494
194.899265192768,78.41672351262768,132.91733863866597,329.59855068662574,92.34825512490136,195.45585986695409,33.853239338793834,16.747412123220204,24.712343178242826,35.65605586936761,92.35046541853282,199.3850538829522,165.6556641857586,85.31158962129733,138.0039439583611,36.82375743942989,13.068227074464184,11.74387447971191,1.3243525947522747,3.3868467166811476,1.1025331531204419,0.3633108431021971,0.09374305720360569,18.424566919186045,7.388892230790278,6.172090682137969,4.863584006257799,1.9170384824373343,178.05699728841256,0.3486028728650039,47.24762674690971,46.31764699511861,0.4201005025125628,$C_{a}^{syst}$,[ml/mmHg],8.575394835675684,14.77288755761449,11.78051460173446,11.619858421933603,11.715671226809437,2.4497933047965663,5.626719009180888,14.199750444838342,11.992236433823685,12.865258010911116,16.144615220323928,10.868482290078987,9.385285811457878,1.3631038353663336,0.3228757235760737,0.5529693560879423,6464.377858743095,1.928103536418634,0.30194566668132716,1.0057719519366306,0.5460441222592936
192.06692778737553,80.70500832105958,132.91320468377114,328.7708105499124,92.35828386910767,194.8829153487963,33.81569669128476,16.707541463773705,24.67482179245608,35.6190446092549,92.3602659026785,199.32967161195717,165.19377030775556,85.03946559996777,137.86912170766752,36.8252758815435,12.995881925003243,11.67312980428458,1.3227521207186637,3.384863333347838,1.075758538312561,0.3629078697875387,0.09349543131760919,18.464048024843557,7.4040476094525545,6.184384712639032,4.875615702751964,1.8942120016174049,174.83142358276865,0.3477453012220395,47.39167807696598,46.33543273099844,0.44472361809045224,$C_{a}^{syst}$,[ml/mmHg],8.530745071004858,14.72726928130277,11.774641250292081,11.6210528085546,11.71351895316993,2.4468227334203503,5.624334552552951,14.15409435537599,11.955219869989179,12.826439196567607,16.092167196523476,10.866293333305679,9.354942180184693,1.363308225622851,0.3233045093975559,0.5529695722339742,6465.079870837537,1.892969599029621,0.30151466380678105,0.9993441058409919,0.5452644755635907
189.44754425160443,82.81035563779291,132.89438593549173,328.02877705202275,92.3567931712731,194.34973340592902,33.778231574173326,16.669946383253436,24.638382963985656,35.581559225660236,92.3589649195775,199.26382314595764,164.7615558530046,84.78607107822596,137.73702211459795,36.822609748689395,12.926558567324195,11.605499197468042,1.3210593698561532,3.382610359425545,1.050519395642765,0.3624626697064298,0.09325252129200645,18.496933390099365,7.416662489171866,6.194584144327797,4.8856867565997,1.8712842220292318,171.7195400239417,0.3473165154005574,47.520926091713164,46.35009178355772,0.4693467336683418,$C_{a}^{syst}$,[ml/mmHg],8.489882500598998,14.684807079123008,11.768389678004958,11.620816120099745,11.710199669750487,2.4439025540537482,5.6215751776474185,14.111575620720172,11.920678375988667,12.790197511116892,16.043393160576304,10.86280441529168,9.326685471260296,1.363246170917215,0.3233045093975559,0.5529697650205014,6464.975521989117,1.8593060036795843,0.3011270213328679,0.9935989315740298,0.5445632661700835
187.0183196773452,84.75173955387923,132.86317877554848,327.35561780974456,92.3453476504588,193.85070495516695,33.74086880593484,16.63430817779147,24.602895149157703,35.54370759424841,92.3474806602843,199.18912195321093,164.35506368131178,84.54897227910465,137.60694524017748,36.816471691624436,12.89121139863729,11.571922338254474,1.3192890603828165,3.380090486370985,1.039390138935712,0.36198191251927464,0.09301364048187025,18.524147516257894,7.427085844548657,6.202977665529105,4.894084006180128,1.87129929921768,170.8082033553594,0.34645894375759306,47.63735456717379,46.36170878948727,0.4939698492462312,$C_{a}^{syst}$,[ml/mmHg],8.45226628768954,14.64506743638385,11.765270618607243,11.61935593578777,11.705892078527773,2.4410227341181714,5.618511891402188,14.071766796507767,11.888291329132679,12.756182030968965,15.99778531799185,10.858254635095568,9.300230477705234,1.362961276367268,0.3233045093975559,0.5529699258229808,6464.174335532116,1.849667662759736,0.3007785258618793,0.98844031178391,0.5439328828131711
184.75986965657887,86.5439688135225,132.8214202388964,326.73850508112054,92.32548883843269,193.38134347071158,33.70365944007832,16.600231509051255,24.568259327673527,35.50558462275328,92.32727700172559,199.10702182108744,163.97064393180776,84.32592112932572,137.47840742985966,36.807399589351554,12.82624589893151,11.508790119225601,1.3174557797059099,3.377316486889148,1.0165006347472756,0.3614715899364207,0.09277872701720119,18.54650211254505,7.435631396421137,6.209825141144567,4.901045574979344,1.848263278032081,167.87404131202902,0.34603015793611086,47.74270732709837,46.37067852116665,0.5185929648241207,$C_{a}^{syst}$,[ml/mmHg],8.417408575243993,14.607687056860767,11.761150196335302,11.616843579629894,11.700742716086749,2.4381810647203124,5.61518644881578,14.034306051930564,11.857775208624874,12.724098269674425,15.954919419970315,10.852795380942284,9.275335925432513,1.362489044851249,0.3233045093975559,0.5529700727043486,6462.784218690288,1.818284889948478,0.3004642405685271,0.983780239298201,0.5433643797377323
182.65434747819114,88.20234081427364,132.77034361439553,326.16648841905067,92.29833795969996,192.9373435210855,33.66653792237917,16.567568560949436,24.53433808922465,35.46721347117969,92.30043702520572,199.01842365877457,163.60507818659687,84.11484063911507,137.3507074894673,36.79579077883322,12.794021834093769,11.478454049787391,1.315567784306377,3.3742863078150918,1.0071990782773443,0.36093584613697544,0.09254699301195833,18.564598699643966,7.442525356596331,6.215312825342422,4.906760517705212,1.8482977388974482,167.10576270240782,0.3451725862931465,47.83850356559562,46.37783544274207,0.5432160804020101,$C_{a}^{syst}$,[ml/mmHg],8.384902541848579,14.57232906781378,11.756146818540346,11.613396774997797,11.694847302243044,2.4353665270775515,5.611632226909678,13.998854768528934,11.828838295595752,12.693661961411177,15.91440215621281,10.846553579151495,9.251774149866836,1.3618554534885967,0.3233045093975559,0.5529701997872533,6460.883657178997,1.8104959027038046,0.3001760673511893,0.9795477560794976,0.5428431178871437
180.68768878132926,89.73965399698761,132.71150618678513,325.6317515123852,92.26491323720995,192.51577480170192,33.629547216260804,16.536206507524234,24.50107528336797,35.42866542445936,92.26697002394312,198.92437310497476,163.25646033503884,83.91448021510796,137.22373702018655,36.782072798672615,12.732090751545023,11.418456258515736,1.3136344930292871,3.3710246781385296,0.9860713619085179,0.36037857728671185,0.0923183710991773,18.579045708116496,7.44800432482236,6.219637425727108,4.911403957567032,1.8251605872574994,164.30565648561472,0.34474380047166436,47.925897673708086,46.38293869361736,0.5678391959798995,$C_{a}^{syst}$,[ml/mmHg],8.354509438663914,14.538758057076272,11.750404255744499,11.60915732968486,11.68832896247826,2.4325798813652413,5.6078853670841,13.965180900682586,11.801321589006164,12.664689731486636,15.875961486442623,10.839665983688294,9.22939569295948,1.3610868650737,0.3233045093975559,0.5529703112363639,6458.543926604697,1.7808032405903906,0.29991384590782305,0.9756967430828865,0.5423688031953431
178.84586456954463,91.16702348736226,132.64579824044878,325.12728654592667,92.22603806551477,192.11367565528838,33.59262673882393,16.50596269183974,24.468360399972443,35.38992432284753,92.22789378431749,198.82536916794763,162.92247477771295,83.72326012442933,137.09702268011796,36.766468433972946,12.671407039834877,11.359747410223491,1.3116596296113856,3.367538678846455,0.9656919757159393,0.3598018865068157,0.09209227187179637,18.590290298537425,7.45223859670585,6.222939831881899,4.915111869949678,1.8019855795869246,161.5633196165095,0.34474380047166436,48.00597237595773,46.386381260236796,0.592462311557789,$C_{a}^{syst}$,[ml/mmHg],8.32595156745395,14.506733056599991,11.74400907713679,11.604212931542339,11.681258371112378,2.4298126760201506,5.603967036505393,13.933043912749936,11.775021261598432,12.636979818959407,15.839324271040448,10.832203726836877,9.208037008100998,1.3601986823051062,0.32373329521903804,0.5529704089140515,6455.822664586034,1.7518189331925922,0.29967329944392707,0.9721603508026783,0.5419336995490214
177.1170673190787,92.49463208643456,132.57405508833,324.6471084464356,92.18227339804513,191.72846434933416,33.555769046354456,16.47668812596018,24.436121601826056,35.35104071038551,92.18368988321703,198.72204513104006,162.60112457933093,83.5401167709951,136.9702717393081,36.74925539054879,12.642224543930793,11.332575968124836,1.3096485758059566,3.3638336138188953,0.9583517390773798,0.35920822941499303,0.09186842741669664,18.598737348678746,7.455386230093835,6.225351242971692,4.9179998756132175,1.80198990611941,160.94831918524594,0.3438862288287,48.079597211025835,46.38825542602977,0.6170854271356784,$C_{a}^{syst}$,[ml/mmHg],8.298992791949964,14.47605872950944,11.737044592154215,11.598648569068567,11.673705818865855,2.4270610525471055,5.5998918813247425,13.902248945115911,11.749794576815926,12.610375139769012,15.804249770722047,10.824221862607619,9.187572551841798,1.3592075007069422,0.32373329521903804,0.5529704977894246,6452.759137863159,1.7459790614000967,0.2994524253870406,0.9689172261569806,0.5415341805469599
175.4908092890511,93.73068578526461,132.49689272451616,324.1868586348859,92.13432013387522,191.35808904584684,33.51916201627382,16.44830835390362,24.40442751234775,35.31223242734606,92.13630062437302,198.6160628707307,162.291060702747,83.3641217390662,136.84410360767558,36.73094753244875,12.583363427178513,11.275740865793082,1.3076225613854309,3.359922660037631,0.939158992723785,0.358605509816279,0.091647563917636,18.604643910389097,7.457539358310915,6.2269431558263895,4.920161396251792,1.778750902687987,158.29781796700905,0.3438862288287,48.14759626482321,46.38914863816425,0.6417085427135678,$C_{a}^{syst}$,[ml/mmHg],8.273438713950236,14.446585925054636,11.729631097045921,11.592588073186661,11.665781309480746,2.424336362617083,5.595725692756702,13.87265083602737,11.725498476767143,12.584751378933943,15.770573392037646,10.815914974218746,9.16789391573601,1.3581434573528735,0.32373329521903804,0.5529705739803455,6449.402409371265,1.7181199984652338,0.2992461030457305,0.9659137745869137,0.5411609896196153
173.95917189148486,94.88439306278663,132.41597665057495,323.7459639043653,92.08322747490232,191.00240401722323,33.48268834039255,16.420781719671826,24.373190340702532,35.273400626311506,92.08513971876756,198.5067986714037,161.99193331917377,83.1948725058595,136.71796898081087,36.71131152009452,12.555569751507825,11.24999706996859,1.3055726815392354,3.355874321382564,0.932742373726619,0.35799076887784004,0.09142902036575162,18.60851461427349,7.45890127562973,6.227888399535387,4.92172493910837,1.778750902687987,157.7561217784051,0.34302865718573566,48.21050706073778,46.38890976787138,0.6663316582914574,$C_{a}^{syst}$,[ml/mmHg],8.249139641634848,14.418261589834643,11.721786561255616,11.586041622341359,11.657487351609365,2.421628217755883,5.5914418104835235,13.844197141654258,11.702127467101494,12.56007712809325,15.738230202778032,10.807219609993991,9.148979718172876,1.3569982424069487,0.32373329521903804,0.5529706401229104,6445.825923243162,1.7131906222705129,0.2990551731831836,0.9631425174157878,0.5408156446004289
172.5131631855997,95.96256946533231,132.33127209996795,323.31975081489236,92.02910211908983,190.65897783616757,33.44637906783882,16.393973390427632,24.342361929980754,35.23455526076771,92.03091349856884,198.39501992518396,161.70203231167847,83.03149127550624,136.59200004152297,36.6907375910622,12.528206981486647,11.224701027969992,1.303505953516656,3.3516673080730235,0.9266664431342909,0.3573669584877503,0.09121269741332946,18.610479851753563,7.459517929530489,6.228222635556872,4.922739286666205,1.7787837450354056,157.24291826695804,0.3425998713642535,48.26895809657075,46.3877135289355,0.6909547738693468,$C_{a}^{syst}$,[ml/mmHg],8.225975104321854,14.390912257847368,11.71358294813638,11.579087650286175,11.648890193302307,2.418938672265285,5.587074696225798,13.816712085538505,11.67952513327243,12.536203699706226,15.707015989583224,10.798242737547659,9.130712026151095,1.3557923650156711,0.32373329521903804,0.5529706981222708,6442.037148336288,1.7086216712565399,0.29887719392894463,0.9605561530598149,0.5404937276854731
171.14556143742595,96.97102115111194,132.24303671799106,322.90487168098446,91.97211724765101,190.32611648856596,33.410172180623334,16.367778381426493,24.311870999214314,35.195705765677594,91.97395005738048,198.2809254227561,161.42018676137985,82.87319436028265,136.4657515040555,36.669296509738516,12.471465371593318,11.170042157833825,1.3014232137594939,3.3472988351499438,0.9088158631564897,0.3567348487304034,0.09099816499296809,18.61074264898247,7.459468719811994,6.228011441072683,4.923262488097797,1.7554671758838079,154.69707677348512,0.3425998713642535,48.32343503061827,46.38567722098442,0.7155778894472362,$C_{a}^{syst}$,[ml/mmHg],8.203796531522842,14.364405621280332,11.705044375550418,11.571753664691245,11.640008140906676,2.4162603921805665,5.582618643222042,13.79006583096504,11.657597955150637,12.51302571406102,15.676785797062152,10.788986563677668,9.113004846414391,1.3545313593440702,0.32373329521903804,0.5529707485891716,6438.048207335571,1.6819997342992137,0.29871041055542674,0.9581493504442166,0.540192064982723
169.8496113723672,97.91559681088707,132.15174473542422,322.4995741611136,91.9127294867755,190.0028840042615,33.374039977134274,16.3420537874536,24.281680077749172,35.15680385217811,91.91466045911106,198.16459855279732,161.14571938844838,82.71946431843325,136.3392852709665,36.64705409714986,12.44489945384138,11.145574646515833,1.2993248073255472,3.3427863103449593,0.9033822451492822,0.3560947758066086,0.09078522717125617,18.609488507751756,7.45882431690249,6.227313936130431,4.923350254718834,1.7554838808423268,154.23466674942122,0.34217108554277137,48.37438650916164,46.382987239076456,0.7402010050251256,$C_{a}^{syst}$,[ml/mmHg],8.182512697007787,14.338670680049987,11.696219721185793,11.564090533011532,11.630884007313089,2.413592102330904,5.578093944908855,13.764187909021922,11.636267073892975,12.49047394435122,15.64744000635608,10.779498820676755,9.095804479274529,1.3532196671340766,0.32373329521903804,0.5529707921977539,6433.891064074285,1.6780555599930547,0.2985531807068691,0.9558934595217587,0.5399076857572981
168.61982209062333,98.80188575165053,132.05810771381414,322.1034665284113,91.85133935223332,189.68888701300938,33.33813276534652,16.31689292482989,24.25185898641299,35.118034319286714,91.85294789372759,198.04702438607188,160.87826567958686,82.57000498305995,136.21300813829777,36.62425152355905,12.389249548150799,11.092026760930075,1.2972227872207236,3.3381596718249402,0.8862414505043589,0.355451004270756,0.09057451898970079,18.606940691673024,7.4576746667528555,6.226202674622893,4.923063350297271,1.7321455824213774,151.74557149693786,0.3421710855427713,48.42209830981501,46.37936276925318,0.7648241206030151,$C_{a}^{syst}$,[ml/mmHg],8.162054530119415,14.313662305755923,11.687165855328933,11.556154851582553,11.621567985443626,2.4109420874672125,5.573516380562864,13.739035632197133,11.61552985482049,12.468530601495006,15.618946735825158,10.769840779365332,9.079086019315131,1.3518724309267773,0.32373329521903804,0.5529708314299984,6429.593754656333,1.6520779399309677,0.2984068800032471,0.9537754543827185,0.5396430752623215
167.45074022280963,99.63420907439456,131.9621283469128,321.71394764675347,91.78808729305327,189.38276222377917,33.30234091727719,16.29220720395726,24.222317981092743,35.07929181205055,91.78965607979197,197.9279284288741,160.6168056691519,82.42436612707243,136.08657759664752,36.60088193316168,12.363383952335829,11.06827111411639,1.2951128382194377,3.333411159054132,0.8813331962777343,0.35480239701484256,0.09036542339956304,18.60318202394627,7.456047912985686,6.224701130824358,4.922432980136229,1.7321455824213772,151.32478326601748,0.34174229972128917,48.46697039120925,46.375292667591786,0.7894472361809045,$C_{a}^{syst}$,[ml/mmHg],8.142323442075167,14.289291442102861,11.677891363547658,11.547958338965568,11.612064960868059,2.408303051050333,5.568891375515968,13.71451409696971,11.59528565422032,12.447105787635461,15.591182811035104,10.7600050043559,9.062786573178725,1.3504888470673477,0.32373329521903804,0.5529708647990543,6425.166110513728,1.6486320581327778,0.29826776989066917,0.9517860824539613,0.5393914740861755
166.33805110306832,100.41645413029286,131.86422399246564,321.33089596177706,91.72327196069763,189.0840693401673,33.26669842985159,16.267976134345293,24.19306129551882,35.04062726056507,91.72474848085608,197.80762938306307,160.36103112457855,82.28228749337424,135.96010903883447,36.57704769266384,12.337734788943427,11.044736394848234,1.2929983940951935,3.328559717074473,0.876617679205298,0.3541502425766032,0.0901580477059958,18.59837177793845,7.454008198619142,6.222862696405336,4.921500882913972,1.7321655040073094,150.92028137778155,0.341313513899807,48.50925425964099,46.37068285330245,0.814070351758794,$C_{a}^{syst}$,[ml/mmHg],8.123256444326346,14.265506675918852,11.668434379411062,11.53954113801994,11.602409363813942,2.4056768349598516,5.564222898097359,13.690583441031023,11.575515279707501,12.426172222170283,15.564104896298325,10.750038965254541,9.046881239300179,1.3490756810226783,0.32373329521903804,0.5529708935334033,6420.629037248834,1.6453870228533622,0.29813616242534097,0.94990173805379,0.5391534453473571
165.27670425304598,101.15248109604721,131.76441446449152,320.95189488127863,91.65687695905648,188.7917196439997,33.23113386787091,16.244118142041334,24.16401563399174,35.001985327998035,91.6583190829293,197.68604840543927,160.11003528096015,82.14319625209481,135.8332788882199,36.55275224068807,12.28326976824526,10.992392974854413,1.2908767933908472,3.3235982412014407,0.8603013420727114,0.3534939405597429,0.08995191041214622,18.5925950672534,7.451588725477224,6.220714915217994,4.920291426558187,1.7087973262282166,148.49723906714914,0.341313513899807,48.54920392265709,46.36559829196695,0.8386934673366835,$C_{a}^{syst}$,[ml/mmHg],8.104774446721677,14.242230519670054,11.65879804094861,11.530909175878724,11.592601600067347,2.4030572677778235,5.559506931090239,13.667153772946461,11.55614795164961,12.405653766032534,15.537614660892572,10.73992753270439,9.031309067022644,1.3476335317730754,0.32373329521903804,0.5529709181483321,6415.981387133953,1.620142906827204,0.29801097199390514,0.9481188213252316,0.5389270252978565
164.2639186366134,101.84593562897328,131.66320291569667,320.5778872087789,91.58936200751208,188.50574234837185,33.195753709305684,16.22065790011035,24.135243835351794,34.963447901745205,91.5906550480139,197.56372279041014,159.8639042891852,82.00706921178461,135.7065988461645,36.528116036032465,12.258110862771781,10.96935527316961,1.2887555896021718,3.3185560748654734,0.8559785890246123,0.3528360650430955,0.08974750796591745,18.58596479924689,7.448831829014511,6.2182911290676754,4.918841841164705,1.7087973262282166,148.123692466096,0.3408847280783249,48.58704083308428,46.3600572789266,0.8633165829145729,$C_{a}^{syst}$,[ml/mmHg],8.08684945788179,14.219455026112698,11.649031957927955,11.522103839741277,11.58267933664657,2.400451996764466,5.554769522462939,13.644229012620627,11.537178924366176,12.385553586441059,15.511706014598452,10.729726478870196,9.016070285875962,1.3461700325857677,0.32373329521903804,0.5529709383384878,6411.255340525846,1.6172586992575297,0.29789210188078274,0.9464309631308134,0.5387120393268033
163.2953348412315,102.49975943189645,131.56057728967616,320.20704764958214,91.52065603237794,188.2252213068512,33.16050503152444,16.19753518956326,24.106690999510793,34.92500442011258,91.52190307334597,197.4405876463908,159.62202932907397,81.87369485297758,135.57978413639339,36.50321889947274,12.233081199280218,10.946448358062597,1.2866328412176202,3.3134254213090557,0.8517974884724874,0.35217615939163366,0.0895445077700006,18.57856149606986,7.44577081267414,6.215619889387947,4.917170794007771,1.7088090842862835,147.76199656943837,0.34045594225684267,48.622950419156545,46.35414843743197,0.8879396984924623,$C_{a}^{syst}$,[ml/mmHg],8.069381947277193,14.197120854957872,11.639138257486799,11.513137707418675,11.572649998951809,2.3978562741986345,5.550001482556765,13.621743945286404,11.518565379788486,12.365820372346832,15.486311062792,10.719440057735936,9.001127229158683,1.3446886662480162,0.32373329521903804,0.5529709556382986,6406.445922266456,1.6145207319882355,0.2977785398976964,0.9448221845464795,0.5385066554788007
162.3681819338994,103.11663868371463,131.45658415097336,319.8384926893022,91.45084855890097,187.9495607417121,33.1253340737473,16.17469750940975,24.078310383659783,34.886602505735304,91.45208918475916,197.31659606408942,159.3837593210462,81.7424306973061,135.45260148256904,36.4779411585704,12.208150659880406,10.923643739679035,1.2845069202013717,3.308208160117776,0.8477445795891495,0.35151385830497867,0.0893426133215952,18.57044695491511,7.442429845705513,6.212721080164933,4.915296029044663,1.7088296422362514,147.41093344639913,0.3400271564353605,48.65712279294785,46.34789521457945,0.9125628140703518,$C_{a}^{syst}$,[ml/mmHg],8.052357731810007,14.175172777126793,11.629111377880719,11.504010094915303,11.56250923597236,2.395265532080316,5.5451984226823745,13.59964031121409,11.50025296371309,12.346400142325992,15.46135683033706,10.70903549297586,8.98643158562259,1.3431849016524087,0.3241620810405202,0.5529709733718848,6401.559399123068,1.6119143317894509,0.29766972283106236,0.9432855633754265,0.5383098519908622
161.47937642327895,103.69925702219315,131.35158002458155,319.47285923088026,91.3801876153576,187.6787071770875,33.090293423927264,16.152163342056387,24.05013477125093,34.84827985222372,91.38131859176538,197.19200464708916,159.14921940125626,81.61353346374665,135.3254621159704,36.452459715700066,12.154918030956688,10.872536713441955,1.2823813175147338,3.302922715478074,0.8322548103113385,0.3508503577438536,0.08914204774994065,18.5616984438935,7.438837189316657,6.20961725391922,4.913244000657624,1.685433611235715,145.05469266731313,0.34045594225684267,48.68969367373905,46.341289929735645,0.9371859296482412,$C_{a}^{syst}$,[ml/mmHg],8.03575701419719,14.153600172435532,11.618987296581338,11.494757849724278,11.552290794912013,2.3926856262722027,5.540378836256652,13.577916060965565,11.482247484437474,12.32730005307752,15.43684460314852,10.698580670688608,8.971993492721346,1.341667604628874,0.3241620810405202,0.5529709848777753,6396.613133075032,1.587375737045815,0.29756569074280287,0.9418203876223837,0.5381217077937184
160.62689231102598,104.24979865126447,131.24571899026998,319.1093430262079,91.30876550361127,187.41234457361728,33.055390534993236,16.129915537029767,24.022159494343782,34.81008515887981,91.30982327655823,197.06695914361597,158.9181910819264,81.48682810664543,135.19822300754674,36.42679491443288,12.130370110452665,10.850112241230017,1.280257869222648,3.297575933223107,0.8284859534557617,0.3501863885644565,0.0889428265667013,18.552404427928035,7.435030024824802,6.206339721156792,4.911034681946436,1.685433611235715,144.72588069060265,0.3400271564353605,48.72078502157811,46.334415303995534,0.9618090452261306,$C_{a}^{syst}$,[ml/mmHg],8.019544375380052,14.132396373485069,11.608775766524344,11.485392281208537,11.542002542922337,2.3901151018533935,5.535542571530023,13.556558084893892,11.464535918639926,12.308501072675485,15.412753194465582,10.688063529564989,8.957795695195527,1.3401382180094348,0.3241620810405202,0.5529709939262824,6391.613585252789,1.5850162894259996,0.2974657289132908,0.9404204822187615,0.5379409267042795
159.80765597109774,104.77054359783851,131.13904273148515,318.7476439274176,91.23668601907642,187.150085595161,33.02063482075562,16.107926555069632,23.994380468489332,34.77199853605499,91.23770833047794,196.94163639776832,158.69035731870238,81.36200833243834,135.07108298866808,36.40097590698363,12.105926001482743,10.827787730364674,1.2781382711180678,3.2921711243504563,0.8248157579116069,0.3495226237602991,0.08874496612509435,18.54258067936176,7.431012355177934,6.202890402989792,4.908677921194038,1.685445745635729,144.40547663090283,0.3395983706138783,48.75054463850881,46.32728253877341,0.9864321608040202,$C_{a}^{syst}$,[ml/mmHg],8.003694104646023,14.11151409197603,11.598489767089326,11.47592595543071,11.531654340303154,2.387555539556784,5.530697880691427,13.535522993673442,11.447080924337609,12.289973577947094,15.389038314727836,10.677514523864515,8.943812256072835,1.3385992522446726,0.3241620810405202,0.5529710006962463,6386.568021335349,1.5827567060108858,0.29736953575054575,0.9390730672341457,0.5377669631429632
159.02004697253324,105.26345232365742,131.0316077603566,318.3876363229225,91.16398460893829,186.89154087563395,32.985985353684725,16.086168925679722,23.966764915434272,34.733967888025674,91.16488246125654,196.8158972307753,158.46548192714533,81.23897570537005,134.9439529380264,36.37500827356745,12.081572446601985,10.805552432695816,1.2760200139061704,3.286709500998766,0.821238642373517,0.34885828068181723,0.0885482290361382,18.532269683251798,7.426800476974934,6.199283063230533,4.90618614304633,1.685462624418829,144.09272427457,0.3395983706138783,48.779085549732244,46.31987748142199,1.0110552763819096,$C_{a}^{syst}$,[ml/mmHg],7.988166530449998,14.090926125273365,11.588133496530181,11.466363510132558,11.521248154875131,2.3850041215506823,5.525843456974012,13.514783487926644,11.429857813510946,12.27169217429424,15.365662667862072,10.666928306402928,8.930025986694346,1.337050692374874,0.3241620810405202,0.55297100518818,6381.478922625681,1.5805882651211172,0.2972770238308499,0.9377771077339232,0.5375996590086752
158.26124871188605,105.72994217369643,130.9231722658168,318.02783417174766,91.0906056882154,186.63611919911614,32.951532431267005,16.064631818663752,23.93934900790075,34.69615279626145,91.09200826956726,196.6904224050259,158.24312738304752,81.11742242651324,134.81690881100968,36.3490491750855,12.029332514393055,10.755420554712437,1.2739119596806172,3.2811838408067913,0.806385490377127,0.3481965938638933,0.08835298324204865,18.521477299125234,7.42239735478686,6.1955188372490335,4.903561107089337,1.6620656207789613,141.78922755841722,0.3395983706138783,48.8065258102767,46.31237614711617,1.0356783919597992,$C_{a}^{syst}$,[ml/mmHg],7.972923716982995,14.070601802819574,11.577746604124703,11.456743217167293,11.51081831936624,2.382465182321239,5.5209912376091514,13.494306722617992,11.412840029955902,12.253626743267859,15.342594990029204,10.656340989779645,8.916404863959507,1.3355014363929438,0.3241620810405202,0.552971008589107,6376.342398175078,1.55657355099529,0.2971866622698728,0.9365295398299436,0.5374362446742693
157.53025974701663,106.17225808238554,130.8145027718014,317.6696532593549,91.01679589017866,186.38427411077276,32.91711665942476,16.043307583006428,23.912048998152656,34.658352404953085,91.01823640952318,196.56416152770683,158.02354842848925,80.99769550350526,134.68957776729738,36.32288088173744,12.005254550008834,10.733454403777182,1.2718001462316515,3.275621994220676,0.8030180073147637,0.3475326261569309,0.08815849019739903,18.51036201746231,7.417868010782375,6.191654750179835,4.9008392565001015,1.6620656207789615,141.49286040171748,0.3395983706138783,48.83287301163892,46.30459372762804,1.0603015075376885,$C_{a}^{syst}$,[ml/mmHg],7.957981582884117,14.05055700514956,11.567273479573446,11.447016178027217,11.500316334269403,2.379929483386469,5.516111565695394,13.474106868393484,11.39605907444715,12.23579894429439,15.31984669376035,10.645673012751963,8.902980348912347,1.333939104539442,0.3241620810405202,0.5529710095562791,6371.175712312506,1.5545796687069,0.29709999076854215,0.9353298986945618,0.5372795058586242
156.82562066332454,106.59164394196658,130.70554685376084,317.3133541675076,90.94274352339646,186.13587018753344,32.88285311170437,16.022204210810326,23.88492534738247,34.62064305021235,90.94396761624866,196.43779080356452,157.8065500833689,80.8794270887975,134.5625023527787,36.29657401438132,11.981308283219281,10.711614844827169,1.2696934383921126,3.270031388075045,0.7997307439685205,0.3468694653930202,0.0879652656606841,18.498905918479647,7.413201959585216,6.187680039451291,4.898023919443141,1.6620656207789615,141.2029532771572,0.3391695847923961,48.85825791222879,46.29657422038082,1.084924623115578,$C_{a}^{syst}$,[ml/mmHg],7.9433200898394425,14.030771793461618,11.556771941812006,11.437237528990314,11.48979446334839,2.3774048397299383,5.511236783450529,13.45417153776189,11.379483211552294,12.218191793448248,15.29740232550959,10.635008812532627,8.88972809221604,1.332369418066491,0.3241620810405202,0.5529710087158821,6365.9920466377525,1.5526577251414293,0.2970165808720474,0.9341735402804037,0.5371286671281085
156.14504564303846,106.98958680530939,130.59611199698855,316.95789982869246,90.86833462126891,185.8903317771907,32.84872781632776,16.001289285171268,23.85795912160207,34.58308979980277,90.86984369924923,196.31141054458965,157.5918425965204,80.76258178109612,134.43541738363703,36.270256303149104,11.957428188140048,10.689834939654597,1.2675932484854506,3.264401366560528,0.7965071454941869,0.3462077710542525,0.08777322426503636,18.48712897724753,7.408409465186627,6.183602927331912,4.895116584728989,1.6620792569608724,140.91865969023246,0.33874079897091397,48.88276531249848,46.28862043585046,1.1095477386934676,$C_{a}^{syst}$,[ml/mmHg],7.928902167840004,14.011223075972687,11.546228155179959,11.42739539915575,11.47923849912539,2.374888693545057,5.506354018161352,13.434469813751392,11.363092043162416,12.200779046031643,15.275228206017607,10.624317501334472,8.876630358939577,1.3307981441607675,0.3241620810405202,0.5529710088806576,6360.783423488824,1.5508005101839801,0.2969342041930862,0.9330484714788111,0.5369796959051258
155.4874093150307,107.36729189592157,130.48640701958976,316.6029209966392,90.79353589268484,185.6475672596429,32.814719775120125,15.980559707304966,23.83113299956659,34.54562422174201,90.79467373258993,196.18491027367665,157.37934560952706,80.6470935852879,134.30842875986352,36.24387933584522,11.933631685101163,10.668135202487528,1.2654964826136346,3.2587385515303793,0.7933489291556081,0.34554647753813866,0.08758217393081853,18.47505860649161,7.403499334345641,6.179430649562573,4.892128622583399,1.6620926329594374,140.6395710766584,0.33874079897091397,48.90639679953514,46.28015151926413,1.1341708542713569,$C_{a}^{syst}$,[ml/mmHg],7.914716668965833,13.991891375675836,11.535654955043452,11.417504100903956,11.468661148413869,2.3723809441256627,5.501473629871088,13.414989407772381,11.34689333444766,12.183556184515618,15.253309383173619,10.613627613121725,8.863682249130289,1.3292228885671342,0.3241620810405202,0.5529710028585434,6355.5475124879395,1.5490042291434716,0.2968564353286478,0.9319602279840405,0.5368390635206368
154.85139589972687,107.72562448888765,130.37624676156713,316.24820590442505,90.71841579103972,185.40717447306122,32.78078897024543,15.959979542592446,23.804418603284685,34.508222842749404,90.71944614845096,196.0582127169515,157.1686624666689,80.5327052341045,134.18134517887913,36.21742577567874,11.882521451867163,10.619118660523847,1.263402791343316,3.253037285503578,0.7791247716199375,0.34488556973674467,0.0873919877198879,18.462700609774473,7.398474692568006,6.17516594411981,4.889059973086655,1.6387044971531772,138.38901879000633,0.338740798970914,48.92929092354011,46.27168884754768,1.1587939698492464,$C_{a}^{syst}$,[ml/mmHg],7.900734662743183,13.972748057055268,11.525043676557946,11.407554464421475,11.45805156438001,2.369878117357064,5.496583936260752,13.39569394734932,11.330837030535996,12.16648842322455,15.231607975613317,10.602913651160595,8.850857757246347,1.3276428275355145,0.3241620810405202,0.5529709984412519,6350.28910537278,1.525478786013755,0.2967798403413602,0.9309053515529356,0.5367005524303103
154.2357928565242,108.06635194273561,130.2659901250886,315.89469395794237,90.64317102448784,185.16948711893107,32.74703274108172,15.939550967007408,23.777883224587786,34.47098984736372,90.64416716900195,195.93175828918606,156.96019537924644,80.41964120400903,134.0545866044976,36.19099824502317,11.858985955676728,10.59766757253279,1.2613183831439365,3.2473174345206486,0.7761246681349573,0.3442270931416133,0.08720314390876736,18.45011201813491,7.393357930910091,6.170826516235047,4.885927570989768,1.638704497153177,138.12232092648696,0.338740798970914,48.95146194700499,46.26313159259022,1.1834170854271358,$C_{a}^{syst}$,[ml/mmHg],7.886973981937347,13.953828769127815,11.514423224810821,11.397577705673289,11.44743964539506,2.3673874830803476,5.491707721629899,13.376625421967493,11.314957942052565,12.149607418430815,15.210160873777738,10.592219176716032,8.838179725278527,1.3260639525630884,0.3241620810405202,0.5529709930165576,6345.021971714149,1.5238028344040646,0.29670521823910984,0.929882621943905,0.5365656101064701
153.63932480946275,108.38985058607012,130.15553583410863,315.5417468350158,90.56770510714297,184.9341300771496,32.71335988547381,15.919264760759036,23.751454895237774,34.43384823121211,90.56859385880264,195.80515756263432,156.75349900079922,80.30763909561009,133.92777574247214,36.164527313066166,11.835524888997416,10.576287692466972,1.2592371965304432,3.2415727672311716,0.7731783272675974,0.34356909628759225,0.08701512994429524,18.43731928840439,7.38816079827679,6.166423801268756,4.882734688858844,1.6387044971531775,137.8599002010468,0.3383120131494318,48.972953272259986,46.254447526404654,1.2080402010050253,$C_{a}^{syst}$,[ml/mmHg],7.873399714919401,13.935083972995196,11.503786013034139,11.387565670610293,11.436815546085324,2.3649028044620772,5.486822907036259,13.357731493532786,11.299227880045477,12.132877774108954,15.188919332441047,10.581502324034622,8.825621427432218,1.324482325523315,0.3241620810405202,0.5529709866164148,6339.739357500008,1.522175040627964,0.29663250213723086,0.92888928008213,0.536434115562376
153.0610852408769,108.6974014780831,130.04479898787162,315.1887466281788,90.49196473844606,184.70074173346688,32.67978116282047,15.899112947639855,23.725138483015403,34.39679136396259,90.49278636556183,195.67853907909924,156.5484359411886,80.19667964176121,133.80096842064722,36.13802842973383,11.812112013135538,10.554951398427496,1.2571606147080416,3.235797546900072,0.7702802573387474,0.34291209726066924,0.08682799001902249,18.424298846853823,7.382872234236213,6.161947023546976,4.87947958907063,1.638704528306401,137.60129188218278,0.3383120131494318,48.993828551609624,46.24563674250546,1.2326633165829148,$C_{a}^{syst}$,[ml/mmHg],7.859997363300881,13.916506036271654,11.493124369399824,11.37751291974494,11.426172633790708,2.3624241693978485,5.481937639588291,13.339002371063403,11.283630322006495,12.116286802744474,15.167868597138824,10.570789131208993,8.81317412276272,1.3228987035013622,0.3241620810405202,0.5529709790086852,6334.437531691224,1.5205912732682887,0.296561577855545,0.9279227871786122,0.536305862537656
152.50013732767445,108.98976378713728,129.93398405861234,314.8365559942184,90.41620168889506,184.46963873387995,32.64635302553715,15.879119636331682,23.69897288260876,34.35986121176364,90.41692174866523,195.55216361812438,156.34514138917837,80.0866803667178,133.67452129905456,36.111557232196766,11.78878655375984,10.533694056298287,1.255092497461553,3.230009570093779,0.7674270381575572,0.3422573812918791,0.08664200792013427,18.411076608706473,7.3775012853763755,6.157402589660784,4.876172733669313,1.6387153035847943,137.34666038260377,0.3378832273279497,49.01413712818699,46.23672787647189,1.2572864321608042,$C_{a}^{syst}$,[ml/mmHg],7.846758301255629,13.898102664881707,11.482455545943207,11.367436103335297,11.41552694567825,2.359956672367696,5.477068404757376,13.320452340639973,11.268170025144528,12.099845388183336,15.147021778755784,10.560099573171339,8.80084147714901,1.3213167787921554,0.3241620810405202,0.5529709690393817,6329.134118222654,1.5190492170328886,0.29649235771005916,0.926975670337533,0.5361806935816615
151.95558701782807,109.26794625895636,129.82322160309917,314.48502491752123,90.34035731423135,184.24072401007786,32.61306354605522,15.859287367965706,23.67294856181478,34.32310213229609,90.3410602486842,195.4259561567783,156.14369023959068,79.9778067536195,133.5481616738903,36.08511044974906,11.765557138976089,10.51252508062643,1.2530320583496595,3.2242102545084923,0.7646210790794877,0.34160468481909695,0.08645712751816303,18.397730813475192,7.372083159962488,6.152821947786333,4.872825705726372,1.6387256103016845,137.09576988172242,0.3378832273279497,49.03387011727646,46.22776934309027,1.2819095477386937,$C_{a}^{syst}$,[ml/mmHg],7.833686818189006,13.879878569258299,11.471789959414318,11.357347426758773,11.404888842103308,2.3574980416368376,5.472198371028876,13.302082278533419,11.25286412296778,12.083558918114415,15.126381117958335,10.549406266545082,8.788631127000397,1.319735878929107,0.3241620810405202,0.5529709596638213,6323.825011996195,1.5175473504589034,0.29642455805101986,0.9260533556801663,0.5360580928720582
151.42618982653872,109.53240151924749,129.71217837849574,314.13333656878297,90.26427847858346,184.0133511385616,32.57979274728326,15.839540793552356,23.64697504132301,34.286347356576584,90.264788323203,195.29945987326016,155.94334987985576,79.8696384295676,133.42166399153896,36.05858927771365,11.742354348304781,10.491382741711398,1.2509716065933834,3.218382679356252,0.7618542075183004,0.3409515225099297,0.08627270781258385,18.384202376692134,7.36659184779899,6.148183445694235,4.869427083198906,1.6387354749514897,136.84790836004626,0.3378832273279497,49.05311376597597,46.218657430891234,1.306532663316583,$C_{a}^{syst}$,[ml/mmHg],7.820747779263249,13.861768601580263,11.46110492935895,11.347224132316873,11.39423458352045,2.3550409350384216,5.4673210209077,13.28382931801749,11.23764890456072,12.067368679292958,15.105875405189462,10.538701750410812,8.776498659174491,1.3181507352934276,0.3241620810405202,0.5529709511576112,6318.499493500843,1.516080454711832,0.2963584442950416,0.9251526423181334,0.5359385401251786
150.9116949754925,109.78403568023096,129.60116048291945,313.78227103971363,90.18817556468639,183.78791514990937,32.546693700547316,15.819943150236652,23.621151523269553,34.24975190538325,90.1885778690007,195.17331773486848,155.7446633200904,79.7624742033077,133.29552507102449,36.03217065371662,11.692594100749504,10.443673256970664,1.248920843778841,3.212545688910755,0.7482970984756936,0.3403011306666276,0.0860894562353403,18.370525530079693,7.361040130894942,6.1434953588853425,4.865990040299404,1.6153613214054736,134.6541279140945,0.3378832273279496,49.07187476996137,46.20948135519047,1.3311557788944726,$C_{a}^{syst}$,[ml/mmHg],7.807960116966591,13.843820625965991,11.45042279286498,11.337089263214276,11.38358677998911,2.352595237681415,5.462460492455449,13.265736629502037,11.222563717846768,12.051316643209706,15.085553669378603,10.528024802251315,8.764474310430579,1.3165707734780827,0.3241620810405202,0.5529709403551203,6313.172289528047,1.4930352795252568,0.2962936874954707,0.9242732630407512,0.5358214435376832
150.41113219012536,110.02340690011066,129.49006902373512,313.4312701572518,90.11197001965375,183.5641469415241,32.51368501171465,15.800457573858012,23.595423975986623,34.213268699463356,90.11231988960996,195.04725056559477,155.54728779350077,79.65602997316505,133.16937056497264,36.005722896626665,11.669626832818023,10.42275135913471,1.2468754736833145,3.2066942363999678,0.7456437144678005,0.33965214466834465,0.08590699097527922,18.35672159391144,7.35543825817597,6.138767771814514,4.8625155639209545,1.6153613214054738,134.41518111030098,0.3378832273279496,49.09017992950425,46.20025128695932,1.3557788944723619,$C_{a}^{syst}$,[ml/mmHg],7.795306790543042,13.826003012911736,11.439734729162709,11.32693538381787,11.372936596655434,2.3501549342579144,5.4575983290236705,13.247776074194341,11.207588559572207,12.035375987651587,15.065385927939879,10.517347345383916,8.75253568437247,1.3149896128822192,0.3241620810405202,0.5529709287654108,6307.837901375763,1.4916462383519584,0.2962299969944686,0.9234133680099045,0.5357062760167985
149.92402953958324,110.25141997691034,129.37918830370276,313.08139871901614,90.03590536846121,183.3424234644906,32.48084826645473,15.781125874329126,23.56985788318379,34.176937683543386,90.03612328104882,194.92158831244762,155.35162349864876,79.55065953125514,133.043778595839,35.979396402699585,11.64677763130857,10.40193717381874,1.2448404574898304,3.2008462340313546,0.7430306658949621,0.3390061588267283,0.0857257344618207,18.342804072668518,7.349788931644759,6.134001429375775,4.859013711647984,1.6153613214054734,134.17945079565382,0.3378832273279496,49.10805893536102,46.1909448104467,1.3804020100502514,$C_{a}^{syst}$,[ml/mmHg],7.782807715357325,13.808350196620037,11.429066087058406,11.316787201796918,11.36230852666579,2.3477276098776576,5.452759415419492,13.229981335070626,11.192743330969176,12.019577544365196,15.04540543431987,10.506729194097908,8.74070962017861,1.313414737575765,0.3241620810405202,0.5529709130343515,6302.513375792285,1.4902882383038234,0.29616774926246286,0.9225726891907824,0.5355937216250367
149.44961656450255,110.46840138744345,129.26842247074816,312.7321322019501,89.95988732523556,183.12250214694586,32.448171785862115,15.761922414034213,23.54443051514278,34.140802883198965,89.9601662754812,194.79639047145136,155.15737666213315,79.44597249997572,132.9184373301107,35.95311744620629,11.62402382593182,10.381207615208584,1.2428162107232352,3.1949962690809817,0.7404539810038091,0.33836337094166385,0.08554565780761872,18.328800998295517,7.344106623148237,6.129208771849088,4.855485603298192,1.6153613214054736,133.94659471153494,0.3374544415064675,49.125523226548985,46.18163922737851,1.405025125628141,$C_{a}^{syst}$,[ml/mmHg],7.770438929438448,13.790837149739751,11.418407137101125,11.306636518097987,11.351693203819824,2.3453109837617,5.447929315091443,13.212328486199496,11.178013041682874,12.003898426808671,15.025586288822666,10.496122061113331,8.728970918141346,1.3118436118028616,0.3241620810405202,0.5529709006078153,6297.192112766489,1.488959120494143,0.2961063190070163,0.9217498901104354,0.5354826423624494
148.9870960140729,110.67503763549642,129.15761136842383,312.38295379318805,89.88378638932977,182.9039430128563,32.415566296413175,15.74281912935667,23.519086072067395,34.10473033229488,89.88409077066677,194.6711880984271,154.96429950004617,79.34205390465056,132.7931249439197,35.92684959692936,11.601317716366218,10.360521699604519,1.240796016761699,3.189133034179711,0.7379083071229393,0.3377215431769601,0.08536626851478747,18.31469202749635,7.338382144668718,6.124383260789246,4.851926622038384,1.6153616187663868,133.71615520396463,0.3374544415064675,49.14261820097112,46.17226187843511,1.4296482412060303,$C_{a}^{syst}$,[ml/mmHg],7.7581844426728885,13.77343527484213,11.4077472632126,11.296473039901501,11.34107952369666,2.3428990039859077,5.443099170074308,13.194788530546193,11.163376929541602,11.988317671868183,15.005900647388705,10.48551988777352,8.717312362358427,1.3102725008474012,0.3241620810405202,0.5529708875355553,6291.865047253084,1.4876560120061681,0.2960460386218236,0.9209430227407877,0.5353736431608946
148.53624876014243,110.87153245317478,129.04691196275255,312.034345062445,89.8077191001919,182.6869410156732,32.38304921653748,15.72382762097971,23.49383682252314,34.06873988773537,89.80787504289476,194.5460490382254,154.77248337751857,79.23892545124934,132.66802973056386,35.90063597229703,11.578679837087703,10.339899006195088,1.2387808308926151,3.183266708200954,0.7353914243986759,0.33708098756235527,0.08518764288179723,18.300499732418416,7.332623602234704,6.119531464993307,4.848344665190408,1.6153693713090962,133.488238937197,0.3370256556849853,49.159353482462144,46.16278535949546,1.4542713567839198,$C_{a}^{syst}$,[ml/mmHg],7.746050061723443,13.756159032827556,11.397102145159282,11.286311813356289,11.330481837422496,2.3404939548336343,5.438280111739399,13.177373722967964,11.148842443338625,11.972842698653373,14.986354768781727,10.474941007620496,8.705738526306195,1.3087040640868453,0.3241620810405202,0.5529708734782902,6286.540337013434,1.4863782342392409,0.29598711757319696,0.9201475901667487,0.5352671031502665
148.09629936646624,111.0587065504155,128.9362289953045,311.68590459829863,89.7316504748569,182.47130215056566,32.350650577210814,15.704932634896839,23.46869477144692,34.03287004618103,89.73176005842619,194.42123633704634,154.58176649568716,79.13637171887322,132.54313111401842,35.87441042934162,11.556106903926894,10.31933305599365,1.2367738479332442,3.177394014734034,0.7329039755072873,0.3364428650594694,0.08500991865323156,18.28620819394398,7.326824883009188,6.114646899792895,4.844736411141892,1.6153768134999742,133.26259384214143,0.3370256556849853,49.1757604715371,46.15327098469238,1.4788944723618092,$C_{a}^{syst}$,[ml/mmHg],7.734018978814422,13.738992511505787,11.386459479079598,11.276142214588738,11.319889053392966,2.3380965944106835,5.433470198308707,13.160068891258591,11.134393541463327,11.95746028541309,14.966932590340496,10.46437922542499,8.694233860252885,1.30713705565512,0.3241620810405202,0.5529708586831483,6281.215533239983,1.485123622901398,0.2959290073248712,0.9193666830487918,0.5351620301105925
147.6665909819985,111.23647716713589,128.82545825784527,311.3375690921676,89.6556371685853,182.25702302368504,32.318366240339756,15.686148031841887,23.443658647948098,33.997137776872606,89.65577663316121,194.29667670579133,154.39221239792718,79.03455489918163,132.41842299546897,35.84829355676727,11.533599501870231,10.298825055173864,1.2347744466963668,3.1715173327499415,0.7304440717922807,0.3358069431239069,0.0848330758583561,18.2718302193917,7.320991987754889,6.109735589032198,4.841102642604609,1.6153839619882324,133.0390603336299,0.3370256556849853,49.19186963617538,46.14375199474983,1.5035175879396987,$C_{a}^{syst}$,[ml/mmHg],7.72209120017369,13.72193511021896,11.375838869802543,11.265983275221506,11.30931881479411,2.3357068661400646,5.428668679365033,13.142875196031635,11.120039037798474,11.942174239995042,14.947640931533847,10.453837144609032,8.682805453510928,1.3055761101522476,0.3241620810405202,0.5529708440720273,6275.894601800971,1.4838895192219528,0.29587157776832695,0.9185986453620384,0.5350581878595179
147.24710012597856,111.40596028550414,128.71503107994772,310.9900556995204,89.57971135886196,182.0442702401956,32.28619932053223,15.667464783625979,23.418731386706284,33.96151541784561,89.5798224337435,194.17241362545747,154.20390741600852,78.93333859827042,132.2940117402128,35.82216529578753,11.511186944152108,10.278404191229898,1.2327827529222095,3.1656454978698587,0.7280147424674984,0.335173250208314,0.08465713715843788,18.257405713351343,7.3151398398573795,6.104809040262228,4.837456833231737,1.6153908277538938,132.8179260031899,0.3365968698635031,49.207652204964944,46.13416538486027,1.5281407035175882,$C_{a}^{syst}$,[ml/mmHg],7.710274109863145,13.70499491403079,11.36522169194717,11.255818036502127,11.29875506063132,2.333325883482972,5.423878292361693,13.125798470704535,11.105777451416657,11.926988342691482,14.92848180406472,10.443322839175526,8.67145236648704,1.3040158068003023,0.3245908668620024,0.552970829167846,6270.579795120337,1.482678655562005,0.29581521208295186,0.917845161733141,0.5349562698056204
146.8368323108877,111.56716469277075,128.6044570777107,310.6417700701537,89.50358213866438,181.83227080589364,32.25397803620285,15.64882325810866,23.393793086536775,33.925828254035956,89.50337861418133,194.0476087612046,154.01619670734664,78.8326326790552,132.1692357818779,35.795977690707396,11.488772549104995,10.257985819550585,1.2307867295544104,3.159753566242515,0.725606523005691,0.33453777684374275,0.08448121891008262,18.242908342285137,7.309259209429107,6.0998626785019665,4.833786454354069,1.6153974172830425,132.5983384948716,0.3365968698635031,49.2231559018529,46.124442957874514,1.5527638190954776,$C_{a}^{syst}$,[ml/mmHg],7.6985284512970535,13.68810952996213,11.354595069967159,11.245633372480794,11.288182798426702,2.330941349827162,5.419071682882514,13.108781906647842,11.091570657201746,11.911854153365654,14.909394006827702,10.432776942615362,8.660147198138228,1.302450998139769,0.3245908668620024,0.5529708137734335,6265.250749706507,1.4814863866503376,0.295760084641493,0.9171033522772795,0.5348565914776717
146.43582218384557,111.720393584708,128.49412356763207,310.29445275462206,89.42763025046237,181.6217660526097,32.22193728736833,15.630300114387632,23.368998132543624,33.890322370596515,89.42725479075584,193.9233879039989,153.82972269798532,78.73256615945358,132.04492705678172,35.76990285630686,11.440736895741999,10.21193416171286,1.22880273402914,3.153870312305797,0.7127695908295122,0.3339059915994526,0.08430650190832796,18.22836801203378,7.303361706931755,6.094902353920766,4.830103951181258,1.5920470934388122,130.46689827956712,0.3370256556849853,49.23838821419576,46.114734152141814,1.577386934673367,$C_{a}^{syst}$,[ml/mmHg],7.6868885967971865,13.671346305643874,11.343990377993935,11.235461486308278,11.277634525142828,2.328568658459971,5.414283234065011,13.091886163739185,11.077458345396034,11.896822620803524,14.890442404945723,10.422266263808735,8.648917889698273,1.3008932001993667,0.3245908668620024,0.5529708025491609,6259.934117532366,1.45891038277728,0.2957055917709069,0.9163738866706778,0.5347580566780787
146.04379475970362,111.86634644104664,128.38401420130998,309.9480190615645,89.3518472440253,181.4126977174905,32.19005850867989,15.611888900609921,23.344337227289042,33.85498581781092,89.35138468531456,193.79968824281477,153.64446912379043,78.6331657144405,131.9210747408098,35.74391559000996,11.418601575260059,10.191771963109817,1.2268296121502424,3.147996398663549,0.7104474887794665,0.3332775838566744,0.08413282758651366,18.213768091832076,7.297438431499767,6.089920348801543,4.826409311530773,1.5920470934388125,130.25420359765494,0.3370256556849853,49.25335898106246,46.105019825091134,1.6020100502512564,$C_{a}^{syst}$,[ml/mmHg],7.675352703818489,13.654697161780431,11.333404932706607,11.225299811678369,11.267107313172913,2.326207383781393,5.4095155981645595,13.075106270021218,11.063439687126822,11.881891996303821,14.87162365115259,10.411811558082917,8.637764830430344,1.2993408309211665,0.3245908668620024,0.552970786316432,6254.62930708177,1.4577673278754142,0.29565167947585774,0.9156559085991892,0.5346605766379022
145.6602350637852,112.00522009778261,128.2741066238879,309.602002633877,89.27614167010539,181.20488976902996,32.1582724033655,15.593571054757108,23.31976375623712,33.81977226527182,89.27557127945873,193.67617639475804,153.46024203063962,78.53437078731227,131.79737698441414,35.71798965748506,11.396542309017462,10.17167950290339,1.2248628061140732,3.1421269547757054,0.7081492659167297,0.3326510043743642,0.08395989241997452,18.199147981467117,7.291507944485492,6.084934329365691,4.822705707615934,1.5920470934388122,130.0433536194433,0.3365968698635032,49.268064335294625,46.095277664659136,1.626633165829146,$C_{a}^{syst}$,[ml/mmHg],7.663904628207016,13.63814917839047,11.322840997837346,11.215150294841195,11.256602092379868,2.323852194517161,5.404755852237397,13.058426773068895,11.049507264335853,11.86704713929984,14.852915591494881,10.401355420058175,8.626678661534758,1.2977918595631701,0.3245908668620024,0.5529707696395068,6249.329916907377,1.4566417318972136,0.2955984736479126,0.9149488968638962,0.5345643746063096
145.2848326174531,112.13721868065846,128.16446627049538,309.2568339257833,89.20061834209409,180.9984321388036,32.12663500095417,15.57536258013111,23.295318650935712,33.7847021609498,89.19997327368438,193.5531306365052,153.2771982037876,78.43626400368152,131.6741536670225,35.69218290852836,11.37457957484982,10.151673480793542,1.2229060940562773,3.136267693918338,0.7058759974611514,0.3320274822119129,0.08378800317681764,18.184493456885246,7.285562849808274,6.079936554027724,4.818994053049252,1.5920470934388122,129.83445621696092,0.3365968698635032,49.28253647727078,46.0855233807625,1.6512562814070353,$C_{a}^{syst}$,[ml/mmHg],7.652551537154866,13.62171140616896,11.312304877295697,11.20502015808677,11.246126058604878,2.321508081606641,5.400014851290244,13.04186253570239,11.035664388136853,11.852300128771946,14.834340273671424,10.390965052449076,8.6156677487299,1.2962494776435576,0.3245908668620024,0.5529707527731579,6244.043283946587,1.4555331412505643,0.29554599451988867,0.9142525665535568,0.5344694869262441
144.91709663779486,112.26275538530436,128.05495275319677,308.91190744952416,89.12515701573095,180.79304720191786,32.09507984731331,15.557231275127146,23.270949189207304,33.74973232535567,89.1244178893294,193.43027314364028,153.0950075450281,78.33865626547039,131.55108040719384,35.666415027818864,11.352680060792565,10.131724781644213,1.2209552791483533,3.1304106381652486,0.7036238259177652,0.33140568808388476,0.08361678311463286,18.1697988445492,7.279601464147008,6.074926268933123,4.815271111469064,1.592047093438812,129.62716550137353,0.3365968698635032,49.29678347430691,46.075733876023676,1.6758793969849248,$C_{a}^{syst}$,[ml/mmHg],7.641274804664163,13.605355616777647,11.30177775490447,11.19489122051226,11.235660517049707,2.319169816140045,5.395281011832486,13.025379162059608,11.021891029966168,11.837624397602525,14.815857979946527,10.38058395772908,8.60471212296388,1.2947095511990905,0.3245908668620024,0.5529707352706874,6238.760991101167,1.4544396873095418,0.2954941560853621,0.9135657439428886,0.5343757584941874
144.55676502193396,112.38208955081222,127.94561819588111,308.5673742994653,89.04977828735706,180.58870703953906,32.0636169926815,15.539181532143111,23.246667533618677,33.71483312853901,89.04888403266325,193.30763749190007,152.9137415272942,78.24160862429015,131.42829519250307,35.64070799000002,11.33084613011215,10.111835356024244,1.2190107740879064,3.124556460716565,0.7013928710006074,0.3307857085209982,0.08344631346595562,18.155072133811753,7.273626891286371,6.0699062983250975,4.811538944200286,1.5920470934388122,129.4215002376945,0.3365968698635032,49.31082333285659,46.065890198670786,1.7005025125628144,$C_{a}^{syst}$,[ml/mmHg],7.630079203470986,13.589086414547609,11.291274154456124,11.184777463412148,11.225218976538297,2.3168385184229074,5.390559144710284,13.00898618516121,11.008187490403955,11.823025439963473,14.797476311050563,10.370232903764954,8.593817347096994,1.2931731340154227,0.3245908668620024,0.552970718017387,6233.484480114994,1.4533612854156792,0.2954431767527268,0.9128883758560354,0.5342835834273547
144.20370141458068,112.49537351782674,127.83659093714077,308.2237879757251,88.97461940294929,180.38572922251808,32.0323111377753,15.521242411033896,23.222514900671328,33.68012769834902,88.97367648809885,193.1855310718195,152.73362026126583,78.14516250119864,131.3059183705388,35.615117756766516,11.309116274742662,10.092038951524241,1.21707732321842,3.1187179994817718,0.6991840133329609,0.3301691718660674,0.08327689448288378,18.140339627137745,7.267650319893086,6.064885106558396,4.807804200686257,1.592049047548457,129.21762886415235,0.336168084042021,49.324644353208804,46.056076764373,1.7251256281407037,$C_{a}^{syst}$,[ml/mmHg],7.6189758904671185,13.572924342151726,11.280799849675365,11.174685010390407,11.21480733618488,2.3145178787937857,5.38585237918777,12.992700398843471,10.994575415636964,11.808520851174348,14.779217451245847,10.35991583843144,8.582992802440383,1.29164353165716,0.3245908668620024,0.5529707005552233,6228.22335820645,1.452297629720112,0.29539258237814064,0.9122191505069875,0.5341921047200958
143.85738147683387,112.60294005429778,127.72766469493823,307.8804534462767,88.89948234300722,180.18362430119367,32.001052128382376,15.503363850543723,23.198412889595907,33.64547963069255,88.8984307585863,193.06345710741775,152.55419843927604,78.04914399413454,131.1835808402547,35.58954027788318,11.28743155194462,10.072284156849532,1.215147395095087,3.112879680302569,0.6969919281728513,0.32955358445852007,0.0831079582630601,18.125580466201335,7.2616631706377035,6.059856776565812,4.804060518997815,1.5920539257260689,129.01510562984228,0.336168084042021,49.3382696056793,46.046223397483494,1.7497487437185932,$C_{a}^{syst}$,[ml/mmHg],7.607935468581747,13.556834866933269,11.270334914149315,11.164594781710564,11.204405911778448,2.312200536733564,5.381149506867319,12.976484135191487,10.981021816830769,11.794075219145515,14.761038888749468,10.3496049572949,8.57221512667991,1.2901147940193296,0.3245908668620024,0.5529706825764413,6222.963764010506,1.451246984004407,0.2953425810317675,0.9115564244110352,0.5341016989466527
143.51769071289323,112.70509922025931,127.61895078148669,307.53770324337137,88.82449472787451,179.98260963054508,31.96991586178858,15.485569454083333,23.174413199769557,33.61096436943636,88.82336475241591,192.9418026368755,152.37567509890567,77.95361869965264,131.06161092434976,35.56405057235142,11.265827815729109,10.052601444669042,1.2132263710600664,3.107050738342083,0.6948197676209422,0.3289407560499663,0.0829398825923371,18.11079228340032,7.255663340664211,6.05481804814501,4.8003108945910995,1.5920586233341456,128.81410237737535,0.336168084042021,49.35170954027549,46.036350618940354,1.7743718592964826,$C_{a}^{syst}$,[ml/mmHg],7.59696911948229,13.540822789014879,11.259891562455161,11.154519178553347,11.194027068438103,2.309892011869433,5.376461480192737,12.960352377795074,10.967536723139132,11.779703864302569,14.742955576945953,10.33933276786515,8.561493229239002,1.2885912076494654,0.3245908668620024,0.5529706636523241,6217.714630951215,1.4502092330726366,0.2952931238127972,0.9109019051293206,0.5340122780879755
143.18454613309746,112.80188420752005,127.51053834500003,307.1957506321963,88.74969072553895,179.7827486835471,31.938896602311807,15.46787114682118,23.15051793958709,33.57657719172113,88.74847058909343,192.82046867041072,152.1981967167825,77.85871808920948,130.94001318576198,35.5386701644676,11.244313560931408,10.033000219742311,1.2113133411890973,3.101234365808854,0.692668162541679,0.32833029742338365,0.08277268679982672,18.096009254491996,7.249666048363299,6.049782681329674,4.796560524799021,1.592063147622069,128.61468518049543,0.336168084042021,49.36496486754456,46.02647799844931,1.798994974874372,$C_{a}^{syst}$,[ml/mmHg],7.586081979183896,13.5249122929248,11.249479975205038,11.144468452456909,11.183680560275887,2.307592144806254,5.371789136769311,12.944321664401272,10.954133994591132,11.765418687657322,14.724984838718536,10.329093805361941,8.550839137536384,1.2870736743798865,0.3245908668620024,0.5529706461433683,6212.478350787726,1.4491846014228957,0.2952442774559785,0.9102557292324874,0.533923960548587
142.857388007156,112.89358832023153,127.40222759326524,306.85400028901324,88.67495894731495,179.58370737502779,31.90795879956183,15.450233962981764,23.1266930824076,33.54226754078882,88.67364736181287,192.69939150748203,152.02136821743048,77.76415837869897,130.81859395477468,35.51331545349388,11.222854126555092,10.013447620652414,1.209406505902678,3.0954209420020122,0.690533375336368,0.3277217250885852,0.08260612283933272,18.081192573627867,7.243655033530228,6.044736275450664,4.792801264646971,1.592067503810092,128.41651418548585,0.33573929822053883,49.378064549103826,46.01656843237613,1.8236180904522614,$C_{a}^{syst}$,[ml/mmHg],7.5752567628506675,13.509062593437518,11.239078180407141,11.134420501629812,11.173344247960864,2.305298144910318,5.3671229885717056,12.928352573894472,10.940779189393707,11.751187612177008,14.70708797039014,10.31887599913097,8.540225430673278,1.2855580205225081,0.3245908668620024,0.5529706277236475,6207.247126312046,1.4481711151598369,0.29519593973131114,0.9096166536243682,0.5338365637005195
142.53618878988505,112.98055864816686,127.29419682631452,306.5129176031293,88.60038449641154,179.38575473811713,31.877146967172887,15.432685746127184,23.102966735820015,33.50810542026678,88.59902484600721,192.57866759498313,151.84549603872554,77.67020120025471,130.69754111065492,35.48809361477626,11.201480219377986,9.993972301287602,1.2075079180903838,3.0896203461708804,0.6884171746777388,0.327115689304288,0.08244037496009571,18.066373260033217,7.237642214777326,6.039688949447941,4.789042095807949,1.5920716973316074,128.21976017560732,0.33573929822053883,49.39098125475908,46.00666623799785,1.848241206030151,$C_{a}^{syst}$,[ml/mmHg],7.564498928645101,13.493303305247524,11.228704843412453,11.12439457132962,11.163036945090699,2.303012371206463,5.362474425865319,12.912475179672006,10.927502578636325,11.737035292065352,14.689293230213172,10.308701530049182,8.529673391853406,1.2840495023509646,0.3245908668620024,0.552970609558447,6202.026914748808,1.4471693424851948,0.29514801236237986,0.9089850318366464,0.5337499086941686
142.22089168972064,113.06299532000924,127.18658486902257,306.17315377678915,88.52611747261723,179.18913976068913,31.846503707098734,15.41524023489308,23.079374529125467,33.47412467247342,88.52474489088756,192.45857440451238,151.67069912542232,77.57672479835065,130.5770278086913,35.46295944974081,11.180227238752131,9.97460601063846,1.2056212281136716,3.0838427524923384,0.6863222924826463,0.3265133891051802,0.08227572801419854,18.05157246330623,7.231637047649649,6.034648278981899,4.78528713667468,1.5920757397088843,128.02468502380646,0.33573929822053883,49.40372926107337,45.99677887295626,1.8728643216080405,$C_{a}^{syst}$,[ml/mmHg],7.553813031703954,13.47764733333481,11.218369140427585,11.114400097477997,11.15276799082961,2.3007388320344284,5.357846893265759,12.896700338047802,10.914305632950857,11.722971486111325,14.67161359042674,10.298564477613294,8.51918487946209,1.2825471530778785,0.3245908668620024,0.5529705907977136,6196.8282230832065,1.4461798244275974,0.2951005379746094,0.9083611968687091,0.5336640734345353
141.91078443406536,113.14065580733524,127.07894397939191,305.8330169143692,88.45180246613532,178.99301318779257,31.81585943173824,15.397837372335456,23.05579811686784,33.44014564519511,88.45031036561957,192.33828620035231,151.49636651421113,77.48358838094208,130.45634576493953,35.43780662017325,11.158991751728264,9.955256964436005,1.2037347872922581,3.0780597348021423,0.6842398442368842,0.32591096280219595,0.08211130845481963,18.036749066965218,7.225623450917148,6.029602810558212,4.7815228054898595,1.5920796289767727,127.8304665032496,0.33573929822053883,49.41634362752198,45.98684542373631,1.8974874371859298,$C_{a}^{syst}$,[ml/mmHg],7.543171651229323,13.46203003068906,11.208037569719535,11.104403649510033,11.142503063481309,2.298464928749762,5.3532119132014815,12.880970586752552,10.901149732472703,11.708946884584199,14.653983081287318,10.288421024218437,8.508730647938574,1.2810431873196408,0.3245908668620024,0.552970571856077,6191.626172629472,1.4451991134063187,0.29505361227364735,0.9077429841465569,0.5335792305968168
141.60593807372646,113.21406457857599,126.97150907556613,305.49357600459126,88.37761856308083,178.79774937959394,31.785312409001968,15.380494573608493,23.032302322718976,33.406247211444864,88.37595309157447,192.21835352084142,151.3227219125768,77.39087598782386,130.33607781565536,35.41275021613085,11.137825499135014,9.935969845924017,1.2018556532109967,3.0722856192733863,0.6821736676875968,0.325310790734409,0.08194760487981732,18.02189916326874,7.219597669010061,6.024546941493647,4.77775455276503,1.5920833748473566,127.63746800800078,0.3353105123990566,49.4288204799782,45.97685469301049,1.9221105527638194,$C_{a}^{syst}$,[ml/mmHg],7.5325924884530115,13.446478786250326,11.197724317096425,11.0944198185436,11.132257355812575,2.296199105130609,5.348595984211885,12.865305687361715,10.888042914826281,11.69497904777432,14.636431625136742,10.278322094241096,8.498319837107411,1.279544797162516,0.3245908668620024,0.5529705521759213,6186.433299415658,1.444228415330038,0.2950073422143695,0.9071311453575762,0.5334955741377639
141.30690412134618,113.28394908157655,126.8649374709291,305.15686805598835,88.30402850369286,178.6045197054354,31.7549068775205,15.36330801082446,23.00894469032942,33.372532994167706,88.30172181951818,192.0986332014427,151.15074500419058,77.29912289491514,130.21619196305022,35.38771714680231,11.092353873224136,9.892369354841701,1.1999845183824347,3.066560940832182,0.6701745692660711,0.3247128455824267,0.08178492611775001,18.00717672819917,7.213625585296967,6.019538167997879,4.774012974904323,1.5687727125027369,125.5803780750874,0.33573929822053883,49.44109401560992,45.96686626443681,1.9467336683417087,$C_{a}^{syst}$,[ml/mmHg],7.522126823196972,13.431078563426835,11.187439334119121,11.08446019511522,11.122042809553776,2.29394308816925,5.34398490021837,12.849791563849946,10.875077089756763,11.681148167108535,14.619047726534225,10.268230714588862,8.488018526161946,1.2780483222809889,0.3245908668620024,0.5529705324111744,6181.2819952585005,1.422136455188289,0.294962126786558,0.9065280418598611,0.5334138249653272
141.01221319672217,113.34931477538709,126.75807664139035,304.81888592997564,88.2301971645759,178.4112284116636,31.72460843408891,15.346134379308769,22.985652679344152,33.338930736948214,88.2279060837428,191.979561274869,150.97888716090205,77.2074138690208,130.0966001911841,35.362866454921566,11.071427214889795,9.873303789809704,1.19812342508009,3.0608151326468254,0.6681701477636238,0.324118295659389,0.0816229340479647,17.992348628385518,7.207609180010955,6.014490953154613,4.770248495219952,1.5687727125027369,125.3924386055396,0.33573929822053883,49.45327597935415,45.956926611276835,1.9713567839195982,$C_{a}^{syst}$,[ml/mmHg],7.511678344202326,13.415693931354147,11.17717843729383,11.074517616058241,11.111850199643657,2.291694602812399,5.339395639414213,12.834293956093259,10.862111553108786,11.667326719926539,14.601683465065918,10.25820879000778,8.477719192044528,1.2765616773443766,0.3245908668620024,0.5529705129858027,6176.113801520313,1.4211964002714956,0.2949163949379069,0.9059288123415878,0.5333311415566905
140.72231352619403,113.41084309236867,126.65147575253933,304.4815518305437,88.1565228956857,178.21882723654306,31.69434833090114,15.32900922465273,22.962406977168698,33.305358128931495,88.15396005240846,191.86046885670407,150.80766607690373,77.11602800918911,129.97716026583984,35.337998026233464,11.050572077878627,9.854307002967415,1.1962650749112123,3.055081744477049,0.6661812648592987,0.3235244329961396,0.08146136981329628,17.977536587545575,7.201599057404867,6.009450916175063,4.766486613965645,1.5687727125027369,125.20567723946677,0.33573929822053883,49.465325444364474,45.946911616404165,1.9959798994974878,$C_{a}^{syst}$,[ml/mmHg],7.5012893023007265,13.400366731850076,11.166941609311321,11.064593488089809,11.101681598895192,2.28944921498387,5.334810872354848,12.818857500074582,10.849197022175714,11.653558844449535,14.58439008042912,10.24819749825715,8.467461608997285,1.2750747049934084,0.3245908668620024,0.5529704929024161,6170.956602697999,1.4202656040281987,0.2948715058552138,0.9053354846811316,0.5332499828471868
140.43709622308396,113.46880793879312,126.54518276566009,304.14500821163415,88.08303338776274,178.02736065859042,31.664209205562166,15.311950385773352,22.93926182976942,33.27191624148286,88.08026431463358,191.74179163007287,150.63731433487973,77.02517712934795,129.85814845125154,35.31326282200419,11.029800741327065,9.83538530051598,1.1944154408110854,3.049363066999068,0.6642081933732823,0.3229332734690325,0.08130064555986406,17.96273424670969,7.195592525626342,6.004414158175512,4.762727562907836,1.5687727125027369,125.02012493229871,0.33573929822053883,49.477244993078784,45.93691524723347,2.020603015075377,$C_{a}^{syst}$,[ml/mmHg],7.490959466354295,13.385119205999708,11.156735647484261,11.054695195359718,11.091544315311683,2.2872128526277105,5.330243503275824,12.80350345846582,10.836348864427322,11.639862125863344,14.567186356072268,10.238229528229565,8.457259228415092,1.2735948798851182,0.3245908668620024,0.5529704728562927,6165.812337143392,1.4193439999043855,0.2948269364581289,0.9047480164542379,0.5331694022200517
140.15653198731977,113.52334534221654,126.43924104069424,303.8094520505942,88.00978622378855,177.8369877596725,31.63420889221432,15.294975545326695,22.916222295213018,33.2386612627071,88.00691775906357,191.6236470353179,150.4678591112988,76.93478766999579,129.7394842472809,35.28863266328754,11.009130938168763,9.816555035215135,1.192575902953629,3.0436651502640717,0.6622515307176905,0.3223453261284084,0.0811408132836359,17.947969615849672,7.189602408318869,5.999391802965814,4.75897540456499,1.5687727125027369,124.8358433821158,0.3353105123990566,49.48902212779508,45.926961061774975,2.0452261306532664,$C_{a}^{syst}$,[ml/mmHg],7.480697861678982,13.369957843415037,11.146561830839728,11.044824362827931,11.081439603121327,2.2849867044303296,5.325690352882103,12.788235380242396,10.823574194691476,11.626238811418713,14.55007871961303,10.228286245540026,8.447110782031315,1.2721216171257332,0.3245908668620024,0.5529704517314239,6160.6850356651985,1.4184313897171286,0.2947824545116437,0.9041662813309892,0.533088980774001
139.88012853958165,113.57432000409509,126.33340627087735,303.4740074766326,87.93658097785732,177.64715715297788,31.60426715656415,15.278045525629231,22.89324010358545,33.20545042474008,87.93364387568731,191.50567736392196,150.29891591769328,76.84470595228174,129.6210186492269,35.264026474469894,10.988502260849273,9.797760836316876,1.1907414245323977,3.0379700899261923,0.6603066728042456,0.3217589134684457,0.08098150300813871,17.93317860346649,7.1836002896194096,5.994359656723452,4.755218657123632,1.5687727125027369,124.6524036466965,0.3353105123990566,49.500696992371346,45.91699060105947,2.069849246231156,$C_{a}^{syst}$,[ml/mmHg],7.470479832818224,13.354846331089004,11.136400962096689,11.034961490140178,11.071348024823362,2.282763685504419,5.321146616387889,12.773015601410261,10.810836731312614,11.612657828968798,14.533026502899874,10.21836717118062,8.43699552546085,1.2706499079395894,0.3245908668620024,0.5529704338402571,6155.560668450013,1.417526156470472,0.2947383193901937,0.9035892485719145,0.5330091834084173
139.60801327039118,113.62201108344317,126.22791458432262,303.1396883027147,87.86363943802897,177.45836543769278,31.57444796286934,15.261205332743595,22.870355658145733,33.17237073268745,87.86053747915524,191.3881070364607,150.1308506867959,76.75511445800407,129.5030029940953,35.2395352861726,10.967972131712555,9.779056843720335,1.1889152879922196,3.0322958384285887,0.6583776752788646,0.3211750400216762,0.0808230445280066,17.918413304071898,7.177608677619734,5.989336699134291,4.751467927317875,1.5687727125027369,124.47019282047437,0.3353105123990566,49.512255576860184,45.9069995725582,2.0944723618090455,$C_{a}^{syst}$,[ml/mmHg],7.460325723297617,13.339810921467045,11.126274409273991,11.025128131612018,11.061290853285394,2.2805512756568453,5.3166208170127085,12.757879416697737,10.798166878735879,11.599148689608967,14.51606570374281,10.208489827038221,8.4269351080687,1.269184714178457,0.3245908668620024,0.5529704130564642,6150.454760662028,1.4166291496298002,0.294694815622552,0.9030174596610526,0.5329305305751694
139.33973666895136,113.66642390133342,126.12249086815837,302.80537431106114,87.79068593956035,177.26998841913633,31.544648781971073,15.244395850606313,22.84749261179808,33.13929829443489,87.78733634690796,191.27048060748706,149.96314739273683,76.66575810229212,129.3849749568288,35.21504480831925,10.947468354614031,9.760377584601327,1.1870907700127034,3.026621433222419,0.6564588857212106,0.3205915697366336,0.0806648408376361,17.903637122624225,7.17161237948617,5.984311199611007,4.747713543527044,1.5687727125027369,124.28868121737236,0.3353105123990566,49.523716181437585,45.896960193799835,2.119095477386935,$C_{a}^{syst}$,[ml/mmHg],7.450204227624659,13.324810892349339,11.116157130165378,11.015299136282962,11.051242529770057,2.278339590175751,5.312094946926224,12.742776637129822,10.7855264787897,11.585670079840543,14.49914547714817,10.198620110285775,8.416899961344185,1.2677194333866872,0.3245908668620024,0.5529703922668948,6145.348015769225,1.4157388097290766,0.2946517393040604,0.90244992053086,0.5328526507470671
139.0756545605427,113.70802396266657,126.01755975712288,302.4728303507192,87.71815481706189,177.08294253225878,31.515084456630557,15.227702659674904,22.824806513502626,33.1065044377887,87.71514160125867,191.15384782776246,149.79661635756864,76.57698460600595,129.2676866478608,35.19078767594896,10.92710507357073,9.74182164588948,1.1852834276812487,3.0209785092881365,0.6545587451384824,0.32001369078914066,0.08050802778047265,17.88891376584569,7.165638738574825,5.979303637466241,4.743971389804625,1.5687727125027369,124.10867214330466,0.3353105123990566,49.53506733212459,45.887196411705844,2.143718592964824,$C_{a}^{syst}$,[ml/mmHg],7.440167578725819,13.309919913080135,11.106086923832237,11.005512978397105,11.041241894116771,2.2761430302236407,5.30759444098722,12.727784298172509,10.772969832675981,11.572285626755171,14.48235163105694,10.188802481804984,8.406932510346294,1.2662675656706404,0.3245908668620024,0.552970375516954,6140.270837194332,1.4148573052196092,0.2946074728709122,0.9018880134410426,0.5327726147996504
138.81521650838738,113.74656939353433,125.91274117032846,302.1400413726755,87.64557267638357,176.89634622682638,31.485495595770086,15.211034030716881,22.802111823380983,33.07366904732732,87.64203329797023,191.03694287447323,149.63038955493903,76.48839662836778,129.15036500160048,35.1664342422896,10.906768372987816,9.723294476475782,1.1834738965120333,3.0153382323821667,0.6526676523640862,0.31943488536906817,0.08035125142444129,17.874173168528575,7.159656093811613,5.974290358773281,4.74022671594368,1.5687727125027369,123.92926060881007,0.3348817265775745,49.54628772490276,45.87700785997092,2.1683417085427137,$C_{a}^{syst}$,[ml/mmHg],7.430154565455935,13.295054812959046,11.096026240547818,10.995731975281494,11.031250627893401,2.273946823307361,5.30309826358606,12.712819963986696,10.760449074461933,11.558929213453819,14.465587467057912,10.17900404670162,8.396988023374066,1.2648110569693414,0.3245908668620024,0.5529703521564169,6135.190087346849,1.413981982482993,0.2945659898184456,0.9013300468665094,0.532697618723549
138.55861473029285,113.78229279094806,125.8083122144094,301.8085212663439,87.5732861477463,176.71077158282003,31.456086066919656,15.194460793917823,22.7795554620988,33.04104240892699,87.56971388428015,190.9207792082887,149.46515120765775,76.40041768255391,129.03365711523836,35.14230943964415,10.886538234913363,9.704860592043786,1.1816776428695772,3.0097202219765617,0.6507922138135958,0.318860351635556,0.080195600750451,17.859464675787116,7.153686725505899,5.969287477735547,4.736490472545668,1.5687727125027369,123.75107733426668,0.3348817265775745,49.557412580648965,45.86704194662032,2.1929648241206032,$C_{a}^{syst}$,[ml/mmHg],7.420210646419347,13.280278638184006,11.086004368396686,10.985985756139918,11.0212986816762,2.2717634625115135,5.298624890268141,12.69794611290914,10.747998284081403,11.54565157466746,14.44892619786577,10.169254371392759,8.387103933646571,1.263366742796607,0.3245908668620024,0.5529703309203211,6130.130030342241,1.41311446421554,0.29452357129204537,0.9007770551803722,0.5326209288694804
138.30465264201837,113.81438593412818,125.70326089476065,301.4753553921503,87.50079478252519,176.52490735414824,31.426780633295646,15.177900371980183,22.757058302482974,33.008556861743,87.49795463771616,190.80527196284027,149.29983219798422,76.312282565846,128.91714067317778,35.11836944110378,10.866269105219931,9.686377378653358,1.1798917265665734,3.004081126437769,0.648917807974166,0.318289400480492,0.08004056966852165,17.84465497605985,7.147676899967188,5.964251746632268,4.732726329460397,1.5687727125027369,123.57273546099857,0.3348817265775745,49.56852610435259,45.85719971865168,2.2175879396984928,$C_{a}^{syst}$,[ml/mmHg],7.410260805887193,13.265499519999937,11.076057218773611,10.976305165066394,11.011413598894206,2.269585336927001,5.294172414446026,12.683072301575406,10.735535556052623,11.532366749203222,14.432259028626175,10.1595521840737,8.37720588699027,1.2619327038327584,0.3245908668620024,0.5529703103697617,6125.055634776763,1.4122470060772216,0.2944800597380056,0.9002241018230089,0.5325422617013413
138.05496431059106,113.84463653617452,125.59921416901709,301.14511490179734,87.4288636040636,176.34075358618261,31.39754644361761,15.161444908493202,22.73464964791297,32.97612065161743,87.42630248110669,190.6897319289889,149.13576930422948,76.22484921253859,128.8009062435541,35.09432725745756,10.846175871806809,9.668066305098533,1.1781095667082764,2.998488626877243,0.647066781699397,0.3177192653718033,0.07988624955026032,17.829978588667775,7.141721796075619,5.959262072118385,4.728994720473771,1.5687731281415411,123.39638145146395,0.3348817265775745,49.57949981842098,45.847409609691745,2.2422110552763823,$C_{a}^{syst}$,[ml/mmHg],7.400406674641185,13.250839143138535,11.066083998842704,10.966599123685585,11.001509638331044,2.267413139093147,5.289714345354248,12.668313920536741,10.723169555827894,11.519185412435236,14.415727246368201,10.149842135195732,8.367392220546787,1.2604943373035387,0.3245908668620024,0.5529702959589298,6120.0204522844515,1.4113918031725239,0.29443715152468186,0.8996787220880943,0.5324646797059608
137.8085919200348,113.87230936022024,125.49537630312932,300.81508509185375,87.35697537375265,176.15718803600336,31.368338880399563,15.145033668207077,22.712269268577433,32.943719777763924,87.3542565380023,190.57416279116663,148.97222667263313,76.1378034067338,128.68485275929118,35.07036771775183,10.826129718169707,9.649800624503293,1.1763290936664146,2.99290521262073,0.6452251225432107,0.3171495261089271,0.0797322192839244,17.81530915216738,7.135768650337944,5.954275157237193,4.725265344592241,1.5687753306298322,123.220739560078,0.3348817265775745,49.59035526605843,45.83740799833716,2.2668341708542714,$C_{a}^{syst}$,[ml/mmHg],7.390595467246331,13.236221539286076,11.056128834306536,10.956907557307172,10.991624000886876,2.265244875669698,5.285266763331485,12.65360045095523,10.710852029978593,11.506047545258514,14.399247108234576,10.140151234547421,8.35761545738525,1.259059801831464,0.3245908668620024,0.5529702746577909,6114.988276162685,1.410542650233527,0.2943957584016777,0.8991361750106193,0.5323898442531406
137.56562471052456,113.89761256728404,125.39191111603019,300.48608716955124,87.28532415460377,175.9746021933484,31.33931897548553,15.128716705388115,22.690025009702484,32.91154171701052,87.28244518449212,190.45940587249405,148.80958998066376,76.05121504878392,128.56934757565728,35.04652355277312,10.806187024116237,9.631625150458143,1.1745618736580936,2.9873450346247106,0.6433968964558358,0.31658410778865004,0.07957925548699776,17.800656893283666,7.12982134327791,5.949291821671887,4.721543728333862,1.5687774498527638,123.04612769393817,0.3348817265775745,49.601091900012285,45.827321987408006,2.291457286432161,$C_{a}^{syst}$,[ml/mmHg],7.380841160151417,13.221684508779074,11.046210704903315,10.947249020216944,10.981775356787805,2.2630895882397195,5.280845645126808,12.638970511532815,10.69860752051092,11.492983565950846,14.382858344974524,10.130524925525451,8.347890561544265,1.2576325084847324,0.3245908668620024,0.5529702498525049,6109.972690822264,1.4097000714116983,0.2943552023699751,0.8985978677498229,0.5323165259767396
137.3259376649456,113.92054823611402,125.28879907487699,300.158359145057,87.21392751048938,175.7928400585394,31.31036834309133,15.11244995832701,22.667847685618355,32.87940956858605,87.21097331382626,190.34485629566035,148.6475836078061,75.96496097768721,128.45431004965852,35.0227747727033,10.786329296350985,9.613529009339715,1.1728002870112708,2.981803183911068,0.6415825922432883,0.3160203689810334,0.07942690216175964,17.786036279957056,7.123886377739111,5.944319741210588,4.717830161007357,1.5687794886071917,122.87259719372724,0.3348817265775745,49.61176318753765,45.817352257926274,2.3160804020100505,$C_{a}^{syst}$,[ml/mmHg],7.371139130350093,13.207208250324886,11.036326473159301,10.937620540063648,10.971960540150263,2.2609406181606944,5.276439598589538,12.624403728658613,10.686403572846938,11.479971159199275,14.366544715646246,10.120938435249554,8.338205900881338,1.2562110433497744,0.3245908668620024,0.5529702297360204,6104.974925734257,1.4088643947258208,0.29431429407681725,0.8980640076934279,0.5322425661455924
137.08807456955716,113.93995337051953,125.18474955991144,299.82840961123753,87.14227925498187,175.61050519399183,31.281506066947998,15.096186475866155,22.64571483040956,32.84740933419574,87.14007946606151,190.2309131028545,148.48534659536674,75.87850819883685,128.33920021541053,34.999182624183995,10.766403958448286,9.595355798002922,1.1710481604453646,2.9762329153422638,0.6397653765288432,0.31545990299021676,0.07927512158106961,17.771287243011678,7.117901548454334,5.939306568390183,4.714079126167157,1.5687814390564492,122.69853817407056,0.3344529407560923,49.622475123978674,45.807528358414814,2.34070351758794,$C_{a}^{syst}$,[ml/mmHg],7.361409621441564,13.192709883976836,11.026493948330492,10.92803519246787,10.962189362969141,2.2587945916332117,5.272039735485767,12.609816335959701,10.674177240074142,11.466938653555651,14.35020404903143,10.111370951942662,8.328498722975723,1.2547977644487502,0.3245908668620024,0.5529702152775898,6099.959547848731,1.4080253491539925,0.29427216028763786,0.8975280520917278,0.5321663846576509
136.85411843837986,113.95806116733952,125.0818155878562,299.5009261239815,87.07099404339074,175.42965946273404,31.252635864700487,15.080007158450291,22.623611380597396,32.81540370675016,87.06870655504406,190.11652093246389,148.32416603788835,75.79275514843177,128.22413779003173,34.97545801558317,10.746627835462682,9.577334199601758,1.1692936358609243,2.970703779943387,0.6379686589191164,0.31489826734478166,0.079123535850716,17.75669727976714,7.111981558516908,5.934349687927922,4.710366033322308,1.5687833158129534,122.5261969888383,0.3344529407560923,49.63299496222698,45.797548854775194,2.3653266331658296,$C_{a}^{syst}$,[ml/mmHg],7.351773931644095,13.178310682465543,11.016638508792646,10.918428176210169,10.952402326316188,2.256650013526497,5.267631183431103,12.59532571067088,10.662043958801101,11.453994381778026,14.333972483314755,10.101773848135963,8.318867932031509,1.2533773655941187,0.3245908668620024,0.5529701951210167,6094.969583037352,1.4071987845662919,0.29423166765655995,0.8970000957953027,0.5320931765448367
136.62340211337818,113.9742970060194,124.9794290538413,299.1751939709351,87.00010064336284,175.25002737453812,31.223970942770073,15.063934576370599,22.60166397098558,32.78362645538174,86.9978558594656,190.00297304338707,148.16410343775215,75.70760245778685,128.10990384626487,34.951955804246786,10.726986019694756,9.55943264857018,1.167553371124577,2.9652073018940843,0.6361880837035502,0.31434120937745713,0.07897316912846845,17.742152111948354,7.106078484779961,5.929405719501798,4.706667907666594,1.5687851214860877,122.35516217377278,0.3344529407560923,49.64341629312806,45.78762872284093,2.3899497487437187,$C_{a}^{syst}$,[ml/mmHg],7.342202551805585,13.16401007087865,11.006833420261335,10.908868415556876,10.942666203315305,2.254520964031723,5.263256020060056,12.58093680622552,10.649993468903705,11.441140352057083,14.317856799449165,10.09225575641222,8.309303912047707,1.2519696603061397,0.3245908668620024,0.5529701748549378,6090.007045035399,1.406379547482824,0.29419134298232674,0.8964768521966735,0.5320202722678538
136.39542326232663,113.98834666806866,124.87717488573396,298.8498750809907,86.92933191339712,175.0709310791916,31.19536788228931,15.047904309857707,22.57976444791422,32.75189248693552,86.92704082035728,189.88958167179607,148.0044848575593,75.62271761427313,127.99587302689022,34.92847761794865,10.707397339631424,9.541579845531503,1.1658174940999215,2.9597210604345476,0.6344170881554944,0.3137854845200312,0.0788232529189613,17.727605616747564,7.100174260941907,5.924460965368176,4.70297039043748,1.5687868556322961,122.1848072575886,0.3344529407560923,49.65377825863935,45.77767777202302,2.4145728643216082,$C_{a}^{syst}$,[ml/mmHg],7.332673344207689,13.14975028966858,10.997041635751115,10.899318658840844,10.932943412201944,2.2523957744145906,5.258889404439347,12.566589854059332,10.637975637791524,11.42832226958803,14.301788535979245,10.08275492974518,8.299767975600476,1.2505636733774772,0.3245908668620024,0.5529701545516439,6085.053233937799,1.4055647796685538,0.29415140567585557,0.8959564995220742,0.5319480685433334
136.1702892734215,114.00041149693753,124.77524463991347,298.5254238484651,86.85875396040875,174.89257652662306,31.166834455023103,15.03193268579685,22.557925410804092,32.72022983402136,86.8562730545994,189.77638336727574,147.84550049558834,75.53812336941785,127.88213279334073,34.905036820730274,10.687885243870795,9.523798609277156,1.1640866345936394,2.9542522858256577,0.6326577179455443,0.31323125516596784,0.07867388084770671,17.71309610026407,7.094284801819207,5.9195297642942535,4.699281534150611,1.5687885179916183,122.01533237011479,0.3344529407560923,49.66405989632536,45.7676932785181,2.4391959798994978,$C_{a}^{syst}$,[ml/mmHg],7.323183622017491,13.135545780887073,10.987283200131147,10.889798784813303,10.923253504005805,2.250276714255892,5.254533840034448,12.552298777302358,10.626002842483802,11.415553848599746,14.285782333757957,10.073284795600781,8.290269757996029,1.249160272966261,0.3245908668620024,0.5529701340436409,6080.112777228613,1.4047557305016236,0.2941119939946865,0.8954398342359163,0.5318768155595812
135.94794540533192,114.0105573699084,124.6736631664426,298.20187120737626,86.78837653267595,174.71503999917874,31.138440593826203,15.016038073864417,22.53619258623403,32.68875961392103,86.78597406181396,189.66375433659906,147.68729494094802,75.45396986442715,127.76879560107983,34.88175762165879,10.668461661234925,9.506095399713237,1.1623662615216885,2.9488035990935813,0.6309099780256213,0.31268044134792916,0.07852535601861094,17.69862975638662,7.088413679798254,5.914613694473524,4.695602382114843,1.5687901149497672,121.84674193646603,0.3344529407560923,49.67424472047965,45.75780668550598,2.4638190954773873,$C_{a}^{syst}$,[ml/mmHg],7.31374454056705,13.121408977081469,10.97755784337817,10.88030917008233,10.91359694132135,2.2481665510789504,5.250193002285759,12.538078166896108,10.614094142736523,11.40284854948713,14.269855730258353,10.06384484388687,8.28081812482451,1.247765724787019,0.3245908668620024,0.5529701129798918,6075.186357287317,1.4039523125610092,0.29407225064374504,0.8949267968876536,0.5318049633080959
135.72808134924762,114.01872675428753,124.57220893576208,297.8789230169125,86.71816756858334,174.53800704753243,31.110092020774992,15.00018094591735,22.514502470556945,32.65730513160487,86.71589881664725,189.55124867261708,147.52950257389264,75.37007595919367,127.65568709009828,34.85849691908886,10.649091309893754,9.488441512162293,1.1606497977314614,2.9433651481076892,0.6291720519582842,0.312130766666937,0.07837728119138067,17.684160305719274,7.082540256297939,5.9096960315084175,4.691924017912917,1.5687916450682247,121.67886395672072,0.33402415493461013,49.684403434815856,45.7479966098342,2.488442211055277,$C_{a}^{syst}$,[ml/mmHg],7.304346599882805,13.107316247697423,10.967846662277463,10.870830595819879,10.903954409886557,2.2460611708041087,5.245862345332728,12.523898264625311,10.602209230486954,11.390176315703386,14.25397594099329,10.054431474215518,8.27139388877169,1.2463725720970409,0.3245908668620024,0.5529700923471265,6070.271729800834,1.4031530804717223,0.29403226517487946,0.8944164668920715,0.5317326727867607
135.51099470405902,114.02526661778833,124.47122155578604,297.5570768022622,86.6481497276942,174.3618968959653,31.081883926278127,14.984408907420663,22.49292070117069,32.62601595068211,86.64559465019825,189.43927760399973,147.3725904420578,75.2866897677588,127.54309575995967,34.835383040721275,10.62981919557819,9.470876547861543,1.1589426477166458,2.9379508775478262,0.6274460931275978,0.31158400762912497,0.07823007680853591,17.669747927780847,7.076690536119905,5.9047984764101855,4.688258915250754,1.5687931060799651,121.51190983386388,0.33402415493461013,49.694429385219216,45.73792496787311,2.513065326633166,$C_{a}^{syst}$,[ml/mmHg],7.294996358142874,13.093296407192147,10.958180899836137,10.861394184701794,10.894356961925261,2.2439659414935753,5.241551993611115,12.509797907807945,10.590400244799785,11.377576892024592,14.238181647284643,10.045060659723532,8.262023848096465,1.2449874100455707,0.32501965268348454,0.5529700726496567,6065.3704809385945,1.4023601221230306,0.29399436504436594,0.893910176356645,0.5316641525202954
135.29622824716196,114.02989559553433,124.3703332628331,297.23571245593894,86.57827442601476,174.1862791829176,31.053745215376278,14.968674848786785,22.47139158240592,32.59482635378304,86.57582094449369,189.32759977055505,147.2160331156007,75.20340070086836,127.43062161220286,34.81229157249855,10.610600784622807,9.453358981477587,1.157241803145221,2.932547225634904,0.6257287830958226,0.31103933088229374,0.07808335332308064,17.65533886232178,7.070842240968071,5.89990190349961,4.6845947178541,1.5687945096880995,121.34556209261437,0.33402415493461013,49.70441692201062,45.72805076989007,2.5376884422110555,$C_{a}^{syst}$,[ml/mmHg],7.285676729510123,13.079310449535752,10.948522851446485,10.85196285404684,10.884767436955983,2.2418749542192993,5.237245820453472,12.49573297338923,10.578616540434378,11.365006309239638,14.222431066563875,10.035707579269086,8.252672499520788,1.2436043151691305,0.32501965268348454,0.5529700516521914,6060.479209821033,1.401570577573822,0.29395524667012746,0.8934060955201047,0.5315934304070056
135.08279378355215,114.03168625118754,124.26864716576212,296.9132529666987,86.50844102369769,174.01053943544275,31.02576086056278,14.952972800476312,22.44995825039066,32.5637961708932,86.50664168990556,189.21681357867232,147.05957589343717,75.12010748031265,127.31866074373758,34.78945750930755,10.591374249020921,9.435820166222044,1.1555540827988777,2.9271345896999335,0.6240118193334178,0.31049910747823256,0.07793751154570147,17.64078982962458,7.064936295097143,5.894956497453785,4.680897037073649,1.568795848653959,121.17901682535737,0.33402415493461013,49.714483561952285,45.718263643594206,2.562311557788945,$C_{a}^{syst}$,[ml/mmHg],7.276351075586823,13.065337639441319,10.93894323775706,10.84260130298355,10.875247684522524,2.2397941368077374,5.23297461554122,12.481679261960556,10.566827506736361,11.352441603744,14.206689402474582,10.026437713669864,8.243318737818957,1.242235377544049,0.32501965268348454,0.5529700321557259,6055.590871658838,1.4007767957829942,0.2939154487384628,0.8928993514260465,0.5315214779228599
134.87291512884394,114.03300161036847,124.16836452259426,296.5937605909071,86.43900677187158,173.8364096676953,30.997819948741164,14.937371072135662,22.4285919202438,32.53281370661261,86.43721013506543,189.1058286218316,146.9044006780621,75.03766212942607,127.20698227408509,34.76657125580098,10.572318247597675,9.418450734442406,1.1538675131552694,2.9217691284852876,0.6223165359221948,0.30995884717427263,0.07779217443356042,17.626446610020945,7.05911447434422,5.890082808019702,4.677249327657021,1.5687971361546895,121.01434805332401,0.33402415493461013,49.724339646169575,45.70837967555198,2.5869346733668346,$C_{a}^{syst}$,[ml/mmHg],7.267121689139047,13.051477025483083,10.929352346908455,10.833231169207709,10.86572467759173,2.237718513329355,5.2286992928943805,12.467740157272802,10.555149059202405,11.339983034900724,14.191078914439371,10.017152604683508,8.234055156029934,1.240863810998136,0.32501965268348454,0.5529700123507522,6050.73047403101,1.3999969755865325,0.29387714056055336,0.8924015370260641,0.53145221982516
134.66531588601703,114.03265373519218,124.06831533454725,296.2748267087826,86.36969407746837,173.6628409570874,30.969936954921288,14.921809324614,22.40727319802202,32.50191125155336,86.36793977931343,188.9950469423604,146.74963142575925,74.95537485736688,127.0954631665656,34.74370946188912,10.553322678445317,9.401136797749439,1.152185880695878,2.916417223147295,0.6206302556126402,0.3094201763175438,0.07764725485964244,17.612132854813744,7.053304785771296,5.885220094462378,4.673607974580069,1.568798362024854,120.8503288139606,0.33402415493461013,49.73412481419129,45.69852023987374,2.6115577889447237,$C_{a}^{syst}$,[ml/mmHg],7.257926811728764,13.037656302710298,10.919784098614413,10.823881047925747,10.856224042804843,2.2356465510355465,5.224429080145445,12.45383860129327,10.543503680815707,11.327558212554187,14.175513132132808,10.007885972757123,8.224815107418253,1.2394940203286815,0.32501965268348454,0.5529699911495207,6045.878585422785,1.3992214526725681,0.2938387553964065,0.8919064977009459,0.5313828238410749
134.4599864966982,114.03077823128756,123.96854112624324,295.95679188621847,86.30059608650014,173.48997113630418,30.942168143617767,14.906317854761697,22.386043057098195,32.47112289175101,86.29887080189809,188.88469749655454,146.5955523439342,74.87352522762191,126.98442272373195,34.720987218167714,10.534405595680349,9.383893344682347,1.1505122509980024,2.9110835728859352,0.6189543721068889,0.30888399998219807,0.07750309391942888,17.597835467518316,7.047500971800578,5.8803615486570475,4.66997294706069,1.568799531763309,120.68709786434512,0.33402415493461013,49.74385292778519,45.68865130192575,2.636180904522613,$C_{a}^{syst}$,[ml/mmHg],7.248779739683196,13.023894010980767,10.910242552931624,10.814555066389078,10.846750385968067,2.233584350403293,5.2201801256818765,12.440002788955434,10.53190879912588,11.315188873465148,14.16001574392339,9.998661179288664,8.2156184260035,1.2381318727793746,0.32501965268348454,0.5529699704369937,6041.041726055009,1.3984503391306704,0.2938008050020326,0.8914143017105771,0.5313142136269201
134.2569991412627,114.0275446931866,123.86916234876094,295.6398644668224,86.23173064873502,173.3178947975652,30.91448165234378,14.89088268685815,22.3648829321551,32.44042619904446,86.22995258708447,188.77463034598014,146.44207804810554,74.79194699724397,126.87372138648566,34.698281810850226,10.515576300836255,9.366731484056732,1.1488448167795227,2.9057717575273188,0.6172898213575315,0.30834977078702247,0.07735950432660461,17.583587821469827,7.041717010718634,5.875520667557535,4.666350143193657,1.568800652229066,120.52475006219538,0.33402415493461013,49.753506843279766,45.6787823814275,2.6608040201005028,$C_{a}^{syst}$,[ml/mmHg],7.2396603637258305,13.010190437293764,10.90073871139022,10.805263999068107,10.837313936991377,2.231527983744459,5.215943601998842,12.426220871341012,10.520360771979147,11.302869511377777,14.144589213568329,9.989467344771231,8.2064581573368,1.2367717191460244,0.32501965268348454,0.5529699489930496,6036.221145411451,1.397684462035825,0.29376311050187753,0.8909254723026111,0.5312460668736447
134.05601211524646,114.02275068969513,123.76990946167106,295.32345745050793,86.16300619017579,173.1462536984842,30.886867997106602,14.875491089898599,22.343780919985992,32.40980582755876,86.161489857916,188.66483867265734,146.2890596240743,74.71067049101376,126.7632055566193,34.67566927270596,10.496797775547343,9.349614314124823,1.1471834614225198,2.9004697662506462,0.6156336134748915,0.30781742938951556,0.07721649801801285,17.569361642556174,7.0359429008680525,5.870688461454203,4.662730280233921,1.5688017174837452,120.36299649357049,0.3335953691131279,49.763136279124765,45.66907668864062,2.6854271356783923,$C_{a}^{syst}$,[ml/mmHg],7.230576761301547,12.9965255704612,10.891252845163374,10.795988320854933,10.827895140908355,2.2294771456004874,5.21171241283002,12.412483978737487,10.508842874676509,11.29058628642677,14.129209895106017,9.980287619757426,8.197327026244684,1.2354162134908002,0.32501965268348454,0.5529699299407308,6031.410433312305,1.3969219716859664,0.29372465975134154,0.890438833740275,0.5311765502019684
133.85700347404247,114.01643063348213,123.67080435311931,295.0073230019787,86.09435223269836,172.9750822449001,30.859306526167945,14.860137543768197,22.32271844171315,32.37923719163157,86.0927720709768,188.55516646149218,146.13641664611225,74.629590517862,126.65285097718458,34.65307478210287,10.478068258381146,9.332542646695796,1.1455256116853512,2.895179079639235,0.6139845978793815,0.3072861778047338,0.07707382694540899,17.555140005778025,7.030170026598391,5.865857234832749,4.659112744346882,1.5688027273347596,120.20172694255372,0.3335953691131279,49.77269044497692,45.65919549521289,2.710050251256282,$C_{a}^{syst}$,[ml/mmHg],7.221517698100938,12.982893194120678,10.881776732569792,10.786720275080798,10.818486387264496,2.227428391712777,5.20748714275397,12.398780389392918,10.497359223210134,11.278334704758265,14.113867668021188,9.971115902511405,8.188219231398406,1.2340620473186688,0.32501965268348454,0.5529699102154401,6026.604656288885,1.3961627426810639,0.2936874043861782,0.8899543061433901,0.5311091959266934
133.66032430372954,114.00900015424982,123.57222424029578,294.6926785033343,86.02596901253168,172.80486406106456,30.831902396460816,14.844869912049587,22.30177156094162,32.348844550344964,86.02413694012235,188.4461331434376,145.9846569565102,74.54898538583019,126.54321429809846,34.63065893683252,10.459447483657673,9.315569328129822,1.1438781555278503,2.889916157541354,0.612347796982964,0.30675824322704326,0.07693206389809912,17.540967003382836,7.024415481956165,5.861040905437239,4.655510615989438,1.5688036885970726,120.04143592372955,0.3335953691131279,49.782145589450785,45.649191896468494,2.734673366834171,$C_{a}^{syst}$,[ml/mmHg],7.212514117209149,12.96934413206941,10.872353766250441,10.777502893398607,10.809130681429739,2.2253936364469893,5.203295099456863,12.38515745992476,10.485945143900578,11.266155119733417,14.098618528081298,9.962033751255113,8.179164583341464,1.232718298043849,0.32501965268348454,0.5529698869882409,6021.817830877218,1.3954092851455442,0.2936512876228489,0.8894734856171909,0.5310439040762693
133.46540576788692,113.99996118092116,123.47367761910594,294.378544801537,85.957747405719,172.6350270005712,30.804535878248274,14.829636098071079,22.280861261988445,32.31850378739364,85.95618681273731,188.33720042146774,145.83319535254734,74.46852528038484,126.43348836725106,34.608230399913545,10.440871176187628,9.29863615952567,1.1422350166619575,2.884661939801617,0.6107186128510947,0.3062316444458018,0.07679072005092887,17.526822459650614,7.0186749963125,5.856237347403166,4.651910115934949,1.5688046060792107,119.88167628561776,0.3335953691131279,49.79160307104687,45.63951604907659,2.7592964824120605,$C_{a}^{syst}$,[ml/mmHg],7.203539739834335,12.9558194699243,10.862934859734438,10.768287183499462,10.799778677834704,2.223359607244117,5.199092353627514,12.371562930275527,10.474548564905312,11.25399874154188,14.08340013760914,9.95291514281006,8.170128218476256,1.2313736473922905,0.32501965268348454,0.5529698681231657,6017.04231840033,1.3946581885141596,0.2936133264113541,0.888994195395511,0.5309752725006639
133.27248958690606,113.98970322465046,123.37544234615811,294.06493475611313,85.88960455382421,172.46571344824687,30.777216620960225,14.814437703118363,22.259992076112454,32.28821313723832,85.88798916415651,188.2284094358794,145.68220339547963,74.38838556820575,126.32409202132771,34.58588003550639,10.42235193809095,9.281756578336639,1.1405953597543108,2.879421229639879,0.6090977046433077,0.3057060778164977,0.07664975948200256,17.512707280795315,7.012945323013139,5.851443775256153,4.648318182526023,1.5688054702180576,119.72251458656491,0.3335953691131279,49.80097367561569,45.629663142542,2.78391959798995,$C_{a}^{syst}$,[ml/mmHg],7.194594745959766,12.942338335040692,10.853548437947463,10.759101562187592,10.790458760573648,2.221330715669018,5.194904660490447,12.35801133791036,10.46319329811982,11.241881601659014,14.06823037870565,9.943837265958154,8.161123358330178,1.230032483548796,0.32501965268348454,0.5529698481714116,6012.272318767695,1.3939115822979335,0.2935766360263593,0.8885177982609823,0.5309089401477735
133.08154166656584,113.97823524542665,123.27751364321934,293.75246078243134,85.8217396066841,172.29718855904588,30.750049838331304,14.79931598521148,22.239237870346848,32.25808976405438,85.82022060564839,188.12027978907966,145.53190050511776,74.30854798186833,126.21521007968012,34.563640881937815,10.403926770410603,9.264959897454395,1.1389668729562088,2.8742037329164436,0.6074872823089204,0.30518417131740405,0.07650967947780274,17.498614329238162,7.007224079751911,5.846655889336813,4.64473436014944,1.5688062912881955,119.56417110224596,0.3335953691131279,49.81029599172663,45.61986655658282,2.8085427135678396,$C_{a}^{syst}$,[ml/mmHg],7.185693140648146,12.928923440987392,10.844191594422924,10.749943165442158,10.78116843531097,2.2193115989215695,5.190739036287952,12.344526052242758,10.451886100608924,11.229820082652553,14.053133737936646,9.934810436351123,8.152156485077402,1.2286981327415574,0.32501965268348454,0.5529698281009532,6007.521772467888,1.393168813056009,0.29353986043811336,0.8880438718231012,0.5308424538210484
132.8924708526498,113.96557725195922,123.1798562189264,293.44045319816337,85.75395778658188,172.1291947028654,30.722902392025677,14.784237067728323,22.218507399364295,32.228006665386665,85.75211728176467,188.01208651592069,145.38207694187312,74.229046976192,126.10640656897971,34.541426672116344,10.385556029655628,9.248216431024055,1.1373395986315742,2.8690000727602545,0.6058846552983052,0.3046624778450344,0.07636987932227214,17.484575703026664,7.001526250839617,5.841889497048542,4.641159955138508,1.5688070642565706,119.40638378744441,0.3335953691131279,49.819531157752145,45.60989608213473,2.833165829145729,$C_{a}^{syst}$,[ml/mmHg],7.17682535153618,12.915544634693184,10.834857870146623,10.740805772492505,10.771900935415445,2.2172949274911162,5.186572527266666,12.331080164199042,10.440626383397005,11.217798718012684,14.03808363301816,9.925779682733616,8.143223612929683,1.2273651458336037,0.32501965268348454,0.5529698080151829,6002.777045060731,1.3924300040426614,0.293504464094398,0.8875724974520744,0.5307784617534476
132.7052127812217,113.9517494755316,123.08244047008193,293.1297033038652,85.68648792830369,171.9618763201245,30.695879772503464,14.769216011816727,22.197870142962007,32.19803458200088,85.68483026293254,187.9044441454816,145.2328109056239,74.14979590647779,125.99811712606304,34.519324012230065,10.367269572794532,9.231547567353852,1.1357220054406798,2.8638161927927186,0.6042925744242947,0.3041439255184494,0.07623087344117659,17.470542891682747,6.995829092317405,5.837122455971624,4.6375913433937175,1.5688077989869487,119.24942665966411,0.3335953691131279,49.8287700517931,45.60021486058766,2.857788944723618,$C_{a}^{syst}$,[ml/mmHg],7.167998787230388,12.902222843934439,10.825550076976635,10.731692207974545,10.76265945184124,2.21528869512607,5.182428955863788,12.317688398796534,10.429395440431255,11.20582080711654,14.023093423075352,9.916802512244034,8.134321985427471,1.2260386326993766,0.32501965268348454,0.5529697869733828,5998.054154981259,1.3916946480458328,0.2934674982052911,0.8871033462126552,0.5307116322060778
132.51860832411754,113.93551120407065,122.98416420090061,292.81824474148385,85.61924581824007,171.79474650301316,30.669100922087384,14.754265431543875,22.17739139986814,32.168363500867095,85.61830244012263,187.7981123603419,145.08399732467055,74.07068897958833,125.89048151844499,34.49754477213997,10.349014637056673,9.214891426188913,1.1341232108677595,2.8586372733232124,0.6027007048023627,0.30363177274351183,0.07609310972305706,17.456377239332596,6.990078933001332,5.83230980808053,4.633988498250736,1.568808503877427,119.09228226262158,0.3331665832916458,49.838104808832654,45.59060864032572,2.8824120603015078,$C_{a}^{syst}$,[ml/mmHg],7.1591738527009525,12.888932946033577,10.816332583482657,10.722660314003921,10.75349876932848,2.21329621460827,5.178323243821015,12.30433792979814,10.41819391870518,11.193877177886094,14.008144910369518,9.907922716036342,8.125436341514853,1.2247302349802893,0.32501965268348454,0.5529697682617228,5993.347207276805,1.390952245893884,0.2934300238103643,0.8866297208716309,0.5306438808269219
132.33487532170608,113.9194303207482,122.88725519480722,292.5086420882035,85.55202146087025,171.62854212226034,30.64224426068592,14.739343419703806,22.156884945659463,32.138589830308234,85.55087858645233,187.6911144120077,144.9357765111458,73.99203241439565,125.78278570723202,34.475598970223224,10.330855434189154,9.1983376327797,1.132517801409454,2.853484406373284,0.6011243874396024,0.3031170707478817,0.07595520624783131,17.442407882318783,6.984408185765016,5.827565401045893,4.630434295507876,1.5688091496083978,118.93646642157454,0.3331665832916458,49.84719930786739,45.58067591769765,2.9070351758793973,$C_{a}^{syst}$,[ml/mmHg],7.150412061700663,12.875702628227668,10.807079602953282,10.713597261701118,10.744311540722748,2.211301400237267,5.17420154940328,12.291041041814378,10.407051572320466,11.18198552388858,13.993259092468888,9.898999939930025,8.116598980440578,1.2234128232765544,0.32501965268348454,0.5529697478003583,5988.641502260917,1.390223917455576,0.2933950530095015,0.8861651003263209,0.5305806586645813
132.15294791302026,113.90232427954263,122.7906909721928,292.200412701789,85.48511059700004,171.46310821853433,30.615489913755038,14.72449148682306,22.13646079126564,32.10894259998655,85.48423933383951,187.58446794986793,144.78825138918194,73.91377575911315,125.67547091544978,34.45376448529484,10.312787432596641,9.181867360400512,1.1309200721961294,2.848354526763923,0.5995590343744962,0.30260479813464225,0.07581799544102012,17.428489114494344,6.978758002838662,5.822838620805808,4.626892490849875,1.5688097642173455,118.78153097511625,0.3331665832916458,49.856270240970424,45.57106474118381,2.931658291457287,$C_{a}^{syst}$,[ml/mmHg],7.141698369949041,12.86253305526876,10.797861677859295,10.704567196925044,10.735159052190326,2.2093150470844876,5.17009513242119,12.277809338172045,10.395957408367984,11.170148839524828,13.978446594304598,9.890105161280985,8.107804924203974,1.2221015413843843,0.32501965268348454,0.5529697271430977,5983.957741790003,1.3894996467289438,0.2933584325331776,0.885703084224583,0.5305144533839232
131.97260821083287,113.88407066929022,122.69429866880488,291.8927788241459,85.41833050876151,171.298168308263,30.58878685703973,14.709673348251794,22.11607987336701,32.07934417971771,85.41741653940323,187.47801053597703,144.6410576638986,73.83565103346285,125.56834736904958,34.43192350200763,10.294776149815227,9.165449684759638,1.1293264650555903,2.843238863217711,0.5980008460341752,0.3020938160513402,0.07568116974361519,17.4145867341749,6.973114242703345,5.818117434964531,4.623355056507025,1.568810336201547,118.6271020830769,0.3331665832916458,49.865291235949044,45.56129878656443,2.9562814070351764,$C_{a}^{syst}$,[ml/mmHg],7.133011714327905,12.849396076523602,10.788659249055963,10.695550542399408,10.726021887569283,2.2073318274125895,5.165994656876697,12.264607110138867,10.38489004265098,11.15834019890755,13.963670522365359,9.881225893805752,8.099030003016248,1.2207907299672724,0.32501965268348454,0.5529697069496787,5979.283135613306,1.3887780453741028,0.29332289124139344,0.8852427940630834,0.5304501992693903
131.7941030579487,113.86498152354588,122.59834500974799,291.58638058225785,85.35179218395304,171.13406079660967,30.562227832210084,14.694938658801869,22.095811086885803,32.04990961911365,85.3506609967154,187.37212216126602,144.49468850359,73.75799084789153,125.46179906078274,34.410237073246456,10.255105344240302,9.12736275502283,1.1277425892174733,2.8381482832132687,0.5876089342756868,0.30158594114336,0.07554519268488116,17.40073479336188,6.967490913357283,5.813412897069939,4.619830982934655,1.5455489581425879,116.71680200637212,0.333595369113128,49.8742283018647,45.55141928918137,2.9809045226130655,$C_{a}^{syst}$,[ml/mmHg],7.124370038730202,12.836327826102488,10.779499841263009,10.686575041387496,10.71692770865801,2.205358742690097,5.161915379390527,12.251481318517346,10.373888728139631,11.146598795827058,13.948977059849668,9.872406937345204,8.090305163877485,1.2194885418406,0.32501965268348454,0.5529696862309276,5974.625452876712,1.3674792177160167,0.29328847053393164,0.8847854417756057,0.530387972138224
131.6170023532547,113.84477577026409,122.50246395007146,291.28029297916186,85.28532073817603,170.97015538157473,30.535677700681134,14.68021699494999,22.07555086844566,32.02048494823556,85.28441203302695,187.26619653862917,144.34850221227205,73.68043567784753,125.35524070462635,34.3885405226342,10.23727386315972,9.111113446095645,1.1261604170640749,2.8330621025905796,0.5860897047653738,0.3010785620145023,0.07540941240178832,17.386894702025003,6.961872188551223,5.808713266797324,4.616309246676454,1.5455489581425879,116.565822025935,0.333595369113128,49.88316267703827,45.54180819037168,3.005527638190955,$C_{a}^{syst}$,[ml/mmHg],7.115748652194021,12.82328098792376,10.770348733108133,10.677605960588963,10.707841464335754,2.2033866069943544,5.157838512542705,12.238372652988552,10.362896502785494,11.13487132301617,13.934303557635173,9.863578250550207,8.081593242540341,1.2181860472115342,0.32501965268348454,0.5529696665610866,5969.972451672322,1.366774739392602,0.29325239921400287,0.8843296307062097,0.5303227590000315
131.44158861702405,113.8237145020142,122.40694401815557,290.97518415391744,85.21905743853824,170.80698336232382,30.50926470650209,14.665563663944392,22.05538755330918,31.991219342886353,85.21825343416526,187.16083508996502,144.20299534021262,73.60328476342758,125.24918043148297,34.367004535822396,10.219528316016058,9.09494083030636,1.1245874857096987,2.8279980034344026,0.5845795698608662,0.3005741393993581,0.0752744320273487,17.373100186575495,6.956272625760214,5.804029118771395,4.612798442043882,1.5455489581425879,116.41555180926468,0.333595369113128,49.892021837167846,45.532097243102335,3.0301507537688446,$C_{a}^{syst}$,[ml/mmHg],7.107170369608951,12.810292012313727,10.761233224036163,10.668670698088654,10.698790868610297,2.2014238218558746,5.153779004279891,12.225325697545312,10.35195853770937,11.123198959508132,13.919699533051315,9.854797850133188,8.07292186971822,1.2168922293761095,0.32501965268348454,0.5529696463497008,5965.334020697677,1.3660741541670536,0.2932172808309374,0.8838763385462575,0.5302592696842265
131.2678014787084,113.80179531153375,122.31175438614756,290.6713004468065,85.15308466955825,170.64459114765813,30.482936273096936,14.650973770651564,22.035299223156994,31.96203605854985,85.15221879488288,187.0557428358817,144.05812156949196,73.52644543406974,125.14348764961969,34.345513026310776,10.201872491068595,9.07885195139206,1.1230205396765356,2.8229581504926338,0.5830792281220255,0.300071586660898,0.07514001483362863,17.359345788883623,6.950688539668509,5.79935834955749,4.609298899657623,1.5455489581425879,116.26606375488302,0.333595369113128,49.90084015957799,45.52237611308916,3.054773869346734,$C_{a}^{syst}$,[ml/mmHg],7.0986320999505494,12.79736368330745,10.75214860545941,10.659764401032742,10.689770896064264,2.1994666097469753,5.149733035356803,12.21233559322234,10.341068874131452,11.11157833995919,13.90515935056168,9.846046517235083,8.064289426864114,1.2156013511897883,0.32501965268348454,0.5529696261880326,5960.7159268690775,1.3653770054961671,0.2931825439273438,0.8834252699034859,0.5301964701902986
131.0952914543185,113.77879446588793,122.21660513334416,290.3673000629932,85.08707347579568,170.48231158074788,30.456633573473287,14.636389887768255,22.015224226113066,31.932900846035544,85.08633394966681,186.95079532353,143.91332890196165,73.44961850760842,125.03780863168653,34.324022878683685,10.184233966168474,9.062777194770623,1.12145677139785,2.817920012103133,0.5815829126003725,0.29957006338073744,0.07500585995172195,17.345596269078637,6.945107164420389,5.794690060563297,4.605799044094949,1.5455489581425879,116.11678518079792,0.333595369113128,49.909619764567026,45.51268894171838,3.079396984924623,$C_{a}^{syst}$,[ml/mmHg],7.090104483723285,12.784438819495499,10.74306997125124,10.650862488565368,10.68075674843994,2.1975120016973486,5.1456880873608455,12.19935663620827,10.330186314943981,11.099964848690295,13.890629960644052,9.837297079188255,8.055660470349878,1.2143112745227578,0.32501965268348454,0.5529696058968487,5956.095143305697,1.3646818539813703,0.29314751485945595,0.882975493459243,0.5301331424608894
130.92448932660656,113.75511592792891,122.12192017989928,290.06474881519375,85.0213777893909,170.32096277049234,30.430463499222828,14.621893286055993,21.995257408564513,31.90389531575611,85.02035040182089,186.84632288463,143.76940782587613,73.37331150256298,124.93275914000206,34.302684441251046,10.166702147545047,9.046800725908566,1.119901421636481,2.8129110113861024,0.5800974137799816,0.2990711670776401,0.07487250025426279,17.331896030675207,6.939544741184358,5.790037360424208,4.6023139290666375,1.5455489581425879,115.96839564735211,0.333595369113128,49.91832855240331,45.50282236719076,3.1040201005025128,$C_{a}^{syst}$,[ml/mmHg],7.081627529909679,12.771592643245643,10.734035584383115,10.642002901798657,10.671786774393158,2.1955675886265733,5.14166747653264,12.186454452072418,10.319370427306527,11.088422002979295,13.876187421777438,9.82861142513625,8.047086244597928,1.2130293280455777,0.32501965268348454,0.5529695838963976,5951.496445257363,1.3639910180545538,0.2931140932248355,0.8825285092837001,0.5300727232761365
130.75522065160808,113.73062759318138,122.02756325308783,289.7632980580184,84.95591975986011,170.1602795909564,30.404381813537984,14.607452894663316,21.9753617806226,31.875004864137537,84.95490127527772,186.74216629482598,143.62606828989036,73.29730920976644,124.82797368065738,34.28141127769829,10.149249618732037,9.030896770355584,1.1183528483764533,2.8079223762173706,0.5786210263662005,0.2985744262393124,0.07473973976737593,17.318254571478956,6.934007093436775,5.785406131843053,4.598841346199129,1.5455489581425879,115.82072790008382,0.33316658329164583,49.92699821843458,45.49315398920246,3.1286432160804023,$C_{a}^{syst}$,[ml/mmHg],7.073191821016947,12.758801892883865,10.725032890037602,10.633173284189166,10.662848103907335,2.193629330363465,5.137656545579708,12.173605311466202,10.308599013717792,11.076925787178116,13.861806933705294,9.819937866209655,8.038547281538296,1.2117513606236374,0.32501965268348454,0.5529695635975581,5946.914383190207,1.3633037959858176,0.29307971866672494,0.882083863344071,0.5300105791718103
130.5858123241597,113.70361564178441,121.93191575479395,289.46052351860277,84.89064681442174,169.9993979290152,30.3784573149809,14.593019047928678,21.955557880710042,31.84629985433433,84.89017567959802,186.63895591493682,143.48273031030982,73.22122103949037,124.72351703133174,34.26037213003027,10.131786175668507,9.0149686701022,1.1168175055663088,2.802927843696431,0.577140721385764,0.2980822423538773,0.0746078005592564,17.30441468068547,6.928389552875514,5.780706436001779,4.59531869180818,1.5455489581425879,115.6724790553723,0.33316658329164583,49.93585144923196,45.48363189423747,3.153266331658292,$C_{a}^{syst}$,[ml/mmHg],7.0647294832251735,12.746004161778798,10.716079992381426,10.6243856544685,10.653950126145354,2.191700137793905,5.133669844040432,12.160756067118877,10.297817533536984,11.065426781441042,13.847419942593968,9.811332634829718,8.02999825968702,1.2104863136304893,0.32501965268348454,0.5529695445991044,5942.345277009522,1.3626056979898187,0.29304417534169375,0.8816321804696327,0.5299463201977007
130.41922508444927,113.67737900112641,121.8379269296877,289.1602272137589,84.82544921452745,169.83958906874426,30.35250161278979,14.5786352748232,21.935762153662196,31.817546328648472,84.8249999465836,186.5352881420668,143.34015807668484,73.14561944021007,124.61923541533929,34.239210010869286,10.11444092140872,8.999161978728957,1.1152789426797642,2.7979653480529416,0.5756777327311873,0.2975886718693669,0.07447593897606575,17.29081132077315,6.922867075791446,5.776087959992969,4.5918562849887365,1.5455489581425879,115.52577748182972,0.33316658329164583,49.9444503367195,45.47396945181771,3.1778894472361814,$C_{a}^{syst}$,[ml/mmHg],7.056344519246059,12.73327915030956,10.707117417136699,10.615592673562995,10.645051074035571,2.1897715453098088,5.12967795332372,12.147979248250872,10.28710334574435,11.053993179149089,13.833118802836754,9.802707945075266,8.021505646590013,1.2092149915554484,0.32501965268348454,0.5529695245526389,5937.781445016922,1.3619235565692052,0.293010055811116,0.8811908218073788,0.5298846370388418
130.25401438037062,113.65036940129842,121.74419466490988,288.8609673966363,84.76046173466067,169.68039140066765,30.326639078996866,14.564305464437401,21.916038652657477,31.788903738800915,84.76006528245846,186.4319902398331,143.19812531811894,73.07033465231056,124.5153122974328,34.21814836585972,10.097168748346716,8.983421501975958,1.1137472463707587,2.793021810807785,0.5742227021905724,0.29709729464269014,0.07434467542672404,17.27724048888099,6.917357831723962,5.7714804772335615,4.58840217992347,1.5455489581425879,115.37968890325986,0.33316658329164583,49.953009322400206,45.46433537153142,3.2025125628140705,$C_{a}^{syst}$,[ml/mmHg],7.047994516051722,12.720604721502998,10.698182257944497,10.60682546662893,10.636179209595884,2.187849898258635,5.125699447679806,12.13525196111782,10.27643032532737,11.042603035054016,13.818870647512638,9.794114392066074,8.013045997191439,1.2079494049756725,0.32501965268348454,0.552969504594639,5933.232321426247,1.361244223332,0.2929759991357685,0.8807512800939791,0.5298230674592772
130.09011712427701,113.62258992355375,121.65068671004396,288.56239114954695,84.69562278524835,169.52167243859432,30.300848290248855,14.55002097274096,21.89637242561396,31.760333135409347,84.69526634297011,186.32895816692124,143.05655099899028,72.99528657477711,124.41162697291638,34.197118476724995,10.079955339425617,8.967734444367249,1.1122208950583683,2.788092943443223,0.5727747168686675,0.2966075968421943,0.07421390521405305,17.263698672263356,6.911860366504971,5.76688308960701,4.5849552161513705,1.5455489581425879,115.23412382031071,0.33316658329164583,49.96153091630662,45.454698601972844,3.22713567839196,$C_{a}^{syst}$,[ml/mmHg],7.039676942322155,12.707969396713384,10.689270145676424,10.598079643246965,10.62733001312465,2.185933531890629,5.121729898657066,12.122565379857068,10.265791963097891,11.031249848033992,13.804670519882741,9.785540148863417,8.004614308981822,1.2066859006083328,0.32501965268348454,0.5529694846349982,5928.693594967384,1.360567642468311,0.2929421659706451,0.8803135192193563,0.529761902076765
129.9276242483161,113.59416714386458,121.55751122082549,288.2648102047381,84.63098697290677,169.36358704462762,30.275136148543574,14.535788804743602,21.876771079599994,31.73185375198364,84.63063139110992,186.22620476053444,142.915516452175,72.92055182880036,124.30829692179954,34.17617930210542,10.062816728138506,8.952116421303765,1.11070030683474,2.783183776721031,0.571335093727655,0.2961197092486754,0.07408366751341404,17.250201226661982,6.906380864543124,5.762301009649026,4.581519352469832,1.5455489581425879,115.0892168632427,0.33316658329164583,49.97000149188287,45.445071223964,3.2517587939698496,$C_{a}^{syst}$,[ml/mmHg],7.031389009364895,12.695381246421492,10.680387337133068,10.58936158021903,10.618510112709929,2.1840232228735985,5.117773516201676,12.10992768789138,10.255195250036644,11.019940711621707,13.790525026930425,9.776992230461662,7.996216239449865,1.2054274118813118,0.32501965268348454,0.55296946465949,5924.169088103474,1.3598945372111355,0.29290853858604066,0.8798780071292155,0.5297011088422562
129.76638201971642,113.56499410639958,121.46454342600668,287.96798333997924,84.56653035655484,169.20601191725635,30.249499323134398,14.521600640157345,21.857228422202535,31.703452764661364,84.56615322150643,186.12374976564087,142.77491787834964,72.8460431904289,124.2052951678147,34.15532029464205,10.045740834153467,8.936555422651239,1.1091854115022275,2.778290668563716,0.5699025926766254,0.2956336278865655,0.07395393776474644,17.236726110644824,6.9009101553260965,5.757726203387918,4.5780897519308095,1.5455489581425879,114.94484546288605,0.33316658329164583,49.97844308150754,45.435444604994544,3.276381909547739,$C_{a}^{syst}$,[ml/mmHg],7.023133839955591,12.68283629138396,10.671528285423978,10.580665722788194,10.609713738582975,2.1821189685465363,5.1138297488276026,12.097332060180866,10.244630258056985,11.008666917530713,13.77642450260315,9.768479880605325,7.987844327504913,1.204173706833858,0.32501965268348454,0.5529694447568382,5919.657124958839,1.3592238558002583,0.2928750961736926,0.8794440633144022,0.5296406500407649
129.60641846551758,113.53514777876306,121.37183352973751,287.67196039324705,84.50224322278322,169.0489622335292,30.223946601554008,14.507460194003512,21.837750775698588,31.67514146503082,84.50186392074929,186.02162749286182,142.6348037867226,72.77179386213933,124.10258743052349,34.13452200855348,10.028729582418954,8.92105289604417,1.1076766863747844,2.7734139579283537,0.5684774632278133,0.2951495047186409,0.07382475803533653,17.223282515828593,6.895452212986665,5.753162025948484,4.574668276893445,1.5455489581425879,114.8010368336014,0.33316658329164583,49.98684529399792,45.425827662964544,3.3010050251256287,$C_{a}^{syst}$,[ml/mmHg],7.01491104840656,12.670333104753894,10.662692747427972,10.571991982664082,10.60094078748599,2.1802210864383667,5.1098976428008225,12.084780211199597,10.234101437063707,10.997432182092336,13.762376710751507,9.759996199553152,7.979501670032803,1.2029233473296095,0.32501965268348454,0.5529694249321357,5915.157025594825,1.3585560862678865,0.29284181363568973,0.8790120035411716,0.5295804802799527
129.447706214125,113.50465337939578,121.2793791102726,287.37674555279625,84.43812169700941,168.89240127539355,30.198466556336868,14.493362761593454,21.81832608690711,31.646920267168408,84.43803626764743,185.9197520088534,142.49513414273443,72.69778028879564,124.00010366184648,34.1137863698922,10.01177892928364,8.90560555635597,1.1061733729276688,2.7685523976775737,0.5670596171012768,0.29466710266521123,0.07369605706148344,17.20988458485063,6.8900135871352095,5.748614640585104,4.5712563571303155,1.5455489581425879,114.65778416797049,0.33316658329164583,49.9952165161805,45.41638817570418,3.3256281407035178,$C_{a}^{syst}$,[ml/mmHg],7.006716524430453,12.65786739308182,10.653883445232566,10.563342928241148,10.592193706575323,2.1783283860422724,5.105971994840107,12.07227092392523,10.223605474872084,10.98623288107164,13.748371713870247,9.751521556323304,7.971186537637265,1.2016769714826963,0.32501965268348454,0.5529694069328438,5910.668518790659,1.3578912209747958,0.29280760680109574,0.8785818228667983,0.5295186372519451
129.2901873436478,113.4734140069148,121.18714119108043,287.0819580115021,84.37408825129297,168.73631968732943,30.17304781056746,14.479306203015872,21.798948607668827,31.618776727309438,84.37379517177314,185.81808293793304,142.3558615447402,72.6239680493708,123.89787694335723,34.09309205311614,9.994883646421599,8.890209504675125,1.1046741417464743,2.7637059268984787,0.5656475302865325,0.2941859856355246,0.07356773052157878,17.196505107274326,6.8845817478068625,5.744072793083383,4.567850566384081,1.5455489581425879,114.51493528513303,0.33316658329164583,50.00351341527375,45.40666539970476,3.3502512562814073,$C_{a}^{syst}$,[ml/mmHg],6.998550687299013,12.645437466200345,10.645093247479904,10.5547116673316,10.58346578069786,2.17643938416801,5.102057271893966,12.05979594184908,10.213148035235273,10.975067317901525,13.734408707209221,9.743077354605703,7.962895285401748,1.2004331680160787,0.32501965268348454,0.5529693852010767,5906.186177590508,1.3572287139159478,0.29277530350059366,0.8781531680154864,0.529460240179719
129.13265846340155,113.44018050444512,121.09394132617686,286.78719557017524,84.31053501317375,168.58061616375727,30.147843487368878,14.465324530451813,21.779713781150942,31.590864228396903,84.31056901310684,185.71749529162176,142.21711897599513,72.55036410232023,123.79623412168156,34.07267550043654,9.978042030638328,8.874851229347769,1.103190801290558,2.7588734004377358,0.5642368553946909,0.2937101808171829,0.07344055141475125,17.182985436971574,6.879094268493066,5.7394831057521944,4.5644080627263115,1.5455489581425879,114.37205108624404,0.33316658329164583,50.01199837309615,45.397214129298206,3.374874371859297,$C_{a}^{syst}$,[ml/mmHg],6.9903841179863715,12.633052917401917,10.636368951670846,10.546139122831118,10.57479534165319,2.174564694940616,5.098174597924888,12.047365314327491,10.202718557431885,10.963940797915283,13.720492123604403,9.73471194980204,7.954628405135507,1.1992046022750809,0.32501965268348454,0.5529693662651013,5901.737450922163,1.3565570550391253,0.2927414916872512,0.8777185917613444,0.5293991124038268
128.97759781065383,113.40777365177398,121.00226600472497,286.49444506177116,84.2469543254061,168.42571995539168,30.122613537981874,14.451374901367728,21.760481589969196,31.562916628139433,84.24701731259324,185.6165769041689,142.07892172742103,72.47712896282435,123.69470179501843,34.05213071553225,9.961293249867134,8.859587940592444,1.1017053092746902,2.7540648152390657,0.5628408516684327,0.29323340849357005,0.07331346519532837,17.16968964362069,6.8736971904624955,5.7349708110147155,4.5610216421434755,1.5455489581425879,114.23047695104026,0.33273779747016363,50.02024295797535,45.38765810560591,3.3994974874371864,$C_{a}^{syst}$,[ml/mmHg],6.982287910859212,12.620720251422942,10.627641099291782,10.537566992638661,10.566128782579618,2.17269066781623,5.094285436971056,12.034989360786524,10.19233695651599,10.952861193820663,13.706638053107774,9.72632117009226,7.946401988994833,1.1979696896237915,0.32501965268348454,0.5529693486738698,5897.286802778426,1.3559003748648528,0.2927087263392592,0.8772937070167928,0.5293398757837714
128.823587107337,113.37468354617428,120.91073238621841,286.2022446182954,84.18349111865432,168.27116228704134,30.097420667785965,14.437452854374847,21.741284953163746,31.5350106692571,84.18383034811775,185.51577529844946,141.9410257286603,72.40410106730336,123.59341220156877,34.031689892852846,9.94458817792016,8.844364763221593,1.1002234146985659,2.749266856647316,0.5614505267760965,0.29275781685416397,0.0731866606655783,17.15640030483061,6.868301621778857,5.7304595664071485,4.557639116644607,1.5455489581425879,114.08930411876564,0.33273779747016363,50.02847188697248,45.37825972626133,3.424120603015076,$C_{a}^{syst}$,[ml/mmHg],6.974206988699413,12.608413601951515,10.618926741384643,10.529007198491456,10.55747589754911,2.1708193401254876,5.090405538960021,12.022642051792463,10.181975658898427,10.94180580337891,13.692816749867163,9.717960479008214,7.938195407306268,1.196739909557461,0.32501965268348454,0.5529693282088927,5892.844378305802,1.3552455784704853,0.29267498590365504,0.8768700411141905,0.5292788785440421
128.67078111569856,113.3410518332094,120.819502273979,285.91091357471265,84.1201870884749,168.11723036832456,30.072345259212547,14.423583810178181,21.72216901178178,31.507253734163694,84.12044175831504,185.41550981183522,141.80365301409944,72.33126451218652,123.49248546871799,34.01129816686694,9.927957856234258,8.82920827591616,1.098749580318097,2.744488946733524,0.5600672629884923,0.2922847997119221,0.07306055814096293,17.143152488585066,6.862923778423682,5.725962641212097,4.55426606894929,1.5455489581425879,113.94867469623847,0.33273779747016363,50.0366243865532,45.36861120392937,3.448743718592965,$C_{a}^{syst}$,[ml/mmHg],6.966160782268276,12.596157714449323,10.610239391451211,10.520473235872311,10.548850054048927,2.1689566386942283,5.086541153379491,12.010341983704915,10.171660381991238,10.930793875866945,13.679048092684516,9.709623332360419,7.930016834864586,1.1955140592395566,0.32501965268348454,0.5529693093819872,5888.413096193243,1.3545936907676028,0.2926430827679,0.8764482571911073,0.5292212023393585
128.5192069719848,113.30696967583772,120.72862151810433,285.6208485336986,84.05715539641126,167.96397246913557,30.04733116912963,14.409780954449962,21.703114702699217,31.47954800899756,84.0573242526432,185.315348607267,141.6669227582885,72.25885198514744,123.39181730975109,33.990943315077196,9.91140700432928,8.814127189223411,1.0972798151058698,2.7397328964992904,0.5586927901768931,0.29181300467394083,0.0729348876455184,17.129961640434185,6.857568798495723,5.721486227483297,4.55090661445517,1.5455489581425879,113.80876689011836,0.33273779747016363,50.0447531460101,45.35907299874186,3.4733668341708546,$C_{a}^{syst}$,[ml/mmHg],6.958155087098711,12.583953619924173,10.601587363649562,10.511972858583794,10.540258747836818,2.167098346859272,5.08268481766359,11.99809973240097,10.161392262551686,10.919833407088948,13.665341871861513,9.70130731593866,7.921881509764662,1.1942899893416121,0.32501965268348454,0.5529692895952434,5884.000877748788,1.3539450193549771,0.292610836126068,0.8760285542698842,0.5291629058464533
128.36857988550364,113.2722072505623,120.63783896268654,285.33103539407006,83.99417469615318,167.81095378190943,30.022381444833822,14.39599918653198,21.684104087009388,31.45192403709324,83.994445666964,185.21551321182326,141.5304304580143,72.18655480542138,123.29142426272759,33.97068734534108,9.894891587396264,8.799075990682615,1.095815596713649,2.734984474851416,0.5573228384342003,0.2913430193315158,0.07280966225939846,17.116772227937634,6.852214203796305,5.71700921152372,4.547548812617606,1.5455489581425879,113.66914792993582,0.33273779747016363,50.05285578992284,45.34957369953296,3.497989949748744,$C_{a}^{syst}$,[ml/mmHg],6.950163364893371,12.571772375888688,10.592947270557211,10.503483431771178,10.531679600780814,2.165245327643694,5.078837860806314,11.98587892270155,10.151141456192315,10.908891964372296,13.651662894570945,9.69302618991753,7.913758843319266,1.1930717225568905,0.32501965268348454,0.5529692701787657,5879.592228730723,1.353297991689675,0.2925783858647788,0.8756099148848986,0.5291042407658442
128.21916396616763,113.23702914158929,120.54741802609979,285.0424808233418,83.93146920541864,167.65864812533508,29.997513995825024,14.38227677850701,21.665162836627214,31.42437103647196,83.9316397498126,185.11595036840183,141.39452293116753,72.11456826304362,123.19142004765251,33.950487722198595,9.878460624941903,8.784103731681524,1.0943568932603789,2.730259475074106,0.5559615540647254,0.2908747411470773,0.0726849715603938,17.103631704664124,6.846879221248177,5.7125491129033925,4.544203370512557,1.5455489581425879,113.53024223060596,0.33273779747016363,50.06092446998305,45.34003665420461,3.5226130653266337,$C_{a}^{syst}$,[ml/mmHg],6.942213240506,12.559645732687997,10.584340065649195,10.495025385180838,10.523133042688347,2.163399103115655,5.075008254624559,11.973712761699053,10.140932806257734,10.897997968949475,13.6380437320736,9.684778056755219,7.905672565558215,1.1918566516611884,0.32501965268348454,0.5529692480748113,5875.202844379304,1.3526540558076687,0.2925464924852437,0.8751932759433666,0.5290465853277705
128.07082942821725,113.2013427304508,120.45725344174348,284.7547135505606,83.86892975253353,167.5068966150222,29.972742092797606,14.368603111874807,21.646289896319924,31.396961385188572,83.86921108255954,185.0167960673812,141.25910387536385,72.04285596581586,123.09168988560762,33.93038361456361,9.862096762686885,8.769191400315218,1.0929053623716667,2.7255519222602373,0.5546071835589578,0.2904087541398858,0.07256090536079168,17.09053674381755,6.841563734875592,5.70810522136959,4.5408677875723695,1.5455489581425879,113.39187315715407,0.33273779747016363,50.06894130770498,45.33059314896754,3.5472361809045228,$C_{a}^{syst}$,[ml/mmHg],6.934294685467917,12.547563496095677,10.575758221550831,10.486591668473588,10.514611760361234,2.161559698298216,5.071186136610905,11.961589169747487,10.130765095403373,10.887143444172377,13.624473540377018,9.676552287462792,7.897614840650414,1.190647187213894,0.32501965268348454,0.5529692308729433,5870.825082677347,1.3520128788066321,0.29251428026994847,0.8747784220510596,0.5289883486069771
127.92347064312187,113.16509501502532,120.36726377872571,284.46744984798653,83.80648843744362,167.3554741633337,29.94799694325788,14.354960377647966,21.627445888215743,31.36955895214026,83.80669476760528,184.91767866119721,141.12400187438809,71.97131030379573,122.99214542499786,33.91030745388034,9.845774870698289,8.754318942840293,1.0914559278579963,2.7208552545101026,0.5532581368883902,0.2899434277595553,0.07243703071930503,17.077454599422857,6.836252386336081,5.703665225075773,4.537536988011004,1.5455489581425879,113.25387993437405,0.33273779747016363,50.07693286187407,45.32108307565031,3.5718592964824123,$C_{a}^{syst}$,[ml/mmHg],6.926391243840067,12.535503380297284,10.56719297287497,10.478173291992011,10.50610686005887,2.1597226666872773,5.06737160355759,11.94949514267755,10.120620653504892,10.876314818136555,13.61093690909595,9.668354176192693,7.889578178522896,1.189439079745503,0.32501965268348454,0.552969208859895,5866.454190621053,1.3513736471479902,0.29248249746819005,0.8743648268328207,0.5289308930441657
127.77706893848428,113.12826217170867,120.27744412098151,284.18096066098985,83.74422976906398,167.20447421744836,29.923337234625727,14.341349818524895,21.608664205724825,31.342252504905712,83.74475116817257,184.81897333906412,140.9892318971237,71.89993072174555,122.89292715266917,33.890297872428086,9.829510546351237,8.73949688828488,1.0900136580663569,2.716172600078866,0.5519155658905976,0.2894804098908199,0.07231376005485354,17.06439276947893,6.830949454523555,5.699231722733799,4.53421159222157,1.5455489581425879,113.11638197375329,0.33273779747016363,50.084921567442706,45.31177165156989,3.596482412060302,$C_{a}^{syst}$,[ml/mmHg],6.918516689383674,12.52348276820461,10.558648098053679,10.469774027777317,10.497622156268184,2.157891852362714,5.063570117456031,11.937434187567366,10.110495398252919,10.865512380384436,13.597436173235497,9.660177119485432,7.881559273069048,1.1882355428829718,0.32501965268348454,0.5529691910628775,5862.096083834478,1.3507364302673388,0.2924496756222858,0.8739525352148203,0.5288715544172726
127.63082717799304,113.08990625526141,120.18699398132999,283.89506036054894,83.68253689747466,167.0543241276474,29.898919158318517,14.327857382085257,21.59005007391083,31.315237147599042,83.68298904915476,184.7213395227341,140.85544324458868,71.82906835755409,122.79440012831839,33.870590759041285,9.813343556752896,8.724756655704292,1.0885869010486038,2.7115193495916414,0.5505768519141684,0.2890224751078612,0.07219171231027044,17.05124872135903,6.825615058313265,5.6947712816248925,4.5308623814208735,1.5455489581425879,112.97911240844009,0.33273779747016363,50.093008567400055,45.30228573773183,3.6211055276381914,$C_{a}^{syst}$,[ml/mmHg],6.910665958644663,12.511535408948452,10.550180641750883,10.461445818030114,10.48920741014516,2.156077709770928,5.059802623514295,11.9254535031,10.100449515246062,10.854787182995038,13.584020438796733,9.652079585000923,7.8735959961046555,1.1870481574017677,0.32501965268348454,0.5529691712003718,5857.777582823226,1.350091866202129,0.29241843465942097,0.8735354898266339,0.5288150766608675
127.4865236297775,113.05221370665781,120.09773218198215,283.61043708060924,83.62068375536607,166.90446677191522,29.874428629561134,14.314348400814202,21.571401110378787,31.28812333731566,83.62147902407685,184.62326917421382,140.72167569328022,71.75820045440183,122.69579871220948,33.850701202605244,9.79721893692895,8.710062284152357,1.0871566527765915,2.7068743581165635,0.5492485216201677,0.288563308846456,0.07206947683508522,17.03826799202275,6.820345327036481,5.6903659436391045,4.527556721347163,1.5455489581425879,112.84274252301964,0.33273779747016363,50.10092622005058,45.293033428614095,3.645728643216081,$C_{a}^{syst}$,[ml/mmHg],6.902845952671044,12.499601079223574,10.541691246855956,10.453099497965209,10.480777583795057,2.1542584387486103,5.056023345607052,11.913485337606364,10.090401490683115,10.844066006329683,13.570623300562655,9.643952133000926,7.865637218926123,1.1858518379857295,0.32501965268348454,0.5529691530238617,5853.447862875625,1.3494596965165133,0.29238567663319376,0.8731264638412161,0.5287558538018065
127.34326908740549,113.01412467788228,120.00877273339539,283.32644984840647,83.55894413159665,166.75516287580487,29.850027160779018,14.300898698872771,21.55281466402966,31.261125206587835,83.55952733293108,184.52548674362046,140.58850145062718,71.6876888980539,122.59752027695149,33.830902871100605,9.781157905638398,8.695426595360642,1.0857313102777562,2.7022470496149023,0.5479263631333267,0.28810564392722154,0.07194773423446796,17.025328607388996,6.815092535819909,5.685974970506282,4.524261101062806,1.5455489581425879,112.70684239883927,0.33273779747016363,50.1087598672008,45.283461275476064,3.67035175879397,$C_{a}^{syst}$,[ml/mmHg],6.895054436472122,12.487712910754366,10.533232452410964,10.444782611707415,10.472378096569754,2.1524464969290507,5.052255828928164,11.901564956929523,10.080407086305705,10.833393532889156,13.557281097392403,9.635861204224964,7.857716337022915,1.1846604386457509,0.32501965268348454,0.5529691321950273,5849.126089211765,1.348830380399945,0.2923552059134426,0.8727192841700365,0.5287007698837184
127.20090279874482,112.97555706988075,119.91997976821527,283.0433403045513,83.49737517764709,166.60619065516386,29.825666322631832,14.287471287425475,21.534264620549607,31.234145388608766,83.49820045036842,184.42785893970822,140.45558763607164,71.61733873609275,122.49951179598199,33.81118363791986,9.765143691271675,8.680833588886024,1.084310102385651,2.6976308933370117,0.5466104029581206,0.2876492755024033,0.07182637587387751,17.012408090680218,6.809847100971253,5.681590177140011,4.520970812568949,1.5455489581425879,112.571416466461,0.3323090116486815,50.116610222766134,45.274179796049694,3.6949748743718596,$C_{a}^{syst}$,[ml/mmHg],6.887288985293855,12.475854897887807,10.524789921307896,10.43648091924771,10.463994835041962,2.1506380769357847,5.04849947188439,11.889672400425416,10.070422476689732,10.822740291302054,13.543968014972942,9.627788405389722,7.849811044462881,1.183473276924861,0.32501965268348454,0.5529691143453741,5844.816262435296,1.3482030570057641,0.2923230758190697,0.8723133938286948,0.5286426822683088
127.05950477166867,112.93656404103646,119.83143620182172,282.7610333737646,83.43598017896346,166.4577818925412,29.801396689688524,14.274095555593393,21.51578209326447,31.207285313872564,83.43685717515403,184.33060412713277,140.3231887297816,71.54723139653498,122.40178626099892,33.79152285906931,9.749197401622588,8.666302248385515,1.082895153237073,2.693033434636402,0.5453008126747828,0.2871949266567547,0.07170554213880337,16.999522027082573,6.804615935216155,5.677217112312547,4.517688979553872,1.5455489581425879,112.43648412853761,0.3323090116486815,50.124409463071274,45.2647879988543,3.719597989949749,$C_{a}^{syst}$,[ml/mmHg],6.879552039935182,12.46403614966381,10.51637009893094,10.428200939667978,10.455634284555838,2.1488361542110272,5.044751484281669,11.877822595056738,10.060480952859793,10.812127686850117,13.530704842167522,9.619738542049094,7.841934840935855,1.182289794689471,0.32501965268348454,0.5529690951190809,5840.518612527442,1.3475779140770014,0.29229181604221693,0.8719089142905545,0.5285861698641087
126.91910644949088,112.89722262033904,119.74319039780978,282.4794517715092,83.37471588660556,166.30986994963055,29.77719009604141,14.260763349849128,21.497350181272136,31.1804958687069,83.37533814911767,184.233567330265,140.19123811052648,71.4773575772653,122.30433738472425,33.771890697490804,9.733311084268289,8.651826672159025,1.0814844121092637,2.68845237380499,0.543997492926321,0.28674188662689204,0.07158511016549156,16.986676183126587,6.79940073163506,5.672857909638532,4.51441754185299,1.5455489581425879,112.30203690869445,0.3323090116486815,50.13215145430445,45.255237336665935,3.7442211055276386,$C_{a}^{syst}$,[ml/mmHg],6.871836836156187,12.452260477531278,10.507979818545898,10.419949180499568,10.447302793205942,2.1470394282247223,5.0410182436922435,11.86601437033903,10.050576116253206,10.801552490205985,13.517484957842367,9.611717187079295,7.834086341472893,1.1811082926480296,0.32501965268348454,0.5529690743861916,5836.230112062389,1.3469555573830287,0.29226173843006703,0.8715062375000886,0.5285317967455672
126.77954882267542,112.85742050957684,119.65510261584188,282.19866006977776,83.31363252489982,166.16234380255037,29.753048460279935,14.247467361515719,21.47897095063534,31.153781651384815,83.3145744678826,184.13678776550586,140.059662247238,71.40772867387275,122.20711708627415,33.75236958581251,9.717476779254556,8.637397416263337,1.0800793629912189,2.683884003478783,0.5427003120754191,0.2862906586701565,0.07146517994416011,16.973861653552632,6.7941991120910945,5.668510203445614,4.511152338015927,1.5455489581425879,112.16806294761793,0.3323090116486815,50.139899701884836,45.24602361043784,3.768844221105528,$C_{a}^{syst}$,[ml/mmHg],6.864152100403188,12.440515126253862,10.499607986643905,10.411714956530602,10.438989608773507,2.1452471950979244,5.0372876136224285,11.854239672600027,10.040695260043547,10.791006004030363,13.504305636224046,9.603706600232396,7.8262612467139645,1.1799325825846247,0.32544843850496674,0.5529690574043066,5831.9542767429875,1.346335042036421,0.2922297868889185,0.8711047520969,0.5284740311884268
126.64098869298428,112.8172948990789,119.56733167970745,281.91872147959646,83.25272709106777,166.0154357199895,29.72899726618551,14.234225446506468,21.460659824556664,31.12716642995555,83.25342679550873,184.04036766887216,139.9286009877586,71.33833708328484,122.11028508933484,33.732882262122175,9.701715598226507,8.623035666487072,1.0786799317394355,2.679336442470156,0.5414097634188978,0.28584123584557397,0.07134572827614775,16.961077507297386,6.789008963252764,5.664171738640789,4.507896805403829,1.5455489581425879,112.03461498239766,0.3323090116486815,50.147582199215655,45.23650319222323,3.7934673366834173,$C_{a}^{syst}$,[ml/mmHg],6.856498936119071,12.428817177818189,10.491264739887702,10.403508075362613,10.430704824759207,2.1434621219288577,5.033576568485728,11.842512262467313,10.030856476337904,10.780502207103886,13.491176951902084,9.595735229075652,7.818466301793754,1.1787595224873124,0.32544843850496674,0.5529690360838121,5827.690896374744,1.3457170581312754,0.2921999093502097,0.8707049045851859,0.5284200204402072
126.50330281137967,112.77679572217919,119.47977988235765,281.6394079294165,83.19193447805462,165.86887867853613,29.7049872249851,14.221014234149802,21.442383467973404,31.10061589555473,83.19271987397832,183.94407612024665,139.79785894654773,71.26913283448496,122.013596732365,33.71343603478341,9.686000222704024,8.608715906265882,1.077284316438142,2.6748002567886457,0.5401249083600869,0.28539297479008685,0.07122666603842615,16.948343681447877,6.7838407014426245,5.659852494701628,4.50465048530362,1.5455489581425879,111.90159766695693,0.3323090116486815,50.1552401757569,45.22718079792586,3.818090452261307,$C_{a}^{syst}$,[ml/mmHg],6.848864747790589,12.417149676461175,10.482942974641237,10.395321676646033,10.422441239091341,2.1416801503316756,5.029866532807261,11.830812718419997,10.021042573552577,10.77002421828129,13.478081338843337,9.587767957596002,7.810691493671918,1.1775904186158799,0.32544843850496674,0.5529690194780537,5823.435413463823,1.3451015217884577,0.2921690350380837,0.8703066406935279,0.5283642025982965
126.36645046331397,112.73587171832898,119.39241152806615,281.36106485623947,83.13137530121449,165.72281466636767,29.68105764058553,14.20784160130622,21.4241698575007,31.074123191629873,83.13237456516336,183.84813144592627,139.66752681154028,71.20015562687966,121.91725961790607,33.69401136256925,9.670348779851281,8.594454097974477,1.0758946818768031,2.6702810660750615,0.5388466160283847,0.28494667318967465,0.07110807554073319,16.935612692019514,6.778671671663419,5.655531949402905,4.501409070953191,1.5455489581425879,111.76910267754265,0.3323090116486815,50.16290332056823,45.217960014793185,3.8427135678391964,$C_{a}^{syst}$,[ml/mmHg],6.841261801952195,12.405516169987331,10.47464132770744,10.387154174299939,10.414197534332473,2.139904549873122,5.026172172016702,11.81915373893738,10.011252136721389,10.759578381521555,13.465031403784856,9.579846621393717,7.802941138545966,1.176423129926618,0.32544843850496674,0.5529689994628715,5819.196271085014,1.344487592952282,0.29213760878133443,0.869909416889687,0.5283073898629098
126.23061221636624,112.69468702258521,119.30541344180784,281.08358300494626,83.07097924439938,165.57740769486563,29.65723504686741,14.194737615603547,21.406039473557914,31.047781019218615,83.07181541129599,183.75259202664196,139.5378568450064,71.13153267648707,121.82130304175469,33.67472291365147,9.67467781262765,8.600165927855187,1.0745118847724628,2.665783407428687,0.5456661567400887,0.28450255022140375,0.07099008586496325,16.922942297251065,6.773528278022787,5.651232893746357,4.498181125481918,1.568811016811603,113.3174063472699,0.3318802258271993,50.170479415577496,45.20851352086046,3.867336683417086,$C_{a}^{syst}$,[ml/mmHg],6.833695719743888,12.393942678454192,10.466373245074319,10.379019466198281,10.405987416371717,2.1381358292321986,5.022492828657119,11.807551816282993,10.001522019934667,10.749187055474932,13.452042056696763,9.571940671438906,7.795230890536185,1.1752631188425733,0.32544843850496674,0.5529689788624618,5814.9685471079565,1.3641034134662584,0.29210792150599113,0.8695141727386737,0.5282537224907262
126.09559228161103,112.65313570125953,119.21861279523378,280.8068978918335,83.01075890843542,165.43240479443477,29.633453163874748,14.181661838707646,21.38794449579098,31.02146960436279,83.0115911356822,183.65720292910564,139.4084688574462,71.06308298028566,121.72556691888428,33.6554684208713,9.659107788094737,8.58597516239325,1.0731326257014868,2.6612994309226847,0.5443815293997751,0.28405951686460884,0.0708724448026622,16.910300857971325,6.768396639032689,5.646944105183473,4.494960113755164,1.5688106200052303,113.18392543053811,0.3318802258271993,50.17805248710737,45.19920254242676,3.8919597989949755,$C_{a}^{syst}$,[ml/mmHg],6.826149393030368,12.382394834971846,10.458125259732673,10.370903761993794,10.397797075228599,2.136370798621221,5.018819065598928,11.795977189595055,9.991808627074278,10.738818410419658,13.439085631699074,9.56405846418186,7.787538417023967,1.1741051834942642,0.32544843850496674,0.5529689624203803,5810.75312359048,1.3634850098814908,0.2920775302154306,0.8691202064127695,0.5281987779874456
125.9613931412056,112.61123663979099,119.13202309957511,280.53082552888856,82.95065348406338,165.28778356417232,29.609736752389864,14.168620916791738,21.369893980852584,30.99523964570011,82.95151772773613,183.56208461110415,139.2794398043809,70.99480743255393,121.63008020934724,33.63625902462928,9.643587645925308,8.571829475790475,1.0717581701348338,2.656828274039269,0.5431024071763714,0.28361797505630815,0.07075526483590072,16.89769017815777,6.763277822836766,5.642665968311176,4.491746387009836,1.5688102033081661,113.05085922831586,0.3318802258271993,50.18559248322071,45.18989741453294,3.9165829145728646,$C_{a}^{syst}$,[ml/mmHg],6.818626907716947,12.370877806288814,10.44989683672377,10.362806669441325,10.38962625449663,2.1346124565333495,5.015154160104202,11.784435083493753,9.982122982156275,10.72847853814747,13.426165283503247,9.556198907651716,7.779867050471012,1.172950396299668,0.32544843850496674,0.5529689433869732,5806.545743884437,1.3628688199549313,0.29204731322940136,0.8687276619447246,0.5281441511716576
125.82796175058782,112.56895694954515,119.04560182988061,280.25559342717315,82.89074352815153,165.14357856634626,29.586103119484683,14.1556210435881,21.35191127139306,30.969077920707157,82.89187201410047,183.46731480361427,139.15082956058345,70.92672774195064,121.5349346019175,33.61713471129459,9.628124118644777,8.557734064438744,1.070390054206033,2.6523715829077337,0.541829256295008,0.2831785278278567,0.07063856737784777,16.885084860785913,6.758159765827918,5.638387791683277,4.488537303274717,1.568809776957522,112.91825816088705,0.3318802258271993,50.1931375399197,45.180729931557,3.941206030150754,$C_{a}^{syst}$,[ml/mmHg],6.811127394361189,12.359399941538594,10.441688924472093,10.35472903110829,10.381475744520765,2.13285930587537,5.011505330490136,11.772930758662765,9.972462368954941,10.718171732456929,13.413288321815742,9.548378052091504,7.772220232412928,1.1718001519052037,0.32544843850496674,0.5529689234548195,5802.352046970607,1.3622541354395923,0.29201634244264474,0.8683360821995167,0.52808816202219
125.69436715970888,112.5251931692958,118.95841425316912,279.98079388905984,82.83136437657522,165.0000990245857,29.562642591075132,14.142713208912106,21.334053257796754,30.943150880786593,82.83232089444088,183.37329646153586,139.02293948714,70.85903442841311,121.44020578353408,33.598191663713415,9.612740934373248,8.543707618263612,1.0690333161096355,2.6479408404351545,0.5405581913793218,0.28274283499050273,0.07052274066382067,16.872392153619625,6.7530089998335106,5.634082473455212,4.485300680330901,1.5688093568385921,112.785719106892,0.3318802258271993,50.20079676693589,45.171419444823954,3.9658291457286436,$C_{a}^{syst}$,[ml/mmHg],6.803645410304609,12.347976873931712,10.43354089404447,10.346705333493787,10.373377722765188,2.1311155633423096,5.007876923781846,11.761486073500594,9.962864680258306,10.707921985169454,13.40047564789152,9.540596925112318,7.7646138209135565,1.1706602543912341,0.32544843850496674,0.5529689054505977,5798.195506360265,1.361630584691756,0.29198659732188464,0.8679388472259401,0.5280343875465359
125.56259334374637,112.48231428390086,118.87247853579765,279.70733631942215,82.77181607235103,164.85689359703568,29.539155979347086,14.129796359178677,21.316177709030892,30.91715919479155,82.77302927005974,183.27909222559396,138.89517566277343,70.79143931509664,121.34558329455764,33.57917818289049,9.597401324220039,8.529725843377618,1.0676754808424214,2.6435177907729166,0.5392975927139203,0.28230661925462214,0.07040699084392309,16.8598687736109,6.747925456253957,5.6298338034255035,4.482109513931436,1.5688088993342713,112.65411600152804,0.3318802258271993,50.20828323665524,45.1622867971085,3.990452261306533,$C_{a}^{syst}$,[ml/mmHg],6.796207480039052,12.336574630914381,10.425382072708771,10.33867480184557,10.365275713922493,2.1293743602473327,5.004246079242878,11.75005831842778,9.953269406555348,10.697683281776964,13.387681999696238,9.532807718885325,7.757018451199162,1.1695166223190407,0.32544843850496674,0.552968886341744,5794.027125064572,1.3610202282266808,0.29195585620526465,0.8675500430959014,0.5279788129432494
125.43158093908485,112.43910097079807,118.78673884800585,279.4340839972663,82.71227756153792,164.71399510073593,29.51570764974982,14.11691009240763,21.298336139843464,30.891229812167406,82.71334385233283,183.18498688620593,138.76770114071445,70.724002961201,121.25112332747311,33.560212294514365,9.582099405154784,8.515779119968904,1.0663202851858788,2.6391051873145144,0.5380407964126824,0.28187127194681816,0.07029144560841719,16.847374183380463,6.742853786351147,5.625595415059301,4.478924981970014,1.5688084180213016,112.52275580286975,0.3314514400057171,50.21569509679652,45.152905409062896,4.015075376884422,$C_{a}^{syst}$,[ml/mmHg],6.788780516282199,12.325195579295801,10.417242871335521,10.330663006287269,10.357193073179412,2.1276333674842167,5.000620485231726,11.73865870776733,9.943705733402805,10.687469971290044,13.374922356500104,9.525033967448769,7.749441035738748,1.168375688363192,0.32544843850496674,0.5529688678260132,5789.859429307654,1.3604117686053663,0.29192668843336145,0.8671624609977675,0.5279260830380303
125.30148187737346,112.39572826030187,118.70134801928926,279.16229751655857,82.65305791744413,164.5717734072249,29.492379702107716,14.104086818292677,21.280582774463113,30.86541961011165,82.6544614091441,183.09137599408356,138.64085390714285,70.6568956681247,121.15713192990557,33.541346597618144,9.56688273023821,8.501909235142648,1.0649734950955614,2.634715109916182,0.5367927092474964,0.2814385992078899,0.07017664270087494,16.83492107165696,6.737798203120135,5.621369964906545,4.475752903630281,1.5688079291735537,112.39215363544017,0.3314514400057171,50.223107040915906,45.14383102993066,4.039698492462311,$C_{a}^{syst}$,[ml/mmHg],6.781390897230865,12.31387403606576,10.40913651733231,10.322683069618241,10.349143231548524,2.125903267969937,4.997014636438744,11.727315587862817,9.934181246377552,10.677305688819938,13.362225384770726,9.51731003263835,7.741901033241315,1.1672406767647743,0.32544843850496674,0.5529688484224737,5785.714054221089,1.3598063576510402,0.2918959890714948,0.8667768261264365,0.5278705842186671
125.17213220820834,112.35204222021196,118.61615986729923,278.89087988681655,82.59390251517478,164.4299234268298,29.469069502417344,14.091297688680134,21.262853983968235,30.83963646302199,82.59498645457106,182.99774325623838,138.51433636077707,70.58999994713007,121.06329163639366,33.52250801090216,9.551709336523622,8.48808157310998,1.0636277634136413,2.630337844344487,0.5355489739929029,0.28100618722011567,0.07006200928949466,16.8225053146924,6.732758608131552,5.617158829914613,4.4725878766462355,1.568807421286709,112.26185505406204,0.3314514400057171,50.23045732422816,45.134428974306715,4.064321608040201,$C_{a}^{syst}$,[ml/mmHg],6.774026254106767,12.302580170159668,10.401048635663413,10.314720745992393,10.34111160488811,2.1241736093068213,4.993410694367931,11.716000330107267,9.924690324212865,10.667169483372291,13.349559624210995,9.509586859044004,7.734383497813104,1.1661072981174971,0.32544843850496674,0.5529688295603766,5781.573176062234,1.3592026969961426,0.2918674974553716,0.8663923172172069,0.5278190774105896
125.04346270729692,112.3080128366475,118.53111621336106,278.6203315747117,82.53495697310707,164.28846818714032,29.445849475800603,14.078536058494448,21.245183281972395,30.813949232642276,82.53636229990704,182.90456213999144,138.38811518217878,70.52322701089902,120.96975561268921,33.50374063406409,9.536591431334564,8.474302163413912,1.0622892679206526,2.625974189559462,0.534311242722616,0.2805761482343895,0.06994794441628231,16.810098573219776,6.727721789044665,5.61294902028083,4.4694277638942825,1.5688069028710174,112.13203478000707,0.3314514400057171,50.237827331308395,45.12537103188021,4.0889447236180905,$C_{a}^{syst}$,[ml/mmHg],6.766679709061156,12.2913150882863,10.392976694040213,10.306773596933798,10.33309595885342,2.1224523989391475,4.989821681731286,11.70471472608087,9.915213278347007,10.657055882675781,13.336925726888925,9.501892834584076,7.726880972079922,1.164978147921868,0.32544843850496674,0.5529688112832986,5777.446988117495,1.358600511738848,0.2918369471655551,0.8660087543294983,0.527763847093431
124.91558627016917,112.26375695248319,118.44633763646716,278.35020845158107,82.47605924615335,164.14739731089267,29.422669604354045,14.065816381444026,21.227555701689184,30.788307668356996,82.47719145340176,182.81146892189273,138.26232161338746,70.45672524829375,120.8764367106206,33.48504226567085,9.521519365893528,8.460566051496302,1.0609533143972254,2.6216235059790423,0.5330781409706739,0.2801468778013154,0.06983414431137781,16.79773604185301,6.722703661640472,5.608755806699006,4.466276573513534,1.5688063636025942,112.00254971872268,0.3314514400057171,50.24512151718431,45.115983116267515,4.11356783919598,$C_{a}^{syst}$,[ml/mmHg],6.759357342400918,12.280084862149156,10.384931311623602,10.298852021845727,10.325106431297693,2.1207323125452313,4.9862377989706825,11.693465969394795,9.905775444392466,10.646978147833376,13.32433322435221,9.494214642787497,7.71940699667656,1.1638523232689233,0.32544843850496674,0.5529687921070096,5773.3241472307345,1.3580007427906593,0.2918086464526366,0.8656267429156504,0.5277126858113292
124.78849274577506,112.21927389695185,118.3618189271655,278.0813318156929,82.4174563880578,164.00691580560664,29.399601680229477,14.053147719933941,21.210003551215415,30.762801136157904,82.41896548943761,182.71887105256687,138.13700135098856,70.3904239522914,120.78349278498662,33.46640988029231,9.506523487638816,8.446897896911373,1.059625590727442,2.6172928841764573,0.5318526023728815,0.2797202717411753,0.06972102530250031,16.785405745119558,6.717698179623138,5.604572257749016,4.463135307747402,1.5688058188185325,111.87371012715862,0.3314514400057171,50.25242745601361,45.10698047478976,4.13819095477387,$C_{a}^{syst}$,[ml/mmHg],6.752068826120247,12.26889896665682,10.376910134552114,10.290953894356214,10.317141209889545,2.1190224974509873,4.9826701952383265,11.682261617505084,9.896368310164645,10.636937258276626,13.311791518228983,9.48657778387234,7.711958730200809,1.1627313043933583,0.32544843850496674,0.5529687740106491,5769.2219471640465,1.3574030918936366,0.2917781916286075,0.8652460843853171,0.5276576279567432
124.66233532144214,112.17468732857493,118.27771388286149,277.81358984347,82.3590815859824,163.86719276940053,29.37663821253782,14.040545156045605,21.192536746016746,30.73741457736199,82.36036296531476,182.6266622301255,138.0123751526511,70.32452584441563,120.6910525362601,33.44787593025726,9.49161430174995,8.43331009508751,1.058304206662439,2.612987511109577,0.5306344787633949,0.27929569325687914,0.06960845579289288,16.77312090445548,6.712710036500562,5.600403208061955,4.460007659892963,1.5688052597493647,111.74550232514304,0.3314514400057171,50.25965246251632,45.09766644124149,4.162814070351759,$C_{a}^{syst}$,[ml/mmHg],6.744818631760826,12.257775577629703,10.368928182781135,10.283093980715726,10.309215025457783,2.117319809183012,4.979122800284002,11.671116801216616,9.887020022303224,10.626953301532987,13.299317434446744,9.478985803955688,7.70455347421171,1.1616157488846808,0.32544843850496674,0.5529687502135057,5765.135711018767,1.356808504578592,0.2917499855567526,0.8648673862779873,0.5276066422272607
124.53668371331787,112.12967653118585,118.1936261103513,277.5460574305263,82.30075619564761,163.72755170576113,29.353661909619788,14.027946339579579,21.175067191510617,30.7119952463298,82.30196751124514,182.53435797620998,137.88776132797858,70.258651352462,120.59848595919769,33.42931437252246,9.476722440238731,8.419739282432444,1.0569831578062874,2.6086857554590095,0.529419643903773,0.27887113966813154,0.06949599765149748,16.760871300470114,6.707739236106441,5.596250110386745,4.456881953976932,1.568804686068538,111.61749351442732,0.3314514400057171,50.26689481288547,45.08848001205981,4.187437185929648,$C_{a}^{syst}$,[ml/mmHg],6.737577643893238,12.246651057479857,10.360948725586923,10.275235691090725,10.30129081234333,2.115615524942451,4.975563625559468,11.659978060243327,9.877668538077177,10.616970591776731,13.286848441942064,9.471361205145504,7.6971501779887355,1.160498466346587,0.32544843850496674,0.5529687358168311,5761.052933695332,1.3562146774093686,0.29172105069707194,0.8644891804907052,0.5275543295700961
124.41173118992604,112.08443052849437,118.10974821702246,277.279199639348,82.24254973378824,163.58826261947254,29.33075948367203,14.01538555721304,21.15765057395028,30.6866770387882,82.24409205317882,182.4423593107277,137.76353843316414,70.19294879301262,120.50617721041905,33.41080458020041,9.461878537088475,8.406210756806821,1.0556677802816534,2.6043959725879064,0.5282100261140537,0.2784484272163564,0.06938400379244579,16.748640020647123,6.702774534393933,5.592101681190729,4.453763805062461,1.5688040977735491,111.4898878900819,0.3314514400057171,50.274114057372834,45.079493799520726,4.212060301507537,$C_{a}^{syst}$,[ml/mmHg],6.730357146305783,12.235562471243762,10.352991235415711,10.267398555371868,10.293388401908775,2.113917392834753,4.972017921458821,11.648873085513552,9.868345830945007,10.607018543229065,13.274417547773966,9.46377019172703,7.689769609783016,1.1593846686417495,0.32544843850496674,0.55296871889651,5756.978481365177,1.3556229500540131,0.29169101465675734,0.8641123209570377,0.5275000279199307
124.28755241448984,112.03900403009688,118.02615486876361,277.0131683252167,82.18448756561357,163.44951339661088,29.307932952655502,14.002867628528646,21.14029263916094,30.66145137373863,82.18584247907043,182.3506764953881,137.6397533876257,70.1275017204537,120.41427890116876,33.39239135370185,9.447098586369728,8.392741307208542,1.0543572791611855,2.60012466586038,0.5270059468260198,0.2780272933515454,0.06927241362454621,16.736433702852427,6.697818932846191,5.587960439250649,4.450654330755587,1.5688034941588962,111.36272077721274,0.3314514400057171,50.28126781031925,45.070215289905455,4.236683417085427,$C_{a}^{syst}$,[ml/mmHg],6.723160805075318,12.224514385670025,10.345060032076429,10.259587034208522,10.285512381160105,2.112225168068796,4.9684903549253345,11.637807153418215,9.859061770558,10.597103086667751,13.262027241656742,9.456215833865606,7.682415360716159,1.158276223031145,0.32544843850496674,0.5529686980272646,5752.914129592949,1.3550333411558255,0.29166292266306,0.8637368199401658,0.5274492456871027
124.1639709659026,111.9932776772605,117.94268895940934,276.74769483168103,82.12654527922957,163.31103684643935,29.2851641194882,13.990380145306306,21.12297912581992,30.63627950492969,82.1279979662562,182.25922844319828,137.51627060471324,70.06221239584364,120.32255125460871,33.374030147120585,9.432358594474437,8.379307176956168,1.0530514175182693,2.595863037764848,0.5258065463636755,0.27760763690470236,0.06916123200516323,16.724252087067338,6.69287419802463,5.5838283180267805,4.447549571015927,1.5688028782114658,111.23590285527112,0.3314514400057171,50.28842316178104,45.061091648290216,4.261306532663316,$C_{a}^{syst}$,[ml/mmHg],6.715986635743371,12.213492034658032,10.337144120162518,10.251789939522261,10.277651363332822,2.1105371002206716,4.964967248918337,11.626769616211142,9.84979644871303,10.58721120556482,13.249671984120278,9.448676745591237,7.6750792377242805,1.157170693010785,0.32544843850496674,0.5529686796164678,5748.85816954607,1.354445173324532,0.2916340251364681,0.8633622439988667,0.5273970043633246
124.04122560995528,111.94747429267252,117.85958316398715,276.4836550105066,82.06892578344727,163.17328051494184,29.262479983075227,13.977949596665317,21.10573548242866,30.61118957888596,82.07057278069243,182.1680721910816,137.39335981900666,69.99726853964796,120.23121749077363,33.35576898146286,9.417704049211526,8.365952701155456,1.0517513480560705,2.5916254805267633,0.5246154549022843,0.27718978074134215,0.06905060464730442,16.712134140921478,6.687956137051332,5.57971907259265,4.444458931277497,1.5688022581331926,111.10982003610313,0.3314514400057171,50.29556648273194,45.05211686854002,4.285929648241206,$C_{a}^{syst}$,[ml/mmHg],6.708851857647228,12.202520297549537,10.329262070506951,10.244025818133837,10.269823979139561,2.108855887142302,4.96145457127839,11.615784648190456,9.840572007480967,10.577365373022579,13.237375595217028,9.441166995019667,7.667778981176432,1.1560706992056289,0.32544843850496674,0.552968663639627,5744.824804841309,1.3538598071733652,0.2916045794048236,0.8629894559078467,0.5273437693295113
123.91911665579342,111.90142435413709,117.77665826747344,276.21977630667203,82.01129853368136,163.0357739885733,29.23984688604784,13.965545055008581,21.08852875225647,30.586176745061987,82.012783872071,182.0771432943509,137.27071136943417,69.93242259372403,120.14005968748016,33.33750135796359,9.403083118893136,8.352628240394866,1.05045487849827,2.5873968855062124,0.5234276024591804,0.276773109936773,0.06894025530642611,16.70002748436623,6.683041723207743,5.5756125437563355,4.441373217402155,1.5688016165855079,110.98393671110095,0.3314514400057171,50.302640044772794,45.04287709495029,4.3105527638190955,$C_{a}^{syst}$,[ml/mmHg],6.7017290129653695,12.191573441465266,10.32139553695014,10.236276502216962,10.262012035716044,2.107177970766425,4.9579520289076635,11.604820948166084,9.831373603933583,10.567541484261659,13.225106237641928,9.43367515643256,7.660493236164663,1.154971089416945,0.32544843850496674,0.5529686443625645,5740.790897357695,1.353276178958693,0.2915767853679613,0.8626177871387554,0.5272935243987964
123.79767239634059,111.85517083125498,117.69394469580406,275.95703654293703,81.95394879580142,162.89878550715665,29.217305650351793,13.953187118708566,21.07139036016338,30.56125210592146,81.95573242026755,181.98658726556914,137.14853926832618,69.86784046543595,120.04926456158542,33.31934401813247,9.388529404048263,8.339364316392032,1.0491650876562313,2.583186138347084,0.5222465105927667,0.276358572024586,0.06883048799827221,16.68795063777532,6.678139396534711,5.571515757721692,4.4382954835189175,1.568800971190237,110.85862795305376,0.3314514400057171,50.30973591402309,45.03394104570536,4.335175879396985,$C_{a}^{syst}$,[ml/mmHg],6.694634435119468,12.180667707689963,10.313551736960028,10.228549209794691,10.254222768059797,2.1055079254698574,4.9544641351920955,11.59390284978651,9.822204152872228,10.557754831148955,13.212882183150187,9.426207623593696,7.653236271005053,1.1538776377716242,0.32544843850496674,0.5529686265449623,5736.776415706099,1.352694160342072,0.2915473748796524,0.8622471461856588,0.5272403548484978
123.6768918822487,111.8087141400956,117.61145002288602,275.6946896474111,81.89665293371768,162.76218085168045,29.194815757514803,13.940864027076397,21.054288594179198,30.53639789897689,81.89826364550443,181.89618582205563,137.02667486435317,69.80342852998204,119.95867270801911,33.301232168100036,9.374021359804873,8.326143056475678,1.0478783033291952,2.5789885745103653,0.5210695785285279,0.2759449969176731,0.0687209800454143,16.67590095929918,6.67324785271061,5.567428138224782,4.435224968363787,1.568800305384327,110.73361878026853,0.3314514400057171,50.316758171449706,45.02472840503835,4.3597989949748746,$C_{a}^{syst}$,[ml/mmHg],6.687560808638323,12.169788681107924,10.305728892802096,10.220842130473226,10.246454243221823,2.103840423298482,4.950984760989855,11.583011879837429,9.813065841451742,10.547994460116854,13.20069023218265,9.4187681570248,7.645997759128788,1.1527864606836922,0.32544843850496674,0.5529686055767598,5732.765705360237,1.3521140951864028,0.29151977266508844,0.8618777613350604,0.5271904584185683
123.55684299660489,111.76216204907671,117.52924912036028,275.4335825354693,81.83962738743855,162.62609968648584,29.1724039608204,13.928588402103532,21.03725116919464,30.51160867002003,81.8414617680582,181.8060678369053,136.90532090963276,69.73930915921981,119.86841999046217,33.283192819897025,9.359580722560953,8.312983540370869,1.0465971821900837,2.5748087847478263,0.5198999715004947,0.2755331697536067,0.06861202625862242,16.663905289678862,6.668379160275491,5.563360113780615,4.432166015622753,1.5687996363946557,110.60924752401989,0.3314514400057171,50.32379645408135,45.01580323571851,4.384422110552764,$C_{a}^{syst}$,[ml/mmHg],6.680520123524737,12.158956498993858,10.297934619443588,10.213146849692627,10.238714018281303,2.102179781118335,4.947513742702707,11.572168006071411,9.8039586793732,10.538273871396864,13.188549842162747,9.411342554800493,7.63879167794505,1.151699928947173,0.32544843850496674,0.5529685900998946,5728.773917120699,1.3515365484300474,0.2914907498425903,0.8615099832226425,0.5271379876928128
123.43742229818234,111.71539039753853,117.44724560944731,275.1728627813998,81.78267301232329,162.49042618516413,29.15004763420187,13.916346190653428,21.020254264303375,30.486917922978755,81.78429753047591,181.71617530952213,136.78428481798682,69.67533707309696,119.7783357489003,33.26516078334784,9.345188506737168,8.299868680065781,1.0453198266713863,2.5706431707426427,0.5187343414792197,0.27512258386494676,0.06850336193642982,16.65192933689526,6.663517750524516,5.559298199494113,4.429113386876633,1.5687989518577352,110.4851593553748,0.33102265418423493,50.33076405321798,45.006613963325215,4.409045226130654,$C_{a}^{syst}$,[ml/mmHg],6.673495891875897,12.148150942709247,10.290158676550165,10.20541861017974,10.230991918230261,2.1005224170508185,4.944052301054743,11.561351754932128,9.794883825071421,10.528580347109694,13.176442149846428,9.40394395445516,7.631603535660442,1.1506139549269583,0.32544843850496674,0.5529685693461818,5724.7871108626305,1.3509604820415508,0.2914634086052264,0.8611431569620663,0.5270885630079238
123.31858092173086,111.66841021421222,117.36540535397168,274.9127061551829,81.72581892058456,162.35499628800022,29.12774540515512,13.904128927300537,21.00329996329698,30.462272059500435,81.72755023484856,181.62651842016177,136.66352178062965,69.61152559303216,119.68852416216508,33.24722844060828,9.330833451360004,8.286786504576664,1.0440469467833386,2.566486263347116,0.5175732913588451,0.2747134280381047,0.06839508691447196,16.639975463318574,6.658665468824001,5.555243605766062,4.42606638872851,1.5687982527893074,110.36141954524575,0.33102265418423493,50.33772953658401,44.99758677628005,4.433668341708542,$C_{a}^{syst}$,[ml/mmHg],6.666491484537318,12.137370633949446,10.282400012836717,10.197707996477508,10.223287090092988,2.0988696012353802,4.940599403191513,11.550561034736058,9.785824778483656,10.518908163746334,13.164364731297905,9.396569836729244,7.624432071882507,1.1495333866962771,0.32544843850496674,0.5529685517759725,5720.807324440919,1.350386218246247,0.2914351891164809,0.8607774873826344,0.527037547036765
123.19921271851834,111.61991903575696,117.28260639472931,274.65357341766247,81.66978402220965,162.22044334674402,29.105624588031283,13.892011111075337,20.98647915338231,30.43780505779555,81.67152190808935,181.53761210165746,136.54353497947446,69.54810025913878,119.59915343321627,33.22943225792981,9.31657777558668,8.273791934185788,1.0427858414008924,2.5623614192474835,0.516415789771129,0.27430807797458584,0.06828779251358182,16.627909375479376,6.653770589152221,5.551153630242258,4.4229851560849,1.5687975890213,110.23792093864205,0.33102265418423493,50.3449394769817,44.988760710565536,4.458291457286432,$C_{a}^{syst}$,[ml/mmHg],6.659512366809263,12.126652894798283,10.274696658408498,10.190039490342691,10.215629406785123,2.0972284165420807,4.937165458882299,11.539832526897841,9.776817848143601,10.509295200920965,13.152354534216927,9.389230110644222,7.617304530432992,1.14846086349275,0.32544843850496674,0.5529685368775364,5716.884881554676,1.3498005689431412,0.2914062754188487,0.8604045406426326,0.5269852730940915
123.08156256580871,111.57250817412944,117.20113333269506,274.3946009040477,81.61318362213562,162.08581076342068,29.083434659390317,13.879864106138925,20.969610163984584,30.413304827175505,81.61475646855823,181.4483845495927,136.42346718944196,69.48465689958464,119.509786833332,33.211602142323194,9.30232156228958,8.260800715961025,1.0415208463285541,2.5582322072627495,0.5152640187376678,0.2739014403609248,0.06818020448808094,16.616005536008544,6.6489384127915745,5.547116085225557,4.4199510379914155,1.5687968680381807,110.11489424698935,0.33102265418423493,50.351837238398154,44.97959938918697,4.482914572864321,$C_{a}^{syst}$,[ml/mmHg],6.652547518751494,12.115931953068369,10.266977000886733,10.182367950051328,10.207963135711152,2.095584409499208,4.933731716537727,11.529104977580623,9.767816971539059,10.499679818196238,13.140343413209617,9.381890964734971,7.610175174561253,1.147386335669376,0.32544843850496674,0.5529685151379301,5712.922853549494,1.349229246549369,0.2913791444344805,0.8600407573713564,0.5269362295641735
122.96467770266942,111.52508984592644,117.12001773321832,274.1372751294638,81.55692835162158,161.95183135935247,29.06134451911823,13.867774486977082,20.952822676770584,30.38887940840056,81.55875191211315,181.3595356000096,136.3039545157133,69.42151111251127,119.4208171875472,33.19383038955834,9.288147936960232,8.247885041650697,1.0402628953095343,2.554125264146377,0.51412068774415,0.2734970092510473,0.06807327339510487,16.604164291387544,6.644132759545773,5.543100937144789,4.416930594696985,1.5687961472126422,109.9926329161322,0.33102265418423493,50.358756469172704,44.97075471785055,4.507537688442211,$C_{a}^{syst}$,[ml/mmHg],6.645622743216737,12.105265422461876,10.259291761731198,10.174730603757764,10.20033086418008,2.093947981871037,4.930307757999598,11.518427889331713,9.758848599277973,10.490108033658355,13.128393142271365,9.374580918354862,7.603079050547513,1.1463153946014524,0.32544843850496674,0.552968499997865,5708.98498461351,1.3486608083364047,0.29135048364206356,0.8596788121469046,0.5268844132047096
122.8482483204264,111.47736876128124,117.03896880808848,273.88001624620284,81.50066786405966,161.8180311209349,29.039278009861167,13.855693043904854,20.93605329274661,30.364502205217878,81.50253972284136,181.2707772038398,136.18462850466366,69.35847955784146,119.33193454922306,33.17609603954489,9.273997902646183,8.234990910746014,1.0390069919001703,2.5500246856745017,0.5129797495881057,0.2730932443159495,0.06796650848899775,16.59232812194307,6.639328735491602,5.539087143162536,4.413912243288931,1.5687954059769647,109.87049118368334,0.33102265418423493,50.36562816856303,44.961764372638726,4.5321608040201005,$C_{a}^{syst}$,[ml/mmHg],6.638707021658318,12.094611743618096,10.251613416250272,10.167100538808402,10.192705504721735,2.0923131481969364,4.9268888173321725,11.507766884352737,9.749900112151478,10.480551899904258,13.116457735032634,9.367275406796322,7.59599503815765,1.1452466290727727,0.32544843850496674,0.5529684820622748,5705.046750484176,1.34809313915002,0.2913227012025983,0.8593173679715725,0.5268341879380203
122.73253966769073,111.42960753768284,116.95824592889447,273.62381968995084,81.44462831935645,161.68481854449448,29.017306013214785,13.843655915130709,20.91935555960661,30.340235143193226,81.44657267159765,181.18239890582052,136.06581928835482,69.29570758896614,119.2434075712712,33.15842960212138,9.259919185397521,8.22216172405782,1.0377574613397016,2.545943948897619,0.5118453698250719,0.27269152609847574,0.06786028745424844,16.58054061390865,6.634544682722806,5.535090115910064,4.410905815275781,1.5687946589987927,109.74891655259913,0.33102265418423493,50.37246480685723,44.95280621266858,4.55678391959799,$C_{a}^{syst}$,[ml/mmHg],6.631822627551599,12.084002979175219,10.24396682472065,10.159502123016448,10.18511159232589,2.0906851877763986,4.923483254279383,11.497154102057685,9.740990640067873,10.471037474643614,13.104576218491616,9.360000115970475,7.588941280386927,1.1441818768770518,0.32544843850496674,0.5529684646497136,5701.123982354952,1.3475279931569872,0.29129499128670083,0.8589575349631684,0.526784093322982
122.61737516797488,111.38165834249821,116.87768659640754,273.3682915763502,81.38873822540053,161.5519486360839,28.99537372651228,13.831643557593987,20.902692240115286,30.315994211017667,81.39066118491351,181.09417341183575,135.9472513534525,69.23307356617914,119.15512572985901,33.140788246477754,9.24588620603305,8.209375130921682,1.036511075111369,2.541875767596151,0.5107157490386796,0.2722907945317995,0.06775435795249682,16.56876729029373,6.6297656309061725,5.5310971264262,4.407904532961362,1.5687939037611807,109.62771769523188,0.33102265418423493,50.37929836967731,44.94383206897482,4.5814070351758795,$C_{a}^{syst}$,[ml/mmHg],6.62495794252243,12.07342146778641,10.236335291380785,10.151919125206604,10.177532667024167,2.0890606622501906,4.920086973169587,11.486562852762777,9.732095405372693,10.461542620023616,13.092720111528351,9.352748188489082,7.581902234532678,1.1431188565168497,0.32544843850496674,0.5529684471176156,5697.211675778037,1.3469642125624977,0.2912674924747543,0.8585985764816866,0.5267343805835673
122.50282509507272,111.33359402034621,116.79736374714385,273.1134903039468,81.33299064850824,161.4195156586051,28.973521425458525,13.81967740172047,20.886088012007388,30.29185500240935,81.3349502106179,181.00626567042877,135.82913218103565,69.17068179326502,119.06712222806344,33.12323369068078,9.231907689838541,8.19663756185242,1.0352701279861223,2.5378223871288683,0.5095912559005704,0.2718918066173716,0.06764889581601144,16.557031602496362,6.6250023736862,5.527117308122211,4.40491192068795,1.5687931358214888,109.50693531763561,0.33102265418423493,50.386095086869055,44.9348810713052,4.606030150753769,$C_{a}^{syst}$,[ml/mmHg],6.618118462022533,12.0628761192822,10.228728607797413,10.14436096482369,10.16997839574932,2.0874421976324142,4.916701325811142,11.476013142827963,9.723236925686095,10.452083853879776,13.08091023337042,9.345522426791373,7.574890207244663,1.1420607297295509,0.32544843850496674,0.5529684292651955,5693.309345395577,1.346402418557126,0.29124006572975164,0.8582408909203256,0.5266847984735078
122.38879705282862,111.28534380112747,116.71719541782531,272.8591988577466,81.27734685540285,161.287382793878,28.95170560780616,13.807737579056681,20.869513587131138,30.267758214239446,81.27932166549547,180.91847950003108,135.71128526379226,69.10846162507106,118.97928704754803,33.105733938823185,9.217968667650794,8.183936678769749,1.0340319888810443,2.5337797655388705,0.5084709168878574,0.27149368737105006,0.06754370648303301,16.54532045247171,6.620249244556402,5.5231461623971105,4.401925045518193,1.568792358356132,109.38646619618886,0.33102265418423493,50.39287354502717,44.92593674792713,4.630653266331659,$C_{a}^{syst}$,[ml/mmHg],6.611294867561066,12.0523545176898,10.221135693057995,10.136816899180486,10.162437870238627,2.085827069202741,4.9133210297172445,11.46548736679907,9.714399297256495,10.442646981592256,13.069126964829934,9.338306311410747,7.567895727066368,1.1410054538498697,0.32544843850496674,0.5529684111994576,5689.4142798781995,1.3458419895373033,0.2912127170220217,0.8578840803046436,0.5266353576876931
122.27541873947423,111.23703380901736,116.63730871458088,272.60583620604694,81.22189375093032,161.15576259249787,28.92997889841204,13.795843916701363,20.853007142146403,30.24376243936306,81.22392882593857,180.83106495403163,135.59390434409298,69.0464389685307,118.89177403381981,33.088276905771174,9.204093112825692,8.171293113394588,1.032799999431104,2.529754574096972,0.5073564476081452,0.27109755956076265,0.0674390255738324,16.533647677198328,6.615511647912115,5.519187910855714,4.398948118430496,1.5687915728152997,109.26649615956994,0.33102265418423493,50.399621114579595,44.91702177752821,4.655276381909547,$C_{a}^{syst}$,[ml/mmHg],6.604502124166804,12.041875004490304,10.213571044756254,10.129300930855537,10.154925266788755,2.0842180721856294,4.909953792709037,11.455004452133734,9.705596028514817,10.433247652608141,13.05739098605133,9.33111713872346,7.560927943870849,1.139953156661909,0.32544843850496674,0.5529683928226179,5685.532562565122,1.345283778960379,0.2911854067153764,0.8575286878588841,0.5265859866402587
122.16267459151076,111.18865841195569,116.55769499805639,272.3531573233792,81.16656095618322,161.02458734170506,28.908320648883098,13.783990416907004,20.83655352847376,30.21985116893601,81.1684257003175,180.7439236090109,135.4769341351356,68.98466964375241,118.80459186885413,33.07090111403833,9.190271959658487,8.158699418055178,1.0315725416033084,2.5257446962433945,0.506246937112369,0.27070288736027,0.06733473117766024,16.522004760453093,6.610785288957539,5.5152389203737,4.395980551121855,1.5687907721426997,109.14692840859364,0.33102265418423493,50.40631514486809,44.9079692858183,4.679899497487437,$C_{a}^{syst}$,[ml/mmHg],6.597730664384892,12.031430824153842,10.206032099382982,10.121810991716288,10.14743833552421,2.0826143630106646,4.906600517447062,11.444557639676901,9.696828501611753,10.423882074253592,13.045695571592985,9.323964909752393,7.5539852743986655,1.138905305459774,0.32544843850496674,0.5529683724053496,5681.659266932826,1.344727768711493,0.29115911434524244,0.8571747058881695,0.5265384583909083
122.05036343296821,111.1400543895078,116.47816630319494,272.1011575434296,81.11139732667185,160.8936667597666,28.886681551465035,13.772153964774875,20.820116964618983,30.195941468768368,81.11347414151517,180.65680776730616,135.36011368550402,68.92297482305463,118.71743094915827,33.053512609511216,9.176487523305598,8.146140334184942,1.0303471891206553,2.52174431453486,0.5051420001744661,0.2703088295596033,0.0672306782130208,16.510396050357656,6.6060745778902135,5.511303885294287,4.393017587173154,1.5687899722140035,109.02772324831777,0.33102265418423493,50.413045435642175,44.899207034585075,4.704522613065326,$C_{a}^{syst}$,[ml/mmHg],6.590974117751526,12.021002323675042,10.198501962102215,10.114329497560362,10.139959796286975,2.081012195208588,4.903242843293248,11.434127357445181,9.688064696031068,10.414527857126055,13.034015476718283,9.316794695446204,7.54705231142661,1.13785717474052,0.32544843850496674,0.5529683574253363,5677.797812867029,1.3441726667488467,0.29113115574020804,0.8568213021223239,0.526487911705721
121.93867485519502,111.09139076368086,116.39890965495836,271.8498230291117,81.05635155249341,160.7632055291249,28.86513981231381,13.760365457855322,20.8037488617349,30.17215551806591,81.0585355544364,180.57008703828782,135.24379297559207,68.8615769253874,118.63066306186285,33.03626523281837,9.16275954473184,8.133631577396809,1.02912796733503,2.517759542165022,0.5040419120613229,0.26991677434813005,0.06712711481245118,16.49881785261067,6.601375835927344,5.507378311465839,4.390063705217486,1.5687891557432863,108.90891100703232,0.33102265418423493,50.419715932952535,44.89034528584398,4.729145728643216,$C_{a}^{syst}$,[ml/mmHg],6.584245784253389,12.010616345721939,10.190998942635833,10.106875642756577,10.132508504765353,2.0794167683874125,4.899901512705492,11.423739179622984,9.679344705476872,10.405214096144103,13.022387391335265,9.309666746237356,7.54014944324129,1.136816634820113,0.32544843850496674,0.5529683403673743,5673.944608674538,1.3436197030963222,0.2911039991668961,0.8564692700592518,0.5264388174076946
121.827575699806,111.04265170483524,116.31989704699767,271.59944054139345,81.00151618586419,160.6332338680742,28.843663731161865,13.748616998024502,20.787433376596173,30.14842312508565,81.00367165742084,180.48361666527438,135.1278431284031,68.80034271494502,118.54421444185934,33.01903529603605,9.149091923551508,8.121178751399999,1.0279131721515087,2.513791730477528,0.5029475993598693,0.2695261087891121,0.06702396119117597,16.48726522702356,6.596686729700017,5.503460638065324,4.38711785925822,1.5687883362015018,108.79059365532166,0.33102265418423493,50.42637456479871,44.88145414752551,4.7537688442211055,$C_{a}^{syst}$,[ml/mmHg],6.577539110795666,12.000265176456642,10.183519494716318,10.099445327811518,10.125080489832538,2.0778268587195137,4.8965724858586395,11.413385938849549,9.670648150248555,10.395930374009152,13.010795582610328,9.302570439660931,7.533268262171897,1.1357774981748756,0.32544843850496674,0.5529683223209761,5670.106133010493,1.3430686088108932,0.29107725358732145,0.8561184309049986,0.5263904672976234
121.71703513993853,110.99381270680185,116.24110512173147,271.34959606306967,80.94676856685862,160.5036488564645,28.822251652890422,13.736904937398547,20.77116572982848,30.124781016173895,80.94871107130835,180.39740788167884,135.012275228164,68.73932323600273,118.45802569802208,33.00187551169471,9.135471725699277,8.108769006041856,1.0267027196574225,2.5098372715579593,0.501857446345234,0.26913685277851,0.06692116334239347,16.47573892153245,6.592007847364862,5.499551358990845,4.384179715176741,1.5687875001230647,108.67259740792775,0.33102265418423493,50.432977158823256,44.8724358192563,4.778391959798995,$C_{a}^{syst}$,[ml/mmHg],6.570849112538457,11.989946380042397,10.1760607564092,10.092036059794953,10.117673191770987,2.076241564251429,4.893256797058965,11.403066711358235,9.661986790986262,10.386677989331481,12.99924374777333,9.29549986823292,7.526410208993818,1.134742398255526,0.32544843850496674,0.5529683019353591,5666.273799680103,1.342519279422115,0.29105141996314426,0.8557687254116955,0.5263437686111122
121.6068935916663,110.9447574562151,116.16238724277419,271.1003985698776,80.89215322216339,160.3742499613843,28.800856514151278,13.725206050197405,20.754914258175535,30.101147272911764,80.89438284898186,180.31124140264154,134.89683346983108,68.67837703662923,118.37182802020729,32.984715337834295,9.121881672954476,8.096387154554261,1.0254945184002149,2.5058900865251226,0.5007713584156337,0.2687482820462561,0.06681859535220522,16.46424756507639,6.587345121539944,5.495656471185012,4.381245972351437,1.5687866603646266,108.55491350611106,0.33102265418423493,50.439614365548714,44.86374904842553,4.8030150753768845,$C_{a}^{syst}$,[ml/mmHg],6.564168310922995,11.97964060588148,10.168610417449306,10.084634795630379,10.110273881845693,2.074657583172389,4.88993297102985,11.392760010917604,9.653328275384391,10.377434926310665,12.987706737755936,9.288419691161872,7.5195602152157495,1.1337073678805676,0.32544843850496674,0.5529682872145613,5662.450725551437,1.341970873342613,0.29102360650197584,0.8554196101021819,0.5262934841488544
121.49734899505168,110.89565801495601,116.08393662456216,270.8519422801067,80.83768009924016,160.24532119344872,28.779547754251894,13.713556020705797,20.73872937562036,30.07760879829486,80.83991031395124,180.22542387941724,134.78188766080777,68.61768556385518,118.28603356534124,32.96763769454237,9.108348917070217,8.084057115146651,1.0242918019235663,2.5019589620318134,0.49969027176763836,0.26836146273832756,0.0667165055232847,16.45277711863297,6.582689668860296,5.491767078015491,4.378320371757179,1.5687858127396177,108.43764440416145,0.3305938683627528,50.44620304492548,44.85488704858783,4.827638190954774,$C_{a}^{syst}$,[ml/mmHg],6.557516578404014,11.969375217997731,10.161186557552103,10.077260316438979,10.102900998741971,2.073080181941724,4.886630156929498,11.38249852728575,9.64470933469212,10.36823202118175,12.976214620051154,9.281367756718167,7.512740131064247,1.1326771819347996,0.32544843850496674,0.5529682697836831,5658.6376069468115,1.3414244974749185,0.2909971456749934,0.8550717928359823,0.5262456483964789
121.38840292181636,110.84651035187548,116.0057592558217,270.604401951559,80.78339896991362,160.11688338126498,28.758309300332723,13.70194550049931,20.722598206729426,30.054153695162217,80.78568653286426,180.13988811351092,134.6673359282685,68.55719429350741,118.20048980721651,32.95059656670255,9.094876591935424,8.071782618266814,1.02309397366861,2.4980447941799393,0.4986148067415302,0.267976219485189,0.06661482672156298,16.441350825501832,6.578052385540406,5.487893085073836,4.37540535488759,1.5687849582282065,108.32085886649122,0.3305938683627528,50.45276754329203,44.84608455066823,4.852261306532664,$C_{a}^{syst}$,[ml/mmHg],6.550890058960044,11.95914925765286,10.153787139324326,10.069910297003643,10.09555236743587,2.071508077946314,4.8833348448641045,11.372271133867185,9.63612119449874,10.359061056171115,12.964765548846398,9.27434256729765,7.505943150076417,1.1316493132040846,0.32544843850496674,0.5529682522838846,5654.837927893954,1.3408801838956226,0.2909704804172638,0.8547252935227141,0.5261974430095934
121.2800338618632,110.79731794328698,115.92783828774233,270.35776717968184,80.72931247867669,159.98895517092194,28.73714736299988,13.690380098137336,20.70652639035374,30.030787404767413,80.73162535744432,180.0546551210051,134.55321574376256,68.4969793868466,118.11531040510646,32.93366488407568,9.081465667666404,8.059564333871343,1.02190133379506,2.494147922827163,0.4975448958197246,0.2675926309474806,0.06651360230254383,16.429960222437455,6.573429631774698,5.484031098419026,4.3724994922437315,1.5687840946679368,108.20455104304375,0.3305938683627528,50.45930351406487,44.83728860172424,4.876884422110553,$C_{a}^{syst}$,[ml/mmHg],6.544292418810845,11.948959965517139,10.146414205349382,10.062586902361092,10.088230122994988,2.0699418206194897,4.8800525744489125,11.362084113140643,9.627565855298407,10.349924976443523,12.953361210496714,9.267350109290756,7.499172673724849,1.1306274717241065,0.32544843850496674,0.5529682349907202,5651.051873507368,1.3403378242769526,0.29094401758984734,0.8543800442856101,0.5261496035025047
121.17197867564236,110.74786225045649,115.84992957346391,270.1110663428789,80.67518609809163,159.86101865184074,28.71598763040274,13.678815309136457,20.69045675324044,30.007423957136677,80.67756836612217,179.96943215239727,134.4391276323107,68.43673570231,118.03010343351501,32.916708506785376,9.06806228045897,8.047352558179476,1.0207097222794939,2.490252077144014,0.49647660504276453,0.26720936977662724,0.06641246854837031,16.418570645116798,6.568807274156608,5.480169653588728,4.3695937173714645,1.5687832176887342,108.08829409462298,0.3305938683627528,50.46582761604509,44.82848414935531,4.901507537688442,$C_{a}^{syst}$,[ml/mmHg],6.537692864696399,11.938773692927963,10.139042662955907,10.055264943142081,10.080909100326753,2.0683757591892857,4.87676974021463,11.351899602644322,9.619012860467729,10.340791520108825,12.941958469006243,9.260353141446693,7.492403742821831,1.1296045300743554,0.32544843850496674,0.5529682176440629,5647.263026866414,1.3397960305068302,0.2909175342061153,0.8540351626662175,0.5261017268688206
121.0645727501374,110.6984451194371,115.77235512905547,269.86556756291986,80.62132612865572,159.7337271840493,28.69491927340302,13.667308287929366,20.674459057164096,29.98416096727977,80.62371576787086,179.88455088616934,134.32559613880994,68.37683392500084,117.94532285131454,32.899865283227946,9.054734608648134,8.03521068039824,1.019523928249894,2.486377958781021,0.49541500073045924,0.2668279487803242,0.06631185945134002,16.407229757444025,6.564204757140238,5.476324735185383,4.3667002651184035,1.5687823400743852,107.97264071615402,0.3305938683627528,50.472325131286624,44.819699841199494,4.926130653266331,$C_{a}^{syst}$,[ml/mmHg],6.531131804806099,11.928634910193454,10.131703122377065,10.04797513251112,10.073619975073772,2.066817007941797,4.873501754914344,11.34176580845353,9.610501468672219,10.331702795799979,12.930613114610003,9.253393818527018,7.485669188505027,1.1285877361008967,0.32544843850496674,0.5529682002341724,5643.492829005901,1.3392565702014252,0.29089125984121567,0.8536917684437493,0.5260542282865964
120.95759165764878,110.6488757077789,115.69490632928682,269.62042615858314,80.56752821758411,159.6066672901302,28.673896536400086,13.655825293833244,20.658495807240616,29.960956568907168,80.56998132578991,179.7998565284217,134.21233113231477,68.31703582502078,117.86063059131176,32.88301846328783,9.041439257263058,8.023097639277015,1.018341617986043,2.4825122520422354,0.49435670701346196,0.26644765125262254,0.06621154305064693,16.39591079367953,6.559611369944462,5.472487705517733,4.363811718217333,1.5687814495914845,107.85722415983925,0.3305938683627528,50.478798652646425,44.810926371931714,4.950753768844221,$C_{a}^{syst}$,[ml/mmHg],6.524580471489333,11.918521406224027,10.124377792627339,10.040699255273575,10.066344702959393,2.0652611914883154,4.870237620858596,11.33165473022489,9.60201295722625,10.322635629161756,12.919293776332713,9.246442924007743,7.47895028092905,1.1275712449152218,0.32544843850496674,0.5529681829138284,5639.726975230888,1.3387182968869966,0.29086499921746006,0.853349137469469,0.5260067544659923
120.85121053478248,110.59932143201982,115.61775425054817,269.3763480335135,80.51395853882751,159.48015900262718,28.652953035586684,13.644389011917797,20.64259490668526,29.937833013370625,80.5164379490946,179.71547529204872,134.09950191592102,68.25751268473476,117.7763853195994,32.86630129082029,9.028210546825264,8.011045925057996,1.017164621767268,2.4786653837512906,0.49330450448366736,0.2660690437098761,0.0661116968459239,16.384627931954622,6.555032372596576,5.468662280784768,4.360933278573279,1.5687805548785405,107.74234913977675,0.3305938683627528,50.48525098191128,44.80217288925755,4.9753768844221105,$C_{a}^{syst}$,[ml/mmHg],6.518063778358131,11.908446719492538,10.117079303239585,10.033450719976038,10.05909641225638,2.063711945621242,4.866990223543913,11.32158480744238,9.593554642121205,10.31360339884934,12.908021329207653,9.2395248033976,7.472257960758977,1.1265617811724489,0.32544843850496674,0.5529681657130312,5635.977097717926,1.3381822369076346,0.29083888063595703,0.8530079192696524,0.5259595374010934
120.74526032169891,110.54963378291524,115.54074077828776,269.1327587653642,80.4604865475304,159.35393014797373,28.632048819514686,13.632975228837935,20.626724338237473,29.914753984018464,80.46296791418018,179.6312500641198,133.98690238116336,68.19809147009306,117.69224943957332,32.84956118696052,9.015019401199524,7.999028749709362,1.0159906514901609,2.4748288082194763,0.4922560493859556,0.2656914015088689,0.06601211535705016,16.373366640715414,6.55046216431998,5.464844480338094,4.358059996057341,1.5687796467830988,107.62776085465688,0.3305938683627528,50.49168631913625,44.793413109054654,5.0,$C_{a}^{syst}$,[ml/mmHg],6.511556030769424,11.898393655768626,10.109794486576583,10.026215759921884,10.051861497373823,2.0621654999569485,4.863745721989743,11.311535458913172,9.585113711372166,10.304590160104791,12.896769527559139,9.232623389037242,7.465578956006974,1.1255516940230852,0.32544843850496674,0.552968148587274,5632.234058327128,1.337647402754369,0.29081287938758654,0.852667489342634,0.5259125324497566
