STK_syst_list,DTK_syst_list,MAP_syst_list,Plvmax_list,SV_lv_list,EDV_lv_list,STK_pulm_list,DTK_pulm_list,MAP_pulm_list,Prvmax_list,SV_rv_list,EDV_rv_list,maxVla_list,minVla_list,maxVra_list,minVra_list,Eout_total_list,Eout_lv_list,Eout_rv_list,SW_lv_list,PE_lv_list,SW_rv_list,PE_rv_list,Ein_total_list,Ein_LAD_list,Ein_LCX_list,Ein_RCA_list,Ees_lv_list,Pes_lv_list,LVET_list,EF_lv_list,EF_rv_list,var,var_name,var_unit,Plvmin_list,EDP_lv_list,Pv_syst_max_list,Pv_syst_min_list,Pv_syst_mean_list,Prvmin_list,EDP_rv_list,Pv_pulm_max_list,Pv_pulm_min_list,Pv_pulm_mean_list,Plamax_list,Pramax_list,Plamin_list,Pramin_list,RVET_list,Ees_rv_list,CO_list,Ea_lv_list,Ea_rv_list,VAC_lv_list,VAC_rv_list
129.5114917704862,93.9462928056503,111.16082624066243,253.20831585152337,77.40864144789397,153.56720892794624,27.53626954589296,13.081111525216272,19.81627186946021,28.697242185964857,77.40856888615095,174.98881098237675,128.70163132103932,65.47423983231208,112.43712560601449,32.08777075112171,8.417047009162426,7.463048730670671,0.9539982784917547,2.234870795821393,0.5143360052642455,0.24553619276238778,0.06096717247816287,15.651261022964139,6.255676981294037,5.220626902605808,4.174957139064296,1.778779792796935,117.14732019139555,0.3331665832916458,50.4070120101057,44.236296281793024,10.0,$C_{v}^{syst}$,[ml/mmHg],6.248890657354189,11.437516916716286,10.017863261824274,9.36129113294927,9.643412799918949,1.9770512264766047,4.6824262305943805,10.850091147858064,9.194613455185477,9.8859458605234,12.383380947503554,8.850485727023427,7.158911954857071,1.0848726569736504,0.3258772243264489,0.5529670803247111,5418.604901352578,1.5133623068459463,0.2905068840728257,0.8507867657223331,0.5253601785882722
130.35818996016198,94.56838506452407,111.88857018153136,255.49658192415956,77.91324041892877,154.72313916795153,27.730808984031153,13.186094079358494,19.96345014074461,28.911494114735593,77.91294439848139,175.77827714507973,129.733361434344,66.01681200860824,113.27645298103737,32.22324234242596,8.520850604111141,7.556284358055778,0.9645662460553639,2.2693819917345714,0.5177254708897286,0.24894106244669273,0.061858224567682855,15.757991273923688,6.298974104621273,5.256776154884259,4.2022410144181555,1.755467175883808,116.75995624726154,0.333595369113128,50.35655354326425,44.32455799653528,11.414141414141413,$C_{v}^{syst}$,[ml/mmHg],6.307553258713798,11.52957421114378,10.044235327063884,9.462749298506486,9.711400890802018,1.991719450642948,4.713142090972127,10.941893133973974,9.271802631124956,9.96841762684391,12.486123051677671,8.915559319276236,7.219918857332641,1.0925480447553186,0.32544843850496674,0.5529670803247111,5453.926829325013,1.4985894004595282,0.2907277907467488,0.8536698498535285,0.52575967194291
131.17786416703368,95.17124610298812,112.59323702561224,257.7206693295031,78.40186623159723,155.8453923876187,27.919492788254555,13.288028834962418,20.106238896375977,29.11943459822697,78.40161331212238,176.54361774260528,130.73529838633675,66.5439258249167,114.0803420972837,32.35823785197275,8.638632554698228,7.663747375559321,0.974885179138907,2.303112530746222,0.527679085334803,0.25226507408954546,0.06272890117017281,15.8613769740737,6.34092026808579,5.291796424489117,4.228660281498795,1.755467175883808,117.87700647484701,0.333595369113128,50.30746500133677,44.40920284438111,12.828282828282829,$C_{v}^{syst}$,[ml/mmHg],6.364591396340711,11.618954156499372,10.077128283250815,9.55478397619653,9.777262797865195,2.0058952868563305,4.742863148852896,11.03107798754444,9.346773864649428,10.048520076355588,12.585927034063916,8.978574616709256,7.279182612727554,1.1002751893046852,0.32544843850496674,0.5529670803247111,5488.130636211806,1.5034974566375903,0.2909419063721433,0.8564657188082363,0.5261468841893763
131.97111359036336,95.75529770343121,113.27546587141045,259.8814364231857,78.87491955131914,156.93461781073086,28.102402277523304,13.386961104109679,20.24469937594139,29.321095814235598,78.87466013434458,177.28509950254872,131.70793688690247,67.05579978769117,114.85289713889021,32.49150977278331,8.753789452701003,7.768837072190171,0.9849523805108331,2.33606136357428,0.537449641381074,0.25550730146977,0.06357903207121905,15.961518885877616,6.381556832372649,5.325723822956403,4.254238230548566,1.7554754804564787,118.9635933163352,0.333595369113128,50.25973278021125,44.49029295505495,14.242424242424242,$C_{v}^{syst}$,[ml/mmHg],6.419983939291573,11.705702536854863,10.114160478746667,9.639606602266023,9.841061626331348,2.0196079653735035,4.771618884663669,11.117684794572636,9.419568593414365,10.126291874944593,12.682833675679602,9.039586202776068,7.336732828332579,1.107968917874596,0.32544843850496674,0.5529670803247111,5521.24436859234,1.5082562872084173,0.29115006722177844,0.8591725170756719,0.5265233276650221
132.73965138908278,96.32164445627426,113.93665759648769,261.9826017983201,79.33337832138389,157.99280649941613,28.279877199425968,13.483061310152674,20.379080387925466,29.51683065479195,79.33309253790985,178.00408234410753,132.6529591466801,67.5533760710653,115.59801309386482,32.62290575301319,8.86645261365749,7.871672451381998,0.9947801622754915,2.3682695604926214,0.5470444441342069,0.25867177380846884,0.06440959297018625,16.058610516512616,6.420961835512738,5.358622013280513,4.279026667719364,1.7554957460065832,120.02148545107141,0.33402415493461013,50.2132850723663,44.568130962607675,15.656565656565657,$C_{v}^{syst}$,[ml/mmHg],6.473870291216292,11.789974749857768,10.153859138824915,9.718725620302093,9.902924226038131,2.0328948827843205,4.799479091018714,11.201859237582985,9.490312549484175,10.201867430634787,12.777034271606118,9.098810906205076,7.392669027380749,1.1155928528908834,0.32544843850496674,0.5529671856878251,5553.336482496872,1.5128750091147984,0.29135224859766057,0.8617936059123467,0.5268888573112221
133.4848168958328,96.87096949021077,114.57785202516848,264.02694413717734,79.7779931251312,159.021442123569,28.452257868651394,13.576447094572229,20.50963863048626,29.707097539278994,79.77796453953215,178.70221514150285,133.57180647056282,68.0373069489084,116.31848143080543,32.7521381643644,8.958503927953599,7.954119616500958,1.0043843114526398,2.3997649870884867,0.5490641253102769,0.261763744939537,0.06522174752088575,16.152797383435992,6.45919322532858,5.390539690737859,4.30306446736955,1.7321455824213774,119.4404774233186,0.3344529407560923,50.16807297165562,44.64296342178024,17.070707070707073,$C_{v}^{syst}$,[ml/mmHg],6.526328241936774,11.871898197289683,10.195245357969133,9.793195877298752,9.962973167355122,2.0457893249442436,4.826505661812226,11.283726730501865,9.559108220036114,10.275359470133635,12.8686531132184,9.156317745591238,7.447069096942568,1.1231209700460754,0.32544843850496674,0.5529673409942223,5584.459518759184,1.4971607174421782,0.2915484964050661,0.8643388480945624,0.5272436087832397
134.20731933544164,97.4036678648473,115.1995209642402,266.0153120845102,80.20901132863175,160.02093181612048,28.61960972646484,13.667116469440156,20.63640792559669,29.89186019141856,80.20929565105607,179.3795643228479,134.46490743908046,68.50777190421132,117.01565008510276,32.878849606681236,9.066049094980343,8.052288035764274,1.0137610592160695,2.4305438882838963,0.5581910856040199,0.2647819938733461,0.06601518466977158,16.24413435185037,6.4962717742974565,5.421494545024203,4.326368032528712,1.7321455824213774,120.4291010421639,0.3344529407560923,50.12407465593293,44.714845837564376,18.484848484848484,$C_{v}^{syst}$,[ml/mmHg],6.577372326171344,11.95150338522902,10.237578093013742,9.863697150194941,10.021239961889794,2.058299424101393,4.852715086032987,11.363316407168934,9.625978872461117,10.346795703474077,12.957717635491303,9.212153852640503,7.499955570238125,1.1305245420544752,0.32544843850496674,0.552967486542237,5614.630793004222,1.5014410357053611,0.29173922020803783,0.8668099557812496,0.5275883796212204
134.90807869900044,97.9206233109425,115.80260842907407,267.9499069485421,80.62711054781343,160.99263573353716,28.782002390162976,13.755243444060572,20.75948233323928,30.071235185746847,80.62724569250904,180.03637772911878,135.33324231377338,68.9654218901938,117.6907946773473,33.002877393048344,9.171264019175641,8.148353896514301,1.0229101226613397,2.460632317288942,0.5671538195054892,0.267726199952533,0.06679011007240183,16.332806040378035,6.532275849348953,5.451553866845885,4.348976324183193,1.7321455824213774,121.39210067203189,0.3344529407560923,50.0812414061357,44.783863522193336,19.8989898989899,$C_{v}^{syst}$,[ml/mmHg],6.627063750584624,12.028879971384203,10.280358874431894,9.930748458090843,10.077779765246547,2.07043817334586,4.878121433234536,11.440711230922892,9.69100842137896,10.41625570104388,13.044324797293015,9.266310002887009,7.5513937452169975,1.1377877767530513,0.32544843850496674,0.5529676331991347,5643.89773834694,1.5055990453737522,0.29192541902351016,0.8692104524315246,0.5279249661225325
135.58824931788334,98.42261087520369,116.38808139120947,269.8335603428274,81.03299819278372,161.93795440125763,28.939903332937806,13.840988166279223,20.87916101579586,30.24568671792564,81.03324588869492,180.67471870235562,136.17818209970673,69.41081589195844,118.34594192514639,33.12428888092815,9.274244805747832,8.242391262980163,1.0318535427676685,2.490060210869181,0.575952497659341,0.27060380846728455,0.06754803818623929,16.4189232061221,6.567247897780174,5.480751950063919,4.3709233582780085,1.732162262684839,122.33068859097679,0.3344529407560923,50.03953427248826,44.85035121166535,21.313131313131315,$C_{v}^{syst}$,[ml/mmHg],6.675463482069506,12.10416084193052,10.323295507796933,9.994828260018604,10.132727456603567,2.0822367619326134,4.902796084146909,11.51604366776003,9.75429359909747,10.483853067372344,13.128615849156416,9.318957722606637,7.601456219945809,1.1449116453892767,0.32544843850496674,0.5529677774719609,5672.309873494861,1.5096404097000422,0.29210624912387706,0.8715352148130224,0.5282518458115559
136.24856798814483,98.91015598409632,116.95656006599711,271.6677021644709,81.42704035994923,162.85766837334472,29.093370113172508,13.924408000522735,20.99551986836992,30.41535280480532,81.42747101063304,181.29493042678558,137.00039455370361,69.8443826945822,118.98202539259296,33.243086218377385,9.375031049318421,8.334439025480814,1.040592023837607,2.51883788936386,0.5845926087990725,0.27341507134861365,0.06828900338212088,16.50255229812099,6.60121275475871,5.509108497290552,4.3922310460717275,1.732178667241684,123.24542419164936,0.3344529407560923,49.99889853100499,44.91436733445607,22.727272727272727,$C_{v}^{syst}$,[ml/mmHg],6.722613630634621,12.177406138041498,10.36610377910625,10.056230146030774,10.186120255799235,2.093705435290805,4.926767922289108,11.589371897392796,9.815888065552558,10.549639818002325,13.210661098298083,9.37016198738638,7.65018583336239,1.151891926100787,0.32544843850496674,0.5529679102031964,5699.892825196446,1.5135687561139575,0.2922820914120971,0.8737948254057186,0.5285697162873224
136.88994855469588,99.38379593551068,117.50869319926096,273.4539174193887,81.80978203627865,163.7527514421526,29.242515488865312,14.005578397905866,21.108630485926412,30.58026127368281,81.8099336512972,181.89719307265224,137.8005971959933,70.26655129570025,119.59970585500523,33.35915517646298,9.45396994682998,8.404844982089301,1.049124964740679,2.5469836684107654,0.5850671373165925,0.27615955574196077,0.06901319415262418,16.583809557408284,6.634218730299807,5.536664872166301,4.4129259549421755,1.7087973262282166,122.46047266090598,0.3348817265775745,49.95933278420596,44.97591868755291,24.141414141414142,$C_{v}^{syst}$,[ml/mmHg],6.768505406383421,12.248676501522272,10.408572343253374,10.115184574499787,10.237993003521703,2.104843891878301,4.95004577831318,11.660755922431177,9.875844279499015,10.61367401293079,13.290526087350914,9.41993049899781,7.697628990616626,1.1587192742556458,0.32501965268348454,0.5529680432547447,5726.684742539505,1.4968927873026325,0.2924541857398687,0.8759919999445953,0.5288808084071128
137.51341118140712,99.84430301200565,118.04540530312956,275.1948873886383,82.18174721521345,164.6244331571188,29.38766362913015,14.084632703657403,21.218730043200683,30.74085530894388,82.18203360792337,182.48316456754577,138.58001588454405,70.67780720637374,120.2002615259506,33.47265298352718,9.550284707975816,8.492813898672233,1.0574708093035827,2.5745251388939354,0.5932853890216068,0.27884353046805604,0.0697218391675467,16.662846339856266,6.66632874907871,5.563474218781423,4.433043371996132,1.7087973262282166,123.3175549909644,0.3353105123990566,49.92074726646352,45.035405760679836,25.555555555555557,$C_{v}^{syst}$,[ml/mmHg],6.8132448148162075,12.318085497092829,10.450642476426777,10.17196952131212,10.288467205699122,2.115684647506037,4.972678717275963,11.730303406832132,9.934254173134956,10.676052607072435,13.368332000701816,9.468345330973722,7.74384794533771,1.1654025395795418,0.32501965268348454,0.5529681768516603,5752.722305064942,1.5005467657924887,0.29262094187394566,0.8781303333992254,0.5291822461465886
138.11931773638563,100.29186789668405,118.5670657383397,276.8913161268699,82.54329860872085,165.4732670915454,29.52883750048212,14.16160881394837,21.32584796394741,30.897074335096594,82.54341160935158,183.052820120109,139.3390645484407,71.07848754325721,120.78425587236542,33.58354161051719,9.644577730508686,8.57895227609661,1.0656254544120776,2.601469843560357,0.6013562849341998,0.2814655310487138,0.07041473497245593,16.739684193587244,6.697548159244427,5.589540576195699,4.452595458147122,1.7087973262282166,124.15351109829554,0.3353105123990566,49.883162434361736,45.092674100945956,26.96969696969697,$C_{v}^{syst}$,[ml/mmHg],6.856862568065668,12.385669656961513,10.492170920538868,10.226718224701607,10.33755676853869,2.1262318277176964,4.994683120257859,11.798049294415144,9.991144687593346,10.73680794105366,13.444120916845332,9.515470449368433,7.788873536877124,1.1719362156545938,0.32501965268348454,0.552968302279938,5778.03090261046,1.5041016435122028,0.29278395918367,0.8802106723985617,0.5294769301902034
138.70919990529973,100.72764254747273,119.07499266158632,278.547128150497,82.89527248048297,166.30120927336677,29.666538574627758,14.23670244082726,21.43032697804981,31.049502454855734,82.89542621234071,183.60842538446835,140.07964650132212,71.46944207790912,121.35361511269906,33.69217353382648,9.737028310317381,8.663411754958531,1.0736165553588501,2.6278699617600823,0.6092892882230605,0.2840347516870094,0.07109392935317362,16.81447764333067,6.727938330143617,5.614910800369424,4.471628512817629,1.7088075026342995,124.97010754629274,0.3353105123990566,49.846464041172005,45.14794244259824,28.383838383838384,$C_{v}^{syst}$,[ml/mmHg],6.899447532085881,12.451601756179086,10.533159633997723,10.279652902390625,10.38538828103309,2.136521403196083,5.016138924845237,11.86416180370019,10.046657491428723,10.796091368749341,13.518079604811321,9.5614603334134,7.832807661020963,1.178340756465245,0.32501965268348454,0.5529684205997976,5802.669073633808,1.507566159164456,0.29294335849572356,0.8822328769275594,0.5297650780454547
139.28284035247574,101.15157120057188,119.5689931452834,280.16147563949494,83.23759863432717,167.10783391099727,29.800447489022112,14.309849728578572,21.531985778416704,31.197818037448002,83.23760909508353,184.1483489906978,140.80114319340862,71.85051192424325,121.90732988941137,33.798165024652384,9.827544309353316,8.746122672053625,1.0814216372996914,2.6537025412195545,0.6170790327859842,0.28654358653671547,0.07175789204039483,16.887286911096776,6.757528056351292,5.639616328845314,4.490142525900171,1.708821120040768,125.76694093687584,0.3353105123990566,49.81071005842853,45.201387659081455,29.7979797979798,$C_{v}^{syst}$,[ml/mmHg],6.940985612676741,12.51582364801421,10.573479740693292,10.33082209629689,10.431928708294494,2.1465323008017143,5.036988580649284,11.928584162469738,10.10075137684962,10.853853721008972,13.590145830448115,9.60618059126572,7.8756266625006495,1.1845925911210338,0.32501965268348454,0.5529685408903686,5826.631904402902,1.5109390828222378,0.2930982681562446,0.8841996772524621,0.5300451047076007
139.84114197482364,101.56418972688894,120.04980368981117,281.73686177881234,83.57092424203047,167.89446349345192,29.93094794718125,14.381140799077949,21.63106249167054,31.342380105079002,83.57102337034193,184.674177086181,141.50484469326057,72.22230964944242,122.44675246679309,33.9017146047921,9.916249230870454,8.827189992878312,1.089059237992142,2.679001757336187,0.6247340121265418,0.2889982535789261,0.07240794072682266,16.95818565668821,6.786345952335665,5.663677075293332,4.508162629059213,1.7088341850691613,126.54510138320464,0.3353105123990566,49.775866638562405,45.253226351912886,31.21212121212121,$C_{v}^{syst}$,[ml/mmHg],6.981530859445351,12.578453493782545,10.613115686908452,10.380359728661093,10.477248996622034,2.156288031099117,5.057283620981684,11.991428290959123,10.15351753069347,10.910196485188257,13.660444592547247,9.649739331603165,7.917400204115253,1.1907066579467136,0.32501965268348454,0.5529686582879758,5849.964696942133,1.5142240262500422,0.2932482554474846,0.8861152471553332,0.5303162323076299
140.3849171755145,101.96609873259733,120.51801047205274,283.27403161616826,83.89535411694548,168.6615220296455,30.05811633331619,14.450608696759605,21.72763165822305,31.483302161881966,83.89542964272708,185.18653065593776,142.19111346542425,72.58494116586147,122.97257389788062,34.00284232306173,9.981851750930282,8.885317883406998,1.0965338675232845,2.70377251770599,0.6235924755488873,0.2914002255804233,0.07304443601440784,17.02722847096984,6.814411381890325,5.687109242151502,4.5257078469280065,1.685433611235715,125.56079573334569,0.33573929822053883,49.741845743689694,45.30320285474666,32.62626262626263,$C_{v}^{syst}$,[ml/mmHg],7.0211066947533745,12.639522243287416,10.652067860264108,10.428384636807397,10.521414068825917,2.165800073548992,5.077061022586242,12.052732660525276,10.204983595761679,10.965149881725686,13.729017112793995,9.692258545432292,7.95814509498686,1.1966862562447187,0.32501965268348454,0.5529687731819316,5872.674788186184,1.4966358632722485,0.2933954483530584,0.8879826848682311,0.5305823087708584
140.91477862409,102.35781029712228,120.97428409110583,284.7751015018444,84.21142407408375,169.4101589398041,30.182139807345894,14.518414072468072,21.821832429578034,31.62078316776728,84.21119107832166,185.68600795879547,142.86107818603733,72.93903015530542,123.48549872262038,34.10178699105254,10.066807225563032,8.962954685188327,1.103852540374704,2.728044566799924,0.6308801019758187,0.2937517738909562,0.07366795796867959,17.09450915478758,6.841761500037977,5.709943636704469,4.542804018045129,1.685433611235715,126.29234903794513,0.33573929822053883,49.708603427971696,45.35139292617486,34.04040404040404,$C_{v}^{syst}$,[ml/mmHg],7.05977005946664,12.699135690067695,10.6903296677234,10.474992626164042,10.564476266572727,2.17507998135287,5.096348947671729,12.112587794575735,10.255235081965342,11.018803144621241,13.795971324071992,9.733781852295216,7.9979323461439185,1.2025373980894616,0.32501965268348454,0.5529688796404063,5894.7996851858625,1.4997056566439406,0.293540244769068,0.889804051993716,0.5308440593618147
141.43116331650796,102.73963242199403,121.41898683386059,286.2414524961991,84.51954059105024,170.14102024795787,30.30311789603696,14.584603244574192,21.913728098574797,31.754913459551105,84.51923569785704,186.1729721047901,143.51512418095334,73.28468716448198,123.98573504594708,34.198500991005844,10.1501169064984,9.039098099306745,1.1110188071916562,2.751831988064872,0.6380452880760816,0.2960540327014084,0.07427881575048435,17.160123637420934,6.868438864159545,5.732217048676468,4.559467724584922,1.685433611235715,127.00750339751282,0.33573929822053883,49.676168902639866,45.39823087224723,35.45454545454545,$C_{v}^{syst}$,[ml/mmHg],7.097549723566686,12.757320928460258,10.727882967520717,10.520251876313845,10.60646570709155,2.1841344275657195,5.115144934588447,12.171036592559954,10.304295668421767,11.071184493524672,13.861342209714948,9.77426845643605,8.036779853229035,1.2082581667111716,0.32501965268348454,0.5529689861633381,5916.367841373517,1.5026998787421428,0.2936805010812287,0.8915805812371355,0.5310975993769028
141.93464590812607,103.11203242378824,121.8526214864468,287.67447083471586,84.81999169530796,170.85473017649952,30.421129650739363,14.649238133479505,22.003409809037695,31.885788884786493,84.81974254930014,186.64781103519724,144.15402281872645,73.6224629984269,124.47397003673773,34.29313292678089,10.231821632270584,9.113785030793256,1.1180366014773282,2.7751484480673385,0.6450893693282949,0.298308273582205,0.07487733677443248,17.224118234492664,6.894459508262585,5.753942779770354,4.575715946459727,1.6854381232004465,127.70683744193931,0.33573929822053883,49.64450888054761,45.44373817130125,36.868686868686865,$C_{v}^{syst}$,[ml/mmHg],7.134446024545925,12.814144458091356,10.764737520600857,10.564243546400217,10.647432006280859,2.192971069157982,5.133477501054656,12.228134482541748,10.352216171224535,11.122349625158542,13.925200219595322,9.813790089291535,8.074734303622986,1.213855534125994,0.32501965268348454,0.5529690889189471,5937.399418671557,1.5056219045704498,0.2938166975594051,0.8933118836255186,0.5313438010320176
142.4252625745657,103.4749355011172,122.27520537104644,289.0734642542655,85.1127342073253,171.55130028815384,30.536249892837603,14.71232179934403,22.090896895732126,32.0135209736567,85.1120629604106,187.11086990006584,144.77761595012177,73.95215908913228,124.95022002194324,34.385621888210004,10.311892937018843,9.186985895925515,1.1249070410933286,2.7979877027908797,0.6520065638455088,0.30051486280045814,0.0754636091886998,17.286503625801483,6.919829496310354,5.775124729351603,4.591549400139524,1.685449229528166,128.39012520615947,0.336168084042021,49.61357568515184,45.48750321446753,38.282828282828284,$C_{v}^{syst}$,[ml/mmHg],7.1704749073621805,12.869599871974739,10.800854423647223,10.60699137560221,10.687372230035464,2.2015927071140275,5.151347687716117,12.283875132667413,10.39900148033642,11.17229517819792,13.987538554278983,9.852342635635674,8.111784099988391,1.2193270699029557,0.32501965268348454,0.5529691927273611,5957.8913945127715,1.5084713985737455,0.29395167430151403,0.8949966407448745,0.5315877957896391
142.90403614036765,103.8290478774721,122.68762597239268,290.4417674393674,85.39842621702256,172.23205156938192,30.64866963117701,14.77397185828017,22.176345946521298,32.13828278630891,85.39761258760232,187.56284682023923,145.38713005306127,74.27452015385902,125.41540277584814,34.47615723344314,10.390468046690422,9.258828025286185,1.1316400214042384,2.8203872984405582,0.6588110858221191,0.3026770502349256,0.07603840562045582,17.34740573521222,6.944598359566221,5.79580533472876,4.607002040917236,1.6854599333340892,129.05875364910958,0.336168084042021,49.583353062841894,45.53013245178969,39.696969696969695,$C_{v}^{syst}$,[ml/mmHg],7.205719329111679,12.923797824909636,10.836288904300435,10.648603892892535,10.726371380419534,2.2100150254087985,5.168792879865955,12.338365660601983,10.444734890227878,11.221116622124828,14.048476640007149,9.889992180131383,8.148006272397458,1.2246803393755987,0.32501965268348454,0.552969292306281,5977.88983519158,1.5112544734856501,0.2940824309847959,0.8966421827044949,0.5318241628902393
143.3712596449965,104.17460557708552,123.09007558036124,291.77945198978546,85.67724543553422,172.8973473619654,30.75846472919395,14.834220202002088,22.259820932836273,32.26017946254172,85.67636387968562,188.00421735243884,145.9828400944162,74.58961772954262,125.86987725194437,34.56478959300683,10.467567365807334,9.329327450637246,1.1382399151700873,2.842353858625612,0.6655028286253015,0.3047962959604358,0.07660204353959968,17.40684285262395,6.968773320160597,5.81598912571056,4.622080406752792,1.6854702520271774,129.71293905691863,0.336168084042021,49.553822972290334,45.57151168533306,41.111111111111114,$C_{v}^{syst}$,[ml/mmHg],7.240190607590453,12.976762010772049,10.871029662062648,10.689115930113676,10.764445154566884,2.2182438078022244,5.185824496706209,12.391632036543086,10.489437288824657,11.268836553088097,14.108047459740032,9.926789427240537,8.183412922399686,1.2299197598399663,0.3245908668620024,0.5529693892186157,5997.407180487396,1.5139718649628857,0.2942100457023395,0.8982489386223078,0.5320548504829151
143.8281234026424,104.5126830480103,123.48357584563419,293.0893264798816,85.94956625494869,173.54824473981014,30.865636695985824,14.893128426715894,22.341336542450698,32.37915808487553,85.94782351232638,188.43458132967,146.56553799062533,74.89801359397624,126.31384407224792,34.651383862306055,10.520313472443911,9.375612575597652,1.1447008968462593,2.863916790619809,0.6627549880784239,0.3068703520487347,0.07715440276681783,17.464986620540774,6.992424983183209,5.835738819001345,4.636822818356217,1.6620656207789615,128.54298675255768,0.3365968698635031,49.52488363325565,45.61149174734492,42.525252525252526,$C_{v}^{syst}$,[ml/mmHg],7.27394347466729,13.028563831762547,10.905083838523165,10.728576495625052,10.801626455541086,2.226282121500569,5.2024450182883815,12.443741286393,10.533175806822484,11.315519680800797,14.166322416613324,9.962707422746686,8.218063204018227,1.2350392839526443,0.3245908668620024,0.5529694807447069,6016.469637846409,1.4955629487560864,0.2943363200895539,0.8998218422057006,0.532283119301917
144.2734971285905,104.8421216606549,123.86716627671122,294.36916207794997,86.21530209098816,174.18405073149998,30.970405951657153,14.950705339414096,22.42101282353995,32.49549843865647,86.2132908237066,188.8553316238979,147.13493868696617,75.19934491184705,126.74774314223365,34.7362558803238,10.594329852189205,9.443290549273085,1.15103930291612,2.885048822424622,0.6691343276863885,0.3089050619169394,0.07769628073188993,17.52167126314157,7.015484774168195,5.854992417261268,4.651194071712111,1.6620656207789615,129.16014961822145,0.3365968698635031,49.49666845438491,45.65044051570589,43.93939393939394,$C_{v}^{syst}$,[ml/mmHg],7.306938320450499,13.079177899088108,10.938470532107475,10.767033713946182,10.83794479844773,2.2341390413374955,5.21868406967821,12.494671026144653,10.575912094317694,11.361139730980588,14.223281162265899,9.997826774473266,8.251920925456812,1.2400559777893354,0.3245908668620024,0.5529695730588872,6035.071146369171,1.4981116633090379,0.29445864600630367,0.9013553042550251,0.5325042468022847
144.70865728124153,105.16403882353332,124.24198193825242,295.6219772215873,86.47496677016679,174.80615139149117,31.07285567287214,15.007043807016634,22.498942520981476,32.609304529671924,86.47274692556833,189.26670094913194,147.69214353447381,75.49430297733923,127.17223609942553,34.819448873352485,10.667017852436894,9.509759806053482,1.1572580463834117,2.905790913336982,0.675412259855491,0.3109011643560512,0.07822812279167715,17.577068273027727,7.038022453183402,5.873809611568113,4.66523620827621,1.6620656207789613,129.76463633434574,0.3365968698635031,49.46906392126886,45.688304647318326,45.35353535353536,$C_{v}^{syst}$,[ml/mmHg],7.3392502695398,13.128701467251023,10.971217925026858,10.804549664365735,10.873451084303056,2.241825602173383,5.2345607322214285,12.544519034119103,10.617738094192974,11.405785762028724,14.279036465057658,10.032181366147373,8.28505920414501,1.244972757414876,0.3245908668620024,0.5529696624724335,6053.2476739116755,1.5006034830777588,0.29457823308742015,0.9028545349337471,0.532720424065046
145.1336461560713,105.47847287088418,124.6080589713658,296.8478863394389,86.7285836098527,175.41453244516885,31.172991566439947,15.062140909782485,22.57512820698718,32.72058421209181,86.7262208093148,189.6687266526551,148.23710809525033,75.78281574840855,127.58724486979196,34.900893106430686,10.738359467290291,9.575003270829665,1.1633561964606265,2.926138332130702,0.681586574710626,0.3128583776541435,0.07874983228920061,17.631186682549643,7.06004210736693,5.89219433354614,4.678950241636579,1.6620656207789615,130.3564119217257,0.3365968698635031,49.44207438284075,45.725103099436424,46.76767676767677,$C_{v}^{syst}$,[ml/mmHg],7.370867822892986,13.177132234052428,11.003315884233622,10.841141057190523,10.908149853946,2.2493409845395185,5.250073014595108,12.593278677629332,10.65864845737954,11.44945450107191,14.333578695022451,10.065776274645518,8.317473599283746,1.249785761962191,0.3245908668620024,0.5529697496602333,6071.000852689689,1.5030386349687452,0.29469507963957964,0.9043196707626472,0.5329316473833371
145.5490389675528,105.78579667709515,124.96587996665141,298.04824296305264,86.97656333393397,176.0100511195973,31.271026243828,15.116082240964623,22.6497023560744,32.82953254333708,86.9741887786534,190.06219782301474,148.77063823285303,76.0653188961433,127.99365787543942,34.980795824741,10.808435542668425,9.639091709272678,1.169343833395746,2.94611614999992,0.6876609675906002,0.3147800454150223,0.07926216328243547,17.684054745960783,7.081551870752538,5.910150621002674,4.692352254205574,1.662071297785545,130.93622415338143,0.3365968698635031,49.415679832303525,45.76090867877023,48.18181818181818,$C_{v}^{syst}$,[ml/mmHg],7.401837182400175,13.22454551200545,11.034793837462848,10.87686068952366,10.94208501520942,2.2566942587958625,5.265261113900456,12.641022368799355,10.698699955834732,11.492209222932983,14.386980917770503,10.09868848967394,8.349210494511885,1.2545069522466006,0.3245908668620024,0.5529698299035523,6088.359433375378,1.505419611150543,0.2948092414504414,0.9057491174754558,0.5331380221988989
145.95619299428898,106.08722725695604,125.31665666841157,299.2265018729903,87.21943398950096,176.59421537408076,31.366867612558217,15.168950564125545,22.722664543372623,32.93607071885868,87.216022054115,190.44632269428521,149.29381078119923,76.34251197963216,128.39118054544107,35.05888565211922,10.877388161365838,9.7021764064605,1.1752117549053367,2.9657698792703813,0.6936514241688467,0.3166625849092516,0.07976495773519428,17.735944031800376,7.102668575601347,5.927781951052478,4.7054935051465465,1.662080008240232,131.5056478229364,0.3365968698635031,49.389745753983746,45.79559259546266,49.5959595959596,$C_{v}^{syst}$,[ml/mmHg],7.432240040919473,13.27102777340943,11.06563580088045,10.911718545231109,10.975259290473543,2.263887302627775,5.280088661574246,12.687842326954248,10.73799433033396,11.534139997881564,14.439348115026704,10.130818008735453,8.380350944438307,1.2591215329049439,0.3245908668620024,0.5529699120060323,6105.3603792650665,1.507756262655481,0.29492279891784795,0.907150230542665,0.5333433022566165
146.35174502767686,106.37982863789868,125.6574084392096,300.3738713195153,87.45572573715755,177.16294226486204,31.46059240579638,15.220457106382211,22.793964390628773,33.040320835431515,87.45330918946931,190.82270412016612,149.80374365526612,76.61255280044097,128.7797741159084,35.13567009675801,10.944774127008948,9.76379990378532,1.1809742232236284,2.984959204608531,0.6995123009952579,0.3185119382596543,0.08025807118084509,17.786342339183104,7.123179378390342,5.9449058321652934,4.718257128627463,1.662088401859859,132.06037875182008,0.3365968698635031,49.36457061455298,45.829614244643366,51.01010101010101,$C_{v}^{syst}$,[ml/mmHg],7.461864477772427,13.316335389945111,11.095916725013419,10.945792471156913,11.007731771255298,2.2709198313689476,5.294601222287133,12.733491546101913,10.77627470456162,11.57500719390012,14.490401873222286,10.1623080210685,8.410683270768857,1.263655881794964,0.3245908668620024,0.5529699972948796,6121.900801601028,1.5100255316469375,0.29503035147397394,0.9085109612444412,0.5335377197990084
146.73971139977664,106.66695948397198,125.99165914744023,301.50064306952663,87.68737603709577,177.72124117011273,31.552313136344633,15.270967683200382,22.86378379180313,33.14233593759095,87.68495785319483,191.1905105181836,150.30405581558773,76.87760812589858,129.16035286434933,35.21077782451698,11.011123315437663,9.824497399677767,1.1866259157598953,3.003849478526542,0.7052958058953146,0.3203251831808745,0.0807422622499772,17.835797928176103,7.143308242169313,5.961711675351582,4.730778010655206,1.662096546215745,132.60551152875462,0.3365968698635031,49.339839998732856,45.862609820718774,52.42424242424242,$C_{v}^{syst}$,[ml/mmHg],7.490951097707804,13.360782544380625,11.125588585676821,10.979067601481672,11.03949221734102,2.2778050598807136,5.308791964394537,12.778282407729607,10.813847344833349,11.615109081093724,14.540496384281088,10.193107473865846,8.440459062329161,1.2680921338088502,0.3245908668620024,0.5529700792021831,6138.116322596704,1.512253160279952,0.29513721608435617,0.9098467617438013,0.5337308964531602
147.11926809172277,106.94778110613004,126.31857097211672,302.60470473041806,87.9139711299471,178.26795996804452,31.642114505489218,15.320429882489996,22.932134434144704,33.24222993774356,87.91161152221005,191.55053078665068,150.7940372228391,77.13722339738345,129.53297510347807,35.28439829485892,11.076302834857673,9.884128636188548,1.1921741986691248,3.0223981827518447,0.7109874417150449,0.322105080540595,0.08121776444685412,17.884182329135765,7.163002902609323,5.978155326844108,4.743024099682331,1.662104441864109,133.13980635723865,0.33702565568498527,49.31563201020876,45.89473658004433,53.83838383838384,$C_{v}^{syst}$,[ml/mmHg],7.519433087397409,13.404307630887551,11.154692154961957,11.011594166636597,11.070580084631635,2.2845482686848655,5.322679201354673,12.822153425437806,10.850647380023416,11.65438504659574,14.589564360089039,10.223263815334157,8.469623102402297,1.2724401813738695,0.3245908668620024,0.5529701577468238,6153.977979096297,1.5144328557339595,0.2952418530693964,0.9111538466472475,0.5339200478239411
147.49006900341766,107.22208930568442,126.63795684167728,303.6847661239301,88.13529883667037,178.8025966893347,31.73004322317404,15.36882724928364,22.999049251650934,33.34007615623856,88.13370967997636,191.9032744685732,151.27345087076833,77.39123302314692,129.89796370764228,35.35672335200559,11.115426163928658,9.917801986957173,1.197624176971486,3.0405848942896068,0.7064890841482686,0.32385357978397633,0.08168470353776588,17.931435102858597,7.182236866333999,5.994212737991456,4.754985498533148,1.6387044971531772,131.78040920984225,0.3374544415064675,49.29195686671339,45.92611039287372,55.25252525252525,$C_{v}^{syst}$,[ml/mmHg],7.54730326248313,13.446890676839882,11.18324966328296,11.043406451837459,11.101022756705037,2.2911533829124817,5.336285592934685,12.86508991139135,10.886647184593615,11.69281481161168,14.637576404077072,10.252830953722738,8.498154574554981,1.2767099265557558,0.3245908668620024,0.5529702328083369,6169.470918566926,1.4952057909743253,0.2953432132729222,0.9124316150787749,0.5341032767224743
147.8536279407298,107.49104923298927,126.95111973941161,304.7452786496618,88.35233535528788,179.32741306464655,31.816169332881,15.416315523236097,23.06463225015261,33.435921376815095,88.35089995800888,192.2484727577064,151.7439336708166,77.64060998342578,130.25568456500503,35.42758729920307,11.178180293450682,9.975205161877328,1.2029751315733532,3.058483829520772,0.7119247728683864,0.3255698941403555,0.08214357397889382,17.97778933479567,7.201107167318941,6.009967362364254,4.7667148051124775,1.6387044971531775,132.28639348365235,0.3374544415064675,49.26872799053725,45.95661993599233,56.666666666666664,$C_{v}^{syst}$,[ml/mmHg],7.574674917607413,13.488678497947152,11.211259052058287,11.074517806213263,11.130831815962287,2.297624729139434,5.349604688940358,12.907231377407667,10.921984513449686,11.73053265694921,14.684700512789057,10.28179662105862,8.526165598356616,1.2808932588853854,0.3245908668620024,0.5529703101115582,6184.663474870152,1.4972597266579781,0.29544355989193843,0.9136850049896593,0.5342846704235072
148.20911725360358,107.75409332277891,127.25735444046686,305.78388132309993,88.56451334908732,179.84106522179374,31.900467158990804,15.46279215128141,23.128815046063792,33.5297610925444,88.56343614554976,192.58636051752939,152.20441241010292,77.88464340761323,130.60591692399095,35.497033350269646,11.239784295331551,10.031557836245145,1.2082264590864054,3.076046384667779,0.7172698089278091,0.32725420841355424,0.08259394568661062,18.023126018143824,7.219564530490823,6.025377645729397,4.778183841923602,1.638704497153177,132.78205915779947,0.3374544415064675,49.245990196879,45.986349141007125,58.08080808080808,$C_{v}^{syst}$,[ml/mmHg],7.601484612781722,13.529572051896961,11.238729187559043,11.104945879049426,11.160017453971534,2.3039614392185293,5.362639271376366,12.948481642784726,10.956571119535294,11.767450395206803,14.73083134641526,10.31018941754252,8.553580426394728,1.2849930845902848,0.3245908668620024,0.5529703839407197,6199.515934436113,1.4992693364036627,0.29554144037493274,0.9149113455221812,0.5344616076339737
148.55767990237902,108.0120381278982,127.5576330207789,306.803763736311,88.7725881773944,180.34527780443506,31.983150367224635,15.508417603524592,23.191779051234104,33.621811310751816,88.77166601588281,192.91753767400778,152.65652137456985,78.12437990313028,130.9495314310501,35.56523462535578,11.300427168352767,10.087038610333627,1.21338855801914,3.0933289264421857,0.722540427351972,0.328909663807701,0.08303690449276245,18.067583129337006,7.23766441144022,6.040488954016657,4.789429763880128,1.6387044971531772,133.2690186107148,0.3374544415064675,49.223683180470445,46.01534266204934,59.494949494949495,$C_{v}^{syst}$,[ml/mmHg],7.627817146910402,13.56971990690499,11.2656939286816,11.134736440660445,11.188623085804695,2.3101775177251738,5.375419229292719,12.988986472972483,10.990533578622989,11.803699378766835,14.776123511088837,10.33804196208596,8.58050552306175,1.2890180611564181,0.3245908668620024,0.5529704539198468,6214.081172417607,1.5012406571317163,0.2956378051368721,0.9161143206354357,0.5346358074670747
148.89865492177364,108.26444815456652,127.85140219727938,307.8025265174476,88.97605485244173,180.83891595089304,32.064062894368554,15.553083069830016,23.253405533380235,33.71192227138665,88.97541538767388,193.2416052508254,153.09917880264825,78.35915602273934,131.28593514011357,35.63209473338446,11.35996546445407,10.141512134892555,1.218453329561516,3.1102892544593166,0.7277238085051372,0.3305337896340826,0.08347162888685895,18.11109713826827,7.255382753956879,6.05528272023947,4.800431664071926,1.6387044971531772,133.74618890148813,0.3374544415064675,49.20182936542445,46.04361222946001,60.90909090909091,$C_{v}^{syst}$,[ml/mmHg],7.653609935623519,13.60903028857751,11.292130302368347,11.163874650888541,11.216628311099816,2.3162622923215643,5.387924897363448,13.028652149603223,11.023789884019001,11.839192965805008,14.820473112930967,10.365290902783652,8.606870882246922,1.2929630472700098,0.3245908668620024,0.5529705248788247,6228.323839670921,1.5031705903716834,0.295731926453759,0.917292039524546,0.5348059492295079
149.23281193022316,108.51176818438329,128.13929579887943,308.7830061714216,89.17555311179335,181.32332023294364,32.14340330745534,15.596911480765701,23.313846496606267,33.80030371352794,89.175067000939,193.55930023034864,153.53360650252415,78.58948851132467,131.61588292783236,35.69768143419172,11.418542320363231,10.19511059350213,1.2234317268611015,3.1269721016098058,0.7328289526593535,0.3321300659917639,0.08389909126884647,18.153745434814436,7.2727493233504354,6.069782406318664,4.811213705145338,1.6387105939139954,134.2147482944155,0.3374544415064675,49.18041043878455,46.07118691523199,62.323232323232325,$C_{v}^{syst}$,[ml/mmHg],7.678933755617881,13.647596351551888,11.318078140470453,11.192408309095562,11.244078602075177,2.322231033921606,5.400181923430415,13.067575354396277,11.056426140836738,11.874022693902578,14.863996117452546,10.392023673724985,8.632743721371519,1.2968332454585048,0.3245908668620024,0.5529705935524908,6242.288717825534,1.5050621343066923,0.29582440755245826,0.9184429147503775,0.5349731269649822
149.56050615105875,108.75431851779257,128.4216326473897,309.74589870524824,89.37120047973387,181.79884914448218,32.22126457004287,15.639938939840844,23.37316966349761,33.887068665967924,89.37098452053722,193.87106155367871,153.9601047847094,78.81565539065036,131.93979793851622,35.7621368321511,11.476200121522817,10.247870544243959,1.2283295772788576,3.1433869114091393,0.7378612773079175,0.3337004372600332,0.08431971610535612,18.195579028807835,7.2897853450027945,6.084005868779873,4.821787815025163,1.638717230637379,134.6750578536387,0.3374544415064675,49.159387367027456,46.098156065335374,63.73737373737374,$C_{v}^{syst}$,[ml/mmHg],7.703806276432352,13.685454712384024,11.343574194091914,11.220381431523231,11.271014232283145,2.3280896587827105,5.412207560510182,13.105793447770358,11.088469480950442,11.908218451721543,14.906728292458329,10.418260940391608,8.658146455966616,1.3006359042253783,0.3241620810405202,0.5529706609460184,6255.9840335813715,1.5069178564315926,0.2959149258503646,0.9195716187383207,0.5351367563409519
149.88210836020497,108.99248473280437,128.6987509413174,310.6917571726886,89.56309032773488,182.26577493418534,32.29769717033558,15.682188144242966,23.43140024574686,33.97220929442608,89.56304269260157,194.17692808370685,154.37897487712817,79.03784675090823,132.25793978514085,35.825479854734105,11.532965739222545,10.299818843290405,1.2331468959321406,3.1595414551164196,0.7428239283349649,0.33524486274062076,0.0847335502399242,18.236609352185276,7.306492803704616,6.09795344598081,4.832163102499847,1.6387236840787258,135.12745857613172,0.3374544415064675,49.13873181077214,46.124451332339675,65.15151515151516,$C_{v}^{syst}$,[ml/mmHg],7.728248278963989,13.722636138778514,11.368607367230265,11.247791279126792,11.297430744767563,2.333841950955589,5.424016578670053,13.143331022838927,11.119939433330506,11.941804256316646,14.948701310650168,10.444041865857947,8.683099985246155,1.304372152164604,0.3241620810405202,0.5529707215372658,6269.416322941442,1.5087404653151744,0.296004103609496,0.9206802098325523,0.5352979680128467
150.19656025978708,109.22531380545833,128.9697099885299,311.6178295986508,89.75078258555865,182.72289534360505,32.37249781897015,15.723553494410103,23.488394368721725,34.05557854295992,89.75105474696589,194.4762701835193,154.78908663886145,79.25545474570772,132.5692790946811,35.88757611967111,11.588680221600542,10.350807497386457,1.2378727242140861,3.17539102896063,0.7477014496517512,0.33675983498256046,0.08513964640527943,18.276774330927676,7.3228517778854325,6.111611959335242,4.842310593707005,1.6387299506295994,135.5706280469863,0.3374544415064675,49.118520378513566,46.15013166504659,66.56565656565657,$C_{v}^{syst}$,[ml/mmHg],7.752186246327933,13.759031475352751,11.39315038489937,11.274614763531352,11.32329977115067,2.339472078994195,5.435562497068307,13.180087518769373,11.15075824140254,11.974689624193894,14.98979726578067,10.469250677490795,8.707534515109131,1.308033739983895,0.3241620810405202,0.5529707862052006,6282.554780989106,1.5105230744673226,0.2960910328645418,0.9217644883386553,0.5354551094760115
150.50502200113425,109.45368312657243,129.23549048871186,312.52777749813094,89.93495204193047,183.17176835220334,32.44590861108469,15.764173697721585,23.54433937040309,34.137401454774256,89.93542203693715,194.7699939216285,155.19179556738058,79.46912543280781,132.87496925967258,35.94848384398025,11.64352697716664,10.40100596578119,1.2425210113854512,3.190988439974956,0.7525099200986989,0.3382497983167208,0.08553923070175536,18.316171798201754,7.338898442890211,6.125009513873511,4.852263841438029,1.6387360550109815,136.00611031827947,0.3374544415064675,49.098697277957825,46.17519373806899,67.97979797979798,$C_{v}^{syst}$,[ml/mmHg],7.775702531742274,13.794771685015464,11.41726223857825,11.3009172370268,11.34868579181769,2.3450000018374775,5.446894858718337,13.216185809757778,11.181020841798903,12.006983193709466,15.030155179836973,10.494010208695181,8.731530163116604,1.3116297641645795,0.3241620810405202,0.5529708497713944,6295.446642935133,1.5122720058256014,0.2961766475232731,0.9228282987985319,0.5356098746357363
150.8075547281633,109.67775517567938,129.49612813178916,313.4206511425419,90.11538460378524,183.61204280440865,32.517774436909335,15.803990459842009,23.59913300560644,34.217502417071906,90.11568681559523,195.05733344010406,155.58668250095798,79.67869440315265,133.1744238758882,36.008066002680074,11.697449942690806,10.450369734296123,1.2470802083946841,3.206319075980158,0.7572458566605424,0.3397108837381385,0.08593147739791202,18.354832704147693,7.354647276181196,6.138160672646194,4.862024755320306,1.6387419888240171,136.43366468375118,0.3374544415064675,49.079234252504875,46.19958923167936,69.39393939393939,$C_{v}^{syst}$,[ml/mmHg],7.79878097806738,13.829814870442757,11.440900589573497,11.326663378516097,11.373551572199416,2.3504140155711553,5.457982848882662,13.251585857588577,11.210700460494397,12.038652492811588,15.06973722308925,10.518239208335212,8.755067389947323,1.3151488633021184,0.3241620810405202,0.5529709146424625,6308.076922264967,1.51398859677086,0.2962611386295975,0.9238724625938939,0.5357626066484035
151.1044189569465,109.89754961518051,129.75187181707184,314.2980845212071,90.2925630399118,184.04464804122944,32.58848680643235,15.843141483151816,23.653037472649224,34.29633384420621,90.29316038778323,195.34022299067516,155.97489374238373,79.88475534993825,133.4691606292812,36.06689608765433,11.723821878986987,10.472244315401941,1.2515775635850461,3.221414169726406,0.7510428690548714,0.34115229627661486,0.08631825802624948,18.39273744331454,7.370087130512285,6.151050621923427,4.871599690878828,1.6153613214054738,134.9009488605976,0.3378832273279496,49.0601405696321,46.223537070546655,70.8080808080808,$C_{v}^{syst}$,[ml/mmHg],7.821471267158813,13.86426516843259,11.46416237965772,11.351952630909473,11.397993776311736,2.355741825469683,5.468900225873159,13.286391600797796,11.2398717340861,12.069786238813183,15.108649945906903,10.542107152889212,8.778204147549207,1.3186212998604032,0.3241620810405202,0.5529709754851849,6320.479412793826,1.4940427463662502,0.29634352925329044,0.9248969419834392,0.5359115439888581
151.39546845524308,110.11303062461651,130.00261228370888,315.1593121158479,90.46627003821997,184.46918355955864,32.6578323147463,15.881557105595407,23.705894818891625,34.37367221788458,90.46710881851762,195.6174627791253,156.35581450930616,80.08691478131303,133.75809235274855,36.124554920417864,11.775902059570637,10.519906341747395,1.2559957178232415,3.2362575342157163,0.7555743120230625,0.34256819580264836,0.08669835615801892,18.429935889568863,7.385241470901886,6.163704098370109,4.880990320296867,1.6153613214054736,135.30730160269533,0.3378832273279496,49.04139991979288,46.24694929238778,72.22222222222223,$C_{v}^{syst}$,[ml/mmHg],7.843745775053855,13.89806394677499,11.487004058131367,11.376746685867454,11.421971754025025,2.360965895188262,5.479593951999431,13.320546350223525,11.268504070311833,12.100337500352252,15.146835813756063,10.565496114467152,8.800908657749929,1.3220252147584155,0.3241620810405202,0.552971034849078,6332.638902675399,1.4956657497377865,0.2964242385627324,0.9259016728445969,0.5360574422196188
151.6815291664697,110.32498693846154,130.2490945379176,316.006582599523,90.63684553743194,184.88652128841593,32.72589205084785,15.919300907242311,23.757794090756644,34.44957222194768,90.6375495951509,195.88939510713595,156.73023933812948,80.28574785711902,134.0419567208489,36.1811826913189,11.82721405424933,10.566874443515925,1.2603396107334057,3.2508779691324117,0.7600466014025172,0.3439600140982646,0.08707234798848569,18.466489874649028,7.4001331453525765,6.176137894313975,4.890218834982477,1.6153613214054738,135.70715677477605,0.3378832273279496,49.022960086983254,46.269758271283315,73.63636363636363,$C_{v}^{syst}$,[ml/mmHg],7.86565417042419,13.931284166187595,11.509423558876057,11.401050325567882,11.445490602471807,2.366096454805773,5.490091177168489,13.354121679115886,11.296650605665242,12.130370118660888,15.184376448221665,10.588469832454285,8.82323442382386,1.3253677038714142,0.3241620810405202,0.5529710925071487,6344.579187620236,1.4972625753919317,0.29650429407198264,0.9268901982184468,0.5362021597325171
151.96180900858224,110.53252958258533,130.49057326473852,316.8380649409455,90.80416052924281,185.2960731891034,32.79272585766144,15.956359623647444,23.80875549276586,34.5241317688602,90.80501509626623,196.15651479860807,157.09774090264895,80.48084698121801,134.32069890376044,36.23688156077115,11.877686081416744,10.61307091198626,1.2646151694304852,3.265253725392194,0.7644498973664487,0.34532999177927187,0.08744040229816111,18.502315197764982,7.414729197841858,6.188324798821586,4.899261201101538,1.6153613214054736,136.09969572575815,0.3378832273279496,49.00490278419061,46.29212299652389,75.05050505050505,$C_{v}^{syst}$,[ml/mmHg],7.887157718594694,13.963888772637223,11.531470294087008,11.424912380562978,11.468594731306716,2.3711346725780493,5.5003983119932105,13.387080392319387,11.324275206140861,12.159847838827416,15.221221952151563,10.611026966457215,8.845144381561754,1.3286546728909523,0.3241620810405202,0.5529711497681621,6356.291237046997,1.4988266499300795,0.2965823324132205,0.9278584487995534,0.5363432297282873
152.236906606755,110.73623655644144,130.72760511403166,317.65486209614085,90.96833038891111,185.69830940085427,32.85836952270688,15.992764776528285,23.85881403440229,34.59738420119045,90.96945260883042,196.4188883543435,157.45880560662286,80.67262088449637,134.59456717218828,36.291697042668396,11.92736841209896,10.658545092111337,1.268823319987624,3.2793992316181733,0.7687898302157041,0.34667831298931256,0.08780271139590046,18.537481843079416,7.429057781542145,6.2002878918615165,4.908136169675754,1.6153613214054736,136.48548136403073,0.3383120131494318,48.98716131687768,46.31400440711168,76.46464646464646,$C_{v}^{syst}$,[ml/mmHg],7.908270404621397,13.995917325835148,11.553137089853996,11.448331295350192,11.491282452755383,2.3760845196086398,5.510520664947239,13.419461847313022,11.351417743376208,12.188810036566318,15.257423507864578,10.63319339720974,8.866673345273952,1.331888195582523,0.3241620810405202,0.5529712067052149,6367.783127223778,1.5003626072999585,0.29665894116995006,0.9288092932635911,0.5364817147307579
152.5071484769439,110.93629802508617,130.96045173155053,318.45826725305534,91.1296674625713,186.0938503495543,32.92289893751209,16.028559661586886,23.9080281999985,34.66940229166186,91.1311186009561,196.67681239835963,157.81379652967001,80.86108791294672,134.86384061186612,36.3455895557928,11.976331193415362,10.703362605408982,1.2729685880063795,3.2933355475028514,0.7730720156715316,0.34800644415080234,0.08815964853471778,18.572028029451747,7.443134017540413,6.2120398915418695,4.91685412036946,1.6153613214054736,136.86506790309753,0.3383120131494318,48.96973612582871,46.335466540089286,77.87878787878788,$C_{v}^{syst}$,[ml/mmHg],7.929039879805746,14.02741272815578,11.574446186565822,11.471332342391035,11.51357762022534,2.3809511038862885,5.5204716657659585,13.45130684100178,11.378103371230734,12.217286838121211,15.293022840670545,10.654988247075043,8.887839025470052,1.335067653238375,0.3241620810405202,0.5529712629263666,6379.076722379991,1.5018716924355136,0.29673399668062916,0.9297435022950677,0.5366173914902738
152.77267622403048,111.1330567875431,131.18928027136724,319.2482093471435,91.28798767405193,186.48246698395957,32.98614694726272,16.063664885738387,23.956284390617164,34.73997300002863,91.28925657064349,196.9292707828977,158.16249070117414,81.04634536487046,135.12794049171347,36.39837239885769,12.02452852959232,10.747492333361265,1.277036196231055,3.3070525045624057,0.7772939724137184,0.3493093288004358,0.08851026316340775,18.605988900065828,7.4569726457265935,6.223594954118091,4.925421300221145,1.6153629721889247,137.2383578552661,0.3383120131494318,48.952584739188445,46.35636754643967,79.29292929292929,$C_{v}^{syst}$,[ml/mmHg],7.949456047559104,14.058343318807289,11.595335093174807,11.49385916064557,11.535423640206977,2.3857225982445733,5.5302167273830385,13.482585250235289,11.40432480724925,12.245261316679644,15.32799379506451,10.676339726426718,8.908640614740973,1.338181646072898,0.3241620810405202,0.5529713172555378,6390.159137183636,1.5033561518004113,0.29680844193529377,0.9306615155126797,0.5367519664643534
153.03324043597175,111.32602148370944,131.41381303192878,320.0244946147658,91.44349699455825,186.8643667759811,33.04838974778617,16.098178834793405,24.003758565774604,34.809443110042764,91.44496184948089,197.17783049666994,158.50531555846328,81.2284862947586,135.38778178382134,36.450426600070045,12.071993374340504,10.79094568129079,1.2810476930497139,3.3205565882382913,0.781453851310811,0.3505943397459357,0.08885594198159033,18.639322475677755,7.470556492814989,6.23493711231261,4.933828870550158,1.615367984182999,137.6053136331704,0.3383120131494318,48.93575943464042,46.37689826444524,80.70707070707071,$C_{v}^{syst}$,[ml/mmHg],7.969528339805429,14.08875163263436,11.615923268961208,11.516028870354255,11.556933837102866,2.390418271388924,5.539808031695864,13.513343181056559,11.430102586934106,12.27276458097196,15.362374987431853,10.697363778724116,8.929088986647423,1.3412515245335628,0.3241620810405202,0.5529713711660497,6401.044789619077,1.5048124596695949,0.29688111965003666,0.9315601611546612,0.536883345378268
153.28920057513344,111.51555333441749,131.63437751285,320.78792712344807,91.59631052151384,187.23988874824119,33.109607652547915,16.132122226709257,24.050452201155622,34.87778370665133,91.59813912359309,197.42234725614836,158.84244823261236,81.40754444973341,135.6433910499279,36.50168816390717,12.118763964740756,10.833762760511794,1.2850012042289618,3.333858574822274,0.7855571814833336,0.35186078526365033,0.08919661482942358,18.6720597884549,7.483897861756816,6.246075523621993,4.942086403076087,1.6153728774782357,137.96632493914794,0.3383120131494318,48.91922930197439,46.39704693853518,82.12121212121212,$C_{v}^{syst}$,[ml/mmHg],7.989271360703306,14.118655462450734,11.636170372049987,11.53780647501697,11.578073598831738,2.3950370602556723,5.549240453524113,13.543591456242597,11.455451739754809,12.299812169192977,15.396190564990885,10.71804948612376,8.94919622583516,1.3442742357879396,0.3241620810405202,0.5529714242400057,6411.741736505969,1.5062432553628113,0.2969522914820026,0.9324430763714524,0.5370120018229309
153.54123224727886,111.70238072309506,131.8516027001062,321.5397556367821,91.74654969088098,187.60953814983606,33.169652507830165,16.16549437886872,24.09628533984646,34.944805229275055,91.74793188555866,197.66182284778188,159.17413497316167,81.58388883038855,135.89440504896945,36.55191375303877,12.164883528281068,10.876000686239454,1.288882842041615,3.3469749666283013,0.7896106781844847,0.35310376540170724,0.08953153624122574,18.704312491729876,7.497041865114402,6.2570511999006975,4.950219426714779,1.6153776620657034,138.32202680284692,0.3383120131494318,48.90292391083377,46.41661731320426,83.53535353535354,$C_{v}^{syst}$,[ml/mmHg],8.008713906840178,14.148068980470184,11.656041953619274,11.559162539798127,11.598813731370536,2.3995714355043414,5.558490397385946,13.573351697221472,11.480401200877624,12.32642601784509,15.429460238468584,10.738333079331714,8.968992329005934,1.3472360469040183,0.3241620810405202,0.5529714720769809,6422.2584783616685,1.5076537185201118,0.29702355997864605,0.9333134621857795,0.53714083813947
153.78826943217962,111.88533374358457,132.06449168232666,322.2781587442681,91.89404491109767,187.97251485544967,33.2287789882587,16.19830371422066,24.1413964136151,35.01083167595441,91.8957796439275,197.89793674407264,159.50002197711706,81.75703397382577,136.1414272871791,36.60151094574376,12.210271695368903,10.91755664926908,1.2927150460998218,3.359876414683369,0.7936018980276401,0.35433120242929833,0.08986190574136094,18.735918229890277,7.509923446064066,6.267805555427056,4.958189228399157,1.6153823284415738,138.67137240926257,0.3383120131494318,48.88695827779073,46.43594630436688,84.94949494949495,$C_{v}^{syst}$,[ml/mmHg],8.027814624639136,14.176972737702084,11.67561515085734,11.580171569815072,11.619224994606359,2.404034613143066,5.567597140611975,13.602597312677807,11.504907310988816,12.352573477568528,15.462152215487333,10.75831983542892,8.988432717938428,1.3501595967037208,0.3241620810405202,0.5529715233096804,6432.583143776837,1.5090354608225087,0.2970923233138439,0.9341661316044838,0.5372651407719298
154.0307847626385,112.06499525051856,132.27349957603542,323.0037333063152,92.03881127542152,188.32902668109233,33.28678805396506,16.230523673643678,24.185669508445883,35.07559634739426,92.0406260638593,198.12946684689913,159.82011523604535,81.92717693596715,136.38400704063957,36.650191440771295,12.254935523407035,10.95845515245431,1.2964803709527253,3.37256909558024,0.7975346249296418,0.3555370017667939,0.09018672626276919,18.7669559281019,7.522573579153121,6.278368257846612,4.966014091102164,1.6153868858072213,139.01473973038432,0.3383120131494318,48.871282827408116,46.45478914803823,86.36363636363636,$C_{v}^{syst}$,[ml/mmHg],8.046582558963014,14.205357904304535,11.694854591315773,11.600802384347965,11.639276274209433,2.408416061946434,5.576538471716141,13.631326122480484,11.528978433252009,12.378257484667413,15.494264345655393,10.77793897022011,9.007532872130403,1.353028847127182,0.3241620810405202,0.5529715737515856,6442.716789279507,1.5103926029030263,0.29716041170020013,0.9350036305069244,0.5373882235648069
154.26918635142502,112.24158607812836,132.4789530204338,323.71753185384955,92.18110492959106,188.6797457697604,33.343869434554094,16.262225037797048,24.22922649837976,35.13935112669017,92.18318280371359,198.35726414926094,160.13505967170568,82.09460797886591,136.62261192403335,36.698137477390006,12.298956995986023,10.99876535108306,1.3001916449029625,3.385075535629501,0.8014144444855646,0.35672552047569245,0.09050685550112157,18.797474030983704,7.535013159225712,6.28875462588811,4.973706245869882,1.6153913361951007,139.35265855550918,0.3383120131494318,48.855856018629886,46.47330824967776,87.77777777777777,$C_{v}^{syst}$,[ml/mmHg],8.06505216304822,14.233285834255133,11.713780540841372,11.62107803252441,11.658990100380088,2.412725972671902,5.585327142348843,13.659594434053394,11.552666633305577,12.40352909294427,15.525860331633023,10.797235939726475,9.02632633709463,1.3558543983273434,0.3241620810405202,0.5529716227664195,6452.6773450713745,1.511726927790118,0.2972270032057605,0.9358270617885358,0.5375086007466101
154.50450517902112,112.41600760976758,132.68172434016506,324.4221627166155,92.32137172828993,189.02579625982804,33.400002853145146,16.293463035888536,24.27208465977326,35.20201725501555,92.32296645344823,198.58094784684403,160.4455850622448,82.25971453933907,136.8574696715344,36.74518476846193,12.342463168057863,11.03861901089397,1.3038441571638926,3.3974352758199258,0.8052553790150218,0.35789479440985894,0.09082234264863398,18.82759423793355,7.547290675284829,6.299006548375274,4.981297014273447,1.6153957001660844,139.6863854311146,0.3383120131494318,48.84062046292787,46.49135148889133,89.1919191919192,$C_{v}^{syst}$,[ml/mmHg],8.083282590535369,14.260817265634158,11.732380399718286,11.640989953601734,11.678358826908566,2.4169676419776707,5.5939645374671,13.687466599948625,11.576026936255488,12.42844925890628,15.557016235665712,10.816202827509802,9.044865550250961,1.3586278633541158,0.3241620810405202,0.5529716701212299,6462.496020980296,1.5130449517390636,0.2972937926746574,0.9366404476522392,0.537629337520095
154.7350619682742,112.58675445445066,132.88036995049404,325.1134490102131,92.45894429777307,189.365351544033,33.45521731409596,16.32414928684012,24.31422313798787,35.263727956099665,92.46081968343282,198.80122136047868,160.75044079871665,82.42175545109927,137.08835135740966,36.79160818342364,12.35646839415232,11.049022751739933,1.3074456424123855,3.409582008723616,0.7973378090568456,0.35904802858532175,0.09113312686686748,18.857115179074643,7.559325326274672,6.309055071725891,4.988734781074082,1.592047093438812,137.9897841609032,0.338740798970914,48.82569252711136,46.50918090476775,90.60606060606061,$C_{v}^{syst}$,[ml/mmHg],8.101174394167147,14.28784622498549,11.750704026581948,11.66058483773945,11.697424846303983,2.421137945422708,5.602460629594488,13.714834338461419,11.598959517198727,12.45291382483504,15.587607570883216,10.834869960043203,9.063058606704695,1.3613632010252659,0.3241620810405202,0.5529717173067912,6472.126100844115,1.4924438647762797,0.29735802059148103,0.9374370085702741,0.5377454420991761
154.96183937007717,112.75473536434376,133.07576893053542,325.7942307761349,92.59426658895076,189.69953945488325,33.50957556744272,16.354359860945863,24.355711279782522,35.32447272599605,92.59646761526074,199.01809286181518,161.0506140021393,82.58137269865014,137.31577042686257,36.83737390069703,12.398510444550595,11.08751325360431,1.3109971909462856,3.4215551934083663,0.8010111698454185,0.36018521643250956,0.09143965793589927,18.886142025501794,7.571158294180368,6.318934448068342,4.996049283253079,1.5920470934388122,138.30728057663822,0.338740798970914,48.81101285486921,46.526658096132756,92.02020202020202,$C_{v}^{syst}$,[ml/mmHg],8.118795380318398,14.314464680365164,11.768746470035074,11.679861780525437,11.71618838902515,2.42524500905927,5.61082957436329,13.741785710199236,11.621536808290315,12.477002867745101,15.617728455373866,10.853259978625045,9.08097441492723,1.3640589083569397,0.3241620810405202,0.5529717641468886,6481.598661226553,1.493691625536806,0.2974213604917225,0.9382207547079785,0.5378599410958658
155.18481176088798,112.9198872250781,133.2678892766049,326.4642734490661,92.72735045136486,190.02838842292363,33.56302048190944,16.38408440673447,24.39651222006935,35.38420213299691,92.7297788027493,199.23125021183026,161.3459551060412,82.73839613145367,137.53941504212457,36.88235575342071,12.439951438529638,11.125457182980945,1.3144942555486936,3.4333549824833964,0.8046357423056061,0.3613048544399471,0.09174159090505034,18.91469176745037,7.5827973471424714,6.328652525681083,5.003241894626818,1.592047093438812,138.61984734099258,0.338740798970914,48.79657782762047,46.5437920527806,93.43434343434343,$C_{v}^{syst}$,[ml/mmHg],8.136137817596463,14.340646559197832,11.786498404699422,11.698813145645966,11.734640979024913,2.4292836542728,5.6190542464491875,13.768300731384842,11.643753076127151,12.500705338175624,15.647364739507971,10.87133936768318,9.098603564768261,1.3667086242515714,0.3241620810405202,0.5529718096278128,6490.91453159554,1.494918669262508,0.29748372196776435,0.9389914880177902,0.5379726720029199
155.40501371479905,113.08317788346686,133.45766394394357,327.1259657511687,92.85856168404605,190.353007462195,33.61558135559523,16.41338501001379,24.436668299164985,35.44293376812446,92.86046672048441,199.4405733142554,161.63729705649837,82.89341164780917,137.759632233077,36.92654196199178,12.480917996490827,11.162981928415915,1.3179360680749126,3.4450198159236582,0.8082248704242756,0.3624063960031455,0.09203916012486776,18.942893854626032,7.59429499108518,6.338253250271888,5.0103456132689645,1.5920470934388122,138.92866460452797,0.338740798970914,48.78229292095014,46.56046920511285,94.84848484848484,$C_{v}^{syst}$,[ml/mmHg],8.153264889518208,14.366477424830638,11.803942525267905,11.717426071062816,11.75277097969037,2.433258761733015,5.627140126009974,13.794461599407414,11.665677403964555,12.524089655344868,15.676604864362128,10.889136005847465,9.116005212688723,1.3693120258989915,0.3241620810405202,0.5529718534766918,6500.099317883223,1.4961319891776568,0.2975464515934986,0.9397536010985834,0.5380860702452379
155.62146601197907,113.24349566050411,133.64416966400069,327.77753805692794,92.98778475783712,190.67269649241982,33.66754954261883,16.44228552288624,24.476342916534872,35.501034108800404,92.99010089301474,199.64790583484606,161.92444776873572,83.04609835314324,137.97723263511972,36.97038336580356,12.521347261017992,11.199999345312667,1.3213479157053245,3.456525109155527,0.8117673076382402,0.3634987900038486,0.09233369605522641,18.970576011033938,7.605578914058177,6.3476718094258935,5.017325287549869,1.5920470934388122,139.23279282488605,0.338740798970914,48.76827488592938,46.57704798062774,96.26262626262626,$C_{v}^{syst}$,[ml/mmHg],8.170135670774501,14.391932431775933,11.821185735485715,11.735803552350545,11.77067803481536,2.4371874109705343,5.635141102963735,13.820250496197286,11.687276369784549,12.547136025497213,15.70542847217025,10.906767558402635,9.133145312727489,1.3718936475508237,0.3241620810405202,0.5529718946863096,6509.144933048598,1.497323473050597,0.29760671185563514,0.9405019984781903,0.5381950054160741
155.8336862009667,113.40073574425173,133.82704714443977,328.4166880679656,93.11441844410601,190.98623566475075,33.71847259804511,16.47062686436332,24.515219038567043,35.55795705117383,93.11696787748564,199.85088422125122,162.2060740176379,83.19588826746592,138.1904470298521,37.01333063267556,12.56106086153702,11.236366569727364,1.3246942918096571,3.467824654013661,0.8152511873389271,0.3645700155053236,0.09262278604331757,18.997761057090504,7.6166630482365125,6.356926578691358,5.024171430162632,1.592047093438812,139.53124717450058,0.338740798970914,48.75451789497289,46.59322286230045,97.67676767676768,$C_{v}^{syst}$,[ml/mmHg],8.186687397363213,14.416897050570645,11.838116479982807,11.753837640121125,11.788253795902893,2.44103700782979,5.642973778432865,13.845541836250687,11.7084650938224,12.56974027970588,15.733705254178066,10.924026936357563,9.149959966572235,1.3744206158697245,0.3241620810405202,0.5529719377553166,6518.009291087421,1.4984923871726408,0.29766614388218604,0.941236219297952,0.5383024409710637
156.0425404116043,113.55547642871127,134.00702504547453,329.0463598581285,93.23905769979517,191.295019998554,33.76863476123121,16.498541040633857,24.55351639444568,35.61404094105689,93.24198314221736,200.05085976035784,162.48349906461897,83.34349186182222,138.40051106486482,37.055702067025116,12.600238363783326,11.272242250023899,1.327996113759428,3.478968456730114,0.818690994499114,0.3656269729281922,0.09290803266507128,19.02451756568472,7.627573407627669,6.366035851747782,5.030908306309271,1.5920470934388122,139.82530094514556,0.338740798970914,48.74097490906975,46.60913892292815,99.0909090909091,$C_{v}^{syst}$,[ml/mmHg],8.20299735333294,14.441488941077615,11.854794576499446,11.77158962723518,11.80555979216414,2.4448289730000883,5.650689130994868,13.870458843082874,11.729337730796207,12.592007796967865,15.76155993396233,10.941021936782601,9.16652467923685,1.3769129028437148,0.32373329521903804,0.5529719815165934,6526.734038985662,1.4996430079264167,0.2977244450712329,0.9419589496484031,0.5384078308175527
156.2491869161505,113.70875628192555,134.18513672574426,329.6694964186901,93.36219543719962,191.60041506017382,33.81799853220199,16.52610225365375,24.591238841459703,35.669215109075644,93.36449482464563,200.24724004722376,162.7575625837533,83.4893458830505,138.60745694910977,37.09725493561532,12.639032228074084,11.307785928981973,1.331246299092112,3.4900050246938212,0.8221030765183635,0.36666689517082385,0.09318932397231104,19.051004481012157,7.63837374062624,6.375054693530183,5.037576046855736,1.592047093438812,140.11637494653425,0.338740798970914,48.72755385622645,46.62461005835973,100.5050505050505,$C_{v}^{syst}$,[ml/mmHg],8.219128927251544,14.465781922730887,11.871196070751969,11.789039370005908,11.822577201109995,2.448564324304931,5.6582744780735865,13.895071759744932,11.749968370893201,12.614008955305371,15.789079649609848,10.957728270753613,9.182900226231968,1.379358450203601,0.32373329521903804,0.5529720210356555,6535.353680603973,1.5007827771229307,0.297783553955286,0.942674863895671,0.5385146854221853
156.45130356179212,113.85854073606595,134.35931938407194,330.2799430705773,93.48282811921486,191.89958950218912,33.86653575244723,16.553147977145727,24.62830999442455,35.723468911587204,93.48520082821746,200.44061223883796,163.02635233069122,83.63241446247609,138.81091666049562,37.13826683687031,12.677110001772203,11.342660688120077,1.334449313652125,3.5008317453954874,0.8254530871736504,0.36769200134619545,0.09346625623596919,19.07689577229095,7.648930920309866,6.383869323153169,5.0440955288279135,1.5920470934388122,140.40156676146125,0.338740798970914,48.714449239688676,46.639849970535806,101.91919191919192,$C_{v}^{syst}$,[ml/mmHg],8.23494256878557,14.489601821027161,11.887349917438751,11.806211843775719,11.839326985959223,2.452236315895826,5.665740988060128,13.91921393656544,11.770191041412508,12.635584722978868,15.816071659172326,10.974196263157783,9.198954484132525,1.3817704447192247,0.32373329521903804,0.5529720620889483,6543.79796834504,1.5018968679725098,0.29784063859807636,0.9433746490051507,0.5386178778597447
156.6506497036156,114.00624428459487,134.53111366201227,330.8824030818107,93.60180262512593,192.19487070747553,33.91444928664019,16.579838109888176,24.66490136113827,35.77707413567658,93.6045357841953,200.6315758008938,163.29160893759513,83.77348343107246,139.01163662242365,37.178767321661894,12.714749322948414,11.377132567932382,1.3376167550160323,3.5115318195233263,0.8287659723191055,0.3687058301949685,0.09374000517740237,19.102444750099348,7.6593500115674376,6.3925682024135515,5.050526536118361,1.592048952374657,140.68311159231166,0.338740798970914,48.701509192505846,46.65493724531585,103.33333333333333,$C_{v}^{syst}$,[ml/mmHg],8.250548883888326,14.513113709182026,11.903289323722719,11.82314392485243,11.855847385198691,2.455860026880598,5.673104888112964,13.943043821731761,11.79015283535417,12.656877385946894,15.842708661721588,10.990431683177604,9.214793269552798,1.3841525907441237,0.32373329521903804,0.5529721023026345,6552.1261837588145,1.5029957505812768,0.2978962282630461,0.9440637791566956,0.5387183675678657
156.8467147284019,114.15155497249721,134.7000912578621,331.47538280879115,93.71881670051334,192.48542843685522,33.96157222333973,16.606100253601788,24.700895174075875,35.82978255857437,93.72180070257393,200.81933795676977,163.55269542809208,83.91236890027376,139.20919519800054,37.21862422746854,12.751840699360468,11.41110487960075,1.340735819759718,3.522074349196811,0.8320333254376405,0.36970403415334774,0.09400971371645629,19.12757455859693,7.669598067455813,6.4011248161464085,5.056851674994707,1.592052513562792,140.96031322703607,0.338740798970914,48.68878515199283,46.669709031084125,104.74747474747475,$C_{v}^{syst}$,[ml/mmHg],8.265914285257994,14.536249084395559,11.918981633585616,11.839803717856904,11.872105866592454,2.45942403845344,5.680349515261159,13.96649381136585,11.809796686114176,12.677832692837864,15.86892616854436,11.006419749604394,9.230384159722714,1.3864966993111494,0.32373329521903804,0.5529721427251111,6560.317169035934,1.5040769633006257,0.2979512203055954,0.9447407987408095,0.5388177763119443
157.03974612312246,114.29459837977103,134.86645135687405,332.05967235474634,93.83404674903677,192.7716992371045,34.00801800576462,16.63198276737292,24.736371949381926,35.881742167253734,93.83740153670763,201.0044393545012,163.80997046722425,84.04924352664588,139.4039429088032,37.257963400371146,12.788442320970447,11.444627579916952,1.3438147410534937,3.532474896789154,0.835259891794973,0.37068942314757986,0.09427591874408424,19.152307494388268,7.679684371932769,6.409545321409246,5.063077801046254,1.5920560037602731,141.23352063358985,0.338740798970914,48.67625648390595,46.68424331226408,106.16161616161617,$C_{v}^{syst}$,[ml/mmHg],8.281056092738858,14.559045887167427,11.934443410789436,11.856208937300359,11.88811990748291,2.462936773592137,5.68749145339134,13.989605228030829,11.829152811294687,12.698482580727472,15.89476257543671,11.02218187585269,9.245746915692369,1.3888095707784442,0.32373329521903804,0.5529721819921457,6568.383272432574,1.505141529399505,0.29800520980418704,0.9454074014007767,0.5389153731578126
157.23082086469927,114.43634425169212,135.0311649624915,332.63812040364195,93.94790759894147,193.0548665264465,34.053705037569536,16.65753679445799,24.77130789280116,35.932811065065955,93.95054953508148,201.18603631817675,164.06420293110585,84.18463295010174,139.59574032007316,37.296513768267914,12.824684282189542,11.477841403518921,1.346842878670622,3.5427755620141608,0.83846078087971,0.3716579884497871,0.09453830369274219,19.176810290303653,7.689677199210242,6.417890134922749,5.06924295617066,1.5920594366529868,141.50403248973765,0.3391695847923962,48.663838052521506,46.69834510109748,107.57575757575758,$C_{v}^{syst}$,[ml/mmHg],8.296033069587907,14.581570809750263,11.949644048669331,11.872332311216818,11.903863450305881,2.46639480727282,5.694508360349556,14.012441387685897,11.848289437782475,12.718891285647581,15.920293001392457,11.037657333055273,9.260942973437356,1.391076906154544,0.32373329521903804,0.5529722196724417,6576.353531925903,1.5061967435593213,0.29806023248604324,0.9460681610768402,0.5390148399545316
157.41803459502208,114.57507104551733,135.1925275507039,333.2056136513284,94.05959855615946,193.33273290913544,34.098711746625796,16.682648206641673,24.80569013572645,35.98317048485943,94.06241001006863,201.36519816580486,164.31389280243891,84.31753820546757,139.784492760003,37.334648601953454,12.860310294530052,11.5104778634852,1.3498324310448522,3.552895939761239,0.8416072567774605,0.37261457687224847,0.09479698046305737,19.20083198252686,7.699475328965599,6.42607221593811,5.075284437623151,1.5920627881722735,141.76944283701042,0.3391695847923962,48.65166758924707,46.71234695313005,108.98989898989899,$C_{v}^{syst}$,[ml/mmHg],8.310722091845559,14.603689520955376,11.96465232798983,11.888238414403254,11.919397244669508,2.4697990221530226,5.701420658514784,14.034870734717542,11.867083803275522,12.738934162952024,15.945368610403431,11.052918024060899,9.275858553953396,1.3933184780175156,0.32373329521903804,0.5529722575570029,6584.171898931162,1.507229937329205,0.29811279956848347,0.9467151349348109,0.5391098658104971
157.60222200843526,114.71152792892744,135.35127546770292,333.76458384748213,94.16957790728507,193.60636248945005,34.1430729469844,16.70738451811333,24.839575725080888,36.03278796294412,94.17265995188811,201.5418707743222,164.55980950159645,84.44838768841427,139.97062933144963,37.37225429434793,12.89544872338134,11.542665136039803,1.3527835873415375,3.5628746244194187,0.8447128292552978,0.373558911224544,0.09505230314193469,19.224433113038803,7.709100557981675,6.434107711696253,5.081224843360877,1.5920660767960912,142.03091680754025,0.3391695847923962,48.639712402228795,46.726101921192615,110.4040404040404,$C_{v}^{syst}$,[ml/mmHg],8.325193001036538,14.625477631732199,11.979427305478216,11.903889817866647,11.934685580398716,2.4731552169644186,5.708241110956352,14.056965494680687,11.885586300438971,12.75867420415519,15.970068012966525,11.067976459333146,9.29054633196948,1.3955291430872967,0.32373329521903804,0.5529722951491446,6591.870453509955,1.5082462931646268,0.29816452603744237,0.9473515673418874,0.5392033717657104
157.78363631679596,114.84599266020123,135.50765012644732,334.3153282486353,94.27783567336486,193.87590520558476,34.186729142103,16.731752453790037,24.87293224251922,36.081628345542335,94.28107027031278,201.71563479812207,164.80210147562127,84.57743510859072,140.15382872318935,37.40928429897809,12.930108867574514,11.574418090202897,1.3556907773716171,3.5727157500633107,0.8477794085557541,0.37448900071438507,0.09530399821716669,19.247713375122977,7.718596988322372,6.442037884307665,5.087078502492939,1.5920693017886816,142.28863632178425,0.3391695847923962,48.62792804159612,46.739594759062534,111.81818181818181,$C_{v}^{syst}$,[ml/mmHg],8.339456623187159,14.646943617373354,11.99399516040211,11.919313130511982,11.949754150799695,2.4764590897105148,5.714946883495167,14.07873547064599,11.903819485438385,12.778124051084852,15.994401883402361,11.082795554719873,9.305022866965732,1.3977049780369954,0.32373329521903804,0.5529723348236492,6599.4484971355405,1.509248014716393,0.2982157382190888,0.9479788430194342,0.5392959456356783
157.96263992987474,114.97864890946673,135.66194378357767,334.85914991913927,94.3846727827316,194.14205281502925,34.229834064659954,16.755812422135854,24.905868458781175,36.129867112400675,94.3880444418579,201.88722949025382,165.04132279607114,84.70479035901266,140.33475948650275,37.44585938316595,12.964379798840518,11.605814674928022,1.3585651239124976,3.582444475030083,0.8508135229081373,0.37540861670361764,0.09555281578113754,19.270669172042517,7.727960295224517,6.449855731539518,5.092853145278486,1.592072468506459,142.54316879589575,0.3391695847923962,48.61629482853853,46.752855383759936,113.23232323232324,$C_{v}^{syst}$,[ml/mmHg],8.353539756042304,14.668136423906008,12.00837118159837,11.934524747816404,11.964619621887998,2.47972141992521,5.721571803998608,14.100230954149982,11.921819950324483,12.79732772954986,16.018430846130283,11.097424898189706,9.31931484141618,1.3998542807031755,0.32373329521903804,0.5529723711574037,6606.927094791212,1.5102364037858393,0.298266359702111,0.9485977765840076,0.5393874545265652
158.1399959265539,115.1102308310148,135.81484658771572,335.3978034932728,94.49034044101396,194.40560553690412,34.27229813907205,16.77958941503845,24.938346245198474,36.17740748733281,94.49323915666814,202.0559344876004,165.27792463865708,84.83073656639132,140.5130147770459,37.48174558978554,12.998348011663891,11.63695041237149,1.3613975992924015,3.592089399811246,0.8538254019657834,0.3763144676077197,0.09579837763309391,19.29344232338101,7.737250936913405,6.457614153102667,5.098577233364936,1.5920755854442035,142.79538702546614,0.3391695847923962,48.60474068124378,46.76588163386358,114.64646464646465,$C_{v}^{syst}$,[ml/mmHg],8.367487233174227,14.689097254651111,12.022500762107743,11.949473499690146,11.979231908185223,2.482936200216539,5.7280796297288665,14.121489751645848,11.939639704751187,12.81632477000547,16.04219771534761,11.111789192161465,9.333459009877107,1.4019644391031676,0.32373329521903804,0.5529724060317726,6614.323830870977,1.511216769449644,0.2983169098148165,0.9492116977775278,0.5394788357625134
158.31390307950716,115.23909420451537,135.96470883490343,335.9267609694182,94.59411338901434,194.66435095392555,34.31416122753956,16.802978590527,24.9703444043177,36.22425520998056,94.59703301374422,202.2225085942253,165.51050178532958,84.95463682034108,140.68890451772126,37.517309856264085,13.03175603154727,11.667560516076643,1.3641955154706262,3.6015698314257323,0.8567881019387567,0.3772094896867872,0.09604071985411776,19.31573735025256,7.7463446621382905,6.465206963546852,5.104185724567416,1.5920786370834892,143.04305336929596,0.3391695847923962,48.59344452410986,46.77868634473341,116.06060606060606,$C_{v}^{syst}$,[ml/mmHg],8.381189110843849,14.709695502239192,12.036471740188366,11.964242357258774,11.993670540932737,2.486106335422466,5.73451364031196,14.14238753926571,11.957141238772667,12.83499606796883,16.065560454892317,11.12601339382346,9.347358020333665,1.4040538529606812,0.32373329521903804,0.5529724411845233,6621.587937231004,1.5121771138235356,0.298366275421758,0.9498130799579572,0.5395680746451433
158.48523893247517,115.3660323876149,136.1123497601634,336.4482862150925,94.69633987542832,194.9194087037673,34.355432556372406,16.82603234403046,25.001887601399577,36.27047833941243,94.69954695303207,202.38678012728008,165.7397280295327,85.07662497152452,140.8622038876853,37.55238140380916,13.064731756554352,11.69777370911951,1.366958047434843,3.6109255327514562,0.8597141864028163,0.3780932628687575,0.09627992714540641,19.33771706181573,7.755311305522657,6.47269366813743,5.109712088155644,1.5920816316587805,143.28723872715872,0.3391695847923962,48.58230409437831,46.79136991728213,117.47474747474747,$C_{v}^{syst}$,[ml/mmHg],8.394693937520149,14.730001051732234,12.050243669751747,11.978794346095041,12.007899682695912,2.4892310033415517,5.740851231082497,14.16298833779045,11.974395499935344,12.853399640896903,16.088589608971606,11.140021244152575,9.361053348604054,1.4061143679725634,0.32373329521903804,0.5529724759369925,6628.743791279982,1.5131233046140014,0.2984142333327017,0.9504056039120853,0.5396547682179826
158.65412331831084,115.49117260464757,136.25788300002986,336.96269384381475,94.79710806241081,195.1709275348946,34.39615291593902,16.84877419203664,25.03301077419873,36.31607405139045,94.80062755715231,202.54888133103344,165.9658874423059,85.19708440092096,141.0332397508955,37.58702317801254,13.06622436596685,11.696537279272707,1.369687086694143,3.6201617761087705,0.8499753292866393,0.3789662992596437,0.0965162563070811,19.359370598933907,7.764144489228977,6.480068184638839,5.115157925066091,1.568772712502737,141.4265588848032,0.3395983706138783,48.5713263034332,46.80382677711065,118.88888888888889,$C_{v}^{syst}$,[ml/mmHg],8.408018179428932,14.750036157527834,12.063827095601397,11.993140509678225,12.021930327110141,2.492314530055984,5.747107043229355,14.183316143798345,11.991415636015446,12.871556740566827,16.111309744397623,11.153856118534398,9.374567623828403,1.408148901438116,0.32373329521903804,0.5529725102741923,6635.797564368757,1.4918868494563498,0.29846168995376005,0.9509898008592158,0.5397405556485392
158.82082833282635,115.61467831050864,136.40153434555145,337.47088867728917,94.89661950548525,195.41938622491466,34.436333422334606,16.8712301069691,25.063721205215785,36.361055135502625,94.9002630267226,202.70872358666264,166.18915704339503,85.31592575139506,141.20204180682137,37.621164221882395,13.098322933727632,11.725941032209324,1.3723819015183076,3.629295834128807,0.8527940163627892,0.37982828830763554,0.09674972043964404,19.38075227295923,7.772866979473489,6.487350822817923,5.120534470667818,1.5687727125027369,141.6608640798067,0.3395983706138783,48.56049409359293,46.81607251409215,120.3030303030303,$C_{v}^{syst}$,[ml/mmHg],8.421183153054017,14.769814074664378,12.077237907748716,12.007297156120693,12.035778486456563,2.495357324803203,5.753276555633149,14.203383754191735,12.008219409553291,12.8894828234205,16.133742396006568,11.167499875309542,9.387909298441814,1.4101547104723966,0.32373329521903804,0.5529725440505258,6642.7633653839675,1.492791469475036,0.2985087243262702,0.9515664427216582,0.5398255800183003
158.98478836498293,115.73618195436214,136.5428330191209,337.97076108029034,94.99441163744629,195.6637745576512,34.475861784327144,16.893323736944602,25.093932576900183,36.405330793509485,94.99829559265842,202.86595053065838,166.40888182029363,85.43294525069064,141.3680769361795,37.654790120490226,13.12993547140113,11.754899509679475,1.3750359617216539,3.6382896570783934,0.8555719322222065,0.3806772676348459,0.09697962737395656,19.401789592981757,7.7814494367529115,6.494517074827184,5.125823081401662,1.5687727125027369,141.89140158762274,0.3395983706138783,48.549820656483725,46.828112526602474,121.71717171717172,$C_{v}^{syst}$,[ml/mmHg],8.434135063891441,14.7892742556416,12.090438153808813,12.021227268363523,12.049406648072251,2.4983501390196206,5.759344458200245,14.223132960868499,12.02476205575769,12.907124670345228,16.1558176099967,11.180925609881388,9.40104113429526,1.412129670641971,0.32373329521903804,0.5529725754766954,6649.6088146212405,1.493681566544804,0.298554787426041,0.9521338270614509,0.5399088502149839
159.1480167852406,115.8573030118307,136.683527231768,338.46836905851836,95.09162673249945,195.90692040796293,34.514999886122546,16.91526424894804,25.123876484677005,36.44913257881552,95.09497258724844,203.0213062844684,166.62728038660788,85.54934358850058,141.53265423716738,37.68798028707602,13.161415324032662,11.783751619725578,1.3776637043070834,3.6472475153414123,0.8583425739779288,0.38151741509731113,0.09720766795434882,19.422717014428468,7.789986155518746,6.50164377440205,5.131087084507669,1.5687727125027369,142.12096293024507,0.3395983706138783,48.53918714789532,46.83989790411639,123.13131313131314,$C_{v}^{syst}$,[ml/mmHg],8.447025988351692,14.808615797129116,12.103450165699954,12.034956253380773,12.062842366777579,2.5013157288618757,5.765345445181754,14.242761858129873,12.041209839763493,12.92466241929631,16.177762086159383,11.194191870654764,9.414104320528347,1.414079610152524,0.32373329521903804,0.5529726043638714,6656.413871274962,1.4945686367322646,0.2986017258579169,0.9526992819424485,0.5399937058390485
159.3074531622014,115.9754556882827,136.8209285519782,338.95518666423493,95.18677518643604,196.14485755831984,34.553426271393505,16.936753318625495,25.153254459452363,36.492169389168474,95.19018159846908,203.1740582101552,166.84111397623354,85.66325702751452,141.69413977705193,37.72068098022738,13.19226652591224,11.812017689186908,1.3802488367253332,3.656022317563101,0.8610580438949923,0.3823441229537282,0.09743182693461865,19.443198944114116,7.798344127972434,6.50862355763346,5.13623125850822,1.5687727125027369,142.3455937843965,0.3395983706138783,48.528815066249756,46.85154317290257,124.54545454545455,$C_{v}^{syst}$,[ml/mmHg],8.459641811733718,14.827552053430917,12.116293601810268,12.048498723011,12.076095707775368,2.5042270088269563,5.771238972249138,14.261983485461505,12.057309392333723,12.941832719344532,16.199246807127448,11.207230138266498,9.426887036311205,1.4159998497920752,0.32373329521903804,0.5529726392376234,6663.074263050523,1.49543456541724,0.29864681694659095,0.953251260363589,0.5400752148575229
159.46471336488977,116.09200025966017,136.95645676383387,339.4356543493172,95.28061521397622,196.37963447813289,34.59138649891182,16.957951203026465,25.182273034034157,36.534685434924086,95.28425143685237,203.3250380462741,167.05221586325118,85.77568875448392,141.8536791252794,37.75301341291254,13.222749447227372,11.839943276958836,1.382806170268535,3.6646898116127513,0.86374241479328,0.3831620435776115,0.0976534727917117,19.463378780454754,7.806577570978897,6.515497940652288,5.141303268823568,1.5687727125027369,142.56730417155947,0.3395983706138783,48.51858262552466,46.863019110891265,125.95959595959596,$C_{v}^{syst}$,[ml/mmHg],8.472094652474205,14.846249510750326,12.128971195739958,12.061860659719516,12.089174766196603,2.5071026915230377,5.77706489414275,14.28096266849904,12.073200905126123,12.958783377727435,16.220461210765215,11.220133283945671,9.439504858385991,1.417898205664692,0.32373329521903804,0.552972671443654,6669.643064978335,1.4962886611446544,0.2986911500393569,0.9537956959727804,0.5401553557060234
159.61986651758207,116.20698800289343,137.09017027346616,339.91013468455924,95.37321011791245,196.6113821269445,34.62884708554256,16.978874233949224,25.21091222105829,36.576641331217736,95.37706617658999,203.47402178481778,167.26058701236016,85.88668444887536,142.01118337106658,37.78495035690766,13.252875054231813,11.867542477093046,1.385332577138767,3.6732541559366725,0.8663972575157856,0.38397003158395354,0.09787247944806558,19.48328817378623,7.8147009965505605,6.522280289836942,5.146306887398727,1.5687727125027369,142.78623713707398,0.3395983706138783,48.508488718284674,46.87432102632502,127.37373737373737,$C_{v}^{syst}$,[ml/mmHg],8.48439098187688,14.864702876171355,12.141483361014865,12.075043013958728,12.102080194349572,2.5099412212882886,5.7828155409505975,14.299696162199217,12.088886364518464,12.975515106403261,16.241399235395665,11.232856249926687,9.451960332985628,1.419772993530969,0.32373329521903804,0.5529727025618634,6676.124708253871,1.4971315001407999,0.29873491448273,0.9543329560802697,0.5402344692581081
159.77290504097488,116.32043608982404,137.22207020023458,340.3783219180137,95.46451455386645,196.84001700713102,34.665776289874394,16.999514188094786,25.23915268947762,36.618003947220956,95.4685130481371,203.62083838036588,167.46616981149444,85.99624528299051,142.16651842094507,37.816435733341386,13.282629971631764,11.894804534139121,1.3878254374926415,3.6817120737379425,0.869021476725115,0.38476721951335896,0.09808864938608883,19.502932581007556,7.822716384618667,6.528973050329819,5.1512431460590635,1.5687727125027369,143.0023153155212,0.3395983706138783,48.498529925654296,46.88543363611975,128.78787878787878,$C_{v}^{syst}$,[ml/mmHg],8.496523294949869,14.882904770207155,12.153829559714536,12.08804563580854,12.114811582220202,2.512739826070851,5.7884814959130155,14.31817601938426,12.104363406400688,12.992023442070284,16.262060142347952,11.245413846180437,9.464251657657824,1.4216211409372406,0.32373329521903804,0.5529727333976934,6682.5160187706515,1.4979630492420433,0.298778180768621,0.9548630195461982,0.5403126822055117
159.9239767326222,116.43239344433303,137.35226932727275,340.8408286361846,95.55467961213934,197.0658894925447,34.70227139004656,17.019907666578032,25.267057377907346,36.65889339838036,95.558882832179,203.76597272588637,167.66924901968727,86.10439532574719,142.3199824452246,37.84756331661201,13.31205969631261,11.921767694339406,1.3902920019732046,3.6900759164718373,0.8716182682189783,0.3855560269127112,0.09830251047477033,19.52232148257912,7.8306279838356225,6.535578251652847,5.1561152470906535,1.5687727125027366,143.21581417988267,0.3395983706138783,48.48869576475045,46.896388810082826,130.2020202020202,$C_{v}^{syst}$,[ml/mmHg],8.508511296002126,14.900892260134674,12.16601834467896,12.10087766434041,12.127378039939543,2.515505599908311,5.79408258278542,14.336437610531089,12.119652495316991,13.008331157173382,16.282468157134144,11.257809989372204,9.476390867949435,1.423448309084061,0.32373329521903804,0.5529727640288091,6688.827572849754,1.4987838875207575,0.2988208607143279,0.9553862554950215,0.5403898350023614
160.07389938376588,116.54370529540691,137.48151805984304,341.29944137619884,95.64391890892664,197.28974794539758,34.73819009737431,17.040070327712698,25.294561951764567,36.69912428597886,95.64741905967726,203.90836804041393,167.8703200251742,86.21169361827121,142.4712052087474,37.87808232337528,13.341242752175543,11.948524656400313,1.3927180957752305,3.6983728400263134,0.8741981585103995,0.3863313627675899,0.09851339161258513,19.54158827915201,7.838490565070328,6.542144791588815,5.160952922492865,1.5687727125027369,143.42760878107975,0.3395983706138783,48.47890977862534,46.90705927317327,131.6161616161616,$C_{v}^{syst}$,[ml/mmHg],8.520396915309885,14.918695063673683,12.177996683520366,12.11348875253346,12.139730344507159,2.518230139020499,5.799583165323341,14.354513536383074,12.134804147411515,13.02448063288819,16.302674659010815,11.269978678649512,9.488426323269922,1.425240177000978,0.32373329521903804,0.552972792969709,6695.0743236248645,1.499599874380444,0.29886431535178737,0.9559063989505923,0.5404683904008252
160.22096708701372,116.65271637991238,137.6082716623699,341.7502539288162,95.7317175915228,197.50982510565902,34.773708561224915,17.059938986482333,25.321729517048848,36.73890501493366,95.73524180237777,204.0495374222994,168.06816770091612,86.31707147321507,142.62069623392156,37.90837602081194,13.369981611857725,11.97485871975583,1.3951228921018954,3.706538134503784,0.8767377678359843,0.3871002734265039,0.09872204043605523,19.560463310309938,7.846192261905568,6.548575087366693,5.165695961037679,1.5687727125027366,143.63579151949153,0.3395983706138783,48.469344520107065,46.91764706344069,133.03030303030303,$C_{v}^{syst}$,[ml/mmHg],8.532083030213254,14.93621367153654,12.18986983768811,12.125979533689131,12.151966166964668,2.5209234203999924,5.805034756521672,14.372304697074798,12.14969770035627,13.04036917297281,16.322560087440003,11.282055113630317,9.50025549336335,1.4270183067391622,0.32373329521903804,0.5529728226991141,6701.220231406595,1.5003991898732079,0.29890619602033464,0.9564159153938563,0.5405440986436629
160.36598296098038,116.76021646403959,137.73326234300214,342.1948566459606,95.81824574194911,197.72687957104878,34.80877346649711,17.079534800322826,25.348539950557235,36.77820727451643,95.82218278609955,204.18894692239382,168.2633573090243,86.42105950900307,142.76815591685508,37.93831968721054,13.398359578799845,12.000859598399314,1.3974999804005312,3.7145987178471267,0.879246647355847,0.3878604407126012,0.09892816920631395,19.579085220301067,7.853791842672132,6.554919957756368,5.170373419872559,1.568772712502737,143.84115934516714,0.3395983706138783,48.45989880071866,46.92819284802851,134.44444444444446,$C_{v}^{syst}$,[ml/mmHg],8.543611840357334,14.953498048345944,12.201584382481283,12.138299772111225,12.164036400339771,2.5235806689669222,5.810410979335965,14.389857958557647,12.16439627048176,13.05604464079493,16.342178439526815,11.29396621380268,9.511924941087573,1.4287754732027111,0.32373329521903804,0.5529728520672348,6707.277201936438,1.501187568519569,0.29894660968434733,0.9569184602431373,0.5406171542902418
160.5089255225026,116.8661845463661,137.8564671991195,342.6334031167502,95.90355577771231,197.94093324102957,34.84333175541227,17.098858843080787,25.37496540531682,36.8169129010089,95.90758924519365,204.32627680239722,168.45583666246387,86.52363748489147,142.91364695779626,37.96784084680684,13.426374268782908,12.026530338740042,1.3998439300428667,3.722555289688221,0.8817253358158617,0.388609879464538,0.09913155551223711,19.59743156817449,7.861278170633117,6.561170370046703,5.174983027494669,1.5687727125027369,144.0437683043783,0.3395983706138783,48.45059291547952,46.938450964848414,135.85858585858585,$C_{v}^{syst}$,[ml/mmHg],8.554982814416196,14.970536189126305,12.213138876485353,12.150448084004648,12.175939602416609,2.5262011996107696,5.815712784805998,14.407166015324302,12.178887059980052,13.071502447432222,16.361527059305498,11.305726834496399,9.523434520319796,1.4305077720760018,0.32373329521903804,0.5529728809441292,6713.248904439862,1.5019648347371664,0.2989872738874743,0.9574139215750452,0.540690663486051
160.65026478812777,116.97097636336059,137.9782955142777,343.06720055930583,95.98787750577144,198.15264103176344,34.87746935955225,17.11796885457336,25.401076781435457,36.855175557226744,95.99204818915086,204.46185404130853,168.64619352418092,86.62510647051838,143.0572797957746,37.99698714401258,13.454105318451864,12.051943955224289,1.4021613632275758,3.730431798981141,0.8841795649311716,0.3893507858112307,0.09933269517558867,19.615602700517073,7.868694732755796,6.5673639866145725,5.179543981146702,1.5687749276672367,144.24419939528525,0.3395983706138783,48.44138185894014,46.948634325577956,137.27272727272725,$C_{v}^{syst}$,[ml/mmHg],8.566232558134152,14.987393628512969,12.224563774440362,12.162455351686598,12.187706434881562,2.5287891296989584,5.820945018176792,14.4242868897785,12.193225757728255,13.086790964232902,16.380661370811627,11.31732221221157,9.53481959472102,1.432217760356909,0.32373329521903804,0.5529729092673064,6719.151425404,1.5027335028489646,0.2990271212879622,0.9579025495285831,0.5407626961041828
160.78969313407973,117.07434675497827,138.09847363685054,343.495644285523,96.07111297033424,198.3616225587603,34.91121420622564,17.136841474178016,25.426883863915428,36.89297406484503,96.07550626244425,204.5959489104791,168.83416960454048,86.7252825139275,143.19937164529333,38.0258357130388,13.481513499379178,12.077058611962938,1.4044548874162393,3.738214125571692,0.8866064483969823,0.39008408335504124,0.09953172453773895,19.63349346072171,7.875995142906162,6.573458434823657,5.18403988299189,1.568777315979374,144.44213340293882,0.3395983706138783,48.43230849348153,46.95865522952366,138.68686868686868,$C_{v}^{syst}$,[ml/mmHg],8.57734108184392,15.004036267603672,12.235839775297464,12.174302700546747,12.199318167218893,2.531348036951142,5.826123052480241,14.441191962262367,12.207376467595148,13.101887610214604,16.39955541003984,11.328799256861656,9.546060529165697,1.4339101799122755,0.32373329521903804,0.5529729375360247,6724.977907923397,1.5034918295111357,0.2990665374851363,0.9583844782791997,0.5408339489772099
160.92733914737667,117.17638987591826,138.2171173802402,343.91870702968794,96.15325470082641,198.5679968278749,34.94451395769714,17.15547164888852,25.452351819337864,36.93029697541498,96.15785407150373,204.7282693279614,169.01975234028242,86.82418784606512,143.33957160563304,38.05431218607081,13.508605975171498,12.10188564657864,1.4067203285928587,3.7459062411890773,0.8890066232737851,0.390808404466165,0.09972831447402146,19.651168131429078,7.88320815476848,6.579480553230276,5.18847942343032,1.568779665138634,144.6376226709395,0.3395983706138783,48.423339227305156,46.96852778912769,140.1010101010101,$C_{v}^{syst}$,[ml/mmHg],8.588311447235698,15.020466308663622,12.24697427493324,12.185997837360427,12.21078210399784,2.533873426054632,5.831229224228591,14.457884912455128,12.221352591300132,13.116792935363522,16.418212520235404,11.340127326015033,9.557158587414344,1.4355806032961622,0.32373329521903804,0.5529729637101103,6730.727829057849,1.504240528528842,0.2991053814155531,0.9588602924655524,0.5409041690008477
161.06414694030556,117.27799988502557,138.33507720902475,344.3387801439009,96.23466545574612,198.77283743066602,34.97732134811253,17.173922846010605,25.47748285754721,36.967070633199825,96.23851712302452,204.8581788233865,169.20377301687063,86.9224389278549,143.47778344652576,38.082235322943774,13.535506009490947,12.126555746642076,1.4089502628488701,3.7535472197015496,0.8913941407220594,0.39152082383653514,0.09992237244349346,19.6687658115937,7.890391295259178,6.585479634554087,5.192894881780436,1.5687819863698371,144.8318190984427,0.3395983706138783,48.41439439094074,46.97811806966917,141.5151515151515,$C_{v}^{syst}$,[ml/mmHg],8.599203064769037,15.036755761320435,12.257912714655902,12.197488969160418,12.222047809832683,2.5363630959628924,5.836244370637829,14.474431372448255,12.235226141651898,13.131575379494626,16.436709084669577,11.351234640318856,9.568178516197117,1.4372192164050994,0.32373329521903804,0.5529729898763055,6736.4265819022285,1.504985946722537,0.29914531534636485,0.9593340309860874,0.5409763601894564
161.19836714108948,117.37751325934173,138.45077194139338,344.7517647227636,96.3147787643716,198.97425058536754,35.00980550308028,17.192106126967126,25.50233231677382,37.00349507505025,96.31884995308029,204.98723116620414,169.38490195357818,87.01893808451105,143.61454933652024,38.11001450035759,13.562001595095314,12.150837188857722,1.4111644062375925,3.7610674924339507,0.8937443729553678,0.39222866721401906,0.10011458735410801,19.6860124680439,7.897431001780717,6.591357263604532,5.197224202658646,1.5687842632567426,145.02272901486512,0.3395983706138783,48.405649716493784,46.98773157972202,142.92929292929293,$C_{v}^{syst}$,[ml/mmHg],8.609914325814993,15.05279325132762,12.2687742945191,12.208890582521889,12.233226812822227,2.538826620426937,5.841222574269606,14.490723763957515,12.24886713827917,13.146123745358485,16.45491849685848,11.362270820244815,9.579010839401988,1.4388488130306174,0.32373329521903804,0.5529730184202954,6742.0345135060115,1.5057162657213246,0.2991831730512221,0.9597981704606783,0.5410447943842053
161.33066828103688,117.47562094862973,138.5648175944822,345.15899712160746,96.3937300485976,199.1728263407555,35.04181925558312,17.210035086290006,25.526824297241454,37.03938780749164,96.39796980431775,205.11438213861692,169.5634998768118,87.11414878235279,143.74942896926206,38.13740348216278,13.588149679985676,12.174801680349713,1.4133479996359626,3.7684882294592024,0.8960652991382427,0.3929266950297581,0.10030419913120239,19.703006813902423,7.904366635951874,6.597148291812672,5.201491886137872,1.5687865010942705,145.2110121278223,0.3395983706138783,48.39702876118355,46.99717728187959,144.34343434343435,$C_{v}^{syst}$,[ml/mmHg],8.620477441144319,15.06860006076696,12.27949069478348,12.22013703940582,12.244254659006243,2.5412560332747236,5.846131562079883,14.506787440047713,12.262317454296747,13.160468748359289,16.472872983674332,11.37316776782035,9.589693952417951,1.4404553099854884,0.32373329521903804,0.5529730436180456,6747.561103401832,1.5064362801876543,0.29922057367080546,0.9602557640168848,0.5411124052504189
161.4612533303775,117.57246337801024,138.67738555005948,345.56118932176673,96.47167421023039,199.36890866055248,35.07342952340385,17.22774018802748,25.55101071741419,37.07481977419647,96.47600993773317,205.23992248464123,169.73988031664592,87.20824107892456,143.88269970986047,38.16449779919344,13.61399593019566,12.19848995091135,1.4155059792843099,3.7758220094750077,0.898360897399525,0.3936164920039811,0.1004916296563075,19.719774679234025,7.91120994646608,6.602861673163183,5.205703059604762,1.5687887063397885,145.39700084163815,0.3395983706138783,48.388525000397145,47.006454090311195,145.75757575757575,$C_{v}^{syst}$,[ml/mmHg],8.630910274573784,15.084214672316858,12.290068143356981,12.231235095520539,12.255138201790372,2.5436551338635462,5.850981459530778,14.52265421652252,12.275597784043365,13.17463582591838,16.490607715993338,11.383934091256227,9.600245927388732,1.4420436967596404,0.32373329521903804,0.5529730702010703,6753.017194716127,1.507147067073699,0.299257747602347,0.9607074942489174,0.54117960481065
161.59034250297242,117.6681881881961,138.7886650974065,345.95890404949165,96.54871212766506,199.56281647699694,35.10469987618027,17.24524902474231,25.574935507214324,37.109891879263024,96.55331366000686,205.36415561810998,169.91432112719627,87.30124096279101,144.0144450721762,38.19128646145078,13.639581730594204,12.221938440581082,1.4176432900131215,3.7830805906368514,0.9006342226074922,0.39429973570718657,0.100677211452619,19.736359428304617,7.9179793175954,6.608513445636929,5.209866665072283,1.5687908771462697,145.58095074293732,0.3395983706138783,48.380111000685325,47.01566023992764,147.17171717171718,$C_{v}^{syst}$,[ml/mmHg],8.641230081344812,15.09965732635959,12.300530262887126,12.24220839348054,12.26590084240435,2.5460276589587205,5.855775281489452,14.53834945085792,12.28873477995074,13.188647521567335,16.508146236224313,11.394570926186006,9.610680168671106,1.4436145482540148,0.32373329521903804,0.5529730960703634,6758.409848936554,1.5078497427333635,0.29929413598354754,0.9611540739427539,0.5412453844688742
161.71755028595996,117.76251993000369,138.89832494692183,346.3509330286587,96.62460846347463,199.75396263867566,35.1354759831453,17.26250519552416,25.59848935453102,37.14442594717227,96.62934707860416,205.4863359170303,170.08621773089672,87.39288792939821,144.1440864555829,38.217634663579425,13.664822619521907,12.245074561790364,1.4197480577315422,3.790241353219219,0.9028783873459694,0.3949724745503598,0.1008600692429501,19.752731528872058,7.9246636565272075,6.614095885534893,5.213971986809957,1.5687930089303188,145.7623133606884,0.3395983706138783,48.37181059494362,47.024706848449725,148.58585858585857,$C_{v}^{syst}$,[ml/mmHg],8.651401509133002,15.114874418113146,12.310844188159491,12.25302442310534,12.276509771148424,2.5483627386597494,5.86048694286426,14.553814281539909,12.301685741391148,13.202455820547279,16.52542894394079,11.405025972230742,9.62096416084735,1.4451596136064757,0.32373329521903804,0.5529731230041453,6763.722592443224,1.508542344218538,0.2993301053529907,0.9615942547112301,0.541310405335463
161.84355947009962,117.8559647713817,139.00695191847842,346.7395998955654,96.69980945716333,199.94339437117137,35.166005083576756,17.279607356314383,25.621848532467286,37.178670338472074,96.70476085826293,205.60759487967192,170.25658997157922,87.48368299477899,144.27274701524885,38.2437866176441,13.689864007035276,12.268025931331005,1.42183807570427,3.797343697701172,0.9051058678805378,0.39564054708986046,0.10104159750537124,19.768924246387638,7.931273403706064,6.619614477245768,5.218036365435809,1.5687951151114612,145.94210480127094,0.3395983706138783,48.363592986548746,47.03365209580785,150.0,$C_{v}^{syst}$,[ml/mmHg],8.661486638300959,15.129956839241476,12.321061695813551,12.26373517273185,12.287017336583162,2.5506796162337517,5.865166675060695,14.569143700439776,12.31451720377745,13.216141491397476,16.542559900949115,11.41541214600375,9.631155248478171,1.4466933858233209,0.32373329521903804,0.5529731484731436,6768.986662001433,1.5092284630190638,0.29936572064521577,0.9620303177141362,0.5413747873143883
