STK_syst_list,DTK_syst_list,MAP_syst_list,Plvmax_list,SV_lv_list,EDV_lv_list,STK_pulm_list,DTK_pulm_list,MAP_pulm_list,Prvmax_list,SV_rv_list,EDV_rv_list,maxVla_list,minVla_list,maxVra_list,minVra_list,Eout_total_list,Eout_lv_list,Eout_rv_list,SW_lv_list,PE_lv_list,SW_rv_list,PE_rv_list,Ein_total_list,Ein_LAD_list,Ein_LCX_list,Ein_RCA_list,Ees_lv_list,Pes_lv_list,LVET_list,EF_lv_list,EF_rv_list,var,var_name,var_unit,Plvmin_list,EDP_lv_list,Pv_syst_max_list,Pv_syst_min_list,Pv_syst_mean_list,Prvmin_list,EDP_rv_list,Pv_pulm_max_list,Pv_pulm_min_list,Pv_pulm_mean_list,Plamax_list,Pramax_list,Plamin_list,Pramin_list,RVET_list,Ees_rv_list,CO_list,Ea_lv_list,Ea_rv_list,VAC_lv_list,VAC_rv_list
80.65662075238576,58.2807413438895,68.7292907148553,136.82695073340986,47.56515939355819,322.98927622635944,32.25675885347155,23.328844659843543,26.94893701665547,32.43942846291853,47.570528696775256,155.64703567162127,260.4703231846536,145.15317887941924,75.35605747947594,28.122615760268282,6.205388473649199,5.308957709253101,0.896430764396098,0.6034960884455484,1.2700639559662812,0.18408502202412008,0.09901691472226118,9.483898208722303,3.7465079620696886,3.1238042017767977,2.6135860448758184,0.27099264472769985,71.85208057686461,0.3263060101479311,14.726544468994465,30.563080428423905,0.5,$E_{lv}^{max}$,[mmHg/ml],21.228420817222084,24.881495977348145,6.346774653489773,6.265328674105491,6.291930975528496,2.1372535287072845,3.9445003377637113,24.083827966530844,19.686110920497036,20.847415145350364,27.762329627112415,7.264660239095654,15.959947237791258,0.7307871768958424,0.2722789966411777,0.5668579597720443,3329.5611575490734,1.5106031703237732,0.6099604027309962,5.574332734534788,1.0760374662045586
83.1510232134236,60.07838988417151,70.85690554107317,142.66941482462988,49.056030419112304,317.01851044989354,32.29921455239268,23.110755346703012,26.868531128764314,32.520232897818005,49.06100144023848,157.09686302840765,257.3947586740891,142.79092851304614,77.19438802264551,28.396361413129807,6.356730017182569,5.446399380327656,0.9103306368549129,0.6585773751880157,1.2708532672216006,0.18984329886187037,0.09890899254256574,9.79633712552207,3.8735589497533995,3.22983737575482,2.692940800013852,0.2870694666744759,73.97568701042924,0.3263060101479311,15.474184882609835,31.22977791820504,0.5353535353535354,$E_{lv}^{max}$,[mmHg/ml],20.631888865069424,24.39690791422424,6.524697204169008,6.4417714623555895,6.469121970999965,2.144403394730008,3.999356196530628,23.74358126487137,19.41223271385242,20.57578023606731,27.33712248395079,7.403028991343712,15.71782292123045,0.7493074095954175,0.2748517115700707,0.5668598473400701,3433.9221293378614,1.5079835522445413,0.5911083973922494,5.253026627016825,1.0427769759420482
85.515843618703,61.78567289367802,72.87610132068774,148.2428691026373,50.47005334662865,311.4032580250388,32.33615028303634,22.899336723222323,26.788355304496516,32.59461835195875,50.47618382591722,158.4653736207318,254.4273623834038,140.53935174900272,78.99636110141526,28.65951852188274,6.501662918485884,5.578259719149229,0.9234031993366556,0.7131343688661744,1.2698980372920488,0.19529119042944162,0.09877515076432083,10.092857478149263,3.9941809879209944,3.3305085584479928,2.7681679317802725,0.303146288621252,75.9903342491428,0.3258772243264489,16.207297787029106,31.853131490243424,0.5707070707070707,$E_{lv}^{max}$,[mmHg/ml],20.069888559581244,23.942282331019022,6.694988917102276,6.610604492224487,6.638643730899188,2.1514039374357092,4.0508329172720074,23.415095496713093,19.1486062983318,20.31401875947086,26.922181737344946,7.544016181670866,15.485599573263174,0.7670992430699717,0.27699564067748156,0.5668633777702838,3532.903734264006,1.505651950221663,0.5741486373837199,4.966750399846755,1.012851879128428
87.95639779167706,63.55273235888052,74.9626903635629,154.02709546146562,51.932117164244445,306.9686216483299,32.33606906354368,22.638097406946027,26.66877724258937,32.633522862842305,51.93907245835683,159.81699588535346,250.08377403815467,138.25322792711614,80.85230194999735,28.924337110281076,6.6686447987133795,5.7336395854952755,0.9350052132181039,0.7711029546224439,1.27509199883092,0.20066816721648403,0.09811443978274524,10.398591288728944,4.11848103497504,3.4342482194073143,2.845862034346588,0.3192231105680281,78.138617650582,0.3263060101479311,16.91772823078283,32.49909195866497,0.6060606060606061,$E_{lv}^{max}$,[mmHg/ml],19.599186889020384,23.597127451078045,6.869385504623495,6.783554339873718,6.812287786407703,2.1566037304203793,4.101605747384418,23.02020157053571,18.847115097862865,20.006739890075718,26.394372717402288,7.684481946877144,15.22924738389615,0.7850899698196449,0.27956835560637455,0.5652963296312721,3635.248201497111,1.504629926861154,0.5553389802408348,4.713411645490841,0.9823856111060686
90.28841985095002,65.24322956984787,76.95799721948171,159.59106849785235,53.33069315225172,302.7579643735038,32.33290140781301,22.381699957038645,26.55037954368426,32.66788278486229,53.33633569599281,161.10304737619737,245.59117171460434,136.09486439946534,82.64353670602357,29.17630241981054,6.830920798156168,5.884333805058628,0.9465869930975401,0.8288015976867013,1.2786511685972934,0.2057665352215994,0.09772411237902669,10.691023568018078,4.237384219537531,3.533486345375576,2.9201530031049723,0.33529993251480417,80.1937595358916,0.3263060101479311,17.614959613897778,33.106968840536744,0.6414141414141414,$E_{lv}^{max}$,[mmHg/ml],19.16071294298521,23.268343116692147,7.0353244900148155,6.948160392440673,6.977559902657757,2.161645330884645,4.150150306993282,22.64673734526643,18.561377103654912,19.709039394435415,25.957045253626198,7.812621896003884,14.98660288144643,0.8022259971184559,0.2817122847137854,0.565297199217418,3733.1485206576203,1.5037074299212567,0.5397142807261177,4.484663681985277,0.9547443034801578
92.46718500956953,66.8236813508859,78.82336786795332,164.81818233754873,54.63843494735629,298.53202570379347,32.337154284815206,22.147297589064177,26.44500618717625,32.70791851307535,54.64417746690193,162.31841873731827,241.95659286511815,134.0808143911885,84.33824022997004,29.412850437563844,6.9802500094857844,6.022624944497279,0.9576250649885054,0.8849586827906907,1.2787099938342197,0.21057517547448334,0.09740249322003108,10.964711849810827,4.348705158606572,3.6263994799548893,2.989607211249366,0.3513767544615803,82.09568752367528,0.3263060101479311,18.302369676601835,33.66480396493587,0.6767676767676768,$E_{lv}^{max}$,[mmHg/ml],18.741488624899354,22.93408651318138,7.190352608966554,7.101967817046038,7.131992313418968,2.1669898294965217,4.19625766793472,22.312832333630794,18.302302264448695,19.435861924565092,25.589586784937406,7.92691295080662,14.764962820915402,0.8183548949285016,0.2834274279997141,0.5653003898104826,3824.6904463149403,1.5025263370514519,0.5259307783636374,4.2761119452930085,0.9303562987811775
94.53413494845583,68.32428131865484,80.59419573092967,169.79962130930664,55.880163568595606,294.4311459483718,32.344496776372395,21.927296145033505,26.347352333097803,32.75009208135888,55.886122569174255,163.47698021105177,238.72319308959698,132.17189252581815,85.957812868449,29.637585806449465,7.121234097948029,6.1537276832886905,0.967506414659338,0.9401650637396575,1.276797409141924,0.21515794688990184,0.09683653061389409,11.22476368188472,4.454510605596034,3.7147131285292354,3.0555399477594514,0.36745357640835635,83.88996954548115,0.32673479596941324,18.979025941227746,34.185927888455154,0.7121212121212122,$E_{lv}^{max}$,[mmHg/ml],18.343544549817743,22.608504466012057,7.337244664946595,7.247731542787177,7.278353036794295,2.17239247598834,4.240399712188334,22.001199795032328,18.059262808471907,19.17886186980559,25.24492909269823,8.030389788176686,14.556520976844807,0.8337342833796305,0.285571357107125,0.5636862071089398,3911.6114498016923,1.5012477449623451,0.5120143547063898,4.0855439743876305,0.9083322391946274
96.51458563134365,69.76341752032178,82.29205636405665,174.5910631920576,57.07096073650081,290.51712196312957,32.3524884536081,21.71718978490125,26.25435482120101,32.79230624827287,57.07652638466411,164.5877105247297,235.6392462132294,130.3481581897471,87.51704757940757,29.852735592985145,7.258262089899952,6.280620707692813,0.9776413822071388,0.9947788759990392,1.2737661271281204,0.21955164324730367,0.09656273976372834,11.474265730516082,4.5560473355148705,3.7994666571343383,3.118751737866874,0.3835303983551324,85.60370162655443,0.32673479596941324,19.644611770504824,34.67848614133814,0.7474747474747474,$E_{lv}^{max}$,[mmHg/ml],17.966340850430182,22.297828066311016,7.477677530999717,7.387116548423466,7.418315564543996,2.177739611510356,4.282863779895726,21.703242292229824,17.826856601493585,18.933160687609867,24.91013776343906,8.125511930410026,14.357300047324546,0.8485197153914675,0.28728650039305365,0.5636862071089398,3994.9672515550565,1.4999519987369858,0.5006264142088018,3.910907727705317,0.8881296151921794
98.41760829335804,71.1474593395038,83.92460591474277,179.21104856895917,58.21614531456264,286.7867044064564,32.36026283786503,21.514636586808134,26.16476438142711,32.83379681803146,58.22192456989348,165.65609216666178,232.62990188499816,128.59662849184636,89.02264397517577,30.059575407505175,7.391348270866691,6.403967023450873,0.9873812474158175,1.0488432865922608,1.269842495298338,0.22377765231134383,0.09629602549996405,11.714288008976068,4.653746013150057,3.8810195886204335,3.1795224072055763,0.3996072203019086,87.24476811251638,0.32716358179089544,20.299457548092672,35.14626224027915,0.7828282828282829,$E_{lv}^{max}$,[mmHg/ml],17.607534195527442,22.00208593405109,7.612589823811633,7.521039031326225,7.552794308117564,2.182971920819448,4.323811017670254,21.41578731864846,17.602877537200246,18.696589320368634,24.583248040828888,8.213796646522079,14.165551363597238,0.8627932859274086,0.28900164367898235,0.5636870695852148,4075.1301720193846,1.4986352607356896,0.49009972782290784,3.7502707273493474,0.8694535572432845
100.24907438553676,72.48057737742823,85.49677748082182,183.67028291536465,59.31907562686241,283.2272422281288,32.36775031785145,21.319704670400355,26.07846251379475,32.874436499103034,59.32423275997638,166.6834139393913,229.6926632867316,126.91506179343364,90.47694996204545,30.258356948130302,7.520762859586056,6.524026715276262,0.996736144309794,1.1023491602053734,1.265141374459774,0.2278405219110817,0.09603595951566381,11.945530563856764,4.7478878554812045,3.9596068551155277,3.2380358532600284,0.4156840422486846,88.81759450651303,0.32716358179089544,20.943986588367494,35.59096334656765,0.8181818181818181,$E_{lv}^{max}$,[mmHg/ml],17.265312792716944,21.720140484809736,7.742253022326764,7.649772846582428,7.682068045222767,2.188086356920004,4.363267586132557,21.138522822811204,17.387059818080886,18.46885216539767,24.26549928496261,8.296308665506718,13.981010538348484,0.8765636303672049,0.29028800114342884,0.5636897516799999,4152.335293880368,1.4972855454661256,0.48034434287769573,3.6019798531750435,0.8521431185259185
102.01124725756145,73.76415393141757,87.01036157527761,187.97140816748782,60.38100141230761,279.8165872303782,32.37501520904642,21.131558191856392,25.99526754202337,32.914350948924444,60.38687553779233,167.67303162956864,226.83126515226687,125.29717870716757,91.8827567553996,30.449893917566516,7.6463234787790375,6.64058282949702,1.0057406492820176,1.1552128978878256,1.2596581710134023,0.23175382518266696,0.09578302411896622,12.168229941303963,4.838567351156948,4.035306390176032,3.2943561999709825,0.43176086419546067,90.32246724428641,0.3275923676123776,21.578778445537544,36.014661958997635,0.8535353535353536,$E_{lv}^{max}$,[mmHg/ml],16.937627225265384,21.450183994285016,7.867122757873121,7.773756757522007,7.806571733630367,2.1930909206450497,4.401324902608016,20.87090443797813,17.178836077071665,18.249344379107423,23.95736413507602,8.374050038860654,13.803132822711364,0.8898769832131292,0.29157435860787534,0.5636923447990828,4226.670098861533,1.4958756087452991,0.4712708550468972,3.4645928633033947,0.8360426736234506
103.70817278601919,75.00107760918628,88.46875949581684,192.1214536938149,61.40425665915084,276.543438353285,32.38213105133992,20.95031913093964,25.915154203175167,32.95349444740111,61.410309285868,168.62595470827483,224.05336126974672,123.74047237824644,93.24193899010365,30.634439144245896,7.767459858555949,6.753748849905218,1.013711008650731,1.2074095296842695,1.2534639865373638,0.23552193131606622,0.0952549014687838,12.38287775262497,4.925982506462952,4.108285016319804,3.348610229842214,0.4478376861422368,91.7622491769164,0.3275923676123776,22.20419946493423,36.41806469953494,0.8888888888888888,$E_{lv}^{max}$,[mmHg/ml],16.623315576977607,21.191176955358106,7.987430249176817,7.89322116761181,7.926538198825554,2.197975705366334,4.438019319602703,20.61282805825883,16.97807142478354,18.037898188361197,23.659333401356104,8.447697117680342,13.631761748293517,0.902754917175869,0.293289501893804,0.5620268573188063,4298.297966140559,1.4943955707546446,0.4614543211497601,3.3369133884815865,0.8210538609332027
105.34353765950156,76.19402498147832,89.8751032740376,196.1278583974569,62.39091614064448,273.3966144099314,32.38906981525535,20.77571647617329,25.837996263993436,32.99188241352297,62.39648700750832,169.5435539094548,221.39794971154205,122.24197464867217,94.55646975504445,30.812290646956328,7.885681754759368,6.863629632919452,1.0220521218399157,1.25891718641303,1.2466233147737393,0.23915037240291392,0.09501715680030383,12.589886405622197,5.010297196015959,4.178676938680184,3.400912270926053,0.46391450808901286,93.13960692179823,0.32802115343385974,22.820661578162568,36.80263010225168,0.9242424242424242,$E_{lv}^{max}$,[mmHg/ml],16.321348874234364,20.942221959376923,8.103348860055494,8.008341517274387,8.042146043724019,2.2027428153734974,4.473390710305377,20.363991101786386,16.784506425303206,17.834207496459683,23.371455247268305,8.517901950296544,13.466641903697576,0.91521571156448,0.2945758593582505,0.5620268573188063,4367.364129845114,1.49283922537439,0.45359390692448837,3.217918817679989,0.8070680271195474
106.91931775409562,77.3442221990792,91.23101135648986,199.993148645827,63.34220591679239,270.3636267083078,32.39581689914376,20.60713908341517,25.763546075149623,33.029517609743756,63.348366474892906,170.42875350430165,219.13542357702596,120.7964050742492,95.82887917267561,30.983974617179456,8.000225050724568,6.970130764113321,1.0300942866112461,1.3096816039081824,1.2391520400403218,0.24265063372313758,0.09478606815135268,12.7894974126,5.091609158380276,4.2465651289764645,3.4513231252432606,0.47999133003578887,94.45540088031115,0.32844993925534194,23.428523536241645,37.16999929433503,0.9595959595959596,$E_{lv}^{max}$,[mmHg/ml],16.030514902719734,20.702273698472833,8.215285191471189,8.11950936212478,8.153782458488008,2.2074076713687742,4.507534148427492,20.123706469552243,16.59754168853908,17.63763845274692,23.09307634763479,8.585099436529472,13.307242251886114,0.9272988610875876,0.29586221682269703,0.5620280872333712,4433.954414175467,1.4911921603170828,0.4462350143890214,3.1067064486475147,0.7939728005154502
108.43984415048894,78.45487841975593,92.54015889845641,203.72657262621692,64.26058084725216,267.4394510204648,32.402267779629874,20.444437464973813,25.691674321392327,33.066225847725136,64.2659952787114,171.2815661907424,216.95963247554602,119.4023713856196,97.06035079809097,31.149575560763946,8.154822815681246,7.116986679647204,1.0378361360340422,1.359720373568951,1.2488107970193434,0.24602269539879315,0.09456109973699635,12.982274328022228,5.1701480878085855,4.312143265945606,3.4999829742680384,0.5031858291691351,97.08683074511313,0.3280211534338598,24.028085834776434,37.52067236887802,0.9949494949494949,$E_{lv}^{max}$,[mmHg/ml],15.750323938301035,20.47092790764641,8.323314853216202,8.226808359397419,8.261536072387887,2.2119398480055725,4.540444435458272,19.891788997612363,16.417051356300966,17.448025726755656,22.824072676458968,8.649485598895883,13.153445169629165,0.9389944860921848,0.2967197884656614,0.5620303347989235,4498.240659307651,1.5108302705182388,0.4393419757280342,3.002529449235355,0.7817050940590541
109.90720691436452,79.52730133145243,93.80427131951366,207.3320986417983,65.1473676915934,264.61508075953543,32.408749046460606,20.287384955079762,25.62236927013406,33.10240381264776,65.15331756426187,172.1062587831146,214.86301191838407,118.05496808377814,98.25436741466049,31.310079840207273,8.262564105891558,7.217240812779329,1.0453232931122298,1.4090035746917973,1.2402813085518323,0.24928377625924222,0.09434357866442843,13.16837952395111,5.245973609349914,4.375455598710018,3.54695031589118,0.519537237927883,98.31419804023402,0.32844993925534194,24.61967303775668,37.85644869915334,1.0303030303030303,$E_{lv}^{max}$,[mmHg/ml],15.479906801282514,20.247499436376355,8.427839579148973,8.330627056270496,8.365792116746436,2.2163799841829426,4.572278038537175,19.667665634396798,16.242552131188944,17.264864689529198,22.563868438285837,8.71156929230048,13.004821588606791,0.9503619110194044,0.2980061459301079,0.5620325065041099,4560.315738411538,1.5091046887059483,0.43286069935954036,2.9047093808421627,0.7701702203169187
111.32492408965123,80.56414823872223,95.02634496155375,210.81736125084575,66.00450504744876,261.88664203821895,32.41481431837776,20.135525222867148,25.55528002563029,33.137567246733774,66.00976565559846,172.9014041201083,212.84095057535427,116.75336598642744,99.41102670749012,31.465101385536975,8.36639922477163,7.314571643374249,1.0518275813973814,1.457545423909207,1.2313048376250406,0.2524277742174701,0.09384360033431098,13.348315677829667,5.3192923251899815,4.436680220659527,3.5923431319801575,0.535888532887063,99.48734151582107,0.32887872507682414,25.203463809282894,38.17769207342231,1.0656565656565657,$E_{lv}^{max}$,[mmHg/ml],15.218821077897868,20.031600492067263,8.52886030249023,8.430974973153802,8.46656466739484,2.22070000252212,4.6029875204227935,19.45100750957538,16.073832804021137,17.087892048919365,22.312146270996664,8.771345392964943,12.861191164372485,0.9613857342915222,0.29929250339455443,0.5603175597548771,4620.315353321414,1.5072810779249455,0.4254603148972262,2.812676490397306,0.7593199739864532
112.69574921795174,81.56727978978203,96.20868777557197,214.18859607806888,66.83372006937132,259.2488555623168,32.420955666022,19.988763644907056,25.49057484012356,33.17221864582524,66.83827327434956,173.67097112733035,210.88962354342559,115.49542266586684,100.53370639433857,31.615487943798342,8.467946704415136,7.409136820789465,1.058809883625671,1.5053538510055857,1.2219375395592373,0.2554709372389811,0.09363877155194204,13.52235479993392,5.390210856242941,4.495900881155399,3.636243062535578,0.5522397031980575,100.60883452245737,0.32887872507682414,25.779755102257802,38.48557582219411,1.101010101010101,$E_{lv}^{max}$,[mmHg/ml],14.966530412075526,19.82289502624402,8.62670474107059,8.528172419729918,8.564172961124688,2.224932191043031,4.632713631349504,19.241519681204938,15.910643572937033,16.916848475616497,22.068600229581175,8.829200550588235,12.722326574976288,0.972114847040427,0.3001500750375187,0.5603175597548771,4678.360404855993,1.5053603842196503,0.4197276209034223,2.725918429084339,0.7490888222154615
114.02090848681901,82.5375046571388,97.35231449226838,217.44804673262095,67.63575824914638,256.69398841311477,32.426927949440255,19.84663868703004,25.427913882197828,33.20620497269296,67.6410429162049,174.41626775773437,209.00208893082362,114.27712027316888,101.62357247285948,31.76150894568499,8.566443038199813,7.500874191834187,1.065568846365625,1.5523940553551954,1.2121889494554496,0.25841774435191045,0.09343951026826229,13.690648354019713,5.458790534978306,4.5531693230237975,3.6786884960176076,0.5685907353639083,101.67937096337664,0.3293075108983063,26.348789337557697,38.781384205605676,1.1363636363636362,$E_{lv}^{max}$,[mmHg/ml],14.722349552197104,19.620740972721375,8.7215600367772,8.622400631025993,8.658796273201887,2.229054463981442,4.66149675525197,19.03857599316981,15.752473061135728,16.7511909305367,21.83253771591594,8.885307908810535,12.587792914276946,0.9825668456455438,0.3010076466804831,0.5603175597548771,4734.503077440247,1.5033374888594515,0.4143047373008331,2.643971129598671,0.7394105897414309
115.30363861811234,83.4772206109691,98.45991315176023,220.60303008024542,68.41237224426958,254.21974409660416,32.432426142289366,19.70897556166511,25.367065040704066,33.239112069424685,68.41712492957426,175.1359928507102,207.1760778234353,113.09770945381068,102.68082726565969,31.902830592504674,8.662109210585173,7.59002200675581,1.0720872038293632,1.598694135347973,1.2021278186178035,0.2612628761988191,0.09324411722775126,13.85365520229671,5.525221021786708,4.608648600823495,3.7197855796865102,0.5849416186020439,102.70211466701261,0.32973629671978844,26.910723432351773,39.06514235934045,1.1717171717171717,$E_{lv}^{max}$,[mmHg/ml],14.485953869422078,19.424931427445394,8.813411521165396,8.713653345162289,8.75043273989828,2.2330681536506796,4.6892968223352405,18.841971047567544,15.599207158660656,16.590765758548464,21.60374576603519,8.939619894599252,12.457497443344051,0.992723497511117,0.3018652183234474,0.5603188408338955,4788.86605709887,1.5012213624212576,0.4091770951190291,2.5664464874444004,0.7302576056697836
116.545118325053,84.38699845351373,99.53242702246114,223.65603884541468,69.16437755732814,251.81943952273457,32.437701791788804,19.575441998165722,25.308011462691045,33.27129244432133,69.16956931398612,175.83344992334887,205.40644688762652,111.95370627631542,103.70794345834955,32.040124333860796,8.75496041814125,7.676560099631544,1.0784003185097062,1.6442332240397448,1.1917668164608828,0.2640199520327992,0.09305334817439839,14.011452713041658,5.5895293573542055,4.662357750032942,3.7595656056545104,0.6012923391037182,103.67792118938708,0.32973629671978844,27.465861129868763,39.33811760170731,1.2070707070707072,$E_{lv}^{max}$,[mmHg/ml],14.25683651723064,19.23499533902448,8.902567451761067,8.802227448389708,8.839375652664218,2.2369706457164567,4.716232303014792,18.651246283566003,15.450452917345263,16.435169895866412,21.381712707165022,8.99236742208006,12.331089038100767,1.0026163855653334,0.3027227899664118,0.5603206884867591,4841.506429012969,1.4990075072019808,0.40431239955201076,2.4929762275641,0.721573213089677
117.74871638441014,85.26951957868788,100.57283147908623,226.61605575124494,69.89371202104992,249.49369576240636,32.44276942684507,19.446074254450192,25.250758281797868,33.30269234269651,69.89852640453078,176.50865380148062,203.69307353482878,110.84550000790301,104.70592781618996,32.17333313009873,8.84531593175362,7.760807032187128,1.0845088995664904,1.6890630934564057,1.1811836675952723,0.2666888341520567,0.09286762908635406,14.164492892002258,5.651899877456005,4.714451307113375,3.7981417074328814,0.6176435878441474,104.61055018027047,0.33016508254127064,28.014219680969383,39.60062291514936,1.2424242424242424,$E_{lv}^{max}$,[mmHg/ml],14.034847633747319,19.05090490225307,8.989037435681647,8.888141733551786,8.925649034051473,2.2407895187167486,4.7423119093716,18.466379109694245,15.306237341353391,16.2844063840596,21.16642271183626,9.043544384372689,12.208592265387754,1.012249320564362,0.3035803616093761,0.5603224836686667,4892.559841473494,1.4967090336934008,0.39969708847254704,2.4232568153384144,0.7133340176813222
118.91478195223971,86.12487657149715,101.58137131925771,229.4833171578677,70.60071951901051,247.23521647541395,32.44768769044826,19.32052021284304,25.195162980966625,33.3334744415724,70.60615131994405,177.1639768884057,202.0305063909148,109.76969484599381,105.67651128229286,32.303014248148415,8.933087565618136,7.842652125777785,1.0904354398403506,1.7331473444046288,1.1703697798952837,0.26927906991866335,0.09268655603269868,14.31277751682412,5.712330653240215,4.76492578918885,3.8355210743950554,0.6339952784720108,105.4999763992829,0.3305938683627528,28.556093474665378,39.853559713450295,1.2777777777777777,$E_{lv}^{max}$,[mmHg/ml],13.81944160496132,18.872145707808922,9.073073046089583,8.971636599964802,9.009489112165534,2.24450682227237,4.767620359086454,18.286856165076088,15.166126382051292,16.138028619186613,20.95729243080232,9.093360295256376,12.08963423173527,1.0216570529306597,0.3044379332523405,0.5603242247189992,4942.050366330735,1.4943187140022722,0.39530593430918926,2.3569871334116606,0.7054949917745104
120.04650648042272,86.95557229614413,102.56079725544713,232.26646155747085,71.28714025535488,245.0440373833659,32.45234115132034,19.19861565272267,25.141171490193802,33.36345689235768,71.29200408563972,177.7987928859466,200.41866525244535,108.72571545724024,106.62019199129134,32.42891942432141,9.017856202598775,7.922401655042716,1.0954545475560598,1.7765392586337607,1.1593963734974249,0.27178800210538145,0.09221791153529325,14.456757067016847,5.771007558452147,4.813939116653742,3.8718103919109588,0.6503469690998741,106.34971492655816,0.3305938683627528,29.09156289480644,40.09701243099649,1.3131313131313131,$E_{lv}^{max}$,[mmHg/ml],13.610457353387408,18.698704039088852,9.154654845825128,9.052701947439736,9.090890899028887,2.2481298659688447,4.792141285225712,18.11266652847614,15.030144822623875,15.99603692307436,20.754300431838782,9.14173488589439,11.97423183872906,1.0308273727392978,0.30529550489530477,0.5585576099691785,4990.099817874842,1.4918499261663043,0.3898958436146621,2.2939292363138546,0.6980405183919646
121.14517462437676,87.76241836158874,103.51217496606343,234.96859181973227,71.9538201931489,242.91658359756514,32.45700452003727,19.080330404157618,25.08883202047473,33.39293964483965,71.95829245907423,178.4155706427266,198.85479164262824,107.71226801165362,107.53903683825428,32.551566973048175,9.101138679194102,8.000108139262613,1.1010305399314895,1.8192415803688229,1.1482820534777678,0.2742258782621006,0.09204669894582194,14.59653196317905,5.827967341970046,4.861518607373309,3.9070460138356937,0.6666986597277375,107.16103034923603,0.331022654184235,29.620793742247464,40.3318455894016,1.3484848484848484,$E_{lv}^{max}$,[mmHg/ml],13.407601175814676,18.530294581067068,9.233994468349277,9.131543311737,9.170058298970453,2.251680048777613,4.81596468448937,17.943531128616414,14.89807238507937,15.85820402785702,20.557177878536365,9.188885528885718,11.862187061906788,1.039791230496103,0.3061530765382691,0.5585576099691785,5036.767413520423,1.489302862052061,0.38592689690123827,2.233847091668452,0.6909348114020574
122.21092389561677,88.54540891821935,104.43558176302817,237.59016098412627,72.60092399988226,240.8472767209689,32.46147178684991,18.965399155238636,25.037881544667485,33.42178171038586,72.60602595504017,179.0149167257385,197.33414540708634,106.72670366672267,108.43345414322482,32.6710662164785,9.182102301332572,8.0756562888663,1.1064460124662714,1.861218543548934,1.137015720217855,0.27659465561775015,0.09187933318967723,14.732129295088914,5.883222337908254,4.907675273829702,3.941231683350958,0.6830503503556007,107.93378195834867,0.33145144000571714,30.143967159733887,40.5586457726743,1.3838383838383836,$E_{lv}^{max}$,[mmHg/ml],13.210394346263403,18.36648116523238,9.311197164359742,9.208260686676164,9.247089065163918,2.2551427719581048,4.839107535694267,17.779011936903288,14.769539174332637,15.724141556571972,20.365375127701842,9.234833523618079,11.753189895928635,1.0485554173065919,0.30701064818123347,0.5585576099691785,5082.064679991758,1.4866722902662193,0.3821360748100396,2.176519329054216,0.6841480054870724
123.24653453743913,89.3064668512334,105.333241826575,240.13784162379883,73.2297699282809,238.83543063307343,32.46549456213314,18.85344768946979,24.988165092050913,33.449666982928164,73.23428763311385,179.59548021260036,195.85653422247168,105.7689422381085,109.30335547883682,32.787077304545036,9.302416170851082,8.190732703553252,1.1116834672978302,1.9025140756390424,1.1424992184882963,0.2788884340158513,0.09171460147107158,14.863943686664655,5.936936484776847,4.9525507162159075,3.9744564856718996,0.7098715130562325,110.29749040105872,0.33102265418423493,30.66118361675782,40.777355614083966,1.4191919191919191,$E_{lv}^{max}$,[mmHg/ml],13.018734311976427,18.207188174800812,9.386211864701895,9.282811891368011,9.321945500485842,2.258503780982784,4.8615246883162815,17.619038657068806,14.64453538761023,15.593816831152928,20.178830336673435,9.279449380561715,11.647235799225122,1.0571017806046792,0.3074394340027156,0.5585581597310716,5126.0838949796635,1.506183762547402,0.37851821335709,2.1217695524402447,0.677670188435408
124.25257411016788,90.04600183877596,106.20577186974157,242.61429085674513,73.84108270589188,236.87778805468744,32.46958590940027,18.7447760436155,24.939914678320246,33.47718128740318,73.84609952275288,180.16110777468742,194.41963857249777,104.83744409681162,110.15167126208524,32.90046683737378,9.37894256678418,8.262154243462195,1.116788323321986,1.9431285304763792,1.1309179099554074,0.28112353347643654,0.09155464673575286,14.991948133339244,5.989091268289994,4.996122168459774,4.006734696589474,0.7264977432089107,111.01469669681556,0.3314514400057171,31.17264953894468,40.98892398858142,1.4545454545454546,$E_{lv}^{max}$,[mmHg/ml],12.832338070160626,18.052219878932053,9.459325226574089,9.355473079711508,9.394900545425065,2.2618002015033976,4.883368963180464,17.46342754416611,14.522879444638091,15.467057468941173,19.99731914040484,9.323110428596314,11.544157989375417,1.065472242192542,0.30829700564567997,0.5585596688781165,5168.875789412432,1.5034272606617338,0.37505522695804294,2.069417661259562,0.6714685070466194
125.2309063424424,90.76562198221481,107.05479549073219,245.0244713524755,74.4357315141157,234.97338076996672,32.47335720157008,18.638901382710056,24.8928548625554,33.50389781119863,74.44036872173143,180.70996281237734,193.02227662233486,103.9315013008319,110.97764388463763,33.010700573275194,9.453546822751932,8.331810654944729,1.1217361678072029,1.983087547939703,1.119274506915878,0.2832918334229615,0.09139766568565755,15.116459301811815,6.03982029471187,5.038505472868644,4.038133534231305,0.7431237280807651,111.69832778533711,0.3314514400057171,31.678367681565806,41.19328429004181,1.4898989898989898,$E_{lv}^{max}$,[mmHg/ml],12.651038617158433,17.901420063259295,9.5304230239384,9.426139673356971,9.465854130701224,2.265007034690555,4.904561558482142,17.31202083340647,14.404487308066047,15.343747817023909,19.82066846237522,9.365618234996797,11.443879186022297,1.0736430130001053,0.3087257914671621,0.5585611387869114,5210.501205988099,1.5006009279851718,0.3717424833127223,2.0193150498110346,0.665535887656052
126.18277883531448,91.4661513811894,107.88135638621769,247.37209218478407,75.01457964192298,233.120589720354,32.47704729937785,18.535997258757707,24.847087888761465,33.53008211150944,75.01846056379843,181.24382802795662,191.66330215619308,103.05032171954124,111.78287593259724,33.11816940507769,9.526349163205508,8.399800873210884,1.1265482899946229,2.0224098051132047,1.107590549850569,0.2854009249852398,0.09124472135403781,15.237626676319366,6.089183137734812,5.0797511099861445,4.0686924285984105,0.7597494566270614,112.34988207013652,0.3318802258271993,32.17844452603209,41.39090493731292,1.5252525252525253,$E_{lv}^{max}$,[mmHg/ml],12.474610112300482,17.754679799891417,9.599714157529394,9.495013963986302,9.535006463239178,2.268143942357781,4.925181427610936,17.16470683644871,14.2892607634123,15.223792174927617,19.648742460560143,9.407090785303769,11.346318181023214,1.0816394721522624,0.30915457728864426,0.5585625699737662,5251.020574934609,1.4977072804570934,0.3685695417201363,1.971317343359778,0.6598536341907886
127.10771126622441,92.1470568347034,108.68501263660556,249.65620572372947,75.57742695995131,231.31351180319058,32.480646467641535,18.43576403848685,24.802467203920607,33.5557841801474,75.58217495224923,181.7642943379317,190.33858782984555,102.19131285039809,112.5682275655285,33.22326111142738,9.597189540877999,8.465950908866555,1.1312386320114436,2.0610505085024724,1.0958401048579158,0.28745697666665687,0.0910953127688893,15.355323617839995,6.1371261693070185,5.119808319622862,4.098389128910115,0.7763769915134922,112.96859420154806,0.33230901164868143,32.6731570373006,41.58252049862374,1.5606060606060606,$E_{lv}^{max}$,[mmHg/ml],12.302696208541644,17.611594872241618,9.667269084902724,9.562162652315113,9.602422554200292,2.271212434710808,4.945269310740599,17.021094119313698,14.176868979174577,15.106849330056363,19.481098239459598,9.447624641601315,11.25119043314964,1.0894844899176097,0.3100121489316086,0.5585639641393741,5290.419887196592,1.4947398812797692,0.3655214673490313,1.9252758616221732,0.654395003645143
128.00893836281818,92.81065686396707,109.46844091436272,251.88521617164412,76.1259263014979,229.55457724579287,32.4840296457122,18.338098013569784,24.758980430840193,33.58080906557252,76.13012900141356,182.26988887542305,189.04973913866436,101.35565640359428,113.33381656484113,33.32554910075934,9.665689843797912,8.530626974511224,1.1350628692866884,2.099091407550321,1.0840902894054614,0.2894539661556333,0.09065289127797987,15.470027521365353,6.183847004278596,5.158849429162903,4.127331087923854,0.7930049043958582,113.5581908064048,0.33230901164868143,33.16245191660324,41.767803486974536,1.595959595959596,$E_{lv}^{max}$,[mmHg/ml],12.135385365172343,17.472295454147645,9.7330719625077,9.627577790191754,9.668099169208134,2.27420920785101,4.964791743442116,16.88130731585042,14.067459898810093,14.99305057419157,19.31788043543925,9.487103552328096,11.158623849506187,1.0971547941815283,0.31086972057457296,0.5567463213008849,5328.814841104853,1.4917150611298422,0.3614188031411712,1.881091848058983,0.649162444929471
128.88565902760823,93.4563538124535,110.23092747672976,254.05754247084866,76.6598112209885,227.83848177879443,32.48736663843761,18.242884976385437,24.716596864693077,33.60540670459906,76.66467863970138,182.76312654419357,187.79303900113055,100.5407543012721,114.08102677338832,33.42563817992362,9.733148197200624,8.593643003964583,1.1395051932360398,2.136484292163952,1.0723136769273425,0.29140221548732964,0.09051046468992228,15.58157851259947,6.229278590215691,5.196813316894262,4.155486605489515,0.8096328172782243,114.11763832643757,0.33273779747016363,33.64655988860414,41.94756354267295,1.6313131313131313,$E_{lv}^{max}$,[mmHg/ml],11.972247119930646,17.336412207773172,9.797301008164235,9.691427903224614,9.73220031522312,2.2771306722755247,4.983824257168588,16.744988202746217,13.960711385621831,14.882076922974248,19.158677441492244,9.52570657502616,11.068340910966485,1.1046847031967735,0.3112985063960551,0.5567463213008849,5366.1867854691955,1.4886240457528492,0.35861673878879435,1.8386409418990912,0.6441295165648442
129.74006970790154,94.08606753088428,110.97448681649968,256.17953722326246,77.18025126229811,226.1667039321502,32.49040559230031,18.15015216444616,24.675182189069194,33.629261667640144,77.18454407868003,183.242330023302,186.56876019974058,99.74636868064849,114.80955518948618,33.52303184553042,9.838414009049838,8.694598423550325,1.1438155854995131,2.173285908210852,1.0765508493299305,0.2932944301436525,0.09037044201062112,15.690306222979338,6.273554948467376,5.23381574307752,4.182935531434441,0.8387232213442134,116.37894304790096,0.3323090116486815,34.12538181811772,42.12156878209574,1.6666666666666665,$E_{lv}^{max}$,[mmHg/ml],11.813271062117504,17.203966409984435,9.859873602811236,9.753639509673349,9.794657740110788,2.2799734741494224,5.002326280722326,16.612148566117817,13.856671644243963,14.77395272967179,19.003504785144838,9.563317901254642,10.98037957482451,1.1120483357254354,0.31172729221753726,0.5567463213008849,5402.617588360868,1.5078849983577478,0.3559256928650887,1.7978338502910118,0.6392959939698177
130.57236817110126,94.69969322849607,111.69926303025207,258.2520953911968,77.68746481665765,224.53579541826468,32.493351768241084,18.05975663363044,24.63477892803399,33.652637992097766,77.69143399532246,183.7093965192345,185.37511286230682,98.97195836926275,115.52068078606177,33.61821453719152,9.90240844763913,8.754393303285044,1.1480151443540871,2.2094859447191997,1.0646576745023626,0.29513848048303665,0.09023352941699882,15.796215914867298,6.316678428304387,5.269856107450078,4.209681379112829,0.8556258089650054,116.89467654220752,0.33273779747016363,34.5991447252059,42.290397479580264,1.702020202020202,$E_{lv}^{max}$,[mmHg/ml],11.658296936507995,17.074767783814725,9.920925614012425,9.814343392112724,9.855600026214342,2.2827602063685175,5.020354283943334,16.482602831788558,13.755180353893543,14.668521104994408,18.852150673510586,9.600052102755338,10.894604871415892,1.119271936162201,0.31215607803901946,0.5567463213008849,5438.122537166036,1.504678738301975,0.3533355327577351,1.7585710044465426,0.6346436774510459
131.38277160244274,95.2971965940721,112.40540962472608,260.2763185589137,78.18175893219224,222.9432573165219,32.496273491419274,17.971552875513296,24.595374726016768,33.67564181803316,78.18639386219746,184.16553251494733,184.21012842480116,98.21597796444337,116.21524890425499,33.711353636412184,9.964833728008415,8.812717005952713,1.1521167220557011,2.245077580151868,1.0527748612923251,0.29693934579732595,0.0900999721114957,15.899314476737937,6.358651353293706,5.304935411449745,4.23572771199448,0.8725280665753198,117.38301411046409,0.3331665832916458,35.06800782998981,42.45441195998587,1.7373737373737372,$E_{lv}^{max}$,[mmHg/ml],11.506999457854395,16.948623168841785,9.980580075724692,9.873657010448026,9.915142586785672,2.285492315288793,5.037949117100421,16.356166640961746,13.656070983755605,14.565615680861912,18.704397657285487,9.63600027563026,10.810868328088612,1.126362633672955,0.3130136496819838,0.5567463213008849,5472.723125253457,1.50141178343495,0.35083880608564944,1.7207604442204414,0.6301591814129726
132.17361203041747,95.88063811911339,113.0948408741882,262.25775884803824,78.66409103128993,221.38995970365178,32.49896914778359,17.885559382840867,24.556875031734883,33.69800782497779,78.6682077500787,184.6092913174524,183.0744496562546,97.47926481963425,116.89320306546881,33.802184025426676,10.02589543654394,8.869793126262865,1.1561023102810757,2.280113893197698,1.0409402231693201,0.29869081258975266,0.0899686631342618,15.9999115362088,6.399599835401791,5.339161874936796,4.261149825870213,0.889429980442689,117.84647009112145,0.3331665832916458,35.53191442673738,42.613352333822455,1.7727272727272727,$E_{lv}^{max}$,[mmHg/ml],11.359499350577169,16.825576191682178,10.038758061071135,9.931510982324221,9.97322099558969,2.288141136963095,5.055078478006934,16.232873372544145,13.559419220702068,14.465289139589732,18.560291422717043,9.671065016339815,10.72923978995826,1.1333038733037755,0.31344243550346595,0.5567475163080354,5506.486372190295,1.4980973980141217,0.34843624334751155,1.684334271336891,0.6258424746249427
132.94483440040906,96.44981585123185,113.76748622491559,264.1968643603084,79.13467164256737,219.8734981049969,32.50156016859234,17.801630350260464,24.5192901890609,33.719907283915354,79.13844739142812,185.04223452219833,181.96602533567028,96.76017433090621,117.55549822273113,33.890965336913496,10.085562216736335,8.925572500447363,1.1599897162889719,2.314584402828716,1.029144255889724,0.30039952277340665,0.08984019929528107,16.09797369133927,6.439510093082152,5.3725215504359385,4.285942047821176,0.9063345505363297,118.28514218925176,0.333595369113128,35.99100042733569,42.76777547340652,1.808080808080808,$E_{lv}^{max}$,[mmHg/ml],11.21550299305917,16.70542867504856,10.095574243296397,9.98801436031568,10.029942293597662,2.2907449595646816,5.071787304136324,16.112531932350524,13.465043834119188,14.367368317580622,18.41960907007655,9.705347161494364,10.649560796763057,1.14011753994049,0.31387122132494816,0.5567486865100437,5539.427014979716,1.4947322044061524,0.3461188318172577,1.6492058076365226,0.6216787577657155
133.696562612917,97.00447265244725,114.4235467695528,266.0943934199692,79.59370167926208,218.39202681253613,32.50422537479996,17.719679829065562,24.482631935720804,33.74150736811006,79.59784236371692,185.46555265660936,180.88353117126337,96.05793027557903,118.20296022029646,33.978018108422916,10.143837047479247,8.980044907525798,1.163792139953449,2.3484843688634833,1.0173875447648897,0.3020703505435282,0.0897150722017763,16.19353692483606,6.478396457069549,5.405026236288531,4.310114231477977,0.9232399218648145,118.69933805777157,0.333595369113128,36.445333119960424,42.91785791137874,1.8434343434343434,$E_{lv}^{max}$,[mmHg/ml],11.074900583826032,16.588049342579247,10.151155909029688,10.043289474649914,10.085426567487957,2.2932964652400134,5.088117982590409,15.995009945970619,13.372836907973365,14.271740009494295,18.28219487603218,9.73893399049234,10.571734325038912,1.1468209140227654,0.3143000071464303,0.5567498309485444,5571.559117548346,1.4913157141012623,0.34388185265423504,1.6153067894735473,0.6176595546842961
134.43073898104623,97.54660420964693,115.06472559999486,267.95549320292827,80.04213445314824,216.94606009360027,32.50673856804356,17.639723228409085,24.44683295456206,33.76264879064817,80.04597732372457,185.87814023589564,179.82768159357306,95.37292521806195,118.83558482979323,34.06297980587128,10.200924236484424,9.033427983978642,1.167496252505782,2.381867819229285,1.0057045319815456,0.30369863414751663,0.08959252540767927,16.28685003407453,6.516360019560857,5.43676098388354,4.333729030630133,0.9401452931932991,119.09142521172501,0.33402415493461013,36.89494725952362,43.063685284423016,1.8787878787878787,$E_{lv}^{max}$,[mmHg/ml],10.937638087580261,16.47346237080048,10.20540416467116,10.097247028609006,10.139589795277578,2.2957860790053086,5.104038879819132,15.880326533216946,13.2828485475989,14.178438653937224,18.148080839793476,9.771738485482366,10.495804881665588,1.153395285926034,0.31472879296791245,0.5567509455533777,5602.949411720377,1.48785918848071,0.34172335408227567,1.5825843082477655,0.6137813627646789
135.1467276535249,98.07563328786847,115.69044978445768,269.77850532896133,80.47970276536523,215.53207634288847,32.508978594612834,17.561538125451868,24.411719307365093,33.7831470165577,80.48315010418689,186.28016892805604,178.79543776430143,94.70340674193464,119.45334079183534,34.14596580528116,10.293637519687378,9.122537215448684,1.171100304238694,2.4146972763143557,1.0090983397216953,0.3052846053738515,0.08947161586139002,16.37786269415137,6.55338301346785,5.467712847181827,4.356766833501701,0.9715146408427427,121.26604727164225,0.3335953691131279,37.340011812130754,43.20543113490014,1.9141414141414141,$E_{lv}^{max}$,[mmHg/ml],10.803547654817445,16.361402939785652,10.258391945845386,10.149954494892924,10.192496419649851,2.2982218677343313,5.119550612165598,15.768220970854737,13.194852969470087,14.087232428165652,18.016960044121753,9.80378729431063,10.421582544239222,1.1598470393138205,0.31515757878939465,0.5567520404233499,5633.579193575566,1.50679044659481,0.33963808521266,1.5509703953485878,0.6100347381832707
135.84529029608615,98.5914617253519,116.30110874335729,271.5650456582852,80.90682872659254,214.14900162397723,32.511261123485106,17.485131298055368,24.37744133487089,33.803345376364334,80.91090182225031,186.67359676727668,177.78630025643602,94.04891304346417,120.05760136475925,34.22738711302831,10.347742375123175,9.173113604326419,1.1746287707967564,2.4469834711697005,0.9973716525402265,0.30683685589476223,0.08935370133969159,16.466608225902927,6.589477655748583,5.497889488430559,4.379241081723786,0.9886942412628846,121.62064814331931,0.33402415493461013,37.78062382408688,43.34351682478202,1.9494949494949494,$E_{lv}^{max}$,[mmHg/ml],10.672410573385571,16.25181738707686,10.31026511168906,10.201552631218442,10.244285450660934,2.300590659566673,5.134717536203212,15.65864145060811,13.108799296498587,13.998076767415801,17.888777558043344,9.835217657287929,10.349017677425826,1.166199372523926,0.31515757878939465,0.5567531139037131,5663.478010861478,1.503218579414483,0.3376201513106981,1.5204079448206183,0.6064090938682876
136.52794512459246,99.09593470029851,116.89825869456666,273.31939066197344,81.32426197564315,212.7975323609677,32.513276863420565,17.410492602228164,24.343843503812447,33.82296568133646,81.32776103126831,187.05667801547727,176.8006105742356,93.40976628854564,120.64798614075293,34.3067728424096,10.400002636378503,9.22268134458834,1.1773212917901628,2.4787738232480963,0.985730788373181,0.3083475789399487,0.08893749902353215,16.553321425211948,6.624738173043362,5.527372455207692,4.4012107969608945,1.0058734175145498,121.95472390317839,0.3344529407560923,38.216731685446945,43.477603630135654,1.9848484848484849,$E_{lv}^{max}$,[mmHg/ml],10.544358759921392,16.14471684870525,10.36091927938223,10.251946003404495,10.29486635384527,2.3029221532206265,5.1495010592444626,15.55158734836194,13.024720311528812,13.910987305458184,17.763526291462135,9.865888969014293,10.278143682845066,1.172427309707761,0.316015150432359,0.5548830266545335,5692.698338295021,1.499610582875061,0.33454316497259773,1.4908541738586798,0.6029075479017708
137.1951880086577,99.58931763168576,117.48231782689301,275.0432659817835,81.73250860334831,211.47735486054674,32.515439038363084,17.337666115289867,24.311140711340908,33.84240386400575,81.73568088214937,187.43179438687199,175.83825575611496,92.78561550741354,121.2262176913006,34.38473103882481,10.451981525807701,9.271296763825587,1.1806847619821135,2.510087216153994,0.9741797610108791,0.3098274684569439,0.08882487381220786,16.638018933753983,6.659169490306176,5.556160691316627,4.4226887521311795,1.0230549515872294,122.26913314889767,0.3344529407560923,38.64835015420194,43.6082262081114,2.02020202020202,$E_{lv}^{max}$,[mmHg/ml],10.419176997980525,16.040067716668638,10.410502657736254,10.301278376279576,10.344381591232558,2.30519313377764,5.163979933346271,15.447034566419868,12.942583391316385,13.825941270217045,17.641184022691178,9.895997336414643,10.20892326072638,1.1785643023054773,0.31644393625384115,0.5548830266545335,5721.275602234382,1.4959669688137862,0.3326627213976202,1.4622547562013677,0.5995186470260043
137.84566315033084,100.07011512203302,118.05209960798153,276.7329097394137,82.13089524030418,210.18385523163397,32.51744012374756,17.26635009776785,24.279049159282184,33.861383637337156,82.13481029894945,187.79858190576115,174.89540378806825,92.17425676919355,121.7914747810772,34.461070746162505,10.502686512392101,9.318715841631548,1.183970670760554,2.540857343797928,0.962685681255547,0.3112740433086816,0.08871403423625905,16.72058336414963,6.692728907469588,5.584221778182976,4.443632678497065,1.0402388974980756,122.56221518299479,0.3348817265775744,39.07573926160575,43.735586001477564,2.0555555555555554,$E_{lv}^{max}$,[mmHg/ml],10.296677322898063,15.93754812118038,10.459032178377337,10.349561282022913,10.392839090269133,2.3074328731852165,5.178118989622085,15.344652236176572,12.862103412442321,13.742645868787589,17.521372485092982,9.92545416252685,10.141120935480696,1.1846011256776139,0.31687272207532335,0.5548830266545335,5749.162666821293,1.4922790604484937,0.3308395544716995,1.434554181772706,0.5962329690752607
138.48234075487383,100.541057267066,118.61006563621983,278.3955246272867,82.52077597461943,208.919779186512,32.519300522511,17.1967406020091,24.24764686263454,33.87990006235394,82.52409699946715,188.15619672744185,173.97463831842438,91.57685812343769,122.34434512450487,34.53565857366376,10.552471144689507,9.365299637860153,1.1871715068293553,2.5711800432524003,0.9512994843330276,0.312684015899212,0.08860521451922516,16.80137290000878,6.725559674723349,5.611677090021576,4.464136135263855,1.0574228434089217,122.83744533013058,0.3348817265775744,39.49878575208977,43.859356446819234,2.090909090909091,$E_{lv}^{max}$,[mmHg/ml],10.176975552112161,15.837329301156206,10.50647603228747,10.39677194678096,10.440221834407472,2.309599067904973,5.1919184828868365,15.244623426153813,12.78347142293922,13.661280841456563,17.404299988844627,9.954239038298892,10.07489901909518,1.190520450124223,0.3173015078968055,0.5548830266545335,5776.45431822336,1.488563866242741,0.32907688752847597,1.40772811512555,0.5930563230822288
139.10482854442733,101.00157336025379,119.15583096491685,280.0302111739836,82.90212975362928,207.68298188881266,32.5211903930921,17.12861338436826,24.216980137630095,33.89813917911992,82.90528984104132,188.5063480967588,173.07410415492814,90.99249487619664,122.88580359405,34.608811039425376,10.636132542750056,9.445825358429008,1.1903071843210478,2.601037974127127,0.9541755862098691,0.3140648849328873,0.08849901113257927,16.880299602099313,6.7576251953117215,5.638491906090777,4.484182500696815,1.0908021550284737,124.9496214871351,0.3348817265775745,39.91763263395969,43.98010500871127,2.1262626262626263,$E_{lv}^{max}$,[mmHg/ml],10.059840058913995,15.739279462731162,10.552922190430845,10.44299365058609,10.486611000855765,2.311744982361188,5.205424372211122,15.146801745994924,12.706546334774472,13.58170899855033,17.2897975480969,9.98246656612144,10.010126730452678,1.1963503452158468,0.3177302937182877,0.5548830266545335,5803.14908275405,1.5071943490289532,0.3273674445203599,1.3817302634404955,0.5899755962875698
139.71243040870888,101.4509382933223,119.68892310337266,281.6355909339999,83.27473648444513,206.471000169152,32.52304185499635,17.061852751697824,24.18694953904585,33.91610876573441,83.27853958394853,188.8492493996163,172.19212897798477,90.42031455854269,123.41575671452568,34.68063474342747,10.68347315445066,9.490095532960838,1.1933776214898206,2.630400519903259,0.942809046340985,0.3154170521809055,0.08839498907511918,16.95731792254517,6.788908851299574,5.664654113398186,4.503754957847406,1.1082597430900334,125.19311644565904,0.3348817265775745,40.33241298595059,44.09789281593922,2.1616161616161618,$E_{lv}^{max}$,[mmHg/ml],9.945194224040893,15.643224434500231,10.598439962634183,10.488290819402637,10.532068234113462,2.313833642755742,5.218642839896358,15.051015419844525,12.63118791830438,13.50378695373589,17.177665645972628,10.010132679808404,9.946692744668034,1.2020967686964064,0.3177302937182877,0.5548830266545335,5829.231553911159,1.5033745134581584,0.3257086135451929,1.356518201470056,0.5869860815691826
140.3070557485068,101.8911895606701,120.21103440915932,283.21607926673437,83.6394031082209,205.28510650693434,32.524653389127586,16.99659823053236,24.157459342165566,33.93348920775502,83.64281080638186,189.18343761956945,171.32951669174312,89.8607821037067,123.93402038615463,34.75074474985174,10.729926474948629,9.533561902791025,1.1963645721576037,2.6593270725386158,0.9315517497341588,0.3167341582740389,0.08829209057051544,17.032695247734,6.819519283157262,5.690257335801721,4.522918628775015,1.1257168179522452,125.41973279002984,0.3353105123990566,40.743044895658635,44.21254411000813,2.196969696969697,$E_{lv}^{max}$,[mmHg/ml],9.833023126995952,15.54920256127618,10.642939768382384,10.53258272258049,10.576517783964324,2.315874501870594,5.231533247817026,14.957306856509005,12.557463260043601,13.427564517925704,17.06795904727053,10.037146845935188,9.884652583058704,1.207738228813883,0.31815907953976985,0.5548836017107244,5854.758217575463,1.499529266460085,0.3241014898948957,1.332066148916412,0.5840891475179302
140.88851247567214,102.32169105583674,120.7218789544754,284.7710160735359,83.99614641805464,204.12380176518238,32.52617669160607,16.93279293864636,24.12855690775235,33.95052097971629,83.99912796231595,189.5102551187473,170.4847456964428,89.31300426044578,124.44140480195503,34.819432600643886,10.775442347714725,9.576158502721508,1.1992838449932155,2.68780409263522,0.9203904206662068,0.31802195548653767,0.08819098963265558,17.106372878215936,6.849432537310583,5.715279012506619,4.541661328398734,1.1431787373206497,125.62929280737177,0.3353105123990566,41.14960905670431,44.324317916031525,2.2323232323232323,$E_{lv}^{max}$,[mmHg/ml],9.723180072394928,15.45711657586196,10.68651526203495,10.575958131096966,10.62004622352866,2.3178753797535903,5.244138255205711,14.865567563820164,12.48526400812895,13.352941480675161,16.960548390699643,10.063598923143196,9.823913059668131,1.2132922212790167,0.31858786536125205,0.5548844984997984,5879.730249263825,1.495655433787475,0.3225421137670538,1.308330346742584,0.5812779319643779
141.45765248374155,102.7430412078078,121.22206594880039,286.3023763173738,84.34542269897527,202.98696151236496,32.52769952144927,16.870282484327358,24.10029592155497,33.967254403237924,84.3479570065427,189.83030557386684,169.65828693408795,88.77689878329753,124.93848709148111,34.88676617770529,10.820117309446621,9.617974154438604,1.202143155008017,2.7158556560338645,0.9093370896728855,0.31928307013199364,0.08809219613142798,17.178424470079836,6.878677477033346,5.739742610306727,4.560004382739766,1.1606422514027892,125.82282789490215,0.33573929822053883,41.55213816225204,44.43334627290119,2.2676767676767673,$E_{lv}^{max}$,[mmHg/ml],9.615705794603585,15.366953295461084,10.72921887619761,10.6184688697166,10.66270580060397,2.3198270941968273,5.2564849860315475,14.775787468978129,12.414580076691868,13.279911219353837,16.855418498305674,10.089548698985157,9.764466652196063,1.2187641660452406,0.3190166511827342,0.5548853774581154,5904.1795889282685,1.491756444732724,0.3210285015726099,1.285285317615949,0.578549218657041
142.01368166248412,103.15481565488872,121.7110781329436,287.80877222908606,84.68705841669338,201.87230442972293,32.529261774644915,16.809003155104257,24.072635852292617,33.98382807930931,84.69023709468917,190.1442849246561,168.84809981307154,88.25154793794889,125.42562700165699,34.95301169984354,10.896984265044813,9.69203451715454,1.2049497478902735,2.7434573027328018,0.9118412814763612,0.3205205866803342,0.08799557099863882,17.24877965977504,6.907225864071164,5.763623293234091,4.577930502469781,1.1957603390890859,127.88791245534321,0.3353105123990567,41.95080581059854,44.539985584235325,2.3030303030303028,$E_{lv}^{max}$,[mmHg/ml],9.510385032942954,15.278569909691258,10.771103964420508,10.660164786923682,10.704544157544486,2.3217605620998296,5.268585692552682,14.68781887734277,12.345294497738466,13.208348557066769,16.75240462830551,10.115030022909192,9.70620592369986,1.2241669623335072,0.3190166511827342,0.5548862385401179,5928.094089168536,1.5101234456165047,0.3195558969897016,1.2628980877279274,0.5758944352817968
142.55884345183432,103.55859509836002,122.19091373279869,289.29538592255255,85.0220087908542,200.78169509880945,32.53080002379247,16.74920752215133,24.045606175451486,34.00007832191776,85.02489392243201,190.45147416099587,168.0561802272808,87.73789094260178,125.90319919983803,35.01792385301774,10.939685697525594,9.731989922850973,1.2076957746746209,2.770683416525659,0.9008572025194522,0.32173126562811016,0.0879011631014105,17.317716354464824,6.935189296880667,5.787015519971817,4.595511537612337,1.2134969863821228,128.0545840102362,0.33573929822053883,42.34549805399982,44.64386232608378,2.3383838383838382,$E_{lv}^{max}$,[mmHg/ml],9.407292155682201,15.192079030407422,10.812127198913675,10.701010289961518,10.74553082233258,2.323645870090623,5.280438539690616,14.60177960420006,12.277522590868335,13.138367392350665,16.651635663763983,10.140016621781733,9.649236524734222,1.2294879116802815,0.31944543700421635,0.5548870769182772,5951.540615359794,1.5061345389431802,0.3181275774087292,1.2411522697172217,0.5733194926354043
143.09193269852528,103.9537014223848,122.66041883837967,290.75911832739433,85.34973230714347,199.71202914289333,32.532165456139474,16.690526904214558,24.019010126582295,34.0158997254779,85.35243870704502,190.75165840072364,167.27931321879365,87.23429087705537,126.37045271497063,35.081456203497574,10.981510421754844,9.771135296771764,1.2103751249830816,2.7974784284539327,0.8899749442175163,0.32291382956196635,0.08780776595961153,17.385120554713975,6.962525965874871,5.8098863141067945,4.612708274732308,1.2312330362956214,128.20554847028257,0.33573929822053883,42.73640034275352,44.74531934487298,2.3737373737373737,$E_{lv}^{max}$,[mmHg/ml],9.306287656131905,15.107241208315736,10.852301872852705,10.741014117952565,10.785671234971632,2.325484302637831,5.292011299739051,14.517424105438366,12.211056174471077,13.069749698426909,16.552833519748294,10.164438366173306,9.593379700325228,1.2347244083040922,0.31987422282569855,0.5548879048175636,5974.481261500043,1.5021201004932996,0.31673857588436033,1.2200128295880437,0.5708154262048618
143.61391362356972,104.3404342287897,123.12028164013658,292.20153392082597,85.6706248336031,198.6633872503738,32.533409856821585,16.63294627798839,23.99289871666114,34.031332715895694,85.67295623288115,191.04534858973835,166.51824123684892,86.74089857473552,126.82822332031641,35.14374157073186,11.022547417049147,9.80955341056875,1.212994006480397,2.8238687516696057,0.8792017404315124,0.3240703231045854,0.08771585839151104,17.451079464855116,6.989269643577166,5.832263558983469,4.629546262294479,1.2489714915197103,128.34186126410822,0.33616808404202103,43.1235095803703,44.84430365109811,2.409090909090909,$E_{lv}^{max}$,[mmHg/ml],9.207336401492714,15.024074012754868,10.891681748303364,10.780229879733746,10.82501950411021,2.32729890298251,5.303336286014538,14.434766075375673,12.145912981555286,13.002510024550567,16.456008112365566,10.188364489116031,9.538647658496716,1.2398839167908837,0.31987422282569855,0.5548887151477802,5996.943738352217,1.498084804603502,0.31538864497811225,1.199454763199341,0.5683817968691555
144.1243785370955,104.71863454169205,123.57033390682356,293.62275433714296,85.98486176486786,197.63475358601258,32.534742220849736,16.57667094795736,23.967370124180082,34.0466688331232,85.98769129443978,191.33389871400377,165.77196263421033,86.25720039947134,127.27733842416357,35.205087106080455,11.062793640806063,9.847223923685313,1.2155697171207511,2.8498522303745326,0.8685314784406354,0.325206994846894,0.08762622349487474,17.515519444095684,7.015387769220893,5.854116389681531,4.64601528519326,1.2667154425142417,128.46360795860775,0.33616808404202103,43.50695421969214,44.941169271300865,2.4444444444444446,$E_{lv}^{max}$,[mmHg/ml],9.110264219611112,14.94251696027376,10.930350291541966,10.818736962467074,10.863653602448384,2.3290610866478167,5.314460851944797,14.353744633191345,12.082025249292162,12.936594840418293,16.361088522432706,10.211905621693537,9.484985415911025,1.2449809205729057,0.3203030086471807,0.5548895099935616,6018.94032354075,1.4940258706224505,0.31407387816424037,1.1794486910627942,0.5660115617753967
144.62469574019883,105.08968293098748,124.01181109213584,295.0257169677974,86.29285218533946,196.62672515936396,32.53588662443379,16.52138380881731,23.94225957605773,34.061520048054305,86.29540556851414,191.61561578053377,165.04079908593053,85.78334840726497,127.71703985144326,35.265048742132834,11.101623253439856,9.884289587245702,1.2173336661941536,2.8754672578037446,0.8579837939221505,0.32631610960932067,0.08723416120131086,17.578683617746997,7.040982754162056,5.875534878166416,4.662165985418524,1.2844593935087727,128.57233552432126,0.3365968698635032,43.88663449253909,45.03568522690357,2.4797979797979797,$E_{lv}^{max}$,[mmHg/ml],9.015188906692298,14.86256669677155,10.968208736951928,10.856444419644589,10.901486362358757,2.330789291078587,5.325324383584712,14.274352575413442,12.019423901306777,12.87201082089049,16.268075899103042,10.234915369548768,9.432414892863203,1.2499883625211536,0.32116058029014505,0.5529670803247111,6040.499652973762,1.48995348129384,0.31171166880988377,1.1599848845542067,0.5637074608977477
145.11496880304432,105.45313891112971,124.44466207746491,296.4104707077189,86.59479125657009,195.63887088012592,32.537028563765574,16.4672674345929,23.917676608482125,34.07617828951374,86.59703047581964,191.89189204172288,164.32426563436047,85.31895127591044,128.14844444967127,35.32392457409454,11.171586040924508,9.95178932816591,1.2197967127585978,2.9007166353472233,0.8601733354519279,0.327403896140308,0.08714761311115456,17.640534335311873,7.066037807837417,5.896502395359867,4.677994132114589,1.3215888913710498,130.58370263105846,0.336168084042021,44.26256953283554,45.12802993103582,2.515151515151515,$E_{lv}^{max}$,[mmHg/ml],8.922032448681197,14.784183264777859,11.00535494600335,10.893445737196872,10.938609642293951,2.3324999309508816,5.33597498951323,14.196551293442372,11.958058752971136,12.808720414918234,16.17691523096499,10.257500012256331,9.380893763035525,1.2549294260643913,0.32116058029014505,0.5529670803247111,6061.635387959906,1.5079856505936302,0.3104718205270035,1.1410398955678325,0.5614652871282853
145.59524037895713,105.80939742851433,124.86883619071372,297.7765832259362,86.89060706693084,194.66963222777125,32.538080468585925,16.414273355016796,23.893517153843938,34.09048075281835,86.8925013791461,192.16229808258387,163.6213812259058,84.86363916795597,128.57117223819645,35.38166770344945,11.209443474548364,9.987238585238675,1.2222048893096893,2.9255896816880416,0.8497105562138592,0.32846817307622006,0.08706226973259674,17.701076320906715,7.090555083531591,5.9170223797084756,4.6934988576666505,1.339604389830209,130.66870555317914,0.3365968698635031,44.63490585181019,45.21828800246919,2.5505050505050506,$E_{lv}^{max}$,[mmHg/ml],8.83065052623385,14.707280681685702,11.041790921887863,10.929742482029441,10.975024532535189,2.3341522111857103,5.346403189446463,14.120252284988778,11.89786340677995,12.746651625919688,16.08750370760396,10.279638198177178,9.330372012465117,1.2598005844883797,0.3215893661116272,0.5529670803247111,6082.342494685159,1.503830045203005,0.30926454408111276,1.1225926524424208,0.5592820171130398
146.06528887778657,106.15773313113111,125.28430140682777,299.1244623674638,87.18054325087866,193.71847515406154,32.539255885743806,16.362170235321138,23.869911284586138,34.10471662596551,87.18295480796563,192.42841521654964,162.93225789294874,84.41702588954858,128.9862448325388,35.43864575296198,11.246635334540233,10.022056688723065,1.2245786458171677,2.9500937545502794,0.8393601839550321,0.3295161152628598,0.0869792692156637,17.76027096922571,7.114517775435032,5.937076388580841,4.70867680520984,1.3576211931564925,130.74084498779155,0.3365968698635031,45.0037319267278,45.30669480900424,2.5858585858585856,$E_{lv}^{max}$,[mmHg/ml],8.741004126946821,14.631835637068107,11.07759126455139,10.96540648022683,11.010801930639824,2.3357891047948818,5.3566571641922796,14.045430272533636,11.838804460999855,12.685777739802452,15.999814612932576,10.301446089678244,9.280812787213726,1.2646229192308711,0.3215893661116272,0.5529670803247111,6102.638027561506,1.4996562319135798,0.30808725508601725,1.1046205226266785,0.557152977181035
146.52619016178247,106.49980183979292,125.69204726647484,300.4561753240695,87.46484410332752,192.78551993668535,32.540222743564016,16.311270624404596,23.846663754654294,34.118525049105905,87.4670061670861,192.6883490795465,162.25610769821597,83.97885992533077,129.39301268768793,35.49435907071482,11.28321186061016,10.056319344567177,1.226892516042984,2.974253516603769,0.829128330781262,0.3305389417005332,0.08689704043076109,17.818302597328618,7.138002754190935,5.956733611258736,4.72356623187895,1.3756463228567821,130.80130420239007,0.3370256556849853,45.36899043665351,45.39299162866228,2.621212121212121,$E_{lv}^{max}$,[mmHg/ml],8.653132138711648,14.557815750566093,11.11266343966863,11.000351496985266,11.04585886260799,2.3373958774193264,5.36668180802906,13.972049471573474,11.780877509375435,12.626079120227235,15.913808799339082,10.322802331874819,9.232219534080725,1.26936921109535,0.32201815193310934,0.5529670803247111,6122.539087232926,1.4954729016365313,0.306941542054052,1.08710565847398,0.5550810400391485
146.97806451355095,106.83496868399698,126.09196551261633,301.7715601605928,87.74361213303317,191.8700483380626,32.541165100704184,16.261100637743528,23.82384097569489,34.13207246443396,87.74558054067502,192.94314013319405,161.59308638819644,83.54906395229047,129.79187441686256,35.54906064468348,11.319189909546218,10.090030096103835,1.229159813442382,2.9980696571988545,0.8190157477214038,0.3315414503996272,0.0868161973411786,17.875165526591875,7.161008312074525,5.975991541860032,4.738165672657317,1.393671452557071,130.85012120534037,0.3370256556849853,45.73075000139397,45.47742950596834,2.6565656565656566,$E_{lv}^{max}$,[mmHg/ml],8.566963113310068,14.48517587482812,11.14708683958235,11.034653455464715,11.080269396425255,2.3389633241166043,5.376498967642483,13.900067585674448,11.724053908524015,12.567521504430877,15.829438132648699,10.343749491126452,9.184555595409327,1.2740536664220452,0.32244693775459154,0.5529670803247111,6142.052849312322,1.4912780318064742,0.3058247065001764,1.07003557335577,0.5530613256770932
147.42098914470137,107.16361168799646,126.48416531924731,303.07099595982214,88.01696458324723,190.97140468440554,32.54203216669953,16.21208605554372,23.801421347903297,34.14534060608655,88.01865029609716,193.19286691720436,160.94233613299437,83.12735467025844,130.18314791731223,35.60277354320674,11.38395034617684,10.152569905039838,1.2313804411370028,3.021543536387437,0.8209645550921727,0.33252370801519493,0.08673663391041603,17.93084547977509,7.1835266547962595,5.9948428891540235,4.752475935824807,1.4325364361197512,132.81980642959647,0.3365968698635032,46.089080576593034,45.559989714226276,2.691919191919192,$E_{lv}^{max}$,[mmHg/ml],8.482372924598558,14.413878293189406,11.180874712045076,11.06832503179813,11.114046471705832,2.340490836004556,5.386129738480006,13.829443208954542,11.668276804284929,12.510060675607802,15.746642771503573,10.364309923729358,9.13778596698125,1.2786775110978625,0.32244693775459154,0.5529670803247111,6161.187520827306,1.5090250732740766,0.30473617845265394,1.0533938510921976,0.5510928033432081
147.85522704322486,107.48586531968829,126.86900202168108,304.35548151922296,88.28515468663596,190.0894845604007,32.542903046970835,16.163842042898416,23.779447558098862,34.15844032401705,88.28671359824249,193.43802138911576,160.30382872259773,82.713707725941,130.56724194312514,35.655582981293286,11.418437625147062,10.184876420013207,1.2335612051338543,3.0446925457154657,0.8109482754281151,0.33348811494983843,0.08665871640538685,17.985407498870142,7.20558564890345,6.013310387488812,4.766511462477886,1.4508317067258403,132.84735052597645,0.3370256556849853,46.443997094738535,45.64082746723657,2.727272727272727,$E_{lv}^{max}$,[mmHg/ml],8.399385084669102,14.343912115000553,11.214055347088852,11.101394651351782,11.14721863225285,2.3420020862195416,5.395579255988119,13.760162314397036,11.613548938011261,12.453694851203837,15.665418863233251,10.384508806391247,9.091906479749833,1.2832460350057755,0.3228757235760737,0.5529670803247111,6179.960828064517,1.5047529904377686,0.30367442286516383,1.0371657742672409,0.5491726970199408
148.2804585238055,107.80141758402563,127.24617792694379,305.6242522418418,88.54813763386207,189.22322948129235,32.543798178660424,16.116655893976457,23.7578897974196,34.17132497778897,88.5499751401847,193.67882718268194,159.67723025336375,82.30763971213194,130.9442916327259,35.70758576858284,11.452334900286498,10.216631135087926,1.2357037651985725,3.0675038207672336,0.8010454211384275,0.33443547559604286,0.0865823151350842,18.03880650803843,7.22716654341215,6.0313786406669685,4.780261323959315,1.4691291928721453,132.86370731999244,0.3370256556849853,46.795595803218454,45.7200079266602,2.7626262626262625,$E_{lv}^{max}$,[mmHg/ml],8.317945603341325,14.275200484653652,11.246668479165933,11.133899155303498,11.179821294603986,2.3434959900367773,5.404857652637854,13.692151704286772,11.559806345221254,12.398357726476009,15.585674254415313,10.404367197109488,9.04686236081984,1.2877639060448935,0.3228757235760737,0.5529670803247111,6198.369634370345,1.5004686814461412,0.3026380940560504,1.0213320167661548,0.5472985731417076
148.69817380569913,108.11142727000629,127.61673414733119,306.8797933480002,88.80631297746922,188.37331707814909,32.54458207949753,16.070195678885103,23.736684137053896,34.1839248117773,88.80784418885655,193.9145653491769,159.06212890578394,81.90921431628855,131.3141753850393,35.758525911776104,11.485743847926717,10.247945447417624,1.2377984005090914,3.0900142221357263,0.7912644150259098,0.3353624208289929,0.08650684767063777,18.09119793397074,7.248332793182171,6.049101625484515,4.79376351530405,1.487436114233138,132.87025832484832,0.33745444150646753,47.143785730877575,45.797407754772095,2.797979797979798,$E_{lv}^{max}$,[mmHg/ml],8.23807163478706,14.207756463887039,11.278658457446669,11.165788302717544,11.211807524035631,2.3449403303579257,5.413946354421533,13.625416453242531,11.507067119674932,12.344059798165475,15.507417560661962,10.423826673845014,9.002668111526935,1.2922186752812064,0.3233045093975559,0.5529674140370462,6216.441908422846,1.4961803262630489,0.3016278832096535,1.0058787143503094,0.545471352475475
149.10763501512827,108.4153024209576,127.98027043956478,308.1206704022056,89.05947331836019,187.53858936729287,32.54527665016904,16.02473525815327,23.715822833361678,34.196223177458855,89.0604805870224,194.14564291367276,158.45809993177159,81.51806899907682,131.67706907704405,35.80857506308419,11.518603270230308,10.278754114055406,1.2398491561749017,3.1122026943679697,0.7815997910204067,0.3362705637020639,0.08643234531212383,18.142519641971415,7.269059101269533,6.066457454686256,4.807003086015625,1.5057430355941306,132.8664862344667,0.33745444150646753,47.488612140479475,45.87302565766223,2.833333333333333,$E_{lv}^{max}$,[mmHg/ml],8.159615303255302,14.141503668107351,11.31006619452761,11.197100232760386,11.243213697661183,2.3463553626425386,5.422858203604096,13.55988776296559,11.455272882017503,12.290742600157431,15.430568529721455,10.442929622985012,8.959275256017285,1.2966186493333964,0.3233045093975559,0.5529680551892261,6234.163132285214,1.4918849313144928,0.3006428895961751,0.9907965011611894,0.5436894351759521
149.50901176952436,108.71344329123856,128.3369588120745,309.34828684968824,89.30791559995221,186.71858399276437,32.54589669253027,15.979907206427258,23.695302047880737,34.20824456785099,89.30895875722345,194.37224062353644,157.8649601513331,81.13394762837312,132.03314922571562,35.857692195281274,11.57872570077503,10.336866576948255,1.2418591238267747,3.13408043228517,0.7833450054986738,0.33716103060842395,0.08635893842685032,18.19282818601521,7.2893702077107605,6.0834682634165835,4.819989714887863,1.546337777718883,134.7958505446786,0.3374544415064675,47.830223264446474,45.94738346932915,2.8686868686868685,$E_{lv}^{max}$,[mmHg/ml],8.082571792440996,14.076416322907399,11.340916697911693,11.227859026868671,11.274063495627122,2.3477479649326938,5.431587580660798,13.495536101808694,11.40438349614487,12.23837699092864,15.355094869300883,10.461658441673817,8.91666001209693,1.3009563283872794,0.32373329521903804,0.5529686911925241,6251.554091996654,1.5093382220282243,0.29967926425174096,0.9760727855040576,0.5419461698734825
149.9026710048509,109.00552141327314,128.68698182257467,310.562566759865,89.55178764924821,185.91319294916372,32.54664237351964,15.936142202860925,23.675225640227907,34.220255389237344,89.55279898280298,194.5954168229782,157.28251003658158,80.75685337553678,132.383247942406,35.906205769323165,11.610271668702625,10.366430759188471,1.2438409095141536,3.1556632555331547,0.7737801425109394,0.3380382004931659,0.08628737248006729,18.242091506302707,7.309249765924918,6.100116154996536,4.832725585381257,1.5649129787989804,134.77262501297858,0.3374544415064675,48.168602899383984,46.01999391602754,2.904040404040404,$E_{lv}^{max}$,[mmHg/ml],8.006951831980032,14.012502185462976,11.371262805742981,11.258116442838793,11.30440871217083,2.3491323367775276,5.440185354543542,13.432366042003087,11.354429573763092,12.186974911128784,15.280999362601115,10.480129414079062,8.874821783279423,1.3052526903740125,0.32373329521903804,0.5529693109237811,6268.625135447375,1.5049685612178842,0.2987395851548726,0.9616947278262709,0.5402462293175065
150.28936680961837,109.2926845650042,129.03092546200423,311.76476393284787,89.79121797208292,185.122154690929,32.54723586874345,15.892907761694925,23.655439149195736,34.23191470092986,89.79198730936119,194.81381162872586,156.71058121676333,80.38665194212719,132.72663020937384,35.95371886204466,11.641365192561256,10.395588150259101,1.2457770423021552,3.176959805657267,0.7643361903830181,0.33889612904522726,0.0862164897767871,18.2904444734971,7.328755174810529,6.116453576485889,4.845235722200681,1.5834941291803704,134.7405269507657,0.3378832273279496,48.503766673413026,46.09118139964626,2.9393939393939394,$E_{lv}^{max}$,[mmHg/ml],7.932728595284088,13.949719096769778,11.401042926447023,11.287814667601756,11.334193299653755,2.3504695443242354,5.44860358678809,13.370334898097896,11.305362157797639,12.136496936319768,15.208232403930907,10.498222785591532,8.833743784683387,1.3094893524561362,0.32373329521903804,0.5529699203856127,6285.385258045804,1.5005980539506438,0.2978215638768567,0.9476499004940206,0.5385854689332312
150.6689659724664,109.57445867086498,129.36886566245957,312.95583853422784,90.02644509477679,184.34533285650556,32.54785661321934,15.850710409449636,23.636043121198067,34.24342460196369,90.02703857207284,195.02848365124777,156.14921906147362,80.02322229058612,133.06414244615877,36.000494877783154,11.672051894100173,10.424370528898212,1.2476813652019616,3.197983968793875,0.7550121811647484,0.33973961281033316,0.08614712101160246,18.33788295720235,7.347884308677734,6.1324768089200425,4.8575218396045745,1.602083324645014,134.69991767219744,0.3378832273279496,48.83576041757097,46.1609693551534,2.9747474747474745,$E_{lv}^{max}$,[mmHg/ml],7.859866036261197,13.888063388952062,11.43032854090222,11.317022568514723,11.363485169717304,2.351784263458561,5.45687544389235,13.309439093580835,11.257182774199315,12.08694400498653,15.136786110294763,10.516013674301242,8.793416905922536,1.3136811872966556,0.3241620810405202,0.5529705193536997,6301.851156634375,1.4962261092325697,0.29692462038748985,0.9339252748068521,0.5369628397812765
151.04116017031404,109.85105146032284,129.70054002876222,314.1341559275474,90.25727070172505,183.58164328769695,32.548408336535985,15.809027539332215,23.61693964810743,34.25469276408704,90.2577014995087,195.23904580987232,155.5972331473711,79.66606756148187,133.39547547587108,36.046457221522054,11.72882296320161,10.479275846213785,1.2495471169878247,3.2187159166164268,0.7565994680233232,0.3405665722311616,0.08607859727608427,18.384366402786952,7.366620529095993,6.148172007397141,4.869573866293817,1.6441321251466676,136.59952036145663,0.3374544415064675,49.16464908219601,46.22932934603842,3.01010101010101,$E_{lv}^{max}$,[mmHg/ml],7.788221143062541,13.827450989592235,11.459095100099923,11.34571563735578,11.39225974375492,2.3530776578381656,5.464989786241992,13.249592653540695,11.209824896555066,12.038241573369023,15.066570514892227,10.533483761939461,8.75378457209753,1.3178235844259854,0.3241620810405202,0.5529711080214482,6318.008949120754,1.5134461667124826,0.296048143719978,0.9205137127148301,0.5353772365779644
151.40634960012932,110.12196046122716,130.02599435375134,315.3007339303483,90.48389783904072,182.8308895585602,32.54899222686831,15.76821904703511,23.598192492223586,34.26584544199761,90.48457025704626,195.4461769800376,155.05491752460733,79.31517869604795,133.720995982295,36.09176392853012,11.758270842648896,10.506887374024236,1.2513834686246603,3.2391657940365595,0.7473737889001221,0.34138020808357045,0.0860114458288931,18.429900164818186,7.38496621098658,6.163539984941102,4.881393968890499,1.6629882416042863,136.5404474077187,0.3378832273279497,49.49048711490243,46.29641349612489,3.0454545454545454,$E_{lv}^{max}$,[mmHg/ml],7.717854959001704,13.767878216459376,11.487383294523282,11.3739331298287,11.420555681278985,2.3543567583025533,5.4729656703360705,13.190796045018468,11.163278423421664,11.990388112694827,14.99757558732058,10.550674069493105,8.71484173857792,1.321925144907809,0.3245908668620024,0.5529716870731998,6333.872848732851,1.50900271394814,0.29519081809387876,0.9074043196435374,0.5338262789841586
151.76530840939049,110.38861724165274,130.34615281353038,316.45711055024185,90.7066285519763,182.09350867666123,32.54949841087218,15.728102598022984,23.57974742054331,34.276724431177456,90.70700496078899,195.64921929611154,154.52243474706916,78.97061591282451,134.0407762828199,36.13621578294141,11.787374479093744,10.534192825983546,1.253181653110198,3.2593655723011694,0.738273787854744,0.3421774534643999,0.08594516975112768,18.474620503982752,7.402975644987592,6.178628585723449,4.893016273271712,1.681843375047374,136.47380494847297,0.3378832273279497,49.813213667622676,46.36205822191684,3.080808080808081,$E_{lv}^{max}$,[mmHg/ml],7.648776129639717,13.709353680233272,11.5151868165396,11.401671452470149,11.448371193420446,2.3556138882193065,5.480795772271085,13.133051084856564,11.11756309481659,11.943393572575435,14.929811176567084,10.567563321927228,8.676601932049541,1.325976132826132,0.3245908668620024,0.5529722525287335,6349.463998638341,1.504562644727462,0.294353619408528,0.8945914150210816,0.5323117354667499
152.11742644482317,110.65008108317654,130.6605302305175,317.60263412780836,90.92530802857328,181.36842501717726,32.54993216504279,15.688622104824898,23.56158269642676,34.28735834323046,90.92552103397416,195.84849298580644,153.99871408133964,78.63192183410492,134.35479089311397,36.17992310586043,11.816044492235033,10.561099563071737,1.254944929163295,3.279292942760857,0.7292841153983863,0.34295958390193654,0.08587981819696387,18.5184883706881,7.420636865878099,6.193427199050442,4.904424305759557,1.7007119058886884,136.39911552019018,0.3383120131494318,50.132931363307485,46.42645937569901,3.116161616161616,$E_{lv}^{max}$,[mmHg/ml],7.580909828806258,13.65180619883377,11.542511142092712,11.428934592862387,11.475709021205978,2.356825957518209,5.488470958166226,13.076287094782645,11.072615690806156,11.897193474141591,14.86319259434487,10.584127685056291,8.63901066159325,1.3299818846612643,0.32501965268348454,0.5529728147596388,6364.77156200013,1.5001226663683862,0.2935347019628676,0.8820557210037955,0.5308302580669514
152.4635902713293,110.90729718046182,130.96974838618223,318.7387022204323,91.14036173640424,180.65616149513994,32.550449313026924,15.650043852618417,23.54379736288156,34.2979525891743,91.14034194811383,196.04461602235884,153.48452103226205,78.29944858148302,134.6638898656684,36.22305139901385,11.844406314475243,10.587723981189832,1.2566823332854122,3.2989837123041803,0.7204162800494103,0.3437296914955072,0.08581597244165222,18.561533173685195,7.43795612015977,6.2079388985042385,4.915638155021185,1.7195837259386264,136.3173778004406,0.3383120131494318,50.449628167736826,46.489591908874104,3.1515151515151514,$E_{lv}^{max}$,[mmHg/ml],7.514239013256802,13.595280266348755,11.569405300640426,11.455771488949352,11.5026189547549,2.358030136808452,5.496036966387763,13.02055225617809,11.028471883651557,11.851834537721555,14.797773510702278,10.600467336410498,8.602104155612082,1.3339516599062473,0.32501965268348454,0.5529733612482456,6379.825321548297,1.4956861614692414,0.2927341007262699,0.8697954853305141,0.5293819218804161
152.8032007814008,111.15935442366263,131.27322834506344,319.8633793750271,91.35136771677526,179.95558427506336,32.55086287154846,15.611822511155706,23.526238052871847,34.30828461464059,91.35138651866956,196.23700586256123,152.97876201940971,77.97233388170811,134.96703573204152,36.26537468286017,11.89739257333762,10.639008578033058,1.2583839953045601,3.3183997884277057,0.721847601016627,0.3444846867219997,0.08575270974326862,18.603741186462432,7.45493434791269,6.22216710752391,4.926639731025828,1.7633442916174296,138.17806856314934,0.3378832273279496,50.76328588789113,46.55155948651675,3.186868686868687,$E_{lv}^{max}$,[mmHg/ml],7.448654027946258,13.539657824967167,11.595825484879558,11.482138221981435,11.529056016039158,2.3592098825961285,5.503442484833285,12.965724687721215,10.98504171326135,11.807206512532513,14.73341280428646,10.616468834288858,8.565793533717732,1.3378735405422026,0.32501965268348454,0.5529739028141996,6394.595740174268,1.5125998878479308,0.29195028370499426,0.8578017889294307,0.5279639458918375
153.1365022632547,111.40690210999573,131.57135523035996,320.97847468891825,91.55876293556155,179.26674992477317,32.55122805667078,15.574433854240446,23.50895747244103,34.318388154041294,91.558630537353,196.42589467035816,152.48135900969544,77.65075289567783,135.26491336251237,36.30697947169842,11.92390274649559,10.664602793839844,1.2592999526557471,3.337571321122502,0.7130802210888166,0.3452257218815448,0.08538401497038493,18.645128958318754,7.471573964030154,6.2361126951100605,4.937442299178542,1.7824802851549175,138.07955024909683,0.3383120131494318,51.07403518721845,46.61230164740074,3.2222222222222223,$E_{lv}^{max}$,[mmHg/ml],7.384214686484659,13.484962746819082,11.62181103746013,11.508073129556657,11.55505916010836,2.3603730722499954,5.51071934958501,12.911826468701134,10.942335319966146,11.763333603591978,14.670140851421992,10.632213175569968,8.530099124749562,1.3417524697062677,0.32587722432644894,0.5509978598642041,6409.113405489308,1.5080975957077567,0.2901427714239833,0.8460669148869078,0.5265769480402162
153.46385130640124,111.65004547724901,131.86446481908456,322.0838907443966,91.76247817221349,178.58925925834353,32.55153360386836,15.53762110244375,23.491940200871795,34.32828884273568,91.76218207316526,196.61134644264575,151.99210636996236,77.33468864196195,135.55773065169603,36.347938433466176,11.95081271288828,10.689874733647196,1.2609379792410846,3.356497287896003,0.7044274005784676,0.3459529991316258,0.08532260218588834,18.68575384447961,7.487899860058531,6.24979687077859,4.948057113642491,1.8016210148908458,137.97412255126477,0.3383120131494318,51.381857203109725,46.671864942409904,3.2575757575757573,$E_{lv}^{max}$,[mmHg/ml],7.320893381561656,13.431169628415905,11.647365407065843,11.533581178057835,11.580633636051829,2.3615183920687484,5.517863923750421,12.858836258032406,10.900340928051087,11.720197616893806,14.607931125298824,10.647685259157834,8.495008495242343,1.3455918037383494,0.32587722432644894,0.5509978598642041,6423.373472054945,1.5036006579107906,0.28939503155685253,0.8345821043844167,0.5252198831192832
153.78552914246436,111.88890818197756,132.15247090668126,323.1797330002477,91.96262558796278,177.92279493607055,32.55178585578707,15.501348008896299,23.4751783970829,34.33800570826182,91.9621494601463,196.79348853234933,151.51118425500948,77.02380775814397,135.84546975039177,36.38820761997997,11.977363467141679,10.714818191956386,1.2625452751852935,3.3751811713448916,0.6958831343284364,0.34666699421027924,0.08526197944227909,18.725595324243194,7.503902851522131,6.263211271869406,4.958481200851658,1.8207756768277708,137.86187410760695,0.33874079897091397,51.6868148462966,46.73028063376669,3.292929292929293,$E_{lv}^{max}$,[mmHg/ml],7.258660093999814,13.378257943784067,11.67249270544823,11.558665713236156,11.605782684888256,2.3626212262691606,5.524885391838208,12.806725183404286,10.85903367931723,11.677773087810962,14.546745907073548,10.662893406348708,8.460497931250089,1.3493890744760397,0.3263060101479311,0.5509978598642041,6437.383791157395,1.4991076345002925,0.2886631516001791,0.823334611494865,0.5238916021766789
154.10137187131545,112.12346520577246,132.43556243866288,324.2666074076688,92.15926447863202,177.26713459772876,32.55195740222835,15.465823021227203,23.458637152577243,34.34745603367354,92.1584514341178,196.9720584785985,151.0380140757423,76.7179108025267,136.12790314287656,36.42769814346201,12.027511545816006,10.763393115700357,1.26411843011565,3.393627668772944,0.6971825408613479,0.34736654480263285,0.08520192272405418,18.764734932201858,7.519619653766103,6.276389971422926,4.968725307012828,1.8659711647851032,139.69263727166293,0.3383120131494318,51.98891756656895,46.78757593637629,3.3282828282828283,$E_{lv}^{max}$,[mmHg/ml],7.197457261357681,13.326198727426531,11.69721667312774,11.583349659655346,11.630528507797393,2.3637019224879423,5.5317609137867105,12.755470632203542,10.818399008159883,11.636044960123767,14.486563554642375,10.677793123925598,8.426559850588921,1.3531322109277417,0.3263060101479311,0.5509978598642041,6451.148513504242,1.5157742204426117,0.2879468196763776,0.8123245680579301,0.5225915391891782
154.41173886055088,112.3539896508483,132.71401570343278,325.34575788420284,92.35279760119082,176.62261416909166,32.552206770198346,15.43076268043914,23.442433148062506,34.356847457996125,92.35173160949111,197.14803434798617,150.57288997976943,76.417272385797,136.40600082982493,36.466711452666516,12.053182726901646,10.787511706901958,1.2656710199996883,3.411865395733043,0.6887491192677526,0.3480563028723309,0.08514329875355865,18.803133306025355,7.535029412592938,6.289309166503989,4.978794726928428,1.8853879049787583,139.5656966138872,0.33874079897091397,52.28820671444474,46.84385107613144,3.3636363636363633,$E_{lv}^{max}$,[mmHg/ml],7.137269104886216,13.27502220699753,11.721540780910049,11.607637919248356,11.654877779629164,2.3647760194448537,5.538539938825112,12.705102915859781,10.778464152162853,11.595039169725442,14.427416312828605,10.69248865956022,8.393206096724983,1.3568457491773245,0.3263060101479311,0.5509978598642041,6464.695832083357,1.5112232681523838,0.2872453124731227,0.8015450105316179,0.5213183814251394
154.71677586784108,112.58048848021703,132.98773264418338,326.4158117751386,92.5428544859432,175.98819772736624,32.55236512542546,15.39629611590406,23.426437775945605,34.36601303091553,92.54152916847163,197.32073951839095,150.1151494561227,76.12150148160767,136.67926011670866,36.50505570780331,12.07851577828863,10.811323649835153,1.267192128453476,3.4298670439669428,0.680427122632713,0.3487327111122565,0.08508522728346544,18.840818924860777,7.5501460789588695,6.301985191244235,4.988687654657667,1.904803435741839,139.43239662421774,0.33874079897091397,52.584693565250795,46.899038283731166,3.398989898989899,$E_{lv}^{max}$,[mmHg/ml],7.078086537701762,13.224653477676021,11.74547510650203,11.631539278204963,11.67883801611372,2.365831500618311,5.545194132971015,12.655543322620876,10.739155569703438,11.554687283616586,14.369212216386702,10.706931676672864,8.360388700080994,1.3605192331294544,0.32673479596941324,0.5509978598642041,6477.999814016023,1.5066792287609503,0.28655841549052585,0.7909893485540483,0.5200717395910566
155.01686907810583,112.8032561447755,133.25720983670607,327.4789796165799,92.72998414957554,175.36458278274233,32.55263576807285,15.362598139011341,23.410792475790977,34.37520771657084,92.72861964207758,197.49115256262525,149.66559345325467,75.83083644085934,136.9485234176392,36.5429421299926,12.1036290571999,10.834932501181884,1.2686965560180155,3.4476743165157377,0.6722169441273044,0.3494007748453567,0.08502871947090979,18.8778427947659,7.564989793864022,6.314431569995808,4.998421430906067,1.9242382510694487,139.29385263311306,0.33874079897091397,52.87839920587495,46.953303192998966,3.4343434343434343,$E_{lv}^{max}$,[mmHg/ml],7.019937424817824,13.175147745764647,11.769054448015476,11.655089031162488,11.702445368337953,2.3668818321976066,5.551756925679244,12.606845413551664,10.700528441937406,11.515038013707303,14.312014249464374,10.721183842287864,8.328138369174244,1.364165077407715,0.32673479596941324,0.5509978598642041,6491.098890470288,1.5021446828722516,0.2858852714157927,0.7806438116680162,0.5188500577592994
155.31163053026813,113.02221281985561,133.52218730466126,328.5341822819675,92.91397953802456,174.7509407116577,32.55284269373156,15.32921721179326,23.395369535948742,34.384189631259055,92.91242383705952,197.65846108581786,149.22311190395695,75.54492803880018,137.21320539866755,36.580208260200514,12.128459635265953,10.858287775624191,1.2701718596417615,3.465268073745912,0.6641172008980682,0.35005641746460725,0.08497279377188122,18.91417503276156,7.579547496987139,6.326639344082917,5.007988191691499,1.9436758380326595,139.149638811359,0.3391695847923962,53.16937302863185,47.00655025170894,3.4696969696969697,$E_{lv}^{max}$,[mmHg/ml],6.962762811617206,13.126427256505764,11.792255600903344,11.678263700277737,11.725675945725813,2.3679104113488454,5.5582060473986985,12.558935969448502,10.662516281773941,11.476028763381148,14.255738745228568,10.735204703291457,8.29641212620811,1.3677733727042056,0.32673479596941324,0.5509978598642041,6503.978567661719,1.497617898869704,0.2852258715858745,0.7705080598139017,0.5176533202073955
155.60130746176895,113.23720916051646,133.78270044174172,329.5812341648077,93.09478080567884,174.14683155074508,32.55298908805529,15.296436885819983,23.380144154482473,34.39293570666319,93.09303038749982,197.82272070733018,148.78739884066596,75.26356422116959,137.47322049176856,36.61684907615575,12.175551896105073,10.90393381121097,1.2716180848941034,3.482642278337559,0.6652982953254374,0.35069959100312537,0.0849175166774045,18.9498486185966,7.593836753698991,6.33862313567883,5.017388729218781,1.99055393264342,140.94282784491875,0.338740798970914,53.45763685545535,47.05881612316251,3.5050505050505047,$E_{lv}^{max}$,[mmHg/ml],6.9065339781963155,13.078465027463297,11.815055368054928,11.701041512416005,11.7485084653152,2.368902209240583,5.564527103048526,12.511784854076835,10.62510314270264,11.437633554935145,14.200352218367792,10.74894763198659,8.265189406820273,1.3713445868810488,0.32716358179089544,0.5509978598642041,6516.6346563975185,1.5139713163847006,0.2845799061541961,0.760577893196882,0.5164809645981784
155.8860208631739,113.44870773665801,134.0388936709399,330.62054909142876,93.27250360902723,173.55214785315275,32.553023148058685,15.264302083787921,23.365096741406386,34.40141959449392,93.2702593013489,197.98372994993272,148.35866717694444,74.9867121505887,137.72869471559227,36.65279147778606,12.19951902630923,10.926486616942272,1.2730324093669592,3.49980637850082,0.6573020023700222,0.3513294899520032,0.08486254637602897,18.984884302531302,7.6078629460892575,6.350390870949173,5.026630485492871,2.01024984364866,140.7846473007035,0.338740798970914,53.74321479901687,47.110062692997865,3.54040404040404,$E_{lv}^{max}$,[mmHg/ml],6.851155633187032,13.03124606474678,11.837523695176227,11.723488781159741,11.771007776534855,2.369874750225161,5.570734572039565,12.465377444500254,10.588273762776751,11.39984271976503,14.145834977374479,10.762454930976492,8.234464219274999,1.3748745042219082,0.32716358179089544,0.5509978598642041,6529.075252631906,1.509390676279412,0.2839472077843764,0.7508473044026335,0.5153326872346772
156.1659622978944,113.65640394464576,134.29106579353333,331.6533841265977,93.44746075319861,172.9671590336079,32.55318751559797,15.232507587532693,23.3503810310876,34.409975055553915,93.44515802720606,198.14287584830646,147.93717491421523,74.71444174585655,137.9806265429144,36.688386369010615,12.223281282735845,10.94884709593067,1.2744341868051756,3.51678364028438,0.6494143661915031,0.35195272450326964,0.08480914005167978,19.019278748374727,7.621624462963907,6.3619343778886055,5.0357199075222185,2.029959107032867,140.62171542117798,0.3391695847923962,54.02612916538773,47.16049347075465,3.5757575757575757,$E_{lv}^{max}$,[mmHg/ml],6.796713740260542,12.984806708370979,11.859659604205772,11.745606849699753,11.793176829085589,2.3708443059221334,5.576863434009251,12.419750161032626,10.552053985735569,11.362684360143481,14.092225689162362,10.775799445793302,8.20424749412283,1.3783829033929291,0.32716358179089544,0.5509978598642041,6541.322252723903,1.504821150705956,0.2833265569421999,0.7413061403515216,0.5142062747975591
156.44102909990173,113.86073152356217,134.53898815731606,332.67870191864125,93.6194475295118,172.39125487762564,32.55324580080369,15.201264603273703,23.335834187157218,34.4182730538257,93.61687867883708,198.2989784736687,147.52193979495567,74.44638038225139,138.22821959716498,36.72334388532263,12.246760044927768,10.970953851272032,1.2758061936557352,3.533554681520732,0.641629810866274,0.3525635073761879,0.08475608354077768,19.053026706270973,7.635119237518821,6.373255949798096,5.044651518954058,2.049679567257714,140.4536577253871,0.3391695847923962,54.306378589777594,47.20996517451454,3.611111111111111,$E_{lv}^{max}$,[mmHg/ml],6.743155720513234,12.93907293976791,11.881440159206022,11.767372120453885,11.814991376961283,2.3717949875776156,5.582881488414549,12.374824709950262,10.5163803777365,11.326094713858087,14.039442819526002,10.788914509617413,8.174497910802703,1.3818540782982,0.3275923676123776,0.5509978598642041,6553.361327065826,1.5002615528265286,0.28271837774821135,0.7319493138304262,0.5131024970185701
156.71254640347843,114.06210372897006,134.7837659383722,333.69984305844923,93.78909861471207,171.8255610397345,32.5533031667593,15.170708378465573,23.321546886698922,34.42645696531571,93.7856492908442,198.4522998984229,147.11396897230853,74.18315031846068,138.47182480719914,36.75767340236262,12.291678105623397,11.014524127734271,1.2771539778891268,3.5501805628325895,0.642715424051261,0.3531634902774956,0.08470398040914126,19.086323043785637,7.648429833435067,6.3844247256950775,5.053468484655495,2.097963773663311,142.2185199177205,0.3391695847923961,54.58390360967507,47.258534841293375,3.646464646464646,$E_{lv}^{max}$,[mmHg/ml],6.690533782869835,12.894123974204973,11.902862990124017,11.788786050564097,11.836455322713439,2.372734294320927,5.588786659633386,12.3306848420618,10.481349126251493,11.290154182332763,13.987574913109851,10.801777691330198,8.145280954978224,1.3852889155432024,0.3275923676123776,0.5509978598642041,6565.236903029845,1.5163651428398697,0.2821228595713771,0.7227794692527524,0.5120216975813799
156.9785458961653,114.25962229509695,135.02388099520994,334.7119404011091,93.95553815797987,171.26761155837244,32.55333966893422,15.140431915494483,23.307444603989047,34.43448770378776,93.95193911827002,198.60336342726,146.7118681479147,73.92358367212941,138.71143490548903,36.79158258118493,12.314445597641495,11.035964651304957,1.2784809463365387,3.5665744527528167,0.6350371941191165,0.35375440551703213,0.08465248323765842,19.118893755978277,7.66144090927919,6.395342813107721,5.062110033591367,2.1179396498975556,142.0378771185837,0.3391695847923961,54.85890607282592,47.30631822994308,3.6818181818181817,$E_{lv}^{max}$,[mmHg/ml],6.638722900296352,12.849807913935313,11.923985079752804,11.809898564099765,11.85761422290566,2.3736592013535187,5.594606109375188,12.287179302794426,10.446793943725986,11.254717426608954,13.936447647623996,10.814463447399305,8.11647172982227,1.3886983722183375,0.3275923676123776,0.5509978598642041,6576.887671058591,1.5117563041335216,0.28153789560932546,0.7137862989659054,0.5109600528733664
157.24007827462924,114.45364492434383,135.26012279112547,335.7175326659767,94.11927851501531,170.71823501303726,32.55341309475997,15.110620841429157,23.293580596183993,34.442434346056864,94.11572374956563,198.7522593452629,146.31604436523745,73.66810775696104,138.94753945292328,36.82506775671818,12.336993503327555,11.057204100418707,1.2797894029088484,3.5827828733417064,0.627462695934191,0.3543369535843061,0.08460182808595748,19.150843630652663,7.6741943155573225,6.406043939019172,5.070605376076164,2.1379236935045305,141.85278174408822,0.3391695847923961,55.131356359106974,47.353284968737036,3.717171717171717,$E_{lv}^{max}$,[mmHg/ml],6.58772221105472,12.806181745003496,11.94478951634569,11.830696013116327,11.878456851021067,2.3745629185227006,5.6003452211098095,12.244358642489608,10.41277831635935,11.219835772955797,13.886126507682997,10.826997875548772,8.088112965699162,1.3920821731568154,0.3280211534338598,0.5509982605646155,6588.349496051072,1.5071596805903877,0.2809639515720838,0.7049642067064701,0.50991803728051
157.49748276505838,114.64454110852675,135.4926788763104,336.71706941295827,94.28041865887243,170.17736181848412,32.55344021286882,15.08138412318561,23.279910339328946,34.45024793946953,94.27683531571759,198.89854841846432,145.9262854704716,73.41670754305036,139.17967673027619,36.85801411270823,12.359328932239212,11.078255173312096,1.2810737589271164,3.598813311368452,0.6199896046120749,0.3549090231282568,0.08455185448439217,19.182284093650665,7.686741993752929,6.416575712637881,5.07896638725986,2.1579268398255307,141.66362909694328,0.3395983706138783,55.40126938824833,47.39945870161293,3.7525252525252526,$E_{lv}^{max}$,[mmHg/ml],6.5375079565988035,12.763227400932937,11.965288361811298,11.85119012001958,11.898994256579611,2.375443491658201,5.605972807177255,12.20221081614745,10.37928998931647,11.185502014319303,13.836589011574162,10.839291467291327,8.060203698380596,1.3954337852996266,0.3280211534338598,0.5509986807669673,6599.629306121071,1.502577429248738,0.28040106161377476,0.6963060107126811,0.5088960670894314
157.75048852988402,114.83227426872422,135.72153092102974,337.71065220540123,94.43902983711021,169.64478287621807,32.55343463791994,15.052604877801025,23.2664359936704,34.45788629486854,94.43519845849855,199.04240477362796,145.54235455861166,73.16916769473173,139.40816612726616,36.89042691875068,12.402001855264746,11.119666179281865,1.2823356759828826,3.6146691918846408,0.6209674663600202,0.3554713665103195,0.08450248551524255,19.213137719293766,7.699046087062938,6.426903590533765,5.087188041697057,2.207600579730035,143.39779534645984,0.3391695847923962,55.66869091754975,47.44476362506785,3.7878787878787876,$E_{lv}^{max}$,[mmHg/ml],6.488106104251677,12.720928536294075,11.985475464790563,11.871374804372678,11.919221084857188,2.37631140834049,5.611517266015817,12.160715430608837,10.346313863009083,11.151695624745523,13.787817603181354,10.851423700284704,8.032724414123361,1.3987477641058337,0.3280211534338598,0.5509990898994183,6610.732088597715,1.5184166503382597,0.2798492105213162,0.6878131235696383,0.5078941429329785
157.99798392333219,115.01547594231471,135.94557837456279,338.69488214426804,94.59456221451018,169.1190347417896,32.55348487957306,15.024062559413528,23.253172645942676,34.4655415014141,94.59188904789418,199.18473290971312,145.16371734357674,72.9249060390939,139.6330006572084,36.922616694082556,12.423529368092844,11.139943386392014,1.2835859817008288,3.630295747067702,0.6135836782949059,0.35602812077202817,0.08445398561042262,19.243240604095377,7.711040342291058,6.43696970285178,5.09523055895254,2.227855813099361,143.19512741754895,0.3391695847923962,55.9337169579621,47.48952776956605,3.823232323232323,$E_{lv}^{max}$,[mmHg/ml],6.439436127059495,12.679205884494074,12.005390907235157,11.891286025327918,11.939170049024277,2.3771698697884553,5.616990930502606,12.119794619194575,10.313770746530583,11.118344167506491,13.739717588812494,10.863426337630324,8.005607808532,1.4020443769078959,0.32844993925534194,0.550999489121951,6621.619355015712,1.513777579442973,0.2793055563647643,0.679477356901759,0.5069071058665655
158.24287545895135,115.19711839326233,136.16727704247202,339.6769727845709,94.74818653544875,168.60249159420817,32.55348927440178,14.996117833540968,23.240120645069705,34.472963709800375,94.74546674623073,199.32427823942672,144.79176478447098,72.68501842054374,139.85458992925706,36.95416333043773,12.445040323875462,11.160230070608213,1.2848102532672494,3.6458088779479874,0.6063171670147007,0.3565735592238442,0.08440621852707021,19.272991508795144,7.7228896064502015,6.446916410830453,5.103185491514492,2.2481152662052546,142.99044601859796,0.3395983706138783,56.19619593967112,47.53332989994487,3.8585858585858586,$E_{lv}^{max}$,[mmHg/ml],6.39160773995106,12.638188245752197,12.024988064589296,11.910885353267313,11.958809055633608,2.3780180916937144,5.6223689169326585,12.07957769788251,10.281796855721787,11.085575813893367,13.692440250676391,10.875206782931594,7.978973953714205,1.4053040007905937,0.32844993925534194,0.5509998866171183,6632.373057481413,1.5091628794932135,0.27877404589757615,0.6713013795065016,0.5059421111846655
158.4835352922779,115.3752965919038,136.38542524145618,340.6530636331275,94.89926627492258,168.09356585246678,32.55348715597556,14.968685109439624,23.22726097015196,34.48031809120765,94.89690178423538,199.46170920313637,144.42528078538643,72.44879911602814,140.072584988216,36.985312876163896,12.466335199365162,11.180319005161822,1.2860161942033392,3.661148196226234,0.5991440822948323,0.357110879307421,0.08435911833621279,19.302230379861786,7.7345309714859924,6.456689805843293,5.1110096025325,2.2684007758067253,142.7819574853137,0.3395983706138783,56.45621579484741,47.576500854903536,3.8939393939393936,$E_{lv}^{max}$,[mmHg/ml],6.344534511668962,12.597782511214366,12.044291141125353,11.930193386575482,11.978155079090687,2.378852400208082,5.627649023035242,12.039971055741859,10.250307465147891,11.053302056983513,13.645877734142204,10.886784749803814,7.9527428903275865,1.4085392685555866,0.32844993925534194,0.5510002788922466,6642.948639244581,1.5045633447963156,0.2782516143613403,0.6632705123552246,0.5049935998594206
158.72036293438802,115.55085904245792,136.60024818164655,341.62407183706426,95.04806942928884,167.59239724329652,32.55344898926427,14.941537660985524,23.21456662371739,34.48751156128785,95.04567100329778,199.59673889894106,144.0641856128933,72.21610035367775,140.28716076770797,37.01589456546671,12.507051229997815,11.219852021485192,1.2871992085126234,3.676331387665743,0.6000312226940911,0.3576383953366976,0.0843125024326615,19.330958684287168,7.745961003975573,6.46628757444684,5.11871010586475,2.31944529537232,144.48634091616333,0.3395983706138783,56.713831291109265,47.618849650354704,3.929292929292929,$E_{lv}^{max}$,[mmHg/ml],6.298173807732382,12.557981611945548,12.06331374822953,11.949222773677201,11.997221258885446,2.379674389896399,5.632846918429293,12.000964763138237,10.21928901210374,11.021516182746842,13.600018752571263,10.89817572506389,7.9269101088227005,1.4117422875395786,0.32844993925534194,0.5510006637022455,6653.364860050219,1.52013967020818,0.2777394113505394,0.6553893179723238,0.5040636602583597
158.95228942963726,115.72227860314703,136.8106590725293,342.58681644631594,95.19410178752965,167.09761261558052,32.55338579546551,14.91472185474592,23.202028327204374,34.494593473808415,95.19244356571119,199.72987013523655,143.70785811920976,71.98652169267588,140.49819117237203,37.046162045522195,12.527632202414166,11.23926725996722,1.2883649424469474,3.691305516307806,0.5929494674187061,0.35815839267442656,0.08426638067799114,19.35900546398367,7.757109983930258,6.475648993506813,5.126246486546602,2.339979199320668,144.2655517634576,0.3395983706138783,56.969157307190365,47.66059453263382,3.9646464646464645,$E_{lv}^{max}$,[mmHg/ml],6.252460011757445,12.518712514403795,12.082065602840508,11.967980087478123,12.01601185584024,2.380482177724425,5.637967627028245,11.962488217752897,10.188673801382395,10.990149811784882,13.554782100707591,10.909428035593487,7.901417606255964,1.4149250334964554,0.32887872507682414,0.5510010426527999,6663.5871251270755,1.5154883449129437,0.27723541428720255,0.64765034892315,0.5031486201050545
159.18120516304808,115.89181268079126,137.0186210737183,343.54638515345385,95.33807639023792,166.61077624518467,32.55321568086821,14.888408235013207,23.189630009140934,34.50141506983603,95.33623006123905,199.8602233517436,143.35738021252052,71.76072773054418,140.70583925512423,37.075810793269234,12.548136027523404,11.258633113780862,1.2895029137425422,3.706151707660464,0.5859755743642773,0.3586668211166451,0.0842205421933314,19.386696357721455,7.7681132200458265,6.484891321467417,5.13369181620821,2.3605149104578453,144.04259331687814,0.3395983706138783,57.22203481600629,47.701452776549864,4.0,$E_{lv}^{max}$,[mmHg/ml],6.207499322639072,12.480056330307475,12.100520123489561,11.986445348194035,12.034511260348935,2.381258648107432,5.64299069643784,11.924621457099716,10.158546783697526,10.959285756934092,13.510259410829873,10.920450039250534,7.876342932732029,1.4180717678367234,0.32887872507682414,0.5510014177456817,6673.665347316654,1.510861124649535,0.2767420803290256,0.640055742904199,0.5022529369547969
