STK_syst_list,DTK_syst_list,MAP_syst_list,Plvmax_list,SV_lv_list,EDV_lv_list,STK_pulm_list,DTK_pulm_list,MAP_pulm_list,Prvmax_list,SV_rv_list,EDV_rv_list,maxVla_list,minVla_list,maxVra_list,minVra_list,Eout_total_list,Eout_lv_list,Eout_rv_list,SW_lv_list,PE_lv_list,SW_rv_list,PE_rv_list,Ein_total_list,Ein_LAD_list,Ein_LCX_list,Ein_RCA_list,Ees_lv_list,Pes_lv_list,LVET_list,EF_lv_list,EF_rv_list,var,var_name,var_unit,Plvmin_list,EDP_lv_list,Pv_syst_max_list,Pv_syst_min_list,Pv_syst_mean_list,Prvmin_list,EDP_rv_list,Pv_pulm_max_list,Pv_pulm_min_list,Pv_pulm_mean_list,Plamax_list,Pramax_list,Plamin_list,Pramin_list,RVET_list,Ees_rv_list,CO_list,Ea_lv_list,Ea_rv_list,VAC_lv_list,VAC_rv_list
152.38890606989114,106.53759950980472,131.5143289774449,166.02650238753415,91.28585516216208,153.97920109106428,32.862343695121254,15.910865303657433,23.824073963934,34.60920797743245,91.2852432785114,196.7240513422365,156.61719072539958,81.17801524286563,116.56054641636673,37.90573692478876,7.686233523224414,6.414862054887818,1.2713714683365953,1.8176243353820576,0.5054903210764051,0.3477172172800126,0.08779963976738395,17.48568661608709,6.8700341558083515,5.727509817461379,4.888142642817357,2.950911188915456,149.58301847498137,0.29157435860787534,59.284536168086134,46.40268571924867,0.1,$E_{lv}^{min}$,[mmHg/ml],6.867110305671582,14.348111086811885,11.433138939298289,11.344012653200126,11.37560808058593,2.274180578216519,5.492041617989174,13.364372066138912,11.337129010316145,12.11358126428874,15.190901111637407,10.950444470959837,8.869441324974087,1.4325247644947117,0.3245908668620024,0.5529713874167352,6390.0098613513455,1.6386220867324846,0.29562756126368617,0.5552935963941107,0.5346163797818578
149.79315685117206,104.72916795050077,129.28252958376385,163.0494414741141,89.72226379277241,151.55767842375514,33.030436904582416,16.359536331635827,24.119044947449524,34.702379973672116,89.721959042096,195.59679696477392,162.3904573401894,85.10541389020443,114.97231402102439,37.61900216753682,7.464383422800503,6.198341327919228,1.2660420948812752,1.7467318150619022,0.48836628571827145,0.34397544199309926,0.0893750030805899,17.182128842251206,6.7492430894249225,5.626775014205949,4.80611073862034,2.951030876020155,147.0305274396732,0.2920031444293575,59.200077967616416,45.87087336519857,0.10707070707070708,$E_{lv}^{min}$,[mmHg/ml],7.2396191467986295,15.10967860016593,11.257240058532474,11.168714157315097,11.200051486889413,2.279604252607642,5.449247403291373,13.968346480674903,11.83033157003902,12.609151743389877,15.878339637756158,10.849794771285877,9.285136219161698,1.4126556970358446,0.3228757235760737,0.5529670803247111,6280.5584654940685,1.638729577524517,0.30346368477997593,0.5553074997759951,0.5487915928047239
147.29531462383392,102.98912941013741,127.13486597801152,160.18803713666185,88.21726702708703,149.2282134180682,33.19147673077138,16.79109479258222,24.402380479875617,34.79235804851595,88.2175433990184,194.50955367029366,167.9405190557625,88.90145308938513,113.44421663666688,37.343811699725165,7.254572041158164,5.993837517223037,1.2607345239351266,1.6797995475972942,0.47216692281857436,0.34029832278201516,0.09089457312657288,16.890002560469025,6.633000337584225,5.529833098363916,4.727169124520884,2.951150563124854,144.57435533287597,0.2924319302508397,59.11567592110962,45.35383570338806,0.11414141414141415,$E_{lv}^{min}$,[mmHg/ml],7.601541647900843,15.848399389257876,11.08798711065014,11.000043928580387,11.031129477692982,2.2847868218777196,5.407973361767177,14.54790789727437,12.303594029526591,13.085526543398142,16.531858159786793,10.75269298857595,9.685000902542491,1.3935630471778948,0.32116058029014505,0.5529670803247111,6175.208691896092,1.6388441878219209,0.3112515028635183,0.5553238144808901,0.5628752848736429
144.8874306394725,101.3118694442543,125.06445611085643,157.43308764196053,86.76690740222861,146.9828553885316,33.3459463474059,17.206922415888517,24.674899119907387,34.87931716050974,86.76719181999782,193.45877997865654,173.28503126022068,92.57463903710504,111.9714146184262,37.07916221506419,7.056525010651981,5.800289869513651,1.2562351411383301,1.6164791043282394,0.45680946051470817,0.33668096727439045,0.09268291123712588,16.608377496441438,6.520935136283076,5.4363755734049874,4.651066786753374,2.9512702502295536,142.20662709541688,0.29286071607232184,59.03199197816009,44.85048020543211,0.12121212121212122,$E_{lv}^{min}$,[mmHg/ml],7.953357348143167,16.565057811588364,10.92483549084261,10.837458563581109,10.868298127306295,2.2897459375715554,5.368086828497668,15.105237113631556,12.758585772288509,13.544159009546034,17.15614522303657,10.658774417170044,10.07027843077698,1.3751788196913861,0.31944543700421635,0.5548862938955778,6073.683518156003,1.6389500485039104,0.3201062039615267,0.5553371631677684,0.5768861251090236
142.56163027684514,99.69179567329223,123.06457283037948,154.77514179171064,85.36586469550875,144.81431560970782,33.494498124314354,17.608085545393955,24.937531488839277,34.963565937235,85.36671519138619,192.44200714007738,178.44132740808087,96.13194133180032,110.54957929129833,36.82426311764914,6.867698322256731,5.616713051094651,1.2509852711620806,1.5564471327183862,0.44221670919000833,0.33312246410389224,0.09410732092134383,16.33633267621598,6.412681791455282,5.346096196262602,4.577554688498094,2.9513899373342527,139.91963750459215,0.293289501893804,58.94849852108553,44.359709431448756,0.12828282828282828,$E_{lv}^{min}$,[mmHg/ml],8.295462731368062,17.260218594526744,10.767306667467665,10.680475083279111,10.711076424168422,2.2945114217665155,5.329490544316313,15.642469259850596,13.196908996704806,13.986503273772215,17.75584300922971,10.56782397574976,10.442123035130003,1.3574474346502226,0.3177302937182877,0.5548830266545335,5975.610528685613,1.639058398853817,0.3278473333570778,0.5553513543297648,0.5908404431357627
140.31194934386957,98.12494201592384,121.13006622705737,152.20707006396015,84.01056878123305,142.7166064178386,33.63750743117595,17.995860514025992,25.191006478322407,35.04526092351035,84.011486039713,191.455702188857,183.4249922752977,99.5785968744173,109.17427228672013,36.57807049894955,6.688047265433511,5.442294923249927,1.2457523421835845,1.4994351523500475,0.428327011572687,0.32961587978915874,0.09548669833424964,16.07318356990299,6.3079687096551,5.2587699505907715,4.50644490965712,2.9515096244389523,137.707512829004,0.2937182877152862,58.86530719156191,43.88037811317933,0.13535353535353536,$E_{lv}^{min}$,[mmHg/ml],8.628364930549312,17.934412973438498,10.614893355549139,10.528597595837613,10.558963936622748,2.299094693126419,5.292057755395958,16.16151875888719,13.619996686313993,14.413888750613609,18.33487274874891,10.479601899917752,10.801573295152789,1.3403018946329008,0.316015150432359,0.5548830266545335,5880.739814686313,1.6391689144207557,0.3355685820780576,0.5553662779372921,0.6047555357770574
138.13244492869745,96.60707285715247,119.2558292321655,149.72177676860554,82.6972432574068,140.68416804727974,33.77544998745757,18.3711249988501,25.43601401943393,35.12463205837655,82.69832332714597,190.49795528836134,188.24870813241316,102.91966848671441,107.84237414699659,36.33997885273794,6.517635828133875,5.276290686303023,1.241345141830852,1.4451987262761796,0.41508204051366693,0.32616042675405593,0.09715060651051811,15.818229069105909,6.2065169004532486,5.174163391545552,4.437548777107108,2.951629311543652,135.56440734653668,0.29414707353676833,58.78219589685083,43.41165930204528,0.14242424242424243,$E_{lv}^{min}$,[mmHg/ml],8.95248740983185,18.58815927091504,10.467238024299904,10.381465978052764,10.411600916624947,2.3035138828585224,5.2557161637659275,16.663853981977446,14.028989789394952,14.827400276274089,18.89590010050203,10.393956823750187,11.149441216485526,1.3236994040760508,0.3143000071464303,0.5567501961467722,5788.807028018476,1.6392856884548546,0.3444324365983716,0.5553833206777364,0.6186480740952828
136.01859191392086,95.13496202414856,117.43796483535009,147.31410467148677,81.42342670979087,138.71281202621276,33.90868986132357,18.734852506250704,25.673073677778028,35.20181578045329,81.42461416515252,189.567139521973,192.92178414751075,106.15895621603582,106.55122505443285,36.10940170403496,6.354266608187677,5.1180948577007666,1.236171750486911,1.3935387504645107,0.40243476892604474,0.322754702189735,0.09845332646348089,15.57094416318128,6.108117995905849,5.092102715796327,4.370723451479106,2.9517489986483514,133.4858590927398,0.29457585935825054,58.699283447879466,42.95291598031128,0.14949494949494951,$E_{lv}^{min}$,[mmHg/ml],9.268308024128146,19.22205138007376,10.32403070965405,10.238771438844653,10.268677944920077,2.307781071015965,5.220395763960127,17.150611913938,14.424785108962219,15.227898830866852,19.440780039369468,10.310582342816417,11.486341384382222,1.3075936105023354,0.3130136496819838,0.5567464153031874,5699.639869685361,1.6394036027064995,0.35215673896262284,0.5554007483214888,0.6325262799776606
133.96625519395243,93.7055456853733,115.67289173683469,144.97903671096017,80.18681372327637,136.79885075122277,34.03749047009829,19.087305366821543,25.90260162725387,35.276996111660004,80.18857877696618,188.66196157329324,197.45150082947214,109.299815342375,105.29886403720305,35.88599428841442,6.198191671975532,4.967163128192954,1.2310285437825776,1.3442761706756778,0.390342987126336,0.3193992411197551,0.09971805310080495,15.330850140015404,6.01258210600689,5.012429570563999,4.305838463444513,2.95186868575305,131.4678342559027,0.2950046451797327,58.616584337467195,42.50384025918958,0.15656565656565657,$E_{lv}^{min}$,[mmHg/ml],9.575958954550016,19.836722606711422,10.185063769553985,10.100298628804646,10.12998282717996,2.3119016792604405,5.186053140713864,17.622613951333364,14.808062984023618,15.61604022454369,19.970475193010536,10.229340772890701,11.812839585811046,1.2919703113441514,0.3112985063960551,0.5567463213008849,5613.076960629346,1.639519369226921,0.3598743207017452,0.5554174469683986,0.646388322532367
131.97418438635074,92.31827600327631,113.95958459548257,142.7148822296143,78.98621705930533,134.94077385235835,34.16210112715815,19.429337532726446,26.125014360778387,35.350263656066346,78.9879477844524,187.78089655580695,201.846490836923,112.34549634466227,104.08355517051008,35.66923957005532,6.049871913907223,4.823144180344919,1.2267277335623044,1.2972922256316812,0.3787826444272289,0.3160924616831708,0.10127653569987981,15.09779909844028,5.91984927546589,4.93509412583554,4.242855697138851,2.95198837285775,129.509062072173,0.2954334310012149,58.53398850797008,42.063888943558126,0.16363636363636364,$E_{lv}^{min}$,[mmHg/ml],9.876059737454034,20.433043100436286,10.050089054729202,9.965817625390024,9.995278416326153,2.315881504327275,5.152640791415503,18.080696967381673,15.17954087061741,15.992514509461941,20.48579236970125,10.150063647360268,12.12949773878032,1.276798861183311,0.30958336311012646,0.5585632968313917,5529.035194151374,1.639641280388622,0.3687886840701995,0.5554362257874763,0.6602451076937164
130.03834505157292,90.97005430203549,112.29453325144351,140.51692286868413,77.81971904262993,133.13523906681303,34.282767194224384,19.76125961149336,26.340584110379282,35.42174326852536,77.82217139542198,186.92379900553667,206.10988114473787,115.29965612136621,102.90402317112387,35.45902060697485,5.907224618933682,4.685556200889593,1.2216684180440895,1.2524297688197183,0.3677150282898721,0.3128379866144273,0.10247437844414573,14.871318859804447,5.829732409731726,4.859939627351544,4.181646822721175,2.9521080599624496,127.60556537064092,0.29586221682269703,58.451631279661896,41.633099588949015,0.17070707070707072,$E_{lv}^{min}$,[mmHg/ml],10.168468050831974,21.011660733879655,9.919002878099754,9.83520625890852,9.86445000358841,2.3197421086751464,5.120142537524513,18.525254193703155,15.539611695845744,16.357690522142438,20.98687319837793,10.072713042588774,12.43661489438287,1.2620693476552722,0.30829700564567997,0.5585599367979533,5447.380332984095,1.639758751901149,0.3765190846795364,0.5554534991927113,0.674088956035767
128.15842188147784,89.66099709754015,110.67753054702378,138.38454079475306,76.68657880588802,131.3818801313823,34.39962343658851,20.08352687904186,26.549617919226467,35.491470372732245,76.68898600045843,186.08904111013425,210.24924963470124,118.16701637057055,101.75873936637065,35.254804118279615,5.770790431865658,4.5541432420088075,1.21664718985685,1.2096007598377476,0.3571241352877838,0.30963264230290855,0.10363857308605498,14.651377511848466,5.742217734328544,4.786955537637038,4.122204239882885,2.9522277470671483,125.75704699343115,0.2962910026441792,58.36922011559067,41.21090932757889,0.17777777777777778,$E_{lv}^{min}$,[mmHg/ml],10.453860812042716,21.573490236597127,9.791580976086395,9.708263708024978,9.73728679696887,2.3234896108587324,5.088511101322426,18.956940043296058,15.888870221185513,16.712131716880307,21.47429753280003,9.997132018662244,12.734679862414907,1.2477511254396203,0.30701064818123347,0.5585576099691785,5368.060516412162,1.6398833922654465,0.38424613217409903,0.5554731994828539,0.6879256952479834
126.3316036213725,88.38896130591003,109.10613810381999,136.3144099099757,75.58541729373597,129.6783952259644,34.51284864611447,20.396380759123673,26.752344535381802,35.55951994614555,75.58788937999235,185.2764694081324,214.26730284531627,120.94866379881657,100.64672829388996,35.056496959199904,5.640204407848456,4.428531636238893,1.2116727716095634,1.168682595860288,0.34698067090348983,0.30647918742077435,0.10476990672945476,14.437640075955224,5.657172055687912,4.71602965512821,4.064438365139103,2.9523474341718474,123.9607440458382,0.2967197884656614,58.28682346201809,40.797349831556396,0.18484848484848487,$E_{lv}^{min}$,[mmHg/ml],10.732393496810866,22.119214356745687,9.667721967244152,9.584879083639946,9.613681881651921,2.327111251226431,5.057735431876744,19.376077451404605,16.22765456880089,17.056154383896494,21.947983558928605,9.923131629486647,13.02396669186243,1.2338363600548616,0.30529550489530477,0.5585576099691785,5290.979210561518,1.6400087276638116,0.3919655039843679,0.5554931335931486,0.7017458843788679
124.55508131377076,87.15184281523771,107.57794964433928,134.30324593576628,74.51481446821738,128.022572560599,34.62246939847893,20.699951136116983,26.948888189321654,35.62584453491092,74.51785060013522,184.48521292679172,218.1677495648481,123.6488512527002,99.56672975543033,34.86378473760385,5.515933715122358,4.308365407623353,1.2075683074990051,1.129558666075383,0.3372565402755737,0.30337710080828856,0.10620351199618512,14.229794578548786,5.574471308411624,4.647060207581845,4.008263062555318,2.952467121276547,122.21387834983096,0.2975773601086257,58.204434560121086,40.392316228458775,0.19191919191919193,$E_{lv}^{min}$,[mmHg/ml],11.004206409271879,22.649437297015393,9.547321868478816,9.46493740778821,9.493524718932079,2.3306260057243042,5.027782593685052,19.782989881668893,16.55624782016921,17.390010948882903,22.407996820410673,9.85056119896849,13.304710958600822,1.2203053165516757,0.3035803616093761,0.560322990547912,5216.037012775217,1.6401286002256443,0.4009370049638974,0.5555112158256679,0.7155462326681278
122.82823228153595,85.94932219693887,106.09243353887503,132.35012373286756,73.474119712301,126.41391238213127,34.72878263812701,20.994692038668017,27.13957902385896,35.69062736736435,73.47790124488351,183.71509877625934,221.95538934399514,126.26921908398464,98.51808644365325,34.6764859245089,5.396121560876394,4.193417018215735,1.202704542660659,1.0921513350320404,0.32793688375484364,0.3003286413361885,0.10727483129009568,14.027748449039274,5.494077782950367,4.580013723206712,3.9536569428821964,2.9525868083812465,120.51587860158942,0.2980061459301079,58.12186200692784,39.995570170511606,0.198989898989899,$E_{lv}^{min}$,[mmHg/ml],11.26960960627438,23.164978732465574,9.430243780352475,9.348313333085077,9.376685586790325,2.3340382860852995,4.998647739898141,20.178093468292143,16.87511435794175,17.714141392772383,22.854467274146774,9.77932175463411,13.577300694146816,1.2071499930734984,0.3022940041449296,0.5603200969778525,5143.188379861071,1.6402493704380199,0.4086561864402983,0.5555296006139394,0.7293263058819949
121.15062489749133,84.78130314830626,104.64925351741023,130.45438121160328,72.46290544300862,124.8527479764453,34.8318144114333,21.280992827320794,27.32462561235456,35.75380673738052,72.46647895901587,182.96461521423075,225.63531341092752,128.8144160860261,97.499296462191,34.49399163308033,5.2813694532763895,4.083481024838389,1.1978884284380005,1.0563910192318862,0.3190077713528249,0.2973296390765219,0.10831606354055151,13.83147160848748,5.4159786013205915,4.514881759016618,3.9006112481502697,2.9527064954859457,118.86625286691101,0.29843493175159,58.038694876527245,39.60682718577353,0.20606060606060606,$E_{lv}^{min}$,[mmHg/ml],11.528922440111625,23.666627014793526,9.316304836906804,9.234839950195893,9.262990918647912,2.337351239706128,4.970283109534725,20.561987855283814,17.18471918080103,18.028982250808742,23.287294633933982,9.709211724009894,13.842135813877924,1.1943311137414376,0.3010076466804831,0.5603175597548771,5072.403381010604,1.640373818027462,0.41636497736594813,0.5555492293376404,0.7430875047858502
119.51872848544299,83.64496342988932,103.24534235257863,128.61201957700428,71.47939042906033,123.33532635694905,34.9317878902635,21.558929384903784,27.504205298243072,35.81558409038846,71.48385712447141,182.23465910225872,229.2092732592403,131.2845946287576,96.51031472523223,34.316688039608266,5.171344121951005,3.978205832361443,1.1931382895895621,1.0221639197141186,0.310440077180777,0.29438687966265287,0.10932787220302274,13.640519789238333,5.339996680015739,4.451513882338694,3.8490092268839016,2.9528267911653225,117.26156299915162,0.29886371757307223,57.95532597221119,39.22626874416855,0.21313131313131314,$E_{lv}^{min}$,[mmHg/ml],11.78225621140964,24.154709870137207,9.205509357086939,9.124496050988313,9.152429768243264,2.3405728621777135,4.942716453023862,20.934685385969246,17.485187972908907,18.334654306542777,23.706250806938687,9.64030015018523,14.099318778639358,1.1818669117290628,0.2997212892160366,0.5603175597548771,5003.557330034223,1.6404947257563391,0.42405519425601157,0.5555675431639265,0.7568122520406528
117.93243123676261,82.54059314739625,101.88062358507518,126.82264461993165,70.52329350370866,121.86096708188546,35.028704329024464,21.82895386262171,27.67854181664198,35.875787991213656,70.52732284223968,181.52257872133399,232.6838085337003,133.68316628275088,95.54903424970297,34.14385922442559,5.0658535583278725,3.877418343624595,1.1884352147032773,0.9894100381039423,0.30222343491418574,0.29149158426191596,0.11031134854429438,13.454931543860354,5.266148948721575,4.389927918156597,3.798854676982183,2.952947319682352,115.70169445581418,0.2992925033945544,57.87192994810222,38.85319575065664,0.22020202020202023,$E_{lv}^{min}$,[mmHg/ml],12.030015051593862,24.6298648331991,9.097580851095168,9.017033804762537,9.044742450561357,2.3437075208563387,4.915861169354257,21.29696492936334,17.777115940766883,18.63173337417129,24.111945909156837,9.572233300675736,14.34932338108984,1.169717762589962,0.2984349317515901,0.5603175597548771,4936.630545259606,1.640616719775427,0.4317353560349918,0.5555861795570087,0.7705190539162536
116.3872241495777,81.46467692449282,100.55121596265701,125.08112927156172,69.59220679094983,120.42557051054912,35.12299079947207,22.091527207812693,27.848024579328282,35.93483425047588,69.59696287966959,180.82923488142893,236.06267175929239,136.01005746766378,94.61525093701188,33.97562200954408,4.965381025584951,3.780742776733086,1.184638248851865,0.9580089785878022,0.29432548349881804,0.28865018620832644,0.11160926454446417,13.27414244993286,5.194209828834359,4.329932365016717,3.7500002560817864,2.9530678549393206,114.1822106937849,0.2997212892160366,57.78856308997402,38.487672043353406,0.2272727272727273,$E_{lv}^{min}$,[mmHg/ml],12.272115443991764,25.09210727757672,8.99247263204395,8.912380080904896,8.939866508619671,2.3467613711876276,4.889744196965867,21.649344718266537,18.060841226808744,18.92060853140506,24.50638270847767,9.504940826954455,14.592349192429845,1.1578869528885292,0.29714857428714353,0.5620309803255131,4871.454475366489,1.6407327193514691,0.44074537523810653,0.5556027832571367,0.7842012107283458
114.88355040036636,80.41786948551359,99.25750964115663,123.38780299562339,68.68601232768448,119.02831849980919,35.214715563905635,22.347199991305125,28.01293229485129,35.9926536276072,68.69023895312287,180.1525359910483,239.352582004968,138.27040504215,93.70751518000876,33.81143969037651,4.868122674112275,3.6880578212451427,1.180064852867132,0.9279176621911942,0.28673998872146544,0.2858557558000505,0.11254459089390563,13.098227238454186,5.124209901744763,4.271554458216369,3.702462878493055,2.953188399693934,112.70352766067481,0.3001500750375187,57.70560585361423,38.128932559981315,0.23434343434343435,$E_{lv}^{min}$,[mmHg/ml],12.508896734799828,25.54220028077652,8.88993577878505,8.810316948735453,8.837571231633975,2.349749201230352,4.864301835542319,21.992519362439637,18.336947876578073,19.201857047220557,24.89047788389208,9.438198309314926,14.828902685901777,1.146343407249129,0.29586221682269703,0.5620285430774635,4808.020862937914,1.6408512278015694,0.4484296015371635,0.555620233362567,0.7978769175702828
113.41772535195174,79.397281635384,97.99632051457581,121.73848000374396,67.80287627814165,117.66620559825799,35.30403946389713,22.59602938010205,28.17337856807306,36.0494183616513,67.80789900375062,179.49333785682114,242.554045625427,140.4647921716231,92.82584212294277,33.65143686568257,4.774617582461739,3.599056312135973,1.175561270325766,0.8990374977855177,0.2794406778795122,0.28311383940088247,0.11345578268276224,12.926741515733566,5.055972207645709,4.214645146298301,3.6561241617895592,2.9533089406816067,111.26204913631227,0.3005788608590009,57.6230668214438,37.77739041091311,0.24141414141414144,$E_{lv}^{min}$,[mmHg/ml],12.7406918594771,25.9803631575167,8.789988894596748,8.710833003115228,8.73785788614531,2.35267748293459,4.839551135015319,22.32653902053034,18.605489272008935,19.475539744514304,25.264297797889267,9.371988684152106,15.059013938691026,1.135091981644534,0.2945758593582505,0.5620268573188063,4746.201339469916,1.640963558535363,0.4560992579536491,0.5556355909573883,0.8115257340716897
111.98938736966963,78.40280003980676,96.76734977891219,120.13260089611938,66.94233712549475,116.33846808448598,35.39105618151069,22.838429616630137,28.329589764928286,36.10509865773671,66.94801677327159,178.85029810428745,245.67199931341082,142.5977180463473,91.96945091690164,33.49529412063691,4.684718566263059,3.5135991302011487,1.1711194360619102,0.8713210259418628,0.27241845787974245,0.28042035932654436,0.1143436390726061,12.759649418664644,4.989482328599363,4.159193383161845,3.6109737069034353,2.9534295351372766,109.85741430505955,0.3010076466804831,57.54101650786794,37.43243230952529,0.2484848484848485,$E_{lv}^{min}$,[mmHg/ml],12.967384370795791,26.407305884072265,8.692475675293958,8.6137868783133,8.640578740434753,2.35554813272841,4.81545496495612,22.65195991350134,18.866884751234043,19.74207772278266,25.628569128025223,9.306187965468263,15.28304159163201,1.1241132299725225,0.293289501893804,0.5620268573188063,4685.963598784632,1.6410752749655757,0.4637614277702296,0.5556507292425712,0.8251588366837846
110.59803054844336,77.43428006883886,95.57018024142148,118.56950524045021,66.10398755008438,115.04409685079912,35.475791895676664,23.074569457564763,28.481731679394382,36.159650098430696,66.10920630539025,178.2218996983981,248.7110913678634,144.6729070203844,91.1372137855769,33.342594747802075,4.598273545576191,3.4315453745907556,1.1667281709854358,0.8447204263153846,0.2656638722987438,0.2777698715102806,0.11520905978461203,12.596914629122654,4.924726597604223,4.105188859507462,3.566999172010971,2.9535501441066563,108.4891295180791,0.3014364325019652,57.459695333881186,37.09376143855819,0.25555555555555554,$E_{lv}^{min}$,[mmHg/ml],13.189472494826692,26.82371772839264,8.597197015294691,8.518998044212994,8.545545444750012,2.3583614937287387,4.791953539615822,22.969224485684556,19.121548853213945,20.001867609563423,25.983621565405638,9.240660658477564,15.501329473576073,1.113377724094792,0.2924319302508397,0.5620268573188063,4627.279128505907,1.6411888834373443,0.4714196800938758,0.5556665041601132,0.8387849690009848
109.24021050887195,76.48895461971253,94.40181936403772,117.04525950502533,65.28607612129119,113.78049314096937,35.55840995750888,23.304568517759442,28.62989925286823,36.2132298529566,65.29192610431764,177.60939736350807,251.67105122803662,146.69102366779654,90.33003003911797,33.19370047810983,4.515879814359934,3.352628662599261,1.1632511517606734,0.8191506759247766,0.25915365846516697,0.27516915307653844,0.11639635576926378,12.438100446208049,4.861530849820933,4.052484122338519,3.524085474048598,2.953670770351047,107.15378486039413,0.30186521832344737,57.37897096333061,36.761526739875436,0.26262626262626265,$E_{lv}^{min}$,[mmHg/ml],13.40683512008438,27.22979391140153,8.504234935972164,8.426514233872794,8.45281992753705,2.3611281658848373,4.769083064675483,23.27827909918557,19.369456570123848,20.25489892852104,26.32968116375616,9.175612884273068,15.713853798007285,1.1029005921973132,0.290716786964911,0.5636908287370167,4570.025328490383,1.6412961419418035,0.48048352020307733,0.5556801246832035,0.8523883939705559
107.91569066422022,75.56686741540994,93.26209529158416,115.55950362756323,64.48830007592633,112.54741834104642,35.63901373251099,23.528894878577912,28.77432120239858,36.26585924997079,64.49504183328612,177.01148042072342,254.55679316458605,148.65480463576557,89.54731625491156,33.04832048987938,4.435734011199233,3.276737536806129,1.1589964743931036,0.7945734787384173,0.2528808045161068,0.2726144770753212,0.11722148812512738,12.283195253565607,4.79989057080324,4.001076319605057,3.482228363157311,2.9537914017545797,105.8511654891868,0.3022940041449296,57.29878217242699,36.4355134932454,0.2696969696969697,$E_{lv}^{min}$,[mmHg/ml],13.619771048648333,27.62624154196287,8.413443052000899,8.336203947352121,8.362264719185937,2.3638563837527564,4.746798151581314,23.57963135559376,19.61103525667,20.501585225568828,26.667133642692168,9.110916479413735,15.920974490943465,1.0926698793227925,0.2894304295004645,0.5636887458902369,4514.181005314843,1.6414010815072073,0.48814041892710247,0.5556929580512014,0.8659751014829637
106.62423019993714,74.667967899425,92.15079384017021,114.11186608927157,63.71035213555964,111.3441291617789,35.717531547377384,23.74763270976396,28.915102000184408,36.317400169130316,63.71629491587119,176.42607209868814,257.3725290423776,150.5687955779166,88.78840400675863,32.906077951904145,4.358549502513731,3.2037647209237416,1.1547847815899897,0.7709522188163217,0.24683831814454893,0.27009791322307486,0.11802598173220553,12.132181287095989,4.7397987487039535,3.950960988108031,3.441421550284005,2.9539120480391343,104.5810193111996,0.3031515757878939,57.219318715036025,36.11501075659042,0.2767676767676768,$E_{lv}^{min}$,[mmHg/ml],13.82838747429936,28.01365388473574,8.32462811160676,8.247893372688976,8.273698114793657,2.3665320954767255,4.725029743808451,23.87374125879018,19.84665524468508,20.742289547218448,26.99650748949849,9.046539917641603,16.123015933842836,1.082661745847672,0.28857285785750014,0.5636867237006674,4459.724649489175,1.6415074757188195,0.4957982632239681,0.5557062800188939,0.8795634922337644
105.36232140402598,73.78954687585859,91.06489417247853,112.69837641868685,62.95032567258582,110.16815251086527,35.79413825239274,23.960870474558973,29.052308330439292,36.36800356935586,62.95712847172731,175.85482050410198,260.1170517105752,152.43244078122098,88.054788249081,32.7673406073885,4.284102005979183,3.133463904182962,1.1506381017962213,0.7482084357720672,0.24100453340799874,0.26762792501780486,0.11881032774488677,11.984624618576955,4.68108315251232,3.9019923634621545,3.401549102602482,2.9540327062736838,103.33990469354458,0.30358036160937607,57.14022086952705,35.800627069110554,0.2838383838383839,$E_{lv}^{min}$,[mmHg/ml],14.033009288331824,28.392040041960083,8.237928480109398,8.161679839620621,8.187234776158837,2.3691789405871995,4.703814792608751,24.160477648715364,20.07622210334483,20.97692183979683,27.317755710164807,8.982764840141083,16.31988842645275,1.0728997328999015,0.28728650039305365,0.5636862071089398,4406.522797081007,1.641610326704759,0.5034411268068278,0.5557183991965822,0.893123018547678
104.1297501692008,72.93159921130317,90.00421896482655,111.31880159059041,62.20813434858947,109.0190606552077,35.8688167501936,24.168871096648562,29.18605363849316,36.417607773718125,62.21569670804945,175.29608371570563,262.7944494724464,154.24797404139267,87.3464092001487,32.63172906799666,4.212285128823123,3.065743402660466,1.1465417261626574,0.7263106861500206,0.23537362387455932,0.2651981116979558,0.11957494771775855,11.840508423637402,4.623737247252191,3.854165882837935,3.362605293547275,2.954153363385298,102.1276213363879,0.3040091474308583,57.06170459983492,35.49177790471953,0.2909090909090909,$E_{lv}^{min}$,[mmHg/ml],14.233070794899023,28.76190256255604,8.153191427829247,8.077425315377017,8.102731196794222,2.3717910002452616,4.68309139235584,24.44024589747578,20.300084435227344,21.205819129875866,27.631187846597133,8.919699346893184,16.51189263665195,1.063363664637071,0.2864289287500893,0.5636862071089398,4354.569404401263,1.6417084743950947,0.5110773521515107,0.5557289254995843,0.9066699623053546
102.92525100824454,72.09325191075601,88.96768343189936,109.9715639407343,61.482721462855494,107.89574433161535,35.941552242086615,24.371677644352264,29.31640355303642,36.46611386369003,61.49123701958612,174.7491687957245,265.4064683576575,156.0173413723443,86.66407146525006,32.49949036151199,4.142959282745891,3.0004682679329573,1.1424910148129337,0.705214509425329,0.22993519298644238,0.2628063610091501,0.12032006777659529,11.699672762172156,4.567697212557582,3.8074280847541653,3.324547464860407,2.954274077831734,100.94293238296696,0.3044379332523404,56.98345365122985,35.18828584041345,0.297979797979798,$E_{lv}^{min}$,[mmHg/ml],14.429369925032628,29.1235025575564,8.070369794545172,7.995079404006316,8.02013836712382,2.374369293313453,4.6628235179265625,24.71322679825724,20.518399831186123,21.42913809268584,27.93722732062501,8.857600199211582,16.6991686131355,1.0540517674746186,0.2851425712856428,0.5636862071089398,4303.790502399885,1.6418097634788527,0.5187072392530188,0.5557405034958185,0.9202056617872357
101.74895390145923,71.2747746782115,87.95542360590515,108.65672857780513,60.77419948351427,106.79788220217608,36.012267559505716,24.56975250239829,29.443459083917183,36.51338169882544,60.781576517454916,174.21209018746077,267.95748279897316,157.74414878458163,86.00790333561038,32.37030023469034,4.076888984756177,2.9375706232273373,1.1393183615288403,0.6848963414593231,0.22468521269813105,0.2604443260923712,0.12139240623642561,11.562154053841857,4.512978136424571,3.7617932557947933,3.287382661622493,2.954394773728066,99.78593009166424,0.30486671907382257,56.9058095819394,34.889413502846416,0.30505050505050507,$E_{lv}^{min}$,[mmHg/ml],14.62212268791858,29.477290269587648,7.989296874188771,7.914494587122437,7.939301304469868,2.3769121812216945,4.642929623678989,24.97989072776241,20.731551417427795,21.647245830582904,28.236147257994176,8.796676032487694,16.882045756505942,1.0449371540752443,0.28385621382119625,0.5653009965528809,4254.193963845999,1.6419127020954405,0.5278511550414684,0.5557526423672752,0.9337523872418837
100.59710931064443,70.47308107567054,86.96418504760426,107.37007029167589,60.080460664987065,105.72287466319146,36.08102663884714,24.762664855304113,29.567144567731265,36.55951387566295,60.08860195339946,173.68650517147083,270.44397226766444,159.42625735321872,85.38080079782156,32.24483258734169,4.012164262777617,2.8768207309316587,1.135343531845958,0.6652833958027463,0.2196030801857327,0.2581209589410359,0.122099988963825,11.42747496398362,4.459390460861508,3.7171006875810955,3.2509838155410167,2.9545154771977256,98.65296656874408,0.30529550489530477,56.82825108226528,34.59601072292715,0.31212121212121213,$E_{lv}^{min}$,[mmHg/ml],14.810612872790848,29.822982725511544,7.910182373529576,7.8358294206899695,7.860400445678799,2.3794259468919887,4.623442553754777,25.23984959880117,20.939249428402015,21.859862289708072,28.527705909584583,8.73758130147808,17.06027297632407,1.0360510058715005,0.28256985635674975,0.5652992385109789,4205.632246549095,1.6420141503048729,0.5354916632193054,0.5557642743717413,0.9472711561222198
99.46989735484301,69.68853950225386,85.99414861986766,106.11172629935243,59.40152068956824,104.67049861831129,36.14779681204483,24.9508316086662,29.6875794535062,36.604387082787774,59.41041604114146,173.1706704233035,272.8699934560479,161.06660863107328,84.78341337440457,32.122740581337155,3.9495639739346573,2.8181647478592735,1.1313992260753838,0.6463567415117157,0.2146858389188832,0.25582945583947975,0.12278811573587953,11.29566877636094,4.406947565800343,3.673362751627389,3.2153584589332045,2.954636201133997,97.54421265171263,0.3057242907167869,56.75096753496921,34.30743548888324,0.31919191919191925,$E_{lv}^{min}$,[mmHg/ml],14.99536394046123,30.160982164799936,7.83287739395554,7.758952348614838,7.7832974428838675,2.3819138578736503,4.604295695223179,25.49353911083078,21.14184551489603,22.067327683587006,28.812377613020775,8.680452444868514,17.23415362364382,1.0273773301808173,0.2817122847137854,0.5652975286693678,4158.106448269777,1.642116422599309,0.543127656767212,0.5557761804885016,0.9607819408757357
98.36639422322688,68.92061289348051,85.0445067172276,104.88060498851303,58.73672965571731,103.64004485118839,36.212574863720874,25.13433852901397,29.804813194208872,36.647986924810255,58.746442744747654,172.664051532906,275.2369852825112,162.66635143028265,84.21735786678123,32.0040096337634,3.8889841837263903,2.76150250365383,1.1274816800725602,0.6280833034620721,0.209925844364688,0.2535683047832119,0.1234567684170158,11.16662287234867,4.355604878290825,3.6305421381359104,3.180475855921934,2.954756931205044,96.4587512776393,0.30658186235975127,56.67377869244892,34.02355164447874,0.32626262626262625,$E_{lv}^{min}$,[mmHg/ml],15.176594747508057,30.491471236889225,7.757339075311446,7.683817795637028,7.707948372735271,2.3843764641264587,4.585460165118465,25.74111156693541,21.339468408734117,22.269768201134866,29.090212490319868,8.625468198705136,17.403798528195654,1.018912143916694,0.2804259272493389,0.5652963296312722,4111.571075900212,1.6422220277333774,0.5507592022281117,0.5557892124357001,0.9742840583935107
97.28705003709125,68.16977200235539,84.1156779195582,103.67715080878445,58.08624145980636,102.63146723681874,36.275332018963915,25.313439192567714,29.9189815130677,36.69017434529696,58.094584345476626,172.164638779949,277.54958503031986,164.22802993428922,83.68388275554258,31.888252379913755,3.8303673979702992,2.7067961943491676,1.1235712036211314,0.610449254714568,0.20532155599647575,0.2513293737286729,0.1241060748978032,11.040405431476977,4.305389294826276,3.5886628428767113,3.146353293773987,2.9548776720257433,95.39702420367112,0.3070106481812334,56.59691225671973,33.74362166189644,0.33333333333333337,$E_{lv}^{min}$,[mmHg/ml],15.354522216083913,30.814918078255555,7.683401664038274,7.610280192743782,7.634200250334707,2.3868170343089314,4.566865316005894,25.983066006684602,21.532517629531856,22.46756994178574,29.361863055975455,8.572794117508797,17.569552242485543,1.0106317188452945,0.27956835560637455,0.5652963296312721,4066.0369021864453,1.6423342568942512,0.5584017302114214,0.5558044830222477,0.9878035659202884
96.22822664693912,67.43316687380708,83.2045023996804,102.49737464081022,57.44819017692732,101.64208935963697,36.33609163755709,25.487936199172058,30.02994144899374,36.73105950187714,57.457092588352054,171.67460177273472,279.8028934690004,165.74928213621376,83.18730889834374,31.776093276244602,3.7735392433112542,2.653846425998936,1.1196928173123182,0.593392128375716,0.2008543862579978,0.24912305085172742,0.12473581797441817,10.916557563254969,4.256118952894858,3.5475706325469414,3.112867977813166,2.9549984183263946,94.35547114578935,0.3074394340027156,56.520079957880654,33.4686039723072,0.34040404040404043,$E_{lv}^{min}$,[mmHg/ml],15.528825791644463,31.130861777530335,7.6112954388102905,7.538516964525278,7.562252696245997,2.3892406834531683,4.548554652874729,26.21887315812967,21.720587680843202,22.66033962079882,29.626744955663973,8.52294716249374,17.731063639767886,1.0025670558947,0.2787107839634102,0.5652963296312721,4021.3733123849124,1.6424446245424968,0.5660278853626981,0.5558191213762879,1.001294110173868
95.19038646968606,66.71133924533429,82.31139570388932,101.34166522472687,56.82245446486359,100.67207217553572,36.39482770689172,25.657941701749593,30.137816171878278,36.770511594249776,56.832064385923076,171.19230890148185,282.0012197644614,167.2330737576363,82.73103652903225,31.667217744298313,3.718448771309353,2.602619643412524,1.115829127896829,0.5768992594074617,0.19652335986592206,0.24694198157480174,0.12534628179789295,10.795137298464647,4.207816721236035,3.507285707717829,3.0800348695107855,2.95511917482022,93.3345399568761,0.30786821982419776,56.44311598730754,33.19779068966756,0.3474747474747475,$E_{lv}^{min}$,[mmHg/ml],15.69950243258247,31.43972969342607,7.540880636584065,7.468405955628876,7.491976990602845,2.391654714698198,4.530461168802319,26.44898096515393,21.90403209383047,22.848423548005727,29.88528799702609,8.476227511958031,17.8886420339431,0.9946975766074974,0.2774244264989637,0.5652963296312721,3977.5718125404514,1.6425643847291025,0.5736515613497808,0.555836935012623,1.014780268826367
94.1726504162559,66.00364907700015,81.43560481911756,100.20897794539175,56.20870312356789,99.72065030300232,36.451496560934736,25.823599665616356,30.24261031147733,36.80848837864082,56.218956100744116,170.71706671623568,284.1455636974654,168.68011499069556,82.32114145361757,31.561548197833243,3.6658703376527626,2.5530364105620365,1.1128339270907261,0.5609448252048304,0.19232200835697308,0.24478454018710868,0.1262861618822922,10.676043657727954,4.160442999844614,3.467775055685282,3.0478256021980568,2.955239919385141,92.33336559227526,0.30829700564567997,56.366161825837594,32.93106962421674,0.3545454545454546,$E_{lv}^{min}$,[mmHg/ml],15.866720101615536,31.741606540143113,7.472137562368421,7.3999216415691045,7.423351140019262,2.394060460626387,4.5125456160097155,26.673483390372596,22.08293333880405,23.03189793972375,30.137738508917607,8.433052003478924,18.042355912581026,0.9870109397802003,0.2761380690345172,0.5668626579772935,3934.609218649752,1.642688061834335,0.5828835922175667,0.5558560748516513,1.0282624618411802
93.17431363910876,65.30950060116774,80.5765257873044,99.09849173664153,55.60642270020373,98.78695000169985,36.50609062349319,25.985067293328438,30.34436520546928,36.84494175765867,55.617319038678026,170.24838449128228,286.23673754697927,170.09124586138415,81.96649174331674,31.459149797094724,3.6140154214817537,2.5050247540319224,1.108990667449831,0.545505126446102,0.18824477356687455,0.24264950304022165,0.12685889836214873,10.559187910982523,4.113962568605683,3.4290092572890796,3.016216085087759,2.9553606983718255,91.35125359083473,0.30915457728864426,56.28923931677908,32.668338795030365,0.3616161616161616,$E_{lv}^{min}$,[mmHg/ml],16.03065451386084,32.03662325371325,7.405059236595741,7.333050116965611,7.356365556019553,2.396465316451668,4.494773566260792,26.8925122082166,22.25738996151838,23.21085933953304,30.38406287688931,8.393994519340833,18.19228957888966,0.9795149024212307,0.2752804973915529,0.5668611837163566,3892.449589014261,1.6428183859865533,0.5905226745987305,0.555877455801459,1.0417412438213682
92.19583502131469,64.62927957427084,79.73455902835376,98.0106668457053,55.01570707659101,97.87124191440418,36.558468883997556,26.14252901061153,30.4431150333158,36.87966197277313,55.02491562846751,169.78396665528194,288.27837752583105,171.46909886375775,81.67754121248792,31.359749943448627,3.563687356723139,2.458558010131349,1.1051293465917897,0.5305700295914318,0.18429095013675872,0.24052716120310919,0.12741159757404114,10.444633340491475,4.0684007611162425,3.3910107004597623,2.9852218789154676,2.955481469662188,90.38865539117542,0.30958336311012646,56.21233163129412,32.40878200247638,0.36868686868686873,$E_{lv}^{min}$,[mmHg/ml],16.191518977109105,32.32516646194179,7.339465521626815,7.26763148103198,7.29085364389492,2.398874835113632,4.477055938105065,27.106460987181595,22.427719459285317,23.385611496423806,30.62472422177841,8.35929046541004,18.33872025015779,0.9721850368270331,0.27442292574858856,0.566859740514722,3851.099495361371,1.6429608959735695,0.5981783674572552,0.5559029595815264,1.0552493407171502
91.23396708729835,63.960661393177325,78.90691604714647,96.94188692155083,54.434877148039526,96.97108325180524,36.608762975102664,26.29551615018536,30.538775544045436,36.912858284784456,54.44455220272444,169.32667517813005,290.2654392986834,172.81032921817786,81.58545383780822,31.264099290013,3.514760003433989,2.4134765027784137,1.1012835006555752,0.5160899877603882,0.1804451759706744,0.2384309527886179,0.12794445398194113,10.331972575874602,4.023595981665696,3.3536422666751946,2.954734327533711,2.9556022550120096,89.44239785750273,0.3100121489316086,56.13516454868122,32.15355887986892,0.37575757575757573,$E_{lv}^{min}$,[mmHg/ml],16.34897478336982,32.606746563059325,7.275645142908819,7.20389595948129,7.227071023164647,2.401308516478845,4.459460765454925,27.314773526933052,22.593498431095895,23.555746490505275,30.859262898770005,8.329562234676152,18.481278851710083,0.9650586140893416,0.273136568284142,0.5668583335337206,3810.4414003627667,1.6431082890893234,0.6058168818370618,0.5559301107931544,1.068727133392357
90.2893585075353,63.30423508274928,78.09414694654846,95.89293933777198,53.86416485066701,96.08684338365552,36.656908573060576,26.444464156282308,30.631441554387,36.94440202459832,53.87421044348043,168.87460489964303,292.20224996248834,174.11768417745367,81.52513362581057,31.171868206637352,3.4672005945635584,2.369767465190494,1.0974331293730646,0.5020594133728713,0.1767078488996873,0.23635292602886812,0.1284572891634346,10.221291172344417,3.9795821944188137,3.3169334628463676,2.924775515079234,2.9557230407961512,88.51310780295475,0.3104409347530908,56.057794130668015,31.90190169534147,0.38282828282828285,$E_{lv}^{min}$,[mmHg/ml],16.503261125892163,32.88177024238221,7.213423142759433,7.141688717801998,7.164856446785511,2.4037799702812697,4.4419148200273115,27.517877948200518,22.75506097229282,23.72159243147416,31.087981363910227,8.30508074593837,18.62025782422523,0.9581134074544834,0.2722789966411777,0.5668579597720443,3770.4915395466905,1.6432652032821535,0.6134559508686821,0.5559604809385404,1.0822039988913212
89.36150187639477,62.65967373058829,77.2958185153456,94.86311652470752,53.30328653104829,95.21793542332291,36.70296888379699,26.587775260756793,30.72118768189947,36.97432830988793,53.31382418369125,168.4275692842398,294.0898762497364,175.39206547975746,81.49437950530995,31.083015169129013,3.4209566795595574,2.327377350672721,1.0935793288868363,0.48846066125434817,0.173074847149197,0.23429300551848822,0.12895062411030703,10.112533112722318,3.9363369681163736,3.280865541160212,2.895330603445732,2.9558438295192935,87.60028551873825,0.31086972057457296,55.9803006587686,31.653858338190695,0.38989898989898997,$E_{lv}^{min}$,[mmHg/ml],16.65443924728671,33.15039050103309,7.152747766391527,7.080954003796888,7.104158476393326,2.4063117698304124,4.424405064937782,27.715905474347213,22.912521254161334,23.883257372012675,31.31117404640297,8.285999974971036,18.75574932098792,0.9513442699752631,0.27142142499821337,0.5668579597720443,3731.2300571733804,1.6434312257221233,0.6210932572378149,0.555993929486252,1.0956770501865771
88.45022240706543,62.02682735725555,76.51177929337294,93.85220043467676,52.75216421907813,94.36440130188276,36.74710936922822,26.718105409142574,30.808204554742524,37.002817504752215,52.763179334748045,167.98586631002803,295.9304684719319,176.63499579045325,81.48958847473206,30.997493014139298,3.375997674998583,2.286267713738106,1.089729961260477,0.47528080565442954,0.16954346822284944,0.23225287215716411,0.12942597388368018,10.005680063484261,3.89385285106583,3.2454321666873565,2.8663950457310743,2.9559646225989784,86.70376339189677,0.3117272922175373,55.90261103900589,31.409296802012154,0.396969696969697,$E_{lv}^{min}$,[mmHg/ml],16.802643257189953,33.41286415528955,7.093560376700653,7.0216325030251925,7.044920364467397,2.408943347474526,4.406941953133367,27.9090909097067,23.066069401593474,24.040939186639143,31.529008353004002,8.272373271688533,18.8879146355988,0.9447377851061972,0.270563853355249,0.5668579597720443,3692.6514953354695,1.6436058060446332,0.6287307330445495,0.5560302696043509,1.1091504003884618
87.55496406469,61.40502240252347,75.7415520724401,92.85955131781975,52.21052514899907,93.52552117783732,36.789357129672126,26.844766021744736,30.892531498591605,37.029882152004866,52.22193744943501,167.54920563097986,297.72499072050846,177.8467572387163,81.50330828197993,30.915398319368894,3.33227016960329,2.246386790548834,1.0858833790544555,0.4625029425606524,0.1661095739226136,0.23023173052943383,0.1298834642081497,9.900676278623735,3.852107797642921,3.210615157951448,2.837953323029364,2.9560853959406472,85.82298608081533,0.31215607803901946,55.82489623310579,31.168119987660013,0.4040404040404041,$E_{lv}^{min}$,[mmHg/ml],16.947923147161,33.6693004861476,7.03579480869886,6.963653762014418,6.987076824087937,2.4117063169634654,4.389499701830781,28.09753683572311,23.215790180430446,24.194722245187865,31.741549341397803,8.264575511843317,19.016825994290194,0.9382991853942911,0.26970628171228467,0.5668579597720443,3654.7367604299347,1.6437870685248346,0.636368797572108,0.5560688709406414,1.1226247891588514
86.67563709194641,60.7943791133227,74.98505034706355,91.88509133904721,51.678234896719715,92.7015337289701,36.82995922062401,26.968006649097646,30.97440613783527,37.05576492165849,51.69028919563597,167.11807281451868,299.4767471522442,179.02948637491008,81.52291378182679,30.836740751630636,3.290610627305547,2.2077011603300742,1.082909466975473,0.450115694920217,0.16277095562046354,0.22823214882750756,0.1306741385608961,9.79751254199344,3.8110974610219284,3.1764105572027477,2.8100045237687628,2.9562062288904363,84.95787115808437,0.31258486386050166,55.74690387303676,30.930400479788972,0.4111111111111111,$E_{lv}^{min}$,[mmHg/ml],17.090431708837087,33.92003524272533,6.979367045330177,6.906933099500058,6.930547749380526,2.414643503010562,4.372095261469647,28.28151066759685,23.36190640678855,24.344830798925862,31.949285073693805,8.262509845459412,19.142666979018802,0.9320311971340365,0.2684199242478382,0.5683768216856006,3617.47644277038,1.6439778047349114,0.645731305081618,0.5561106626014897,1.1360971813850747
85.81238168625751,60.19502560756954,74.24238646680166,90.92900061211816,51.15569419748559,91.89254965584885,36.86926940145437,27.088158652951684,31.054156256712567,37.080840474981564,51.16833720284209,166.69333504330604,301.188748692394,180.1854313721375,81.52958479361445,30.76135085309643,3.2492980687100412,2.1701894825393113,1.07910858617073,0.4381117828740672,0.15952621815817306,0.22625817730070125,0.13110303658983935,9.696231555595576,3.7708383184286114,3.142832295027894,2.782560942139071,2.956327025231576,84.10853578601787,0.31344243550346595,55.66903344076446,30.696090632267232,0.4181818181818182,$E_{lv}^{min}$,[mmHg/ml],17.23036272918204,34.165447698075994,6.924104967533699,6.851309942957535,6.875170654254337,2.41777985842964,4.354779765459981,28.46136037175725,23.504701806219398,24.491562464766787,32.152420565913,8.265355581433157,19.26567488553288,0.9259237518152221,0.2675623526048739,0.5683755883229313,3580.898593823991,1.6441676162446053,0.6533871374423502,0.5561521449460801,1.1495693180107487
84.96569528516758,59.60728459791207,73.51397518443666,89.99173828200126,50.6432978657974,91.09918785941886,36.90787044341476,27.205705591192302,31.13229001239711,37.105720958002685,50.656673148043886,166.27655853415317,302.86622673816305,181.31785471826535,81.50037086194962,30.688907822636914,3.2092059233867114,2.133841487247551,1.0753644361391603,0.4264870336747752,0.15637535951528622,0.22431649319189917,0.1315227084906864,9.596921341187308,3.73136373713674,3.1099081633916605,2.755649440658908,2.956447827668146,83.27546593762878,0.31387122132494816,55.59138237757772,30.46531248578796,0.4252525252525253,$E_{lv}^{min}$,[mmHg/ml],17.368012878418554,34.40613984412039,6.869765281328997,6.796568573334483,6.820717918533628,2.4211104866816187,4.337672615316273,28.637601160229412,23.644606497556975,24.635356364186386,32.351594204307126,8.271251937539736,19.38620067504018,0.9199580352187673,0.2667047809619095,0.5683743799465912,3545.030850605818,1.6443531414226864,0.6610415458345563,0.5561921729292431,1.1630389566409958
84.13772026024606,59.03264564146617,72.80162276792333,89.0756618572566,50.142436389197876,90.32342909927046,36.94645063109018,27.32149281011144,31.20956875856928,37.1310951624224,50.15419373287196,165.86785271947937,304.52033694214606,182.43358264368516,81.41403363338019,30.618298690779646,3.170392026231045,2.098700909163008,1.071691117068037,0.4152533215705848,0.1533242837802315,0.22240735464151395,0.13193862790646854,9.499875974892461,3.692788766603824,3.077734954363634,2.7293522539250032,2.9565686773559237,82.46074594184898,0.3143000071464303,55.51431880878721,30.237440776239033,0.43232323232323233,$E_{lv}^{min}$,[mmHg/ml],17.504014028019405,34.643267027314465,6.815892371478946,6.742322175480439,6.766771012030858,2.4246005103715618,4.320868196747093,28.811318130213103,23.78249054744569,24.77709845992006,32.548013318928284,8.277538649821043,19.504981017787593,0.9140835635517813,0.2658472093189452,0.5683731968369007,3509.9705472438513,1.6445301002488464,0.6687184786551954,0.5562292913552609,1.176548229889682
83.32615234732359,58.46885715770042,72.10333496475094,88.17827969235235,49.65210149856019,89.56400113477842,36.98561991657713,27.435526284594136,31.286261614197553,37.15775925198762,49.66509976162952,165.4723258625902,306.14813142752183,183.53040524500645,81.25778399477618,30.549317609447655,3.1328178328771115,2.0646649236146137,1.0681529092624977,0.404379193120615,0.15036264574711428,0.22055326789238786,0.1323544187996844,9.404833721181252,3.655007716635536,3.046222611033497,2.703603393512219,2.9566895008316276,81.66211806573256,0.3147287929679125,55.437565170678695,30.014142547843253,0.43939393939393945,$E_{lv}^{min}$,[mmHg/ml],17.638167375958687,34.876611419597054,6.762583295529326,6.688648266795021,6.713409002292514,2.4282056093352393,4.304633313621208,28.98215302076239,23.918101250627686,24.916562265627814,32.74130900468885,8.28149563297551,19.621775441950597,0.9083006075868284,0.2645608518544987,0.5683720433408833,3475.6471048992134,1.644686037470148,0.6763664631938394,0.556259301833198,1.1900065654499232
82.53269515395452,57.91758027256384,71.42057089621395,87.30147711649155,49.17346555814685,88.82224141634454,37.02589029507433,27.54851146487627,31.362974544529948,37.18887606667719,49.18800687063789,165.08967218449027,307.7584813302113,184.61421466381492,81.02522163642612,30.480734437128902,3.0965166886698383,2.0317617786809636,1.0647549099888747,0.39387186815493924,0.1474947085446394,0.21875217801864563,0.1327742081556937,9.312036523690471,3.618115735074623,3.015451476349403,2.678469312266442,2.9568103663573915,80.88123185171847,0.31558636461087686,55.361658041989294,29.79472078402914,0.44646464646464645,$E_{lv}^{min}$,[mmHg/ml],17.77081914784908,35.10716134309667,6.709468408791597,6.635241119870573,6.660292726367646,2.4319070762926978,4.289041212506937,29.15104234116017,24.052186124654867,25.05450614567973,32.93257864050952,8.28065836150405,19.737219685863714,0.9025682577885897,0.26370328021153433,0.5683718451732457,3442.1425890702794,1.6448145546316575,0.6840088397014815,0.5562800284206145,1.2034530659994047
81.75884690864333,57.37999538803901,70.75461091542154,86.44680021424719,48.707349699146064,88.0992787264275,37.067553553401794,27.661016162016622,31.44013454185705,37.22571785849112,48.72081871181711,164.71848382091972,309.3598766447288,185.69030473640478,80.7164203643606,30.411291557974867,3.0611131432407284,1.9996257774066495,1.061487365834079,0.38373511062326127,0.14456805092415728,0.21699725712945336,0.1332008590632618,9.22168205237149,3.5821896461278557,2.9854866256008696,2.6540057806427644,2.9537474808245126,80.03328555446201,0.3164439362538412,55.28688815988584,29.57823407650224,0.45353535353535357,$E_{lv}^{min}$,[mmHg/ml],17.90242655467313,35.33579407644648,6.656181715968863,6.581795296635927,6.607085781904693,2.4356980248181017,4.274123753587749,29.31882595192172,24.185419580131324,25.191598581026017,33.12261817094717,8.273013138524119,19.851884107364132,0.8968331852541719,0.26284570856857,0.5683718451732457,3409.5144789402243,1.6431459738378078,0.6916764904061116,0.5562919594531954,1.216943619357643
81.00151976727396,56.85348268219642,70.10278860972002,85.61082697853519,48.252181581515806,87.39293745755838,37.11083335548424,27.77273740173803,31.51767548324658,37.26492309901096,48.267672835148645,164.36287680627296,310.9458650173487,186.75426547034607,80.34210138381877,30.341139898291605,3.0273028281280068,1.9689043359815075,1.0583984921464993,0.3739300396119584,0.14188473111223157,0.2153071421829342,0.13363533429938257,9.133389757983265,3.5470779933421,2.9561995699424775,2.630112194698688,2.9538759090808506,79.28878359260257,0.31687272207532335,55.21290734156757,29.3665295795714,0.4606060606060607,$E_{lv}^{min}$,[mmHg/ml],18.03279298031501,35.561899472951865,6.603045510934395,6.52858520909943,6.5540761341116065,2.4395688051318003,4.260063113709994,29.484795798942454,24.317251579936784,25.327317229627084,33.31074421511309,8.257395702739235,19.96529056411633,0.8911214207340238,0.26241692274708783,0.5683718451732457,3377.6527107061065,1.6432165550619602,0.6993077980996959,0.556291667503824,1.2303702304017885
80.26146772820233,56.33856970245039,69.46576170966073,84.7944682146415,47.808268093664914,86.70359561865787,37.1556803258641,27.88397548636113,31.595732488010583,37.30620253065944,47.82585670671849,164.02055820732127,312.5210287660372,187.80950830604485,79.91445035867802,30.26953085384293,2.9946642572406823,1.9392005929891194,1.0554636642515631,0.36445350175269825,0.13928657669816327,0.21367152269236936,0.13407793432046114,9.047266275802565,3.5128234664896696,2.927627384166167,2.6068154251467277,2.9540043373371887,78.56117994326645,0.3177302937182877,55.13989097284563,29.158452592428574,0.4676767676767677,$E_{lv}^{min}$,[mmHg/ml],18.16224559798716,35.78600098833837,6.549843392630201,6.4754304195494266,6.501065169381258,2.4435094601622716,4.246810999312028,29.649488085925043,24.448107528235195,25.462074156915424,33.49764916133867,8.23309803208911,20.077804256837993,0.8853991717096164,0.2615593511041235,0.5683718451732457,3346.578766556544,1.6432550911350963,0.7069358013385688,0.5562805275419352,1.2437910275500845
79.53972152824358,55.83648095266726,68.84441664797727,83.99872038055342,47.376050475736236,86.03192421774399,37.202001122674716,27.995057534204008,31.6744400782078,37.34931347239119,47.39282766154005,163.68870205933473,314.091670830918,188.86000742541236,79.44737530741558,30.195761106767442,2.9640257117762454,1.9105173849792025,1.0535083267970429,0.3553048700179527,0.13677536777847119,0.21207732938145551,0.1348772750075863,8.963433592401124,3.47947382003131,2.8998107062863814,2.5841490660834334,2.9541327655935268,77.85145817968159,0.31815907953976985,55.067988896574015,28.953023064695603,0.4747474747474748,$E_{lv}^{min}$,[mmHg/ml],18.291170919937,36.00873652137766,6.496331738046074,6.422126793505267,6.447831035734281,2.4475185384219413,4.2342861876776,29.813532888150405,24.578477185068493,25.59634867696439,33.68375693126959,8.199879069086,20.189852834502112,0.8796263123026395,0.26027299363967693,0.5698445133148298,3316.3235333015364,1.6432661101531334,0.7164448360407233,0.5562600737827632,1.2572637259822124
78.83223907135553,55.34414592605284,68.23529237199709,83.2190910137256,46.95331591084385,85.37465961784247,37.24961199026886,28.10528355104752,31.753330455463132,37.39402765244311,46.97243033174125,163.37091490824824,315.64620227787987,189.89827087424877,78.96083626097547,30.120908043821697,2.9335594162371086,1.8827044187734916,1.050854997463617,0.34643843483823933,0.13433571913472478,0.2105409731321295,0.1353350420969831,8.881380085840778,3.4468274581008034,2.8725793281489693,2.5619732995910027,2.9542611938498653,77.15569687216934,0.31858786536125205,54.996782559389636,28.75201522750958,0.4818181818181818,$E_{lv}^{min}$,[mmHg/ml],18.418908132028104,36.2289459628715,6.443068860129113,6.369147493841689,6.3948803905403,2.4515718377116347,4.222586814451266,29.97572787217648,24.707412859165256,25.729209613283896,33.86799359537294,8.158416033359662,20.300623621089834,0.8738666848193608,0.25941542199671264,0.5698435112049565,3286.7321137590693,1.6432427694494367,0.7240819223791025,0.5562279912386602,1.2706680134832156
78.14152731266402,54.86311138120359,67.64054796359328,82.45839259541518,46.54127737822462,84.7333898193166,37.29833896053344,28.21522696875937,31.83263424966042,37.440084403245756,46.55937039931608,163.06182063625627,317.1946997380739,190.93139934563231,78.46239684383369,30.044135423768516,2.9041114213612333,1.8558119917304068,1.0482994296308268,0.3378675975146248,0.13197467554651615,0.2090383636746253,0.13579880284197093,8.80141558613665,3.4150068090317243,2.8460374692201427,2.5403713078847834,2.9543896221062034,76.47632093340098,0.3194454370042164,54.92672661564478,28.553201612520052,0.48888888888888893,$E_{lv}^{min}$,[mmHg/ml],18.546133522906267,36.447703218388746,6.389587483918243,6.316095255127943,6.341788446364089,2.4556706401319905,4.211529707661454,30.13720106984251,24.835797011502706,25.861513136477644,34.051438157780225,8.10889729530463,20.410881658713635,0.8680725531787479,0.25855785035374823,0.569842523710509,3257.8894164757235,1.643193424020247,0.7317556765670031,0.5561871094201867,1.2841366625330144
77.46167498048537,54.38973244511313,67.05514907453968,81.71000018824235,46.135956326048245,84.1026703408463,37.346603893001536,28.323175794838257,31.910715137454005,37.485870148320366,46.15551607974225,162.76038763887342,318.7156171835037,191.9454557981093,77.96952404453168,29.968595977480245,2.875440735249801,1.8296342799659584,1.0458064552838424,0.32952984245334455,0.1296710843620857,0.2075674467282855,0.13625631558221957,8.7227407763702,3.3836993695003543,2.8199229164767603,2.5191184903930868,2.954518050362541,75.80759103332973,0.31987422282569855,54.85670804395531,28.357954136942926,0.49595959595959593,$E_{lv}^{min}$,[mmHg/ml],18.67119606366342,36.66264755630724,6.336937996889362,6.263869579532475,6.289521059963717,2.4597064448872206,4.200824804949988,30.295718027832965,24.961830333678023,25.99143320115569,34.23166708282466,8.057775226353373,20.51911473230712,0.8623730564705352,0.25770027871078394,0.5698415619319699,3229.516942823377,1.643134705989154,0.7394002127649837,0.5561430588611667,1.2975540258210516
76.79256633540378,53.92408144350118,66.47902979020135,80.9737051267819,45.73700662777092,83.4819640234772,37.393762762393514,28.42894981023197,31.987185826475805,37.53069028411502,45.75790950718379,162.46264845982392,320.2080185182782,192.94060590695878,77.4848185138927,29.89474017012887,2.8474731348251856,1.8041487732352663,1.043324361589919,0.32141738515869855,0.12742357957108455,0.20611146388065776,0.1367033172534557,8.645314415247977,3.3528899470302855,2.794223562472978,2.4982009057447145,2.954646478618879,75.14939077863578,0.3207317944686629,54.78669214695109,28.165187469844465,0.503030303030303,$E_{lv}^{min}$,[mmHg/ml],18.794201150348627,36.87372259122807,6.285133291727072,6.212482802747193,6.238093275426068,2.463642504647211,4.190240902464765,30.451298722087337,25.085503792518807,26.118940935076463,34.40876953311267,8.007481504875022,20.625337335078328,0.856772656320209,0.2568427070678196,0.5698406180520267,3201.590463943964,1.6430762815379798,0.7470468756775753,0.5560991114937107,1.3109751253452586
76.13576220800536,53.466870367163004,65.91350905237518,80.25132313970319,45.345384985933755,82.87239938664959,37.439954317862096,28.53302768794653,32.0623716532501,37.57464903344925,45.36394350412183,162.16643704199655,321.6794551631912,193.92184285140948,77.00568669940486,29.821967990949023,2.8202168083543153,1.7793843124941033,1.0408324958602122,0.31353778374678637,0.1252363270231744,0.2046603352092646,0.13714149237618747,8.569342008871615,3.3226598619995737,2.769008756939586,2.4776733899324554,2.954774906875217,74.5032405676959,0.32116058029014505,54.7171136850645,27.973694391752495,0.5101010101010102,$E_{lv}^{min}$,[mmHg/ml],18.91592684902039,37.081716705645945,6.23388289958571,6.161686104629189,6.187239680789325,2.4674947092870054,4.179711201008464,30.604738217208954,25.207448523185043,26.244659197382642,34.583385938650025,7.957771250169612,20.730088495873737,0.851236772694338,0.25598513542485524,0.5698396882701879,3174.176949015363,1.6430170477283847,0.7547407213082822,0.5560548940311448,1.324479036550406
75.4874780497395,53.015792304215466,65.35535299853963,79.53859452002835,44.958865875405856,82.27104070824309,37.485036990439916,28.634653817132676,32.13578779404278,37.61762244456628,44.978372420741366,161.87611758113195,323.11792693409143,194.88084518480477,76.53683395792537,29.751380579248416,2.793591507092936,1.7552162073028843,1.0383752997900513,0.30585370199411477,0.12309597577128537,0.2032342766191404,0.13756869077518943,8.49433915794821,3.292817730465344,2.7441161672481815,2.4574052602346868,2.954903335131556,73.86545336806428,0.3220181519331094,54.64725556936006,27.785675300865986,0.5171717171717172,$E_{lv}^{min}$,[mmHg/ml],19.035636051483152,37.28534396647827,6.183730201906316,6.111937671391506,6.137452573452372,2.4712452543827323,4.169365995648267,30.754704263802626,25.326619824478673,26.367556758670506,34.754312493670405,7.909201015970785,20.83246695947414,0.8458192629120169,0.2551275637818909,0.5698387786514927,3147.12061127841,1.642956331967248,0.7623946977964627,0.5560101788893549,1.3379129788264816
74.84917408375027,52.57174442221014,64.80581741531455,78.83711622725106,44.57831383833254,81.67896991579892,37.52910098409552,28.734266130482894,32.20771629387878,37.659667219600244,44.59873880776501,161.58958655183446,324.5296569339294,195.8222457254234,76.07560332517282,29.682289274219844,2.7676040047363157,1.7316733507263489,1.0359306540099666,0.29837290319218684,0.12100650767218264,0.20182314591251446,0.13798606303462643,8.42050031293336,3.2634400225703937,2.7196109998477938,2.437449290515173,2.955031763387894,73.23745451247295,0.32244693775459154,54.57746820789655,27.600007995229753,0.5242424242424243,$E_{lv}^{min}$,[mmHg/ml],19.1537796898178,37.48534884623154,6.1343825951731885,6.062986189772709,6.088464193726848,2.4749052573584924,4.159136388268819,30.90193438672853,25.443597860083244,26.488207922544724,34.9222667794436,7.861442012598873,20.93297275123405,0.8404935111582078,0.25469877796040874,0.569838744662985,3120.481968683278,1.642894228302925,0.7700498179743265,0.5559649979597425,1.351346894514431
74.22059838915274,52.13442033557295,64.26466891768186,78.1466760526254,44.2034998878329,81.09601174562592,37.572174716580164,28.831923324505695,32.27819987476668,37.700800650942526,44.22495276232173,161.30662541260932,325.9158308365634,196.74647494925003,75.62207947786872,29.61449589600462,2.7422340269290366,1.7087341027797582,1.0334999241492786,0.29108825114130726,0.11896626218379772,0.20042706513381853,0.13839404224393698,8.347792616556587,3.2345136865152764,2.6954822484817544,2.417796681559558,2.955160191644232,72.61899315947392,0.32287572357607375,54.507612564827646,27.416699499600757,0.5313131313131313,$E_{lv}^{min}$,[mmHg/ml],19.269816364102805,37.68183070051307,6.085821124190789,6.014812764992384,6.040255738338372,2.4784768042540812,4.149019992161907,31.046493623339323,25.55843338761638,26.60666733825464,35.08726375655927,7.814479345205699,21.031650895862555,0.8352577064807908,0.2538412063174444,0.569838744662985,3094.244992148303,1.642833561680541,0.7777053881091559,0.555920307239412,1.3647815200230158
73.60151936182743,51.704074313005286,63.73172405791973,77.46690096380925,43.834357108065,80.52187315351834,37.6142728736976,28.927661363698963,32.34726230761883,37.741019157834586,43.85679128589254,161.02712128151927,327.27677483372435,197.65389807221757,75.17585539376543,29.548187519464665,2.717461479802873,1.6863791651315911,1.0310823146712818,0.2839934529325306,0.11697368736486417,0.1990455852559665,0.1387927540413025,8.276191659553671,3.2060291390667737,2.6717218912836596,2.398440629203234,2.95528861990057,72.00983933204864,0.3237332952190381,54.43782588675372,27.235655047958613,0.5383838383838384,$E_{lv}^{min}$,[mmHg/ml],19.384046266338927,37.87482614468204,6.03802813649074,5.967399973311134,5.9928096552231,2.4819626206422685,4.139015049593676,31.188438107853692,25.67117326529799,26.722980295584165,35.24948549594266,7.768296080839526,21.128539989549274,0.8301090574809936,0.25298363467448004,0.569838744662985,3068.40499756455,1.6427716540822652,0.7853628084648512,0.5558752004863525,1.378219392451687
72.99170959655656,51.27995067636098,63.20678171271369,76.79766104519796,43.470749834163165,79.95636800989162,37.655407499911234,29.021530316133813,32.414932666010216,37.78035176508021,43.49412928337483,160.75096280109713,328.6127934727593,198.54488305550802,74.73674544816727,29.483303174802906,2.6932669755818717,1.6645895312247325,1.0286774443571394,0.2770822692123329,0.11502729632617628,0.1976784045725737,0.13918234516610078,8.205668044587624,3.1779747104572333,2.6483200926546213,2.37937324147577,2.9554170481569084,71.4097716145451,0.32416208104052024,54.368089642072384,27.05683905432757,0.5454545454545455,$E_{lv}^{min}$,[mmHg/ml],19.496857921741103,38.064419088420024,5.990982548051952,5.920727145032766,5.946105135418416,2.4853641056896123,4.129118132192163,31.327824563894136,25.781864172297716,26.837193531999304,35.40885095158804,7.722872926088124,21.223679019827024,0.8250443525150406,0.25212606303151575,0.569838744662985,3042.9524883914214,1.6427085312990155,0.7930219754263186,0.5558296864814597,1.3916603299681367
72.39095656627316,50.86245731135743,62.689667623812596,76.13858957927928,43.112556179064335,79.39929908792448,37.695604156289335,29.113569213662977,32.481244517918626,37.818810505199906,43.13697175983543,160.47806182107084,329.92517786994165,199.41961847478896,74.30462194828418,29.41981584636366,2.6696328811043113,1.6433474916160553,1.0262853894882558,0.27034891917383835,0.11312567091398902,0.19632532848167314,0.13956304122899987,8.136204693537843,3.1503431788220855,2.6252712621081438,2.3605902526076146,2.955545476413246,70.81857896591879,0.3250196526834846,54.298409021624664,26.880292091221857,0.5525252525252525,$E_{lv}^{min}$,[mmHg/ml],19.608317382549526,38.250686116194274,5.944668525270754,5.874778382760731,5.900126344393513,2.4886826769024,4.119325462014532,31.464717433529902,25.890557537317864,26.949358517768,35.56557162997136,7.678186431739412,21.31711233389326,0.8200555196573852,0.2512684913885514,0.569838744662985,3017.8789325345033,1.6426439358357654,0.8006806747828075,0.5557836781551487,1.4051004468928265
71.80093105449929,50.45254647312987,62.18179943213212,75.49161761728553,42.760734224749065,78.85199315971941,37.734972655401826,29.204315509183218,32.5465466354686,37.856453244736684,42.78200100979373,160.20587646753285,331.22147635438927,200.2838753714446,73.87655737842886,29.357077070531663,2.64742631425609,1.6226842174927991,1.0247420967632908,0.26380165324864496,0.11127323191102947,0.1949742998204322,0.140286715123995,8.068011371692945,3.123217486572445,2.6026453270808645,2.3421485580396366,2.955673904669585,70.2378825942003,0.32587722432644894,54.22911014834418,26.704389347705288,0.5595959595959596,$E_{lv}^{min}$,[mmHg/ml],19.71836686267909,38.4345260511255,5.898740670888772,5.829257217082632,5.854557255093837,2.4919331313525586,4.109559370212061,31.599997992338857,25.997948315261056,27.060165599832676,35.7203948310395,7.633909284643143,21.409437364666385,0.8151085437436206,0.25041091974558705,0.5712650561204676,2993.2513957324345,1.6425789656705194,0.810426829614095,0.5557375470532983,1.4186529018907699
71.21776177723879,50.04744949614436,61.67987057254269,74.85239186987562,42.41296615103392,78.31137344482701,37.77336939406311,29.292872283608368,32.610266435962224,37.89320489443844,42.43522845612987,159.93956384978955,332.4876779936819,201.1279233883789,73.45793274845926,29.296226037281535,2.6248644396413043,1.6024862732277243,1.02237816641358,0.25740700949277384,0.10945732921768322,0.1936489375870944,0.14065113006070232,8.000594158287635,3.0964025335799805,2.58027729054306,2.3239143341645963,2.9558023329259226,69.66392155543426,0.3263060101479311,54.159395098485,26.532039624657077,0.5666666666666667,$E_{lv}^{min}$,[mmHg/ml],19.826182429677285,38.614399334427176,5.8538287542106255,5.784697661417376,5.8099701282612495,2.4950950206932987,4.099971526514655,31.732111100162772,26.102814019297274,27.168406145075867,35.87190408983075,7.5906460923550165,21.49960133230787,0.8102726126603734,0.24955334810262272,0.5712642555703804,2968.9076305723743,1.642514727863145,0.8181094226610897,0.555691667729768,1.4321032949002663
70.64304559980417,49.64834441652919,61.18525235014437,74.22277378855524,42.07033517408288,77.77865517113935,37.810857934347396,29.379729271479494,32.672717009411556,37.92907284967033,42.09330832818735,159.67635425014512,333.7311931128235,201.95699160091218,73.04571369167783,29.236635798956733,2.6028129985663657,1.582785689076417,1.0200273094899486,0.25117368442539084,0.10768228674388436,0.19233723290019725,0.14100720185181437,7.934169388248755,3.069984014883623,2.5582399889129572,2.3059453844521745,2.9559307611822607,69.09825253214063,0.32716358179089544,54.089820763182274,26.36164166313879,0.5737373737373738,$E_{lv}^{min}$,[mmHg/ml],19.932797879032123,38.79116975337409,5.809599299754126,5.740813377767909,5.766059911151609,2.4981805463677276,4.090481138909935,31.86188979406157,26.205812185540818,27.27473078556636,36.02086735165966,7.5480821025288245,21.588168894200052,0.8055112396412462,0.2486957764596584,0.5712634703156269,2944.9234621858013,1.6424459716381843,0.8257975967838936,0.5556442637990844,1.4455634566089706
70.07664548123732,49.255136352870224,60.69781233260193,73.60248955383798,41.73256793777546,77.25368875460235,37.84752932138497,29.4649549653246,32.733959852013605,37.96417980982196,41.75653544689556,159.41622450434144,334.95304475515076,202.77165098571862,72.63999979780026,29.178288352792293,2.58125781820243,1.5635671102066193,1.017690707995811,0.24509652047376004,0.10594702026063807,0.1910392293322702,0.14135536741399454,7.868710047815473,3.0439504457133437,2.536523616505274,2.2882359855968555,2.956059189438598,68.54073183768654,0.3275923676123776,54.020162157356225,26.193403824940287,0.5808080808080809,$E_{lv}^{min}$,[mmHg/ml],20.038311353196477,38.964919779677935,5.76604079134613,5.697593152530047,5.722815294571577,2.50119372965911,4.081092381256407,31.989422266484684,26.307011225743416,27.37921211447775,36.16740176558632,7.506267313278823,21.675200601936982,0.8008234283955697,0.2482669906381762,0.5712626981227313,2921.279755644282,1.6423799259102119,0.8334843090556024,0.5555977809166012,1.4590210629795661
69.5183189481295,48.867677453705966,60.217359141067355,72.99137005228367,41.39965881066807,76.73621638205127,37.88332109425746,29.548551048797965,32.79397798399986,37.99843356289791,41.42445647952523,159.15902101030454,336.1533613923657,203.57189980675903,72.24052042941538,29.121130481203455,2.560181773786354,1.5448151669838641,1.01536660680249,0.23917066778442736,0.10425013180250929,0.18975447888155905,0.1416953612820548,7.804195383958301,3.0182940291008036,2.5151217599936646,2.270779594863831,2.9561886988510246,67.99111817175917,0.32844993925534194,53.950612582394044,26.027086756737,0.5878787878787879,$E_{lv}^{min}$,[mmHg/ml],20.14157903555824,39.135660601503595,5.723129693825337,5.655014089477618,5.680213139435762,2.5041315513252007,4.071795883637395,32.11470825870934,26.40641259773296,27.481848565491774,36.31150930482277,7.465101626902856,21.760696243932113,0.7962025054204883,0.24740941899521188,0.5712619414749582,2897.976116746765,1.6423110751395582,0.8411751695226725,0.5555501500218412,1.4724859271227086
68.96791698164215,48.48585474631255,59.74375619520324,72.38919456754532,41.071518173965025,76.22612917094908,37.91829528959153,29.63058173003937,32.85282771785581,38.031902032503844,41.097117032527734,158.90475324034261,337.332550460362,204.3583024580014,71.8470431071375,29.065014485380388,2.5395718341692763,1.5265158395539054,1.013055994615371,0.23339142014951386,0.10259062844963462,0.18848287125123173,0.14202769566558576,7.740610365109534,2.993009070065949,2.4940298441731867,2.2535714508703975,2.9563186228461444,67.44927186612112,0.32887872507682414,53.88115416677618,25.862736132485953,0.594949494949495,$E_{lv}^{min}$,[mmHg/ml],20.24366170516995,39.30349145372221,5.680856925009983,5.613066754140066,5.638244231349437,2.5070009986486155,4.062594458861674,32.23783486676667,26.504087226760685,27.582713227704204,36.45327256372715,7.424573428809068,21.844715628147053,0.7916456637333171,0.24655184735224756,0.571261196295134,2875.0062721775516,1.6422395583340474,0.8488683218036601,0.5555015435897128,1.4859548089541588
68.42525990132114,48.1095236426838,59.27685504565603,71.79573600151593,40.74795293374773,75.72328284246085,37.952458232957696,29.711077131226748,32.91053103076434,38.06458646410023,40.77440963622082,158.6533896117937,338.49167766360284,205.131085378625,71.45951194292154,29.00992773421358,2.519414321375357,1.5086549686697932,1.0107593527055634,0.2277541038301366,0.10096742814945409,0.18722449270976893,0.14235247993476907,7.677927188121554,2.968083640372889,2.4732375656612002,2.236605982087464,2.956448553678095,66.91501983870705,0.32973629671978844,53.811656605699675,25.700307907691748,0.602020202020202,$E_{lv}^{min}$,[mmHg/ml],20.344774298489064,39.46848350943577,5.639207634094352,5.571736602193469,5.596893850632539,2.5098011893916397,4.053486193124511,32.35883682827338,26.600061974633967,27.681832659127764,36.592758128036465,7.384673485906891,21.927282694837924,0.7871553908623403,0.24612306153076535,0.5712604655255318,2852.3567053623415,1.6421688703602968,0.8565638126303223,0.5554532204922988,1.4994277817603312
67.89018090797767,47.73872344915126,58.81651150720818,71.21091102853354,40.42896979666472,75.22761230633895,37.985822861433796,29.790069924639273,32.96710916620873,38.096504625462664,40.4562411495252,158.40489162384304,339.6302712170878,205.89052842004625,71.07777775150957,28.955927734404465,2.4996955367242846,1.4912194001207526,1.0084761366035317,0.22225443477164833,0.09937946771646246,0.18597903038517408,0.1426698056325217,7.61613413562608,2.9435141328851224,2.4527421854208993,2.219877817320059,2.956578485449017,66.38819184243673,0.3305938683627528,53.74219459741914,25.539767575861745,0.6090909090909091,$E_{lv}^{min}$,[mmHg/ml],20.444191204077306,39.63066525048879,5.598166641640163,5.531008203908551,5.556146645456156,2.5125335698706825,4.044466667226865,32.477757315473916,26.69437322441315,27.77924486856983,36.72999846052178,7.345375088179311,22.008427015978903,0.7827295175789929,0.24526548988780103,0.5712597479839565,2830.0278857665303,1.6420945716977824,0.8642614032389733,0.5554036802268068,1.5129044297082972
67.3625005850079,47.37303220760758,58.36257215224525,70.6344239805611,40.114349385879095,74.73880117840359,38.01837074954052,29.867575309718415,33.022563944413605,38.12763774128619,40.142440136976184,158.1591748662848,340.74951932698343,206.6368229414245,70.7017940994652,28.903013012241264,2.480400104829527,1.4741956088615833,1.006204495967944,0.2168879626611996,0.09782569947765535,0.18474587342726456,0.14297953143775333,7.555205219473596,2.9192890942487595,2.4325341040910646,2.203382021133773,2.9567084224870905,65.86861491228902,0.33145144000571714,53.672722539561526,25.38103791380708,0.6161616161616161,$E_{lv}^{min}$,[mmHg/ml],20.542038310103266,39.79008394411487,5.557718877971749,5.490867314833485,5.5159881403562885,2.5151978650864955,4.035534301268859,32.594626253841895,26.78704244193363,27.874970393502284,36.86503067502505,7.306670148346394,22.08816906909674,0.7783673581844783,0.2444079182448367,0.5712594267420177,2808.0044570115365,1.6420212697124248,0.871962197528682,0.5553544804161676,1.5263856607174422
66.84395366502496,47.014187523757684,57.91652358132405,70.06820351778659,39.80527749853346,74.25828426806129,38.05029577980039,29.944200118290947,33.07731094794776,38.15815501195926,39.829832781062336,157.91328696869974,341.85822993997516,207.37633724802052,70.32802631453426,28.850457389534792,2.4615318570264106,1.4576156840486443,1.0039161729777661,0.21166331211183811,0.09631054319248888,0.18351153102210113,0.1432836612452835,7.495369704829152,2.895499436828471,2.4126903845821914,2.1871798834184912,2.9568383621819945,65.35796316093045,0.3318802258271993,53.60382062537611,25.22259750628652,0.6232323232323232,$E_{lv}^{min}$,[mmHg/ml],20.63960627225383,39.947778160007246,5.517480483461748,5.450983318612139,5.476066460866698,2.517812137117336,4.026599440115577,32.71045579597787,26.878869043833788,27.969804388259757,36.99888135957561,7.268187060941082,22.167195545023358,0.774024692986662,0.2439791324233545,0.5712594267420177,2786.369424897342,1.6419421561208418,0.8797400080882993,0.5553033189508448,1.5400008593391532
66.33067749841778,46.6588733493233,57.47506207364251,69.50801957800772,39.49932099642879,73.78287910658896,38.08134542679309,30.018893194129884,33.13065901744635,38.18783436506438,39.52458289968412,157.67288923927768,342.9397752859936,208.09765477977626,69.96280637254884,28.79953688354821,2.4430507111962796,1.441380055346381,1.0016706558498987,0.20655155754499652,0.0948224486933697,0.18230302464598502,0.14357935578080305,7.436131818325613,2.8719496559869233,2.393045477342902,2.1711366849957883,2.956968299830631,64.85249942713064,0.33273779747016363,53.534534670796575,25.067456485625307,0.6303030303030304,$E_{lv}^{min}$,[mmHg/ml],20.735247391027023,40.10192507898562,5.478175373412687,5.411974748411099,5.4370423287709935,2.520351548204346,4.0178369056502445,32.82342587831687,26.968422420667746,28.062329701144545,37.129718276295485,7.230680136536176,22.244269704960253,0.7697725490888725,0.24312156078039018,0.5712594267420177,2764.9524697500156,1.6418636521117431,0.88744857323277,0.5552523685173716,1.553494842604224
65.8243318999669,46.308626726402366,57.039603181499146,68.95570972324914,39.19749111685735,73.31405454441223,38.111667831608436,30.09221344682238,33.18297776084395,38.21681366669087,39.22357104033237,157.43511825828864,344.00269979706394,208.8067366770909,69.60292486240536,28.74962067513582,2.4249587982713736,1.4255198295598852,0.9994389687114882,0.20156105021590973,0.09336570976778351,0.1811069494902234,0.14386824104290188,7.37770582370423,2.8487240637122753,2.3736708919554936,2.1553108680364605,2.957098247138909,64.35382711702962,0.333595369113128,53.46517984912739,24.914117939036977,0.6373737373737374,$E_{lv}^{min}$,[mmHg/ml],20.829198441070595,40.25350576816483,5.439427430867995,5.373517657105816,5.398571029054348,2.5228286988136226,4.009158879228166,32.93448525539051,27.056448921982266,28.153285987987875,37.258597121292546,7.193756258247766,22.320037039123505,0.765579379902697,0.24226398913742586,0.5712594267420177,2743.8243781800147,1.6417843408695485,0.8951582675774589,0.5552011477664056,1.5669908025547818
65.32483027302338,45.963471835328725,56.61008437365982,68.41117000266583,38.89978792698291,72.85163768982667,38.14126143394553,30.164202430323368,33.2342993917932,38.24508047161838,38.92664430120962,157.19991720040252,345.0478477987543,209.5039353613982,69.2483502762544,28.70065626598953,2.4072462082780826,1.4100254264785612,0.9972207817995213,0.19668861052798908,0.09193961161776755,0.1799229944203804,0.14415049411601039,7.320084406525318,2.8258195977022105,2.3545640870274585,2.1397007217956485,2.957228193043407,63.86185838489524,0.33445294075609233,53.39590043617516,24.762509417600345,0.6444444444444445,$E_{lv}^{min}$,[mmHg/ml],20.922476447874626,40.402558819170196,5.401229162859334,5.335604434272774,5.360644799059437,2.525246945866939,4.000564742624685,33.04368973425774,27.142993559854233,28.242720198006804,37.385479975193064,7.1573728709366575,22.39453685516087,0.7614426650921482,0.24183520331594366,0.5712594267420177,2722.9851548888037,1.6417019677528202,0.9028707673418876,0.5551488963938479,1.580491673443538
64.83197869956516,45.62294763004726,56.186333828879185,67.87417654786915,38.606052335256436,72.39541984353723,38.17015285822481,30.234876760721576,33.28463162048418,38.27267641983203,38.63373084433607,156.96722151198816,346.0752718386153,210.18940625422906,68.89882902823375,28.65263780326937,2.3899003779517343,1.3948844144425387,0.9950159635091955,0.1919301725505425,0.09054316665374154,0.17875104991622234,0.14442617102247504,7.2632438968508986,2.8032268979664225,2.335717150412072,2.124299848472404,2.9573581406262495,63.376405155311,0.3348817265775745,53.3266502476162,24.61261050058497,0.6515151515151515,$E_{lv}^{min}$,[mmHg/ml],21.014387458846578,40.54914356965676,5.363563270835795,5.298218406300413,5.323246875488245,2.5276055367714627,3.992050710519607,33.15106340682223,27.22807390363652,28.330649292436696,37.51042044853514,7.121514795863167,22.467784842182077,0.7573613369291308,0.24097763167297934,0.5712594267420177,2702.4236634679505,1.641618381619231,0.9105856245904573,0.5550962391290228,1.593996671151092
64.34568045267656,45.28725819287347,55.768276306129,67.34463464559417,38.31627964030586,71.94527775642219,38.19835939335022,30.304280918851948,33.334009435404255,38.2995992255374,38.34462810596485,156.73699201873853,347.0856085168,210.8635436393683,68.55421864478919,28.60549422005727,2.372911670331749,1.3800874297283654,0.9928242406033836,0.18728262562091394,0.08917567914671429,0.1775907383776749,0.1446955382903672,7.207176495263005,2.7809429781466295,2.317127888732739,2.1091056283836376,2.9574880674815756,62.897374075443345,0.33573929822053883,53.25753244018237,24.464312867112188,0.6585858585858586,$E_{lv}^{min}$,[mmHg/ml],21.104743712866913,40.6933118455141,5.326420984600201,5.261350800180229,5.286368525504425,2.529909121378446,3.983617338630168,33.25666876617876,27.311741084217623,28.41712592059653,37.63354807819317,7.086166777906304,22.539823602633952,0.7533318958626655,0.24054884585149716,0.5712594267420177,2682.13957482141,1.6415313455766727,0.9183062301369783,0.5550424238818671,1.6075117313585932
63.86574253469783,44.956336632255535,55.35574053458253,66.8223303906155,38.03029395958883,71.5012287820202,38.22585754256291,30.372414337592552,33.38242510516615,38.32583604082041,38.05941104662327,156.50919870155616,348.0789343077183,211.52636331685525,68.21442410841145,28.559230038196983,2.3571292379345996,1.3656224205123155,0.9915068174222841,0.18274203701020075,0.0878361827102527,0.17644190349612957,0.14530883529341684,7.151858554416906,2.7589584223932904,2.298788270937599,2.094111861086017,2.95761805637198,62.424571829297776,0.3365968698635032,53.188308239468995,24.31768315368983,0.6656565656565657,$E_{lv}^{min}$,[mmHg/ml],21.194558061269056,40.83509834580309,5.289787651986864,5.224987096402888,5.249995261202484,2.5321549671708232,3.975259731048994,33.36050454226758,27.39399457127293,28.50214881640848,37.75483695361277,7.051314362607413,22.6106539262096,0.7493463750442534,0.2392624883870506,0.5726401223344066,2662.1205771712184,1.6414433161003283,0.9282664096699796,0.5549882658323492,1.6210292877939432
63.392100141013366,44.63010203762128,54.948675677090506,66.30720830610139,37.74809977929449,71.06303833477001,38.25270103271664,30.439336974622844,33.429935907526044,38.35144431335174,37.77803620535172,156.28393803536156,349.05573931057853,212.17828507454263,67.87953714969098,28.51383364589477,2.340824136525585,1.3514811156338478,0.9893430208917373,0.178305625890737,0.08652409591164016,0.1753049370179382,0.14556620968602,7.097279930078085,2.7372686835594098,2.2806943152966084,2.079316931222068,2.9577480088702868,61.95793309887016,0.33745444150646753,53.1191751209221,24.172692779730106,0.6727272727272727,$E_{lv}^{min}$,[mmHg/ml],21.282802232502736,40.97455261875522,5.253657591730511,5.189121855334027,5.2141215476580065,2.5343459389455956,3.9669809862263024,33.462638257338256,27.47488910974441,28.58577444872167,37.874377485780926,7.01696645953812,22.68032147021385,0.7454120961637001,0.23883370256556846,0.572639504926418,2642.3669845506142,1.6413523716723668,0.9360075723576896,0.554933133840324,1.634549422988138
62.924548056471174,44.30827281091283,54.546913487493505,65.79906812668303,37.46959123886359,70.63050305076547,38.27886197983535,30.505033441710943,33.47651132234834,38.376377806329906,37.50027302863238,156.06088166236577,350.0162712849933,212.81933076119316,67.54920430815221,28.46919839617062,2.3248422796213273,1.3376520671317165,0.9871902124896108,0.17396967362958693,0.08523848374102959,0.17417868638221884,0.14581733495502136,7.0434268251614744,2.7158692784677423,2.2628427807452036,2.0647147659485277,2.957877965296418,61.497262637666616,0.3383120131494318,53.05015484872369,24.029258728502754,0.6797979797979798,$E_{lv}^{min}$,[mmHg/ml],21.369846312225278,41.111700295517316,5.218014143013063,5.1537381367355355,5.178730432142311,2.5364832511628173,3.958774376203122,33.56307139678,27.554426159268775,28.668004226704433,37.992176673837804,6.983180485062827,22.74882771636703,0.7415254610338113,0.2379761309226041,0.5726388953574962,2622.8713867204515,1.6412579001897794,0.9437530565791713,0.5548768135284796,1.648077111475269
62.4630604026085,43.99102051037686,54.15044062886434,65.29782683886397,37.194685732232024,70.20372620398307,38.30439994703472,30.569578857712763,33.522232825052505,38.400717128391406,37.22616477538533,155.84026166048525,350.9610086557668,213.4500039320157,67.22351788700766,28.42527636956281,2.309180233817579,1.3241276565080855,0.9850525773094938,0.16973152881602172,0.08397890065880986,0.17306423778174326,0.14606282616520544,6.990286597648794,2.6947540519904827,2.2452278602419713,2.050304685416341,2.9580079363107417,61.0425350176578,0.3391695847923962,52.98107058329013,23.88738595452729,0.6868686868686869,$E_{lv}^{min}$,[mmHg/ml],21.456518732871405,41.24665687077497,5.182855216080872,5.118834440345066,5.14382030436247,2.538569990873234,3.9506465188850557,33.661883413140195,27.63266907048361,28.74890300727325,38.108356115757864,6.949872158199694,22.816226792830864,0.7376870419435952,0.23711855927963976,0.5726382981505999,2603.6280012562415,1.6411628117282302,0.9515016606787585,0.554820286849908,1.6616102411447868
62.007428259401856,43.67826716529017,53.759078768359146,64.80330349330764,36.9233481127085,69.78245935451605,38.329297312944504,30.63296325187128,33.56707136392685,38.42442896142426,36.95554799193108,155.62175528764413,351.89031402138477,214.07032210624584,66.90221794447363,28.38212780339932,2.2938230402999955,1.310896738100382,0.9829263021996135,0.1655876047240834,0.08274440263379544,0.1719603981659286,0.14630232630545906,6.937844837918047,2.6739179790041416,2.2278460921599055,2.0360807667540004,2.958137897196916,60.59353937466766,0.3404559422568427,52.912076264218065,23.747031977389106,0.693939393939394,$E_{lv}^{min}$,[mmHg/ml],21.541128586287755,41.37936724914837,5.148164633698668,5.084394336774551,5.1093749972350055,2.5406032750414447,3.9425878375246994,33.75907550460651,27.709618624834008,28.82847080721559,38.2229303210143,6.917012231397733,22.88251988974608,0.7338933251779173,0.23668977345815762,0.5726377096375572,2584.634367889595,1.6410629715838851,0.9592542727735686,0.5547621607291973,1.6751503727910526
61.55751427295724,43.36995556565378,53.372716736761085,64.31540360723696,36.65556037193077,69.36658664356027,38.353558151062494,30.695208164867964,33.611047035726216,38.44752082532811,36.688437880938054,155.4054582378492,352.8039904356194,214.68043794091813,66.58521247729868,28.339748524952412,2.2787624816293057,1.2979498192437133,0.9808126623855924,0.16153474347646846,0.08153428873642313,0.17086740512434376,0.1465361161706125,6.886087402898956,2.653355572616802,2.210692525243261,2.0220393050388923,2.958267864174687,60.150146910554135,0.341313513899807,52.843252271133245,23.608204175677105,0.701010101010101,$E_{lv}^{min}$,[mmHg/ml],21.625168253975275,41.509953869816385,5.113932366211101,5.050407935489976,5.075384681047874,2.542586980835987,3.934599470366432,33.85467275741373,27.7852957564426,28.906729788342677,38.33594185501947,6.884589646435094,22.94772380500057,0.7301374982630164,0.23583220181519327,0.572637131255819,2565.8892260351536,1.6409555958286344,0.9670093455065389,0.5547014912682482,1.6886947994200863
61.11331253674501,43.06617973182852,52.991357286004614,63.83402236272686,36.39109527090544,68.95606714771982,38.377244521516786,30.756378186686128,33.65421847182346,38.470055654613816,36.42489431461987,155.19146013502822,353.7031973061926,215.280778655495,66.27273604692999,28.298138759811785,2.2639927109938625,1.2852788770049641,0.9787138339888983,0.15757004219724796,0.08034820048769688,0.16978577220823576,0.14676456681164166,6.835003740789351,2.6330618481534174,2.193762613918071,2.008179278717863,2.9583978334235654,59.71235039154098,0.34217108554277137,52.774319615629054,23.470939884789715,0.7080808080808081,$E_{lv}^{min}$,[mmHg/ml],21.708490572057446,41.63842084717448,5.080157050318287,5.0168744282697375,5.041848049975939,2.544522911604643,3.9266868356239333,33.948741399199335,27.859752383804494,28.983734394980925,38.447519051119954,6.85261778069493,23.011883957908456,0.7264255036008798,0.2354034159937111,0.5726365622392822,2547.376668963381,1.6408505967469686,0.9747643695569546,0.5546416300772221,1.7022391405556796
60.67457563518682,42.766879396430774,52.61479924368855,63.35897032088994,36.130021260064446,68.55078331447109,38.40030034512824,30.81644116210514,33.69654596740644,38.4919758098786,36.16454649821146,154.97945230363737,354.5872877680633,215.8712920253679,65.96435264542798,28.257221518333754,2.2494979316536314,1.2728722139739432,0.9766257176796884,0.15368973060013735,0.07918515312910787,0.16871420428305747,0.1469873069688484,6.784579593657945,2.613031878398405,2.1770529856948353,1.9944947295647073,2.9585278059121456,59.279906387334705,0.34345744300721787,52.70548272850646,23.335058913072874,0.7151515151515152,$E_{lv}^{min}$,[mmHg/ml],21.790005592701736,41.764794558159004,5.046820322858289,4.983774810842623,5.008746572339911,2.5464088936889784,3.9188392454612977,34.04127191982298,27.93298197153623,29.059475075721597,38.55764411565056,6.821059740206134,23.07499418249269,0.7227528951779965,0.23497463017222892,0.5726360025525178,2529.101488204511,1.6407382093865108,0.9825259255485527,0.5545792762561695,1.7157948874484938
60.243192260084115,42.47364934363783,52.24467634704112,62.8923073675192,35.8735380561028,68.15214027338243,38.4229257395069,30.876113410688085,33.73852348663032,38.51346964947398,35.903580880186816,154.7660252646208,355.468274480597,216.45954570815226,65.65616853855772,28.216285712482925,2.235271612138154,1.2607583994918787,0.9745132126462752,0.14990090206819776,0.07804966683093995,0.167636134234735,0.14720663513366955,6.7350617660781715,2.5933626977530726,2.1606455101239437,1.981053558201153,2.9586577902628304,58.85463839525556,0.3443150146501822,52.63743429362792,23.19861921813812,0.7222222222222222,$E_{lv}^{min}$,[mmHg/ml],21.872017310822503,41.890298855469034,5.013467062791281,4.950716938836112,4.975663078959433,2.5482640764875324,3.9109494656227572,34.13347070066891,28.005934391509815,29.134897370818464,38.66756344497703,6.789605957230821,23.137871963174756,0.7190758160677254,0.23411705852926457,0.5726354450136628,2511.147663927196,1.6406142684675402,0.9904050395839312,0.5545130206903034,1.729555947345
59.815190311806816,42.183886974923034,51.87763080036094,62.429657574596895,35.618993389582705,67.75704924485369,38.44483915753604,30.934113030908495,33.7792979051853,38.53428212526506,35.64972816290559,154.55824503266322,356.32433296966724,217.03146604124368,65.35589434713778,28.17671985619644,2.221300374030661,1.2488491954397514,0.9724511785909098,0.1461782260897003,0.076931202950849,0.16658548731254905,0.14741905683009723,6.68593764444414,2.5738521054222225,2.144368693319899,1.967716845702019,2.958787765244156,58.432702099544,0.3456013721146287,52.56869032307816,23.065562212725457,0.7292929292929293,$E_{lv}^{min}$,[mmHg/ml],21.951789917154805,42.01268424814367,4.980983329503453,4.918463560398508,4.9434095217915806,2.550059964854986,3.9032392277802965,34.22309326022076,28.076844729878577,29.208249621325034,38.77510293538042,6.75898245595596,23.19899669465073,0.7154802165591965,0.23368827270778242,0.5726349019801649,2493.3295372707894,1.640492797211768,0.9981764052985095,0.5544476073891011,1.7431288275423433
59.39225613085619,41.8994770783403,51.515152330111185,61.97290221608301,35.36772715197132,67.36683153735147,38.466190516656965,30.99108649523502,33.81929453469785,38.55454154786086,35.39914121494405,154.35261344060467,357.16664505928344,217.59412909384204,65.05953874880595,28.137807124896927,2.2075624847061284,1.2371608292270015,0.9704016554791268,0.14252421531325563,0.0758338453481272,0.16554518942470678,0.14762621524160494,6.637447530292464,2.5545954706082274,2.128303772546631,1.9545482871376052,2.9589177467682806,58.01573338627227,0.3473165154005574,52.500208700422135,22.933943537383474,0.7363636363636363,$E_{lv}^{min}$,[mmHg/ml],22.030750048508693,42.13308615718739,4.94891454880858,4.886620856026786,4.911568257113014,2.551809949418255,3.895593816952039,34.31126703436352,28.146601140256642,29.28041372351813,38.8813839613864,6.72875173392214,23.259132430554107,0.7119139227125592,0.23283070106481807,0.5726346681274154,2475.7409006379926,1.6403579776835784,1.0059482428447617,0.5543776874078948,1.7567016089583505
58.9721285718082,41.65660990607907,51.15797967559191,61.51783559016663,35.12014691268815,66.98128113289526,38.487057371095936,31.047044712297787,33.858567292963535,38.57433841389905,35.15223049477556,154.1496521379033,357.9946697781906,218.14746146109763,64.76772647896439,28.09918111130816,2.1445009738322316,1.1761278760269858,0.968373097805246,0.1387297256395982,0.054818191444542405,0.16451799970171194,0.14782878802399788,6.5898319570705315,2.5356931855710956,2.112532769055692,1.9416060024437447,2.169982473055288,42.24139631859161,0.8571428571428571,52.432778708737246,22.803963555706332,0.7434343434343434,$E_{lv}^{min}$,[mmHg/ml],22.109043219632216,42.24139631859161,4.917266969760848,4.855193644170832,4.880152219568218,2.5535200951398664,3.8880405399162847,34.39798007151587,28.215195790395853,29.351376789950425,38.98637478239471,6.698990164192233,23.318271341745202,0.7082711152842021,0.23240191524333592,0.5726346681274154,2458.4102838881704,1.2027682123200547,1.0137088558795408,0.5542755424317245,1.77025407699204
58.5523746814918,41.50464667193076,50.80686158191335,61.06200521302432,34.87687359985938,66.60041516014789,38.507547105215586,31.101994379841155,33.897159070018894,38.59378452833984,34.90965590108741,153.95016258221966,358.80842874261424,218.691179299883,64.4812144542553,28.0594358976002,2.1316066800047153,1.1652305685924336,0.966376111412282,0.13467059539972262,0.05444752191427479,0.16350742335610202,0.14802758128303692,6.543330082821761,2.517245860386031,2.0971386392839357,1.9289455831517928,2.186805393858882,42.2612101005707,0.8571428571428571,52.36735163886617,22.67594610849685,0.7505050505050506,$E_{lv}^{min}$,[mmHg/ml],22.184970222528943,42.2612101005707,4.886069570429521,4.8241962396132285,4.849184872804464,2.555196523246009,3.8806145482199828,34.48318326744909,28.282594695782397,29.421101439273077,39.08997994956412,6.669804489085727,23.37638127745424,0.7044793617349876,0.23154434360037157,0.5726346681274154,2441.3811519901565,1.2117258727210312,1.0214388524538058,0.5541077757188053,1.7837530790687794
58.133407473736774,41.4126877225939,50.46093162224267,60.608347918183284,34.637266642482736,66.22118671505558,38.52755917050112,31.155950179633013,33.93503442308339,38.61277172073667,34.67070455649161,153.75331053046332,359.6081222407411,219.22590336934215,64.20022906630729,28.017951959480847,2.1183743406635456,1.1539737743430576,0.9644005663204882,0.13060628781320677,0.053935896879093066,0.1625099961547599,0.14822194137389386,6.497740619983988,2.4991698187312434,2.082053539637279,1.916517261615466,2.1980806091876213,42.17048161369941,0.8571428571428571,52.30541517101482,22.549566208931974,0.7575757575757576,$E_{lv}^{min}$,[mmHg/ml],22.260443981180075,42.17048161369941,4.855327447707701,4.793613802557015,4.818648405641961,2.556834023222234,3.8733034223100185,34.5669467990238,28.34885476860631,29.48964195541115,39.192185605822345,6.641230166334504,23.43351724924323,0.7006474455714418,0.2311155577788894,0.5726346681274154,2424.6086649737913,1.217488725336576,1.0291536083384931,0.5538872051587509,1.7972254661142852
57.71833579662464,41.3149003195039,50.11874341988784,60.16101726008216,34.400296218707226,65.83208403902917,38.54698869264387,31.208954679437113,33.97216507549049,38.631184268903596,34.43431005049769,153.55782526389117,360.39556061298214,219.752647931362,63.92337403309266,27.976424705051553,2.105593854383022,1.1431632857119096,0.9624305686711123,0.126740103833746,0.0534075732849165,0.16152000882228218,0.1484111166537798,6.452669527612411,2.4813017641539736,2.067143018112256,1.9042247453461802,2.208458839972856,42.0623834628948,0.8571428571428571,52.254606125354755,22.424327767941406,0.7646464646464647,$E_{lv}^{min}$,[mmHg/ml],22.334395410883673,42.0623834628948,4.824971934042026,4.763396185520279,4.78847944932961,2.5584271415957387,3.8660512771282827,34.6494160544012,28.414090101968867,29.557117494413184,39.293096671486246,6.613151902790984,23.489781858053426,0.6968931784493615,0.23025798613592505,0.5726346681274154,2408.0207353095057,1.2227331763504075,1.0368798874021978,0.5536590287394426,1.8107179762498846
57.30780600311023,41.209959047226725,49.78039039978549,59.7200795396816,34.16581809293046,65.43094450437727,38.56588315267053,31.26106161551478,34.008603715216914,38.64907586535083,34.20061008945368,153.3640082448802,361.1705705831139,220.27151313234828,63.65066182097473,27.93532215843352,2.093243131112769,1.132772420720114,0.9604707103926549,0.1230393834126038,0.052884364847605156,0.16053887465141864,0.14859556046754682,6.408095728966782,2.4636317254875215,2.0523973393189756,1.8920666641602861,2.2187645987247455,41.95339019814891,0.8571428571428571,52.216605387141854,22.300284454514713,0.7717171717171717,$E_{lv}^{min}$,[mmHg/ml],22.407569332624178,41.95339019814891,4.795003051857005,4.733552389898632,4.758684984242731,2.5599782220305585,3.858863651303031,34.73061573074356,28.478316497492568,29.623549711989043,39.39268070411982,6.585483293537853,23.545189672902026,0.6932133435167239,0.2298292003144429,0.5726346681274154,2391.607266505132,1.227934600718074,1.0446136188608364,0.5534316715814919,1.8242235006078993
56.90208876300946,41.101051054107195,49.44608164114939,59.28563764001915,33.93430562585447,65.0205863243987,38.584217273669054,31.312229994662644,34.044312283591076,38.66642109198612,33.969651342972185,153.1718410721042,361.93309765447157,220.78214296812192,63.38186296219265,27.894731246918298,2.0812629506715656,1.1227427710956892,0.9585201795758764,0.11947864062388712,0.05236801429305973,0.1595664819671646,0.14877505444579334,6.3640716608151875,2.446181898090525,2.0378362844906954,1.8800534782339655,2.229047376163992,41.84470435569804,0.8571428571428571,52.190094774830975,22.177477991520185,0.7787878787878788,$E_{lv}^{min}$,[mmHg/ml],22.48048443744519,41.84470435569804,4.76542708264226,4.704091469639551,4.729274224815779,2.561487359032482,3.851733789342232,34.810493263559714,28.54149779098511,29.688903951844157,39.49084660877896,6.558192219535398,23.59970395975874,0.6895943720964038,0.22940041449296072,0.5726346681274154,2375.401393809813,1.2331091968422851,1.0523509300157068,0.5532000844972461,1.8377352762399484
56.50138899328391,40.98999292216467,49.11600352293493,58.857657656830796,33.70553383927095,64.60364761009431,38.60195954824855,31.362405557502832,34.07925025794469,38.683183238261655,33.74159866727931,152.98144708046556,362.6819074600622,221.284017032372,63.11717821012813,27.854683138827028,2.069617182025781,1.1130368324792674,0.9565803495465139,0.1160428759820631,0.05185827543227325,0.15860368268459624,0.1489493049359379,6.3206054716876,2.428954282674887,2.023460427611574,1.868190761401137,2.239278745774769,41.73600877497314,0.8571428571428571,52.17280306321971,22.05600699379698,0.7858585858585859,$E_{lv}^{min}$,[mmHg/ml],22.5514805408691,41.73600877497314,4.736252992630659,4.6750243312681,4.700257595694482,2.562951102940956,3.8446692684218693,34.888970984147726,28.603564185465704,29.7531108366358,39.58745940963762,6.53130235465903,23.653270762735136,0.6860338715448541,0.22854284284999637,0.5726346681274154,2359.3873687489663,1.2382539013918759,1.0600838168109739,0.5529699702318444,1.8512393255504005
56.105982946710114,40.87805736336809,48.79039096077175,58.4363499989076,33.47993945658957,64.182535078872,38.61915671410103,31.411617507935034,34.113450402716765,38.69942040128881,33.51667820707785,152.7931193347005,363.41747453483987,221.7770943612785,62.856642261182145,27.81525169660343,2.0582887218052157,1.1036334083259127,0.9546553134793032,0.11272355059083132,0.05135507067986491,0.1576517651969911,0.149118687436872,6.2777353751453795,2.411964825081592,2.0092830480262696,1.856487502037518,2.2494308840956876,41.62706521914154,0.8571428571428571,52.16362896144111,21.935986615770307,0.7929292929292929,$E_{lv}^{min}$,[mmHg/ml],22.622618962742955,41.62706521914154,4.707500573284713,4.646371575452639,4.671655803948124,2.564372449690061,3.8376756287506764,34.96604223056439,28.664516408971373,29.81617705820786,39.68245351651233,6.504821335302879,23.70588571127182,0.6825339108730869,0.2281140570285142,0.5726346681274154,2343.59576196127,1.2433435034467615,1.0678043507811645,0.5527369221422459,1.8647218029481414
55.715987936322506,40.68900411368707,48.4693414584587,58.02173542420086,33.25757923570117,63.758276011573514,38.63570856847793,31.459769584052218,34.14681521207477,38.715025572706864,33.29484143617824,152.60659863320723,364.13825634226544,222.26073505996447,62.60011132760612,27.7763800552251,2.0472569279849164,1.0945159258935788,0.9527410020913378,0.10951402920449119,0.05085829839452464,0.15670993087541174,0.14928234639748977,6.235482017696785,2.3952215978691296,1.9953119713730147,1.8449484484546401,2.259487065204301,41.517734137756314,0.8571428571428571,52.16198008500763,21.81743236162612,0.8,$E_{lv}^{min}$,[mmHg/ml],22.692230077220245,41.517734137756314,4.67917185519629,4.618135549255694,4.643471166323858,2.565744937963508,3.8307447006564743,35.041604388238916,28.72427253569882,29.878016485768683,39.77568118826709,6.478813865903356,23.75747948434574,0.6790899032420052,0.22768527120703205,0.5726346681274154,2328.030546499082,1.2483690963648995,1.0755086187732612,0.5525011032767398,1.878175874838847
