STK_syst_list,DTK_syst_list,MAP_syst_list,Plvmax_list,SV_lv_list,EDV_lv_list,STK_pulm_list,DTK_pulm_list,MAP_pulm_list,Prvmax_list,SV_rv_list,EDV_rv_list,maxVla_list,minVla_list,maxVra_list,minVra_list,Eout_total_list,Eout_lv_list,Eout_rv_list,SW_lv_list,PE_lv_list,SW_rv_list,PE_rv_list,Ein_total_list,Ein_LAD_list,Ein_LCX_list,Ein_RCA_list,Ees_lv_list,Pes_lv_list,LVET_list,EF_lv_list,EF_rv_list,var,var_name,var_unit,Plvmin_list,EDP_lv_list,Pv_syst_max_list,Pv_syst_min_list,Pv_syst_mean_list,Prvmin_list,EDP_rv_list,Pv_pulm_max_list,Pv_pulm_min_list,Pv_pulm_mean_list,Plamax_list,Pramax_list,Plamin_list,Pramin_list,RVET_list,Ees_rv_list,CO_list,Ea_lv_list,Ea_rv_list,VAC_lv_list,VAC_rv_list
143.25610783911148,104.17866426360905,123.04540268603124,290.40144604821927,85.56921826825985,172.31985537019688,33.11018975386713,17.212942241915602,24.55751929438146,34.596908738255884,85.57160198481814,191.95685363485137,173.555888915563,91.79842774883059,126.64923024190881,35.39885602309641,10.446951820392446,9.210419101025286,1.23653271936716,2.7985349093465004,0.660985050419876,0.3298791972225744,0.0914755667478159,17.366115389825804,6.946580769536682,5.797420009215368,4.62211461107375,1.6944698471745099,129.61657519433885,0.3370256556849853,49.65720176843837,44.578560423581514,0.1,$E_{lv}^{min}$,[mmHg/ml],9.010174396213953,16.174648796638206,10.92091875057039,10.811935215716542,10.85519958915368,2.360329139805829,5.337335425987942,15.131663558205837,12.742949562165329,13.58019935612076,17.241437750411063,10.27686082230169,10.045659981147478,1.269233979896561,0.31858786536125205,0.5548850284395999,5989.845278778189,1.5147570331657159,0.32245728759808956,0.8939415686219138,0.5811245052058376
140.7882337946206,102.38262688140658,120.9377574650013,283.04993216032346,84.08428473020446,168.69323785916657,33.28775712533719,17.658246909416523,24.85526463484737,34.70703893481438,84.08693665227729,190.91359506075617,179.24396794477124,95.68701379664103,124.53520778971763,35.19426057339555,10.045119080373018,8.813288447205801,1.2318306331672175,2.6725451124528234,0.6255396221836811,0.32633644527258754,0.09310690154335462,17.044224900344727,6.813897441572699,5.686631355734534,4.543696103037493,1.6976206802888776,126.21051570819833,0.3374544415064675,49.84449038816965,44.04449909683883,0.10707070707070708,$E_{lv}^{min}$,[mmHg/ml],9.396289184727472,16.93705199378722,10.750964904754088,10.643376719760058,10.68560694641885,2.362793759598987,5.2967583078954545,15.725255630103208,13.226957293587036,14.068458641968101,17.913806640696965,10.19606013153692,10.455567468571923,1.2539707413539332,0.31687272207532335,0.5548830266545335,5885.8999311143125,1.5010000514740829,0.33106321421300794,0.8841787031120895,0.596636044553451
138.431661940888,100.66812557484884,118.9253691445896,276.10555881054796,82.66642861863322,165.25774233388577,33.455762166460666,18.08219273188504,25.13813199985053,34.81162159456365,82.66922460778264,189.91346245421568,184.6600635146081,99.41242786381896,122.52700919040376,34.998602055100996,9.69296087309026,8.465049009768,1.2279118633222612,2.5554182387874884,0.601105748923081,0.3228686507151599,0.09498170022884873,16.737316591359527,6.6874531529187085,5.581053674968125,4.468809763472694,1.7238944102096356,124.67476908212463,0.3370256556849853,50.02272659129909,43.529944396497186,0.11414141414141415,$E_{lv}^{min}$,[mmHg/ml],9.7647914871469,17.67104775005398,10.588836539015158,10.482575757950212,10.523824055601544,2.365144081776563,5.257858872138235,16.28951009200505,13.687233547700972,14.533242105912606,18.54801708821554,10.11894636916976,10.84629016669517,1.2393858990594504,0.31472879296791245,0.5567522071391786,5786.650003304326,1.508166872156645,0.3406864651818349,0.8748603529454237,0.6119175834657608
136.17487362590185,99.02677747997667,116.99854134012722,269.5255027287148,81.30886021305352,161.99379672053115,33.615104835408935,18.48683238368845,25.407541650661994,34.91115334852933,81.31193377728951,188.9520069511917,189.83177867614907,102.98824901345388,120.61362320550548,34.81090753398045,9.363550444451056,8.140329477726755,1.2232209667243006,2.4461588928867672,0.5783652850509383,0.31947008151986617,0.0964734008883861,16.443861085373044,6.566610404913536,5.480154079220923,4.397096601238586,1.750064285021224,123.21849805909478,0.3370256556849853,50.192576419037906,43.03311464603456,0.12121212121212122,$E_{lv}^{min}$,[mmHg/ml],10.116958922796556,18.377966349020493,10.433734636659887,10.328739916311068,10.369053303048,2.367371048001421,5.220461027424111,16.827644108610507,14.126221324287023,14.97684098002467,19.15022484467401,10.045169553786728,11.219684023734596,1.225405965966047,0.31344243550346595,0.556748031341439,5691.620214913746,1.5154375271800082,0.3490813530645181,0.8659324918236531,0.6270006060433388
134.00761325870502,97.45112483154757,115.1484405688353,263.27202966915627,80.00558585963249,158.88380505922896,33.766851794284534,18.873784281043775,25.664893720246585,35.00634890803974,80.0097223299565,188.0266674979964,194.78257527980728,106.42546627530294,118.78634543824941,34.63070146959063,9.037333945480205,7.818783997477584,1.2185499480026205,2.3439087771646423,0.5499058559563264,0.3161415306259225,0.09790316368408591,16.16244720680367,6.4507808508178135,5.383438945350995,4.328227410634864,1.7531098280143822,120.25317050558635,0.3370256556849853,50.35477708367312,42.55232696224277,0.12828282828282828,$E_{lv}^{min}$,[mmHg/ml],10.454020072895855,19.058902420577812,10.285059631210187,10.181270108832473,10.220688608441197,2.3695145853269004,5.184460953494788,17.342463389957732,14.546031714492262,15.401297195261122,19.725243333323032,9.974537783047602,11.577351448418337,1.2119870600143785,0.31172729221753726,0.5567463213008849,5600.391010174274,1.5030596828147362,0.35738150949554087,0.85736766675773,0.6419108592590046
131.92287051545384,95.93605736288744,113.36912166199423,257.3165228752014,78.75192360547437,155.91391209329018,33.91141666393497,19.245073102222197,25.911132453644715,35.09723575748443,78.75595281837681,187.13203634458554,199.53362098010857,109.73391936961916,117.03624995391203,34.45672507495376,8.749425092085394,7.534753709369588,1.2146713827158053,2.2479857708963378,0.5303693955140641,0.3128689028114493,0.09959913894294309,15.89216204103496,6.339583468391438,5.290594437398946,4.261984135244577,1.779059399061325,118.96857318708416,0.3365968698635031,50.509875961776665,42.0857670107086,0.13535353535353536,$E_{lv}^{min}$,[mmHg/ml],10.777071194923419,19.71496934166841,10.142086350126267,10.039455239549213,10.078019883298056,2.371565097547764,5.149668222347921,17.836393743805072,14.94853471390695,15.808417510313808,20.27716818537914,9.906625981378399,11.92072471075912,1.1990292658230068,0.3100121489316086,0.5585643374891303,5512.634652383206,1.5106751396078173,0.3667995589592756,0.849142608956669,0.6566827388374281
129.9124907782742,94.47525218960362,111.65333925634985,251.62977213161227,77.54324827207037,153.07057797914842,34.049604776673796,19.601407368110458,26.147210025945373,35.18445757045817,77.5485142445734,186.26753936128674,204.09912390804263,112.91972193472253,115.35745661976267,34.288955050513515,8.477559545791953,7.267531762548585,1.2100277832433683,2.1577475550510914,0.5119808037084959,0.30965841238358566,0.10092198730884058,15.631873093015418,6.232549670378165,5.201225506047365,4.198097916589893,1.8048836817187228,117.73328153396695,0.3365968698635031,50.65849315773373,41.632865560198,0.14242424242424243,$E_{lv}^{min}$,[mmHg/ml],11.086771905023973,20.347050994400405,10.004477703438836,9.9029524306466,9.940695475002402,2.3735391660919944,5.1160252292967625,18.311090754119153,15.33498917854749,16.1994538877996,20.80828964592043,9.84133252743278,12.25067406016952,1.1865352711965942,0.30829700564567997,0.5585607547306051,5428.027379044926,1.5182918456147816,0.3749750964648393,0.8412131269140676,0.6713237428320407
127.97306216200735,93.06668881786263,109.99835582102018,246.19578282713047,76.3772090110648,150.34637924062963,34.181770507885254,19.94440268013365,26.373872141679133,35.26806401839029,76.38223384017971,185.42933101200762,208.4945499287561,115.99013783131416,113.74453432073209,34.126459569690425,8.206136251174826,7.000745829764408,1.2053904214104176,2.072764230744178,0.4885145618429795,0.3065002086945288,0.10219508456173852,15.381102881747395,6.1294742556717665,5.115163241200861,4.1364653848747714,1.8078161918449909,115.09691783788979,0.3365968698635031,50.80083032051138,41.1920991265581,0.14949494949494951,$E_{lv}^{min}$,[mmHg/ml],11.384331948328574,20.9565089517456,9.87172357456949,9.771265710339305,9.808223591864804,2.3754407748990607,5.08342803986597,18.76825527239619,15.706768883422527,16.57577248652201,21.32084273404061,9.778413901212941,12.568370793242897,1.1744475942868915,0.30701064818123347,0.5585576099691785,5346.404630774537,1.5069537016103278,0.3830931935148137,0.8335768361895167,0.6858615596266838
126.09760203843663,91.70471463094508,108.39817955324418,240.99058309911683,75.2499802141768,147.73040361160886,34.308287421915004,20.27457345727906,26.591588806432977,35.34838884546573,75.25602103388734,184.61696608774787,212.72708420297292,118.94972892433604,112.19260908702043,33.96916531827792,7.9646230495633645,6.7638495413034825,1.200773508259882,1.992530992628668,0.4724484957060809,0.30339828423927506,0.10342021505335997,15.138977378492479,6.029999184933257,5.032108806623066,4.076869386936155,1.8333988537903667,113.98652502298921,0.3365968698635031,50.937368594763356,40.76332886876626,0.15656565656565657,$E_{lv}^{min}$,[mmHg/ml],11.670208254653133,21.54411322620354,9.743626804175324,9.64418879719232,9.680388017426118,2.3772657095883036,5.051815341625879,19.208649158387217,16.064529459010142,16.938024798297153,21.815474024462915,9.717781537882193,12.874308183686558,1.1627542123500552,0.30529550489530477,0.5585576099691785,5267.498614992376,1.5147714949367468,0.3911499269240381,0.8262094698080071,0.7002857358717608
124.28576513990954,90.38975566076121,106.85256790773701,236.00740517369502,74.16101857415859,145.21974380886633,34.42983875680058,20.592905826734363,26.80123559312174,35.425828556637235,74.16645905954627,183.82898585701776,216.81111065378772,121.80742911161684,110.69922679624462,33.8167597805223,7.737181867070502,6.5401799654864705,1.197001901584032,1.9167930059974978,0.4572638905417181,0.3003521495251828,0.10493317632198475,14.905333934543485,5.934046172470181,4.951993495003576,4.019294267069731,1.85884214217553,112.91522636914264,0.3365968698635032,51.06813758862362,40.345356154677894,0.16363636363636364,$E_{lv}^{min}$,[mmHg/ml],11.94548226619194,22.11154206794041,9.619843800617673,9.521393697607794,9.556867831340648,2.3790321890490276,5.021167698016563,19.633750783111726,16.409497625587555,17.287442628696393,22.293647297707754,9.659270484276083,13.169495474727173,1.151432474700619,0.3035803616093761,0.5603233610195456,5191.271300191102,1.5225684401331558,0.4004202481049612,0.8190950729959189,0.7146235119955912
122.53151801445341,89.11644264944056,105.35610821344378,231.2254741552332,73.10685065745731,142.80476885381287,34.54643793063009,20.899719224791557,27.002948754162375,35.500367006246755,73.11318458786455,183.0646992129697,220.7494874158458,124.56504171018453,109.26022205720201,33.66909045850383,7.5079442218099395,6.315484722535438,1.1924594992745012,1.8451246269759123,0.43759273990841235,0.2973629608672563,0.10607585997603691,14.679385860674063,5.84129251997244,4.874549894828055,3.9635434458735723,1.861655369166596,110.54331867930921,0.3365968698635032,51.19356394343926,39.9384397440862,0.17070707070707072,$E_{lv}^{min}$,[mmHg/ml],12.210617193874725,22.659424458662286,9.500249595333514,9.402743708787868,9.437516097405346,2.3807338054802667,4.991434528203962,20.043827067864882,16.74196227590141,17.624301535819402,22.755376190843343,9.60272408393237,13.454155694973055,1.1404669130604974,0.3022940041449296,0.560320361807042,5117.479546022012,1.512078795423164,0.40839327620755755,0.812222724176964,0.7288567470410727
120.83447205932022,87.88546714517916,103.90867471651404,226.63899264718253,72.08702940642804,140.48355843956298,34.65837443629917,21.19591211711639,27.197269170424494,35.572128468412544,72.0928584805625,182.32146346742596,224.55343149987252,127.229490657136,107.87236420530472,33.525530914157756,7.303698169396313,6.115757726312847,1.1879404430834664,1.7773182769932072,0.4242092540282751,0.2944237127920039,0.10717809333948654,14.461102351318463,5.7517209096647015,4.799765668580732,3.909615773073028,1.8868379931162995,109.5734097594045,0.3365968698635031,51.313499036572594,39.54161902251448,0.17777777777777778,$E_{lv}^{min}$,[mmHg/ml],12.466502596997438,23.18925198398049,9.38448568202342,9.287896487631585,9.321996856779673,2.3823793639943327,4.962531066862195,20.44002342121847,17.06290064608159,17.949558863351047,23.2013911424761,9.547884850218363,13.729109044516601,1.1298075610042844,0.3010076466804831,0.5603175597548771,5046.092058449963,1.520015606991204,0.41631847620699686,0.8055888277301159,0.7430045140636398
119.18974247533566,86.6923719964958,102.50606042165553,222.23223322726795,71.09901886859318,138.2485195300052,34.76603205283155,21.481707749059925,27.38453455081181,35.64140930802399,71.10578755168173,181.6007082689626,228.225943138691,129.80440164204094,106.5337898980124,33.38645093625276,7.109831531215425,5.92635893692171,1.183472594293716,1.7130451587263174,0.4114909944938898,0.291544080971764,0.10824152646470594,14.249777145698111,5.665037082732382,4.727390347480551,3.8573497154851797,1.9118579917783665,108.63150189310467,0.336168084042021,51.42841247798098,39.155016645843354,0.18484848484848487,$E_{lv}^{min}$,[mmHg/ml],12.713326397274974,23.701722312817942,9.27253570670832,9.176824173884414,9.210273686460678,2.383981323286964,4.934496386786197,20.822603472764374,17.372575831294398,18.263484755070603,23.631814876268674,9.494796431486884,13.994572474352987,1.1194837549349979,0.2997212892160366,0.5603175597548771,4976.931320801523,1.527890308780208,0.4241865761710116,0.7991651656925625,0.7570467296377096
117.59591745520244,85.53682572183286,101.14706046955956,217.99717709791116,70.14176836859896,136.09645273239352,34.869467379748684,21.75767045371131,27.56505638365208,35.708188217248136,70.14979328525405,180.9001344894291,231.77490669487815,132.2938644866707,105.24126377161951,33.25127794286646,6.914504237802765,5.735460499685617,1.179043738117148,1.6520924181321666,0.3948427443416615,0.28871753818335194,0.10926772121386263,14.045245856460959,5.581171463713859,4.657369282512264,3.806705110234836,1.9145461938706463,106.48607182719468,0.3365968698635031,51.538278155213,38.77818746970211,0.19191919191919193,$E_{lv}^{min}$,[mmHg/ml],12.9518899817441,24.197925277813976,9.164126729094109,9.069262152567097,9.102083932581532,2.3855173682135624,4.907252530947203,21.19227703983661,17.671652750791853,18.56672347385485,24.046759511735914,9.443188492995521,14.251114478366127,1.1094602167319558,0.2984349317515901,0.5603175597548771,4909.923785801927,1.5181549354103014,0.432000714267059,0.7929581120949822,0.7709926393455293
116.0523847245783,84.41790322011657,99.83100586624214,213.9277995964209,69.21458136397229,134.02500762104185,34.968966111284914,22.024481539078902,27.739269723936705,35.77254663381013,69.22185977192542,180.21802077265104,235.20856480869284,134.70460282912248,103.99215802595388,33.11955366695761,6.740984601248316,5.565506964393617,1.1754776368546995,1.5942797367479316,0.3835686227616687,0.28593969067331465,0.11059593406436809,13.847377484756164,5.500065228233506,4.589653603542033,3.7576586529806235,1.9392975982831049,105.63104284560039,0.3361680840420209,51.643034828005966,38.410065472448125,0.198989898989899,$E_{lv}^{min}$,[mmHg/ml],13.18293105087975,24.67900032004035,9.058983296804987,8.964945579459389,8.99716637446487,2.38700471948137,4.880747155521736,21.549953353972423,17.96087775650423,18.8600085519793,24.446708494523175,9.392851942037643,14.499369175468352,1.0997078680657584,0.2967197884656614,0.5620310161049676,4845.02069547806,1.5261385789524355,0.44111747191354417,0.7869542974237443,0.784863217995711
114.55345403482335,83.3316728434896,98.55315634535854,210.007944736289,68.31454113448018,132.02758939325264,35.064887342680706,22.282372253867166,27.907489239090726,35.83484545816219,68.32269351123637,179.5555087696953,238.52960970682028,137.03474173374448,102.78440862214934,32.991575304719355,6.564741682410624,5.393595927313372,1.171145755097251,1.539308514525997,0.36865730958512993,0.28321838716281966,0.11155631003118482,13.655432487710298,5.421414263900279,4.52398692433224,3.710031299477776,1.9419504623196837,103.62828223995807,0.3365968698635031,51.742625498524355,38.051014964330406,0.20606060606060606,$E_{lv}^{min}$,[mmHg/ml],13.406210959773771,25.14507919546487,8.957092449582598,8.863847654253824,8.89548455224355,2.3884589700737897,4.855005972740384,21.895927735209625,18.240497341013416,19.143615255800036,24.832696388415194,9.343797264954786,14.739499077714505,1.090239087752105,0.29543343100121483,0.5620285579481192,4782.017879413613,1.5169286145970187,0.4488581175344862,0.7811366170406987,0.7986393416967972
113.09762963621873,82.27687306980489,97.31225337111164,206.23038698894052,67.44059714575985,130.09978543557526,35.15752207753371,22.53207336020673,28.070223562419645,35.895231980473525,67.44964384424225,178.9106300409973,241.74794825625523,139.28778751885326,101.61510206776616,32.86682441686519,6.4070135098892464,5.24014998545198,1.1668635244372665,1.4870062369816035,0.358583187998876,0.28054794645680403,0.11248600656647503,13.469227206790638,5.345141439567716,4.460306226098422,3.6637795411245,1.9664171839595042,102.84438687200523,0.3365968698635031,51.837592906066774,37.70018798144425,0.21313131313131314,$E_{lv}^{min}$,[mmHg/ml],13.622600478012908,25.596833017686098,8.858155454166836,8.76567944780271,8.796752457747438,2.389867734044767,4.8299646260181115,22.23132499300696,18.51133464201089,19.41838758439441,25.2065766016648,9.295779314546865,14.972145186494282,1.0810214942540814,0.2945758593582505,0.5620268573188063,4720.841800203189,1.5249625778034988,0.4565579656624506,0.7755030774969588,0.8123419009555817
111.6843106117579,81.25333115983805,96.10770033118393,202.59032571026142,66.59211613007999,128.238969116087,35.24702044116991,22.774323760949915,28.227818648570267,35.9537606911483,66.60010016006754,178.281426360398,244.87094900721561,141.46805031414786,100.4817297639277,32.74475227290318,6.256665432942825,5.094046619349328,1.162618813593497,1.4372329645533735,0.34896484819025597,0.2779221169737369,0.1133863438366277,13.288649222867281,5.2711969290759875,4.398570284463893,3.6188820093274,1.990700309718252,102.08021686058287,0.336168084042021,51.92814367510875,37.356723871747946,0.22020202020202023,$E_{lv}^{min}$,[mmHg/ml],13.832632755517231,26.035094267386047,8.761886291944279,8.670166289339171,8.700699360009954,2.3912517000575164,4.805565513577329,22.556892661835214,18.774029265916234,19.684974742459858,25.569485817198398,9.248479867809234,15.197816015603289,1.0720124555283046,0.293289501893804,0.5620268573188063,4661.448129105599,1.5329174501855594,0.4642285321057971,0.7700392885368649,0.8259899434707376
110.30927368370683,80.25760612591716,94.9358283547244,199.07557026861778,65.76690750575641,126.43945942473847,35.33365170792041,23.009174901527704,28.38044531342297,36.010688105664926,65.77548520620665,177.66968112201425,247.8981920429544,143.5756322399127,99.38336075399995,32.625822831298855,6.104147554570833,4.945707388242943,1.1584401663278894,1.3897692428892563,0.33612806940462286,0.2753507044487064,0.11425911926181767,13.113147202891916,5.199355200104684,4.3385896397662425,3.5752023630209884,1.9932199912804494,100.24848283689914,0.3365968698635032,52.01454340676247,37.021220948235666,0.2272727272727273,$E_{lv}^{min}$,[mmHg/ml],14.036298660271553,26.460010389897,8.668389737452856,8.57739677613786,8.60740388294448,2.3926060446730575,4.781854643052605,22.872670547280386,19.028584846896624,19.943396035590304,25.9213144798389,9.20188548585622,15.416526041935397,1.0632434379711702,0.2920031444293575,0.5620268573188063,4603.683525402948,1.5242997829588483,0.471854076456078,0.7647423714527539,0.8395578793282145
108.97180306266388,79.28924937415546,93.79615185102952,195.68186068829266,64.9644614427957,124.69872835080176,35.4175031161963,23.236971362017286,28.528370713643447,36.06605307851096,64.97397345767577,177.07357727252338,250.8365761353899,145.61570441435555,98.31768566575651,32.50951389872847,5.968205625641454,4.813051649621153,1.1551539760203016,1.344499954001664,0.3274722612914876,0.27282777826799626,0.11544619572399623,12.942634733223418,5.129578241431953,4.280332978774249,3.532723513017219,2.017209717633153,99.54296812940841,0.3365968698635031,52.09713226588649,36.693206552030176,0.23434343434343435,$E_{lv}^{min}$,[mmHg/ml],14.234064903471154,26.872370162008135,8.577402674251744,8.487118461973353,8.516617269510713,2.393939207457923,4.7587756935800165,23.179263282881514,19.275530186356335,20.194184542165114,26.262953287692444,9.155731656585965,15.62872220751543,1.0546862608083105,0.290716786964911,0.5636908495510476,4547.512300995699,1.5322680419210546,0.48086003081398326,0.7595977892268466,0.8530563006246508
107.6719119095455,78.34868924941817,92.68869967031382,192.40675422622218,64.18465655193745,123.01512913168946,35.49881966044333,23.458408559816355,28.672002044864758,36.11992849318149,64.19304346826252,176.49148697694463,253.69316379812233,147.59485167329916,97.28286370601026,32.395415602427384,5.829385798830842,4.67830554884757,1.151080249983272,1.3013337209652516,0.3158636566150615,0.27034790228659966,0.11627008551147838,12.777101405716605,5.061858230503152,4.223794708966597,3.491448466246854,2.019690559446416,97.82279066275248,0.3365968698635031,52.17622987106476,36.3717505970405,0.24141414141414144,$E_{lv}^{min}$,[mmHg/ml],14.426505710171256,27.273192746126586,8.48868801057141,8.399105491707823,8.428118026049182,2.3952472597625367,4.73628823538451,23.477493033128727,19.51554758164359,20.438017485978044,26.595215472283932,9.109779707936902,15.834975543689191,1.0463156965682947,0.2894304295004645,0.5636887792887243,4492.925958635622,1.5240837283844537,0.4884425898375936,0.7546124931148834,0.866511110002796
106.40555076165529,77.43218611691974,91.60975553610147,189.2384076614088,63.42520398636314,121.38334984591485,35.57772904386263,23.673440189144905,28.81134568572165,36.172518230340216,63.43459362127775,175.92531059969065,256.46657479369674,149.51090374206728,96.27811390324298,32.28395632888177,5.704681870607913,4.557604890386705,1.1470769802212075,1.2600759439224947,0.3080561253403937,0.26792060585085453,0.11707003651549003,12.615979238992796,4.995963169799757,4.168779054653295,3.4512370145397444,2.0433742300059534,97.17100205708017,0.3365968698635031,52.25198024842426,36.0576845964024,0.2484848484848485,$E_{lv}^{min}$,[mmHg/ml],14.613490418301927,27.662511400800202,8.402358469746689,8.313453888933642,8.341992160475186,2.3965468864031108,4.7144410072513185,23.76711197312946,19.74844008157563,20.674718148419988,26.917905631331273,9.06401474131276,16.035117011380226,1.038154121497702,0.28857285785750014,0.5636867795123699,4439.764279045419,1.5320565950087068,0.4959791734332253,0.7497679928185466,0.8798843461652291
105.17249933017928,76.54008008214944,90.55935566500975,186.17483359573453,62.685955148262565,119.80200579637646,35.65443754256416,23.882334969243455,28.94675910506381,36.223896322221144,62.69624405320768,175.37346681918692,259.16301150440233,151.37088867897023,95.30166116205093,32.17471886970102,5.577792781445635,4.43465789719042,1.1431348842552145,1.2206488481854367,0.29750476855863667,0.2655407119582098,0.11784745237317823,12.459270022705633,4.931891163493231,4.1152855208463635,3.412093338366038,2.0458151863548744,95.54940031121475,0.3370256556849853,52.32462906740295,35.750130957865245,0.25555555555555554,$E_{lv}^{min}$,[mmHg/ml],14.795549688926263,28.041310210075206,8.318194399955601,8.229954404853194,8.258034218647659,2.397835143008989,4.693187037680563,24.04886499480817,19.974812563629282,20.90488584272795,27.231935690197425,9.018189914922235,16.22965860541279,1.0301766102743704,0.28728650039305365,0.5636862071089398,4388.0168603783795,1.5242553150099531,0.5034833115038102,0.7450601233075168,0.8931978557469039
103.97137294495857,75.67142265917109,89.53630755710262,183.21084673991572,61.966115748393094,118.26876216799378,35.72906560103844,24.085734979377257,29.078428082134216,36.27413166530014,61.97717734003436,174.83549867690752,261.7866466164596,153.17665035138936,94.35210552344165,32.06756472709658,5.463777602712599,4.32452368667535,1.1392539160372495,1.1829458332895484,0.29043777918010605,0.263206828015947,0.11860370695854461,12.306785806141114,4.869563832975435,4.06324866167302,3.373973311492661,2.069186320066266,94.94544928026792,0.33702565568498527,52.39432172324074,35.44885209757484,0.26262626262626265,$E_{lv}^{min}$,[mmHg/ml],14.972978766363001,28.410217803273298,8.23608251020722,8.148495353629409,8.176132030698662,2.399112954388635,4.672515289681397,24.32307695366484,20.194970797777383,21.12882578746677,27.537534721354756,8.972157780964928,16.418860649506378,1.0223734746520772,0.2864289287500893,0.5636862071089398,4337.628102387516,1.5322156009549468,0.5109564003641792,0.740491847493887,0.9064553893997093
102.80087930383495,74.82488819419166,88.53940430691307,180.34137197051916,61.264800410790414,116.7813648346303,35.80170601724324,24.28352654395963,29.206543996838306,36.32330803643387,61.27654549305207,174.31081724314652,264.3404844643659,154.9311940462598,93.42806163171362,31.96236301782618,5.354473911000014,4.219039258745446,1.1354346522545675,1.1468635662567637,0.2836401974608972,0.26091815543860963,0.11933983328275934,12.15834101706037,4.808904582736378,4.012604512700128,3.3368319216238636,2.0923479190141903,94.35146355821934,0.3365968698635031,52.46111012450076,35.15361035085808,0.2696969696969697,$E_{lv}^{min}$,[mmHg/ml],15.145821825834561,28.76979541565617,8.155913962842169,8.06896929935096,8.096177410840964,2.4003848825594276,4.652404049527695,24.590079633353795,20.409197627437635,21.346820759469118,27.835241808368018,8.92577369653678,16.60296656286214,1.0147262803755253,0.2851425712856428,0.5636862071089398,4288.536028755329,1.540059919000429,0.5183999426566476,0.7360438983426945,0.9196605063576798
101.66118256011165,74.00099830061085,87.56881639256508,177.5650913204897,60.58202897558123,115.33893114240456,35.87242053924105,24.476539912435136,29.331346443418077,36.37134785734762,60.592168725249806,173.79715050295934,266.8308995445204,156.63994138855819,92.52746463272557,31.858564011145575,5.243927400346325,4.111424049564966,1.1325033507813596,1.1123434626945041,0.2744142810310918,0.2586656067343754,0.12040079602227487,12.013973895327679,4.749926973876936,3.963366421606912,3.3006804998438293,2.094646428144194,92.85526169743561,0.3370256556849853,52.52522142829893,34.86372966984753,0.2767676767676768,$E_{lv}^{min}$,[mmHg/ml],15.314537976740434,29.120928792941942,8.077427196604523,7.991127341932406,8.0179263210065,2.401650898099146,4.632783391457554,24.850566819204374,20.618056143514597,21.55942397637736,28.125676889026796,8.878837494575999,16.782461694859762,1.0072106592605992,0.28385621382119625,0.5653011977162287,4240.742028290686,1.5327195748901499,0.5273341971108498,0.7317318829068934,0.9328375726802588
100.54835259565371,73.19667020256827,86.62122248381168,174.87202016136382,59.91574326717541,113.93728833252953,35.94152286565909,24.66435879040732,29.452928560964306,36.41863838094922,59.92681557549233,173.29774833797376,269.2556186372541,158.30102864059106,91.65092296771151,31.75698189231081,5.14357806712481,4.0147653800434435,1.1288126870813673,1.0792372238258887,0.26822837781778763,0.2564644678706458,0.12110166508925954,11.873139926346383,4.692407414600264,3.915343499254523,3.265389012491596,2.117487889315925,92.30189770748774,0.3370256556849853,52.58659754329894,34.5802620923961,0.2838383838383839,$E_{lv}^{min}$,[mmHg/ml],15.479169240609064,29.463474658632045,8.000863518940816,7.915189644999302,7.94158791643066,2.402926753581137,4.613753113055626,25.104176868288157,20.82128852745731,21.766395871415423,28.40854197963349,8.831461378796064,16.957120901471068,0.9998712425629297,0.28256985635674975,0.5652994833489055,4194.102028702278,1.54052829313819,0.5347378825601513,0.7275263773224567,0.9459373275777587
99.46242703017803,72.41187730014613,85.69666025829069,172.2605847986368,59.26579274405304,112.57551457152086,36.00895631401196,24.84744179517941,29.571443238078864,36.465047845501005,59.27779969538423,172.8102217653771,271.6195294460628,159.91754170708086,90.79643397850407,31.65705608085948,5.041058361703758,3.9158767821820843,1.125181579521674,1.0474900486952912,0.2597769359315724,0.25430495707051476,0.12178511590577545,11.735857817751118,4.636352500393068,3.8685434626353734,3.2309618547226773,2.119743220791267,90.88447932826044,0.33745444150646753,52.645366951798934,34.30225312474002,0.2909090909090909,$E_{lv}^{min}$,[mmHg/ml],15.640043958088961,29.798077668204773,7.925974184652381,7.840919159999158,7.866929435192258,2.404201505454929,4.595237680518786,25.351523609583378,21.019369451404966,21.96819916356888,28.684593215992262,8.783446208073077,17.12735576713984,0.9926760227594356,0.2817122847137854,0.5652978180685834,4148.605492083712,1.5335065156515626,0.5421150792380964,0.7234397546883666,0.958990220571355
98.40250719986908,71.64591055652824,84.79421135410131,169.72712386644963,58.63158737610917,111.25198845158658,36.07479456745046,25.02609894221393,29.687023855985593,36.51057846121835,58.64451688848492,172.33400274019903,273.9252320250366,161.49259153174032,89.96299717231916,31.55855679026287,4.948649777548281,3.8270419916123277,1.1216077859359537,1.0170285867173647,0.25412669442585784,0.25218553611587846,0.12245177524020022,11.601991093353874,4.581705786970068,3.822919543963085,3.1973657624207195,2.142254881550204,90.36671918593443,0.3374544415064675,52.70160847652967,34.02956813861863,0.297979797979798,$E_{lv}^{min}$,[mmHg/ml],15.796909626748878,30.125128260171252,7.8526866560999276,7.768243893717663,7.793878278950603,2.4054830108082057,4.577211850045658,25.592848764655376,21.212523012871273,22.16505565844328,28.953938627932057,8.734774211075651,17.293358413052,0.9856193610571378,0.2808547130708211,0.5652963296312721,4104.211116327641,1.5412633911180187,0.5494662398149673,0.7194584567839619,0.9719968289434494
97.36878136595595,70.89930796114994,83.91422232690088,167.2709790817058,58.01317827372353,109.96625162887369,36.139082871109565,25.20065316797136,29.799910246617056,36.55520497838698,58.02438933811623,171.86694843017978,276.17935908578175,163.03073159459822,89.14891414102846,31.461218375641252,4.854181596721905,3.7361103053484896,1.1180712913734157,0.9878116651420644,0.2463795158939071,0.25009734967583624,0.1231023622645766,11.471596735010886,4.5284896418047005,3.7784916834665268,3.1646154097396577,2.144466169619562,89.0245320375175,0.3374544415064675,52.75543852264133,33.76122626724148,0.30505050505050507,$E_{lv}^{min}$,[mmHg/ml],15.950877608483191,30.44529549602327,7.780763288514021,7.696938687769676,7.722214167248739,2.4067681142892083,4.559602927271894,25.828817284201858,21.401292248698407,22.357498646152226,29.217344346520996,8.68535888147011,17.455597542828418,0.9786736498478941,0.27956835560637455,0.5652963296312721,4060.922479160647,1.5345570555964565,0.5568118877526722,0.7155893048518895,0.9849911605049089
96.35730008137944,70.16884916665107,83.05326644038941,164.8824680463838,57.40844273947114,108.7140872987895,36.201895959495715,25.370699102753335,29.90995706431556,36.59906680295151,57.420451169127254,171.4118773628948,278.37621411337125,164.52829578433773,88.3550158169656,31.36590095097622,4.76884174908712,3.6542371093319046,1.1146046397552156,0.9597092189251665,0.24120017511219316,0.2480535304046417,0.12373697356089308,11.344126108820225,4.4764795213070645,3.735069435600078,3.1325771519130834,2.1666431035667775,88.53812077166131,0.3374544415064675,52.80681111886626,33.49852533705284,0.31212121212121213,$E_{lv}^{min}$,[mmHg/ml],16.100904309756082,30.758054650344327,7.710488063002938,7.627263669262194,7.6521854727333425,2.408064752769928,4.542491601345479,26.058794808276858,21.585191188242376,22.54505537166567,29.47428134556422,8.635564802224307,17.61365601278624,0.9718837087435139,0.2787107839634102,0.5652963296312721,4018.5909917629797,1.542249128293929,0.5641167927309737,0.7118150311673589,0.9979134184347743
95.36870047101375,69.45483463652086,82.21180611534082,162.56142871594332,56.81752349733651,107.49531744294863,36.26330226979857,25.536782828104723,30.017405929523143,36.64213948840578,56.83038577328613,170.96688126938307,280.5215543441669,165.98951922013836,87.57998781053422,31.272261205332228,4.681396210736409,3.570205112732773,1.1111910980036364,0.9326911639339965,0.23405888189233406,0.24604625729028473,0.1243566280770471,11.219643046760078,4.425700347085349,3.6926745018461413,3.1012681978285883,2.1688094145886687,87.2611754697948,0.3378832273279497,52.85581255899028,33.240581656128846,0.31919191919191925,$E_{lv}^{min}$,[mmHg/ml],16.24791093813318,31.06404536010154,7.641667045716237,7.559035653609243,7.583613606996698,2.4093732108308856,4.525808757768748,26.283417670871675,21.764732823070453,22.728230339964117,29.725275465174267,8.58548294157306,17.767974713581665,0.9652250282926962,0.2778532123204459,0.5652963296312722,3977.2266448135556,1.535814482901308,0.5713993586231876,0.7081371339364954,1.0107961588851926
94.40180101245792,68.75668478663988,81.38888242546741,160.3043116752502,56.23971405027131,106.30818508501294,36.323237749503654,25.698948581232784,30.122252649618567,36.68435115478963,56.25344193936391,170.5312466129323,282.6163840744794,167.41498343863634,86.82314423611587,31.180356717651303,4.603206454889072,3.494531091736488,1.1086753631525845,0.9066948147071864,0.22929343396618285,0.2440728364775171,0.12530739244629777,11.09799393530674,4.376088955325872,3.6512538357074393,3.070651144273427,2.190646882845973,86.80201346467389,0.3378832273279496,52.90252486701501,32.98717569751109,0.32626262626262625,$E_{lv}^{min}$,[mmHg/ml],16.391574895586533,31.36338479013215,7.5742578569812675,7.492211517663709,7.516454509343831,2.4106904162441167,4.509516600510854,26.502792434569038,21.940008800826,22.907110661017835,29.970589146707717,8.53538518086115,17.91863466626735,0.958692310982557,0.2765668548559994,0.5668632303894736,3936.7799835189917,1.5434291395415647,0.5802647524220618,0.7045540527902986,1.0236415440517819
93.45575029725237,68.07382585609362,80.58383054730507,158.10838103104032,55.674516822073414,105.15150532691028,36.38172748113361,25.857302785430843,30.224583462438883,36.725670140611825,55.68909584337271,170.1045412063568,284.66270268714277,168.80604068303043,86.08405495542912,31.090284988712394,4.522095224330021,3.4167424625477683,1.1053527617822532,0.8816679002414585,0.22269895445275634,0.24213137454336994,0.1258982034168956,10.979081728726714,4.327605398720148,3.6107752337642043,3.040701096242362,2.1927675236482904,85.58608983301106,0.3383120131494318,52.946951780656285,32.738159397999425,0.33333333333333337,$E_{lv}^{min}$,[mmHg/ml],16.532437979974485,31.656329041710357,7.508262838578776,7.426791506505454,7.450707178612634,2.4120211877295668,4.4935786886456714,26.71712469468686,22.11118627384817,23.081864076888646,30.210362257443236,8.485659267585246,18.06578358068606,0.9522939125634269,0.27570928321303506,0.5668618136360529,3897.216177545139,1.537257882390432,0.5875245269745464,0.7010583045451018,1.0364510588673375
92.53086999875204,67.40662836290879,79.79691820976089,155.9731606354625,55.12195514481232,104.02483265224176,36.438594139961324,26.012094701934537,30.324444418123495,36.7658510117465,55.13453020107889,169.68375187417521,286.66501023671486,170.16644605783392,85.36117022250914,31.001633493150628,4.448724407846213,3.346683672210241,1.1020407356359725,0.8575810794636834,0.2183065921664959,0.24020968933422107,0.1264735365340604,10.862941183377737,4.280263173019022,3.571250854861068,3.0114271554976497,2.214261223133861,85.15215696463544,0.3383120131494318,52.989227417540505,32.49252187797128,0.34040404040404043,$E_{lv}^{min}$,[mmHg/ml],16.670273505272192,31.943297530617762,7.443456769719014,7.362561987150083,7.386162895427358,2.413354660849113,4.477884138119388,26.926908501040444,22.27865748709721,23.252865502280674,30.445007947330556,8.43664270704429,18.209762559923092,0.946002002429096,0.2748517115700707,0.5668604284238996,3858.5368601368623,1.5447956579357536,0.5947877623383245,0.6976573684243959,1.0492666845559746
91.6233125062743,66.75179067992649,79.02472027519504,153.8893754043441,54.579814927904145,102.9239624563157,36.49377513887625,26.162774256594894,30.421529438346386,36.80489088410104,54.593017614245014,169.27178875875188,288.6153113496382,171.49088323096902,84.65596511910364,30.915441073418457,4.373204860013737,3.274435363909573,1.098769496104164,0.8343232408008127,0.21219519981283488,0.23832142628191444,0.12703202741896527,10.749036778525666,4.233845205309974,3.532497206106525,2.982694367109168,2.21633549781899,83.99111174551874,0.33874079897091397,53.029259295248764,32.251692981192285,0.3474747474747475,$E_{lv}^{min}$,[mmHg/ml],16.805261874901085,32.22350039441334,7.3802300794786,7.299884000820993,7.32316964622854,2.4146912680527195,4.462492257661919,27.131262861064535,22.441737565831705,23.419439124501082,30.673885745087546,8.389264779751214,18.349983296453058,0.939869836221263,0.2735653541056242,0.566859086181368,3820.5870449532904,1.5388676538472092,0.6020116163251312,0.6943297417568547,1.0620128194126115
90.7335597480729,66.10998317652474,78.2678042103542,151.85738101419383,54.048281628675845,101.84881594826369,36.54720942352444,26.309705088338482,30.51597109861839,36.84267858565661,54.062207018386715,168.86635934320256,290.51834283992355,172.78283984974604,83.96756325656189,30.831492461321183,4.304685352880275,3.209169877040453,1.0955154758398227,0.8118774503652488,0.20811030452924434,0.23645688249965205,0.12757379873604827,10.637432254170546,4.1883763004163095,3.4945353136690493,2.9545206400851853,2.2374811738356284,83.57459646395247,0.3383120131494318,53.06716737495587,32.014788042247744,0.3545454545454546,$E_{lv}^{min}$,[mmHg/ml],16.936847090098734,32.497447065846195,7.318425821117178,7.238610178023939,7.261584577075812,2.416032467369607,4.447305552452321,27.330723625875507,22.600845216512898,23.581999389608697,30.897344800162312,8.344150297864607,18.486813882502865,0.9338796381390805,0.27270778246265986,0.5668579597720443,3783.3797140073093,1.546295163241807,0.6092168380969205,0.6910874519632504,1.074725736129577
89.8605902100396,65.4805220104597,77.52529382674618,149.87420142587433,53.52671397310646,100.79806715629837,36.59868917313038,26.452829840706304,30.60763893230364,36.878969179738604,53.54117061891704,168.46636946141285,292.3737633049802,174.0423294700107,83.29556216911205,30.749887392827517,4.234120216499356,3.1418560303049725,1.0922641861943838,0.7901968252196454,0.20242757734335148,0.23461168996796025,0.12809732881024455,10.527997696201709,4.143803754190105,3.457321922932422,2.92687201907918,2.239508775022543,82.46297980266802,0.338740798970914,53.10291703322789,31.781518643803043,0.3616161616161616,$E_{lv}^{min}$,[mmHg/ml],17.065730805223048,32.7651173527956,7.258059885566051,7.178752614809983,7.2014183636223725,2.4173695243548097,4.432254674563013,27.52527289936753,22.755973201308148,23.74052411598902,31.115373615791178,8.302041285278088,18.62024712220203,0.9280317025060694,0.2718502108196955,0.5668579597720442,3746.8699781174523,1.5405948484732328,0.6164063445023593,0.687916415267328,1.0874088188692639
89.00382467656087,64.86294340333622,76.79662200066304,147.93764773470107,53.0146492665025,99.77053311963319,36.64822057473351,26.592226742946824,30.696582826656353,36.913754490925,53.02988713695105,168.07142628089983,294.1827082022952,175.2702246115066,82.65798454509634,30.670575635300764,4.169957975692837,3.0809438770539277,1.0890140986389087,0.7692429790368567,0.1986203856192116,0.23278481330710626,0.12860303166805992,10.420639540756403,4.100089015787911,3.420825028669757,2.8997254962987338,2.2603024373398295,82.0621683103846,0.33874079897091397,53.136580119235724,31.55199447663492,0.36868686868686873,$E_{lv}^{min}$,[mmHg/ml],17.192025840968206,33.0266444250476,7.199140180890789,7.12031673101607,7.142675380670518,2.418704770684593,4.417305964424786,27.715039669525538,22.90721289545463,23.8951088838557,31.328241023554806,8.263428141014783,18.75036867182294,0.9223238894703796,0.2709926391767312,0.5668579597720443,3711.0254486551753,1.5479149526739562,0.6235766236862127,0.6848264759187321,1.1000579826681398
88.16244143807302,64.25665716130193,76.08111086908806,146.04539164472624,52.511597822249485,98.76506048245214,36.6957379136209,26.719915157375315,30.782759467066388,36.946944360680206,52.52739232091849,167.68101580538752,295.9453727723161,176.46679094795425,82.10389155973125,30.5935785054736,4.1038143612563225,3.018055076775009,1.0857592844813135,0.7489780580731754,0.19332075362398274,0.23097432841386883,0.12909042137528298,10.315245218476422,4.0571865812135,3.385006043226853,2.8730525940360696,2.262283232668232,80.99543255243336,0.3391695847923962,53.16819284647668,31.325783702242344,0.37575757575757573,$E_{lv}^{min}$,[mmHg/ml],17.314930564634828,33.28203641620217,7.1416425807490835,7.063277438544039,7.085329828033095,2.420041793261692,4.402426900146098,27.900045993717114,23.05459205873709,24.045773703522066,31.535810712159954,8.22869636751727,18.8772001359681,0.9167543422672577,0.27013506753376687,0.5668579597720443,3675.811847557464,1.5424294043879787,0.6307337840158478,0.6818020759358114,1.1126840033603664
87.33590605312783,63.66131206850487,75.3783560699618,144.19587667605597,52.01725080873713,97.7808809975137,36.74125471559719,26.84161020863802,30.866227420098333,36.978549994992534,52.03353566654916,167.294834653593,297.66294205454017,177.63287895410903,81.58714289894826,30.519056054252907,4.043564923572182,2.9610665448449396,1.082498378727243,0.729371961191961,0.18976078061492496,0.229179545306716,0.12955963303769172,10.2117471344406,4.015068198254662,3.3498415066975262,2.84683742948841,2.2827211583597213,80.6078731287478,0.3391695847923962,53.197772691432164,31.102894344760713,0.38282828282828285,$E_{lv}^{min}$,[mmHg/ml],17.435337983781093,33.53146599541238,7.08557024551972,7.007636157418963,7.0293823607213195,2.4213853572381985,4.387590265452384,28.080407972293816,23.19820946424934,24.192619360899787,31.738289378869716,8.198285616514118,19.00082827402644,0.9113166788089103,0.2692774958908025,0.5668579597720443,3641.207556611599,1.5496373198409865,0.6378762658697249,0.6788552838203411,1.1252841296014258
86.52355698962147,63.07634724530436,74.68779039530963,142.38703348033604,51.53118353313543,96.8169809396205,36.78473269587079,26.959762908524237,30.946980607268266,37.00852413371581,51.54792821523923,166.91242919047681,299.3359897269038,178.76898695726692,81.11491566871102,30.447009364371972,3.9859057350543186,2.9058219774276095,1.080083757626709,0.7103919698276261,0.18628363075270318,0.22739876151792843,0.13035886353357937,10.110053521887812,3.973696316282968,3.3153000578063114,2.8210571477985322,2.3029051458579928,80.21824809490626,0.3391695847923961,53.22535678454241,30.88321730457464,0.38989898989898997,$E_{lv}^{min}$,[mmHg/ml],17.553247832711197,33.77497293078633,7.030906993022814,6.953375354008986,6.97481460978313,2.42274327518648,4.372767837567775,28.256189470147586,23.338117980609923,24.335695532286866,31.93579331119527,8.172600644658923,19.12130031419318,0.906014365290084,0.267991138426356,0.5683767207866096,3607.1828473194805,1.5566932989870987,0.6467329823018365,0.6759693519235773,1.1378597304386167
85.72499232996566,62.501452179170684,74.00897686963103,140.61722719868547,51.05307584391372,95.87263488768276,36.82616730837828,27.074450326957617,31.02505312328881,37.036855112889135,51.07017962673118,166.5334717141308,300.96541085025615,179.87564446617446,80.70362474179724,30.377437656232537,3.9255608360039247,2.8487588613646944,1.07680197463923,0.6920099564527515,0.1814692554841159,0.22563112739553057,0.13079243953098574,10.010109070505436,3.93304861673199,3.2813635873256093,2.795696866447837,2.3047339478384905,79.20630050967333,0.3395983706138783,53.2509364155097,30.66661560649957,0.396969696969697,$E_{lv}^{min}$,[mmHg/ml],17.668330456328423,34.01270370876971,6.977627660604028,6.900469407596149,6.9216001943191205,2.4241235690000362,4.357931349550098,28.42748494547775,23.474394750365104,24.475079211611476,32.12831174068607,8.151923467209075,19.238683723929316,0.9008444095724025,0.2671335667833917,0.5683755758558657,3573.7153090739603,1.55145011736087,0.65386702990863,0.6731580097632993,1.1504136660412094
84.93977414639836,61.93638477230449,73.34161037575886,138.88526253749964,50.58273637396097,94.94732798674569,36.86568068108422,27.185805379746064,31.1005605642672,37.063684098622396,50.60023526569902,166.15816037882198,302.5526951514363,180.9536632439539,80.38817590831083,30.310350686658502,3.870437029152175,2.796924875632363,1.0735121535198118,0.6742027246402978,0.17820576138911803,0.22387769710203576,0.13120854416618039,9.911853342861356,3.893099571772461,3.2480097798072105,2.770743991281687,2.3245579639600047,78.82770113338407,0.3395983706138783,53.274523303090895,30.45305457784087,0.4040404040404041,$E_{lv}^{min}$,[mmHg/ml],17.78067831490232,34.24481924955836,6.925688617513282,6.84887584420113,6.869696182393227,2.4255497701354423,4.343087837153549,28.594442311772234,23.60716586510578,24.61089521485565,32.31611085982135,8.136390138083557,19.353080916754678,0.8958051406728076,0.2667047809619095,0.5683744506196151,3540.7915461772677,1.558391395645473,0.660988033363508,0.6704033282055366,1.1629446619969104
84.16755458575028,61.380896165832866,72.68540763507818,137.1900161323237,50.119995344661014,94.04035697633267,36.903335892936646,27.293959993709507,31.17359693729924,37.089093735236844,50.137778124587584,165.78631633365862,304.0993866212369,182.00443735544945,80.39007238011402,30.245648204381634,3.8135987997063525,2.743383793754072,1.0702150059522806,0.6569483229345223,0.1736954956646941,0.2221381559141499,0.13160778146482593,9.815253495886727,3.853835116076181,3.215227682333701,2.7461906974768433,2.326339189485179,77.85358174695223,0.3400271564353605,53.296262324136876,30.242410370999,0.4111111111111111,$E_{lv}^{min}$,[mmHg/ml],17.89072386382264,34.471491125944695,6.875023439215741,6.798530096780944,6.8190374119086625,2.427045323661171,4.32823201590483,28.75722006163521,23.73655421047063,24.74327405286992,32.49934724100815,8.126035036480625,19.464602130175884,0.8908889495651604,0.2658472093189452,0.5683733475977217,3508.399674126271,1.5533437545549476,0.6680982794284747,0.6677202368321465,1.1754567350004161
83.40785846469875,60.83464052561933,72.03996025910243,135.53001836040406,49.66455169694286,93.15123007607669,36.93911547594451,27.398968008036448,31.244178620450384,37.113111382159076,49.682591191764715,165.41757393240135,305.60609555584796,183.02843800817305,80.41413520239108,30.183650019996875,3.7615991015762646,2.6946913499318965,1.0669077516443681,0.6402222363700121,0.17062790587872637,0.22041139759631614,0.13199012746237007,9.7202542185497,3.8152333187842027,3.182999001491932,2.7220218982735647,2.345798948430198,77.48510484062191,0.3400271564353605,53.31604494796448,30.034651101864018,0.4181818181818182,$E_{lv}^{min}$,[mmHg/ml],17.99848444186648,34.69281592993559,6.825627063395224,6.749426546367514,6.769616608153789,2.428643852205615,4.31331386887434,28.91588511053955,23.86262031030606,24.872269595176693,32.67800592898095,8.121598683422867,19.57329482844655,0.8861029931326888,0.2649896376759808,0.5683722736017501,3476.518618786,1.560169219153378,0.6751973494716618,0.6650907658550358,1.1879491326924971
82.66042857863383,60.29735466137866,71.40496772690368,133.9041805549095,49.21619044126709,92.27922662910808,36.973092514247064,27.500918835214982,31.312377977359937,37.13695116424894,49.23429689001555,165.0519627986605,307.0739790129729,184.02645578846142,80.44852672857833,30.12453640731251,3.7079745401002144,2.644382986598001,1.0635915535022136,0.6240036365545849,0.16639595149338296,0.2186975132833315,0.13235596375008865,9.626794991295295,3.7772685657051306,3.151301894564219,2.6982245310259456,2.3475340543792913,76.54646323138483,0.3404559422568427,53.33398668270003,29.829573702237195,0.4252525252525253,$E_{lv}^{min}$,[mmHg/ml],18.104008144992264,34.908906275169194,6.777457969867049,6.701525330935578,6.721392395680668,2.430407854382063,4.298314199045476,29.070553814707672,23.985459546327363,24.997978684303693,32.85235683879025,8.12371511575488,19.67924041459702,0.8814538664261119,0.26413206603301653,0.5683718451732457,3445.133330888696,1.555310611103327,0.6822885709944833,0.6625295203713519,1.2004264053341955
81.92527545532275,59.769048888682995,70.78048119006884,132.31243465995706,48.7751033399123,91.42442299139567,37.00561636595714,27.600131708179827,31.3785241900975,37.1646633440018,48.793540940733635,164.69030455264573,308.50643221328727,185.0006015221133,80.47205481862399,30.068532040618575,3.6588902571005724,2.598607378192145,1.060282878908427,0.6082817315066136,0.16350988564466493,0.21700055140633295,0.13270793595481625,9.534908083839657,3.7399533548690926,3.1201467387259956,2.6748079902445663,2.3666261468023797,76.18766045106004,0.34045594225684267,53.350189964559824,29.62745200652419,0.43232323232323233,$E_{lv}^{min}$,[mmHg/ml],18.20724813295284,35.120167025144255,6.730375728419483,6.654694193766124,6.674231137806592,2.4324401165546177,4.28325653053006,29.221557667249854,24.105340367850708,25.12068424119903,33.022687076821015,8.132231795216615,19.782665165891764,0.8769432003607593,0.2632744943900522,0.5683718451732457,3414.257233793861,1.5620194573471309,0.6893665249672405,0.6600195216543275,1.212879439440063
81.2032518981343,59.25025117166958,70.16720218146865,130.75647473640385,48.342087353162206,90.588106151142,37.03762818660103,27.697336391291064,31.44342370771669,37.19259007450531,48.361425591983696,164.3354217349851,309.91137839981815,185.95565344798584,80.44476921050347,30.015440640909873,3.608441819604235,2.55141433683559,1.0570274827686452,0.5930619620420555,0.15954549195615175,0.21533220103954265,0.13305295455746757,9.444747828976347,3.703347073614711,3.0895829489342694,2.6518178064273665,2.3683154742020402,75.28524118483897,0.3408847280783248,53.36471796033102,29.428485399802344,0.43939393939393945,$E_{lv}^{min}$,[mmHg/ml],18.308664337723307,35.327499420127936,6.683994480475914,6.608570129020567,6.627770589425571,2.4348766170615863,4.268319959982567,29.369656557158716,24.222896413256713,25.241042282063113,33.18981754641715,8.144623680267607,19.88408538745515,0.8725470858607127,0.26241692274708783,0.5683718451732457,3383.9461147213547,1.55734361726758,0.6964296398694196,0.6575743959078332,1.2253063655134793
80.49791109281905,58.743552725822596,69.56812223239038,129.24364514423618,47.91972440852817,89.77434452984174,37.07070548150177,27.794148277289143,31.508652309901176,37.222060444385534,47.937102564777184,163.9893204257628,311.30881984967135,186.90410584180478,80.3199173070979,29.96327777032066,3.5626047587238583,2.5087324686168166,1.0538722901070419,0.5783948751766055,0.1568622258871413,0.21369950702455268,0.13340304992952937,9.35685212998659,3.667662523453073,3.0597897535030105,2.629399853030507,2.3870388257691353,74.9439758641934,0.3408847280783249,53.37797191334464,29.231844147118156,0.44646464646464645,$E_{lv}^{min}$,[mmHg/ml],18.409744050916498,35.53308470511473,6.637428713344188,6.562322266791174,6.5811921280953065,2.437734682908283,4.253789775912175,29.51684379415673,24.339741269733913,25.36070359290584,33.356050694505775,8.154846477815779,19.98485283454087,0.8681842089498225,0.2615593511041235,0.5683718451732457,3354.380708596972,1.563948390547417,0.7035179422972163,0.6551834740448732,1.2377776068108663
79.80741078496807,58.24716135122932,68.9815496039046,127.77026786754412,47.50740131641568,88.98184906384134,37.10602127788547,27.89081159665179,31.574860494265444,37.25419032832679,47.52702797035456,163.6601807644485,312.6973833555739,187.8443814180714,80.0854624459659,29.911208359850352,3.515785472784409,2.4648623292781826,1.0509231435062263,0.5642404218260206,0.1531832892626714,0.2121379525769763,0.13376576429547343,9.271016558813352,3.632813752570568,3.0306927228493947,2.6075100833933895,2.3886819358770643,74.08540494302417,0.341313513899807,53.389991123168045,29.040068114527422,0.45353535353535357,$E_{lv}^{min}$,[mmHg/ml],18.510300814769554,35.736861093104785,6.590721232982889,6.515759302129142,6.5345251634357995,2.4408798719435745,4.240140020935132,29.66286501331601,24.455713415418497,25.479559412173472,33.52116561005083,8.157204530637792,20.08479723122306,0.8638529344681585,0.26113056528264134,0.5683718451732457,3325.518092149098,1.5594497465687467,0.7105520712798973,0.6528494744932023,1.250153534722174
79.13342022008398,57.76242383733095,68.40890797411409,126.33922277096548,47.106094126473565,88.21202377668587,37.143918231619516,27.988011052345396,31.64257396434539,37.28919660105315,47.12853617425045,163.34640003583328,314.08694019150795,188.7829088146083,79.75577330420622,29.857413795258708,3.4742465190938345,2.4252238547489693,1.049022664344865,0.5506088432611144,0.1507016667994422,0.2106393648464705,0.13449179952136078,9.187461713496123,3.5988878854550546,3.0023653203190586,2.5862085077220103,2.407037007454452,73.7646375188504,0.341313513899807,53.40099014815205,28.851897662826893,0.4606060606060607,$E_{lv}^{min}$,[mmHg/ml],18.610960574099455,35.93991311779746,6.543472243247745,6.468354340217477,6.487403583800656,2.4442248127103388,4.227436346855301,29.80874019975569,24.571628970077917,25.598424227403907,33.68623541627116,8.14866444119912,20.18461123945717,0.8594825931786674,0.2598442078181948,0.569844119743018,3297.4265888531495,1.5659255747420326,0.7194320613937552,0.6505614869619591,1.2625067741651816
78.47708092795627,57.29038296468277,67.85124235718456,124.95233463241999,46.71645924866892,87.46554471362438,37.18429194556139,28.086170884351702,31.711965150533015,37.3269600499186,46.73819369444055,163.04422058929993,315.4851738474045,189.72482986659253,79.35530069017138,29.80053172772178,3.4310426866467543,2.3846210779986166,1.0464216086481375,0.537501101241009,0.1473042150185911,0.2091866943018058,0.13488713035190864,9.106357270287788,3.565952335677883,2.9748662282457774,2.5655387063641277,2.408632351726154,72.95257835318739,0.34174229972128917,53.41127114868578,28.66596161796601,0.4676767676767677,$E_{lv}^{min}$,[mmHg/ml],18.712215866259083,36.14304031834392,6.4953645787612615,6.42030045060975,6.43953805913819,2.447725545082469,4.215598960806376,29.955283089028804,24.688121306849734,25.717918093169605,33.852116110228586,8.128133224965255,20.284847546096714,0.8550139715648495,0.25898663617523043,0.5698431888057497,3270.1521474068245,1.561603330527795,0.7265053477544346,0.6483361104938523,1.2749215258271491
77.83399667538838,56.82758397449667,67.30478597430347,123.60009590137776,46.33579464675548,86.7379279703794,37.22676866576304,28.184267051915903,31.782311398000857,37.3670350822068,46.36075288749702,162.7579511353382,316.87591443171607,190.65970996154056,78.9179180653192,29.74167992857476,3.391826788265722,2.347814100588363,1.044012687677359,0.5248317017014948,0.14501142861897798,0.20779983560201226,0.13529475288471904,9.027090549905006,3.5337611841333705,2.94798691684317,2.5453424489284666,2.426620471577004,72.65237988651592,0.34174229972128917,53.42045369423505,28.48447806334613,0.4747474747474748,$E_{lv}^{min}$,[mmHg/ml],18.813011100347417,36.34459643247264,6.447134425498406,6.372231855586647,6.391601002556328,2.4513330497962027,4.204753995765384,30.100820599283175,24.803871837796304,25.836729952751497,34.017041801682446,8.096439549580204,20.384374802424894,0.8505211486050119,0.2581290645322661,0.5698422862676639,3243.5056252728837,1.5679536833324423,0.7335253623417906,0.6461470599534941,1.2872427687776793
77.20681307055469,56.37628125194548,66.77183850253245,122.28713022362153,45.96551991930325,86.03111758037457,37.27104062719575,28.282972607091963,31.853855701753734,37.409017112277446,45.989389075425755,162.48061949665836,318.2717898545054,191.59621972742548,78.46031503522265,29.6797480333542,3.3517358944031197,2.3100183778286407,1.041717516574479,0.5126250304421357,0.14185398493536044,0.20644752635532346,0.13571406574812328,8.950010384802079,3.5024545947911556,2.9218477148507027,2.525708075160219,2.4281699082334747,71.88000647675969,0.3425998713642535,53.42894665567951,28.304538238403005,0.4818181818181818,$E_{lv}^{min}$,[mmHg/ml],18.914195078458427,36.54590432546377,6.398253665585527,6.323700201543207,6.343112067050622,2.455036442747754,4.194652904332416,30.24672995610729,24.91994838827191,25.95590198114732,34.18240752973666,8.05407220969473,20.484127020612416,0.8459371741659651,0.25770027871078394,0.5698413987711181,3217.586394351227,1.5637809950360997,0.7405929780480582,0.6440162979261079,1.299647550432755
76.58971323005254,55.932068816360434,66.24740412958258,121.00075084736318,45.60161087403411,85.33849392045283,37.31548128114955,28.380290038169772,31.924755821687643,37.45140237859938,45.62768420977057,162.21219930006825,319.6464022125966,192.517725683744,78.0052688860959,29.618089923889343,3.3128583923598978,2.27334882236702,1.0395095699928776,0.5007719707342146,0.13880072128489943,0.20513227226674258,0.13613178057589057,8.874249077920204,3.4716861083140653,2.896156304673633,2.506406664932503,2.429771683844082,71.12567414614062,0.3430286571857357,53.43615615778391,28.128392566434655,0.48888888888888893,$E_{lv}^{min}$,[mmHg/ml],19.014107715975808,36.74415792058919,6.349939862465154,6.27575390715377,6.2951940862095075,2.4587210106070825,4.18502819277683,30.39034505083131,25.034209865444556,26.073261429728582,34.345391607748375,8.008010934895255,20.58229991329392,0.841405896051673,0.2568427070678196,0.5698405313774693,3192.1127611823877,1.5597184569337244,0.7476112096790504,0.6419197603233783,1.3119656614664772
75.98389086709653,55.49629895704618,65.73264777304955,119.742629877929,45.244367771054165,84.66021500273693,37.3589636984995,28.4762108901931,31.99452936171412,37.49286633017634,45.267768988739775,161.94383666827724,321.0044224746214,193.42805273642892,77.5539609266518,29.556884280819002,3.2772892313610695,2.2400110949083,1.03727813645277,0.48927508445530205,0.13674568583262484,0.20381563511708242,0.13654133092062898,8.799954645162208,3.4415185884923964,2.8709686924642686,2.487467364205543,2.4472934124190773,70.85126985981324,0.3430286571857357,53.44230199461635,27.952758141370598,0.49595959595959593,$E_{lv}^{min}$,[mmHg/ml],19.1131088030903,36.93974951738075,6.3019978739020965,6.228229202941434,6.247675025101747,2.462328696053333,4.175412415338964,30.53226506246077,25.14709207169659,26.189194044664916,34.506365401827296,7.962310719264938,20.679300962001157,0.8369021219708545,0.25598513542485524,0.5698396747236537,3167.1057439737915,1.565968834360451,0.7546874320945085,0.6398778448116432,1.3243855518843919
75.38533085141658,55.06570853079485,65.22410384576239,118.50454812244561,44.89145150637155,83.99253222915965,37.401345227558735,28.569772831249253,32.062580011154026,37.533331383474035,44.9159653121546,161.681101328297,322.32991664359963,194.31663874689596,77.11291710098698,29.497577563002,3.240426981016131,2.2053458383494897,1.0350811426666413,0.4780677908952227,0.13386141168587057,0.2025237507831828,0.13694012834959815,8.726558651148117,3.4117226026736662,2.8460893441047204,2.4687467043697326,2.44884350086364,70.12227814104132,0.34345744300721787,53.44695571731627,27.780590893521783,0.503030303030303,$E_{lv}^{min}$,[mmHg/ml],19.21015552782239,37.13109667979786,6.255122485162895,6.181717822918362,6.201188340165935,2.465836011154605,4.165977782388079,30.67080281441871,25.25727080503539,26.302390461693395,34.66385348929534,7.91765114194338,20.77398785639054,0.8325132426161475,0.2555563496033731,0.5698388354177795,3142.4016054460085,1.5620407847825704,0.7617078834267315,0.6378687671268831,1.3367075672690552
74.79567424689198,54.64165765447888,64.72319338429622,117.28945779464318,44.54381373343866,83.33673043517204,37.44278929119976,28.66153962516009,32.12929048714493,37.57292506441139,44.569481691140155,161.4214792429361,323.6316905917206,195.18931054939986,76.67886521691777,29.439438153810695,3.206606234981127,2.173711727799663,1.032894507181464,0.46716591913964844,0.1319038889089952,0.20124492375494338,0.1373300791643509,8.654306932932025,3.3823967673602477,2.8216028685280605,2.4503072970437167,2.466000391496189,69.85108744383263,0.34345744300721787,53.45039756280031,27.61062647930761,0.5101010101010102,$E_{lv}^{min}$,[mmHg/ml],19.305823270683533,37.31907405397843,6.208977097686106,6.135930310212324,6.155425664183086,2.4692611827750954,4.156641771669406,30.80688474489382,25.36547666623918,26.413577773291376,34.81860854154132,7.873686050026066,20.866989055792967,0.8281973288802094,0.25469877796040874,0.569838744662985,3118.0669613407063,1.5681433983591757,0.7687215214167856,0.6359055755898485,1.3490158902259695
74.21463293145354,54.22393001201636,64.2296611049526,116.09669052641577,44.20129112522169,82.69249480191144,37.48330687519409,28.751535088638594,32.194667029279806,37.61169083886546,44.228057683975116,161.1650604640751,324.91031444106636,196.04624301542324,76.25167215638616,29.38249540403411,3.1716231986222487,2.1409051353690867,1.0307180632531623,0.45655768556553994,0.1291761092999424,0.19997894804999522,0.13771132156511137,8.583149049656118,3.353520833556511,2.7974915735148036,2.4321366425848048,2.4674991658318466,69.14605513631692,0.3438862288287,53.45260320311436,27.442708460891176,0.5171717171717172,$E_{lv}^{min}$,[mmHg/ml],19.400126308280246,37.503771133170126,6.163540385492591,6.0908459171986316,6.110366127345001,2.472606083176774,4.147405637484788,30.940534613312252,25.4717316079291,26.522777286076995,34.97075703073857,7.830417162015984,20.9583217262057,0.823955025708255,0.2538412063174444,0.569838744662985,3094.090378765518,1.5643446916613146,0.7757302798164365,0.6339798259400589,1.3613154371860414
73.64198642345706,53.81232699690766,63.743268563177466,114.92536656125225,43.863687330048236,82.05942836672858,37.52284960153979,28.839779944807468,32.25871374032874,37.64949340056325,43.89141488276099,160.91146498347712,326.16586343378907,196.88774028890552,75.83106891673785,29.32640440021687,3.1394764927792096,2.1109272822056395,1.0285492105735703,0.44623163070254257,0.1273160449908067,0.19872494222187628,0.13808367996250184,8.513054731714112,3.3250818893622487,2.773745378303758,2.4142274640481056,2.4842914818174475,68.87960463765432,0.3443150146501822,53.45356189177768,27.276748047299115,0.5242424242424243,$E_{lv}^{min}$,[mmHg/ml],19.49308759852404,37.68522723414982,6.118791079885073,6.046442720040614,6.065988071922715,2.475868194322481,4.1382597552606875,31.071797089488776,25.576067742397644,26.63002073097772,35.12032105321296,7.787813253219812,21.048017114211945,0.8197805628750606,0.25341242049596224,0.569838744662985,3070.4581131033765,1.570310405492729,0.7827361352529169,0.6320958780343794,1.3736098897870554
73.07751696245845,53.40674140398799,63.2638857177325,113.77491357558662,43.53092619900506,81.4372300209696,37.561492377554735,28.926329406524314,32.32147751102702,37.6865035383413,43.55970593206535,160.6606760683499,327.3989586157228,197.71423254940035,75.41710402254493,29.27139857857884,3.1062318107916687,2.0798425189640035,1.0263892918276651,0.43617867166184005,0.12473292141295805,0.19748303808295253,0.13844756835105762,8.444002935896805,3.297071113463175,2.750356740619723,2.3965750818139058,2.4857392290565734,68.19713518292231,0.34474380047166436,53.4533482877501,27.112861092115498,0.5313131313131313,$E_{lv}^{min}$,[mmHg/ml],19.58475756273397,37.86351267041003,6.074716125234289,6.002708012653897,6.022278744661384,2.479052269256775,4.129205739329591,31.20073878506671,25.678541359744845,26.735365182391337,35.26732778018142,7.7458661066568215,21.13612089069867,0.8156738858264755,0.2525548488529979,0.569838744662985,3047.1648339303542,1.566636438451912,0.7897352354543464,0.630249714104768,1.3858924877447794
72.52300539107648,53.008572798698786,62.79303230589953,112.64864791343399,43.204127278255825,80.82749963270739,37.59942037362362,29.011824585854843,32.38339071702304,37.72281534116683,43.229484810138096,160.40979777855662,328.6195559816676,198.5322926178706,75.00615331119332,29.216738657801237,3.0757061506766323,2.0514958887690726,1.02421026190756,0.42641653604338714,0.1229720366269676,0.1962397246208236,0.13880509729281865,8.376233601611359,3.2695844228911515,2.7274069797545955,2.379242198965615,2.5021677233485864,67.93744231863064,0.34474380047166436,53.45226250296253,26.949404218946633,0.5383838383838384,$E_{lv}^{min}$,[mmHg/ml],19.675789098704787,38.03972479970193,6.030924286230969,5.9593049226023656,5.978879204075476,2.4821764324853604,4.120154853676734,31.32840667569041,25.779977545477216,26.83963217361965,35.41292725937941,7.704201403609735,21.22334279497912,0.8115911329311875,0.25169727721003354,0.569838744662985,3024.288909477908,1.5724757470757391,0.7967946986366256,0.6284453805404122,1.3982810156369188
71.97440579122207,52.61464032256523,62.327239748758764,111.5385885561754,42.880800549913126,80.22632953294205,37.636355961390166,29.095173184471157,32.44373951945447,37.75819195900501,42.90700985271606,160.16454638777915,329.80998512554135,199.33022277812847,74.60469107071117,29.163848431139122,3.044092659346742,2.022022185423146,1.0220704739235962,0.41688331594390277,0.12052407650453045,0.19502190568499295,0.13915308371484292,8.309193380014802,3.2423997921798398,2.704707489230755,2.362086098604208,2.503564624260321,67.27661165702807,0.3451725862931465,53.44978487680366,26.78933061055386,0.5454545454545455,$E_{lv}^{min}$,[mmHg/ml],19.765036475366298,38.21199171509671,5.988142408423948,5.916853333927255,5.93645272236933,2.4852135788771754,4.111282270459029,31.45293835603247,25.878912197539183,26.941369628212588,35.55516414503452,7.663530301087595,21.30842232421024,0.8076102826618066,0.2512684913885514,0.569838744662985,3001.656038493919,1.5689215405089811,0.8037888098903508,0.6266750717379702,1.4105548585779806
71.4333931279527,52.22628234076478,61.86794339470643,110.44765584781729,42.56198808052259,79.63520493677683,37.67242672850813,29.17694585604368,32.50289116872243,37.79274228998599,42.58902984896833,159.92191724268824,330.97975067391104,200.1139752770159,74.20924963158267,29.111944688588316,3.015829392710068,1.9950309066933198,1.020798486016748,0.40759610310893735,0.11883922481517636,0.1938157100317809,0.1398422111132386,8.24312311877316,3.215613805778731,2.6823409128682254,2.345168400126204,2.5196300672978063,67.01871511273536,0.3456013721146287,53.446196458354024,26.63114011091906,0.5525252525252525,$E_{lv}^{min}$,[mmHg/ml],19.853104509029542,38.381301788677206,5.945985391217787,5.875020849908886,5.894645702228254,2.4881775972606524,4.102492729621643,31.57530233551432,25.97610814601278,27.041333424145385,35.695127810993284,7.623462539299988,21.392015913887146,0.8036883933753849,0.2499821339241049,0.5712647705131303,2979.339165636581,1.574614301050584,0.8128078999247194,0.6249386850424791,1.4228216789819306
70.89979755309315,51.84335075094822,61.41500296633688,109.37528226678586,42.2475372956687,79.05390692993385,37.70766447282385,29.25719608190177,32.56088692501648,37.82649206550409,42.27538831391688,159.68184238761123,332.12936989378034,200.88422740387483,73.81971708265255,29.061003737410065,2.9857331775662708,1.9670546779833913,1.0186784995828795,0.3985460855632548,0.11651679166576608,0.19262087447557988,0.14017526356624108,8.178000433462538,3.18921668193526,2.660299336953121,2.328484414574159,2.5209766579831374,66.3783529597159,0.34603015793611086,53.44142868626728,26.474762366091518,0.5595959595959596,$E_{lv}^{min}$,[mmHg/ml],19.940046222943685,38.54773857996964,5.904441859927514,5.833795884179311,5.85344671734879,2.491071260168608,4.0937861302012815,31.695573385508368,26.071625285125002,27.139584224213305,35.83278458172982,7.584064803155347,21.47417525281925,0.7998262114969403,0.24955334810262272,0.5712640450008565,2957.327610696809,1.5711768592608861,0.8198121143847747,0.6232413355694766,1.4350843914630504
70.37351018360391,51.465711501814404,60.968278393900476,108.32120336172713,41.93741225733038,78.48215022256377,37.74209309367185,29.335966894691047,32.61776383360344,37.85946971728292,41.96599785361803,159.44443200701397,333.2591215776763,201.64124813196102,73.43598135232087,29.011017188504766,2.9579752030820115,1.9414062974886712,1.0165689055933402,0.389726306895121,0.11491039940108679,0.1914377476775663,0.1405008318319216,8.113794528920904,3.163196185206572,2.6385717758658984,2.3120265678484344,2.5366802981040872,66.12418556927035,0.3460301579361109,53.43560559745379,26.3201400797564,0.5666666666666667,$E_{lv}^{min}$,[mmHg/ml],20.025900786414436,38.711365858657054,5.8634964066194595,5.793163670782541,5.812840792500921,2.4938959990398346,4.085164221730484,31.813793767686818,26.165499056709702,27.236158397940105,35.96826039929214,7.545264774946087,21.55492920720033,0.7960233246441444,0.2486957764596584,0.5712633287731755,2935.6188580131266,1.5767349965116717,0.8268140877148972,0.6215741880007986,1.447343188456597
69.85431974036656,51.09331783147091,60.5276348374347,107.2847837074402,41.6314891115131,77.91970587910758,37.7757440181777,29.41328557720231,32.67353810854708,37.891698970660514,41.66092919867277,159.20967153655045,334.369399919608,202.3853200792144,73.05777889091075,28.961960748030997,2.9293013213030292,1.9148317838781908,1.0144695374248383,0.3811287689526517,0.1127052895344177,0.19026595767263654,0.14081922014233839,8.050497229162625,3.137548724959137,2.617155683318369,2.2957928208851173,2.5379769983346354,65.50339222802813,0.34645894375759306,53.42870412794467,26.16733568796321,0.5737373737373738,$E_{lv}^{min}$,[mmHg/ml],20.110710205176233,38.87225847934525,5.823136061251318,5.7531108828320585,5.772814684374923,2.496655526596632,4.076622687093954,31.930005631903498,26.257762930468676,27.33109034759354,36.101565084657224,7.507029050096835,21.634307086963208,0.79227799462445,0.24783820481669405,0.5712626305696948,2914.204237805917,1.5734097824983473,0.8338111992057321,0.6199464311657608,1.4595934594465059
69.34207100115302,50.726044589738514,60.0929355825339,106.2654965217714,41.32968147889648,77.3662620208939,37.80862125275752,29.48919287042418,32.72823910069472,37.92319169933392,41.360046816181686,158.97728547447846,335.4608912741634,203.1167936932425,72.68519530937017,28.91378721265149,2.902818931949885,1.8904396820515663,1.0123792498983188,0.372746382189103,0.11117218775055807,0.1891052143094302,0.1411302531289108,7.988076569502977,3.1122607785131735,2.5960398066360737,2.2797759843537286,2.5533204015106676,65.25270726275781,0.3468877295790752,53.420806950366554,26.01632471754681,0.5808080808080809,$E_{lv}^{min}$,[mmHg/ml],20.19451093916856,39.03043328110586,5.7833465412117,5.713623565239036,5.733354334836171,2.499347505531639,4.068160205925621,32.04426349013017,26.348460434732267,27.42442307629797,36.232764945273786,7.469353643551934,21.712346196398286,0.7885874976668351,0.24740941899521188,0.5712619386240138,2893.077703522754,1.5788340226158473,0.8408034485043,0.6183454382308358,1.4718352329397701
68.83659579651864,50.36377895943248,59.66403515969112,105.2629843068188,41.03189155643467,76.82163793891237,37.840734311541674,29.56371381202337,32.78188626816714,37.953943032835625,41.063088231496565,158.74737548547793,336.5341178664015,203.83589499255064,72.31802543882365,28.866496108089503,2.8754742389357517,1.8651749024827995,1.0102993364529524,0.36457196166610856,0.1090763726764929,0.18795554707670226,0.14143442709116458,7.926514139071779,3.0873252111109024,2.5752176825967936,2.2639712453640826,2.554573019905758,64.65056208711644,0.34731651540055736,53.4118936504097,25.86693991375812,0.5878787878787879,$E_{lv}^{min}$,[mmHg/ml],20.277349088528265,39.18597894099181,5.744114041981654,5.674688378211294,5.694446335815091,2.501978886618901,4.059778831433096,32.156601256164485,26.437619682034452,27.51618565358614,36.36191974718124,7.432224603635334,21.789070095327414,0.7849521190036264,0.24655184735224756,0.5712612597340054,2872.2324089504273,1.5756173950254522,0.8477955783392315,0.6167830720625004,1.4840767930490995
68.33774205807887,50.00638919152106,59.24080486937177,104.27676929821659,40.738027482045474,76.28562289984112,37.87210109656166,29.636893537619752,32.83451225666039,37.98396794534592,40.77001217943187,158.519753037818,337.58923939072577,204.54299296059074,71.95602078404215,28.819978730976235,2.848777653833083,1.8405489360942855,1.0082287177387972,0.3565987233861644,0.10703905551395164,0.18681659280781499,0.14173166643559845,7.865795039682851,3.062735889695851,2.554684803413972,2.2483743465730273,2.5558733693374416,64.0602459342626,0.34774530122203956,53.40197265680362,25.71919990924121,0.594949494949495,$E_{lv}^{min}$,[mmHg/ml],20.359263068444054,39.338955695229565,5.705426031621987,5.636292559121686,5.656078100768312,2.504546664106387,4.051471122948558,32.26707553253563,26.525287318984915,27.606425411375334,36.489054016577455,7.395619100083456,21.864517743756032,0.7813673032039512,0.24612306153076535,0.5712605914043966,2851.6619237431833,1.5724925798750555,0.854786272803562,0.6152466701754838,1.4963158419560172
67.8454010597886,49.653710430213025,58.82314808039204,103.30639877473082,40.448025599629425,75.7580233555326,37.90274133608574,29.708760849339587,32.886140200189885,38.01329623044283,40.4808002238249,158.2944582373468,338.6266072266392,205.2383205687594,71.59912810061115,28.774157407723628,2.8240882974861132,1.8179198330204274,1.0061684644656859,0.34882072253311813,0.10561823397925077,0.1856885277768754,0.14202223013600498,7.805900907457191,3.038484814733391,2.534434271545008,2.232981821178791,2.570765939953546,63.818783337271476,0.34817408704352176,53.3910783413748,25.573100078543476,0.602020202020202,$E_{lv}^{min}$,[mmHg/ml],20.439743667539435,39.48941879107926,5.667270804964606,5.598424813512402,5.618238162886706,2.507052793786646,4.043237878870116,32.3757223877254,26.611490561713026,27.69516981183408,36.614261576182024,7.3595308261899595,21.93871383678973,0.7778281884440658,0.24526548988780103,0.5712599359708304,2831.3617919740595,1.577797244517571,0.8617747386408421,0.6137459735233936,1.5085509841965288
67.36127057757405,49.30722212120539,58.41252294236591,102.3549990606634,40.16296237072746,75.24040585821929,37.93276452899816,29.779935832957523,32.9371597890197,38.04201290217752,40.19149065751328,158.06796491380473,339.6567801752545,205.92872562561146,71.24346719215217,28.72835000631168,2.7986339639945452,1.7945529873511432,1.0040809766434022,0.3412534281198933,0.10368681064073407,0.18455446683933283,0.14230771878806653,7.74707095272039,3.0146676069275156,2.5145475512393123,2.2178557945535617,2.5720166955106696,63.24794956450812,0.3486028728650039,53.379513191900266,25.426714818166925,0.6090909090909091,$E_{lv}^{min}$,[mmHg/ml],20.51994567149581,39.63845475607971,5.629204961148413,5.560701069205032,5.580518482231114,2.509515607313684,4.03497250587578,32.48363190079126,26.697085342680744,27.78326792469182,36.738568244382726,7.323527991732366,22.01239746839641,0.7742918333945491,0.24483670406631886,0.5712594267420177,2811.407365950922,1.5747829799179855,0.8688495996556573,0.6122755667436736,1.5209370016191124
66.8815312208206,48.96388793043642,58.00565009564348,101.41528832464166,39.88047367221301,74.72907484386447,37.961989714840925,29.84927061313551,32.986854119435776,38.069964548817076,39.90964835903047,157.8470102588135,340.66058169781735,206.60144238289888,70.89644539363901,28.684093032386617,2.775028518771717,1.772990289239767,1.0020382295319497,0.3338474099505387,0.10232750437456994,0.18344663880138737,0.14258516182135636,7.688776245994973,2.991072538890931,2.494844700562138,2.2028590065419027,2.5865546491126703,63.009324185643024,0.34903165868648606,53.36674347372487,25.283753105993394,0.6161616161616161,$E_{lv}^{min}$,[mmHg/ml],20.59867544912716,39.7840586217167,5.5920689889985695,5.523844149860221,5.5436894332741025,2.5119064858469993,4.026882134832313,32.588767524452884,26.780477028245446,27.86914064752277,36.860022981870024,7.2885153020501745,22.084189081344185,0.7708493698491781,0.2439791324233545,0.5712594267420177,2791.6331570549105,1.5799542579040429,0.875837943586351,0.6108335110746852,1.5331702245709844
66.40781674661774,48.62503242314916,57.60394062857238,100.48999352753668,39.60150165017925,74.22547171562856,37.99052801905269,29.91737240111443,33.035605619987386,38.09725821821335,39.63143869614943,157.62822872736973,341.6476457214275,207.26310019662264,70.55418355111267,28.64059912490192,2.750667851633695,1.7506623980517375,1.0000054535819576,0.32661723595655184,0.10048129983683748,0.18234914810696945,0.1428563208287857,7.631244951159021,2.9677905069932344,2.475402861092515,2.1880515830732716,2.5877561065380466,62.45282589474613,0.3494604445079682,53.35298076905445,25.142348560355316,0.6232323232323232,$E_{lv}^{min}$,[mmHg/ml],20.67658908336375,39.92726608687743,5.555428612763797,5.487478124049286,5.5073515990069355,2.514239740799541,4.018861330642702,32.69218342470131,26.862489813177977,27.95360400710922,36.97966178705038,7.253983495760559,22.154803678864248,0.7674543316406155,0.24355034660187236,0.5712594267420177,2772.1051155125474,1.5770317612302827,0.8828245119907343,0.6094205544509634,1.5454003394318083
65.9400774095935,48.29050608751564,57.20734432568653,99.57899437180374,39.32608833047408,73.72949741687063,38.01840121893238,29.984278834032885,33.083448115166235,38.123905837548065,39.35672131408463,157.41178087789493,342.61845410789476,207.91402434001668,70.21658359845259,28.597849243325907,2.7280790817075746,1.7300962976941427,0.9979827840134319,0.31955896118855875,0.09917937120743425,0.18126190246189722,0.14312134307201815,7.574469470064452,2.944818629180356,2.456219930827649,2.1734309100564464,2.601941750127418,62.216741393850114,0.3498892303294504,53.33833771865039,25.002398864042984,0.6303030303030304,$E_{lv}^{min}$,[mmHg/ml],20.753743330472982,40.06818264864265,5.519276983424576,5.451596482325938,5.471498439072904,2.516519580035891,4.010911999469469,32.79393007743356,26.943169373202117,28.03670556895082,37.09750970788562,7.219922920314799,22.224271800690925,0.7641047244623411,0.24312156078039018,0.5712594267420177,2752.8261831331856,1.582072970772379,0.8898110216991594,0.6080355068267398,1.5576303515442913
65.4781948458895,47.960366997049746,56.815766757601736,98.68204494843064,39.05415243869918,73.24104694732375,38.04564347045114,30.050033585280463,33.130421037390875,38.14993681368243,39.08551226763372,157.1974817207804,343.5740678621087,208.55456404594895,69.88359943073908,28.55584704054864,2.704786007023333,1.7088147220274659,0.9959712849958671,0.3126671884931349,0.09742009688388376,0.18018493766500643,0.14338062534144363,7.518439615774961,2.922152481945171,2.4372921810940285,2.1589949527357626,2.6030945975590827,61.67612145572533,0.35031801615093255,53.32276649019997,24.863955732483525,0.6373737373737374,$E_{lv}^{min}$,[mmHg/ml],20.83019768482923,40.20684486039676,5.483605678178138,5.4161906550316665,5.436121451503671,2.5187464485705453,4.003031818959139,32.89406312418283,27.022557670630896,28.118487709365088,37.21371673555011,7.186322469536676,22.292634775510155,0.760801235613913,0.24226398913742586,0.5712594267420177,2733.7906707089423,1.5792461903387718,0.8967965268400605,0.6066802919185604,1.569858605143082
65.02195107577597,47.634448872042114,56.42901085586904,97.7984535613071,38.78556944511146,72.75981149421054,38.07216979556191,30.114592658346123,33.1764617256825,38.175271663567315,38.817651527649446,156.9850014982281,344.5136604118162,209.18449046008672,69.55505259017654,28.514525640210344,2.6831518852336194,1.689185686219199,0.9939661990144204,0.3059358945604602,0.09617210796766953,0.1791170093294212,0.14363347807481475,7.463126851736075,2.8997800846235267,2.418609916511038,2.14473685060151,2.6169307009636804,61.44244364031779,0.35074680197241476,53.30630831581746,24.72698102187016,0.6444444444444445,$E_{lv}^{min}$,[mmHg/ml],20.905685646240492,40.34322840707139,5.448393264684949,5.381239109188088,5.401199064783701,2.5209160885580784,3.9952114796573546,32.992545229074054,27.100622670829832,28.198916033527066,37.328164131589915,7.153155149126682,22.359867997557316,0.7575396882187829,0.24183520331594366,0.5712594267420177,2714.9898611578024,1.584157317253518,0.9037807198751994,0.6053493570426434,1.5820845618769093
64.57135620217785,47.31259590067057,56.04709758395998,96.92808964475145,38.52032984533286,72.28569444979314,38.098114009746155,30.1780610898696,33.221682195174964,38.20004102169487,38.553110644924104,156.7747359465086,345.43825407678713,209.8045173693097,69.23098653777079,28.47387598901931,2.6608578907473746,1.6688844004377703,0.9919734903096042,0.29936127932096435,0.09449416801146264,0.17805952151786913,0.14388092169741717,7.408522857440369,2.8776981457123045,2.4001697375063062,2.1306549742217586,2.6180354606706913,60.91693811200822,0.35117558779389696,53.28900848021541,24.591405249171263,0.6515151515151515,$E_{lv}^{min}$,[mmHg/ml],20.97991356873965,40.47746835712862,5.413644669344705,5.3467469622427215,5.366736347615295,2.5230383042562052,3.987464263607448,33.08948849983365,27.17745648395795,28.278085845026485,37.441007641183795,7.120440500727286,22.42604724242242,0.7543150493611825,0.24097763167297934,0.5712594267420177,2696.4230891733,1.5814230656020445,0.9107657111840435,0.6040495208559603,1.5943119160033534
64.12622566759087,46.99488181049491,55.66986678998767,96.07069496595541,38.25834400846989,71.81844384924992,38.12342986932001,30.2404334288604,33.266062958745025,38.22419955533207,38.29174935806149,156.56636542937161,346.3481601437104,210.41469127213006,68.91106940532394,28.433910108589878,2.6401283352540843,1.6501384094712237,0.9899899257828606,0.2929379307404881,0.09329719506082236,0.17701135702367807,0.14412275914821648,7.354621208467449,2.855904421733528,2.381970264602129,2.1167465221317943,2.6315250589772305,60.68562785764762,0.35160437361537905,53.27091754978128,24.457200148351923,0.6585858585858586,$E_{lv}^{min}$,[mmHg/ml],21.053499799597756,40.60956490373915,5.379340558473133,5.312695265425636,5.33271452348243,2.525109274964758,3.9797768847048687,33.18490134837369,27.253067132308487,28.356004416287504,37.552321796362094,7.088138732591262,22.491177825010855,0.7511304179428354,0.24054884585149716,0.5712594267420177,2678.0840805928924,1.5862063408759308,0.9177524810777007,0.6027707528243818,1.60654238357481
63.68645757809569,46.68118899913557,55.29723182891303,95.2257542039604,37.99955064226693,71.3580734691267,38.14813756747605,30.301725226648493,33.30961464672418,38.24776860075209,38.03372737828715,156.35997025336704,347.24362306326043,211.01512583959496,68.59534994542307,28.39460334295722,2.6196328325107627,1.6307581932191608,0.9888746392916021,0.2866614283956613,0.09169556071781874,0.17597278964530272,0.1447079580342103,7.301396187997035,2.834387670370966,2.364001883856332,2.103006633769737,2.6325882998024883,60.174630154281104,0.35203315943686125,53.251929031839076,24.324465729084608,0.6656565656565657,$E_{lv}^{min}$,[mmHg/ml],21.12648256582218,40.739564009380594,5.3454726854228545,5.279076148762911,5.299125331186115,2.527131537407899,3.972154019175785,33.27879717177061,27.327463738143003,28.43268192314224,37.662068584424546,7.056343582077134,22.55527090900114,0.7479865162116123,0.2392624883870506,0.5726401742313096,2659.9685449586855,1.5835616247353412,0.9269707405698048,0.6015227010065147,1.6187665174105799
63.2519412740497,46.37131886430912,54.929097653564845,94.39293264520708,37.7438715733305,70.90429113635132,38.17222594685215,30.36195202993778,33.35234615313314,38.270726224558736,37.77870473421728,156.15537426357346,348.12455962430295,211.6060256949775,68.28379167952723,28.35591202326969,2.5987386867159143,1.6118283853584296,0.9869103013574845,0.2805272211908104,0.09013472407684395,0.17494321137787852,0.14493902494630218,7.2488369015809555,2.8131437402648505,2.3462612861379317,2.0894318751781715,2.6336951763809187,59.67282822900573,0.3528907310798256,53.232140069982194,24.193022438312557,0.6727272727272727,$E_{lv}^{min}$,[mmHg/ml],21.198905980217987,40.86748978466314,5.312031301127297,5.245879485020447,5.265958914456181,2.52910391747349,3.964591189493858,33.37120938898614,27.400672481778187,28.508144262720954,37.77031698328465,7.02496481369161,22.618348953612617,0.7448807435597168,0.23883370256556846,0.5726396116190625,2642.071010133135,1.58099383400748,0.9339725196592288,0.6002949195434212,1.630995307884038
62.82262716874355,46.06542940223103,54.56542482182084,93.57218470267665,37.49126709170183,70.45698452081072,38.195754982472565,30.421178045344682,33.39432397545388,38.29315628209928,37.52678853835997,155.95279909439196,348.9918594698885,212.18784502343482,67.97639030269589,28.31786814327969,2.5792857802362312,1.5943281422064726,0.9849576380297587,0.274531454580119,0.08901657070706497,0.17392348089218923,0.14516498985161505,7.196928977827122,2.792166436043999,2.3287428559657797,2.0760196858173425,2.6467563273509422,59.44840550846824,0.35331951690130775,53.21156922437991,24.062914392223583,0.6797979797979798,$E_{lv}^{min}$,[mmHg/ml],21.270704646244383,40.993440643412605,5.279013867831169,5.213102854006828,5.233212657718285,2.5310314894424724,3.9570957132214204,33.46220715768087,27.47274910266399,28.5824495322769,37.87716443632998,6.993999625509105,22.680459710830448,0.7418146962883403,0.2384049167440863,0.5726390534447949,2624.388696419128,1.5856600782006196,0.9409744398115967,0.5990956031028586,1.6432243559900879
62.39832056358068,45.76323640671874,54.20605336811824,92.76290938118328,37.24166695780017,70.01601354105888,38.21870176120187,30.47937999355593,33.43551110696408,38.31500799200572,37.277864575983834,155.75196132820696,349.8456200896273,212.76046047623038,67.67274663526642,28.280407152975727,2.559252105541045,1.57623864559974,0.9830134599413052,0.2686692770070385,0.08752529437496961,0.17291245734277896,0.14538569710490604,7.14566738074424,2.771454216895382,2.311445957965531,2.062767205883327,2.6478154199151422,58.96013164970963,0.35374830272278995,53.190213315930734,23.934122086225535,0.6868686868686869,$E_{lv}^{min}$,[mmHg/ml],21.34103623027047,41.117400806202376,5.246403831821379,5.180729773767243,5.200870418023318,2.532911721986812,3.9496541012010864,33.55177115111706,27.543681925991038,28.6555841099394,37.98260472636622,6.96340548677864,22.74158996103424,0.7387841154973409,0.23754734510112194,0.5726385105515215,2606.9166870460117,1.5831764919792504,0.9479771997400149,0.5979179968783429,1.6554548502632072
61.978989982276595,45.464830862326316,53.85095457083352,91.96487148243624,36.99501431878683,69.5812720841092,38.24109187645539,30.536599659340393,33.475945655904766,38.33631592538306,37.03195892886719,155.55299397332843,350.68579143283023,213.32417203317593,67.37300121232093,28.24346593878153,2.540572735229306,1.5594933589634001,0.981079376265906,0.2629371352250126,0.08645040906905258,0.1719106350794761,0.14560130649203046,7.09503442431987,2.7509992632860643,2.294363633881187,2.049671527152619,2.6605384400829353,58.73758633428102,0.3541770885442721,53.16806262763865,23.806651343025127,0.693939393939394,$E_{lv}^{min}$,[mmHg/ml],21.410893102270325,41.23940192111283,5.2141984055016035,5.148757702359549,5.1689294485215065,2.5347472381256746,3.942273682689711,33.63994833730035,27.61350611396315,28.727584123523116,38.086709446202036,6.933197996103453,22.801771761074036,0.7357904190802521,0.23711855927963976,0.572637973385656,2589.651002315078,1.5877162751752976,0.9549790029705657,0.5967650199129635,1.6676836803615422
61.56452413886364,45.17008148184037,53.50003770602514,91.177960172995,36.75128136403464,69.15254696912811,38.26291826833103,30.59285675752365,33.51564483477799,38.35708241518661,36.78892319500383,155.35587405343136,351.5128647663731,213.87921947222904,67.07700174859832,28.20706690303737,2.5213500892160132,1.5421955604816266,0.9791545287343864,0.25733124349850856,0.08502467539646165,0.17091750441107062,0.14581197881428973,7.045022435563197,2.7307984303939983,2.277493492803406,2.0367305123657933,2.6615502922207264,58.26230075845161,0.3550346601872364,53.14523177351887,23.680419822652514,0.701010101010101,$E_{lv}^{min}$,[mmHg/ml],21.480324439906184,41.35952346957298,5.182389256815477,5.117178368652642,5.137381466076029,2.536539183497731,3.9349511738524123,33.72677639621538,27.68225281881969,28.798480876070634,38.18954145347269,6.903359844742937,22.86103083273141,0.7328274946364289,0.23626098763667544,0.5726374459870187,2572.5896954824248,1.585313452919984,0.9619825599177713,0.5956353549108556,1.6799155672742692
61.15482914445639,44.87896012263173,53.1532249910534,90.40170190289108,36.51039465558045,68.72975300056295,38.284224278365954,30.64816990627788,33.55462531633784,38.37733884950513,36.548688312729524,155.16057769267505,352.3274346430798,214.42571637927506,66.7848401126952,28.171256281657612,2.5034023670057817,1.526162182488915,0.9772401845168666,0.251847593504478,0.08399069206012168,0.16993353274587422,0.14601776177317724,6.995612865298786,2.7108446029335322,2.2608292063870294,2.0239390559782238,2.6739389460017122,58.04156637490252,0.3554634460087186,53.1216730187891,23.55539587195991,0.7080808080808081,$E_{lv}^{min}$,[mmHg/ml],21.549370487630945,41.47777939093852,5.150967073278421,5.0859825076089775,5.106217190024732,2.5382883084746,3.9276877076707772,33.81227011689084,27.7499359094744,28.868289115361794,38.29117053861524,6.873921472990778,22.91937802411477,0.7298976504733458,0.23583220181519327,0.5726369240854822,2555.7276258906313,1.5897271700959588,0.9689882780935596,0.5945263531439438,1.6921512346432463
60.74978203346921,44.591396017816905,52.81041853756674,89.63571085429398,36.272261588429934,68.3128139315797,38.304963197041126,30.702535868951067,33.59286891525507,38.39704554587812,36.31132329952372,154.96689232481413,353.12895396937296,214.96369818759626,66.49622265268269,28.135936186825695,2.4849411854398986,1.5096073384646862,0.9753338469752124,0.24648210492967979,0.08262656924295692,0.16895782176627486,0.14621853879275457,6.946797589766053,2.6911337716405925,2.2443679739386897,2.011295844186771,2.6749041333326775,57.57868899966837,0.3558922318302008,53.09730268871557,23.43166514781387,0.7151515151515152,$E_{lv}^{min}$,[mmHg/ml],21.617218008669994,41.59418030767828,5.119921561101132,5.055159455575225,5.075426145677553,2.5399933641896633,3.9204768596367585,33.89643684195706,27.81655415614594,28.937006652113453,38.391609964876245,6.84490439654932,22.976817869860266,0.7269986050535466,0.2354034159937111,0.5726364113012851,2539.0583111900955,1.5874027832340822,0.9759923737925751,0.5934428690183855,1.7043840638332544
60.34933665896595,44.30737479807005,52.47157860171949,88.88000768555581,36.03691292206192,67.90148275950014,38.32520419845449,30.756011725455252,33.630436039319584,38.41625955670635,36.07661075446992,154.77492970656178,353.9182366527255,215.49357297546604,66.21116372618509,28.101205105594858,2.4676807691193914,1.4942430940112705,0.9734376751081208,0.24123190324246468,0.08163114310358027,0.16799082515417738,0.14641473383286369,6.8985689754602735,2.6716631450853896,2.2281070996344496,1.9987987307404351,2.6869623800676132,57.359655331244255,0.3563210176516829,53.07235049593962,23.309079075576168,0.7222222222222222,$E_{lv}^{min}$,[mmHg/ml],21.684281010357054,41.70880030440071,5.089250397953625,5.024707797548977,5.045006688262676,2.541658296281058,3.9133230367822343,33.9793404511585,27.88216643369843,29.004695891861065,38.49097147309076,6.81623702654864,23.03339401581265,0.7241333534214518,0.23454584435074677,0.5726359047344601,2522.5839045443345,1.591691703873127,0.9830005234640875,0.5923758797966776,1.7166239757877557
59.955346238765586,44.0283372674669,52.13829154537862,88.1375928237153,35.80551702657025,67.49752113678966,38.345072713383814,30.809326183311406,33.66779511610559,38.43510184000411,35.84008384885274,154.58052714857592,354.70795720324867,216.02347496770614,65.92514681570492,28.06615255985554,2.4499551655167697,1.4784480819544052,0.9715070835623645,0.23611111805675059,0.08033119168081254,0.16701254722918818,0.14660821844656974,6.851178493979011,2.652532206399122,2.212131313810548,1.9865149737693402,2.6878882755045064,56.910907677320914,0.35717858929464724,53.04715850824688,23.185380791465956,0.7292929292929293,$E_{lv}^{min}$,[mmHg/ml],21.75181850539729,41.822947891658885,5.058430279194587,4.99417314051702,5.014476621909429,2.5432989297215847,3.9060954202042937,34.06227443196094,27.947782454019837,29.072356301051247,38.59056796277358,6.787432925274867,23.089983715924884,0.7212475584011079,0.23411705852926457,0.572635399082113,2506.3861918599173,1.5894452141296818,0.9901409856628315,0.5913360419831248,1.7290949655748584
59.56385715647551,43.751328500391054,51.80717271835781,87.40113792429983,35.575510241775255,67.09729028141014,38.36429893998815,30.861050712095548,33.704020127491546,38.453334952816995,35.61065130487648,154.39183749272092,355.4734740367695,216.53750642579587,65.6469309650174,28.03246891234672,2.4325639081404136,1.4629343530201768,0.969629555120237,0.23107987878317776,0.0790560370786828,0.16606221872557045,0.14679532400623324,6.804088494928512,2.6335274464935243,2.1962590681588128,1.974301980276174,2.6888534080117736,56.46754206335608,0.3580361609376116,53.02078532913832,23.065112691955235,0.7363636363636363,$E_{lv}^{min}$,[mmHg/ml],21.818324319399757,41.934100723292616,5.0284747154038385,4.964431536099928,4.984767502090371,2.5448847199242155,3.899048887842425,34.14270741831027,28.01142283710449,29.13802441474561,38.687920667186816,6.759435904294529,23.144871013330846,0.7184442283372181,0.23368827270778242,0.5726349063880084,2490.285716924268,1.5872588103331806,0.9971555346334661,0.5903106527130655,1.74134605402104
59.17664657978906,43.4775995568208,51.479769231510176,86.67390308095949,35.348070516990326,66.70221894858994,38.38300460493284,30.91189685167074,33.739563531439735,38.47105880541151,35.38383435231454,154.20464331349646,356.2271711031971,217.04366620060384,65.37212274073163,27.999270563625398,2.4162716826045223,1.448511858768779,0.967759823835743,0.22615249315560493,0.07812062016503703,0.16511975090371972,0.14697773846040343,6.757548817592708,2.61474749883221,2.1805744928649324,1.9622268258955673,2.7005068965083256,56.25398428409606,0.3584649467590938,52.99384499372426,22.946023927683918,0.7434343434343434,$E_{lv}^{min}$,[mmHg/ml],21.88370687958087,42.04349950670693,4.998867433194603,4.9350346087844095,4.955403593743471,2.546429302464245,3.8920527479894496,34.2219112538409,28.074079796477204,29.202683106977382,38.784292775832256,6.731760231309252,23.198918518944,0.7156689528235832,0.23283070106481807,0.5726346681274154,2474.3649361893226,1.5914301250773262,1.0041706109523438,0.589307928498534,1.7535973053047997
58.79371213640578,43.207366659799476,51.15608654234001,85.95560690621984,35.12324183818952,66.31254354199187,38.40126203678568,30.961919868264726,33.774485520375244,38.48833885847257,35.15959151716164,154.01915639319625,356.9697465641901,217.54229602223256,65.1005875566568,27.96659056538476,2.399533966415042,1.433632961211344,0.9659010052036978,0.22132631362982016,0.076898467350401,0.16418591797164891,0.14715595406237458,6.711559851785326,2.596193073068305,2.165078068341684,1.950288710375337,2.7014256866505484,55.82171248808414,0.3597513042235403,52.96621116025811,22.82806395030664,0.7505050505050506,$E_{lv}^{min}$,[mmHg/ml],21.948309316382588,42.15126792371673,4.96960841238115,4.905983187611428,4.9263854699379666,2.5479380835678067,3.8851104342022076,34.29994045059836,28.13580031252981,29.26638603471568,38.87965324803042,6.704417708669164,23.25216321222579,0.7129188256832908,0.23240191524333592,0.5726346681274154,2458.6269286732663,1.5893098007652915,1.0111875602139966,0.5883226063256434,1.7658511027994555
58.41494085402646,42.94060744972022,50.836046884487324,85.24575563730527,34.900920635935854,65.92791748479416,38.41902976806747,31.01112036008175,33.808771557632475,38.50514766472076,34.93783700756791,153.8352027049601,357.70082222021455,218.03345833489848,64.83236991320545,27.934407291968895,2.383830646313063,1.4197795054614841,0.9640511408515791,0.21659709028317395,0.0759962046198684,0.1632600606884942,0.14732983396661922,6.666103628517431,2.577855940811682,2.149762755014068,1.9384849326916826,2.712758870970884,55.60954592384276,0.3601800900450225,52.937999511338305,22.711210693806567,0.7575757575757576,$E_{lv}^{min}$,[mmHg/ml],22.012723122622596,42.25738861983562,4.940689051485754,4.877268328871237,4.897704366389869,2.5494091996476542,3.8782220787830988,34.37680462276068,28.196588205841728,29.329130747328232,38.97395905174962,6.6774933213689645,23.304611688720495,0.7101956136073018,0.23197312942185372,0.5726346681274154,2443.06444451551,1.5933546998351726,1.0182067105412038,0.5873558158395842,1.7781087440459429
58.04024654376426,42.677208820217714,50.519563081267904,84.54408141217996,34.68108561889177,65.54821383410543,38.43631494862391,31.059490056090095,33.84242107996534,38.52148713108323,34.71862277215805,153.65280773112025,358.42079203855405,218.51711258317036,64.56722605655746,27.902678918457585,2.367700802975616,1.4054899805438121,0.9622108224318038,0.21196066044917244,0.07482388448733664,0.16234232036384308,0.14749947737266253,6.6211761293157725,2.559734902162578,2.134627765315614,1.9268134618375776,2.7136319848821744,55.187840595977164,0.36103766168798684,52.90927637885815,22.595501692954922,0.7646464646464647,$E_{lv}^{min}$,[mmHg/ml],22.07697472617348,42.36186211460607,4.912099883711326,4.8488807877508,4.869350963810113,2.550842941728242,3.871381303951462,34.452496465115495,28.25644221299716,29.39091890485274,39.06709933787254,6.650867419098904,23.356259195491788,0.7074977443778097,0.23154434360037157,0.5726346681274154,2427.675993322424,1.5912950708185092,1.0252254329741486,0.5864078400032579,1.7903656380546427
57.66956524717992,42.4174177637122,50.206644117268326,83.849933316188,34.463699664754344,65.17352831008454,38.45315974211065,31.107082957446615,33.87547769585339,38.53739980856231,34.50182522226335,153.47198959393143,359.1301272927821,218.99368265833172,64.3053310979931,27.871423798348943,2.3525384820862736,1.3921579841450114,0.9603804979412622,0.20741244069371412,0.07395259351157506,0.16143270180664335,0.14766506158411366,6.576766086353125,2.5418247884940435,2.119668587951787,1.9152727099072937,2.7246492385581034,54.97684411226725,0.36189523333095114,52.87990470729456,22.480861369915814,0.7717171717171717,$E_{lv}^{min}$,[mmHg/ml],22.139752235756596,42.46476215262613,4.883842331659397,4.820821556386354,4.841326538726993,2.5522421838015634,3.8645964545255604,34.527082292870695,28.315413383624684,29.451800050051443,39.15912196725657,6.624558136561999,23.40715102896308,0.7048255329344656,0.23068677195740722,0.5726346681274154,2412.458976532804,1.5952101674241166,1.032246512529154,0.5854735886180744,1.8026266483388527
57.30266383858127,42.16166272839315,49.89721396454351,83.16170384972939,34.24877256376602,64.8034372718901,38.46950977000206,31.153844230388106,33.90788821549948,38.55282913186575,34.28745147691438,153.29260369102377,359.8278224623796,219.46275060497888,64.04643369709372,27.84063398213629,2.3369464197032808,1.378388077961822,0.9585583417414587,0.20294109755994152,0.07282641380665289,0.16053077770961774,0.14782627177878008,6.532874481214693,2.524126156099452,2.104885736530045,1.9038625885851976,2.7254796496960028,54.56494667082191,0.36318159079539764,52.85024067484483,22.36732278748692,0.7787878787878788,$E_{lv}^{min}$,[mmHg/ml],22.202124431147503,42.56602913735807,4.855900934299017,4.793075930303636,4.81361673854976,2.553603397023219,3.8578560489529594,34.60049551296453,28.37344981643472,29.511724244462435,39.24988468263997,6.598533250080736,23.457242031907764,0.7021748324862942,0.23025798613592505,0.5726346681274154,2397.4140794636214,1.5931942252596136,1.0392672114676285,0.5845555388525161,1.8148869939470447
56.938312929768465,41.92434964970912,49.59308082708494,82.44805624623768,34.03754228892082,64.43774250159477,38.48546188055255,31.199681389540487,33.939651308772824,38.56787876594488,34.07685264015134,153.11620876131295,360.5127197674756,219.9230641660212,63.791608430436135,27.81060527895937,2.283649570424951,1.3268873011902689,0.956762269234682,0.19833764863711892,0.05649458761908792,0.15964322432032427,0.14798371439296112,6.489667574381213,2.506690810203803,2.090318492862067,1.8926582713153435,2.147827109959426,42.662950016224485,0.8571428571428571,52.82236926298035,22.255548851312305,0.7858585858585859,$E_{lv}^{min}$,[mmHg/ml],22.26378559781158,42.662950016224485,4.828337536815579,4.765705831398339,4.786292435984443,2.5549304302976097,3.8512135590443126,34.672536540035665,28.43039643612171,29.570519422325265,39.33912573499118,6.572958142495241,23.506397119876603,0.6994971263294626,0.2298292003144429,0.5726346681274154,2382.627960224457,1.2534086525427903,1.0462467101303783,0.5835705521784145,1.8270753909324624
56.57490418918254,41.71924079527421,49.29552860758619,81.68394061451428,33.830976712832076,64.07576340909284,38.50101217559779,31.244452771023173,33.97068042931147,38.58254666922653,33.87082782923665,152.94352006813133,361.1818600914426,220.37315324279987,63.541399881286516,27.78123802011716,2.2689623536194707,1.3139613828296284,0.9550009707898421,0.19343246514082335,0.05614533275739952,0.15877376994554582,0.14813719379016232,6.447301172857549,2.4895719484778884,2.076008836411348,1.881720387968311,2.1688916108511638,42.73892118717324,0.8571428571428571,52.798398197517535,22.14597114944674,0.7929292929292929,$E_{lv}^{min}$,[mmHg/ml],22.32386663516498,42.73892118717324,4.801183464511566,4.738739640334494,4.759390549437658,2.556223495798525,3.844699971681925,34.74297074509088,28.4860732541172,29.627991086937552,39.42655414006083,6.5479534625565865,23.5544574568952,0.6967350712070982,0.22940041449296072,0.5726346681274154,2368.168369898245,1.263307339600467,1.0531563849791215,0.5824667923837339,1.8391418536063668
56.211260922104614,41.5540127445736,49.00496941162948,80.86286099655192,33.6293916938676,63.71738030963202,38.51625456611383,31.288182221896076,34.001036820192574,38.596925812048084,33.66972827208377,152.7750227409714,361.8354885662302,220.81317473977512,63.296321184013166,27.752004028100313,2.253287799322309,1.3000067273136056,0.9532810720087037,0.18817727434281206,0.05572789936190569,0.15792442841234042,0.14828738947737657,6.40587434625151,2.4728093906910593,2.0619888998201783,1.8710760557402726,2.188051672167911,42.767407465145176,0.8571428571428571,52.77899300072749,22.03876502062152,0.8,$E_{lv}^{min}$,[mmHg/ml],22.38141382716694,42.767407465145176,4.77445410574474,4.7121849124002235,4.732923686788008,2.5574890011856066,3.8383387680492547,34.811818390983035,28.540498611982645,29.684156094533773,39.51214970008473,6.523653239997103,23.601438148188283,0.6938512202220235,0.22854284284999637,0.5726346681274154,2354.0574185707324,1.2717270610917386,1.059983531911058,0.5812143640244646,1.8510641966148023
