STK_syst_list,DTK_syst_list,MAP_syst_list,Plvmax_list,SV_lv_list,EDV_lv_list,STK_pulm_list,DTK_pulm_list,MAP_pulm_list,Prvmax_list,SV_rv_list,EDV_rv_list,maxVla_list,minVla_list,maxVra_list,minVra_list,Eout_total_list,Eout_lv_list,Eout_rv_list,SW_lv_list,PE_lv_list,SW_rv_list,PE_rv_list,Ein_total_list,Ein_LAD_list,Ein_LCX_list,Ein_RCA_list,Ees_lv_list,Pes_lv_list,LVET_list,EF_lv_list,EF_rv_list,var,var_name,var_unit,Plvmin_list,EDP_lv_list,Pv_syst_max_list,Pv_syst_min_list,Pv_syst_mean_list,Prvmin_list,EDP_rv_list,Pv_pulm_max_list,Pv_pulm_min_list,Pv_pulm_mean_list,Plamax_list,Pramax_list,Plamin_list,Pramin_list,RVET_list,Ees_rv_list,CO_list,Ea_lv_list,Ea_rv_list,VAC_lv_list,VAC_rv_list
101.56154869950346,69.93371360729809,85.17376023520599,107.91619127500192,59.014435518220836,282.94880047677884,32.25630174827482,21.26375577426279,25.994847472264517,32.75421446553742,59.019046300639886,166.21236163943706,229.3866591210506,126.6288066424787,81.99523940479948,30.68284217548634,6.669243621040086,5.678898898820462,0.9903447222196238,0.6252824975269811,1.3986601442699544,0.22588060419296807,0.09539773817273266,11.3761664801677,4.45381079646256,3.712277854075987,3.210077829629154,0.46616226999090016,98.8945732502366,0.25641392124633744,20.85693080118361,35.50821714973845,0.5,$E_{lv}^{max}$,[mmHg/ml],17.249839029753744,21.679161704953724,7.596675924072579,7.509033234269177,7.537057483693918,2.1378432423279876,4.336180628791899,21.09679676231154,17.34478702423112,18.42435689807866,24.214294423921913,8.183900408274873,13.944101117218997,0.8878467512210529,0.29028800114342884,0.5636893898053666,4131.010486275459,1.6757691975161346,0.48122101272806955,3.5948194553558506,0.8536989012587727
104.71402478010285,72.12981280163635,87.87672219479812,111.20311352420994,60.90300160608607,276.6865237347314,32.254292462705116,20.913952048419404,25.832037911207983,32.8102788498561,60.90752809228266,167.94440809151115,224.12682055455505,123.65477669563522,83.83014994870324,31.07219809952222,6.781505098727957,5.776447443034173,1.0050576556937831,0.6758569663486901,1.3877395552099168,0.23268767472501373,0.0945715349066054,11.742945811605573,4.599434139822015,3.833707571765457,3.309804100018098,0.5001826147951639,102.03897348667671,0.2564139212463374,22.011553285651097,36.266481739061405,0.5353535353535354,$E_{lv}^{max}$,[mmHg/ml],16.65059162463065,21.183626847830315,7.8171698535306176,7.728037403380862,7.756676635050915,2.1421671383542265,4.400891944904469,20.60432564578523,16.96124238413914,18.01924077980429,23.645941425570257,8.359321867698497,13.617005206454817,0.9130257877162192,0.29286071607232184,0.5620268573188063,4263.210112426025,1.675434228129733,0.4635916237294358,3.3496450667639883,0.8248567087007842
107.64182199144808,74.17517487804609,90.39516370239133,114.2415779369245,62.662640644258985,270.8808597059872,32.25274458281569,20.587988931438506,25.680491830549364,32.86467578021564,62.66700397126802,169.5570567777678,219.16817811373704,120.88934158950528,85.56505046228925,31.437154876273038,6.884107224404717,5.864737799638366,1.019369424766351,0.7246768712558892,1.3748100391662108,0.2390176932921281,0.09405930864541291,12.084212407791998,4.734920217791522,3.9466861705442096,3.4026060194562655,0.5343926531800629,104.97826427927343,0.25641392124633744,23.13291559701661,36.959242606695724,0.5707070707070707,$E_{lv}^{max}$,[mmHg/ml],16.09585095201531,20.724511952535693,8.022499855594651,7.9320628683940555,7.961245578101214,2.14638953589658,4.461287433146965,20.144903659922313,16.603495824779184,17.641936381573778,23.114192625089157,8.518797500407187,13.312309614280526,0.9367268186650031,0.29543343100121483,0.562026926774021,4386.384845098129,1.6752926975299964,0.44935369953423876,3.134947098469014,0.7995234358493899
110.3650177568861,76.08237496168631,92.74513156351267,117.05454275187923,64.30442329368019,265.47897941720385,32.25197092544464,20.28418956334473,25.539602210564507,32.91768646746993,64.30872301626478,171.06121104377038,214.7785945364877,118.31388202685561,87.2011380349962,31.779623650904455,6.9774411299497325,5.94473824601877,1.0327028839309627,0.7717205290460456,1.3602868880347554,0.2449174278466306,0.09357967944237863,12.40221695214737,4.861163472602467,4.0519592280402925,3.48909425150461,0.5687831621939754,107.72994116035422,0.25684270706781964,24.222039513201874,37.593983243699675,0.6060606060606061,$E_{lv}^{max}$,[mmHg/ml],15.580333546102377,20.29739720950449,8.213982319707874,8.122406638455747,8.152069941462292,2.1505024923489016,4.517766579703985,19.716372994594735,16.269703697478985,17.290397700050583,22.617285501276573,8.66393242434639,13.02829218505965,0.9590521947509338,0.29714857428714353,0.5620309968573334,4501.309630557613,1.6753115204586846,0.4367660024745243,2.945430933638193,0.7771208437199301
112.90215624979496,77.86388935527955,94.94161609546502,119.66336631359921,65.83889316052971,260.4380231784032,32.251875709994266,20.000726574392505,25.408440909411027,32.969233586363586,65.8432155432579,172.467211793265,211.0188722870543,115.91006821162759,88.74307393573787,32.10140243446447,7.061824407952009,6.017370666370135,1.0444537415818742,0.8170029111910674,1.3445298800163044,0.2504272391246161,0.09284663956720271,12.699038488163959,4.978988997371637,4.150214218733712,3.569835272058608,0.6033464156483582,110.31038455833944,0.25727149288930173,25.280061780928687,38.17723662291451,0.6414141414141414,$E_{lv}^{max}$,[mmHg/ml],15.09980147997062,19.898839740728828,8.392890449718603,8.300321648587856,8.330409567906404,2.154490135104893,4.570663543138908,19.31611510590482,15.957789666338897,16.96234659230222,22.152609324249376,8.79676951725963,12.763115462255401,0.9801078996710259,0.29929250339455443,0.5603175597548771,4608.7225212370795,1.6754592804192265,0.42426477967098614,2.7769441186101553,0.7571862995987308
115.27014824423794,79.53082223909091,96.99849523514325,122.08749188387479,67.27580718498943,255.7228636170786,32.25233529828609,19.73573104275201,25.286100649966066,33.019243775327965,67.28022856049883,173.7835681381555,207.51463669752727,113.662986841435,90.19691432160604,32.40414112898298,7.139614559503849,6.083508576019693,1.0561059834841555,0.8605652200103322,1.3278529003228763,0.2555830207242784,0.09242754166765477,12.976619015074636,5.089168871969498,4.242095581458831,3.645354561646307,0.6380729294302556,112.73478585042682,0.2572714928893018,26.308092375239767,38.71495405538687,0.6767676767676768,$E_{lv}^{max}$,[mmHg/ml],14.65077254165577,19.526048219696506,8.560411353793523,8.466976346790192,8.497438376853113,2.15833795146804,4.620276698070516,18.941628945345983,15.665811644241003,16.655646803679605,21.717486968681424,8.919107432443175,12.515080379379405,0.9999947242106605,0.3010076466804831,0.5603175597548771,4709.30650294926,1.6757106390479724,0.4142649215789515,2.6262055037254726,0.7393395305336863
117.48429880002139,81.0931715537086,98.92804970942748,124.34415844759714,68.62359105421433,251.303552973955,32.25321814668097,19.487605111177874,25.171724868605345,33.06764257891271,68.62815151477689,175.01826473483624,204.2389287270968,111.55792859078751,91.56901410146347,32.68936176076179,7.202192684993659,6.135163368660911,1.0670293163327482,0.9024587493518094,1.3069572541688859,0.2604168754578093,0.09203406614086883,13.236639010325176,5.1923691652116055,4.328157304839346,3.7161125402742226,0.67113064287297,114.7049149127573,0.25812906453226614,27.307051668038472,39.211994027453585,0.7121212121212122,$E_{lv}^{max}$,[mmHg/ml],14.230184784342095,19.17661377551403,8.717582662912207,8.623393753741869,8.65418451185424,2.162048618206124,4.666885436087856,18.590582937697942,15.391953945354816,16.368322518614352,21.309353512333495,9.032274533379777,12.282613358417361,1.0188080229569922,0.3027227899664118,0.5603200648135379,4803.651373795003,1.6715084878338353,0.40526387424430843,2.490585857737708,0.7232721076643422
119.55800261054047,82.56012396713335,100.741230105817,126.44872453617307,69.88995245562772,247.1530028391653,32.25434891969892,19.25463939165696,25.064525105095584,33.11430283396597,69.89469217387771,176.17812655840444,201.1692108106697,109.5823627012144,92.86518803502115,32.958141102482024,7.268071382440456,6.190787090151698,1.0772842922887584,0.9427412171238976,1.2892860552954917,0.26495565906521096,0.09166397194647946,13.48064096778862,5.289203786213344,4.408912485465436,3.7825246961098395,0.7061107767322232,116.85811151650162,0.25855785035374823,28.278010646347912,39.67274118487523,0.7474747474747474,$E_{lv}^{max}$,[mmHg/ml],13.835432050256765,18.848419127689795,8.865329048021783,8.770485555985926,8.801563606915952,2.165610812654628,4.710720039520889,18.260893936151955,15.134625723017043,16.098626347113363,20.92591771984967,9.13744619105048,12.064333799004944,1.0366420147340625,0.3040091474308583,0.5603232258512795,4892.296671893941,1.6720302047807718,0.39712045080655056,2.3679431894789675,0.7087345883319746
121.50430073381818,83.94045230786723,102.4488250449893,128.41618049716533,71.0822053591247,243.2498561317304,32.255681816606796,19.035803403316848,24.963924964117414,33.1592934869954,71.08614627419958,177.26936509508073,198.287665060137,107.72570878300779,94.09107084210328,33.21203797168017,7.328182726609385,6.241965107024485,1.0862176195849003,0.9814926593657686,1.2713386849531276,0.26922354787143965,0.09102751700047108,13.71010502956723,5.380259431268033,4.484849259590479,3.8449963387087176,0.741235151454124,118.8930409902646,0.25941542199671264,29.221889989785065,40.10063793937074,0.7828282828282829,$E_{lv}^{max}$,[mmHg/ml],13.46437135189923,18.539758447407273,9.004413290050268,8.909008898561476,8.940339905544672,2.1690368921527177,4.7520007334710535,17.950862723090957,14.892529439489802,15.845146323721426,20.565248177418738,9.235674846601873,11.859116937349294,1.0535720817492427,0.3057242907167869,0.5585576099691785,4975.754375138729,1.6726132847115232,0.38849297047865927,2.2565218088082584,0.6955289186733962
123.33233834927694,85.23962692587335,104.05796679405914,130.25670793929268,72.20562862042522,239.57017812348656,32.25717570299256,18.829706984573065,24.86925913251297,33.20264332662988,72.20977466333933,178.2984031264902,195.57520255237503,105.97567428589699,95.25233395690495,33.45243946088653,7.384331961467154,6.2890233598347205,1.095308601632434,1.0187505664101302,1.2532101489698375,0.2732469513538104,0.09069963467563438,13.926024766500953,5.4659309099035776,4.556296782505853,3.9037970740915235,0.7764955793641589,120.81733351891796,0.25984420781819484,30.139656440546954,40.499395057459694,0.8181818181818181,$E_{lv}^{max}$,[mmHg/ml],13.114739398638612,18.248763436082612,9.135679954533156,9.039788425507746,9.071335554042575,2.17232259041771,4.790956158374789,17.658623109930954,14.66418572557613,15.606299209404746,20.22516242630939,9.32778740757663,11.665682665976613,1.069682238117188,0.30701064818123347,0.5585576099691785,5054.394003429765,1.673239826690487,0.3817583691744967,2.15486072446238,0.6834717894105181
125.05241096717283,86.46522561716925,105.57723777665719,131.98205699816413,73.26627558294057,236.09671469327557,32.25876208238816,18.63527336905201,24.78005314897881,33.24435843452126,73.27073481643556,179.2697452915816,193.018400303563,104.32495627118529,96.35347311176822,33.68026877531995,7.428738842727185,6.324852462844631,1.103886379882554,1.05459395522207,1.2319314361781861,0.2770437673924011,0.09038972036473464,14.129592714818315,5.546692315695456,4.62365039022801,3.95925000889485,0.8098469679539531,122.33269688692481,0.26070177946115913,31.032314735139053,40.871779394376325,0.8535353535353536,$E_{lv}^{max}$,[mmHg/ml],12.784869207358032,17.97407090943449,9.259707719561472,9.163399789823574,9.195132106032494,2.1754790485084206,4.827754526467042,17.382824336698636,14.448572890290212,15.380969692576546,19.90410437179277,9.414319978196133,11.483152515439274,1.0850299958171565,0.30786821982419776,0.5585591036561804,5128.63929080584,1.6696999528581051,0.3755876839436368,2.0617474892528613,0.6724224553590461
126.67395347458991,87.6230357732364,107.01444685004098,133.6031015026927,74.26933657983392,232.8145663166283,32.260309919807476,18.451754532642624,24.69583507785573,33.284351989947716,74.27297695142916,180.1869988319183,190.60504907236825,102.76636304905202,97.39837318073731,33.896257973262394,7.477429715245698,6.365448161405057,1.111981553840641,1.0890992868673495,1.2139284210208847,0.28062807595549816,0.09009613292281118,14.321906888706415,5.62298048756931,4.687275217505869,4.011651183631233,0.8453243009922357,124.0669248241838,0.2611305652826413,31.900639962032045,41.21994230044996,0.8888888888888888,$E_{lv}^{max}$,[mmHg/ml],12.473229768877266,17.714459149902925,9.376994994131968,9.280339762655093,9.312232108557453,2.178502650154923,4.862531199294724,17.12223810023146,14.244766854342686,15.168154355923399,19.600664421493146,9.495749883871481,11.310734342256746,1.0996618722351594,0.30915457728864426,0.5585616200090456,5198.853560588374,1.6704999739807995,0.36991810752770515,1.9761646175556276,0.6622691110100163
128.20338759740437,88.71763974107552,108.37451061617267,135.12669033149655,75.21850525320595,229.7059940685038,32.261968509020654,18.278036105945635,24.61623864485528,33.32292944736172,75.22249026126056,181.0560558807943,188.32211058211155,101.29128224389545,98.39197304553112,34.10166843882348,7.522697835461539,6.4030470070958,1.1196508283657387,1.1223058934121386,1.1960058980902193,0.28402342666856967,0.08981837348010457,14.503626297133374,5.695055891260163,4.747386569071728,4.061183836801487,0.8809206161344465,125.71376944952894,0.2615593511041235,32.74555614372605,41.546519885966354,0.9242424242424242,$E_{lv}^{max}$,[mmHg/ml],12.178266504737854,17.4685909177884,9.488201887972528,9.391251848302876,9.423275697069831,2.181417106953749,4.895492729374358,16.875538029888627,14.05170771502127,14.966730040923967,19.31331276564404,9.572684071518283,11.147502650270255,1.1136431256490282,0.3100121489316086,0.5585640035063085,5265.295367724416,1.6713143797040662,0.3646860571453218,1.8972360835848452,0.6528993183521591
129.64929096035948,89.75473837161803,109.66475811321966,136.56279185487938,76.11862178405282,226.76064521760287,32.26362789446387,18.113657448369935,24.540920935407318,33.359985719098056,76.12186087579128,181.87909971993565,186.1614891261342,99.89485554005827,99.33708210994025,34.29686077920253,7.557427741565969,6.431233988531177,1.1261937530347925,1.1543042395598544,1.1754656744772092,0.2872382790072067,0.08926324661669267,14.675785193264625,5.763330222068834,4.804329313616982,4.108125657578809,0.9144529379634722,126.97945436302591,0.26241692274708783,33.56782730575152,41.85300069826968,0.9595959595959596,$E_{lv}^{max}$,[mmHg/ml],11.898837892963346,17.23559363097896,9.593663599489018,9.496475692172512,9.52861073970292,2.1842033968362418,4.926729262997399,16.641853576456164,13.868763241568196,14.77600163960984,19.041044464412526,9.645493412063374,10.992918764469726,1.1270093877068663,0.3112985063960551,0.5567463213008849,5328.303524883698,1.6681785795237383,0.3586769118283186,1.824236666830386,0.6442375963800527
131.0162065196303,90.73718573096325,110.88865580227883,137.9163859588326,76.97247691247227,223.96353083809535,32.265313290409935,17.957722686792422,24.46951708509292,33.39568147568995,76.97607611199184,182.6609169999322,184.11162626808533,98.56950017554587,100.23758844131795,34.48283290724619,7.597209137115264,6.46411912841965,1.1330900086956142,1.1851224653415198,1.1580153917396385,0.29029110626767657,0.08901377531590642,14.838858270035438,5.827991795372694,4.858259263750675,4.152607210912068,0.9502429092158272,128.47608253090738,0.2628457085685699,34.36830836897109,42.141514110552954,0.9949494949494949,$E_{lv}^{max}$,[mmHg/ml],11.633595809357871,17.014322890721868,9.693906876041703,9.596523688708752,9.628745689481843,2.1868924791241455,4.956398161388215,16.42003948746199,13.695010939809206,14.594994637978687,18.78253012466713,9.714564011147464,10.846181381512547,1.1398202095558598,0.31215607803901946,0.5567463213008849,5388.073383873059,1.6691171660878394,0.3542006229004285,1.7565163074621117,0.6361975092584514
132.31185476705613,91.67070623520847,112.05266294377329,139.19610722339874,77.78430771697656,221.30631082351076,32.266999440641854,17.809806194646658,24.401787725985734,33.43000330673078,77.78732278003994,183.40320779667093,182.16662432103308,97.31106148661429,101.0960581296246,34.65990278223187,7.628108190797937,6.488471916014158,1.1396362747837778,1.2148502028070824,1.1381871614263155,0.29318911063254327,0.08877685472671604,14.993742749444756,5.8893974524570005,4.909474600438177,4.194870696549579,0.9838648913677349,129.60518428685918,0.2641320660330165,35.147803705881955,42.41328366855965,1.0303030303030303,$E_{lv}^{max}$,[mmHg/ml],11.38168410270802,16.804109662019822,9.78920032756999,9.691669773825065,9.723962411617899,2.189465734111285,4.984582390410965,16.209425745839194,13.529972334315522,14.423180281337302,18.53699963603934,9.780075944849182,10.706879357002052,1.1520979800036844,0.3130136496819838,0.5567463234697627,5444.901540188359,1.6662124802657674,0.35003988503682404,1.6935378982265101,0.628724196785531
133.53962414425658,92.55668359461303,113.15949262632688,140.40586735527734,78.55626040621249,218.77737634209228,32.26877103425296,17.66921418298613,24.337475332553776,33.46317229791135,78.5597866387238,184.11014945312968,180.31697697752804,96.11417834827769,101.9158592733438,34.828989972758556,7.663408850436035,6.517537217211833,1.1458716332242014,1.2435131738124638,1.1213393535094196,0.2959490769447776,0.08855158696749935,15.140805531925714,5.947692467507196,4.958095290096861,4.2350177743216575,1.0198342717744124,130.97280665746948,0.2645608518544986,35.90693961124098,42.66999232365697,1.0656565656565657,$E_{lv}^{max}$,[mmHg/ml],11.142017015764518,16.604018450583695,9.880008642289484,9.78236512623106,9.814707825565169,2.1919525802703363,5.011426213010896,16.009073439277262,13.372880196996164,14.259761052807645,18.303366376570796,9.842393358851753,10.57435460696754,1.1638966650637894,0.31387122132494816,0.5567482674195687,5498.938228434874,1.6672484914660184,0.34615859320483316,1.634822968407571,0.6217506429058468
134.70613731957422,93.40041848359594,114.21452656661484,141.55279051926763,79.29184469518769,216.36933439338588,32.27048218005629,17.535346918403082,24.276306396559207,33.49502978299045,79.29485352104912,184.7827323324419,178.55783367623243,94.97548821295813,102.69887533901023,34.99026079220847,7.690615472290083,6.538813107366854,1.1518023649232283,1.2711915843843027,1.1023096787729554,0.29857451019717174,0.08833702025942514,15.280806177816068,6.003179471580269,5.004374987765278,4.273251718470521,1.0535427075748793,131.98533651393768,0.265418423497463,36.646526143591785,42.91248025188309,1.101010101010101,$E_{lv}^{max}$,[mmHg/ml],10.913885696120706,16.413470987975437,9.966515278056244,9.868799296742404,9.901178939348512,2.194344311771613,5.036974600323063,15.818400723659538,13.223324028428443,14.104276874271852,18.080962069325444,9.9016533595506,10.44825032799267,1.1752293396315654,0.3143000071464303,0.5567501235437378,5550.429128663139,1.6645512160968556,0.342534510777478,1.5799560892300606,0.6152392182640779
135.81450939713147,94.20392077890192,115.22045425402835,142.6407423235864,79.99304169081444,214.07270182610512,32.27214650509082,17.408017065118614,24.218038882723288,33.52567431268296,79.99538126438532,185.4237217825,176.8817799767222,93.89052083501474,103.44764024530365,35.144346552627965,7.722234893594491,6.564781770669126,1.157453122925365,1.2979183266701282,1.0861393036831752,0.3010762004029975,0.08813238615202897,15.414117751482673,6.056006286538075,5.048437181608143,4.3096742833364585,1.089679849547127,133.24165725764163,0.2658472093189452,37.36723132302695,43.14193485891683,1.1363636363636362,$E_{lv}^{max}$,[mmHg/ml],10.696457695925595,16.231739979822034,10.04906692175288,9.951310474092327,9.983712131285483,2.196646147647311,5.061334422420986,15.636668986783214,13.080717038415399,13.956111634736251,17.8689347987875,9.958109322981104,10.32806672610305,1.1861328378672686,0.31515757878939465,0.5567518917142409,5599.512918357011,1.6656655934230054,0.33914194252754615,1.5285825411154104,0.6091437632718715
136.86824281238273,94.96865536872515,116.17987603896664,143.67330572827302,80.66191255146438,211.87973445122466,32.27386883330904,17.286397933574577,24.162526181309964,33.55530793219513,80.66462495218411,186.03613235995954,175.28267576948502,92.85519591817868,104.16460754459223,35.291895785781115,7.7512966490143675,6.58916958883492,1.1621270601794476,1.3237278992223713,1.0702434783527994,0.30346647991359926,0.0876420811349567,15.541089497383425,6.106312007332131,5.090396219307306,4.344381270743987,1.1259046017428156,134.4435257256961,0.2662759951404273,38.069668512838824,43.35965488473331,1.1717171717171717,$E_{lv}^{max}$,[mmHg/ml],10.488844565296407,16.058188366604945,10.127973295125653,10.030202117053085,10.06260963593891,2.198865611363021,5.08460183236526,15.463237523776995,12.944546412752334,13.814728474437995,17.66654456401444,10.012005443640817,10.213360374648149,1.1966352136594793,0.316015150432359,0.5548830266545335,5646.333878602507,1.6667535082300171,0.334827980268905,1.4803683239681302,0.603420836798035
137.87259275631232,95.6992307679573,117.09741825299352,144.65659346771395,81.30126615171439,209.78531161367675,32.27558243915421,17.170566243483606,24.109597274233355,33.583897992323294,81.30361633543161,186.62080814457767,173.75704213945463,91.8673412421754,104.8515333204195,35.43306073024151,7.774119508698073,6.606835088368985,1.167284420329087,1.348697250402899,1.0524552245438432,0.3057484608440935,0.08745658807016948,15.662369739962003,6.1543542587922655,5.1304679899692776,4.3775474912004615,1.159765153619588,135.3114796295112,0.2671335667833917,38.75450837160233,43.56621169084457,1.2070707070707072,$E_{lv}^{max}$,[mmHg/ml],10.290676587180812,15.892424584364894,10.203384753566596,10.105630341987158,10.138034165861056,2.201005527782792,5.106824206960463,15.29770529525898,12.814539509692032,13.679816099470907,17.473324824294853,10.063537167761325,10.103892908793094,1.2067577724798246,0.31687272207532335,0.5548830266545335,5691.088630620007,1.6643219230683275,0.331844728560606,1.4350508099627193,0.5980444753578853
138.83012156238377,96.396999076428,117.97492261107394,145.59330958701594,81.91264814431152,207.7819693187124,32.27730481725635,17.059823944803494,24.059073590062376,33.6115047618889,81.9146832865286,187.17999631845612,172.29924599873647,90.92331634789942,105.5102892050636,35.568350086468044,7.801133267510424,6.6289153206098375,1.1722179469005862,1.3728513436110321,1.0372768354986577,0.3079310144685485,0.08727953305201505,15.77820423767119,6.20023061432303,5.168733385494793,4.409240237853369,1.1961381912257136,136.42244198823093,0.2675623526048738,39.422404365928124,43.762519979519695,1.2424242424242424,$E_{lv}^{max}$,[mmHg/ml],10.101179964076222,15.733878175127701,10.275566311903878,10.177853133657596,10.210241972842939,2.2030714578371824,5.12808200253274,15.139491128092192,12.69022738317835,13.550887075703985,17.28860799792289,10.112821006908254,9.999265098643907,1.2165311919839874,0.3173015078968055,0.5548830266545335,5733.885370101806,1.6654624783694638,0.32903566274732937,1.3923662755578614,0.592982028538755
139.7429618581768,97.06333242131365,118.81427233349596,146.48616413707242,82.49738106195656,205.8639086652072,32.27904975246846,16.953883406791565,24.010791705029902,33.63821306775773,82.49976151816595,187.7156172793048,170.90448608964263,90.01963361058036,106.1427117446842,35.69820877876744,7.82162568752414,6.644680651715692,1.1769450358084474,1.396218402056782,1.0203184482341496,0.3100217135477743,0.08711041482964332,15.888855862592738,6.244045110189488,5.205279085257593,4.439531667145657,1.2300740789241087,137.20859081445082,0.26841992424783817,40.073746581835564,43.949332886572435,1.2777777777777777,$E_{lv}^{max}$,[mmHg/ml],9.919852627723175,15.582043540226405,10.344757215047522,10.247104230951408,10.279465380252226,2.2050699483041623,5.148443877970065,14.988083903329832,12.571200084013823,13.427516701211621,17.11180165714404,10.160017246212423,9.899130777179348,1.2259812351989519,0.3177302937182877,0.5548830266545335,5774.816674336959,1.6631872315001788,0.32638550936326505,1.3521033082453822,0.5882059707810643
140.61552134701958,97.70140160743665,119.61902244555682,147.33993615357576,83.05792001148575,204.0266735308408,32.280729184062125,16.852570912763504,23.964589796595035,33.66393573373624,83.05991447624844,188.2282146509307,169.56989401746108,89.15450950604334,106.75001000254608,35.82268262899457,7.8462200079481965,6.66475196416925,1.1814680437789464,1.4188593177106859,1.005836602683318,0.312022378505133,0.08694837099850375,15.99482203732191,6.285996863218521,5.240271762328867,4.468553411774525,1.2665850341204345,138.23839884231745,0.2688487100693203,40.709343819660255,44.12723917627497,1.3131313131313131,$E_{lv}^{max}$,[mmHg/ml],9.746165666290445,15.436598049525761,10.41104575494737,10.313477674602833,10.345804213962401,2.2070017424368498,5.167937893138609,14.84315377031332,12.457227827615972,13.309440567513452,16.94252019221209,10.205181319309498,9.803285363817691,1.2351147000485387,0.31815907953976985,0.5548832793933047,5814.054400804002,1.6643614338428052,0.32388278527483416,1.3140542395549477,0.5836953415301311
141.44947062850358,98.31205429992275,120.3906538600334,148.15698558593152,83.59528443527974,202.26461876033503,32.28239341137989,16.755546219903703,23.92034964303186,33.68877923697056,83.5969157790038,188.7196663450729,168.29108304100907,88.3255710200667,107.3337457411337,35.94217951802785,7.864848984775269,6.679044624693019,1.1858043600822497,1.4407971227710066,0.9897088222261559,0.31394043854813747,0.08679304116009415,16.096307677099553,6.326166845842188,5.273778970514918,4.496361860742446,1.3005929437465145,138.9543728762884,0.26970628171228467,41.32966257155062,44.29687557106384,1.3484848484848484,$E_{lv}^{max}$,[mmHg/ml],9.579741893253141,15.297111011264777,10.474659390304454,10.377194843660353,10.409477899327761,2.2088674976800577,5.186630714382185,14.704258588120345,12.347956999663236,13.196296177981807,16.780260045433405,10.248477735157564,9.71143281790975,1.2439565085514042,0.31858786536125205,0.5548846400657158,5851.669910469582,1.6622274069043714,0.32151508240742294,1.2780535331186138,0.5794268919920822
142.2469547830633,98.89667176120047,121.13069459431482,148.93974536932538,84.11075087896337,200.5731770512332,32.28413711498399,16.662536265111164,23.87801463752875,33.71293083346522,84.11281161678485,189.1919641424423,167.0644262171564,87.53038353958365,107.89570641036126,36.057225630479785,7.882647691783156,6.6926723773392816,1.189975314443874,1.4620586754740121,0.9739870063712239,0.315784329383887,0.08664466022744391,16.193501763105427,6.364629193678421,5.305860655952262,4.523011913474746,1.3346111591039447,139.63740150446154,0.270563853355249,41.93519398532469,44.45897689050708,1.3838383838383836,$E_{lv}^{max}$,[mmHg/ml],9.420002238390621,15.163209812086498,10.535798261005894,10.438451548298792,10.47068127507876,2.2106690818885295,5.204591280636495,14.571023424247977,12.24309236463842,13.087770278127858,16.624584439190233,10.290072682357334,9.623311917860235,1.252534364447444,0.31944543700421635,0.5548859477063578,5887.752561527436,1.6601611571082255,0.31927022296060076,1.2439287246952546,0.5753799033482762
143.0109146435332,99.45774917954058,121.84184627753939,149.69224527931746,84.60588091961462,198.9492253746894,32.285761939936805,16.573299673712754,23.837365375695903,33.73619363736296,84.60763775462463,189.6448973172395,165.88775986775065,86.76744905484429,108.43628785664305,36.16772483263046,7.9043715594802775,6.710398800975999,1.1939727585042788,1.4826903256328985,0.9605612194792962,0.31755198862744155,0.08650197824421649,16.28681050515966,6.4015475300993545,5.336655882049899,4.54860709301041,1.3713099337481578,140.56530411067038,0.2709926391767312,42.526368604990964,44.61371697920894,1.4191919191919191,$E_{lv}^{max}$,[mmHg/ml],9.266685184969797,15.034618689481844,10.594505323459801,10.497295677422963,10.529466846983299,2.212416311479633,5.221820639481988,14.443157210675292,12.142417716145117,12.98363179924776,16.475151161530402,10.329953333684548,9.538751038121854,1.2608357119386184,0.31987422282569855,0.5548872067849717,5922.411664373023,1.6614129252341654,0.317141887874713,1.2115517319218116,0.5715429802612315
143.7433630833682,99.99634916120307,122.52557596340736,150.41734629218487,85.08184605272766,197.38847459175926,32.28742613542189,16.487641721003737,23.798390485535204,33.75874562303659,85.08327814275398,190.0803876408426,164.75773565170923,86.03472618601778,108.95726526241366,36.27411648079747,7.920745672684069,6.722927482865026,1.1978181898190432,1.5027208232523714,0.9456236819773137,0.31925183321968087,0.08636531711326349,16.37640945369112,6.43698980042171,5.366219800225409,4.5731998530440015,1.4053957667705974,141.1907650749707,0.27142142499821337,43.10375579359167,44.76173433711587,1.4545454545454546,$E_{lv}^{max}$,[mmHg/ml],9.11944035384045,14.911032347476423,10.650987373115163,10.553929191921487,10.586035380315984,2.2141099709010783,5.238388516389318,14.320350128144943,12.045697164492644,12.883627511882173,16.331612642405727,10.36831435139395,9.457535433054922,1.2688913625256786,0.3203030086471807,0.554888417607163,5955.729223690936,1.6594699295484343,0.3151200977630443,1.18078477876852,0.5678981354880895
144.4457400736438,100.51354528264949,123.18313103272497,151.11814971431872,85.53948157946964,195.88684162485748,32.28904022503338,16.40531952783156,23.760947041674815,33.7805471929524,85.54073301824907,190.49923706385795,163.6715151514714,85.33038394848494,109.4594582608956,36.376609084869735,7.940833796449743,6.739316655581259,1.2015171408684844,1.5221696645212717,0.9328371060402156,0.32088678736793813,0.08623400160299051,16.46248154316226,6.471029827114721,5.394614303407629,4.5968374126399105,1.442210803364613,142.05779839853764,0.27185021081969557,43.66780375339663,44.90345176005857,1.4898989898989898,$E_{lv}^{max}$,[mmHg/ml],8.977793290030803,14.79213688712611,10.705348514827474,10.608454983550734,10.64048998996271,2.2157428693522676,5.254323962101479,14.202280496504464,11.952674433715247,12.787490124830114,16.193582121113458,10.405187141064955,9.37945272468991,1.2767165805457146,0.3203030086471807,0.5548895820014463,5987.763710562875,1.6607278390687954,0.31319685242141543,1.1515153229988238,0.5644309473098003
145.11930263466024,101.01004178941928,123.81554529334771,151.79885151616097,85.97976097976812,194.4409703765277,32.290716271423605,16.32615244691377,23.72497712332082,33.80177882720719,85.98134348021645,190.90283309890762,162.62639709454479,84.65258389252176,109.9441436024228,36.47553766461049,7.955176122350622,6.750826991486703,1.2043491308639187,1.5410578370179004,0.9186279318791335,0.32246248033567665,0.08580952408055048,16.545154469244597,6.503717331090788,5.4218797929899285,4.619557345163884,1.4763600683199076,142.63094818418125,0.2727077824626599,44.21895283348541,45.03932292909929,1.5252525252525253,$E_{lv}^{max}$,[mmHg/ml],8.841488444632967,14.677655303373244,10.757740195258961,10.661020915729047,10.692977400677279,2.217344529881433,5.269678300192676,14.088664850338281,11.863118424846293,12.69498339094206,16.060734994042242,10.440719877225215,9.304305853272114,1.2843309079583647,0.32116058029014505,0.5529670803247111,6018.583268583769,1.6588897963759601,0.31028512743595127,1.123634966816578,0.5611276665036676
145.76697864351044,101.4878559619932,124.42520090318115,152.46909552895406,86.40394312302763,193.0491194023383,32.292271290541336,16.250022563331704,23.690353046421567,33.82222458005005,86.40520151301926,191.2909446425469,161.6207961807246,84.00052127584334,110.4118091549672,36.57082807545216,7.973840712747714,6.766062420130996,1.2077782926167182,1.5594286878871229,0.9064503446864528,0.3239775969624905,0.0856883756459315,16.6247861162443,6.535196693189099,5.448139315166446,4.6414501078887564,1.5132826969012332,143.44315979722924,0.273136568284142,44.757491456332986,45.169520007587984,1.5606060606060606,$E_{lv}^{max}$,[mmHg/ml],8.710321230622167,14.567413107463763,10.808205539635548,10.711674361915957,10.743549013144417,2.2188715696956316,5.284449682375065,13.979321802216772,11.776913333949171,12.605971650814306,15.932865573475832,10.474959515915955,9.231998663043532,1.2917316079496228,0.3215893661116272,0.5529670803247111,6048.276018611934,1.6601459911729424,0.308544995983425,1.097049476989622,0.5579807676837515
146.38973254602587,101.94761970830847,125.01291887294947,153.14189363313275,86.8128616190831,191.70765452358606,32.29388809060376,16.176781139893375,23.65706502930043,33.84213015197345,86.8139206215693,191.66531355336568,160.65237308738247,83.37237821664178,110.86366899739502,36.662784674018674,7.987902521577572,6.776814294257823,1.2110882273197494,1.5773007751323258,0.8929489379806104,0.3254393977678735,0.08557207675234983,16.70145309531736,6.565496069685849,5.473413496007314,4.662543529624199,1.5474944908531463,143.97121486317857,0.27399413992710636,45.28398296605438,45.29453922156737,1.595959595959596,$E_{lv}^{max}$,[mmHg/ml],8.583972737842933,14.461168206670003,10.856883720366326,10.760550635253527,10.79233912295246,2.220380137556626,5.298698685773529,13.874003098324179,11.693850476614893,12.520242074684392,15.809675698840405,10.507972710752998,9.162345968765152,1.2989372841526974,0.32201815193310934,0.5529670803247111,6076.9003133358165,1.6584088138333064,0.3068839007376917,1.071673484872319,0.5549767999886802
146.98818263732005,102.38978017556222,125.579201006836,153.81794203222995,87.20701850785683,190.41313124297753,32.29547075830668,16.106135910627316,23.6249958091401,33.861454867178345,87.20829147248797,192.02657912230788,159.71859803149985,82.76637800327887,111.30042644490766,36.75169607397953,8.001473355207875,6.7871899841465915,1.2142833710612833,1.5946816164452917,0.8797858567850301,0.326850216556606,0.08546009688294004,16.775245741560514,6.594652754295739,5.497734769141644,4.68285821812313,1.5817143207558257,144.4775313697616,0.2744229257485885,45.79884692751359,45.41469825223633,1.6313131313131313,$E_{lv}^{max}$,[mmHg/ml],8.462069870772556,14.358652292782676,10.903889943441602,10.807761689134079,10.839457766774299,2.2218203994363668,5.312447203424665,13.772442461119812,11.613719232036372,12.437574787962072,15.690862623029041,10.539826759521938,9.095172311454615,1.3059630618384483,0.32244693775459154,0.5529670803247111,6104.4912955499785,1.656719078829017,0.3052961671132176,1.0474199146387888,0.5521055013508993
147.56500488001518,102.8165091461625,126.12630159175853,154.4930240451346,87.58753479174375,189.16439723710798,32.297062877238105,16.037980397823684,23.59411365946627,33.88019617470185,87.5886189016879,192.37503248077675,158.81849354753976,82.18224104999716,111.72275656133661,36.837590915306876,8.018448433723155,6.801082334363493,1.2173660993596611,1.611614841231043,0.8684999288354178,0.328211113094499,0.0853523419297535,16.846465932513322,6.622786742320533,5.521203035308783,4.70247615488401,1.6187883326672237,145.22043301670047,0.2748517115700707,46.30233599505367,45.5301385903289,1.6666666666666665,$E_{lv}^{max}$,[mmHg/ml],8.344539312771511,14.259763614271083,10.949261286114123,10.853349089333964,10.884950948186793,2.2232416423149255,5.325713308959499,13.674533986744509,11.53645630158224,12.357894283695801,15.576303398784999,10.57055881146529,9.030424797123645,1.3128088853108393,0.3228757235760737,0.5529670803247111,6131.127435422062,1.6580034289352936,0.3037788139893812,1.0242249684388671,0.5493614806346111
148.1205330560196,103.22786653104117,126.65442528274892,155.16295833729825,87.9548335310043,187.9586112227223,32.29854580175553,15.97228305552425,23.564287088596206,33.89831434977532,87.95561246921636,192.71120887919795,157.94984056709498,81.61825816132797,112.13128262795168,36.920504894608044,8.031200123332582,6.810860908023756,1.2203392153088262,1.6281050471161544,0.8559847528935022,0.32952392333477476,0.08524811540865052,16.915145404411522,6.649910452001034,5.543829207090251,4.7214057453202365,1.653063062615104,145.68858537712754,0.2752804973915529,46.79478793700059,45.64115028947372,1.702020202020202,$E_{lv}^{max}$,[mmHg/ml],8.231110381718262,14.164246690129541,10.993085490532373,10.897396810853788,10.92890081156867,2.224599338116813,5.338514500986882,13.580012094679851,11.461840210949427,12.280973665787437,15.465687247805803,10.600203724334257,8.967914068573686,1.3194715888153767,0.3228757235760737,0.5529670803247111,6156.838347170301,1.6564022638479776,0.3023265415043854,1.0020200083762025,0.5467351534323788
148.65588174021966,103.62427972497494,127.16450044740375,155.82628330610038,88.309622275909,186.79341874745623,32.29996974330747,15.90894753147515,23.535472551763426,33.91585324742662,88.3101210163624,193.03580930095958,157.11062841292858,81.07359894934065,112.52655434624576,37.00069492399501,8.043568662039897,6.820359329629137,1.2232093324107607,1.6441689463831717,0.8437820006205424,0.3307914484738372,0.08514730453866713,16.98142412590595,6.676081039699753,5.565661172609876,4.739681913596317,1.687349270462142,146.13876184304942,0.27613806903451726,47.276624020305114,45.7480512740925,1.7373737373737372,$E_{lv}^{max}$,[mmHg/ml],8.121572224263517,14.071936581801646,11.035445408651332,10.939987199300548,10.971389726260739,2.225927768828171,5.350871752597596,13.488710824855083,11.389746537577372,12.206681013618661,15.35882522106817,10.62882325260295,8.90753607703323,1.3259741737098147,0.3233045093975559,0.5529673814345227,6181.673559313631,1.6548452827310562,0.3009348816547489,0.98073665701578,0.5442181433451927
149.17225258870775,104.00650526331948,127.65752495654546,156.48209325409323,88.65263466031173,185.66702547243273,32.30151510572399,15.847602797862296,23.507741648149562,33.933067591238434,88.6533542086051,193.35036542250864,156.300194034735,80.5474370867114,112.90978907927769,37.07848260583759,8.05910720414739,6.833112214952987,1.2259949891944022,1.6598328244151719,0.8333022223136846,0.3320205380974601,0.08505059572140258,17.045407845821895,6.701338053188152,5.586729715936081,4.757340076697661,1.7245621848238704,146.82110911363847,0.2765668548559994,47.748184921223185,45.85114386253165,1.7727272727272727,$E_{lv}^{max}$,[mmHg/ml],8.01572398561677,13.982717774248918,11.076469616095174,10.981246293437216,11.012543231109955,2.227224734226908,5.362846664060727,13.400514724123774,11.320079398322564,12.134917587016226,15.255574558210256,10.656542715246287,8.849202469754193,1.3323353963042768,0.32373329521903804,0.5529682574228165,6205.684426221821,1.6561392639509198,0.29959972475032226,0.9603244687404887,0.541802754007341
149.67140893649403,104.37646511309593,128.13499152639005,157.13083555446417,88.9845842487121,184.57807042072477,32.3030394303674,15.788455646858795,23.48097595055967,33.949796950638465,88.98512149258359,193.65451224190983,155.51726856281195,80.03906812290214,113.28142764532768,37.15378512867938,8.070855312163019,6.8421659392964855,1.2286893728665338,1.6751233199553752,0.8216921025228706,0.33320908515807107,0.0849573265762923,17.107305343449024,6.725765168195115,5.607105795681789,4.774434379572117,1.7588983065208308,147.23895376981713,0.27699564067748156,48.209727215092144,45.95045086345571,1.808080808080808,$E_{lv}^{max}$,[mmHg/ml],7.913385447304404,13.896457285796426,11.116159904806556,11.021179512887715,11.052370157976519,2.2284831650608408,5.3744306787116285,13.315286951388602,11.25274334465749,12.06558049078469,15.155782708773158,10.683355638610303,8.792838241105938,1.3385514564438887,0.32373329521903804,0.5529691054845174,6228.9208974098465,1.6546568713327239,0.29831923456446147,0.9407348140585226,0.5394862599115208
150.1537914550107,104.73390123874326,128.59724999803277,157.77179897779786,89.30586254138669,183.52435354901215,32.304599779878,15.73137361667283,23.455132414544963,33.96607447908858,89.3062375654258,193.94901006567773,154.76004096366376,79.54746780406317,113.6418179736763,37.226778120961036,8.08232917513496,6.8510293342584605,1.2312998408764997,1.690048692453454,0.8103697361068957,0.33436017412522606,0.08486740346684699,17.167165895802547,6.749381746200715,5.626805613193733,4.790978536408101,1.7932456532172476,147.64178975672272,0.2778532123204459,48.66158676730421,46.046245626715844,1.8434343434343434,$E_{lv}^{max}$,[mmHg/ml],7.814418626034195,13.812997835310638,11.154608124043795,11.059875867079265,11.09095793440217,2.2297263964053804,5.385653263718264,13.232862509644919,11.187606768674685,11.998531852988231,15.059257672771135,10.709327623141917,8.738328983748957,1.3446321773851182,0.3241620810405202,0.5529699219646813,6251.410377897068,1.6532149800165876,0.29708944331147796,0.9219121635959735,0.5372614883933114
150.61969463809126,105.0789583106895,129.04452788654422,158.40429822492416,89.61675806102103,182.50370384568453,32.30604345288448,15.675926353280076,23.43008439223421,33.9818714842401,89.61694495618728,194.23382284818217,154.02705320658285,79.07155149579445,113.99116790615844,37.29745786559603,8.096728456362284,6.86290532467919,1.2338231316830943,1.704611645091367,0.8006344218513928,0.33547321752115195,0.08478008804108159,17.22504602468469,6.77221258128253,5.645850768935826,4.806982674466333,1.8305857938247487,148.2722827335643,0.2778532123204459,49.104076340717015,46.13869183135733,1.8787878787878787,$E_{lv}^{max}$,[mmHg/ml],7.718632201569742,13.732150273352419,11.1918362613,11.09735692170571,11.12832780064858,2.230911125346816,5.396501771214708,13.153058675710557,11.124525773699258,11.933617722638104,14.965784900766472,10.734429061229234,8.685553364933975,1.3505774237859016,0.3245908668620024,0.5529707162910794,6273.173064271472,1.6545151369189688,0.2959072898431089,0.9038173149274226,0.5351228937182012
151.07042107439432,105.41320172659283,129.47788994339004,159.02878544029824,89.91798755551132,181.51543759940924,32.30750419655581,15.622473267549589,23.405874284967794,33.99724897830955,89.91806752634965,194.5099161364798,153.317580408503,78.6108671060744,114.33027552535425,37.36605390146773,8.10762177246076,6.871350931232309,1.2362708412284513,1.7188367548283172,0.7898424855100192,0.3365524592566485,0.08469585018581144,17.281071580922834,6.794306500624187,5.664280826426411,4.822484253872236,1.8649797253253229,148.6466423549285,0.27871078396341026,49.53737750612346,46.22801207896144,1.9141414141414141,$E_{lv}^{max}$,[mmHg/ml],7.625903229490791,13.65384335801362,11.227927781894376,11.133705704389982,11.164563526840677,2.2320754133923275,5.407017691782574,13.075796952883808,11.06343931535662,11.870776988141097,14.875272903044507,10.758752818622122,8.634459114065065,1.356400161734842,0.3245908668620024,0.5529714873285143,6294.259128885792,1.6531357784576834,0.2947699932666024,0.8864095174918398,0.5330654473536767
151.50642466641273,105.73557162190413,129.89767997039434,159.64510138354527,90.20965952342868,180.5573711156414,32.30901745789388,15.570526816281863,23.38247081907362,34.01229281991989,90.21009505567093,194.77786247051398,152.63013157696787,78.16448349120677,114.65977318739344,37.4326755482694,8.11826308866861,6.879614578538543,1.2386485101300655,1.7327309363821157,0.7793075101782677,0.33760025529626037,0.08461458622002652,17.335278843615566,6.815676807558422,5.682106449145154,4.83749558691199,1.899384791136265,149.00769953162916,0.2791395697848924,49.9617705807492,46.314346975302286,1.9494949494949494,$E_{lv}^{max}$,[mmHg/ml],7.536083295549301,13.57794033667389,11.262951971519763,11.168989405527807,11.19973141065298,2.233224638036882,5.417221036843761,13.000942421421268,11.004232595907244,11.809898088040388,14.787568835688308,10.782359766005301,8.58495206308636,1.3621015703895298,0.32501965268348454,0.5529722348061222,6314.676166640008,1.6517931706962026,0.2936749752727315,0.8696464130936069,0.531084486322712
151.92908535066715,106.0486190287129,130.3051028633087,160.25403120934718,90.49275878106623,179.62871893367517,32.3104153282872,15.52034839600762,23.35976551535236,34.02684542117383,90.49283273444156,195.03717653507482,151.96394577949093,77.73198300536326,114.97964266097476,37.49723442711122,8.131701761950518,6.890753702629984,1.240948059320534,1.7463203175405189,0.7702462282440271,0.3386140298052191,0.08453558780475408,17.387853787708092,6.83639869480816,5.699392812593968,4.852062280305967,1.9368412927759682,149.59242723467818,0.27913956978489246,50.37766751233088,46.39773521237765,1.9848484848484849,$E_{lv}^{max}$,[mmHg/ml],7.449056638873106,13.504354744292893,11.296917208252706,11.203219077520156,11.233844793003707,2.2343201258190177,5.427106928805579,12.928403221321952,10.94684833439644,11.750907857353194,14.702562844532565,10.805220503116072,8.536981716229072,1.3676758265700708,0.32501965268348454,0.552972958112645,6334.493114674636,1.6530872663148088,0.2926209075397727,0.8534965009680942,0.5291776085009993
152.33867257184718,106.35125334994633,130.7003827710014,160.85527233706142,90.76733730132794,178.7277888726868,32.311832872516334,15.471614793391318,23.33779856069279,34.04105040008755,90.76731949467693,195.288989153211,151.31845816146276,77.31270275609893,115.29058543013986,37.55994275200802,8.14191332149748,6.898730166242674,1.2431831552548065,1.7596088900598863,0.7602001206078676,0.33959888000589844,0.08445931318711238,17.438809927902366,6.856477173191921,5.716141541257429,4.8661912134530185,1.9712915334555225,149.92953581916225,0.2799971414278568,50.785240433978764,46.47846245108413,2.02020202020202,$E_{lv}^{max}$,[mmHg/ml],7.364653727318817,13.43298440117915,11.329887379331193,11.236456972820108,11.266965017338075,2.235398135641167,5.4367040986327275,12.858077112198172,10.891201711508444,11.693720977393143,14.620132080023042,10.827404187048558,8.490473237003226,1.3731411923242587,0.32544843850496674,0.5529736608323297,6353.713611092956,1.6518005295388207,0.29160454339547426,0.8379280798935617,0.5273389386332694
152.73575306724004,106.64496001780505,131.08390891983453,161.44880305019666,91.03376441167993,177.85326441584994,32.31320803063566,15.424441185831821,23.316473707474877,34.05487826072731,91.0335785522524,195.5331702555976,150.69207053327298,76.90596057568526,115.59271203119613,37.62086460764673,8.15117869110481,6.906570710543695,1.2446079805611154,1.7726052187189485,0.7503910050793017,0.3405537962615411,0.08408359421045708,17.488219855692535,6.875942315244611,5.7323794347740185,4.879898105673906,2.0057485861482784,150.2553201356119,0.28042592724933896,51.18475880140616,46.5565911058747,2.0555555555555554,$E_{lv}^{max}$,[mmHg/ml],7.28276785236567,13.36370524125461,11.361898402980966,11.268738377570722,11.299127350671615,2.2364561992505894,5.4460092150972335,12.789839174705131,10.837199165118848,11.638236508113238,14.540138870146068,10.848914981478048,8.445348347693816,1.3785009544695774,0.32587722432644894,0.5509978598642041,6372.363508817595,1.6505449500705658,0.2895854755133443,0.822907198573763,0.5255655177766279
153.120906218607,106.92876174378932,131.45619862356898,162.03499528319844,91.29249694004973,177.00419983559627,32.314662317477705,15.378591946966594,23.295859547606625,34.06846797973431,91.2924851596137,195.770878868062,150.0842416375647,76.51113944763769,115.88701549921151,37.68020108836538,8.161014936575391,6.91429383273185,1.2467211038435404,1.7853238052188565,0.7408118991436845,0.34148393930749377,0.08401244436874222,17.5361185688987,6.894805677230221,5.748113656850329,4.8931992348181526,2.0402108013620985,150.57029351864406,0.2812834988923033,51.57645808678175,46.63231104005997,2.090909090909091,$E_{lv}^{max}$,[mmHg/ml],7.20331549550007,13.29645361430126,11.393025014431224,11.300136636918907,11.33040469358622,2.237485938850596,5.455066688152796,12.723626081244838,10.784779043844368,11.584401846398398,14.462504684906563,10.86984719812106,8.401556502943814,1.3837669125146903,0.3263060101479311,0.5509978598642041,6390.474785803481,1.6493172885557186,0.2886420084732814,0.8084053311817538,0.5238532297465157
153.49523464053624,107.20492086545026,131.81817209169918,162.61417891643774,91.54380612618895,176.18003400918147,32.316018079344566,15.334236523169443,23.2758380001179,34.081617708420694,91.54366420558998,196.00142023256,149.4941991805586,76.12773873566944,116.17314507181155,37.73781784664874,8.173432050318121,6.924662227723791,1.24876982259433,1.7977805914106655,0.7325699076640461,0.34238595875069433,0.08394323742586256,17.582656514901284,6.91312838832191,5.763397706141479,4.906130420437896,2.0778157426761057,151.10396297054322,0.28128349889230325,51.96037487506571,46.70561269248529,2.1262626262626263,$E_{lv}^{max}$,[mmHg/ml],7.126205764700416,13.23114175374277,11.42326247926796,11.33064932173715,11.36079658835506,2.2384848012804013,5.463857506812597,12.659349046560244,10.733886222737457,11.532147899245118,14.387128874136478,10.890198657975777,8.35905106191042,1.3889314614275692,0.3263060101479311,0.5509978598642041,6408.066428833226,1.6506191883943881,0.2877314421189928,0.7944011369691938,0.5222006528118013
153.85880602282194,107.47230301876321,132.16989782605177,163.18654921101034,91.78804323285839,175.37920505230022,32.31738036344367,15.290995138104028,23.256406003481597,34.094484473589866,91.78776573432228,196.225488930332,148.92142826594448,75.7553717146549,116.45178317984087,37.793872469568036,8.182924940366172,6.932163255182241,1.2507616851839316,1.8099792538932007,0.7234204433353524,0.3432627834033103,0.08387611301292207,17.62784351329992,6.930915018617092,5.778234658408364,4.918693836274466,2.1123198384156323,151.3990076789994,0.2817122847137854,52.33690231717385,46.77667831772388,2.1616161616161618,$E_{lv}^{max}$,[mmHg/ml],7.051321636801422,13.167677476394138,11.452662094908323,11.360325968226222,11.390351500483845,2.239468116593693,5.472400348470624,12.5969148306771,10.684443325038854,11.481395390834834,14.31390135756892,10.909970456891337,8.317764899758275,1.3940031846200127,0.32673479596941324,0.5509978598642041,6425.163026300087,1.6494414996396982,0.28685148767109026,0.7808673050558854,0.520603633091762
154.21232173280478,107.73199688889648,132.51190640898224,163.75218363964976,92.02547898110649,174.6007991898913,32.31877137701171,15.249231821867115,23.23756250713994,34.10708833489218,92.02518267666372,196.443504494109,148.36492600736523,75.39359160105079,116.72310246771342,37.848453655305136,8.192274082386374,6.939572725465778,1.2527013569205965,1.8219321629685117,0.7144795140500972,0.3441162171617831,0.08381116370024805,17.67174334767922,6.948190311275901,5.792644638383958,4.930908398019366,2.1468358088524964,151.68481520787054,0.2821410705352676,52.70621864738544,46.84562256901877,2.196969696969697,$E_{lv}^{max}$,[mmHg/ml],6.9785794171226145,13.105995998239296,11.481265592304267,11.389208194823834,11.419111238631864,2.2404380355106834,5.4807114625185935,12.536256401574626,10.63639636873438,11.432089970216879,14.242743624105522,10.92920160160447,8.277651314284263,1.398987358997651,0.32673479596941324,0.5509978598642041,6441.783528677454,1.6482915045626936,0.286000639476997,0.767777161982276,0.5190594379939754
154.55595241312358,107.98431099861189,132.8443501443209,164.3110861360309,92.25607479816104,173.84358103223195,32.3200808738226,15.20835691058362,23.219218007267,34.11929671238562,92.25576867312552,196.65524219042112,147.8237137092012,75.04184619278062,116.98723621292817,37.90151309360415,8.203998789679137,6.949414772882943,1.254584016796193,1.8336407161076929,0.7067717931943166,0.34494489583321847,0.0837477939213316,17.714382835867656,6.964965241573767,5.806637690267998,4.942779904025892,2.1845355172748726,152.18328709205963,0.2825698563567498,53.06843902453669,46.91243805430537,2.2323232323232323,$E_{lv}^{max}$,[mmHg/ml],6.907876471092122,13.04599474708908,11.509083128564875,11.417305763240156,11.447085616670629,2.2413635808146277,5.488785213125182,12.477271489235452,10.589662443638364,11.384147500947364,14.173540606711034,10.947879932130279,8.238646479071507,1.4038808643434515,0.32716358179089544,0.5509978598642041,6457.925235871273,1.6495747019912572,0.285177930539393,0.755114617705571,0.517566312525563
154.89040438747577,108.22860222103952,133.1678113447911,164.86354326416495,92.48070904782115,173.10708897999586,32.32143374559642,15.168830715915469,23.201441598211147,34.13128256796063,92.4804114133615,196.86161566922448,147.2975723584063,74.69988039775308,117.24488771989623,37.95327603468938,8.213038650346217,6.956617063612617,1.2564215867335997,1.8451226230855597,0.6982176466756667,0.34575304329398054,0.08368662610992181,17.755831274497996,6.981266651187785,5.82023507926839,4.954329544041824,2.219091748915093,152.45119774521365,0.28299864217823195,53.423987193562105,46.97737093083252,2.2676767676767673,$E_{lv}^{max}$,[mmHg/ml],6.839146246383053,12.987639842590248,11.536184632232656,11.444687793871598,11.474343407115445,2.242276630783656,5.496652984929429,12.419927684421637,10.544221263893753,11.337543235919462,14.106251824058209,10.966079999082586,8.200725171713488,1.4086872228064056,0.32716358179089544,0.5509978598642041,6473.649633347481,1.6484648454239486,0.2843812989326243,0.7428556508444852,0.5161205145201677
155.2161544099103,108.46641697118322,133.48270639256577,165.40989806978232,92.69925974411942,172.39029307389674,32.322709703505716,15.130319097395944,23.184126643794826,34.142968985952706,92.69885213190011,197.06217507075038,146.785715220855,74.36724534579402,117.49580005708721,38.00366410701318,8.221954823494759,6.963748367088074,1.2582064564066846,1.8563820748098894,0.6898570988031494,0.34653828646190105,0.08362693971967808,17.796158389518933,6.9971234859272755,5.833462307387583,4.965572596204075,2.2536488166763626,152.71105959484342,0.2834274279997141,53.77289990706321,47.040408489665175,2.3030303030303028,$E_{lv}^{max}$,[mmHg/ml],6.772305130809513,12.930849310646785,11.562559242688117,11.471344769219428,11.50087627279805,2.2431720248265323,5.504303791332822,12.364136734218196,10.500003194200637,11.292203429956132,14.040774120561363,10.983772205615463,8.16383326406075,1.4134091218975655,0.32716358179089544,0.5509978598642041,6488.948182088359,1.6473816513354733,0.2836099757677592,0.7309841884615367,0.5147206485296624
155.53355961130293,108.69783273192353,133.78931343353685,165.95025968808702,92.91202719245828,171.69248465116496,32.32400069985745,15.092819257644246,23.16729824753189,34.15438082339884,92.9115264399142,197.25751486418437,146.2878895803205,74.04355560302753,117.74057634694718,38.052733502162184,8.23075234919284,6.970806635999987,1.2599457131928535,1.867428194612229,0.6816801940056517,0.34730324451038985,0.08356899662491644,17.835391570518475,7.012545843069235,5.846326840647058,4.976518886802182,2.2882170230484418,152.96312411870338,0.2838562138211963,54.115372248955254,47.101640971136426,2.3383838383838382,$E_{lv}^{max}$,[mmHg/ml],6.707276498004385,12.875564723450493,11.588249852597823,11.497318446206238,11.526725516763097,2.244053793142839,5.511753370640071,12.30984740201722,10.45696482866232,11.248086766073916,13.977048574597369,11.000994033441366,8.127933582549161,1.418052151693209,0.3275923676123776,0.5509978598642041,6503.84190347208,1.646322104261648,0.28286274772098585,0.719478129774754,0.5133645125059082
155.84309314873576,108.92240630239895,134.08803067761838,166.48492648925526,93.11926644289026,171.01311305363427,32.32531427030546,15.056511074985456,23.15095970025695,34.16556121458188,93.118791080201,197.4480030982462,145.80337008237083,73.72852943031856,117.9795145294511,38.10064369676168,8.241777220807675,6.980133669658252,1.2616435511494228,1.8782702321384162,0.6746296335763204,0.34804953163740326,0.08351288752902879,17.873574717684914,7.027550544429636,5.858842227634979,4.987181945620301,2.326040897705222,153.42254450473624,0.28385621382119625,54.45153577999927,47.1611713560187,2.3737373737373737,$E_{lv}^{max}$,[mmHg/ml],6.643977191973141,12.82174084052871,11.613295744950692,11.52249244552634,11.551930356702856,2.2449100995846156,5.519019887698607,12.257007297244273,10.41507122884503,11.205152118039338,13.91501465433332,11.017790044960014,8.092992172437107,1.4226246950734631,0.3275923676123776,0.5509978598642041,6518.348651002319,1.6475918503807134,0.2821383862315263,0.7083245406416374,0.5120498767473627
156.14473264505506,109.14063308842825,134.37882820483424,167.0136009338025,93.32105208630753,170.35127984800633,32.32651617212793,15.020895882243252,23.13499918801338,34.176385860480906,93.3204007883893,197.6331548994593,145.33123695464775,73.42164315438711,118.21222606160318,38.147254215057714,8.250315584444305,6.987023723622532,1.2632918608217736,1.8889060308232821,0.6667946698362838,0.3487745630696399,0.08345790067904864,17.910738168687452,7.042151962399105,5.87102279383512,4.997563412453224,2.3606469402248877,153.65948740312135,0.2847137854641606,54.78153857697576,47.219000696448745,2.409090909090909,$E_{lv}^{max}$,[mmHg/ml],6.582328494354974,12.769281707417324,11.637694050871936,11.546868686396124,11.576487161365018,2.2457374872254308,5.526082581611009,12.205526506691282,10.37424262612008,11.16332235510921,13.854567584895616,11.03411323535757,8.058951339768742,1.4271189784121583,0.3275923676123776,0.5509978598642041,6532.473646041527,1.6465683140928384,0.2814361556400959,0.6975072324605973,0.5107754061140221
156.43962555920325,109.35342975472143,134.6627054414088,167.53723381280957,93.51781747912513,169.70693498193793,32.32788121129899,14.986400322977817,23.11958713918114,34.187200959723455,93.51738604455664,197.81441546392912,144.871934146349,73.12300531926839,118.44010138196236,38.192913260107844,8.258817598244452,6.993906647754388,1.264910950490063,1.8993638662566084,0.6591347710419233,0.3494853410660541,0.08340528921445937,17.946964388596644,7.056379429587327,5.882888680287572,5.0076962787217445,2.395252672885919,153.8900635306574,0.2851425712856428,55.10547785750671,47.27531399834168,2.4444444444444446,$E_{lv}^{max}$,[mmHg/ml],6.522315495217279,12.718217899505667,11.661514141470205,11.570671057373994,11.600467161950098,2.2465635495265617,5.532995853250773,12.1554322136929,10.334511293425455,11.122626614542037,13.795735077885167,11.05008907414844,8.025825289977615,1.431554169018838,0.3280211534338598,0.5509979384040736,6546.247223538759,1.645569450602378,0.28075482271756624,0.6870128856258468,0.5095387898015601
156.7272418870644,109.56047680308323,134.93917623289585,168.0552368990545,93.70960968183455,169.0783877203542,32.32909612427058,14.95285770781852,23.104496634304034,34.197622408712135,93.70908775958011,197.99057852335716,144.42390839227338,72.83182661929878,118.66214734211316,38.23734259892573,8.267181718080314,7.000700197738859,1.2664815203414557,1.9096259479131754,0.6516342950701008,0.35017567147915823,0.08335340183037665,17.982234688223564,7.070228685386694,5.8944408257204275,5.017565177116444,2.4298694574156072,154.1136969099326,0.28557135710712495,55.42376583151763,47.33007421791292,2.4797979797979797,$E_{lv}^{max}$,[mmHg/ml],6.463841638175041,12.668404688688902,11.68472715745447,11.593867301302291,11.623839569295546,2.247368602667911,5.539717412888541,12.106579150915655,10.295754173603026,11.082938177869346,13.73835443083408,11.065615278998477,7.993521998541584,1.4359148424700445,0.3280211534338598,0.5509984301344232,6559.672677728418,1.6445879716411547,0.2800934391622154,0.6768215331988771,0.5083379985200375
157.00823832084183,109.7619616653692,135.2088228687182,168.56788078499866,93.89670857878892,168.4654886518997,32.3303039724598,14.919936408897227,23.089790504763943,34.20779403956993,93.89597079276673,198.162334463997,143.98728775218663,72.54799878741738,118.8789275259935,38.28070280839097,8.275460472935086,7.007447573712193,1.2680128992228927,1.919708858864964,0.6442942198798298,0.3508487366625507,0.08330284838740573,18.016609905969585,7.083722677814063,5.905696795346817,5.027190432808701,2.46448745177942,154.33101918555647,0.2860001429286071,55.73646527260412,47.38335922754592,2.515151515151515,$E_{lv}^{max}$,[mmHg/ml],6.40686167089898,12.619832384415318,11.70737656100946,11.616501998536675,11.64664847371772,2.2481616038765657,5.546273492298741,12.058958374038369,10.257971040096088,11.044253211229643,13.682412516987402,11.080757777311087,7.962033698658828,1.4402100337506858,0.32844993925534194,0.550998906640337,6572.769600515224,1.643625442483503,0.2794513029349043,0.6669238430476752,0.5071721550934316
157.28286592812734,109.95781417933887,135.47186651608496,169.07559209367327,94.07917312004581,167.86768045424103,32.33152868268328,14.887981855660938,23.07548674018309,34.217777829667575,94.07842860298649,198.330088572156,143.56178571069296,72.27129337862665,119.09087007968105,38.323087691215854,8.285765017081214,7.016254770815967,1.2695102462652474,1.92961765104963,0.6379655891194623,0.3515064340695624,0.08325382863988781,18.050123397396625,7.0968755367139,5.916667682622569,5.036580178060155,2.5024595870006157,154.74975297197687,0.28600014292860715,56.04364870323613,47.43527786443714,2.5505050505050506,$E_{lv}^{max}$,[mmHg/ml],6.3513259643464,12.572460882265604,11.729486604422974,11.638598886777292,11.66891785086073,2.248929060787514,5.552670010947855,12.012528415120851,10.221125002065262,11.006539643188702,13.627863387362485,11.09553021914238,7.931332746667574,1.4444445095729266,0.32844993925534194,0.5509993764007375,6585.542118403207,1.64488853207197,0.27882737319629936,0.6573087296260762,0.5060393625445965
157.55123026932077,110.14855096090224,135.72839863193812,169.5781489162204,94.25700152224651,167.28418040366083,32.33266280158566,14.856921952909218,23.061496041545325,34.22749959365212,94.25620066288788,198.49343794481524,143.14653369596743,72.00132292429839,119.2977317957491,38.36438814109478,8.293837075232943,7.022870395915165,1.2709666793177783,1.9393535179521666,0.6309190007125344,0.3521466011549928,0.08320570751077074,18.08278986573124,7.109692308749371,5.9273591479932115,5.045738408988661,2.537113169942467,154.95461818693127,0.2864289287500893,56.34543642728323,47.48580186771353,2.5858585858585856,$E_{lv}^{max}$,[mmHg/ml],6.297168035251056,12.52622812714328,11.751058542572178,11.660159018842203,11.69064878609225,2.2496732934668806,5.5589042682370655,11.967224836202803,10.18516724781546,10.969739901641326,13.574629316823273,11.109924171377786,7.901376795594994,1.448612365688496,0.32844993925534194,0.5509998324926825,6597.990106557256,1.6439587052889533,0.27822116407494635,0.6479642787579053,0.5049387452919802
157.81432063281602,110.33485048904873,135.97928676129405,170.07657457525323,94.43101003168894,166.71525140682513,32.33385868619196,14.826424246864017,23.04791834776774,34.23710769644373,94.42988860526063,198.6531726555826,142.74188752138517,71.73819425241216,119.5000990552227,38.404796691506135,8.301885280442619,7.029491678647142,1.2723936017954764,1.9489413161214608,0.6240227808895724,0.3527731064532106,0.08315925200023515,18.114716453413806,7.122215381544021,5.9378048340236065,5.054696237846179,2.5717710791708774,155.15442900059992,0.2868577145715715,56.64209437039126,47.53505184081787,2.621212121212121,$E_{lv}^{max}$,[mmHg/ml],6.2443704696356095,12.48114624692276,11.772135224006146,11.6812291432215,11.711886392243988,2.2504118222043643,5.564998532335265,11.923064653562447,10.150118747022564,10.933878058720095,13.522728135191173,11.123987937746811,7.872181041475385,1.4527183930104002,0.32887872507682414,0.5510002771424201,6610.170702218226,1.6430453189956726,0.2776319985760409,0.6388769717114091,0.5038690724728616
158.07131634286196,110.51613802327459,136.22385019677913,170.56965541653943,94.60059484916485,166.1593244087581,32.33498892983933,14.796733947920295,23.034638247590173,34.246430092654315,94.59936808920544,198.8090240467502,142.3465501338529,71.48119763348458,119.6979618297021,38.44428315245009,8.309815932717406,7.0360311438675565,1.27378478884985,1.958358824234081,0.6172635919722429,0.3533841557889697,0.08311372585731072,18.145798670791503,7.134402593473692,5.9479699793403356,5.063426097977478,2.606436787005753,155.34838052625386,0.28728650039305365,56.933666037569985,47.58303529871978,2.6565656565656566,$E_{lv}^{max}$,[mmHg/ml],6.192844801619837,12.437099487750334,11.792718135904314,11.701804210059978,11.732628326841896,2.25113671447605,5.570950090623258,11.87993256801241,10.115870229558016,10.898847469812532,13.472031814669771,11.137726602795684,7.843661394723474,1.4567630732055041,0.32887872507682414,0.5510007120514011,6622.04163944154,1.642150144763337,0.2770588462795164,0.6300364363141996,0.5028284723045339
158.32322200547978,110.69306267801575,136.4629234586258,171.05849216031015,94.76632355225875,165.6168374107271,32.33618064379234,14.767898999593381,23.02173528931288,34.25564564536472,94.76512859783878,198.9615687056015,141.96091471995845,71.23047312767486,119.89173892684855,38.48297079988853,8.31964480926894,7.044495703878424,1.2751491053905155,1.9676307065425933,0.6114325877169291,0.3539827681345094,0.08306971373155382,18.17617026824323,7.146308599574889,5.957900320859924,5.071961347808418,2.6445086241945326,155.7379973327098,0.28728650039305365,57.22022291564461,47.629866016014574,2.691919191919192,$E_{lv}^{max}$,[mmHg/ml],6.142578251486526,12.394116551216296,11.812847654042358,11.721927494749515,11.752916828544338,2.251854889110257,5.576771476915781,11.83785268705744,10.082454567180193,10.864676120231792,13.422562728645799,11.15115890772354,7.815836949384266,1.4607569272230432,0.32887872507682414,0.5510011379365719,6633.642648658113,1.643389671509503,0.2765010911712032,0.6214347937738522,0.5018158260192784
158.5696582508159,110.86543382800015,136.6962653799071,171.5424753208648,94.9279570743916,165.08686260372244,32.33727825714835,14.739592173721023,23.009082920026536,34.26454502127442,94.92668581701327,199.1101593194912,141.58406438205864,70.98554282764017,120.08093284387238,38.5206588623763,8.327416300354622,7.050940532800374,1.2764757675542477,1.9767475421001013,0.6049356013146848,0.35456543197696144,0.08302634345159458,18.205802667107765,7.1579218495939845,5.967587633854899,5.080293183658882,2.6792081332445603,155.92135473263758,0.28771528621453585,57.50182393511132,47.6754607306071,2.727272727272727,$E_{lv}^{max}$,[mmHg/ml],6.093500910956232,12.352107977507131,11.832505054327676,11.741578875312145,11.772732349582066,2.2525563842866583,5.582444481894097,11.796737889339967,10.049803192098251,10.831288412118353,13.374221374827204,11.16424663856976,7.788653007786797,1.4646889770181222,0.32887872507682414,0.5510015528407599,6644.956995207412,1.6425230199618397,0.2759585470366168,0.6130628671885675,0.5008307973251196
158.81134389237238,111.0336644901191,136.92443686473217,172.0227871770227,95.08608864171356,164.5692842932423,32.33844592291495,14.71195135475337,22.99678880030263,34.27341461762799,95.08492754378419,199.25581019227923,141.21621830239783,70.74627013406267,120.26632209561697,38.55763710092792,8.335151936612087,7.057372964567583,1.2777789720445036,1.985726916218769,0.5985710368574845,0.35513708143684,0.08298445191458423,18.234746182304544,7.1692610723967265,5.977044907678839,5.0884402022289805,2.7139073893501875,156.10009311998724,0.288144072036018,57.77875807752909,47.7200275625732,2.7626262626262625,$E_{lv}^{max}$,[mmHg/ml],6.045594175092162,12.311085051274091,11.851735696793163,11.760805701270565,11.792121299818842,2.2532354856078394,5.5880043241505435,11.75659595684319,10.017915975457264,10.798695351362346,13.327017491553745,11.177064894515343,7.762110568404727,1.4685751708705197,0.3293075108983063,0.5510019580628074,6656.026204919949,1.6416711986984318,0.2754298827257251,0.6049105452679099,0.4998709690507661
159.04879336071207,111.19828183748635,137.14797196022613,172.49932752838322,95.24092641036346,164.06386806026967,32.33955591238837,14.68506986974887,22.984775143282626,34.28205013347228,95.23925434981071,199.39781162869232,140.8573382211638,70.51265195449075,120.4476006859657,38.59373096400615,8.342864144068145,7.063815232477333,1.279048911590811,1.9945800157157425,0.592336745453905,0.3556943249177551,0.08294344402159896,18.263103125528904,7.180368846601879,5.9863097442907165,5.09642453463631,2.748611976243423,156.27476541616656,0.2885728578575002,58.05112822000286,47.763440115962766,2.797979797979798,$E_{lv}^{max}$,[mmHg/ml],5.9988278909507695,12.27101668737386,11.870517436792008,11.779591528855605,11.811064883864725,2.253900564598741,5.593424480846496,11.717401879914332,9.98679051782907,10.766878074037772,13.280922078350779,11.189567390561846,7.736202947871458,1.4724057390546976,0.3293075108983063,0.5510023553751343,6666.864848725442,1.640836259223554,0.2749157201988795,0.5969690423404594,0.4989374682649241
159.28101651476302,111.3584272176417,137.36600582428673,172.97097270533354,95.39207053829958,163.56928755613066,32.3406460492754,14.658863635481659,22.973028937025532,34.29049829023673,95.39025582098253,199.53678062906744,140.5062566805032,70.28412794260836,120.6251889821658,38.629074678150545,8.350473009034689,7.070181176927261,1.2802918321074281,2.0032846785089196,0.5862198649574467,0.3562396611064081,0.0829033600754733,18.29073453943303,7.191188661216199,5.995334541585592,5.104211336631238,2.7833233703152676,156.44435593063704,0.28900164367898235,58.31905974742643,47.805850891375265,2.833333333333333,$E_{lv}^{max}$,[mmHg/ml],5.9531246869846495,12.231822297909732,11.888907665421351,11.797980162509372,11.829612448926643,2.254555880005861,5.59873209139412,11.679068749515926,9.956330960661996,10.73575672542084,13.235833151500163,11.201800259672545,7.710858947565988,1.4761880542413066,0.3293075108983063,0.5510027429588801,6677.444937680971,1.640014259548179,0.27441429698505504,0.5892287892378147,0.49802709785336563
159.50872308453904,111.51467931265427,137.57916140697824,173.43887448393784,95.53970350485172,163.08561831002947,32.34171142918246,14.633012417620147,22.961545633734232,34.29878473614892,95.53792444193417,199.67266184560165,140.1630088034963,70.06071129400644,120.79895469231406,38.66367446494592,8.358022221526472,7.076514874407142,1.2815073471193292,2.0118564537678583,0.5802227634708174,0.3567729581946599,0.08286417478067727,18.31773989088156,7.201761104779589,6.004153264820195,5.111825521281773,2.818034764387112,156.60959116185478,0.2894304295004645,58.582543632528385,47.84727341182518,2.8686868686868685,$E_{lv}^{max}$,[mmHg/ml],5.908468508801783,12.193494031602688,11.906896982168586,11.815968831311164,11.847758621185308,2.255200439874653,5.603917300399324,11.641594090999412,9.92655628048046,10.705332576946704,13.191747287863697,11.213752766029627,7.686080676042779,1.4799223371712118,0.3293075108983063,0.5510031224680608,6687.7792453396205,1.6392095162185825,0.2739254815688757,0.581685342187427,0.4971396175431908
159.73233122007193,111.66731924057675,137.78786209268222,173.90274398142026,95.68430274212258,162.61281900099232,32.34281357809677,14.607846826614898,22.95036716628784,34.30692731957572,95.68243775624944,199.80579971853888,139.82763122949788,69.8424056884806,120.96943282507233,38.69760103691493,8.367285247978636,7.084585232584892,1.2827000153937433,2.020308546811656,0.5750513038326089,0.3572957652132499,0.08282619226388159,18.344139546329973,7.212091173179293,6.0127683667708824,5.119280006379793,2.8562604782263015,156.96398013001064,0.2894304295004645,58.84179570218181,47.88771791961732,2.904040404040404,$E_{lv}^{max}$,[mmHg/ml],5.86483333409385,12.156026960698176,11.924509871566649,11.833583569455318,11.865528552613263,2.255840404622091,5.609006028013224,11.60497130767758,9.897445898399425,10.675604765986623,13.14865771258385,11.22548186269338,7.66186792060646,1.4836126489655632,0.32973629671978844,0.5510034920768987,6697.901191948581,1.6404360551494226,0.2734491597234398,0.5743299911386621,0.49627482158548086
159.95151645747222,111.81620329063374,137.9918194900444,174.36278475781913,95.82560003726513,162.14998223125895,32.343859540990614,14.583292171018227,22.939406568034116,34.314869939107496,95.82371856237916,199.93587040704176,139.49942321478224,69.62881886053952,121.13616274541886,38.730800813715085,8.374708715184328,7.090844406224473,1.2838643089598551,2.0286294830215748,0.5692747471509755,0.3578063943575982,0.08278885318705843,18.369942437178647,7.222186932540936,6.021188994749144,5.126566509888567,2.891003565778272,157.12058021654005,0.28985921532194664,59.09689209869803,47.927227049000926,2.9393939393939394,$E_{lv}^{max}$,[mmHg/ml],5.822172343049321,12.119359205766042,11.941740812461077,11.850815892121123,11.882915276893995,2.256467004618518,5.613972717806405,11.569136514667914,9.868962591314865,10.646516214352523,13.106491102086146,11.2369192487371,7.638176004516729,1.4872555029599301,0.32973629671978844,0.5510038554415437,6707.792002608559,1.639651410014007,0.2729845278994202,0.5671564813765994,0.49543124826352736
160.16671885053205,111.96160216669873,138.1914370473001,174.81913447783066,95.9638787393967,161.6971562734921,32.344894955723305,14.559353006293138,22.92868793954756,34.322676189452736,95.96195355409,200.06312530358952,139.17834811654285,69.4198516449055,121.29959519482462,38.76326314310434,8.382089392894626,7.097085792243699,1.2850036006509273,2.03683233154843,0.5636090474124233,0.3583060214905626,0.0827523527577819,18.395185767825414,7.23206100513827,6.029425016659221,5.133699746027922,2.925747574083564,157.27337472414288,0.29028800114342884,59.347907502519625,47.96583748677861,2.9747474747474745,$E_{lv}^{max}$,[mmHg/ml],5.780461418688828,12.083479608063127,11.958611132281078,11.867688429699434,11.899940737838872,2.25708097123106,5.618830323693486,11.534081759549435,9.841095570023098,10.618062028568477,13.065237910448534,11.248112368097427,7.61499851290666,1.4908515200401524,0.32973629671978844,0.5510042122306369,6717.471511757769,1.6388809705289284,0.27253127937060323,0.5601580208238838,0.49460834113647084
160.3793008184254,112.10475124830131,138.3879624517173,175.27313940154357,96.09971295718854,161.2548792823158,32.34587910541537,14.535772249762388,22.91820795187763,34.33028026031943,96.09678485333826,200.18720122197564,138.86482035136186,69.2158498874745,121.45965958799091,38.79495062909715,8.389504783041431,7.103390993667853,1.2861137893735792,2.044946981379141,0.558057487591531,0.35879308475984023,0.08271658571722457,18.420038092140565,7.241780128238367,6.037532063824433,5.140725900077766,2.9605026739136027,157.42365795922916,0.290716786964911,59.594917924277304,48.00346089397707,3.01010101010101,$E_{lv}^{max}$,[mmHg/ml],5.73970620465253,12.048415335519833,11.975096037668814,11.884190154275794,11.916588230051051,2.257671171104827,5.623575739108199,11.499830680956777,9.813879532627487,10.590273390222777,13.02492286916076,11.259036654520827,7.592368840097549,1.494398365416377,0.32973629671978844,0.5510045599942216,6726.979907003198,1.6381282848301515,0.27209016239476014,0.553327750474431,0.49380746031868333
160.5856678540048,112.24250814163179,138.57826029814024,175.7209950964291,96.23168953890615,160.82021407057655,32.346965166824305,14.512675903971052,22.907987597994847,34.33790152270687,96.22978680807186,200.30983865834867,138.55693350963674,69.01547459481519,121.6169751627579,38.82630224307569,8.39672172234355,7.109507300071916,1.2872144222716337,2.05289711873089,0.5525936536560673,0.3592750569982589,0.0826820252259825,18.444043093084147,7.251162224426338,6.045356187556808,5.147524681101002,2.9952577737436417,157.56793718605746,0.29114557278639314,59.83805586571008,48.04046943106113,3.0454545454545454,$E_{lv}^{max}$,[mmHg/ml],5.699765357344285,12.014003324571998,11.991322812321064,11.900408254373984,11.932961494852524,2.2582599502893035,5.628255025099298,11.466227440917466,9.787146370297751,10.562992651917947,12.985365801779011,11.26981555206087,7.570139139069729,1.4979194538750673,0.33016508254127064,0.5510049009770692,6736.2182677234305,1.6373809702504836,0.27165741334316174,0.5466577817120537,0.49302177323912244
160.78957792000583,112.37816054483045,138.76562734191913,176.16685739405997,96.36146032742438,160.39560022226792,32.34798920560898,14.490174994460375,22.897981989081583,34.34528984278007,96.35958922372416,200.4294583135453,138.25605307281916,68.81966558663072,121.77091052462883,38.856850373582574,8.404815288478272,7.11727739885591,1.2875378896223624,2.0607631121221854,0.5478862370062331,0.359745030709048,0.08234354230817253,18.46769312728457,7.260405438357349,6.053065254266966,5.1542224346602525,3.0335913988999117,157.89614927003683,0.290716786964911,60.07737132059212,48.07656021949745,3.080808080808081,$E_{lv}^{max}$,[mmHg/ml],5.660712877596988,11.980354616385036,12.007178863315753,11.916269320424721,11.948970935400254,2.258837220272127,5.632819479089287,11.43337418717804,9.76101769633673,10.536330886731543,12.946689099503228,11.280326103119414,7.548417494506171,1.5013833164166692,0.3305938683627528,0.5489747679922597,6745.302222919707,1.6385819469062128,0.27023638702861524,0.540145896873396,0.4922564802330322
160.98985681855692,112.51072793777932,138.9490617909407,176.60945604486145,96.48860460321997,159.97978381215154,32.34895447348954,14.468202346821814,22.8881592507108,34.35253272644116,96.48660260734648,200.5463518392964,137.96153744689136,68.62795115911135,121.92174078309061,38.88678620469689,8.411998248846661,7.123412800183037,1.2885854486636246,2.068520559363023,0.5426228553455288,0.3602042166918626,0.0823101933340011,18.490847953520124,7.2694530716899735,6.060612212307181,5.16078266952297,3.0683764899317274,158.03423025347072,0.2911455727863932,60.312998495183,48.11187125690723,3.116161616161616,$E_{lv}^{max}$,[mmHg/ml],5.622496088729137,11.947393144499355,12.022711735460724,11.931807470916139,11.964656345557978,2.259403217477757,5.637282257948201,11.401200107719356,9.735430053006114,10.510221537254113,12.908805411134633,11.290600229241111,7.52714736135249,1.5048061036773643,0.3305938683627528,0.5489747679922597,6754.202322225397,1.6378538264009352,0.2698259961704902,0.5337851569959651,0.49150892154353915
161.18675642762778,112.6404048046616,139.12883404353457,177.04841098780935,96.61301107792825,159.5725063089012,32.349959059479374,14.446612028610534,22.878584541640976,34.35963654727488,96.61114983055964,200.66120446330345,137.67321639831553,68.44019513945582,122.07009433982401,38.91617423229076,8.41915176903208,7.12953546034681,1.2896163086852708,2.0761757254349407,0.5374565755190475,0.3606555898316637,0.08227786898348705,18.513492299307426,7.278296319539891,6.067986516119875,5.16720946364766,3.103161389746718,158.16911070723896,0.29157435860787534,60.54489793555309,48.14640183634884,3.1515151515151514,$E_{lv}^{max}$,[mmHg/ml],5.58509185908904,11.91511432948319,12.037938669682875,11.947041508293827,11.980035651031736,2.259965691135261,5.6416730906369335,11.369697847738243,9.710368856522855,10.484658231993086,12.87170790041131,11.300701040670956,7.5063180831079,1.5081924076374393,0.3305938683627528,0.5489747679922597,6762.910775454978,1.637140887573201,0.2694252282155371,0.5275719442058492,0.49077889171645106
161.38059406058682,112.76745931200035,139.30522173098603,177.4847368572528,96.73515247415557,159.17372982215448,32.350988116210836,14.425429751709672,22.86924034939804,34.366675449156304,96.73331550577508,200.77387814881345,137.39104828231615,68.25647316590232,122.21564623421328,38.94504759964345,8.426293658019151,7.135664506868906,1.2906291511502461,2.083737989704616,0.5323857935754267,0.36109873895741795,0.08224644443699103,18.53571836470321,7.286975259900259,6.075224509349133,5.173518595453825,3.1379490502819998,158.3011150385076,0.29200314442935754,60.7733151583733,48.18022961835524,3.186868686868687,$E_{lv}^{max}$,[mmHg/ml],5.54848461636118,11.883509800463834,12.052883163613318,11.961993762374027,11.99513190302323,2.260522294966807,5.645975507196533,11.338861025096287,9.685834658814073,10.459639039914371,12.83538792805343,11.310603237021155,7.485931214360854,1.5115432687216752,0.33102265418423493,0.5489747679922597,6771.46067319089,1.6364383679531638,0.26903357685319246,0.5214993429565407,0.4900654684679163
161.57089300237567,112.8916180783829,139.47784115527529,177.91753566537625,96.85471123851943,158.78263592718758,32.351942578575795,14.40470646269043,22.86004607943854,34.37356733267625,96.85286842761718,200.88402118551738,137.11436198977475,68.07631631040705,122.35824382959218,38.97328581890581,8.433366549564596,7.141748793937655,1.2916177556269401,2.0911939932925487,0.527403077413815,0.36153169800599194,0.0822153571269106,18.557458844618353,7.295461788164655,6.0823025621753795,5.17969449427832,3.1727459215869844,158.42976501706056,0.2924319302508397,60.998301654932696,48.2133262048618,3.2222222222222223,$E_{lv}^{max}$,[mmHg/ml],5.512630767590011,11.852517397693367,12.067521920278555,11.97663991941179,12.009921140957246,2.2610670634393846,5.650183568572151,11.308628103559206,9.661780030552338,10.43510945033464,12.799778422189759,11.320303140768008,7.465943763525398,1.5148524830277583,0.33102265418423493,0.5489747679922597,6779.82978669636,1.6357466042813675,0.26865070171532535,0.5155618018927841,0.48936803179105887
161.75721597410748,113.012293233798,139.6463072570439,178.34653437649095,96.97179802864997,158.39893951962543,32.35297919470005,14.384455397485517,22.851086567307043,34.380419983847396,96.97052062293281,200.99258539100143,136.84305424022125,67.89964421742944,122.49840560907074,39.001168237422505,8.440366471349213,7.147771668085418,1.292594803263795,2.0985410964970743,0.5225042970335833,0.361958902838463,0.08218532613055946,18.57864784213318,7.303729843895453,6.089197031963368,5.185720966274356,3.2075427928919678,158.5546428800655,0.2928607160723219,61.219979327345996,48.24581983175696,3.2575757575757573,$E_{lv}^{max}$,[mmHg/ml],5.477499355272791,11.822127194418032,12.081913054352547,11.99102930863653,12.024456347237548,2.261608576920713,5.654325867578394,11.27898787691442,9.638185797462821,10.411058073338907,12.76485974333134,11.329846932424964,7.446339451907488,1.5181347139123795,0.33102265418423493,0.5489747679922597,6788.025862005498,1.6350593275915242,0.26827574345830507,0.5097544859619256,0.48868501632499
161.94046693298907,113.13051197085507,139.8114653156763,178.77246627882732,97.08646056537923,158.02268725610566,32.35393154805132,14.3646414763432,22.8422640067386,34.38706501410011,97.0855727827574,201.09864130465527,136.57699976869736,67.72644889252467,122.63572457711827,39.028433253465884,8.448762227990073,7.155214727325654,1.2935475006644204,2.1057937011623133,0.5182773262058388,0.36237594148688085,0.08215556284824935,18.599412491918095,7.31183002259762,6.095951630448591,5.191630838871884,3.2460016454866008,158.8558722777342,0.2924319302508397,61.438304999858815,48.277587632070166,3.292929292929293,$E_{lv}^{max}$,[mmHg/ml],5.4430838440521025,11.792322119074788,12.095994927310104,12.005113433727157,12.03868373396154,2.2621243798957944,5.658373408190744,11.249924651539162,9.615046597271862,10.387475017339835,12.730619330882076,11.339175083171213,7.427119440674804,1.5213759109060905,0.33102265418423493,0.5489747679922597,6796.052239576546,1.6362309569495397,0.2679092961582204,0.5040758248612213,0.4880175042252539
162.12175860943486,113.2467354920076,139.97429925915765,179.1965030317057,97.1993995802252,157.65434459042697,32.35491326295528,14.345154702968335,22.83366117439296,34.39365421704434,97.19848199374741,201.2027520653562,136.31668416862155,67.5569541798187,122.77080464156784,39.055202065214544,8.45573850117276,7.161254095756629,1.2944844054161315,2.112976231676326,0.5135498235092955,0.3627856838737656,0.08212667605149115,18.619890907452465,7.319817656553898,6.10261295968341,5.197460291215158,3.280826777416224,158.97569915030817,0.29286071607232184,61.6534861964897,48.3087239095888,3.3282828282828283,$E_{lv}^{max}$,[mmHg/ml],5.409394100937756,11.763139605652439,12.10982192570014,12.01894965345692,12.052659394747554,2.2626363515956402,5.6623467166065335,11.221475323195289,9.59240626330876,10.364397548004415,12.697096719952187,11.348328528728004,7.408310274303024,1.5245837076042765,0.33102265418423493,0.5489747679922597,6803.957970615765,1.6355625635227802,0.2675510338523557,0.4985214625719581,0.4873649017255525
162.30010651624778,113.36039028826366,140.1339788632971,179.61766409230805,97.30980426193507,157.2931183478659,32.35586669851691,14.32601363621852,22.825222159110908,34.40006853340442,97.30896083914806,201.30474707471404,136.06144564716067,67.39079595084499,122.90349575249232,39.08145366933194,8.462679673091756,7.167277990795429,1.2954016822963264,2.1200701659687198,0.5089046270375523,0.36318691874516007,0.08209831796066366,18.639947335619535,7.327637054802529,6.109133492433422,5.2031767883835816,3.315651698076797,159.0927731452553,0.293289501893804,61.865264853308396,48.339128735514585,3.3636363636363633,$E_{lv}^{max}$,[mmHg/ml],5.376381392163419,11.734518667624657,12.123382144607236,12.032520319565329,12.066367832608226,2.263142219025417,5.666248580444695,11.19358015631973,9.570201298311837,10.341770910794049,12.664222293162979,11.357312365284516,7.389869579949827,1.5277560630721967,0.33145144000571714,0.5489747679922597,6811.686298335455,1.634910010886622,0.2672011283968836,0.49308858702949143,0.48672752187519663
162.47564306289786,113.47183134757607,140.29062587470818,180.03601054318904,97.41842920190653,156.93873659095624,32.35680794751802,14.307282487275263,22.816949090786373,34.40640112953944,97.41752268605288,201.40483215981666,135.81112153272366,67.22781574258887,123.03362993517932,39.10723401157125,8.469592369001283,7.173290036663426,1.296302332337857,2.127078287173411,0.5043404269174125,0.3635808126721375,0.08207054193674759,18.65963885205283,7.335314607994033,6.115536701009006,5.208787543049787,3.350476506912543,159.20730117599186,0.2937182877152862,62.074177043885015,48.36900964161135,3.398989898989899,$E_{lv}^{max}$,[mmHg/ml],5.344027054500059,11.706445153113593,12.1366962879195,12.04584441243408,12.079828989328377,2.2636395355513144,5.670066950571072,11.166221018726816,9.548422674385415,10.319581123212902,12.631977000082768,11.366105512262564,7.371782924350867,1.5308959048101445,0.33145144000571714,0.5489747679922597,6819.290044133458,1.6342626593375218,0.26685820607992816,0.48777021894222783,0.48610286235175515
162.64848088069493,113.58111425847473,140.44437004005187,180.4520817589837,97.52451527801493,156.5911166818197,32.35773865778568,14.288964095830492,22.80884558461836,34.41257121710324,97.5238307144729,201.5030235512732,135.5656384027326,67.06800841721444,123.16161606253529,39.132543043369985,8.476473546430443,7.179287613847137,1.297185932583306,2.1340034494795366,0.4998533041168604,0.36396719499999225,0.08204334670053866,18.67893118350744,7.342832224709402,6.121805430551023,5.214293528247015,3.3853112296168177,159.31929851780976,0.29414707353676833,62.27972400003811,48.39819720603725,3.4343434343434343,$E_{lv}^{max}$,[mmHg/ml],5.312314320406668,11.678905566117562,12.149760828567771,12.058920645069975,12.093040414191309,2.264131639567495,5.673823299829474,11.139389953694836,9.52705964776592,10.297820571607048,12.600349912244027,11.374748749178044,7.3540462390604295,1.5340030135122154,0.33145144000571714,0.5489747679922597,6826.716069461045,1.6336333286418836,0.26652314225011714,0.48256518170318835,0.48549251767045687
162.81857975002836,113.68826194540198,140.59515932860552,180.86513618082893,97.62922054877579,156.24993922348546,32.35866591797429,14.271035248184443,22.800901167311828,34.41870626001405,97.62838261453972,201.59945418152788,135.32479623924044,66.91122372169866,123.28726074815037,39.15743736485337,8.483324647162544,7.185270172470115,1.298054474692428,2.14084635076698,0.4954423372290015,0.36434686825645685,0.08201673934209118,18.697855603613245,7.350205095693714,6.127953505773449,5.219697002146077,3.420147983723234,159.42881118647222,0.29414707353676833,62.48272545510305,48.426908203149885,3.4696969696969697,$E_{lv}^{max}$,[mmHg/ml],5.281220671151044,11.651881900414589,12.162584860449678,12.071756467091888,12.106010486830714,2.264617053892714,5.677504294783789,11.113065829649935,9.506102699379431,10.276472186411693,12.56931671079952,11.383225756032473,7.336643841599557,1.5370802981319576,0.33145144000571714,0.5489747679922597,6834.045438414305,1.6330030117040748,0.26619454298696393,0.4774656007505145,0.4848939486973236
162.98556918411904,113.79263294861306,140.7427332176453,181.27495319507457,97.73159552430891,155.9148205688979,32.359550363772584,14.253433400160077,22.793089323864617,34.42468538439777,97.73089343207587,201.69400112378855,135.08826009161533,66.75727403213536,123.4106636966048,39.181881823651125,8.490115413744284,7.1912101549367025,1.298905258807583,2.147600239667225,0.49110307534769443,0.3647189562573452,0.0819904985424853,18.716359805445634,7.357411613907226,6.133962926790711,5.224985264747701,3.4549847378296503,159.53544736516082,0.2945758593582505,62.68268479398458,48.4550323200213,3.5050505050505047,$E_{lv}^{max}$,[mmHg/ml],5.250719081647103,11.62534297309212,12.175178728909161,12.084358465400976,12.118747112847156,2.2650937734826444,5.681119056352481,11.087216687152743,9.485511875179888,10.255507866892788,12.538839916371954,11.391538619724518,7.319554855576145,1.5401256524844802,0.33145144000571714,0.5489747679922597,6841.211686701624,1.6323835348158144,0.26587278665622804,0.4724719958795661,0.4843078446548507
163.15059274545146,113.89500054097522,140.88808980515773,181.6828357294826,97.83237638300638,155.58641433960472,32.36046566281875,14.236039917372663,22.785456636596532,34.430648144486156,97.83165461437615,201.7869851518154,134.85642480644543,66.6063231337567,123.53209687539817,39.20589572258595,8.49821033941418,7.198466816613614,1.2997435228005672,2.15428831037532,0.4873648671098891,0.3650852429200407,0.08196496960051508,18.734586319495897,7.364508820297177,6.1398811392628065,5.230196359935909,3.49358234271487,159.81237377896758,0.29457585935825054,62.8797680043347,48.482638531306684,3.54040404040404,$E_{lv}^{max}$,[mmHg/ml],5.220821696963724,11.599315263419635,12.187550077485787,12.096742481561776,12.131263005699598,2.2655664058656275,5.6846669875352065,11.061872523107025,9.465329169380894,10.234955799455397,12.508956026193113,11.399705581725275,7.302798837210702,1.543141348512808,0.3318802258271993,0.5489747679922597,6848.2663468104465,1.6335325756916523,0.2655576001408605,0.4675809571507712,0.4837337080392094
163.31329843328024,113.99563807445112,141.03093442361222,182.08864138425443,97.93121361710885,155.26412943826833,32.36137228003587,14.219015533202528,22.777975507996516,34.43648854283236,97.93048481394608,201.87827067755038,134.62908260722975,66.458235052343,123.65156443563295,39.2295092753813,8.50498288913945,7.204416291064284,1.3005665980751664,2.160903621167477,0.4831680418667847,0.36544479411271014,0.08194000185280469,18.752487546449267,7.3714770485405925,6.145691949962519,5.235318547946154,3.5284456612192874,159.9147849382744,0.29457585935825054,63.07394629488162,48.50967094441052,3.5757575757575757,$E_{lv}^{max}$,[mmHg/ml],5.191499713614922,11.57377173349814,12.199712820665662,12.108918146777974,12.143569384589394,2.2660347378673174,5.68815751450782,11.037003012104014,9.445524131106584,10.214791996085326,12.479626182527065,11.407734736862624,7.286359820025959,1.5461282707496022,0.3318802258271993,0.5489747679922597,6855.1849531976195,1.6329296761654433,0.26524919413370585,0.4627900874633759,0.48317192264371195
163.47329616296105,114.09430155196266,141.1709576096432,182.49126347280222,98.02801921096419,154.94742900262162,32.36222826273183,14.202320544760148,22.770607124171274,34.442189156045735,98.02744714494563,201.96774956726156,134.40570468548884,66.31275323355608,123.76879245535784,39.25266824047482,8.51170564841047,7.21033313050195,1.3013725179085198,2.16743788019434,0.4790390021235254,0.3657971040447645,0.08191530160910533,18.770023681604027,7.378301306871264,6.151382311336789,5.240340063395975,3.563308788942237,160.01473164942223,0.2950046451797327,63.265340923666194,48.53618825529342,3.611111111111111,$E_{lv}^{max}$,[mmHg/ml],5.162725030467142,11.548675401564935,12.21163728144672,12.120856409718874,12.155637015600515,2.266490715081322,5.691577313828918,11.01257048993166,9.426062347945393,10.194982284867582,12.45081160799782,11.41559931396296,7.270209790057817,1.5490822226538896,0.3318802258271993,0.5489747679922597,6861.961344767493,1.632336682281192,0.26494688477339845,0.45809576968089505,0.48262124276198803
163.63117041219445,114.19139285422388,141.308690040198,182.89220651823402,98.12324665168758,154.63660230744915,32.363120648698285,14.18598257918362,22.76340558380637,34.447820508486664,98.1227360137805,202.0558089540603,134.18656747246757,66.17002832510428,123.8842569410883,39.27550347033068,8.518425602697363,7.216258766000401,1.3021668366969616,2.173906553197056,0.47497912403887954,0.3661440260181202,0.0818912734521895,18.787262992571208,7.385008123279836,6.156974660258821,5.24528020903255,3.598171730688608,160.11278279010438,0.2954334310012149,63.45408861001648,48.562195030032434,3.646464646464646,$E_{lv}^{max}$,[mmHg/ml],5.134498924712528,11.524043683137515,12.223373823889272,12.132606916612929,12.167515849208451,2.2669353416500186,5.694945804867691,10.988597946605623,9.406962516503746,10.175547324360277,12.422533505973085,11.423341916954834,7.254363689443417,1.552006398236988,0.3318802258271993,0.5489747679922597,6868.627265618131,1.6317517841461544,0.2646507663262054,0.45349469293781436,0.48208184010733407
163.78685925447937,114.2858847268903,141.44405225267852,183.2906394404042,98.21675448863314,154.33135042760676,32.364007954789216,14.169976618119462,22.756340714065097,34.45337102819342,98.21635518159395,202.14234590461254,133.9714033380403,66.02986124870462,123.99774074900667,39.29794658445035,8.525125535829384,7.222177665400739,1.302947870428645,2.1803066820739585,0.4709850518287812,0.3664850412251522,0.08186775163202065,18.804212273737804,7.39160142468714,6.162472873845532,5.250137975205134,3.6330439347532004,160.2089181586475,0.29586221682269703,63.640183421257845,48.58771908580726,3.6818181818181817,$E_{lv}^{max}$,[mmHg/ml],5.106803161488593,11.49985303376918,12.234911629996521,12.144158926899669,12.179195183416095,2.2673740934031787,5.698250346410876,10.965058481734651,9.38821173947699,10.156465109615507,12.394765897435866,11.430942664596133,7.238803402270446,1.5549027289310329,0.3318802258271993,0.5489747679922597,6875.17281420432,1.6311770735326918,0.26436052837508267,0.4489835803880805,0.4815531492310955
163.94003458798403,114.3786683137239,141.57682582036108,183.68639266871432,98.30885951073164,154.03124579820235,32.364840865667425,14.154267337668466,22.74937045129946,34.45882103610784,98.3083598506568,202.2271412278923,133.75988648872826,65.89210015754941,124.10922211604269,39.31999470587795,8.531781332704295,7.228069116225145,1.3037122164791495,2.1866328464382705,0.4670537861735767,0.36681909424483605,0.08184440838896459,18.82082148210917,7.398059245453375,6.1678579136106,5.254904323045194,3.6679187279879204,160.3027975711123,0.29586221682269703,63.82397220855236,48.612841606593186,3.717171717171717,$E_{lv}^{max}$,[mmHg/ml],5.079611486927049,11.47607170747492,12.246233735516206,12.15549583239367,12.190658195020552,2.2678040557867973,5.701492450223211,10.941921607914896,9.36978202367149,10.137708617217722,12.36746845858757,11.438395126110628,7.223510291496147,1.5577699673111096,0.3318802258271993,0.5489747679922597,6881.620165751215,1.6306037763932482,0.26407546262995135,0.4445583169416992,0.48103387992811114
164.09138153005674,114.47020038548256,141.70756800179313,184.08043369526234,98.39933505755576,153.73669300542772,32.36571819903624,14.13871053286397,22.74257065008764,34.46421167247445,98.39876361103968,202.31071272605172,133.5523845640887,65.75677269443844,124.21911458985343,39.34168056495763,8.538444625570463,7.233977431886717,1.3044671936837466,2.1929008759960853,0.4631875109497346,0.36714858899279207,0.08182181494369027,18.837172736969865,7.404415554120523,6.173158227431735,5.25959895541761,3.70279352122264,160.39505287124234,0.2962910026441792,64.00510713085376,48.6374459785929,3.7525252525252526,$E_{lv}^{max}$,[mmHg/ml],5.052930851509612,11.452731511214537,12.257385463642512,12.1666625282573,12.20194991810137,2.2682329083904045,5.704688484190434,10.91921578826531,9.351688875212895,10.11930576099685,12.3406769944721,11.445737920647026,7.208502700389219,1.5606120111173645,0.33230901164868143,0.5489747679922597,6887.953454028903,1.630042040196959,0.26379642505751044,0.44021953448236806,0.48052559140792755
164.2402028831812,114.55961011141254,141.83574935193684,184.47179483392443,98.4878997489638,153.44689586881833,32.36652343278154,14.12342224927709,22.735851903643706,34.46942832491427,98.48741624946463,202.39261355518485,133.34822088709285,65.62370834752639,124.32709184225213,39.36301061760867,8.54621386302083,7.241008402338158,1.3052054606826708,2.1990926863049487,0.4598538187105629,0.3674711764383941,0.08179933603423632,18.85319210629117,7.410641259609104,6.178349279475223,5.264201567206841,3.7415151448300987,160.6502676368384,0.2962910026441792,64.18370289690387,48.661566506532026,3.7878787878787876,$E_{lv}^{max}$,[mmHg/ml],5.0267260264513975,11.429771117777326,12.268324155583231,12.177616736264646,12.213028027631104,2.2686519490473827,5.707819555281441,10.896883465006114,9.333887803865698,10.101202590729955,12.314325391863928,11.452935875046018,7.193740943666738,1.5634267294772621,0.33230901164868143,0.5489747679922597,6894.152982427466,1.6311675652168491,0.2635227646046789,0.435964442766119,0.4800270977270023
164.38735651178393,114.64715655768424,141.96207052064682,184.86140995277964,98.57520465118306,153.16242677596145,32.36740875164878,14.108469868110275,22.72931535128733,34.474672532874656,98.57483504274244,202.47352672704758,133.14797309689789,65.4931132352427,124.43357368709047,39.38407668717231,8.55282593767388,7.246888297409164,1.3059376402647151,2.2052322595319707,0.4561044467319171,0.3677904356819012,0.08177771076717007,18.868975147135057,7.416773618018808,6.1834621753078025,5.268739353808448,3.776414878383579,160.7384603931378,0.2962910026441792,64.35991301925117,48.68529562169879,3.823232323232323,$E_{lv}^{max}$,[mmHg/ml],5.001007724989538,11.40723458396137,12.279107261351426,12.188415886216514,12.223949930710475,2.2690716474215975,5.71090958190606,10.874969840344676,9.316426249465916,10.083443096913216,12.288459802546605,11.460033176279726,7.1792553445525,1.5662210211442187,0.33230901164868143,0.5489747679922597,6900.264325582814,1.630617567185631,0.26325426045936734,0.43178983763658535,0.479537996659036
164.5323308055066,114.73337674524305,142.08613902741078,185.24881622606355,98.66111798954856,152.882659274282,32.368233362724226,14.093786949942027,22.722860508824553,34.479814702222605,98.66067607713795,202.5528048376967,132.9510279455704,65.36471085819849,124.53823688192472,39.40475635586956,8.559404103010305,7.2527502317172825,1.3066538712930225,2.2113060800666893,0.45241352632245024,0.3681030514715176,0.08175624580206875,18.884472833776616,7.422793069500504,6.188481462853212,5.273198301422902,3.811314541769826,160.82478796073707,0.2967197884656613,64.53388399827853,48.70862003426398,3.8585858585858586,$E_{lv}^{max}$,[mmHg/ml],4.975745678701332,11.38507128220959,12.28970292571175,12.199027526627047,12.23468343414142,2.269482937192612,5.713942438898214,10.853419059932163,9.299252683565108,10.065978371901402,12.263024387154294,11.467001438265246,7.165011963700609,1.5689875694545365,0.33230901164868143,0.5489747679922597,6906.278259268399,1.6300726287915537,0.262990690969655,0.42769302059089864,0.4790578844479115
164.67508831821158,114.81815775684886,142.20792072285653,185.63348560477118,98.7452544160223,152.6073951650796,32.369030901986925,14.079364481033592,22.7165043056491,34.484856098388796,98.74506720981404,202.63073523916722,132.75729196919067,65.23840483912292,124.64115200554785,39.42506672258923,8.565940218810223,7.25858274472252,1.3073574740877034,2.217311583226408,0.44877896340876233,0.3684102451086135,0.08173506956118465,18.89966773315224,7.428692532640857,6.1933998812370605,5.277575319274318,3.846214016090175,160.90916072560344,0.2967197884656613,64.70541896689008,48.7315347759382,3.8939393939393936,$E_{lv}^{max}$,[mmHg/ml],4.950930565975812,11.363268459944898,12.300108354847012,12.209449264355785,12.245225902594651,2.269887885917425,5.716920145120587,10.832224071961747,9.282354215935607,10.04880030080114,12.2380060458976,11.473838433486687,7.151001340655415,1.5717272102487012,0.33230901164868143,0.5489747679922597,6912.167809121562,1.6295381654259475,0.26273189694330573,0.4236732949879986,0.47858647111265795
164.81616400924037,114.90066056063459,142.32787781722453,186.01692188827687,98.82823100846059,152.3369359699014,32.36981719675504,14.065231156607151,22.71026102345223,34.4898169184428,98.82790088902554,202.7072749602895,132.56697762619498,65.1143473783336,124.74257094429281,39.44506110453175,8.572476126537639,7.264427504404344,1.308048622133295,2.2232644901669447,0.445201975038073,0.3687120008966001,0.08171426826327591,18.914630381354993,7.434499441783721,6.198241821859697,5.281889117711571,3.881113381249025,160.99207845317932,0.29714857428714353,64.87476617488682,48.753998053787654,3.929292929292929,$E_{lv}^{max}$,[mmHg/ml],4.9265591757119465,11.341845001335326,12.31035945165762,12.219716927236384,12.255613231146427,2.2702884716675644,5.719855633712883,10.8113974522641,9.265753687246487,10.031924654224735,12.213419391213897,11.480575962335957,7.137238149937396,1.5744431679760116,0.33230901164868143,0.5489747679922597,6917.976170592241,1.6290090069445535,0.26247827905621596,0.4197272398211422,0.4781244865154108
164.95539031175207,114.98217713899169,142.44590530874993,186.39800850559988,98.91000504284096,152.07102228938504,32.37061883571772,14.051355091471724,22.704141939491034,34.494747890046746,98.90954520852182,202.78270368907147,132.37995700341514,64.99240456371047,124.84226072725578,39.464769178946355,8.578998893365597,7.270268222709722,1.3087306706558746,2.2291616440811626,0.4416790968577492,0.3690095821600452,0.08169394249681437,18.929372491931137,7.440222365141135,6.203014473056547,5.286135653733458,3.916024312599055,161.07343254377116,0.2975773601086257,65.04198074937591,48.776125088153826,3.9646464646464645,$E_{lv}^{max}$,[mmHg/ml],4.90261929707731,11.320782736926446,12.320451747597717,12.2298253669386,12.265840748796924,2.270684789838623,5.722735000164439,10.790929283976919,9.249442446821872,10.015340293538218,12.189252567649687,11.487183362765888,7.123710559644697,1.5771372705515054,0.33230901164868143,0.5489749068002502,6923.700352998868,1.6284847268383549,0.2622290312495117,0.41585153636534344,0.4776703415788843
165.09254484324336,115.06248054516247,142.561827253103,186.77696760782052,98.99005574460531,151.80931490809016,32.37139736319104,14.037560913636431,22.698119165079316,34.499550349719236,98.9897609493284,202.85688709783113,132.1958846693022,64.87240936260694,124.94061337579558,39.48418989369398,8.58548476291753,7.276083699896396,1.3094010630211328,2.2349957909557454,0.4382089650996999,0.36930213914636506,0.08167390273214421,18.94380860550477,7.4458215951372715,6.207682021695124,5.290304988672377,3.9509353456587473,161.15299884843768,0.2975773601086257,65.2068391221822,48.79783100565322,4.0,$E_{lv}^{max}$,[mmHg/ml],4.879089838512754,11.3000558575971,12.330365759314509,12.23975670637046,12.275889843233484,2.271076256835441,5.725576023239474,10.770788245918544,9.233382449347527,9.999019461314878,12.165470790382118,11.49370764722674,7.110397229755733,1.579808743321708,0.33273779747016363,0.5489751133090285,6929.303902122372,1.6279715940782271,0.2619844461658083,0.41204713609576726,0.47722463152593275
