STK_syst_list,DTK_syst_list,MAP_syst_list,Plvmax_list,SV_lv_list,EDV_lv_list,STK_pulm_list,DTK_pulm_list,MAP_pulm_list,Prvmax_list,SV_rv_list,EDV_rv_list,maxVla_list,minVla_list,maxVra_list,minVra_list,Eout_total_list,Eout_lv_list,Eout_rv_list,SW_lv_list,PE_lv_list,SW_rv_list,PE_rv_list,Ein_total_list,Ein_LAD_list,Ein_LCX_list,Ein_RCA_list,Ees_lv_list,Pes_lv_list,LVET_list,EF_lv_list,EF_rv_list,var,var_name,var_unit,Plvmin_list,EDP_lv_list,Pv_syst_max_list,Pv_syst_min_list,Pv_syst_mean_list,Prvmin_list,EDP_rv_list,Pv_pulm_max_list,Pv_pulm_min_list,Pv_pulm_mean_list,Plamax_list,Pramax_list,Plamin_list,Pramin_list,RVET_list,Ees_rv_list,CO_list,Ea_lv_list,Ea_rv_list,VAC_lv_list,VAC_rv_list
93.09191356263965,15.766293588997838,46.226867734191345,96.1752219977229,197.06228687931304,225.30999818781913,33.6248647246901,14.949211628333668,20.431773756001526,34.05255824247312,197.06214633758594,301.51216421079823,247.99516711121717,103.89248352037832,203.09221084519737,56.030920620916056,6.337165486289093,4.47268046178207,1.8644850245070237,1.5114455131677882,0.022164430646061436,0.6267161561724038,0.04990377248898792,31.983137603495745,12.234679856184679,10.278967923158987,9.469489824152072,0.8855337242396987,17.158473311077334,6.0,87.46273510465402,65.35794230836159,10.0,$HR$,[bpm],14.324037648146284,17.158473311077334,9.302607463040296,8.346063835419297,8.828082080596698,4.847664064543151,9.803798629951807,19.608624753434846,14.912820905449845,16.821009513901927,19.599613368897373,9.848736521862255,14.1685378010175,3.927018049493314,2.293146573286643,0.5950290589702012,1970.6228687931302,0.08707131934171507,0.1070977554111313,0.09832637307683877,0.17998743724631222
93.89308718852973,16.198423957624254,47.24720890190947,97.01096969843498,195.72501839175627,225.58559458855808,33.74025921552888,14.942328198187553,20.503102104383313,34.175060512288816,195.72565199456707,299.94163901524985,247.42106138630388,103.99783046861383,202.44972767005507,55.85316059713155,6.386385790142484,4.521499030795378,1.864886759347106,1.5305920532303467,0.022862837336880305,0.6264563375153729,0.0503268979915807,31.88788189473785,12.207039062489036,10.258700487771243,9.422142344477573,0.8608634663330675,17.182248784640237,5.8023255813953485,86.76308376371992,65.25457840303922,10.340681362725451,$HR$,[bpm],14.227314231443286,17.182248784640237,9.308872844748768,8.384347689174367,8.844702938042603,4.812853456803695,9.743552177533896,19.563518523010238,14.900303395088406,16.79465851204765,19.55368491090431,9.791145474978352,14.134945083695978,3.8794347332496186,2.2204997847761088,0.5945606519604643,2023.9300499027302,0.0877876978928103,0.10824260010255089,0.10197633112106687,0.182054765557793
94.6447663826996,16.481960240642312,48.245026476502844,97.79530021094537,194.36671651782547,225.86399988949344,33.846952345430196,14.93597464801468,20.573064394128945,34.288402726754974,194.36718010917426,298.3720330729691,246.8566845906738,104.1050234983223,201.80808642597987,55.61486059838975,6.431523654134927,4.566940447150344,1.864583206984583,1.5483912164849172,0.023535794551808223,0.6258850858911703,0.05077475434646502,31.788274318954457,12.17752191896606,10.236345610201,9.3744067897874,0.8384326221421807,17.204668817224423,5.617260787992496,86.05475711619454,65.14255981278257,10.681362725450901,$HR$,[bpm],14.129613557163717,17.204668817224423,9.31436738792553,8.421143692709425,8.86083338279223,4.7799626931184065,9.683672168825021,19.519212489753023,14.887617183159735,16.769040547115395,19.508534767253906,9.793241683574069,14.10427954538939,3.8330796022482216,2.152487125363808,0.5940657978881281,2076.101400881783,0.08851653783865086,0.10943747325077993,0.10557382370510901,0.18421776449649896
95.36748911982708,16.70710712606142,49.23224930749228,98.54975178864976,193.04166650657973,226.0956470512323,33.94686030268494,14.928396609397565,20.64023677245903,34.39475232938585,193.04199145911153,296.8234356111258,246.27065172177956,104.19271688322769,201.18017701004925,55.293251277201165,6.474902366358367,4.610929403858246,1.8639729625001207,1.5656221422578576,0.024186558497526846,0.625177675815546,0.05123409755848685,31.693376243816648,12.149616832533827,10.21487746917883,9.328881942103987,0.8178065464112741,17.225035707803386,5.443636363636363,85.38053209969023,65.03596694164663,11.022044088176353,$HR$,[bpm],14.029630879634075,17.225035707803386,9.320242524431837,8.457372834133094,8.87747394009701,4.749092749943425,9.626131214386904,19.47319396529958,14.873207792595085,16.74165532392371,19.461652137742366,9.79571524935502,14.072659950261444,3.7877628349098336,2.0859557051252895,0.5935438564637184,2127.713759090558,0.08922962601556425,0.11063740079631433,0.10910847609024978,0.1864013915593064
96.0660794741277,16.877484509205917,50.211965563416015,99.27910894416463,191.75988399704357,226.3346776648543,34.04043735056794,14.919150667861615,20.704214574880233,34.49467187289572,191.76031442957023,295.29599237014065,245.65484095295463,104.26792347355648,200.56553154325536,54.94673837665567,6.517047476483109,4.653903493197195,1.8631439832859136,1.5824628690950333,0.024814973668054033,0.6243748796990762,0.051699910254547204,31.604712213010703,12.123904267876677,10.194826658882022,9.285981286252008,0.7986864358159556,17.242207400568915,5.28042328042328,84.72404051180904,64.93833962677252,11.362725450901804,$HR$,[bpm],13.92736869172142,17.242207400568915,9.326777142563364,8.493243643139465,8.894834361363504,4.720145971134856,9.571222443611322,19.424792677536598,14.856688821941242,16.711831354917358,19.41238727623637,9.799892536810672,14.03902505444467,3.743385909115585,2.026055355720188,0.5929941250149565,2178.9149143551845,0.089915612385512,0.11183021447582858,0.11257936576029647,0.18858570390222332
96.72881152803497,16.983219325202402,51.17929903473727,99.9712345554823,190.49802600459407,226.43711280521123,34.12767323557561,14.90950144549415,20.766132921194806,34.588006156796105,190.4981438048093,293.7812540661869,245.03108066054023,104.30362897119839,199.95177058204106,54.61875301785742,6.556868847021174,4.694881281136355,1.8619875658848188,1.5985126036231365,0.025422876513593182,0.6234263760327611,0.052178325546433646,31.518323214899382,12.09884804761613,10.174934586524092,9.244540580759159,0.7811752758586005,17.25974558307727,5.126712328767123,84.12844681007165,64.84353278779707,11.703406813627254,$HR$,[bpm],13.824047070652751,17.25974558307727,9.333472733742346,8.528271261957642,8.912414495086242,4.692823881387831,9.517939293668176,19.37573164506739,14.839339547297529,16.681125356723783,19.362486452843218,9.805175119074782,14.005745802079147,3.6998711353466773,1.9670777169406621,0.5924167248379535,2229.475895524708,0.0906032778663073,0.11303573878519187,0.11598328911104361,0.19080443553667575
97.33868123774789,17.023962427177267,52.12589536647112,100.60854316466295,189.22120518743338,226.80906883362633,34.20804346787749,14.901157205493435,20.827462144880336,34.67396389946292,189.22156253415358,292.25967325273143,244.4296175267803,104.47522600005306,199.3199193311817,54.31923117917642,6.592793025248424,4.732359134345421,1.860433890903003,1.61317533968836,0.0259950401268517,0.6222401287268452,0.052732997656489256,31.42829274796892,12.072144124981541,10.153291677458206,9.202856945529176,0.7648987995546267,17.270107335425628,4.981697171381032,83.42753054827575,64.74432836668653,12.044088176352705,$HR$,[bpm],13.72133451615145,17.270107335425628,9.339408025235238,8.561613422105674,8.929321506727929,4.666706291457288,9.464854660311977,19.328415097898112,14.822887101872702,16.65171860725355,19.314369402142425,9.809729275533536,13.975939825175715,3.6569663655884908,1.911436583516384,0.5924304087360658,2278.9968801131754,0.09126940777234081,0.11440291162132492,0.11932220030346986,0.19310776410920638
98.04395300412655,17.33018808303074,53.13238358153642,101.34464384660563,188.22402010709993,226.3855841048733,34.27497369174281,14.870573023650877,20.86510801488717,34.74776244253752,188.2243283427499,290.9912051182934,243.4475756359988,104.25954422702588,198.91883084374422,54.096571187806965,6.829372716763437,4.9702838666177005,1.8590888501457368,1.6318632789614587,0.10402447169614304,0.6213259424619828,0.05310041938587771,31.384017106349827,12.063029637721804,10.146177679352883,9.174809789275143,2.9309200282756342,67.62659866090951,1.9800337061734752,83.1431121603154,64.6838547117715,12.384769539078157,$HR$,[bpm],13.600152637703497,17.265691636761208,9.357350367758787,8.604552120886567,8.957430687553188,4.646019099314055,9.421364610979925,19.2505468204309,14.783973865241652,16.593892211489848,19.235806050879905,9.824875334666777,13.910209464893992,3.6201874989758602,1.8612801546404272,0.5918229561642395,2331.1111107452457,0.35928782427678363,0.11534982074985528,0.12258533866861103,0.19490595886558348
98.7390197106871,18.013095659768936,54.13771689769354,102.07011460483483,187.2656480662461,225.8366735438195,34.33315974469515,14.83493105328703,20.896150289457758,34.81280806120364,187.26546346181655,289.78433362224246,242.38010743222924,103.97914746225088,198.56672711752273,53.92019105656861,6.8796024197430565,5.022244838445156,1.8573575812979006,1.6485818944607105,0.1084282024682146,0.6202790448042668,0.053443549219270074,31.34401004196373,12.055386095540017,10.140034653987554,9.148589292436169,2.930862173442462,69.04251897143543,1.9223076104981622,82.92083173546683,64.62235591587651,12.725450901803608,$HR$,[bpm],13.475156909739239,17.223762926885225,9.378016448573916,8.649002333156504,8.988041409903802,4.62742853745545,9.379133307280526,19.165661872844776,14.739672546667999,16.529798931442514,19.15040859457834,9.842816980194995,13.837489580894951,3.585780222857347,1.8138092668381434,0.5911856702998408,2383.0398100614484,0.36868758196917845,0.11625180552058013,0.12579492318334923,0.19664178507848287
99.41416526993676,18.709126567192264,55.12663555967158,102.77486150613994,186.2885931146131,225.26049527874085,34.383203854075596,14.798054161138323,20.924120694615187,34.86952055942255,186.28855672748855,288.597674283664,241.29319736098844,103.6894335171464,198.22404155357148,53.782221294457486,6.927750484095785,5.072736155122714,1.8550143289730714,1.6645748288269617,0.11296019358064545,0.6189855962664357,0.053784456161642145,31.296326375488004,12.044519284425547,10.130957170960038,9.120849920102414,2.9352272655237903,70.5230978958292,1.8675917713457957,82.69918473014839,64.54956963526486,13.066132264529058,$HR$,[bpm],13.349495030189058,17.17939880898874,9.3994635352463,8.693305422121144,9.019257676205608,4.610036221149076,9.33612803686418,19.07889178529935,14.693750519414515,16.46425600271327,19.063455788879075,9.862056849471058,13.764193935279241,3.5531896301926698,1.7688138547801509,0.590520781307812,2434.0713970085717,0.3785690616732514,0.1171676195618469,0.12897436124275571,0.19841404954853345
100.06958898390715,19.41711301243002,56.09888627290495,103.45921071430054,185.29402908763157,224.66017162456737,34.42533858841969,14.76001878151127,20.94901908465409,34.91794663796187,185.29406799182794,287.4351423995904,240.1911040793718,103.39109749967723,197.8903162656294,53.67764040571546,6.973180333806566,5.120952641889356,1.8522276919172103,1.6798510737936125,0.11728414648661341,0.6174513032537262,0.054185969883351164,31.241128093403336,12.030496364202932,10.119033983175294,9.0915977460251,2.935174955205582,71.85954340999078,1.8156567072774052,82.47747152854441,64.46465329358836,13.40681362725451,$HR$,[bpm],13.223281859680279,17.13266141126157,9.421718647660164,8.737491417299458,9.051090966960365,4.593691743611158,9.292486163454562,18.99032871001772,14.646258837866,16.39731017094677,18.975288326349744,9.883374335871958,13.690315491243792,3.522528464617363,1.7238664175136895,0.5905312666650303,2484.2025142209523,0.3878135942308538,0.11823638939423746,0.13212622761824125,0.20022037116165978
100.70661490723926,20.135387462941814,57.0548529993895,104.12454528249768,184.2840772848905,224.04090604156718,34.460024025644806,14.721006239643112,20.971078674434633,34.95868352311865,184.28427778066114,286.30329433669624,239.0834030780921,103.08433515616326,197.56314017518162,53.59875886584529,7.0161284986396595,5.167385685054832,1.8487428135848272,1.694448002646535,0.1215624384326651,0.6156989752173906,0.05452168071140098,31.178906729371324,12.013506202941596,10.104436629320588,9.060963897109133,2.935136313725931,73.157969028098,1.7684789916824302,82.2546563218681,64.36680311611802,13.747494989979959,$HR$,[bpm],13.096785351135756,17.083850059809862,9.4446457911697,8.781456310917019,9.083391521967446,4.578185017062319,9.24865552645574,18.90019074452999,14.597362061469507,16.329131393316,18.886672246247368,9.906865848499763,13.615907080797438,3.4937246511860858,1.6833300031940166,0.5898315862186257,2533.4444292071116,0.3969847536800524,0.11918130775623688,0.13525257815917607,0.20205989394413576
101.32911726152723,20.860747884333964,57.99613405230482,104.77468817644117,183.2678128155649,223.41113631297293,34.488730560919805,14.681479161103827,20.99096439865234,34.993112279267734,183.26828022707014,285.21228297434476,237.97617028337405,102.77122523330327,197.23615920191875,53.53197227463836,7.057629801780756,5.212782496799906,1.8448473049808496,1.7084873262174172,0.12597710337604065,0.6137824016647568,0.054854714181116954,31.111212147195694,11.994153548262165,10.087706124047953,9.029352474885583,2.939318588024798,74.52756649631361,1.7214524758823226,82.03163720488314,64.25679788957595,14.08817635270541,$HR$,[bpm],12.970393483298158,17.033676179628678,9.468053895349733,8.825037577232486,9.115951592272394,4.563517984976292,9.205215468733085,18.809098021188465,14.547524942114338,16.260222377940764,18.798093622669924,9.932038121441076,13.541367354591722,3.466437764000959,1.6447540982440012,0.5891048121044338,2581.909266720283,0.4066593328710474,0.1201333976016565,0.13835156710396598,0.2039253374497301
101.94143884535946,21.595144631521126,58.92495548076986,105.41441135859559,182.25416969153505,222.7801332154789,34.51297033049367,14.642001373643065,21.009534481154358,35.02295438140129,182.25446440193062,284.1893801568857,236.8628756540709,102.45496263044055,196.90214784290447,53.4560495887839,7.097562089257556,5.256676294060645,1.8408857951969106,1.7221245822986555,0.13018285431136256,0.6117669889427527,0.05525975707225162,31.039679549644166,11.973070625973529,10.069384308206299,8.997224615464338,2.9392737327794007,75.76082799880902,1.676646656661664,81.80898676241203,64.13134238208258,14.428857715430862,$HR$,[bpm],12.844552529727448,16.98299004456715,9.49166401553188,8.868038266552965,9.1484799880247,4.549736473483011,9.162805814500619,18.71780540917758,14.497312809642805,16.1911976025391,18.709030052325673,9.957086069214801,13.46712384314767,3.440241928408722,1.6059196264799065,0.5891121219854218,2629.7194825231513,0.4156877624640036,0.12124758327504592,0.14142533164848375,0.20581410354690735
102.55001938204326,22.337752380127284,59.84448873670162,106.05039396549353,181.25598305085228,222.15943842736343,34.535084994305755,14.603418474231999,21.028043455358908,35.05056321814386,181.25565414005519,283.267376325229,235.75665014956414,102.13991854205408,196.54830757304066,53.337604754316004,7.13680790524212,5.300066705465386,1.8367411997767338,1.735578872435963,0.13436694279386852,0.6097402455852693,0.055601705543484266,30.966619853235287,11.951153388775987,10.050244081774082,8.965222382685216,2.9392485173402805,76.96834935260328,1.635940086732647,81.5882432607585,63.98747942366273,14.769539078156313,$HR$,[bpm],12.719886001537354,16.932932420424304,9.51504080140741,8.910116188975069,9.180536763047511,4.535365673547967,9.1218014554309,18.62954744996712,14.447558046588284,16.12296742168609,18.620532011965132,9.980476978044784,13.393860051826683,3.414419138010386,1.5709089280053865,0.5883490307227935,2677.067324819201,0.4246389446411235,0.12221311564399687,0.14447194312966036,0.20772213305740753
103.16032680418975,23.086427113825327,60.757860249355815,106.68831613590989,180.2833391074746,221.55833526968232,34.55717966235491,14.566508503979767,21.04765704316269,35.07812692287989,180.2835330794098,282.37617130800277,234.67023811828275,101.83012278612267,196.16696970010034,53.14114995418258,7.176915000363465,5.3439371598845495,1.8329778404789157,1.7490477990281592,0.13873153425824283,0.6077822780294262,0.056029852246555774,30.89394158748408,11.92913971031199,10.030915930768522,8.933885946403574,2.9432555061457366,78.2617181653303,1.5950826872322104,81.37059654651787,63.84516520792576,15.110220440881765,$HR$,[bpm],12.596916869077402,16.884494146466494,9.537937900702937,8.951102187435655,9.211874889928604,4.497986178838022,9.082416929262754,18.54591177663945,14.399011153082164,16.05634345332971,18.533619049462622,10.001842776549623,13.322176670370071,3.388299048870256,1.5354905569495623,0.5883586792346541,2724.1209957321817,0.43410399736758337,0.12334528741761518,0.14749110176168598,0.20964301500245494
103.7739392706119,23.841589797283273,61.66597746942183,107.32967756358258,179.33873768504662,220.97651381223264,34.57957435268252,14.531405912596394,21.068539761102027,35.10602453920708,179.3389508773774,281.4865889025531,233.60473515912494,101.52531100133628,195.75418980348607,52.8774566124172,7.216753300145843,5.387494490293808,1.8292588098520353,1.7625777668964027,0.14290779826368158,0.6059047579982876,0.05639557120985683,30.822173973147553,11.907244547337983,10.011601200460316,8.903328225349254,2.9432170553858543,79.43042949582313,1.55796964630175,81.15737486809738,63.7113659931636,15.450901803607215,$HR$,[bpm],12.475632109045906,16.837845344491186,9.560230323094242,8.990906234829918,9.242376576927546,4.45992363617538,9.044489031993088,18.464006602510555,14.351771808628788,15.991426477478747,18.448378812729995,10.021115328981319,13.252136546015883,3.3616258131867696,1.50357669106927,0.5875603889337403,2770.945225554528,0.44290726321113216,0.12431454103487806,0.1504840638241909,0.21157747080342598
104.39017938616182,24.603382740373124,62.56880501697099,107.97398396935013,178.42000402423338,220.41031482259444,34.60225156127357,14.498036086485302,21.090562498200974,35.13414554932735,178.42027918695265,280.5930504224878,232.55842310729827,101.22436467629046,195.31069683539593,52.59273394237686,7.2570749975441675,5.431134458601837,1.8259405389423304,1.7761452897953198,0.14708009988022339,0.604101208391914,0.05685023020252934,30.751126183657618,11.88540332497511,9.99225915996979,8.873463698712728,2.943189377401691,80.58122453312106,1.5224579294723504,80.9490264409093,63.58684896803608,15.791583166332664,$HR$,[bpm],12.355973336218973,16.792846881865398,9.58195379292293,9.029576791515229,9.27208613439036,4.4214020761475,9.00780978488914,18.383715699967254,14.30573104806215,15.92808228235943,18.364673848583863,10.03896231596651,13.18360727391372,3.334391081591451,1.471139122860923,0.5875705989890722,2817.53433208609,0.45163783609250646,0.12545839531768,0.15345184362252007,0.21352054635397663
105.0084007835341,25.371141107527354,63.46621276641853,108.6203994312476,177.52446728757315,219.85614341047784,34.62492464488036,14.466298310246888,21.113542351979483,35.162267361550526,177.52411639606046,279.6962476922206,231.52950661678716,100.926768051279,194.84115422533662,52.30727429144478,7.297852252058748,5.475253701233027,1.8225985508257214,1.7897156288590046,0.15144441229263206,0.6023580587017083,0.057234848138015805,30.680491626315245,11.86350654659443,9.972809383207,8.844175696513815,2.947038928534244,81.8214863320565,1.4865855287892396,80.74573879708686,63.47032463281705,16.132264529058116,$HR$,[bpm],12.237822732951773,16.749288546097613,9.60328514150402,9.06729038136441,9.30118663564088,4.382599601036707,8.972224754979347,18.304848483739985,14.260765634640396,15.8661727388929,18.282360529342974,10.056632008234804,13.116481325052941,3.306720473580321,1.4419321461973222,0.5867381297966524,2863.871666663254,0.4609025875825516,0.1264278827092784,0.15639514738673257,0.21547582522563327
105.62596902830086,26.1438153539893,64.35690162740543,109.26638775870722,176.64619412258665,219.30813170842083,34.64691245469606,14.43587869178325,21.13702294993979,35.18970186175386,176.6464901547045,278.7965894765417,230.51303476247983,100.63072631111481,194.3486351727078,52.02868562400569,7.338180070787232,5.518623166416201,1.8195569043710311,1.803186357323721,0.15560354772351487,0.6006483698508815,0.0577080953405945,30.60942221843429,11.841234376625163,9.952993677063068,8.81519416474606,2.9470058082900445,82.93694694976254,1.4540189802930663,80.5470334120784,63.36034830496653,16.472945891783567,$HR$,[bpm],12.120934861223233,16.706694154332062,9.624302262890088,9.104117692367728,9.329764440688704,4.3437312735053455,8.937471837122718,18.22704677213443,14.216558171599148,15.805339656285174,18.20104278099839,10.075491704558907,13.050448012757982,3.2787508341240366,1.412111165071587,0.5867472189377133,2909.8831977708664,0.469508824470948,0.12758119876561394,0.159317237567093,0.21743809710184148
106.24121250684247,26.920330099394565,65.24015056817267,109.90999747898773,175.78125151291468,218.7625720605788,34.66763406234958,14.406600582919364,21.160679853099413,35.215813345400875,175.78129758811724,277.8963246526991,229.5061035759029,100.33558743081153,193.83789170192856,51.76088631386879,7.377886555673285,5.561552207780558,1.8163343478927279,1.816493171213209,0.1597475636569366,0.5989454768805106,0.0581010060027122,30.537386441014053,11.818389931569955,9.932654945915003,8.786341563529096,2.9469743714168324,84.03362574827788,1.422772172737143,80.35252550616295,63.25427218506754,16.81362725450902,$HR$,[bpm],12.00516981633168,16.66471994335019,9.645132593068562,9.140181558545327,9.357950170207813,4.304980351224139,8.903377043758208,18.150044808302596,14.172919058039058,15.7453802562253,18.12048828607223,10.095591602004962,12.985356048108072,3.2506948203252306,1.3852838218871055,0.5858814889869136,2955.520441269247,0.4780579556978744,0.12854993144091276,0.16221992302838928,0.21941285713463474
106.85255030064836,27.69871720362273,66.11518741050104,110.5495355707373,174.92566997450126,218.2168263107334,34.686815103625605,14.378308660470664,21.184286500546275,35.24031008443546,174.92582495079566,276.99847219503414,228.5066252131971,100.04115358971266,193.3131041054679,51.5060413007299,7.417178539448371,5.603865724196477,1.8133128152518945,1.8295704737576362,0.16387087754174465,0.5972350960263914,0.058583121555679525,30.463885814267634,11.794785964198676,9.911641539054417,8.757458311014545,2.9469627995111085,85.11106355529124,1.392766476696292,80.16140319326843,63.150465619763665,17.15430861723447,$HR$,[bpm],11.890443008083455,16.623068250676504,9.66588371119146,9.175590872136562,9.385854226217598,4.2664943855486355,8.869794504411601,18.07366621100507,14.12969956639545,15.686136108185034,18.04053001705577,10.117037832731713,12.921109834479784,3.2227733786495376,1.357772344115983,0.5858878789693827,3000.7289278191,0.48655559568642953,0.12971415815578116,0.1651040847095686,0.22139757931834558
107.45826486274771,28.479661346362363,66.98105777658223,111.18351484279943,174.07706925260075,217.6682601309818,34.704035891334826,14.350820199720912,21.20756947454931,35.262688131769714,174.07732495526255,276.104078891109,227.5120860789991,99.74720780188993,192.7758264313924,51.26568931231566,7.4559067435999085,5.645901478211562,1.8100052653883463,1.8423510346193377,0.1681780215642239,0.5954977697910314,0.05897591532618247,30.38853379414117,11.770284644884793,9.889852748517207,8.728396400739163,2.950640954717919,86.2761195659063,1.3622137529245724,79.97356580506958,63.04771941595105,17.494989979959918,$HR$,[bpm],11.776660914124557,16.58143375994925,9.6865756161112,9.210370903246819,9.413498968863328,4.228350130327348,8.836483562082392,17.99771753228728,14.086736827561445,15.627429279112242,17.960966886319927,10.139862392605703,12.857580193141423,3.1951486599937975,1.3330479672826103,0.5849896953781852,3045.4765823150387,0.49562024416158024,0.13068238435488982,0.167970367038087,0.223392626207554
108.05761128410587,29.2624818319341,67.83740497977182,111.81089446213137,173.2329533165794,217.11617760583073,34.71912393840421,14.324077814012428,21.23043214891393,35.28285217010276,173.23320488323276,275.21551763357587,226.52225789376297,99.45414307914609,192.2300007692795,51.04146910789054,7.493384191495221,5.686549358553727,1.8068348329414947,1.8548014955205745,0.17225108925736302,0.5937253338177754,0.05945955762185667,30.311094161322178,11.744798551171375,9.867216180842568,8.699079429308235,2.9506136389119364,87.31421669423348,1.3328282118587382,79.7881370365131,62.94456300021455,17.835671342685373,$HR$,[bpm],11.663734177570312,16.53966582479337,9.707279663496255,9.244611252158286,9.440955447519533,4.190704616929633,8.803338773030074,17.922180874752737,14.04313620956404,15.569214021499782,17.881780631501037,10.162792993324125,12.79474554256685,3.167982758753231,1.3075852533008077,0.584991904683109,3089.7260210772683,0.5040277558200412,0.13185676786392556,0.1708213332891343,0.22539930349181936
108.6493942113484,30.046383597075863,68.68359598615528,112.43045326733755,172.39119412155728,216.55937862493084,34.731861059880075,14.297995766525913,21.252719959096314,35.30059340958284,172.39138340365676,274.33478550567736,225.53625480208763,99.16166090682891,191.67758191976327,50.83423773044023,7.529746053878553,5.726195319468891,1.8035507344096613,1.8668767821239867,0.17629204692840814,0.5919076067659448,0.05994228527050289,30.23131042880296,11.71823526193546,9.843660146245613,8.669415020621887,2.9505876676906757,88.3320729929667,1.3061955454022491,79.6045847638534,62.839782817148105,18.17635270541082,$HR$,[bpm],11.551703245197228,16.497579581780883,9.728005729082732,9.278343392110862,9.468235320190932,4.153590691455957,8.770200882501909,17.846925104623136,13.998901848652329,15.51139214401905,17.80290038416701,10.185202584327758,12.732533771272006,3.141406037054322,1.2830770401738907,0.5850003021919354,3133.4431476603695,0.5123931848321764,0.1330383774438707,0.1736580107220502,0.22741591234293335
109.23301242616387,30.83072075444326,69.51931657105648,113.04167516887787,171.55102742121153,215.9977609701068,34.742166805274245,14.272530626261748,21.27436771598321,35.315750738064146,171.55117399694552,273.4624331210785,224.5532581896163,98.87099936799693,191.12049296524114,50.64459122336834,7.564671560852068,5.764772155305663,1.7998994055464048,1.8785528009853332,0.18029766865111546,0.5900396327203616,0.060325979290372145,30.149123221467562,11.690578497193826,9.8191790267653,8.639365697508442,2.9505726453907344,89.32972817180689,1.280542868837016,79.42259523928745,62.73299481724034,18.517034068136272,$HR$,[bpm],11.440620151407764,16.45507971407559,9.748788732450377,9.31162379752818,9.495376007430673,4.117074000072794,8.736949330988804,17.771925276639863,13.949923955080367,15.453930308525472,17.724260655169303,10.206616795240459,12.670926750515365,3.11554106668438,1.2610915847534157,0.5840619716712349,3176.6162191823537,0.5207181181869254,0.13400955405561693,0.1764803584824018,0.2294440668207896
109.80756376420187,31.61478338531172,70.34404836270609,113.64356731323493,170.71083166924785,215.4302766536695,34.74986057957583,14.247597938902793,21.29522785697193,35.32816031117033,170.71107483769308,272.5986029642,223.57211624239397,98.58233388847681,190.56040716590286,50.47270292974208,7.598516336628801,5.802184724665051,1.7963316119637505,1.889794905811006,0.18426392535364883,0.5881126318925223,0.0608026575236365,30.064359598001165,11.661766541625632,9.793725168876371,8.608867887499168,2.9505726453907353,90.3069378212003,1.2558170690020887,79.24180125511624,62.623605910450074,18.857715430861724,$HR$,[bpm],11.33047683495193,16.412025775397307,9.769628231035675,9.344476629591819,9.522381358350378,4.0812137534636435,8.703483260061759,17.697091489949432,13.900363020217661,15.396736965358235,17.645769299391517,10.22613106364051,12.609859966549527,3.0904512673319897,1.2383088462403358,0.5840664808974315,3219.2162845844136,0.5290053181638171,0.13520057124849666,0.17928903360173415,0.2314814762880381
110.37287123063133,32.39807229627507,71.15771254663332,114.23591184040724,169.86986920385974,214.8573994359278,34.75496389087053,14.22322241017479,21.315293981787022,35.33789613472884,169.87008673002822,271.744981836705,222.59304549698356,98.2955826551738,190.0001061197212,50.31879760583635,7.6315669463155995,5.838958833642318,1.7926081126732818,1.9005938777829356,0.18841377816922572,0.5861260394110377,0.0612756324073695,29.977018862789237,11.631804029719198,9.767304881565417,8.57790995150462,2.9540774932832026,91.37240837300162,1.2304053905867338,79.06167981639204,62.51084586066259,19.198396793587175,$HR$,[bpm],11.221330437590485,16.368401807557678,9.79058615214469,9.37698411541289,9.549317526722433,4.046059432741787,8.669791435534488,17.622445556054434,13.851225142730513,15.339818075192241,17.567443639758686,10.244036370162478,12.549339724320168,3.066252834819883,1.2163346809103925,0.584074017640399,3261.229152250454,0.5378965016058627,0.13639823079557659,0.18208611752024048,0.23352901631647968
110.9279851396192,33.17988403140852,71.9597355281325,114.81775078234371,169.02671442289738,214.27795561070548,34.757238541953235,14.199275121005245,21.33438175819114,35.34460693371462,169.02683231478798,270.89973669089034,221.61442906742917,98.01076520288319,189.44049420580643,50.182539561446816,7.662353112542192,5.873907305889558,1.7884458066526339,1.9109151082155449,0.19229924377208027,0.5840700412703211,0.06163963623074949,29.88693022052077,11.600629100568453,9.73987022564515,8.546430894307173,2.954055867172291,92.30940282562837,1.2074160157001577,78.8819894893811,62.39460930434782,19.539078156312627,$HR$,[bpm],11.11308000005807,16.32407162789021,9.81164427966138,9.409151366615443,9.57617374541961,4.0116223738485175,8.635825324966737,17.547861615220757,13.802402223703966,15.283050676523972,17.489154325394335,10.260464533115002,12.489271388174636,3.0430007854977346,1.1966629468580445,0.5830975350708262,3302.626183613727,0.5461231565720097,0.1373702804060977,0.1848723183068216,0.23558713961878086
111.47260901264303,33.959716232287384,72.74995125716887,115.3887871750987,168.18120102094522,213.6923607612399,34.75668609746414,14.17576450047533,21.352457743389163,35.34839838923682,168.18126269041218,270.06142017106515,220.636137184326,97.72870577232278,188.88274439792838,50.06354069885071,7.691891887685255,5.907542224611305,1.7843496630739502,1.920748434730925,0.1961386484444025,0.5819446937873319,0.062099884698013634,29.794133624219395,11.568263896257974,9.711445188402012,8.514424539559412,2.954035287933691,93.22603844113628,1.1852145830980008,78.70248633214145,62.27519006005413,19.879759519038075,$HR$,[bpm],11.005777471747594,16.279025423283386,9.832828743946417,9.441020251969542,9.602983396470488,3.977918294222767,8.601597042257628,17.47332859692551,13.753864801091469,15.226411107375533,17.41089097474608,10.275573567193417,12.429628968156964,3.0207361346640997,1.1761556181316466,0.5831017982957232,3343.401831919392,0.5543190194576262,0.13857592286420017,0.18764806964962327,0.23765305349636506
112.00675210671538,34.736214918506974,73.52837446190586,115.94898553680433,167.33320564644123,213.101079822668,34.75334676408802,14.152673139337702,21.369512857362835,35.34923065504574,167.33344659490902,269.2263183066022,219.65982557745883,97.44852757190866,188.32824083311087,49.961033128434195,7.719929814356489,5.939860492627041,1.7800693217294485,1.9300940999585978,0.19993049054019926,0.5797511464719671,0.06255345585707701,29.698717896518605,11.534746846446144,9.682064241652661,8.481906808419795,2.954022730527086,94.12266886614316,1.1637612661633094,78.52292714128315,62.15345054206223,20.22044088176353,$HR$,[bpm],10.89953146108699,16.233283290069807,9.854162170638494,9.472628470905391,9.629774944363712,3.944963173320493,8.567151894767271,17.398851905660585,13.705593814423427,15.169889860887812,17.332786046196706,10.290218681895853,12.370398885964248,2.9994792738045155,1.156339319312778,0.5831085804470182,3383.551192329844,0.5624864981372268,0.13978655908644222,0.19041373389732258,0.2397264656597578
112.53024176495126,35.50995353777666,74.2949106835014,116.49821844234374,166.4826412819515,212.5040406084342,34.74717740295879,14.129965345209019,21.385472883834616,35.3471111435701,166.4826937239203,268.39328949330854,218.6834719340883,97.17096522531226,187.7774575362464,49.87710630555851,7.746175910001419,5.970848363515681,1.7753275464857385,1.9389483619499122,0.2036729240320719,0.5774874637413143,0.06288958767565254,29.600731645904048,11.500100746619266,9.651749145353461,8.448881753931325,2.954022730527085,94.99951029781374,1.1430188778599826,78.34328269960616,62.02938010790727,20.561122244488978,$HR$,[bpm],10.794365491699134,16.18684042669128,9.875638312071416,9.503984043666899,9.656549149915675,3.9127596067225867,8.532534723924373,17.32439938255656,13.657531249173081,15.113442950372631,17.254677754727062,10.304942681404924,12.311540201983505,2.979221179868417,1.1386394951861896,0.5820955980121303,3423.069938983612,0.570627121039752,0.14075545596318992,0.19316950920615808,0.24180814361742814
113.04324191280053,36.28058621860708,75.04967610359218,117.0366426964614,165.62999992695242,211.902556203073,34.73829982241181,14.107651897367903,21.40036947317125,35.34212931947984,165.6299402222083,267.5622407575314,217.70715585489316,96.89623533490152,187.23115693531165,49.81115457870702,7.771779404553238,6.001105093457431,1.770674311095806,1.94731875100601,0.2076020186921326,0.5751589466085572,0.06332654570681118,29.500321261803062,11.46438746147058,9.620554059854305,8.415379740478182,2.9573791641192027,95.96593334221055,1.1215166547799307,78.16328547175424,61.90333125977384,20.90180360721443,$HR$,[bpm],10.690323891578382,16.139758437571164,9.89727066147781,9.535112382316274,9.68332741402301,3.8813081985006685,8.49781214392927,17.249974797591776,13.609672786582754,15.05706982118045,17.176572468391452,10.32023388284859,12.253031867999926,2.959934335614646,1.1186446531031575,0.5820974080247503,3461.9657299360997,0.5793994649793773,0.14197101529103684,0.19591653042295645,0.24389563212932286
113.5460902067838,37.04783301970319,75.79289189093984,117.564597494551,164.77563082433875,211.29733438830203,34.72683927925425,14.085728564919368,21.414223072302825,35.33443605817717,164.77569523976038,266.7327238131636,216.73105095572262,96.62328441972298,186.6898460523383,49.76235041306063,7.795365016674374,6.0295147419015445,1.7658502747728297,1.9552196294339816,0.21124977784306873,0.5727695182967223,0.06375498364345242,29.39766799195918,11.427681073827095,9.588543148615635,8.381443769516453,2.9573619029513205,96.80508451132201,1.102117096283991,77.98282515080376,61.775583019644664,21.24248496993988,$HR$,[bpm],10.58731661852792,16.092111918390078,9.91906518963472,9.566030915543486,9.71012177532087,3.8505474493699112,8.463072647564513,17.17559831114208,13.562012052917675,15.000778647851684,17.09848407645781,10.337190177437735,12.19486620585391,2.9415784949459307,1.1007041256477295,0.5821035500399568,3500.2438611983785,0.5874963671935346,0.1431897205625109,0.19865555399467288,0.24598668149796035
114.03904286010702,37.81138657459698,76.52470484880125,118.08228071099614,163.920285663495,210.68918626887216,34.712855060257276,14.064169673927582,21.427025454468136,35.324038299932695,163.92027128381332,265.9041651150007,215.75651123553186,96.3531820319791,186.15323358781015,49.72970832891172,7.817254648576346,6.056677192050758,1.7605774565255874,1.962662291978838,0.2148487617003322,0.5703223842512498,0.0640586956372003,29.292941861429767,11.390052477040236,9.55577838789466,8.347110996494882,2.957345460405973,97.62594665138684,1.083329965818564,77.80194539946974,61.64637218560287,21.58316633266533,$HR$,[bpm],10.485503921777276,16.043951091812563,9.940992485315473,9.595270085170872,9.73690832242101,3.8205084157468954,8.428397773658654,17.10125802769846,13.514510673239972,14.944548515548371,17.02052089884255,10.355873614030058,12.137008305370871,2.924136084114007,1.08472063329715,0.5810553689380463,3537.9187907732285,0.5955696468940946,0.14414943408517408,0.2013865660497902,0.24808209645945753
114.52283581871463,38.57114112476981,77.24564590156407,118.59052546109284,163.0652013030618,210.08021693706561,34.69661928054007,14.04303274657548,21.438891312472798,35.311317743492545,163.06492626768883,265.07716516070934,214.78375921376468,96.0854851582497,185.62138853640772,49.712188411981714,7.838127355181483,6.08267762187028,1.7554497333112031,1.969679140134723,0.21840119395888694,0.5678276513380123,0.0644689882193874,29.186445029473756,11.351623007971703,9.522362231768568,8.312459789733483,2.9573298087084368,98.42947882065083,1.065126713265225,77.62044598036175,61.51602163423878,21.923847695390783,$HR$,[bpm],10.384961542078315,15.995418852165399,9.963040111101577,9.624408179363353,9.76367681633303,3.7911853901498485,8.393922927860054,17.027035920643755,13.467206610660009,14.888441509655088,16.942700737101173,10.376212765744135,12.079487709041482,2.9075583267172043,1.0678648282093515,0.5810553689380461,3575.0166377865658,0.6036203802779266,0.14536887484108368,0.20410993001201563,0.25018076178654736
114.99825454358914,39.326998259447535,77.95621188935876,119.09010449525078,162.21164859258994,209.47247585658357,34.67830288194173,14.022356384887106,21.44992882325804,35.2964248484069,162.2115774596085,264.2530233995275,213.81286060837854,95.82009946188539,185.0936428801719,49.70703286860923,7.857804719168904,6.107596420722412,1.7502082984464922,1.9763008875794454,0.22190903954348634,0.5652950701045644,0.06487090487368458,29.07847007297864,11.312509607021823,9.488394278531002,8.277566187425817,2.9573168220236985,99.2165735817401,1.0474805359475419,77.43816839385093,61.38494665938363,22.26452905811623,$HR$,[bpm],10.285744371643393,15.946648590760468,9.9851715953572,9.653482586351368,9.79039612743501,3.7625193044872693,8.359757148629981,16.952995044264473,13.420114852442708,14.832503486953307,16.865028848670285,10.398680060528765,12.022315144748667,2.891778734819489,1.0515248623411617,0.5810584590057379,3611.5659636546575,0.6116488824482144,0.1465888187651771,0.20682561905209118,0.2522789514432136
115.46620071430009,40.07895420485445,78.65706343197398,119.58203051636431,161.3610111627633,208.8684690274556,34.65821913159727,14.00217922487831,21.460238172070117,35.27968296318177,161.36076465927744,263.43382521067196,212.8447259497384,95.55782370561418,184.5695086926811,49.71161779183919,7.876411066676678,6.131535695153669,1.744875371523008,1.9825666806795974,0.22537465881376406,0.5627333091853093,0.06526480931997856,28.9693566297828,11.27284876060183,9.453989958781362,8.242517910399615,2.9573168220236976,99.9883194336077,1.0303662469532637,77.25484459866104,61.2528647489497,22.605210420841683,$HR$,[bpm],10.187868794406894,15.897779323123794,10.007353664605695,9.682455090611661,9.81703557960931,3.734469084458347,8.32602404211628,16.87920626154117,13.37326816628154,14.776788705834988,16.787578075979074,10.42253623674821,11.965496083705169,2.8766934123723242,1.0356774131746724,0.5810638608227622,3647.599611054048,0.6196560043414109,0.14780915261615712,0.20953318214900596,0.25437677780694457
115.92791780479119,40.82713215406059,79.34904451588275,120.06764690071063,160.51540622646692,208.27212960330618,34.63672347996674,13.982528919447905,21.46994777210656,35.26144207189597,160.51504685145005,262.61992427740887,211.88218098590346,95.29780246814698,184.04820359650927,49.7234371281924,7.893811534443766,6.154628588096737,1.739182946347029,1.9885253721863776,0.2288033221618897,0.5601562225391616,0.06552790199215099,28.859518612501155,11.232806295981371,9.419289574648866,8.207422741870916,2.9573168220236985,100.74601828889305,1.0150682328063594,77.07003646248732,61.12066603213848,22.945891783567134,$HR$,[bpm],10.091340661097197,15.848989610280125,10.029560618092667,9.71129187761231,9.843571049468144,3.707063048258249,8.292838781496961,16.805717312622903,13.326652292568337,14.721325571139001,16.710574478872278,10.44801213111325,11.909030450985272,2.8622081671315702,1.0216086209043385,0.579976053128762,3683.169140867828,0.6276408019474042,0.14874768448272147,0.21223319641414282,0.2564721141162316
116.38525705968817,41.571869383514866,80.03339776832057,120.54871414256768,159.67683776019274,207.75528140677918,34.61417155622009,13.963447646241832,21.479217216954964,35.24207911626466,159.6765735016349,261.8149060190712,210.92364679853995,95.039308553122,183.52978549947363,49.740050398765234,7.911452206350573,6.177677427635659,1.7337747787149131,1.9942450318932794,0.23245310942202943,0.5575791019797292,0.0659065804247071,28.749433228750952,11.192568962014892,9.3844469852554,8.17241728148066,2.9605170983044173,101.60130069645871,0.9976399559504365,76.85813649548088,60.98834322672357,23.286573146292586,$HR$,[bpm],9.99628947091756,15.800508919757055,10.051793282704018,9.73998715621618,9.870006896710159,3.680240338127786,8.260352453111281,16.732586730312406,13.280253758852822,14.666152852621476,16.633891743883197,10.474519352184227,11.852898869288595,2.8482564641286956,1.0066625395313837,0.5799760531287619,3718.326362271422,0.6362932916359882,0.1499602020711478,0.21492640322881895,0.2585627479999675
116.83965067740102,42.31348219964991,80.71119618720704,121.02675986110789,158.84846747230338,207.26488923335455,34.590714409549804,13.944853110010724,21.488043365078145,35.22182514933681,158.8481222872258,261.0203680845873,209.96779058455945,94.78086122516552,183.01243180370037,49.75732235195599,7.927992341021847,6.1996190366467285,1.7283733043751188,1.9997873790720648,0.23583011549977617,0.5550118765911238,0.06627808453697327,28.639634714115115,11.152352893934209,9.349649778209386,8.13763204197152,2.9605045883949583,102.33643932026429,0.9819846309923408,76.64031667875003,60.85660036911329,23.627254509018037,$HR$,[bpm],9.902687621763286,15.752503789275506,10.074014436824038,9.768497505631228,9.896306244625396,3.6539548975373783,8.228613749401477,16.659715871470983,13.233919223654578,14.611168973949006,16.557423246764756,10.50163720832013,11.796945864657186,2.834722646830326,0.992147473227708,0.5799778363302647,3753.153169335585,0.6442393870630672,0.1511667891544321,0.2176113455754995,0.26064235507846395
117.29341725497109,43.05257238408565,81.38411136570123,121.50441124085795,158.03252025453872,206.77394206517081,34.56691929400329,13.926824324146885,21.496668825733526,35.20129742173874,158.03243325429582,260.2389964162784,209.01764977745484,94.52145072884728,182.49668800823667,49.771846209649276,7.944335123860819,6.221302735432958,1.7230323884278618,2.00523946355208,0.23919254272148038,0.5524753138754185,0.06664354320907817,28.53069214406011,11.112381032715303,9.315079776024238,8.103231335320576,2.96049268383544,103.06319814343138,0.9667743570782048,76.42767685143333,60.725884832996776,23.967935871743485,$HR$,[bpm],9.810587882837698,15.705268301811644,10.09625676256772,9.796845748861111,9.922504221952384,3.628260491586486,8.197769128961474,16.587209920375283,13.187648194401847,14.55644458386988,16.481411982196388,10.529176620226856,11.741164494988045,2.8215035325765214,0.9780450425881839,0.5799826869228153,3787.713311110788,0.6521644910644357,0.15236602171219704,0.2202891750502588,0.26270787929997996
117.74731300347902,43.789278611333,82.05266431899703,121.98218743216663,157.23065818577726,206.28332016836023,34.543073432313264,13.909415968207586,21.505214034952296,35.18069268364626,157.23053710840077,259.4716130948291,208.0732087787475,94.26061161757794,181.97957196967582,49.78020630459869,7.960577200642927,6.242806100850766,1.7177710997921616,2.010629683796366,0.24254352793158795,0.5499761118957656,0.06700400997096684,28.42285309378521,11.07275400326062,9.280824616183901,8.069274474340688,2.9604813984663627,103.78242505027326,0.9519904222515215,76.22073275602305,60.59643104424596,24.30861723446894,$HR$,[bpm],9.720049802662663,15.65889344034708,10.118415764500341,9.82492805433478,9.948500359828692,3.602999495736903,8.167800481441004,16.51514885102077,13.141513630531861,14.502052990837656,16.4058567022998,10.556236373819178,11.685615009839253,2.808407587385116,0.9643378985453155,0.5799873947032262,3822.05988736168,0.6600648133625965,0.15355733903763635,0.22295860859133723,0.2647597869195245
118.20250244851631,44.52387768498796,82.71780374865762,122.46148503897236,156.4437419401162,205.79546113347078,34.519536097628055,13.892791865830455,21.513970345147385,35.16048576912961,156.4437428465766,258.71984887108766,207.13637537838767,93.99948842069873,181.45987738451768,49.778768198329985,7.9765626616230785,6.26426037335478,1.7123022882682983,2.0160057299199194,0.24588873079340587,0.5475276827332938,0.06722934501804698,28.31642998115424,11.033595502205916,9.246985785771171,8.03584869317715,2.9604706717855707,104.49547757484613,0.9376151490379336,76.01904389847208,60.468396038886,24.649298597194388,$HR$,[bpm],9.631112682342524,15.613571097581337,10.140443084667528,9.852692481576211,9.9742495218039,3.578243544856513,8.13872938014617,16.44374915416532,13.09569439077577,14.448182850007164,16.330910030271014,10.582916247102418,11.63045694032621,2.7953421925408413,0.9522273331787846,0.5788568535847743,3856.2285087443474,0.6679428418098379,0.1544381651478915,0.2256204893956867,0.26679854301020867
118.65932293658223,45.25643425414714,83.37983674765549,122.94265402743862,155.6728735148225,205.31236622745712,34.49663245891841,13.877084455687891,21.523134560306538,35.14095818800011,155.67267907337398,257.9837053393764,206.21092715032748,93.73935202039922,180.93444863750423,49.76502081001179,7.992998793782197,6.285709517198441,1.707289276583756,2.0213835479013267,0.24923007697608843,0.545136053816478,0.06758316430700008,28.211564830584734,10.994964993248914,9.213616027300178,8.002983810035644,2.9604604968850077,105.20288797997034,0.9236318239312118,75.8224535498066,60.34205876242738,24.98997995991984,$HR$,[bpm],9.54390800081449,15.56942095945964,10.16222748995664,9.880031476621403,9.99964628157044,3.5538895732671647,8.110486827031673,16.373190752867476,13.050360788277116,14.394994051566943,16.256874172026198,10.608087190420942,11.575851244842086,2.782165958325811,0.9392458859742621,0.5788568535847747,3890.2619894385502,0.6757946044463127,0.1556109851908338,0.22827347473725212,0.2688246398520775
119.11848989539115,45.987081486317706,84.03931069709395,123.42631219192867,154.9174672251615,204.83574448193102,34.47464267253065,13.862407123230593,21.532898391336065,35.12242033966822,154.91761674278797,257.2634432567181,205.29816301127406,93.48095402380847,180.40213665138268,49.73501090162708,8.009651774391214,6.307220077076398,1.702431697314816,2.0267874253444123,0.2525703295646925,0.5428088605851362,0.06793573181926045,28.10836239942516,10.956902813529844,9.180744061327852,7.970715524567469,2.9604586366550443,105.9054878774594,0.9100246325694492,75.6300945506252,60.21750108825168,25.33066132264529,$HR$,[bpm],9.45853037598662,15.526535296325083,10.183703161106841,9.906878239417091,10.024627902736883,3.529916823244388,8.083043684738303,16.303614343696,13.005631048344442,14.342608437570192,16.183853040901926,10.632057487395194,11.521905607045918,2.768753908724666,0.9266136232673298,0.5788599296179635,3924.1618952425674,0.6836252217029428,0.156777186581019,0.2309186871380698,0.27083786346118127
119.58138981329333,46.716364460176614,84.69738045659807,123.9140809343954,154.18026792761432,204.36654943794784,34.45384553703255,13.848802002209997,21.543409392387154,35.10522350769735,154.18035045585057,256.5611666582033,204.3978412920818,93.22450930970172,179.8618750903433,49.67859262906556,8.026706925232899,6.3289509828019135,1.6977559424309852,2.032274330357391,0.25591712606615086,0.5405556649225219,0.06828821411446397,28.00725463468072,10.919584082792902,9.148521510356968,7.939149041530851,2.960458636655044,106.60485278777647,0.8967786000728701,75.44300588899866,60.09496778647455,25.671342685370742,$HR$,[bpm],9.375001468672306,15.484972258204337,10.204886354560108,9.933252819936776,10.049214851327237,3.506349093926642,8.056361635292973,16.235091807123467,12.961541593860563,14.291085794565108,16.111827303366546,10.654002191501696,11.468645182856875,2.7550145502149874,0.914316643099067,0.5788642537914698,3958.0144932920634,0.6914299360137711,0.1579355931950707,0.23355500646176985,0.2728370117184079
120.04818441578837,47.44430925772804,85.35422783727816,124.40598057378618,153.4609676817208,203.90544978197042,34.434444779052484,13.836310778648958,21.554750904880347,35.089489963804404,153.46086489432102,255.87581828638363,203.5121374992092,92.97024942723256,179.31250945665042,49.425530154026156,8.044188016528254,6.350918126750937,1.6932698897773173,2.0378492914097057,0.2592718983264476,0.5383789853576528,0.0686412950396307,27.90821722543984,10.883000260204597,9.116937924338846,7.908279040896403,2.9604586366550434,107.30130984917265,0.8838795360700379,75.26084655697615,59.974743186776315,26.012024048096194,$HR$,[bpm],9.29333798260782,15.444737130427391,10.225720278687623,9.959101863865817,10.073353558326628,3.4830827121741987,8.03036592619584,16.167670709564543,12.918133205397837,14.240465898333714,16.040970999936736,10.674087857423908,11.416106564181705,2.7408420827762345,0.9023417718104042,0.5788684637142989,3991.8303817810342,0.6992091309610166,0.15908632113568535,0.23618270571448938,0.27482291938121983
120.51910159429669,48.17106218904907,86.01016391716071,124.90241084771681,152.75882165699377,203.45331900812786,34.416458442971816,13.82496195225071,21.56699837553215,35.075320066712294,152.7589133755947,255.20808706208695,202.64126705852962,92.71819845812777,178.75366623855678,49.17645924695514,8.061783123227746,6.373150481933947,1.6886326412938,2.0435219662568964,0.2626367662365779,0.5362798240758584,0.06885539596227178,27.81128867999567,10.84716887053288,9.086008026499316,7.878111782963477,2.960458636655044,107.99535116653017,0.8713139839881919,75.08298336037032,59.8566115729834,26.352705410821642,$HR$,[bpm],9.213566790850273,15.40583901977132,10.246195083975541,9.984423016589451,10.097039568926881,3.4602185724211854,8.004995724991918,16.101409532476264,12.875467401444766,14.190801219236048,15.97130136468237,10.692005502231346,11.364345182894896,2.7262029026008827,0.8918154894937964,0.5776969719645186,4025.608226030998,0.7069663800433342,0.15990434921246252,0.2388029919722573,0.27679623915751395
120.9937312107616,48.89649487299873,86.6650078665271,125.40284423879565,152.07338506197016,203.00965415311,34.399855378873745,13.814723157817411,21.58010787272297,35.062634982603306,152.07340532109953,254.55678576105208,201.7837098473481,92.46876741053701,178.1848273386828,48.93142606313865,8.080806305154407,6.396287434888739,1.6845188702656688,2.049279383350692,0.26628461457155983,0.5342535604062193,0.06920939498632904,27.716337199182874,10.812041186396918,9.055690335969581,7.84860567681638,2.963505596541021,108.7987019909215,0.8579447381348331,74.90943506916983,59.74046414297835,26.693386773547093,$HR$,[bpm],9.13565310330937,15.368203331021759,10.266279462294133,10.009191516717344,10.120244142942232,3.43760737136436,7.980167502433988,16.03627672273157,12.833530514925926,14.142064477460519,15.902696787787848,10.707728105735539,11.313350583154552,2.7110829636701004,0.8793090238813099,0.5776969719645185,4059.353685421728,0.7154355244120189,0.16103753045286873,0.24141527697706028,0.2787577887161913
121.47206318105614,49.620690901673996,87.31890019086192,125.90726501229967,151.4043083913156,202.57501655435885,34.38466443317709,13.805603223269754,21.594119928112292,35.051490876928526,151.4043750974621,253.9228997150152,200.9417884360576,92.22221876048309,177.60689024749334,48.69051312562655,8.099580285197446,6.418992676014732,1.680587609182714,2.0551222229908737,0.2696715477468218,0.5323005879772336,0.06956429380435761,27.623351811951075,10.777616990413472,9.025985454785536,7.819749366752058,2.963498002192601,109.4882928527115,0.8460227148414832,74.73987215530492,59.626120868731206,27.034068136272545,$HR$,[bpm],9.059593375085266,15.331811264185434,10.286019424799372,10.033463732638596,10.14301838381953,3.4153933588948666,7.955843473505633,15.972300011044265,12.792353883617027,14.094279930620155,15.835343074884609,10.72149337459999,11.263151085574636,2.695512505005885,0.868228035440997,0.5776992412361298,4093.0743891760467,0.723151765072173,0.16216363278768442,0.24401965668177783,0.28070598195818186
121.95324243385738,50.34337468088944,87.97136767899633,126.41487813684613,150.74975995722662,202.14823677779202,34.37067295661264,13.797500263967386,21.60889994087883,35.04167731171508,150.7498545905428,253.30718899683998,200.1131073596941,91.97816039351287,177.0207596352977,48.45362114124284,8.118667860508276,6.441852650232423,1.6768152102758533,2.0610206810085514,0.2730657621753607,0.5304118566218977,0.0699195296690996,27.53206855147882,10.74379464864662,8.996806532623076,7.791467370209119,2.963490820732494,110.1750406414305,0.835493881640674,74.57386834540422,59.51266333480311,27.374749498997996,$HR$,[bpm],8.985345378484114,15.296524484943077,10.305423209913219,10.057250717283821,10.165372855634345,3.3934624936658513,7.9319845740244155,15.909384039194771,12.751876014525878,14.047363843262794,15.76904858877553,10.733089564923905,11.213693864383753,2.679540083345598,0.8574228549120827,0.5777031726645974,4126.736915863157,0.7308472044843807,0.1632835840639394,0.2466169962030573,0.2826426992097177
122.43689613881334,51.064482673842356,88.62224923359577,126.9251872644844,150.10909377090778,201.72907439389323,34.35777038881318,13.790377324919776,21.624401838317926,35.033070032609736,150.10905527944863,252.75280336300523,199.29651383119236,91.73659424455403,176.42682938577636,48.22037465161361,8.138026251356488,6.4648345845120865,1.6731916668444013,2.0669623426285084,0.27646635026258365,0.5285833973445123,0.07027500381174842,27.442385113306724,10.71053722442943,8.968123187457417,7.763724701419877,2.9634840503340203,110.85881646774995,0.8241409207857724,74.41123408805564,59.389669780976085,27.715430861723448,$HR$,[bpm],8.912858978146936,15.262276238911433,10.32449910412386,10.080568508790135,10.187320298752587,3.371914568180642,7.908566392937575,15.847501307277135,12.712086171141655,14.00129396568611,15.703721106495388,10.743147271218525,11.16497174538018,2.6631870831973488,0.846883311503908,0.5777070107614898,4160.338210123557,0.7385216557028818,0.1643974842076691,0.24920723147460216,0.2845689616800266
122.92180570929845,51.78358599448347,89.27080262095954,127.43696471113495,149.48012615885065,201.31594718189086,34.345684503037496,13.784090650885817,21.64043132369103,35.02538033470887,149.47999585321375,252.22649465459511,198.49294027805735,91.49685145783432,175.82699374527257,47.99110430066385,8.157146607973342,6.487820893237448,1.6693257147358938,2.0729042201994994,0.2798685006287314,0.5268058681289941,0.07048100777990589,27.35397428024955,10.677719791087972,8.939829810163754,7.736424678997827,2.9634776575016466,111.53871587313239,0.8130636746944901,74.25150776743679,59.26419270819078,28.0561122244489,$HR$,[bpm],8.842073773194423,15.228886601468368,10.343283312470806,10.103469988721859,10.208899381917531,3.3506717300337754,7.885621327489079,15.786510728187679,12.67288371284629,13.95594448327792,15.639435222244588,10.751316794585161,11.116893481180876,2.6465722254178345,0.8376695490602444,0.5764956095776119,4193.831194837493,0.7461775604510903,0.1651576818890733,0.2517911881543098,0.28648558487736164
123.40443519790911,52.499521066183796,89.91468179661004,127.94658260405532,148.85775261103575,200.90324054638387,34.33331138666036,13.778215750848572,21.65632720887338,35.01747294350974,148.85756895591308,251.7063672273373,197.69408316775198,91.2564820019174,175.22994271406642,47.76665897402021,8.176315606830055,6.51045897458904,1.665856632241014,2.0787180398199316,0.2832571531024427,0.5250474926683683,0.07082918710440167,27.265919905241134,10.644988788368927,8.911629921807878,7.709301195064332,2.9634716297537684,112.21182634686218,0.8022522199702532,74.09425164382452,59.139373626360126,28.39679358717435,$HR$,[bpm],8.772736173625859,15.195871032608382,10.3620150038642,10.126214856685138,10.230349690376428,3.3299083719060234,7.863351094724246,15.725944706515678,12.633904102996567,13.910903851533142,15.575526653420159,10.758756644564016,11.069119276805017,2.630211130152627,0.8276198790997474,0.576495609577612,4227.082874746246,0.7538191621102254,0.1662574096479338,0.2543702981806036,0.2883931930890985
123.88819740764025,53.21341361785353,90.55627125226958,128.45751137770975,148.24640919194402,200.49707938575068,34.32179485012522,13.77317310952922,21.67278193112855,35.01049908088774,148.2462102531382,251.183768992855,196.90670920125933,91.01839814152183,174.6265275133964,47.54546233739422,8.195596666332255,6.533095115377864,1.6625015509543914,2.0845294326291492,0.2866474435407144,0.52333612223205,0.07117670335916619,27.17909106929524,10.6126831540898,8.883807381504335,7.682600533701102,2.963465954813069,112.88124964435787,0.7916971037820165,73.93943574944657,59.01902453631672,28.7374749498998,$HR$,[bpm],8.705079718407195,15.163674439271992,10.380448286797114,10.148549456294283,10.251432371062041,3.3094285341342995,7.841352022529352,15.666321201255606,12.595556930452366,13.866615147866696,15.512536736100747,10.764595211554878,11.022026235413138,2.6135350517864167,0.8178084858328746,0.576495609577612,4260.227470566087,0.7614433985932392,0.1673520889631911,0.25694352835623174,0.29029204417672316
124.3725254547988,53.92513512272195,91.19532060167631,128.9692257901953,147.6454091938911,200.09693020729372,34.3109655282232,13.768901898332482,21.68973559549788,35.00435137446947,147.64514741348324,250.66004045871645,196.131607240012,90.78216529153967,174.01853560562802,47.3278871544056,8.214932596974824,6.555684402095108,1.6592481948797169,2.090321771137923,0.29003774190886855,0.5216675392520517,0.07152278386978453,27.09333658376649,10.580745979370036,8.856312972142815,7.656277632253633,2.9634606360967117,113.54673220988616,0.7813893162983973,73.78694367821406,58.902546709594226,29.07815631262525,$HR$,[bpm],8.639057782924036,15.132223604371328,10.39864625162919,10.170544595536263,10.272212365242245,3.2893314958209334,7.819617202265192,15.60757966162719,12.557812337691749,13.823039841701622,15.45052857920096,10.769439060403968,10.975593040622936,2.596624615771864,0.8082269942690159,0.576499171708948,4293.256287381483,0.7690502050136497,0.16844191572928954,0.2595108555336154,0.29218067257576097
124.85662158670443,54.634378671553215,91.83128072360738,129.4808460203326,147.05283646104647,199.7015561215467,34.30063511386952,13.765283549058118,21.707025738325882,34.99878484922127,147.05271759882527,250.13574435166166,195.3653620405929,90.54764289533607,173.407195041494,47.11369743674222,8.234211886153963,6.578140464671749,1.6560714214822134,2.0960636604496306,0.2934243333193731,0.520032068501546,0.071866883320492,27.008436140090563,10.549093472186485,8.829076949113352,7.630265718790728,2.96345561873839,114.20761915279849,0.7713202650371507,73.63629974497744,58.78916585071756,29.4188376753507,$HR$,[bpm],8.574604645596814,15.1013855781084,10.416634761926895,10.192235315430114,10.292719372065912,3.2695349372456524,7.798120349084159,15.54961114716717,12.520594361079278,13.78008279764987,15.389228963247433,10.773344335973068,10.929753162104396,2.5795529281177525,0.7988674173599061,0.5765027189957349,4326.123525547419,0.7766434289967028,0.16952737276333055,0.26207358196487435,0.29406170548275373
125.3395814711093,55.34082930103039,92.4636221098473,129.9914662494642,146.46800149647402,199.30986144055527,34.29053202546844,13.762212370756556,21.72451573497262,34.99356578273895,146.46774914526307,249.6112566508021,194.60860006133194,90.3143955204564,172.79334329940878,46.90268546889439,8.253335953217794,6.600385958190696,1.652949995027098,2.1017273521907796,0.2968035251225114,0.5184220319506455,0.07220804732866276,26.924188850095785,10.517648859538046,8.802034859501562,7.604505131056171,2.9634518391131497,114.86329362096406,0.7614817509764984,73.48758382442533,58.67834292031413,29.759519038076153,$HR$,[bpm],8.511634399533575,15.071039938516149,10.43443133478631,10.213645706926687,10.312972242745742,3.250127076773975,7.776832861803149,15.49232000523147,12.483829600447724,13.737659491123402,15.328688004906555,10.776540829461155,10.88444442154764,2.5623792827460967,0.7897221337941699,0.576506183558192,4358.817279003285,0.7842210752341644,0.17060846627766357,0.2646309499225243,0.2959351888034736
125.82096959995236,56.0441495078412,93.09209398920622,130.50067253981504,145.88989160736608,198.9214232933952,34.28059822083692,13.759629176868113,21.74216173124478,34.98860939653933,145.88979571530783,249.08732578852337,193.86003975646685,90.0822769729462,172.17820860832026,46.69512284594514,8.271867399042446,6.622379430705082,1.6494879683373642,2.10729797890902,0.30017333438572863,0.5168349028740362,0.07238784848261587,26.84047713514552,10.486368576213003,8.775148712825695,7.578959846106821,2.963451839113149,115.51351319775976,0.7528631159787618,73.34046237553241,58.56973864626461,30.100200400801604,$HR$,[bpm],8.450067245406327,15.041132259683742,10.452069813745895,10.234816453172188,10.333008510089313,3.2310148917619217,7.755749027660461,15.435670319754708,12.447493178387575,13.695738300129673,15.268803180517349,10.779361650035929,10.839641491951253,2.545158887714505,0.7817810369898666,0.5752519684346216,4391.314973832943,0.7917855851770844,0.17131081290797304,0.2671835508600796,0.297801350205102
126.3004474712582,56.74376612192414,93.71645578151802,131.00800187072824,145.31785240097454,198.53567143287108,34.27072961760711,13.757459653573791,21.759870005517012,34.98377853985917,145.31769755705207,248.56424662296007,193.11829697320806,89.85110194425783,171.56247276304074,46.49063109438615,8.29052901237256,6.644083954669402,1.6464450577031569,2.112762084817626,0.3035322056983914,0.5152647582338796,0.07272103758041178,26.75720587319613,10.45521687588994,8.748389151594713,7.5535998457114815,2.9634518391131492,116.15800026220657,0.7434513833612,73.19483262236301,58.46283185589451,30.440881763527056,$HR$,[bpm],8.389921311600457,15.01158658902438,10.469569240982157,10.255770437525287,10.352848361487947,3.2123055956472815,7.734851175648571,15.379606146190152,12.411548239503702,13.654271079110371,15.209463757856645,10.781762968760946,10.79531377014121,2.5279289618331604,0.773031677128887,0.5752519684346216,4423.6035630677425,0.7993374409476725,0.17238059797467642,0.26973188171901735,0.2996610310500272
126.77751030614117,57.44007225750475,94.33645476207565,131.51303572106238,144.751216897384,198.1521331783326,34.26079378647783,13.755640388867256,21.777592607002248,34.97901802017597,144.75102873613977,248.04238329674783,192.3851369148799,89.62072888116073,170.94673057547217,46.28910102632219,8.308888131695738,6.665461324404737,1.6434268072910017,2.1181059910359545,0.3068782871773531,0.5137086507011345,0.0730502140513053,26.674280528788763,10.424158697741916,8.721726639738462,7.52839519130839,2.9634518391131492,116.79649730198301,0.7342479833666833,73.05054685790896,58.35737699833561,30.781563126252504,$HR$,[bpm],8.33115702536075,14.982353833557267,10.486946375611783,10.2765308324759,10.372511775899692,3.193873527654363,7.714125940849783,15.324093024757866,12.375970633530832,13.613227997990762,15.150810953190392,10.78424398569002,10.751439615461043,2.510722319496458,0.7635008910705352,0.5752519684346218,4455.668720528694,0.8068774812772838,0.17344666161029865,0.2722762255244722,0.3015142426757486
127.25183319989051,58.13292936826887,94.95189329126492,132.0154297474192,144.18959174267223,197.77054323107708,34.2507489023118,13.754109616533636,21.79528546109208,34.974212601133225,144.18938684261602,247.52182043533855,191.65760864734037,89.39098345135851,170.3315378822632,46.09083564899051,8.326908791626577,6.686482603713293,1.640426187913283,2.123319410771218,0.3102101029333732,0.5121644171820167,0.07337468359574074,26.591617629207196,10.393162637645435,8.695133476423736,7.503321515138025,2.9634518391131492,117.42882268005894,0.725246074421628,72.90751665388292,58.253202319301536,31.122244488977955,$HR$,[bpm],8.27374810054035,14.953381801966096,10.504211373890389,10.297110892001994,10.392010208772325,3.175848966144624,7.6935579220947465,15.269094637722256,12.34072973045653,13.572576802186004,15.09260869178723,10.786536990776451,10.70799111074994,2.4935642596813103,0.7551431865320941,0.5752551433429071,4487.503726981362,0.8144056811647552,0.1745090209235224,0.2748165738399435,0.30335934053439373
127.72341682032338,58.822293051347174,95.56277444885401,132.5151050000641,143.63230070600315,197.3906827047034,34.24059351175521,13.752826653973369,21.812923292882203,34.96939986332576,143.6321557772387,247.00317736214174,190.93737055971846,89.16192350375056,169.71743793626942,45.89521023486338,8.34458214439505,6.707143605165593,1.6374385392294577,2.1284011114702848,0.3135271833124763,0.5106298606860737,0.07369474875679528,26.509206978720517,10.36222654160808,8.668608095228898,7.478372341883544,2.9634518391131492,118.05498714493069,0.7164391112753828,72.76549163208334,58.14992232535274,31.462925851703407,$HR$,[bpm],8.217586715356422,14.92465192449378,10.521385001375442,10.317534993089952,10.411366782171502,3.158085732681045,7.673147271453295,15.214604495190274,12.305828042636172,13.532311736379189,15.034989644777477,10.789275089317014,10.66496969972229,2.4764758157248514,0.7469664768690077,0.5752583928749707,4519.092427022544,0.8219250583931957,0.1755682075493004,0.27735394499920984,0.30519886319582856
128.1915987681811,59.50790301919742,96.16868494357972,133.01146056939623,143.07937745784503,197.01190130428267,34.230144624056386,13.751691777262481,21.830412091954305,34.96439578980408,143.0788863978977,246.4857803231732,190.22288812288923,88.9332151236234,169.10417881940305,45.7023553625335,8.361842510914059,6.727391986322291,1.6344505245917667,2.133332618937828,0.3168267250956236,0.5091001904821241,0.07400977886412252,26.426937559454604,10.331308322187635,8.64211613171929,7.453513105547677,2.9634518391131492,118.67456321382384,0.7078208291291204,72.62473815572214,58.047521528545644,31.803607214428858,$HR$,[bpm],8.162646283439296,14.896083209327072,10.53844614093689,10.337786517593857,10.430562269462134,3.140709059053599,7.652849315295868,15.16057241579987,12.271212922714547,13.492374337904774,14.977831049831138,10.79199902715114,10.622329335195078,2.4594650683588544,0.7389649456108016,0.5752615801341041,4550.4403211543095,0.8294316436258504,0.17662390723865692,0.2798869995721167,0.30703233683271985
128.65673983912617,60.18991369165954,96.76994616608931,133.5048703640717,142.53030033456784,196.6347911205939,34.21954481325793,13.750724326890072,21.847847207233286,34.95937446128968,142.52991979455552,245.9706484729496,189.51432845179036,88.70515659442938,168.49300370550816,45.51250205993588,8.378325698734875,6.747263466447845,1.6310622322870298,2.1381267441887704,0.32011043729409355,0.5075800968491414,0.07415251790168376,26.344858633462486,10.300428104650374,8.615671117980696,7.4287594108314075,2.9634518391131484,119.28797197530025,0.7003189874238864,72.48478233292684,57.94590561085996,32.14428857715431,$HR$,[bpm],8.108978207880646,14.867727259211598,10.555443303333863,10.357913997457286,10.449646500395403,3.123603675162072,7.632695747810127,15.107035613402166,12.236925699637137,13.452812560471466,14.92114627614323,10.7954407443041,10.580103526429564,2.4425562376122607,0.732066781520436,0.573965252354089,4581.535104942823,0.8369306154220554,0.1772750073451453,0.28241748503411407,0.3088601733607757
129.11823117789936,60.868035901310385,97.36611768817885,133.99466603152442,141.9843153182683,196.258584559837,34.208644623819474,13.749802427395942,21.865095963903336,34.95404740166965,141.98402498054003,245.4571382197096,188.81238886433803,88.47738832001657,167.88346303412953,45.32505332658106,8.394778075026368,6.766700759741277,1.6280773152850914,2.1427634160591706,0.32337510416086057,0.5060623872072286,0.07445684664849958,26.262848368561176,10.269539230482838,8.589235080575142,7.404074057503199,2.9634518391131492,119.89471195450271,0.6920505286572959,72.34553109445201,57.84473248989386,32.48496993987976,$HR$,[bpm],8.056532625647321,14.839490797585638,10.572342082489213,10.377887256625966,10.468587036049623,3.1068579626780988,7.612647472133633,15.053914427592856,12.202905869097766,13.413557186001487,14.864991109147043,10.799051094067549,10.538243097947674,2.4257477327820554,0.7243893384076369,0.5739652523540889,4612.356215048355,0.8444222285098878,0.17832138877677858,0.28494548734174535,0.31068324788896645
129.5763849335062,61.54240228472015,97.95745160406406,134.48114919434295,141.4422420701096,195.883558139941,34.197530336363435,13.748927172569914,21.88222836897224,34.94868946165352,141.4420093738063,244.9457292841712,188.11530413164044,88.25013054225725,167.27606867125854,45.1402316202949,8.41083230453929,6.785736840158688,1.6250954643806022,2.1472546603419147,0.32662210395023517,0.5045507162473872,0.07475638309432102,26.1809844421604,10.238673707824502,8.562834810995295,7.379475923340606,2.9634518391131492,120.49513811966882,0.6839536984609521,72.2073069394941,57.74422350091838,32.82565130260521,$HR$,[bpm],8.00515977029942,14.811408448387327,10.589178096185346,10.397744386024137,10.487421006839188,3.0903854602400647,7.592709521324058,15.001247888446333,12.16918541498473,13.374642504070511,14.809224330531237,10.803513083004018,10.496771195670231,2.4090538690776278,0.7168712561408911,0.5739652523540889,4642.933717652094,0.8519034791596575,0.17936443119094,0.2874699929034786,0.3125005049613823
130.03076717921832,62.212817557841866,98.5436846078092,134.9639804425553,140.90332798116597,195.5094213958107,34.18608363713672,13.748008160203185,21.899164285021445,34.943103042750934,140.90299198284436,244.43620494122774,187.42477458929008,88.0231496373871,166.67067660312964,44.95808976414233,8.426442339245652,6.804337383294416,1.6221049559512353,2.1515885807314854,0.3298493799573017,0.5030409204343782,0.07505052507425407,26.09918748049104,10.207801718772084,8.536444919331158,7.354940842387798,2.963451839113149,121.08896688117778,0.6760232079786118,72.06984040728443,57.644076096142584,33.16633266533066,$HR$,[bpm],7.954939956090388,14.783425830280299,10.605928677765224,10.417464333245968,10.506127023328506,3.0742407252036523,7.572858465383559,14.948986847020917,12.135727664756917,13.336025505356236,14.753981967143206,10.808276163499624,10.455655743361197,2.392476215398476,0.7095076239025859,0.5739668584340077,4673.2466494755445,0.8593762022240049,0.18040470570872208,0.28999162087992103,0.3143120601090668
130.48144605438117,62.879264390059404,99.12489455777293,135.44318877316928,140.36762064775957,195.13620763550932,34.17437958178703,13.747035890874226,21.91595287592591,34.93738234736612,140.36745596358554,243.92866040577886,186.7391904030028,87.79653368523748,166.06773737031318,44.778283669611326,8.441626256261559,6.822513221883156,1.6191130343784026,2.155769341751249,0.33305717120938355,0.5015356821216739,0.07533953510531914,26.01747755580996,10.176932625834157,8.510072531958974,7.330472398016838,2.9634518391131484,121.67633849507288,0.6682539834510558,71.93314984882211,57.544470473490996,33.50701402805611,$HR$,[bpm],7.905879706893478,14.755558324195883,10.622616035779089,10.437072014874797,10.524729120963725,3.058375017532242,7.553094984932536,14.897149295751605,12.102543741856808,13.297721444910207,14.699135232240224,10.813954125235863,10.414873866590414,2.3760237099177313,0.7013979477777166,0.573969892737518,4703.299834129339,0.8668405002063059,0.18144182119150176,0.2925104058602549,0.31611731466632326
130.9282924297933,63.541071978717156,99.7010094202934,135.91862674824398,139.83483643136773,194.76372157702758,34.16234190097182,13.745948452231437,21.932520140851718,34.93143224639878,139.83442785132044,243.42276713710385,186.0590575218989,87.57020201125955,165.46700599300976,44.600809758313076,8.456359622261235,6.840252399934412,1.6161072223268234,2.159792885434494,0.33624467551445375,0.5000301642611049,0.07562317814817288,25.935833397120337,10.146058443765215,8.483711793005602,7.306063160349526,2.9634518391131497,122.25720019250267,0.6615279220427265,71.79716802446913,57.445090077610125,33.84769539078157,$HR$,[bpm],7.857815040234119,14.727765396782802,10.63921983659229,10.456546873751078,10.543207344963408,3.0427988172145874,7.533397133356684,14.845704973113795,12.069619035389145,13.25970638579853,14.657631418126451,10.820028284215304,10.374440663487169,2.35969403395336,0.6943382881494032,0.5739728725864163,4733.0869485487,0.8742971587949593,0.1824764558636853,0.2950266129705701,0.3179182581250162
131.3715354434919,64.19855420901662,100.27219210959099,136.39053864930577,139.30525169930257,194.3922919722485,34.1501150357301,13.744766710466433,21.948956281754842,34.92543429851767,139.30496831792126,242.91920032989228,185.3849081077161,87.34433143681906,164.86903363675887,44.426008280922986,8.471496990511127,6.858393684663487,1.6131033058476403,2.16366759223359,0.33974447470278707,0.49853006324394616,0.07590217490550115,25.854290109752732,10.11519433728824,8.45737276873575,7.281723003728747,2.9663485200864685,122.95185630043242,0.6531800484063837,71.66192151239711,57.3462155847461,34.188376753507015,$HR$,[bpm],7.810840377919491,14.700083810368408,10.655762300440058,10.475912960875116,10.5615856921501,3.027517457054776,7.51377796600698,14.79470744664055,12.036978478087613,13.22201302669975,14.636334590678555,10.826963964783728,10.334375005729026,2.343500631502883,0.6874193251373635,0.573975803036931,4762.620428837879,0.8826074738792348,0.18350804036881596,0.2975400455822052,0.3197138962964413
131.8111143378571,64.85205730040616,100.83848019992917,136.8588571022981,138.7782650024145,194.02196630685657,34.137582703172896,13.743458148109864,21.965210870497987,34.919198310394385,138.7780144992234,242.41823363661862,184.71556896901862,87.11885771341025,164.27400268642404,44.25359560576771,8.484967005594683,6.875314761291181,1.6096522443035015,2.1673947901973865,0.3428957631730125,0.4970316583346076,0.07599770926844185,25.772838634991338,10.084335885786993,8.431052078371764,7.257450670832583,2.966346922421519,123.52072478207519,0.6458661716232463,71.5270892487137,57.24734992799658,34.52905811623246,$HR$,[bpm],7.764956598443541,14.672494287091691,10.672239581339452,10.495165675382884,10.579860268004671,3.0124981155175363,7.494239398916037,14.744124105498992,12.004606589240861,13.184620968541301,14.614820368260075,10.834279248483158,10.294665874923975,2.3274435317033397,0.6815061622511779,0.5726346681274153,4791.882777538281,0.8900581426055884,0.1841052617568908,0.3000519379166234,0.3215056160657148
132.24673361867636,65.50146992839352,101.39964316736959,137.3233738399179,138.25452114317773,193.65220813118404,34.12474226362702,13.741998479022108,21.98125438773234,34.912889394458006,138.25397692741365,241.91874271172486,184.05238552265982,86.89364130897675,163.68132166678186,44.08342018314789,8.498426959617742,6.891799852513953,1.6066271071037894,2.1709660798430277,0.34602573012199395,0.49553422668231883,0.07626541035174195,25.691467993859245,10.053482928006696,8.404751485455366,7.233233580397182,2.9663455048770295,124.08316567168798,0.6386952096738024,71.39320665505721,57.14893165270779,34.86973947895792,$HR$,[bpm],7.719952852212859,14.644962809700052,10.688630403272166,10.514287683763385,10.598011668020968,2.997770604754847,7.47473519123785,14.693924860150661,11.97248456111064,13.147509335608145,14.593337350380445,10.842214574265927,10.255292905196812,2.3115235009464987,0.6748477687119422,0.5726346681274153,4820.899134050686,0.8974980683863947,0.18512829123288513,0.30256019297509334,0.3232921468731138
132.67841888003508,66.1467643671668,101.95574163492597,137.78398443191526,137.73305869081597,193.2832146405119,34.111642878076275,13.740390659681843,21.997117170723318,34.906422373783116,137.73276826084012,241.42146421505578,183.39321287830532,86.66868666156068,163.09161172364887,43.91584123253884,8.511450421956711,6.907853601163909,1.603596820792802,2.174383322453943,0.3491344015964267,0.4940396272756073,0.07652818605480005,25.610137761785293,10.022617680342423,8.37845208109369,7.209068000349174,2.966344276077967,124.63927092148991,0.6316630142048827,71.25971023763556,57.05075508039715,35.210420841683366,$HR$,[bpm],7.675977153919031,14.617493480775767,10.704940000297832,10.533283081801775,10.61604589656524,2.9832686596140583,7.455286954447343,14.64411478732446,11.940609960262833,13.110680755167834,14.57169198870945,10.85058295270047,10.216252765479254,2.29574539384736,0.6683182228564482,0.5726346681274151,4849.638960315905,0.9049335875222297,0.186148719454527,0.30506694547226065,0.3250741350733372
133.10665647452828,66.78817636845369,102.50716527115672,138.2413664581011,137.21450011532755,192.91556997360144,34.09833477014592,13.738668115264977,22.012824932513766,34.899860356543506,137.21414223298547,240.92689263233896,182.74112224381523,86.44433231278744,162.50515628559546,43.75088637474335,8.524086305526913,6.92352616689306,1.600560138633852,2.17766451618744,0.3522241695414463,0.49254742946800983,0.07678596022054786,25.52897339439464,9.991790869903936,8.352199124385397,7.184983400105307,2.966343195933089,125.18954930691835,0.6256098737079926,71.12671109651957,56.95260530437256,35.55110220440882,$HR$,[bpm],7.632997654126313,14.590126842398588,10.721202829086282,10.552187082762424,10.633997617763042,2.9690824814004264,7.435900166341843,14.594731862778117,11.909026873661707,13.074173470136408,14.55013361682623,10.859487519678503,10.177583469032125,2.2801153484919383,0.661913820495366,0.572636787759213,4878.126717526876,0.9123638478564413,0.18716707707129301,0.30757191180956706,0.3268512974929486
133.53069238749396,67.42534340634442,103.05335743299828,138.69466246072963,136.6981283342963,192.54820513066812,34.08469186096745,13.73675552952228,22.028298538452066,34.893077005169246,136.6978540820737,240.43422441760475,182.09270768656546,86.22007391535091,161.92149025932343,43.58795539214085,8.536258308744472,6.938747987402234,1.5975103213422386,2.1807854991832034,0.3552909184599811,0.4910552552442349,0.07703837131765079,25.447814371480536,9.960940051364636,8.325937678876556,7.160936641239342,2.9663423133502578,125.73335024331217,0.6188353808394984,70.99423660767415,56.85457401632069,35.89178356713427,$HR$,[bpm],7.590850261950766,14.562780578391232,10.73736267414149,10.570945613815486,10.651812518512386,2.9550793620049287,7.41653977984175,14.545700018551582,11.877663397732453,13.037916062750009,14.528479350986775,10.868865647345281,10.13921982595269,2.264628347211457,0.6547947340504423,0.5726396125578558,4906.339636206908,0.9197883817094431,0.18818298105271458,0.31007492883402665,0.32862375729150556
133.95153475632424,68.05874469725082,103.59510440254977,139.14501234668248,136.18533340362822,192.18278117259956,34.0710163902733,13.734746456950266,22.043713817660485,34.8864608210611,136.18530312502014,239.944439391941,181.45118031472347,85.99655757680854,161.3415068111698,43.42764472434427,8.548091822290909,6.953619957265952,1.5944718650249576,2.1837821512413145,0.3583397826066333,0.48957164304547074,0.07728683867199167,25.36687698455191,9.930152669625592,8.299740870634002,7.136983444292319,2.966341567259447,126.27166083708117,0.6121882844076906,70.86240118531745,56.75701569502352,36.23246492985972,$HR$,[bpm],7.54972873894884,14.535570650074323,10.7534942603435,10.589632615960994,10.669565130565475,2.9414012763327513,7.397243273472227,14.497134283374963,11.846609961303669,13.002010101090287,14.506949092887517,10.878629123117275,10.101237112879984,2.2493048685018096,0.6486379251572689,0.5726423897005697,4934.3303165082125,0.9272045504550424,0.1891960554589637,0.31257511295695833,0.3303912858387813
134.36778994287883,68.68679169112318,104.13135917462566,139.5908124452623,135.67431004993028,191.81696311415539,34.056847049090514,13.732447185306194,22.058789774839372,34.879498454437325,135.6743138530624,239.45560855116153,180.8132134476441,85.77291640312447,160.76376311901748,43.269676160984865,8.559416385505969,6.96801166575914,1.59140471974683,2.186608908040229,0.36136331381307985,0.4880822618524806,0.07752941284135269,25.2859150205784,9.899332530341209,8.273531163866371,7.113051326370827,2.9663409947819295,126.8032450974322,0.6056650242929684,70.73113234995118,56.659484684433494,36.57314629258517,$HR$,[bpm],7.509375210873304,14.508321068601575,10.7694933541128,10.608147674468801,10.687152994363975,2.9278808937604786,7.377927901976646,14.448878998248757,11.815737388090163,12.966304883591555,14.485376555206518,10.888882847554079,10.063525051546085,2.2341189625036457,0.6425958184571737,0.572645131174672,4962.036389601659,0.934614998600447,0.19020687081716786,0.31507335139301984,0.3321548729961169
134.7805231998566,69.31058736986776,104.66297571614498,140.03353555721142,135.16672250754306,191.4524397496025,34.04246357171703,13.729907844431507,22.07370423020763,34.87254468911665,135.16586183175966,238.96916941582512,180.1809505692484,85.54959282479402,160.18921794197553,43.11415618182988,8.569901267008397,6.982033091347916,1.5878681756604818,2.1893049599795362,0.36436702837327517,0.4865953023089632,0.07757875283757415,25.205142678629148,9.868564983174538,8.247379180201893,7.089198515252718,2.9663405586306206,127.3291504114272,0.5992621718025135,70.60067904296513,56.5620503105823,36.91382765531063,$HR$,[bpm],7.469920754642559,14.481148800503084,10.785433322333223,10.62656299081972,10.70464989144823,2.914650516470234,7.358638764786162,14.401033679572937,11.78514206567995,12.930906161378921,14.463857085609114,10.8992657449721,10.026164494039666,2.2190909414699993,0.6374783482946684,0.5712594267420179,4989.52109937664,0.9420155201611958,0.1907518988236609,0.3175682297908731,0.33391466275059806
135.18981454918088,69.93048574217075,105.19004000778988,140.47294539269436,134.66149313701925,191.08929348833163,34.02798570386181,13.724320593755452,22.08851262259069,34.86561959678761,134.66047030760816,238.48586286392216,179.55428646982318,85.32687897094573,159.61869950849308,42.96091399101736,8.580485836277358,6.9956882417434345,1.584797594533923,2.191871510951828,0.36735135154550325,0.4851142676989965,0.07781158373755755,25.124520010944583,9.837831842129305,8.221265208554405,7.06542296026087,2.966340282889434,127.84952145374234,0.5937820981496664,70.47045424616738,56.46476008703467,37.254509018036075,$HR$,[bpm],7.431366241061683,14.454067303656164,10.801329301121545,10.644893112949292,10.722071326897868,2.9016225396555244,7.339405269201158,14.353607667818434,11.754821837585666,12.895819978015632,14.442545542063824,10.910356691136549,9.989150361828068,2.204228616375185,0.6316487991171487,0.5712594267420177,5016.7478104552865,0.9494141084835167,0.19175490921396834,0.3200624398893027,0.3356704506524763
135.59483132087178,70.54609974540894,105.71193632720558,140.90825549508853,134.15756722684677,190.72648297738493,34.01321707526139,13.717734640885059,22.103086014265973,34.85851638810224,134.1572103641981,238.00482317624736,178.93198465010116,85.1043329085463,159.05158298917877,42.81015849241221,8.59061380527356,7.008899460374986,1.5817143448985742,2.1942816256909565,0.3703116508842406,0.4836330975347812,0.07803940039146859,25.04388516674653,9.807069110920713,8.195135074783877,7.041680981041944,2.9663401492719417,128.3636223336341,0.5876029699284611,70.34029314259115,56.3674334720738,37.59519038076152,$HR$,[bpm],7.393518498206968,14.426989105634547,10.817120117684288,10.663078537552353,10.739357168292235,2.888848718195547,7.320192977842645,14.306519086367823,11.724713553645142,12.86097302514925,14.421213726381897,10.92151470632641,9.952426868064217,2.1895230630989055,0.6259249027498824,0.5712594267420177,5043.679280913117,0.9568123884997431,0.19275579065875148,0.32255653106221926,0.3374225117965546
135.9961131897836,71.15762962793896,106.22907082695397,141.34025835422509,133.6571079805674,190.3647823643234,33.998230137266255,13.711773462137836,22.117470166124452,34.85144660963695,133.65652045719477,237.52546069864167,178.3151975731258,84.8822098519609,158.4875275882234,42.66182384748778,8.600354085506403,7.021731072615876,1.5786230128905265,2.196558759374954,0.3732506197371904,0.48215355774032415,0.07826230115826388,24.963428595813706,9.776358697125007,8.16906261660962,7.018007282079072,2.966340137194915,128.87199268380448,0.5815348244645303,70.21104761109233,56.270397314067445,37.93587174348697,$HR$,[bpm],7.3565775140786105,14.399960320796884,10.832833894642077,10.681149593235466,10.756536373750455,2.8762724102920463,7.300978584963642,14.259809475959896,11.694855625425685,12.826405466922761,14.400116269428095,10.9330691895034,9.9160133539539,2.174980767033473,0.6195126089193567,0.5712612707082049,5070.398905956194,0.9641985722341184,0.19375429917081224,0.32504653129425054,0.3391693242754071
136.39383387734657,71.76521138653784,106.74163516605566,141.76904895821684,133.15865224280205,190.00405666510125,33.98309578383318,13.706431581147594,22.131715203536835,34.84431677596621,133.15841449162852,237.0489390003105,177.7030431750656,84.66062918674582,157.9275896224759,42.51606236194716,8.609724967628587,7.034194548315555,1.5755304193130324,2.1987067075865587,0.3761691250620406,0.4806779232652411,0.07848078377257696,24.883102278553427,9.745676206148493,8.143021502302023,6.9944045701029145,2.9663402803172367,129.37484993910647,0.5755746983439364,70.08200486872015,56.17338556889896,38.276553106212425,$HR$,[bpm],7.320311945374556,14.37298460667632,10.848485496729074,10.699118810389812,10.773624068181784,2.863927770458016,7.281804894661682,14.213490314522724,11.66524635785176,12.792124550356734,14.379132400840822,10.944827817755128,9.879903093537388,2.160608292443583,0.6139986223478231,0.5712639413248655,5096.854224123285,0.971584255022376,0.19475080314241594,0.32753634553297756,0.34091212319607156
136.78773239323675,72.36862811240002,107.24941034315532,142.19450671882055,132.66317142676817,189.64425675944375,33.96770520001809,13.701601766068043,22.145743414388345,34.83717863269381,132.66245988208394,236.57409560754346,177.0965743709665,84.43946894622772,157.37068502989496,42.372338537535725,8.618697118390784,7.046272192684601,1.5724249257061835,2.2007197819923308,0.3790656621884014,0.4792018482312,0.07869446303147622,24.802945309146676,9.715043201834318,8.11703628761026,6.970865819702102,2.96634054368983,129.87199969359972,0.5697197327257297,69.95369841072812,56.07649457198383,38.61723446893788,$HR$,[bpm],7.28487639695676,14.346040461419847,10.86405705198806,10.716972294737962,10.790603308940478,2.85179070856996,7.262621197807544,14.167556293415794,11.635884993467581,12.758113999640239,14.358301231096624,10.956727345282639,9.84411060534901,2.146399565572851,0.6085819245896948,0.5712665689257745,5123.084796380407,0.9789604627784041,0.19574525713940047,0.3300229519705366,0.34265134315051077
137.1777316375589,72.96669690289005,107.75238619370421,142.61653210564035,132.16925098955895,189.28523801024508,33.95211632010612,13.697235527666209,22.159588884400147,34.82994217964201,132.16875453227124,236.10149910378547,176.49404305931097,84.21871120438765,156.81775672791687,42.231165810542066,8.627270685326828,7.05795637901644,1.5693143063103867,2.202595502582435,0.381939610838882,0.4777281252161803,0.07890370661731022,24.722849654362843,9.684411590999446,8.091059027684805,6.947379035678593,2.966340925729809,130.36340141310623,0.5647376157214409,69.82544036656745,55.97963377359688,38.95791583166333,$HR$,[bpm],7.250146185132566,14.319116581701094,10.879540350638806,10.734699336509825,10.807466372636128,2.8398533931245207,7.243467669673592,14.121977051336927,11.606749123308544,12.724359134932897,14.337693702755276,10.968929962345305,9.808613585151022,2.1323610014288508,0.6032599633149908,0.5712691619065862,5149.038555585223,0.9863368403548313,0.19673792950457727,0.3325096019137324,0.3443874492506701
137.5639459668417,73.56068004867886,108.25065716957037,143.0685714756668,131.67808142555916,188.92700011409045,33.93636862530619,13.693452287880744,22.173265557793705,34.822764526259895,131.67768917989804,235.63110792734415,175.89745374387164,83.9984844095162,156.26843449491548,42.092466449733074,8.63497774835273,7.0692656307718735,1.5657121175808573,2.2043408193190683,0.38479155091340034,0.47625735964580745,0.07891016782608584,24.642903673303557,9.65382138648217,8.065126601619461,6.923955685201924,2.9663414392443315,130.84921879538797,0.559078111212669,69.69786284969356,55.88298180921862,39.298597194388776,$HR$,[bpm],7.216121751725529,14.292219048205288,10.894942270027553,10.752309354683705,10.82422094759018,2.8281406484438674,7.224317987358927,14.07676652401309,11.577853230746664,12.690874174817672,14.317205322507695,10.981045228097488,9.773422648113822,2.1184949491596434,0.5987940426102903,0.5698387446629852,5174.763881272976,0.9937053864910709,0.19723231641119246,0.3349935962679384,0.3461195263720438
137.94672962599623,74.15079143083626,108.74450382999822,143.57010144077657,131.18971555515336,188.57023257147827,33.920438875922585,13.690269743646889,22.186776406399844,34.815616877063846,131.18890817353272,235.16245568510328,175.30497912661613,83.77890171876312,155.72277466283737,41.956239319188256,8.642822007757772,7.080232967837973,1.5625890399197986,2.2059673767477386,0.3876232605847707,0.4747880998018779,0.07910988390535728,24.563178360076783,9.623300576029322,8.039264286025116,6.900613498022345,2.966342060701168,131.32981458481927,0.5535158883789721,69.57074495065142,55.78650205507404,39.639278557114224,$HR$,[bpm],7.182872722691836,14.265381290934547,10.910279174254772,10.769818955979659,10.840883769073745,2.816593433646936,7.205172329122099,14.031941563720101,11.549222102974227,12.657677842755925,14.297016746749588,10.993557869503848,9.73855869605678,2.104800453713321,0.5928904796179689,0.5698387446629846,5200.265678719305,1.0010679116809809,0.1982175227860287,0.3374755477270729,0.3478484477275391
138.3255777738276,74.73675111151762,109.23357081750872,144.06979057171552,130.70288701233417,188.21421226161593,33.90434198204328,13.687471741914575,22.200112863576827,34.80840253578836,130.70240190015582,234.69587818066762,174.71835662857555,83.55981079395495,155.18113976853977,41.82237835400407,8.650274084641802,7.090811503911229,1.5594625807305742,2.207458935997474,0.3904319192509927,0.4733217115606271,0.07930535377700478,24.483514272841283,9.592783087196224,8.013410603859544,6.8773205817855105,2.9663428108768652,131.80477031230834,0.5480484603203858,69.44368623484098,55.69011390968775,39.97995991983968,$HR$,[bpm],7.150202448836721,14.238553820274173,10.92552111868117,10.787197565836308,10.857425617586705,2.805285864246797,7.186048194410702,13.987464285952866,11.520810631573879,12.624731256605424,14.277012567188958,11.005949372794817,9.70398012364318,2.09127566723326,0.5878382800422768,0.569838744662985,5225.4961841604545,1.008430443467329,0.19920098111474452,0.33995748561820205,0.3495743014676131
138.70079811292908,75.3187207123604,109.71810766060827,144.56741153118136,130.2187687128973,187.85913164302985,33.88805386044216,13.685169113759914,22.213264103066088,34.801213068332515,130.21804988667975,234.23079024147648,174.13543562384848,83.34133534391363,154.64306763284307,41.69073043889366,8.657366526002782,7.101038948611954,1.556327577390828,2.2088293826123726,0.3932189704819177,0.47185634408869426,0.07949632964741467,24.40404763048938,9.562327418338521,7.987620341851015,6.854099870299841,2.966343652201741,132.27438875441575,0.5434178321765256,69.31724190035071,55.5939079368829,40.320641282565134,$HR$,[bpm],7.1183261752058415,14.211753200477647,10.940682474257102,10.804461514490763,10.873861221970827,2.794113751121024,7.16691331189053,13.943358688151784,11.492645537940904,12.592053594250713,14.2571686514356,11.018464348084121,9.6697089908545,2.0779194703153125,0.5828714556085199,0.5698398297011387,5250.504261530047,1.0157858967784485,0.20018270501759858,0.34243702546887683,0.35129644258560777
139.0722436738437,75.8964478640736,110.19801267476494,145.06248760334063,129.73687247274816,187.50507532183545,33.87160210283523,13.683410941044274,22.226240057113667,34.7940496273918,129.73609415553292,233.76737908649872,173.55857422486187,83.12347580266335,154.10872421701714,41.56149467962581,8.664087658738069,7.110900562919682,1.553187095818387,2.210073508016812,0.3959836313814325,0.4703931602218597,0.07968289498886671,24.324718659958723,9.53190886871911,7.961869472086825,6.830940319152785,2.966344615637489,132.73859607432297,0.5381266286174137,69.19112576023161,55.49794614736554,40.66132264529058,$HR$,[bpm],7.086956817171368,14.184970928288662,10.955750710094106,10.821598017455477,10.89017876690108,2.7831864259644035,7.147778823614218,13.899619869658752,11.464712980484554,12.559634515256956,14.237658887758855,11.03096400639926,9.635731599127643,2.064738356935672,0.5779878603668518,0.569842373833916,5275.272830605331,1.0231370122029522,0.20116244450699747,0.3449150873466779,0.35301419084293556
139.44018760086755,76.46911075072163,110.67351924325683,145.55504224895114,129.25728783418452,187.15229519700918,33.855041939361506,13.682204041070605,22.239074926148138,34.78695596394433,129.2565597986713,233.30586939587613,172.98549676289912,82.90639141482542,153.5783445057759,41.434747990952914,8.66951290740014,7.11946701173152,1.5500458956686203,2.211201204507342,0.3983382311558775,0.4689335674439391,0.0798655771368009,24.24557110816958,9.501544824363412,7.936172320587025,6.80785396321914,2.963451839113149,133.0677253349388,0.5336553907452259,69.06529663348213,55.40218946628697,41.00200400801603,$HR$,[bpm],7.056343187974252,14.158228041641443,10.970743725017249,10.838625420866972,10.906396615506766,2.772377780918919,7.128653601740073,13.856253883403733,11.437028832622335,12.527491200714712,14.218343725577544,11.043361718594399,9.60205967572198,2.051734212860875,0.5731854196893168,0.5698448871737325,5299.807833842516,1.0294794789880044,0.20214050825148805,0.347392005971013,0.3547290022273379
139.80450415736038,77.03777490873476,111.14454900464436,146.04467342961837,128.78028811014502,186.80058531475248,33.838358444391126,13.681295900712678,22.251755366246712,34.779953095311335,128.77954918936805,232.84651502586956,172.41849165276108,82.69007526170981,153.05162502105847,41.31042128166886,8.675543403814492,7.128641215298534,1.5469021885159582,2.212211594263992,0.40105719244272864,0.46747696175096953,0.08004425309291595,24.166608000812005,9.47123795750905,7.91053206115207,6.784837982150887,2.9634518391131484,133.52109719757163,0.5285318374165269,68.93998104618073,55.30662512817101,41.342685370741485,$HR$,[bpm],7.026274342598574,14.131511924285293,10.985650679429803,10.855534154830083,10.922504549313064,2.7618062703939,7.109520364057141,13.813251052081723,11.409586945211819,12.495614839911319,14.199207554260564,11.055889216374647,9.568685958322769,2.0389058604560093,0.5677361220600604,0.5698473675798494,5324.122933291166,1.0368131579529611,0.20311652226774132,0.3498667143054503,0.3564402221078608
140.16487079356503,77.60223421631893,111.61085835427207,146.53092782882345,128.30525681801132,186.44966074185393,33.82149804649953,13.680873559891403,22.264244133710445,34.772907018636225,128.30459734340147,232.38858773648778,171.85483313370625,82.47440423468029,152.52848183941742,41.1884737448065,8.680685450313305,7.137445168893588,1.5432402814197173,2.213095243798491,0.4037523858330486,0.46602190869048815,0.08001072603297421,24.08776504913169,9.440963631485774,7.884928014117747,6.76187340352817,2.9634518391131484,133.96899168112137,0.5242121060530265,68.81495858319336,55.21122985991455,41.68336673346693,$HR$,[bpm],6.996836688960993,14.104793185671959,11.00046385853493,10.872318818810331,10.938495900761136,2.7513531785276757,7.090376366920337,13.770579536508636,11.382359999226457,12.463975959780358,14.180384254688441,11.068129153053016,9.535585228086795,2.02625083128597,0.5638160426367029,0.5683718451732457,5348.195073776824,1.0441426563772325,0.20356165208235408,0.3523400119401656,0.3581487257172395
140.52206377568075,78.16302392120681,112.0730793469034,147.01425541809226,127.8320452198303,186.10036800516232,33.80453727494322,13.681008773185502,22.276605341931507,34.765877384502595,127.83161761763307,231.93219951481416,171.29744332218755,82.25973753043621,152.00983390359892,41.06896206734711,8.686029390895063,7.145943075388114,1.5400863155069486,2.2138739722421183,0.40642809092378185,0.4645697340140066,0.08018080074491567,24.009106978706612,9.410741209618966,7.8593718697850825,6.738993899302567,2.963451839113149,134.4121712087399,0.5192481791682679,68.68984010621855,55.11594245432407,42.02404809619239,$HR$,[bpm],6.968005957195944,14.07812632018316,11.01519371819928,10.888983707534395,10.954380212885335,2.741125442590316,7.0712569298807395,13.728292705106236,11.355398383958208,12.43262571066564,14.161765980174426,11.080508309874938,9.502802502662266,2.0137725961240003,0.5592452878799914,0.5683718451732457,5372.0200165527895,1.0514747767478325,0.20453187008698467,0.3548141943357851,0.35985573849922353
140.8753390214983,78.71973420632088,112.5306413950875,147.49409762876437,127.36139225312762,185.7517746402759,33.787353707902156,13.681550815423632,22.288746216924693,34.75883532460466,127.36075167234412,231.47685803698707,170.74333847976456,82.04575362411695,151.4940577747063,40.95148607121194,8.691001529344701,7.154080658146463,1.5369208711982378,2.2145300241835413,0.40907999945323215,0.46311724790808245,0.08034652087168909,23.930638491723688,9.380583733434626,7.833882352679005,6.716172405610059,2.963451839113148,134.84997217653128,0.5143640883828859,68.56537037117076,55.020943671178344,42.364729458917836,$HR$,[bpm],6.939711196750843,14.051447726628973,11.029813080424356,10.905509169971692,10.970132013167127,2.7310142032302798,7.052088884748789,13.686347198163702,11.328653087226781,12.401507502558994,14.143288183277294,11.09259772798577,9.47029033864989,2.00146418347308,0.5547480457352612,0.5683718451732458,5395.630926314865,1.0587978805109188,0.2055000839780744,0.35728533412838526,0.36155922522065775
141.22555869428072,79.27179716748451,112.98424684350383,147.9709479356795,126.89319206484565,185.40488767978596,33.770177008500646,13.682430382734125,22.30081166899646,34.75196210266188,126.89246376329963,231.0241098597257,170.19563048753076,81.83295161720207,150.98268821247905,40.836482413055016,8.695696573684272,7.161934036838512,1.5337625368457597,2.215089505813651,0.41171294818574433,0.46167083026878647,0.08050906275794516,23.8524094545733,9.350503506423456,7.808462862292912,6.693443085856938,2.9634518391131484,135.28324145240714,0.5095579230253325,68.44112561045517,54.92606976836607,42.705410821643284,$HR$,[bpm],6.912056525055336,14.024835408004888,11.044369774648105,10.92193864640586,10.985798672468285,2.7211081408281337,7.032943766590023,13.644799601854908,11.302174125202127,12.370688693777284,14.125196190576945,11.10456663441286,9.438065669564326,1.9893380979114554,0.5503225568673591,0.5683718784580832,5419.025897598919,1.066118987559821,0.20646700010132857,0.35975580014111885,0.36326040736119086
141.57217559763677,79.81950903047397,113.43346951578152,148.44417998630033,126.42732519319495,185.0590764210234,33.75286198903066,13.683806107904235,22.3127064272893,34.74512273840752,126.42639774603542,230.5726206595994,169.6514157402725,81.6210377348542,150.4749097926561,40.723925961329975,8.700058616114466,7.169459939378797,1.5305986767356692,2.215538051536909,0.41432371243821176,0.46022636225406083,0.08066740877669899,23.77436818223296,9.320483966232413,7.783102354502567,6.670781861497978,2.96345183911315,135.71149431899644,0.5055251089231766,68.31727880537089,54.83148753063883,43.04609218436874,$HR$,[bpm],6.884859202259331,13.998235641453913,11.058828695106977,10.938240083897716,11.001346114741613,2.7113373002214893,7.013779696362358,13.603592422425892,11.275921083600085,12.340118179184806,14.107272207433022,11.116477588234952,9.406120028496806,1.9773874729158236,0.5452698416247229,0.5683743253613422,5442.202294889434,1.0734348299437186,0.2074322682686238,0.36222448962253334,0.36495714006214014
141.91527709624506,80.3633757910869,113.87839026226665,148.91381913191162,125.96370342157772,184.71461735654958,33.73544445124125,13.685675103678575,22.324451901664126,34.73836936761705,125.96263466184595,230.12246161220992,169.11304865534598,81.41013976064781,149.97084168736248,40.61400496659247,8.70409649916947,7.176664010163457,1.527432489006013,2.2158775658722636,0.4169126821616623,0.4587846103190324,0.08082209252894035,23.696521605677138,9.290527613574302,7.757802254369932,6.648191737732906,2.963451839113149,136.13484178370754,0.5008638268325849,68.19368451952745,54.73721851372834,43.38677354709419,$HR$,[bpm],6.858315388201428,13.971657006456013,11.073196029636364,10.954420130970812,11.016780974706606,2.701738520269731,6.994604544480103,13.56273612132259,11.249907508223492,12.309806146820323,14.089522007899768,11.128009367654856,9.374460639709547,1.9656139117512064,0.540988277048455,0.568376743821029,5465.158675505326,1.0807465808470942,0.20839594309608034,0.3646917984570728,0.366651073186239
142.25472039767968,80.90327147604349,114.3189278279868,149.37959349659985,125.50138832497007,184.3712242948476,33.71791800227287,13.687803720720703,22.336041645999533,34.73157340945414,125.50074938503072,229.6745190870184,168.5780652838336,81.20018569303359,149.4708522194106,40.50669363927176,8.707798895379332,7.183534540591084,1.5242643547882484,2.2161042632201067,0.41947888336163475,0.45734567460769093,0.08097316880216619,23.618778315225327,9.26059343624412,7.732523904879248,6.6256609741019705,2.9634518391131492,136.55317093788938,0.49627517700188317,68.0699435635723,54.64287021647419,43.72745490981964,$HR$,[bpm],6.832144587036433,13.945087581388918,11.087454101174066,10.970459535971305,11.03208591928792,2.6922886881708514,6.9754366055945685,13.522213184879494,11.2241127621432,12.279734446541253,14.072057887741162,11.139597591830873,9.343069930497764,1.9540122185993292,0.5367734279605431,0.5683791322445808,5487.8562990998935,1.0880610386898837,0.20935874772006763,0.36716002073295034,0.36834348033378866
142.59092754213276,81.43947068284223,114.75541664162668,149.84207826197323,125.04190462564983,184.0292386378687,33.700277937909476,13.690338721030262,22.347485016743583,34.724843399477685,125.04099325672148,229.2276316737163,168.0490609059749,80.99140021501383,148.97441284104764,40.40217815164591,8.711210948024696,7.190119376094066,1.5210915719306308,2.216235102738859,0.42202480624246863,0.4559084407047648,0.08112065357597949,23.54132457995215,9.230763875788735,7.707343646249315,6.6032170579141045,2.963451839113149,136.96693185788837,0.4924385794534375,67.94675973838392,54.548830934442236,44.06813627254509,$HR$,[bpm],6.80661850191414,13.918553465014904,11.101627535461063,10.986385434538986,11.047285961796112,2.682988379202597,6.956241803730212,13.482067325282623,11.198574110749592,12.249934144144152,14.054809094482358,11.15080527372711,9.311979274660022,1.942586098853299,0.5326237470713528,0.5683814958185608,5510.363692821723,1.095368246892429,0.21032024162125787,0.36962579665888284,0.3700335833740732
142.9239040111779,81.97100211161198,115.18787330779978,150.30113063024206,124.58485617350246,183.6888387772845,33.68264550993562,13.69336920169498,22.3588424199208,34.71828657061937,124.58396575832165,228.78264652638558,167.52395022008147,80.78387610436451,148.48195666225885,40.30053626086027,8.713806805289693,7.1964175088472695,1.5173892964424223,2.216269758240835,0.42455036730683543,0.4544771709025268,0.08104693334236035,23.464103489998354,9.201013986878179,7.682235862626993,6.580853640493174,2.9634518391131492,137.37615231162326,0.48798496721284823,67.82385745524621,54.4551641699596,44.408817635270545,$HR$,[bpm],6.7814952480668484,13.892067576549557,11.115724232726478,11.00220591084037,11.06238949060501,2.673843880867705,6.937048051454616,13.44229387937959,11.173286688727256,12.2204086214621,14.037750118956561,11.161802115765724,9.281179530299188,1.9313425918391784,0.5285377345712567,0.5668579597720445,5532.666157925481,1.102671356142251,0.210712872599156,0.37209018941648786,0.3717207617299611
143.2531639938445,82.49811873622441,115.61593240591878,150.75588766432347,124.13002135604502,183.34929346159672,33.66480753263396,13.696783269478193,22.369978863035737,34.71170929715381,124.12870041878315,228.3389894083792,167.0039855420286,80.57726773892679,147.99272308366457,40.201309011537276,8.716598535773693,7.202388634912119,1.5142099008615741,2.2161948582978725,0.4270525542680296,0.4530450195205801,0.08118664749631994,23.38706406630707,9.171323664535047,7.657186758927354,6.5585536428446645,2.963451839113149,137.780386828109,0.4835991663543371,67.70139061487279,54.36158789193103,44.74949899799599,$HR$,[bpm],6.756922825802535,13.86557033743102,11.129701944484733,11.017879965883427,11.077354867919963,2.6648270134362324,6.917818040618776,13.402827489588901,11.148204072481455,12.191103719193688,14.020899651308218,11.172595909911003,9.250636759564232,1.9202669742708416,0.5245139363232892,0.5668579597720443,5554.756266293558,1.1099682842469696,0.2116679098096284,0.3745524963817674,0.3734055527680132
143.57899934157194,83.02146219622253,116.03984158634394,151.20692288702568,123.67685590524331,183.0111171672176,33.64689379691315,13.700370366097811,22.380979631562475,34.70514178957516,123.67546592426386,227.89680079893523,166.48770698039476,80.37183150508615,147.50740762938753,40.10498330310414,8.719086796534464,7.208056577620636,1.5110302189138276,2.2160184417023703,0.4295330126149612,0.45161605893823953,0.08132305444136524,23.310201454860877,9.141689313713096,7.632189161785964,6.536322979361818,2.9634518391131492,138.17994384089565,0.47927963981990995,67.57887598283962,54.26818871116057,45.09018036072144,$HR$,[bpm],6.732771681952496,13.839095710054645,11.143578577302906,11.033424224467396,11.092200178093627,2.6559668917938186,6.898587201143271,13.363699357176078,11.123353495289487,12.162046872884362,14.004273222869003,11.182963474239433,9.220365970893779,1.9093659941598409,0.5205509421377355,0.5668579597720448,5576.611739214378,1.1172659818160648,0.2126220061687039,0.37701506299843257,0.37508868404036755
143.9020023034066,83.54137159300282,116.46010051490809,151.65485423481277,123.22642456913222,182.67501032268808,33.62905164847119,13.704476809761209,22.391941503317884,34.69879308779367,123.22500694594375,227.45662268755592,165.97745022017426,80.16791587280352,147.0265631240349,40.01179603423923,8.721345200118922,7.213483914686254,1.5078612854326672,2.215762425403927,0.43199526349292394,0.45019422322702574,0.08145670581064392,23.23363105727567,9.11215772061152,7.60728273282162,6.514190603842529,2.9634518391131497,138.5754285679397,0.475685571060784,67.4566402659333,54.17516777043281,45.430861723446895,$HR$,[bpm],6.709132674704516,13.812703320321981,11.15826762957269,11.048883272171267,11.106969957671849,2.6472393909766803,6.879375222832418,13.324966601160854,11.098780812906764,12.13329062648121,13.98785462202304,11.19335328080918,9.190406777080764,1.8986494138581012,0.5166473841243515,0.5668591426130297,5598.282655275005,1.1245593552882516,0.21357477076284417,0.3794761704731433,0.37676867974350103
144.22124736797002,84.05731930388166,116.87595009834787,152.09828156837867,122.77748919369971,182.33966386317144,33.61101493373529,13.708988304699293,22.40268735880704,34.69236249041325,122.77607319598752,227.01795052995254,165.4705188117522,79.96499997038133,146.54915029134446,39.9215833475426,8.723262970967113,7.218581862214429,1.5046811087526832,2.215396358776408,0.4344336665140104,0.44877181995903576,0.08158635433067293,23.15719550635584,9.082666211640458,7.582416061708945,6.492113233006435,2.96345183911315,138.96597366072226,0.4714892472505955,67.33449354487816,54.082099194965885,45.77154308617234,$HR$,[bpm],6.685937896200675,13.786291361871793,11.173380491209414,11.064185357820618,11.121591745565151,2.638661621650907,6.860139682291574,13.286541144701584,11.07439764117482,12.104742156591083,13.971570763284932,11.203285090722982,9.160689326507976,1.8881003535878689,0.5121461781678931,0.5668614840236024,5619.7151366414855,1.131852219599334,0.21452667436632153,0.38193710613432974,0.37844637607692766
144.53781349497237,84.56850876275679,117.28828465429874,152.53869399991123,122.33138412207984,182.00644362641725,33.59305099993209,13.713751072398379,22.413395376028365,34.68613814402805,122.32987297990721,226.58125137562536,164.96933637003858,79.7636465451493,146.07581803266984,39.83390586177681,8.724968845292244,7.223457026747556,1.5015118185446883,2.21495737554186,0.43685442394901686,0.4473563320954577,0.08171351284140745,23.081089661071744,9.05329439235636,7.557655534749239,6.47013973396614,2.9634518391131497,139.3526098881728,0.46735492909427323,67.21266658732961,53.98940655381469,46.1122244488978,$HR$,[bpm],6.66317579989432,13.759969107616445,11.188400437029498,11.079404486858607,11.136139778456418,2.630201175318299,6.84091699393347,13.248510231517537,11.050296241132404,12.076492007890975,13.955603379641238,11.212980181670334,9.131280097151173,1.8777322959326326,0.508362395017587,0.5668637997568112,5640.972241781678,1.139140302288305,0.21547732654769103,0.38439642826427955,0.38012186814563287
144.85067399512968,85.07573848735547,117.69629517639744,152.97477803237902,121.88688991388106,181.67411824705047,33.57495446268087,13.718815135243412,22.423916639587823,34.67989106023802,121.8854676679719,226.1456174524265,164.4717587597467,79.56337745119541,145.60634108502032,39.749077979163424,8.726349258100967,7.2280123406649865,1.4983369174359806,2.214412032132602,0.4392515209832459,0.44594206759076355,0.08183716713930994,23.005115950818343,9.023961773587843,7.532932620869992,6.448221556360505,2.9634518391131484,139.73441298559007,0.4639273907877149,67.09094894195802,53.89689574400553,46.452905811623246,$HR$,[bpm],6.640890867094681,13.733638423421267,11.203263726808657,11.094477435909866,11.150550203504192,2.621897302937347,6.821686083169952,13.21077633556282,11.02638754823868,12.048453905949902,13.939731921742679,11.222445907836551,9.102111409206088,1.8675355290768332,0.504634111706414,0.5668660864061179,5662.000216841208,1.146426929789735,0.2164269825305496,0.3868552593494545,0.3817956087348213
145.16022047666712,85.5793077842094,118.10032001149803,153.40681114337198,121.44392819650453,181.343056557727,33.55674491543161,13.724303887093624,22.434286781991712,34.67356911370429,121.44279166106018,225.71177306895868,163.97879243012596,79.36435292160017,145.14077931595807,39.667357784671744,8.72688365180863,7.232284814771576,1.4945988370370522,2.2137731299135375,0.44162720129442007,0.4445294381790783,0.08173025167338199,22.92932754047538,8.994688492288214,7.5082638809358615,6.426375167251307,2.963451839113148,140.11177838168902,0.4599083267543836,66.96916358517716,53.80436740619524,46.7935871743487,$HR$,[bpm],6.618932391030364,13.707329205099652,11.217987944919305,11.109419225843855,11.16483900852494,2.613688137763899,6.8024601670918035,13.173361455603372,11.002696302637315,12.020648984589126,13.923975870200884,11.231444652470433,9.073201927828293,1.8575091047732517,0.5016015502397879,0.5652963296312721,5682.797040858479,1.1537157967665426,0.21677318566576553,0.3893148461328824,0.38346823480555936
145.466640737174,86.07932377083186,118.50049852051036,153.83549298660162,121.0043231981928,181.01370011357125,33.53853597509446,13.730099857172732,22.444545416025793,34.66748817111273,121.00286579377469,225.27941618422992,163.4902519421045,79.16672655643528,144.678180602842,39.58841879433671,8.72772809330513,7.236305588832777,1.4914225044723532,2.213052719306946,0.44398207290149994,0.4431213982608741,0.08184709949211501,22.85387384665253,8.965544520864967,7.483712811420435,6.404616514367131,2.9634543713819346,140.4848980545356,0.4559473614358199,66.84815741696485,53.71234879924426,47.13426853707415,$HR$,[bpm],6.59751534837986,13.681067017103107,11.232581821899837,11.124244808692199,11.179018729710235,2.60563635357276,6.78320016065983,13.136289826157075,10.979243930364913,11.993100165774372,13.908486902418279,11.240316571272636,9.044563084587615,1.8476563209504473,0.4973392308399097,0.565296329631272,5703.45026377053,1.1609907343924861,0.21771676591053224,0.39176939776909286,0.3851374128902326
145.7702224474176,86.57530425098666,118.8971042018254,154.26041186009667,120.5665401193277,180.6862746683917,33.52033710459032,13.73611549468719,22.454725737617554,34.661447941745685,120.5649458219764,224.84889536333912,163.00648527893676,78.9706191889843,144.22031882770733,39.51201969077436,8.728340994681044,7.240090228701191,1.4882507659798538,2.2122549791135175,0.44631828458615347,0.44171786889096204,0.08196130427158017,22.778657182274216,8.936478875044646,7.4592303745411135,6.382947932688459,2.963457159390582,140.85409165554177,0.45204324407877217,66.72700532489256,53.620430568338975,47.4749498997996,$HR$,[bpm],6.576358116342577,13.654870530812573,11.247072861158447,11.138972956536358,11.19311101272903,2.5976789938977722,6.763978199566947,13.099590523118874,10.95603951795811,11.965818679940625,13.893163429929793,11.248787220067767,9.01617958573911,1.8379799617035246,0.49377031276296657,0.5652963296312721,5723.890451757261,1.1682685056412416,0.21865995728779294,0.39422486737803536,0.3868059030746212
146.07033741906216,87.06669841868086,119.28963118206126,154.6813362466627,120.13054492591962,180.35971780889716,33.50205891504133,13.742529752991484,22.46475421214501,34.65541798081448,120.12902664411807,224.42010718141623,162.52693090788074,78.77576819558874,143.76597972348878,39.43879419517258,8.72866687922901,7.243589357628181,1.4850775216008296,2.211363785443212,0.44863188838938184,0.44031681615170487,0.08207242027139668,22.70361451813828,8.907470755494234,7.434800175531047,6.361343587112998,2.963459980521699,141.21876339852477,0.4488224833288395,66.60608387800082,53.528637942859746,47.81563126252505,$HR$,[bpm],6.55571402799027,13.628688843094238,11.261411072998353,11.15355635779851,11.20706724369251,2.5898791756253883,6.744754816472155,13.063195497912568,10.933040895467437,11.93875693589762,13.877924184448982,11.256948595001399,8.988039192134497,1.828471130806428,0.4902522510207324,0.5652963296312721,5744.117839543973,1.1755441839176666,0.21960212891395797,0.39667962167341947,0.38847258933593054
146.36781241953358,87.55489127803388,119.67875489832323,155.0989405979478,119.69668211817324,180.03490066269254,33.48382230698973,13.749371054089256,22.47472589777299,34.64946390697489,119.6953748674381,223.99296981955302,162.05188037253305,78.58243661421383,143.3161136976158,39.36834286065183,8.728784229394005,7.246872699860473,1.481911529533532,2.2104024767776638,0.4509278890192766,0.43892141389729383,0.08218083388056467,22.628858300239788,8.878563793540671,7.410458534766848,6.3398359719322706,2.9634628609263514,141.57973452857044,0.445024010132407,66.48526573324413,53.437112318240956,48.1563126252505,$HR$,[bpm],6.53537607390736,13.60259113303227,11.275659323507954,11.168056121593091,11.220949064891585,2.582166852806342,6.7255702243617,13.027157925252814,10.910296195720132,11.911965966009065,13.862908869637915,11.264918097913265,8.96018047215821,1.8191411491490748,0.4867839662652799,0.5652984200235878,5764.150844287982,1.1828208770965987,0.2205436660366779,0.3991347057836452,0.3901367104961579
146.6617699629249,88.03935967504663,120.06375046409268,155.51236486264827,119.26542829608566,179.7105374822934,33.46542866048869,13.756208690525535,22.484487353576245,34.6435545687661,119.26371112961206,223.56713108886996,161.58104014581363,78.39012335863359,142.86895061032055,39.300214274823475,8.728608612652422,7.249871671036267,1.4787369416161555,2.209348774548023,0.4532006852228176,0.43752600074270254,0.08228576414191362,22.554364687010633,8.849757596436293,7.386211425555098,6.31839566501924,2.963465804915591,141.93615628181786,0.4412789039147673,66.36529497210853,53.34581633209922,48.496993987975955,$HR$,[bpm],6.51545843613588,13.576489406511326,11.289746514821923,11.182409377949904,11.234690578209044,2.574597218454697,6.706339033858977,12.991399077880164,10.887740821431914,11.885374936703316,13.848013838512626,11.272288742005008,8.93255005735065,1.8099695842506394,0.4827455049838969,0.565300668456792,5784.014759048644,1.190086333563909,0.22148360545225643,0.401585984758075,0.3917978835172476
146.95270529602143,88.52013534029687,120.4450859709621,155.92179994834993,118.83515420385729,179.38760096296636,33.447013779130764,13.763456547250044,22.494149239590108,34.63756654889384,118.83370900007571,223.14295979074308,161.11389600396322,78.1992081106658,142.4264454885107,39.23540182002572,8.728188379823074,7.252622844214983,1.4755655356080903,2.20821440032992,0.4554534225216992,0.43613451909515294,0.08238805635529031,22.48001158098797,8.82098747257227,7.361993603052253,6.297030505363445,2.9634687867534253,142.2885535883718,0.4382006349912749,66.24490966261943,53.254518588224556,48.8376753507014,$HR$,[bpm],6.495875417780282,13.550434228813545,11.303711197041522,11.196640066987223,11.24832050966148,2.5671084318181,6.6871705673990505,12.95596359603252,10.865399062402078,11.85901748265362,13.833209672566108,11.279657138193002,8.90517102007568,1.8009687875277636,0.4793779737632461,0.5653028926372267,5803.632681258521,1.1973607855490394,0.22242360794152205,0.4040402891709841,0.39345917177936424
147.24057137559436,88.99605347438911,120.82268222659187,156.3277187948932,118.40814282459161,179.0655763844483,33.4287226039193,13.771122398203552,22.50377116375333,34.63195165330018,118.40702900360188,222.72102125001769,160.65201245456652,78.00978649211773,141.9874954004209,39.17283897292681,8.727554370454436,7.255144962849607,1.4724094076048304,2.2070072895112682,0.4576857848178401,0.4347513333347592,0.08248826325257023,22.405974583311792,8.792340396474609,7.337885641008363,6.275748545828821,2.963471843447002,142.6369079154452,0.4345546856557862,66.12557545419727,53.163831747468016,49.17835671342686,$HR$,[bpm],6.476664338936902,13.52444890322331,11.317576437297834,11.21078675000591,11.26187152693598,2.5597773656825797,6.668002886614176,12.920880758219687,10.843290456303123,11.832914163173895,13.818549796113128,11.28653263244567,8.878049572493767,1.7921448071248207,0.4760570994543726,0.5653050974096534,5823.117885602161,1.2046207677350855,0.22336125828797898,0.40648969565842563,0.39511629969633594
147.5256340787476,89.46885000403547,121.19682290390998,156.7299342674258,117.98285887799184,178.7448392093869,33.41028799062459,13.778846466974958,22.51322013592113,34.62618031195422,117.98166070626857,222.30058097594912,160.1933597449957,77.82179589660385,141.5523365619254,39.1130871605924,8.726101276776763,7.257438307245726,1.4686629695310367,2.2057260429968006,0.45989928515186823,0.4333681317813885,0.0823485224995208,22.332200385534914,8.763785136731,7.31385960924274,6.254555639561177,2.9634749233531865,142.9814827845846,0.43095890316667845,66.00630227974487,53.07303300256921,49.519038076152306,$HR$,[bpm],6.45783086979454,13.498498741159679,11.331308426198568,11.224802814688154,11.275301914033752,2.552509236448116,6.6488586686751825,12.886094335981086,10.821393132007334,11.80702984804265,13.804067503771186,11.29308100388053,8.851173105263893,1.7834800252326526,0.47338804975130216,0.56368620710894,5842.397681112582,1.2118835239654964,0.22365566648233293,0.4089400299680094,0.3967733530849167
147.80770112344766,89.93824420502216,121.56733636959898,157.12850382668984,117.55950760572446,178.42468279743179,33.3918300420448,13.786882507359813,22.522553971629254,34.62045136592735,117.55828935601203,221.88136477961288,159.73966235339782,77.63525479906468,141.12095032863007,39.05616639677052,8.72499879621542,7.259498647994762,1.4655001482206584,2.2043701108467144,0.46209275419180645,0.4319885504289577,0.08244240413228568,22.258662157248736,8.735312987530005,7.289906693600675,6.233442476118061,2.9634780558915925,143.32212482664198,0.4280142482816972,65.8874690219803,52.982497864468534,49.859719438877754,$HR$,[bpm],6.439274707396521,13.47259401327178,11.344910806678937,11.238694090957297,11.288616370495916,2.5453927911403995,6.62973827036191,12.851614914759416,10.799704176173107,11.78137191771383,13.789654907165195,11.299398872314683,8.824539066432434,1.7749796596732175,0.4695514960052375,0.5636862071089396,5861.484066594037,1.2191453311230356,0.22458904643698982,0.411390031621558,0.3984292033485664
148.0868376213801,90.40425937644048,121.9342648902332,157.52315891512998,117.13818830957514,178.10595693308593,33.37333018720814,13.795291033839186,22.53176164897385,34.61473797124592,117.13692020820477,221.46387891382864,159.28934911772558,77.45015847601405,140.69338118282647,39.00128634893624,8.723667515899503,7.2613290326082565,1.4623384832912476,2.2029405996715052,0.4642663241529894,0.4306120863209622,0.08253363859417912,22.185382269631685,8.7069345079859,7.266037236871128,6.21241052477465,2.9634812338326566,143.6588823068816,0.42451165702611793,65.76882117063818,52.89211079599243,50.20040080160321,$HR$,[bpm],6.421151073949432,13.446729421230032,11.35839210841877,11.252471543478928,11.301824667853205,2.538337672356239,6.610643208761409,12.817434615106414,10.778222448402898,11.755933931691631,13.775295596261069,11.305211755634847,8.798142052039053,1.766641272523056,0.4663649189864394,0.5636862071089398,5880.384002314344,1.2264051918509875,0.225521628942395,0.41383936495014795,0.40008363890800325
148.3631535748864,90.86553358199086,122.2977328256978,157.91460505027675,116.71912539507785,177.78798209486334,33.35486286628797,13.803833859707995,22.5408905397241,34.609123299262464,116.71790867251076,221.04842004000855,158.84366439238116,77.26658623064363,140.2694645013823,38.94975264755762,8.722131012652238,7.26294680502642,1.4591842076258168,2.201443775501225,0.4664207793875637,0.4292410292136935,0.08262246982119144,22.11237465116791,8.678655571822985,7.242254465554608,6.191464613790323,2.9634844519562504,143.99190343018583,0.42105628547818713,65.65073972930261,52.80196467877285,50.54108216432866,$HR$,[bpm],6.403228903818919,13.420930710973419,11.371756876635876,11.266137702254188,11.314929792085627,2.5314304274505792,6.591580580845463,12.783579628785928,10.756955677505424,11.730728362965154,13.76115296592057,11.31090435201929,8.77198785816884,1.758468744374304,0.46322130137233564,0.5636868558757983,5899.110906741209,1.233661603809945,0.22645313855795732,0.4162875236263117,0.40173570874935144
148.6365959373166,91.3235397595908,122.65771657266151,158.30204889796698,116.30163387914499,177.47095321633282,33.336349410358046,13.812586793432578,22.549893042932812,34.60343527604343,116.30053997697802,220.6341023878942,158.40166228186092,77.08447984976412,139.84971425610644,38.899864975502354,8.720372311870523,7.264342263775056,1.4560300480954673,2.199876051729442,0.46855576281326383,0.42787279708638,0.08270852327763115,22.03959622462227,8.650455763095634,7.218541256704231,6.1705992048223965,2.9634877119780616,144.32115911422656,0.4182370823064151,65.53277129095943,52.71195101676142,50.88176352705411,$HR$,[bpm],6.385747943619625,13.395172634346546,11.385005184513572,11.279691257883123,11.327930823967185,2.5245853116914465,6.572565060884381,12.750020858416347,10.735885075747733,11.705736834229407,13.74706003674181,11.316188931787073,8.746064999571082,1.750449682187544,0.46011978025247363,0.5636890455704733,5917.63223284868,1.240921165941642,0.2273845752628334,0.4187367340603396,0.403386542721816
148.90716572349038,91.77828238685225,123.01420951142893,158.68604912060994,115.88703925913673,177.15511329406922,33.317839114034136,13.821702901772404,22.5587788869634,34.59793150389092,115.88572762225238,220.22203088753974,157.96365028602253,76.90374779402394,139.43309499565916,38.85304904834439,8.71840791313713,7.265528351951018,1.4528795611861116,2.198242683219926,0.47067128098780475,0.4265085746302201,0.08279205999828061,21.96712899065586,8.622374678629837,7.194933820603772,6.149820491422253,2.9634910150408853,144.6466761121259,0.414869406534253,65.41557683789215,52.62222274275159,51.22244488977956,$HR$,[bpm],6.368465290646643,13.369465908777359,11.398130711997519,11.293130450100943,11.340824211336713,2.517875407128382,6.553562302218765,12.716755976055495,10.715015284659373,11.680962358547244,13.73300896857937,11.321080200129074,8.720372575836407,1.7425881531802538,0.4564735419352869,0.5636912118449001,5936.017481890852,1.2481695713071013,0.2283141485573297,0.42118216825094074,0.4050340749682478
149.17469317659828,92.22959037270307,123.36709693781022,159.06604605492785,115.47341291429633,176.83960693505367,33.29923754973837,13.83094779087889,22.567508119180584,34.59221374828074,115.47216941077689,219.81082583444802,157.52936650603,76.72417131972506,139.02041505895266,38.808223221066505,8.715011432610542,7.265285016966666,1.449726415643876,2.1965331831963475,0.4722818643510774,0.42514598362153305,0.082872884526384,21.894834262095863,8.594348919272756,7.171374331957821,6.129111010865282,2.960458636655044,144.81979696001963,0.4121283338910031,65.29838813581237,52.532521531830966,51.56312625250501,$HR$,[bpm],6.351553270449081,13.343781245269822,11.411117843990981,11.306432928796443,11.353589784342741,2.5112235133312244,6.5346117718708765,12.683754039711374,10.694321939801192,11.656376111265374,13.71907929868427,11.325779012043018,8.694889423853542,1.7348782617279972,0.4534575877134059,0.5636933575499093,5954.170168907504,1.2541397478872822,0.22924409739651658,0.4236302214660586,0.4066822756133317
149.4399311590649,92.67656738530368,123.71697925942664,159.443056423905,115.06317157710352,176.52576205996115,33.280767247935685,13.840379800059834,22.57621864998088,34.58683888819455,115.06175248201343,219.40222442574395,157.09916854398543,76.54637651025325,138.61139298952713,38.76606716582941,8.71205522886225,7.266070612268411,1.4459846165938388,2.1947764989042664,0.4743578963267949,0.4237913952330571,0.08270641639045462,21.822932920577742,8.566475395951143,7.1479477536515095,6.108509770975093,2.9604586366550434,145.137743593246,0.4094232444407532,65.18208460588296,52.44329349129081,51.90380761523046,$HR$,[bpm],6.334920011050468,13.318194242687316,11.424021960570675,11.319659789975093,11.36628650670379,2.504708057687218,6.515699530594607,12.651093397087186,10.673866214871657,11.632047292859236,13.705276538076571,11.329979963425412,8.66966349990295,1.7273321865119462,0.45105950658727045,0.5620268573188063,5972.216721136235,1.2613744398309896,0.22949062733990264,0.42607399549962593,0.40832679853540427
149.7021342056195,93.12022212848113,124.06328447276576,159.8162121901273,114.65418268172384,176.21269227065088,33.26219461092405,13.85013061971463,22.584758822907077,34.58130064412501,114.65265958378727,218.99478395219177,156.67300686303105,76.36995317725003,138.20595259449078,38.726203267896175,8.709466410721808,7.266624767777517,1.4428416429442907,2.19294630265622,0.47641335904195764,0.4224379478476738,0.08278223221098095,21.75122415004915,8.538666824931813,7.124578832742997,6.08797849237434,2.9604586366550447,145.4518553107048,0.4061789237541671,65.06579134811851,52.35405954180937,52.24448897795591,$HR$,[bpm],6.318571049946185,13.292632768245642,11.436794911818419,11.332759064018893,11.378863486706475,2.4982500414735376,6.496839237992768,12.618698401928748,10.65357881539162,11.607899634495723,13.691466042673692,11.334045278251876,8.644638580433387,1.7199334578137653,0.44754367978005116,0.5620268573188064,5990.049183391865,1.2686135988119531,0.23041501089967284,0.42851927843360477,0.40997153054017005
149.96212737260382,93.56109031817232,124.40670467683384,160.18632199554924,114.24787107640536,175.9008500562119,33.24375170904958,13.860116480183807,22.59328409980855,34.5759572570748,114.24623249433148,218.58952347400634,156.25054230107048,76.19532353362919,137.8046340910279,38.68855604991599,8.706743213726085,7.267029361428316,1.4397138522977693,2.191070821095443,0.4784533095664739,0.42109227773295665,0.08285644271329103,21.67987290124678,8.510993655224462,7.101326280903691,6.067552965118623,2.9604586366550434,145.76292723612346,0.40297664075940404,64.950152907104,52.26519124916666,52.585170340681366,$HR$,[bpm],6.302560841637496,13.267169326142996,11.449484677945454,11.345778484305105,11.391368443017189,2.491924427629212,6.478041743235486,12.586631975569482,10.633525146605333,11.584002463108678,13.67781583250365,11.337738814914152,8.619840764621987,1.7126947276998574,0.44464419709854924,0.5620268573188063,6007.743761612979,1.2758480824438456,0.2313383269448312,0.4309629821024617,0.41161436314351424
150.21872915299312,93.99808783677082,124.74626835518872,160.55226903386892,113.84272576376293,175.5892529124755,33.22520131477764,13.87010901599011,22.601627462225736,34.57053530651222,113.8414470274595,218.18593481556536,155.83187983368256,76.02189637173036,137.40655546053364,38.653404531458634,8.703760188389362,7.26717680903478,1.4365833793545821,2.189113799563365,0.4804702691499601,0.4197482924488712,0.08292787802047118,21.60865664326822,8.48336327493282,7.078111283664258,6.047182084671142,2.960458636655044,146.06984197089395,0.40038269797526554,64.83467745062345,52.17634542927377,52.92585170340681,$HR$,[bpm],6.286733976445817,13.241709146333145,11.462013278107642,11.358640128765632,11.403723107998754,2.485651686709005,6.459287232571872,12.554791366857712,10.613607864557855,11.560259937969713,13.664195261727361,11.341036836666717,8.5952200599487,1.7055994136144432,0.4417820421001868,0.5620268573188063,6025.2232212845265,1.2830845448483559,0.23226095355507584,0.43340735417201587,0.4132559690529651
150.473269821751,94.43120955141092,125.08305784808064,160.91538721273403,113.44035067881615,175.27953920446208,33.20669614941963,13.880487176211227,22.60990763004894,34.565180613730206,113.43882948944758,217.78365939783725,155.41690552998554,75.85030385954859,137.01221841368238,38.62002887108521,8.700645818376108,7.267186157032739,1.433459661343369,2.187115481442032,0.48247238727046393,0.41840917699841185,0.08299718940133169,21.537834433988376,8.455884195641994,7.055028957502509,6.026921280843872,2.960458636655043,146.37386187673923,0.3972584486374112,64.71967646291502,52.08785167955264,53.26653306613227,$HR$,[bpm],6.271306907958711,13.216337734837174,11.474467432451746,11.371431985337708,11.416014957660845,2.4794980152794577,6.4405908466896475,12.523264470133862,10.593920694602609,11.536757495630598,13.650627657698005,11.344179582506365,8.57084624349723,1.6986542733287477,0.4389564985653097,0.5620282135174405,6042.5741904668,1.2903156681097345,0.23318296274786493,0.43584992275643947,0.4148954752440181
150.72495385526167,94.86113957009928,125.4164605407804,161.27459267465971,113.03948467208357,174.97030718526486,33.18816072532029,13.89104828155084,22.618063166546346,34.559807446863275,113.03803866534324,217.38345154630485,155.0056445507373,75.68017495901711,136.621479340247,38.58928856527985,8.697327672132651,7.2669891895299585,1.4303384826026937,2.185052947738276,0.48445485288365825,0.4170735168690677,0.0830640776848729,21.46722354870356,8.428477839848153,7.032009407462218,6.00673630139319,2.9604586366550434,146.67427665670436,0.3941739093845988,64.60495297204531,51.99937615364664,53.607214428857716,$HR$,[bpm],6.25599628100334,13.191007266573749,11.48679395411864,11.384098137727939,11.428188709093439,2.4734055305605396,6.421957338775536,12.49200793613833,10.574399617279568,11.51344026614499,13.637119531712054,11.346872684826554,8.546672594379723,1.691852417375197,0.4356069623596845,0.5620303285302612,6059.7318937439595,1.2975490562628802,0.23410445968598165,0.4382932563884602,0.41653349971019726
150.97431983058607,95.28826945933265,125.74692619768086,161.63107430395343,112.64132018151251,174.66209467561313,33.169688829188175,13.901656381659656,22.626155630375898,34.55451483468819,112.63959896992161,216.9848649268981,154.5982857493839,75.51149026760542,136.2341921874,38.560126139838744,8.693866010884125,7.266639267213248,1.4272267436708772,2.182944550155908,0.4864210056218349,0.4157435142924187,0.08312914573639318,21.396962505743005,8.401206202270279,7.009107090436976,5.9866492130357525,2.9604586366550443,146.97161295197122,0.3916846982183514,64.49099353280563,51.911269944044136,53.947895791583164,$HR$,[bpm],6.241068561473726,13.165759285191143,11.49902754945987,11.396675608546088,11.440280492262362,2.4674213456708918,6.403380285878148,12.461047602469941,10.555087838658306,11.490344739764073,13.623734033719634,11.349387316981005,8.522726943112149,1.6851975479224397,0.4328561011560758,0.5620324212732726,6076.762202978591,1.304775305501908,0.2350249931304291,0.44073417859880804,0.4181698141149668
151.22104520867222,95.71167343739513,126.07418958521177,161.9836963394134,112.24463109964714,174.3553146276648,33.151228150031876,13.912578680521527,22.634140774115753,34.54922318132389,112.24303582049572,216.5881325752144,154.19420221201904,75.3442021793261,135.8506613781785,38.53355384114591,8.690218862382803,7.266098923856233,1.42411993852657,2.1807771526732065,0.48836875133339236,0.4144176354829846,0.08319209562537716,21.326938511907,8.374018250027133,6.986277058909194,5.966643202970677,2.960458636655044,147.26557366829695,0.3886738496601567,64.37694849700749,51.82326219167025,54.28857715430862,$HR$,[bpm],6.226317601579045,13.14056093743844,11.511152665092208,11.409147017562155,11.452273419515539,2.4615044578430134,6.38487777486329,12.430347444288222,10.535946704877052,11.467438991141051,13.610341079893162,11.35160804227643,8.498982723272494,1.6786819512044322,0.4301397653422503,0.5620344949981989,6093.601315610103,1.3120055028517075,0.23594507383922975,0.44317643442372606,0.41980532500942996
151.46498849329706,96.1311825220196,126.39814033104878,162.33294381783426,111.84961345707819,174.04904724160852,33.13273012087088,13.923671009328881,22.641996220125325,34.543849479368454,111.84825294438426,216.19293912648433,153.7938193348662,75.17833450328597,135.47048497863963,38.508411327182735,8.685750336984265,7.265360834846878,1.4203895021373865,2.1785490135359016,0.4902968542880327,0.4130951225333149,0.08299817101846826,21.257138221904512,8.346911233548923,6.963516710590112,5.946710277765483,2.9604591819163475,147.55600662079644,0.385700553871947,64.26327246814093,51.7353866394994,54.62925851703407,$HR$,[bpm],6.211842789345404,13.11539330993367,11.52315090562765,11.421493304452852,11.464148350142166,2.455680751944165,6.36643903498687,12.399887520877803,10.51696434481833,11.44470456461022,13.596979033223416,11.353451545956046,8.475425253900541,1.6723055786483312,0.42745730899198686,0.5603175597548771,6110.261448577057,1.3192357314441718,0.2361402255652754,0.44561861872731906,0.4214399878322214
151.7066782909396,96.54793497717996,126.71923767853565,162.6790097635928,111.45698180095386,173.7438458242563,33.1142207302847,13.934785226738894,22.64974808869714,34.538544868614956,111.45533539651568,215.79902197026897,153.39661882956898,75.0142417909368,135.09378338969222,38.48570449539867,8.681764535931755,7.2644775481421915,1.4172869877895629,2.1762782209628115,0.49220858722507116,0.4117757839434767,0.08305632491406918,21.18768198453114,8.319933763899218,6.940870122486655,5.9268780981452664,2.960463095629311,147.84349476545935,0.383310138481563,64.1501753758195,51.647748158873064,54.96993987975952,$HR$,[bpm],6.197624720659646,13.090303406924164,11.535053768858091,11.43374702969111,11.475937322238078,2.4499261842655438,6.348059991891313,12.369716168520839,10.498175970025182,11.422181952039235,13.583732856785005,11.355202022983665,8.452091241201272,1.666062953908115,0.4248081021918177,0.5603175597548773,6126.783588777885,1.3264623927237378,0.2370557039672131,0.44805908733740496,0.4230738441802861
151.94568139029133,96.96172056561696,127.03711696387947,163.0215181240311,111.06699119541427,173.43943487776465,33.095739445028954,13.946193836434999,22.65740467367151,34.533347406734194,111.06496877912939,215.4072255955306,153.00343196743563,74.85164672140081,134.71984809105277,38.46443947109475,8.677606797910247,7.263413771294804,1.4141930266154423,2.1739529314723103,0.49410144710281306,0.41046186825018205,0.08311253281300596,21.118521042724826,8.293071494448,6.918323899741165,5.907125648535655,2.9604670167510316,148.1275969358925,0.380406507601627,64.03791114384757,51.56046575135584,55.31062124248497,$HR$,[bpm],6.183600168174608,13.0652674510018,11.546841704000524,11.445891111968203,11.487622219706733,2.444251195099092,6.329729473391596,12.33980034580972,10.479552895299873,11.39984011912114,13.570468507088705,11.356506090752111,8.428946562797803,1.6599567601203509,0.42219153054788267,0.5603175597548772,6143.184282551972,1.3336779482508245,0.23796937904647514,0.4504957970159962,0.4247044821343452
152.18255390066196,97.37153835770317,127.35226282888992,163.3612659203609,110.67794690103742,173.13671687025214,33.07735527676722,13.957817792849259,22.665025518636046,34.52811006238272,110.676332818406,215.0172626336399,152.61357298244639,74.69082416476863,134.3505715865333,38.44557510728178,8.67331512464593,7.262203744686246,1.4111113799596826,2.171583598735116,0.49597889910482107,0.4091543905000866,0.08316730867051608,21.04959255406611,8.266286524703185,6.895840850926816,5.88746517843611,2.9604709643905722,148.40885148172714,0.377538427117772,63.92517364412019,51.47323124794095,55.651302605210425,$HR$,[bpm],6.16990315417237,13.040315345115932,11.558549311987424,11.457950981123343,11.499231364682876,2.438666475637382,6.311523464223247,12.31016701795386,10.46112118133428,11.377710008912464,13.557272865573108,11.357721398785282,8.406018232682884,1.6539906766766053,0.41960699471089524,0.5603175597548771,6159.371914713045,1.3409071602532234,0.23888367999506288,0.4529371091228574,0.4263362370787874
152.41713490839834,97.77838014018033,127.66454010586868,163.6978296202355,110.2917348536401,172.83496361558068,33.05906693768573,13.969439001218662,22.672603050213336,34.52304938909023,110.2903830106138,214.6298783693104,152.22749190997138,74.53165047951121,133.98429577106987,38.42825391834304,8.668895546913047,7.260853073122434,1.408042473790613,2.16917344090132,0.4978400034573931,0.40785392182102137,0.08322025451662621,20.98100086527361,8.239632206448249,6.873470441665313,5.867898217160045,2.9604749332015756,148.6871340881497,0.3752413071245716,63.81332373173685,51.386313894675375,55.99198396793587,$HR$,[bpm],6.156322139946786,13.0154431460906,11.570164261444502,11.469921966446474,11.510757474474431,2.4331531234838377,6.293379527128339,12.28080569113728,10.44287410293136,11.355783193426523,13.54419821596765,11.358714165829438,8.383294818706808,1.6481559242855577,0.4165178509082745,0.5603195389365351,6175.453049720851,1.348125807300622,0.239796345110611,0.4553748427934517,0.42796356087409554
152.64939127565148,98.18256096790294,127.97394392766766,164.03126805767988,109.90792840875942,172.53399282163016,33.040691646716546,13.981353253206736,22.68002403407368,34.5179422705198,109.905997483337,214.24300800384148,151.84478444464713,74.37367661079664,133.62096152531822,38.41280037368254,8.664323548931065,7.259352825984201,1.4049707229468644,2.1667188936302457,0.49968469416820965,0.4065546238725502,0.0832708732603215,20.91275771479008,8.213113106050157,6.851220087925366,5.848424520814558,2.9604789326737064,148.96245180946715,0.3724391544758505,63.702187963843684,51.29968931418585,56.33266533066132,$HR$,[bpm],6.143068731269738,12.990626013178586,11.581674361388284,11.481792125369306,11.522188404083678,2.427716792612955,6.27528590337584,12.251692359947146,10.424800067051315,11.334036969348082,13.531097782972887,11.359273477383216,8.360769985594354,1.642435621288085,0.41399888845169647,0.5603215826559363,6191.406548236928,1.3553385453273195,0.24070862049739092,0.45781056921870017,0.4295901281482446
152.87894660286034,98.58324540328506,128.28015479018208,164.36130832207445,109.5253503560236,172.23392021030162,33.02232595645982,13.99340988869584,22.687335711919317,34.51278567459115,109.52339578562902,213.85840037634046,151.46478085390603,74.21711024938408,133.26102942313355,38.39904343393362,8.659571997949058,7.25766714246734,1.401904855481718,2.164208170743326,0.5015101798531533,0.40525963154399286,0.08331957800142091,20.844708032580513,8.186660661446263,6.829026030342806,5.829021340791443,2.960482953886285,149.2344055133181,0.3696706910739669,63.59104537729304,51.21304358065599,56.673346693386776,$HR$,[bpm],6.129941863117182,12.965848277375096,11.593070900001912,11.49354900950733,11.533512323964423,2.4223393272737024,6.257280061033863,12.222814556037877,10.406868723694773,11.312451159312467,13.518005347998157,11.35984154157251,8.338418351067894,1.6368398239147195,0.4115102105508199,0.560323607664774,6207.168152441578,1.3625558377874718,0.24162056273844595,0.46024782409195014,0.43121610339680855
153.1062603636609,98.98023279568787,128.58358155340304,164.6880117452028,109.14425114698012,171.93518101964693,33.00401883489544,14.005437021063607,22.69458111958244,34.507603749941474,109.14269499462992,213.47520116443962,151.08875304433718,74.06220743986322,132.90485971177037,38.38683904928513,8.654684146122126,7.255835730858677,1.3988484152634482,2.1616543163834683,0.5033195579493273,0.40397008286299624,0.08336667130913715,20.776903771897295,8.160294801665009,6.806904222513032,5.809704747719258,2.9604869944957124,149.50347351700782,0.36746176251570417,63.4798826509557,51.12663878487575,57.014028056112224,$HR$,[bpm],6.117073550442165,12.941143437545142,11.604366151038455,11.505201703637294,11.544739804750856,2.4170568797560996,6.239373829605004,12.194190732790505,10.389107451519333,11.291053509128078,13.505016066450079,11.36011331125393,8.316262326456116,1.6313700158957718,0.40852482480255936,0.5603256153149492,6222.753397057284,1.3697787281134723,0.24253230630829348,0.46268696017251026,0.43284172573829294
153.33043697433232,99.37389285375902,128.88347398378926,165.01079067988894,108.76525858784869,171.63653863190322,32.98566451110676,14.017713829046933,22.70167670757502,34.50240044052745,108.76402116000048,213.0938470382867,150.71496477311527,73.90863239672855,132.55132230640518,38.3766261609536,8.648945551186682,7.253799121125389,1.3951464300612935,2.159038889434731,0.5051070947625818,0.4026837511692775,0.08314813096945965,20.709331058541487,8.134019123040094,6.784864085347768,5.790447850153619,2.960491064383675,149.76882157518796,0.36475575313862374,63.36952460985587,51.04043250036159,57.35470941883768,$HR$,[bpm],6.1043950629869554,12.916456843608344,11.615564461339995,11.516770016011009,11.555884723057185,2.4118119841265178,6.221523472752526,12.165767747362484,10.371470948694833,11.269794048374253,13.491959056856931,11.36011316874408,8.29426138238071,1.6260198576576612,0.40662154976859494,0.5585576099691786,6238.199801170801,1.3769913621289382,0.2426737367839394,0.46512262059997295,0.43446500853749037
153.55356992766318,99.76578703439553,129.18158396784852,165.33203909727834,108.38897250421581,171.3398699988728,32.967489025132245,14.03021877870269,22.70880289306923,34.497389289053935,108.38767456248195,212.7144265193418,150.34579600375886,73.75721520922114,132.2015092117269,38.367557989395024,8.643828995951473,7.251719797983857,1.392109197967616,2.1564145481298516,0.5068861827578951,0.4014054584358268,0.0831917765103585,20.642199104354425,8.107911283877142,6.7629648843628605,5.771322936114426,2.960495144040071,150.03245094611938,0.3620817008017729,63.2596327433474,50.95454799941669,57.69539078156313,$HR$,[bpm],6.091922519714894,12.89192161923596,11.626694667526406,11.528261333110276,11.56696216450345,2.406678444235821,6.203776004121673,12.1376694512114,10.354072338745585,11.24879063278772,13.479024179890873,11.360060903339296,8.272506813324986,1.6207976927740764,0.4042205194295654,0.5585576099691785,6253.544125042832,1.3842040152219715,0.24358025913100645,0.4675582792319676,0.43608797872156346
153.77414657802981,100.15357906924305,129.47666556102354,165.64966014310795,108.01434480218529,171.04411879671628,32.949254750830704,14.042661595010772,22.71578334447967,34.49231960392517,108.01303261012019,212.33664733216773,149.97927372529722,73.6072015209524,131.85469288972294,38.360789728218194,8.637199563048547,7.248126133490953,1.3890734295575937,2.153739563341594,0.5081003283213946,0.4001298601942635,0.08323332255272585,20.57531720576207,8.081896502137324,6.741147079788826,5.752273623835916,2.957316822023698,150.1313761930215,0.3604733996832671,63.149990518270286,50.868766163172275,58.036072144288575,$HR$,[bpm],6.079728470268174,12.867418723708141,11.637714870135166,11.539645328644616,11.577937486521561,2.401569977435266,6.186100216363634,12.109787497482383,10.336803802250841,11.227931655826508,13.466140307169665,11.359643913127103,8.25089268624785,1.615687159504958,0.40184767798263776,0.5585576099691782,6268.728307557687,1.3899207227333394,0.24448613987272944,0.4699938513122222,0.43770980022315054
153.9923062433812,100.53846712559793,129.76885044904898,165.96413853083632,107.64159226359315,170.7494149397839,32.93098861819667,14.055361630752557,22.722639580268034,34.48719268488392,107.64014454836489,211.95996677559617,149.6156226586901,73.45843495903773,131.5106965774795,38.35442356890651,8.631759350944295,7.245718898052193,1.3860404528921022,2.1510200303566958,0.5098413103149274,0.39885740103642464,0.083272864366869,20.50870665712664,8.055983871010106,6.719417845991448,5.733304940125088,2.9573168220236985,150.38836530781992,0.35785554981404194,63.04067999386926,50.78324279146752,58.37675350701403,$HR$,[bpm],6.06759486649635,12.842969096731853,11.648623880839233,11.550919603664774,11.588808637179008,2.3965606030267255,6.168497572850834,12.087840607819896,10.31968537050516,11.207235565201442,13.453217749299421,11.35914055192911,8.229456002265332,1.6106904753548192,0.39898837163174794,0.558558143378696,6283.766698674286,1.3971213370715319,0.24539147687854335,0.4724286984292331,0.4393302287102647
154.20830241472228,100.92072701758207,130.05833986977788,166.2757813581864,107.27073007411745,170.45565810488955,32.91286991054414,14.068176636463717,22.729486604452163,34.48215935812899,107.269662408086,211.58596373486145,149.25570019555062,73.31108302559359,131.17025263461036,38.350488117631485,8.626209873255103,7.243184985404997,1.3830248878501066,2.148264655244977,0.5115666396351027,0.39759326307966675,0.08331116287566116,20.442357774571235,8.03016818810876,6.6977682681216395,5.714421318340834,2.9573168220236985,150.64261139083138,0.3552680777248693,62.93175085341469,50.697910444808954,58.71743486973948,$HR$,[bpm],6.055754823707083,12.818605143344653,11.65943529840376,11.562093450392295,11.599586225450127,2.3915859023598034,6.1509950579164485,12.068549527440947,10.302732372616191,11.186726848479882,13.44035332384211,11.358447329125898,8.208205989460689,1.6058140423273262,0.3966734220352497,0.5585601441811318,6298.662106556395,1.4043216755096812,0.24629605587101358,0.47486345225220095,0.4409481385967701
154.4225286604747,101.30003098778073,130.34548871212326,166.5847077671346,106.90219534255725,170.16306382883016,32.89477965260212,14.081019140458249,22.736252856643187,34.47716546632797,106.90100777808813,211.21319658788082,148.89866782855827,73.16552295877331,130.83282836816915,38.34745614450535,8.620567213033896,7.240551989105801,1.380015223928095,2.1454822176257666,0.513278753555453,0.3963331038769856,0.08334788145963834,20.376369076472383,8.004489469953269,6.676238162500859,5.695641444018249,2.9573168220236985,150.89448656466618,0.353218686031173,62.82338419228978,50.612844985568486,59.05811623246493,$HR$,[bpm],6.044065572102327,12.794331259360252,11.670188019794042,11.573210258383453,11.610311726273055,2.386706080403189,6.133583608719479,12.049433461458843,10.285956255659611,11.166408687834082,13.42758658760771,11.357487165065166,8.187155542721076,1.6010484221736914,0.3943851803743745,0.558562125487507,6313.442278046417,1.4115190626454406,0.24720031870531256,0.47729720810891507,0.44256548631821174
154.63419169925493,101.67577545404345,130.62963498236937,166.89044923296174,106.53567125118045,169.87135605328547,32.87661603070456,14.094096200596603,22.7428562634,34.47210284750087,106.5339500087353,210.84170897227202,148.54481897304117,73.02143047963332,130.4978389288189,38.3458866798561,8.61476641570016,7.237762096849338,1.3770043188508208,2.1426541286750487,0.5149727399628937,0.39507458784595445,0.08338245233730601,20.31066623859849,7.9789228467749815,6.654806944662511,5.676936447160998,2.957316822023698,151.14328183731809,0.35068748949373474,62.715500556646056,50.52792947279027,59.39879759519038,$HR$,[bpm],6.032557973774297,12.770095883756323,11.680814005917467,11.58420419125968,11.620918907796785,2.3818547564311814,6.116221247302041,12.030442995895985,10.269309296688615,11.146232206112385,13.414756342560223,11.356451221245251,8.166265485783867,1.5963837568516854,0.39161787371418505,0.5585640887740991,6328.0907733166105,1.4187105601556285,0.24810390987866288,0.47972897242196794,0.44418163441761094
154.8442315057941,102.04938675214645,130.9115809055343,167.19372982774397,106.17058273143354,169.58139173922785,32.858585012603086,14.107242184371678,22.74945288966425,34.467060901328175,106.16887399858648,210.47223155777928,148.19414356704976,72.87910191128788,130.16665868878295,38.345976579854494,8.608220470378097,7.234879483667793,1.3733409867103044,2.1398007007678754,0.5166543738938294,0.39382355335330127,0.08314432742324522,20.245241369226147,7.953453802399737,6.633456176625337,5.658331390201067,2.9573168220236985,151.38985849526944,0.34868759438424335,62.60744863722804,50.443174005802646,59.739478957915836,$HR$,[bpm],6.021289141846568,12.74596136185333,11.691384755856967,11.59513823978062,11.631473164861491,2.377092840487621,6.098994168583856,12.011642648676107,10.252803763987899,11.12625095671607,13.402010180890075,11.355222078812101,8.14557088531349,1.5918223680025219,0.3898869931443413,0.556746321300885,6342.575293034137,1.4259115340660928,0.24819645832472118,0.4821639411263141,0.4457981109687247
155.05201649651997,102.42010208481159,131.1907915158085,167.49396135540795,105.80779854242802,169.29223960801082,32.84069946221792,14.120439680823278,22.756034780907946,34.462154944174756,105.80639073540901,210.1053638068131,147.84654885746326,72.73842865373467,129.83860883658164,38.347041655539456,8.602233792599122,7.231870733470877,1.3703630591282463,2.1369122797120235,0.5183197257639427,0.3925807530263716,0.08317658808267162,20.180091977513186,7.928091448277688,6.612194333836547,5.63980619539895,2.9573168220236985,151.63365256588716,0.34621079719312625,62.500087887915946,50.358728981662495,60.08016032064128,$HR$,[bpm],6.010117774664357,12.721912323784894,11.70185697126655,11.605973245252532,11.641933634583923,2.3723870169292143,6.081854288950131,11.993003933692535,10.236420423547713,11.106445390605087,13.389340962216812,11.353850510977145,8.125052945412095,1.5873721005387784,0.38767615962751223,0.5567463213008844,6356.949499603191,1.4331046922319566,0.24909506864105344,0.48459626698071523,0.4474121500417316
155.257510033064,102.78704999990121,131.46725744461915,167.79110464808798,105.44682964644365,169.00370152399734,32.822673221182285,14.133859438824436,22.762424333136444,34.45715614259424,105.44511479429873,209.73885082511435,147.50187916598279,72.59890223305327,129.51257724968067,38.349838290477024,8.596104294254626,7.228725207386847,1.3673790868677784,2.1339847702668324,0.5199685660692843,0.391337805369663,0.08320653888553156,20.11524995750321,7.902847289797712,6.591038076535918,5.621364591169576,2.9573168220236985,151.87464393202123,0.3437619307166021,62.393207187518875,50.27447913415983,60.42084168336673,$HR$,[bpm],5.999200003623427,12.697900813780517,11.712214145941141,11.616696520506645,11.652286871152413,2.367728133354581,6.064768848725216,11.974479147232172,10.220176787408782,11.086777457560729,13.376607028029762,11.352294500952736,8.104694168517574,1.5830093818654383,0.38499349177076103,0.5567463213008846,6371.186200080713,1.4402959713558674,0.2499935154503041,0.48702795744768046,0.4490258954314655
155.46093609161545,103.15164507695762,131.7411632098613,168.08552749568182,105.08730277724005,168.71609170711932,32.80465970108752,14.147238070455074,22.768725766361182,34.45203595113011,105.08550554680637,209.37428905702453,147.15958599860105,72.46059363168291,129.19000485116246,38.353066545528755,8.589851617652934,7.225449242124945,1.3644023755279897,2.131020154163358,0.5216014889768634,0.3900992976599313,0.08323500133518653,20.050648554079615,7.877689729084034,6.5699549422729575,5.6030038827226285,2.9573194465765202,152.11300005050867,0.34183450564332296,62.286472922609605,50.190262624932714,60.76152304609219,$HR$,[bpm],5.988360596364314,12.673954098399479,11.722491091369777,11.627338645474811,11.662564220818922,2.3631367631809996,6.047793715132097,11.956086847453454,10.204057563842674,11.06726026469306,13.363920447903215,11.350494508549644,8.084498160630037,1.5787501650567346,0.38283488710054236,0.5567463213008848,6385.264569550939,1.447491714322061,0.2508919093494175,0.4894607229522397,0.45063954578664733
155.6628901712401,103.5141646260165,132.01303934503284,168.37752671618026,104.7303347602986,168.43073253459596,32.78690401551854,14.160771651478655,22.775094276209764,34.44721099306597,104.72867654845663,209.01213501901304,146.82144784042535,72.32420133360007,128.87058590254017,38.35818718123285,8.583568370703713,7.222117682526482,1.361450688177231,2.128044077736363,0.523223272884158,0.38887143184177514,0.08326299424653022,19.98641152370563,7.85267232764864,6.548988484566957,5.584750711490034,2.9573239291537456,152.34940984882,0.3394373474044336,62.180062500640624,50.106505317947146,61.102204408817634,$HR$,[bpm],5.977761929777762,12.650144518313256,11.732703854657816,11.637914508112802,11.672781702173948,2.3585998153637333,6.030926444599938,11.937902455537909,10.188146332475293,11.047963158714852,13.351354301744125,11.348725414522546,8.064511743835169,1.5746015031089202,0.3807003534564921,0.5567474309693784,6399.254322327664,1.4546827354033525,0.25178932222081546,0.4918915784175249,0.45225053267405935
155.86283450053426,103.87292490140429,132.28239536842807,168.66702061150357,104.37556134851819,168.14621567837582,32.76912643041762,14.174549974339797,22.781340898542485,34.44232967987207,104.37348838474223,208.6515286462229,146.48589281252845,72.18941732457995,128.55359016948594,38.36439930154751,8.57717537429081,7.2186745821514915,1.3585007921393188,2.1250375350003483,0.5248301813213961,0.3876461509874769,0.08328913036996982,19.922507485028284,7.827785486596132,6.528136710901726,5.56658528753043,2.957328408757493,152.58329165257769,0.3370667721336207,62.07428512584791,50.022872615379534,61.44288577154309,$HR$,[bpm],5.967335116745935,12.626401434328162,11.74282710844434,11.648231869302261,11.68291856709167,2.354134351418814,6.014127235150535,11.919850399906311,10.172385304236661,11.028820238904666,13.338750793407506,11.34668829497035,8.044693499958527,1.5705440183839492,0.3781009878716266,0.5567493726067143,6413.135693277691,1.4618679859655088,0.25268626391106824,0.4943204757498358,0.45385998861208393
156.06032080233604,104.22900004875257,132.54890904542523,168.95322260589737,104.02162139064166,167.86200050973636,32.751303363846205,14.188183361677929,22.787451293655693,34.437297640032654,104.01965332275199,208.2918502116991,146.15259153219037,72.05593707498653,128.2394728303562,38.37127202424991,8.57062772768906,7.215073967249312,1.3555537604397478,2.121984858467618,0.5264191932597443,0.38642379087900797,0.08331351011275945,19.85877407937493,7.802956434057333,6.507332949255764,5.548484696061835,2.9573328944021235,152.81421880482768,0.33520814899827467,61.96853431673964,49.9393774730172,61.78356713426854,$HR$,[bpm],5.957000053582906,12.60269016898762,11.752829096895024,11.658349456997732,11.69293863878584,2.349691186579057,5.997427660205011,11.90189618448942,10.15671538055656,11.009795083874607,13.326176453349463,11.34444105002626,8.025011246279893,1.566577517907943,0.3760160975719777,0.5567512971708797,6426.826828604173,1.4690620734601976,0.2535833494496543,0.4967523528517726,0.4554697056625336
156.25649270092865,104.58319496033592,132.8135454888284,169.2372260520971,103.6702411062568,167.57938883736412,32.73370662760946,14.202013208936126,22.793609154037267,34.43251685975141,103.6684679306085,207.93516046465902,145.82317123385408,71.92436667818114,127.92859066945721,38.380065721006495,8.564058029639451,7.211428531386493,1.352629498252958,2.118923895120524,0.5279982721097575,0.38521106269125205,0.0833375138343407,19.79541935300449,7.778273026126604,6.486651971666254,5.53049435521163,2.957337396523247,153.04335906482578,0.33288676596362693,61.863360300752035,49.85615116700196,62.12424849699399,$HR$,[bpm],5.9469362689204015,12.579117402921039,11.762787154595406,11.668427742440775,11.70291988364337,2.3453445045356194,5.980840447619547,11.884139757714772,10.141247281291754,10.99098176326281,13.313700253454659,11.342251954971001,8.00553289457116,1.56271438500468,0.3739540738110991,0.5567532038977557,6440.435820228378,1.4762515976784891,0.2544794709584825,0.49918267675985295,0.4570776947072874
156.45053970758968,104.93386766937817,133.0756008742093,169.5184997499444,103.32048429478051,167.29829409361463,32.716093119806494,14.216064945936688,22.799659928454844,34.4276417576304,103.31882376166571,207.57948073288222,145.49596979817647,71.79399548921289,127.62010955763981,38.38912777178755,8.556680844767852,7.207660291739692,1.349020553028161,2.115828823592706,0.5295615389031036,0.38400184966204887,0.0830796759591548,19.73233721649971,7.753694338346863,6.466061139673949,5.512581738478897,2.9573419002809036,153.26986929321464,0.331071214144127,61.75824138228556,49.77313913537466,62.46492985971944,$HR$,[bpm],5.936908836157805,12.555603059723156,11.772644089079831,11.678406092611011,11.712802072156013,2.341015252713888,5.964331816505565,11.866500969433647,10.125901187799725,10.972308386207395,13.30117812683278,11.339760506543726,7.9862078640995735,1.5589343398015232,0.372395052194047,0.5548830266545336,6453.906804545709,1.4834412589078179,0.25451680621679246,0.5016130393198409,0.4586855138664259
156.64280421089586,105.28202038311157,133.33538741819797,169.79743566866773,102.9733192334837,167.0182705261826,32.69852490468408,14.229971077822091,22.805642440158824,34.42286359082648,102.97130891068659,207.22563333111907,145.17199769421478,71.66485310535434,127.31411194680466,38.399504243756155,8.549918419915292,7.203809147347662,1.3461092725676307,2.1127131657173353,0.5311116909280557,0.3827975548235579,0.08310052345596687,19.669587194792953,7.7292443833896645,6.445581045260063,5.494761766143231,2.957346422129515,153.49415131627498,0.32879745552418843,61.65392499220085,49.69043030798805,62.80561122244489,$HR$,[bpm],5.927105553887337,12.532175086392227,11.782420463982596,11.688304165626452,11.722604755331838,2.33675738926556,5.947904315228204,11.849001067663234,10.110712235669478,10.95379641677688,13.288758538515683,11.337124932727873,7.967051965777231,1.5552309529011317,0.369897137464712,0.5548830266545339,6467.3022540628845,1.4906206040444259,0.2554078067158502,0.5040399031003833,0.46029125860226616
156.8329596979973,105.62783178372396,133.59264542528751,170.07319013692552,102.62678962191613,166.73885150553838,32.680935975954355,14.244026476036021,22.811513069503743,34.41791192857367,102.62495617385217,206.87299756468448,144.85038880430372,71.53712719505195,127.0110342694971,38.41114254138812,8.543032765726352,7.199830334132144,1.3432024315942082,2.1095613711937204,0.5326460817055246,0.38159654736883425,0.08311988823856747,19.60704195130652,7.704865717305161,6.425160852451457,5.477015381549898,2.9573509282760138,153.71583213249932,0.3265482312720943,61.549416165018556,49.60770974557164,63.14629258517034,$HR$,[bpm],5.917433155655889,12.508803466774312,11.79209520265387,11.69810525627453,11.73231041680179,2.332538361182553,5.9315847242594675,11.831609512468441,10.095628763922768,10.935416023668935,13.276329137929459,11.334433224906228,7.948042667857127,1.5516111655841953,0.36790150073449923,0.5548830266545339,6480.50128454224,1.4978139012123306,0.25629964924228754,0.5064714798948396,0.4618985208243859
157.0219241132758,105.97097896830797,133.8481569121795,170.3473044653707,102.28324870868477,166.46102477882232,32.66357532489662,14.258374784040848,22.817432976047357,34.41317874732449,102.2812700977009,206.5228709467057,144.53198789638876,71.41128978442865,126.71077992866009,38.42316548520351,8.534657225315522,7.194339515532047,1.340317709783476,2.106405847044237,0.533569565773668,0.3804048449309543,0.08313893953387341,19.544907263836933,7.680649114504331,6.404878345018979,5.4593798043136195,2.9540227305270843,153.762433035678,0.32526869495353733,61.4457641628658,49.52539620858511,63.48697394789579,$HR$,[bpm],5.907897687972426,12.485566817740516,11.801735364616869,11.707874088962761,11.741984844903396,2.3283822543653665,5.915363969873123,11.814405378776264,10.080739351250195,10.91723981244755,13.263940255966906,11.331521193064082,7.929217949665628,1.5480869309242862,0.3659272818227295,0.554883026654534,6493.653946074415,1.5033002468821874,0.2571903379904188,0.5088993498076281,0.463503703728432
157.20851330995526,106.31105440872241,134.10090831857156,170.61834202412913,101.9409863216075,166.18411360278392,32.64615287105677,14.272459579910828,22.823202136612803,34.40836748080474,101.9389575760925,206.17382140063634,144.21624708183487,71.28675176879901,126.4128554652678,38.43659652950559,8.527615325272619,7.1901822372191235,1.3374330880534953,2.1032104161221477,0.535075046162049,0.37921520444286355,0.08315596956262233,19.482976607973733,7.656507190321996,6.384659775011602,5.441809642640134,2.9540227305270843,153.9792025874148,0.32306231608740005,61.3421969835628,49.44321101659412,63.827655310621246,$HR$,[bpm],5.898571099669878,12.462369242876882,11.811252803015051,11.717523160848332,11.751540013843488,2.324273205962414,5.8992192912985715,11.797289183157657,10.065951864419743,10.899177207239365,13.251625384199285,11.32860628328457,7.910515812399661,1.5446395769590378,0.3635038869513249,0.5548846953043481,6506.654136960318,1.510473933434733,0.25808080328651706,0.5113277964402191,0.4651070852566272
157.39347895806154,106.64912653957697,134.3515654151321,170.88688426370592,101.60063429716575,165.9086072788095,32.62884489327862,14.286802066214422,22.82894977789015,34.40359911605529,101.59866520053016,205.82663501019462,143.9030291938661,71.1638098695156,126.1174814001299,38.45074743369095,8.520514092763884,7.185951058668891,1.3345630340949926,2.099997430428774,0.5365680405748403,0.3780323183985738,0.0831721670058947,19.42135675288776,7.632484409304933,6.364541866240039,5.424330477342789,2.954022730527085,154.1938733623768,0.3213471195310335,61.238916993875925,49.36128173863308,64.16833667334669,$HR$,[bpm],5.889275077876236,12.439268931536576,11.820696571233292,11.727102209516014,11.76102547450863,2.320202391497595,5.883170272717818,11.780316089702609,10.051314340229997,10.88127890407579,13.23933040834322,11.32555077387397,7.891980479564657,1.5412729077790288,0.3615739787445253,0.5548865821299599,6519.543707806107,1.5176467590879812,0.258970871806973,0.5137559516399482,0.4667095585784402
157.57699215081132,106.98454558691763,134.6002629719434,171.15335866283368,101.26278943757485,165.63436076902306,32.61161736711012,14.301304059247903,22.834659017249702,34.39890255470368,101.26046439103104,205.48134099864768,143.59293602653108,71.04232016441533,125.82461130515462,38.46539845240913,8.513367329993523,7.181662904879577,1.3317044251139463,2.0967718267273363,0.5380504923294023,0.3768549988303702,0.08318745040294133,19.360091490459595,7.608599106618893,6.344542203131974,5.40695018070873,2.9540227305270843,154.4067329557781,0.3191847554718645,61.13634210161605,49.279639649469416,64.50901803607215,$HR$,[bpm],5.880204771823586,12.416271508623744,11.830081472544377,11.736623238300956,11.770453913713435,2.316202580287309,5.867205669297387,11.76349159326313,10.036835956636619,10.863551033230975,13.227044480648384,11.322280419565168,7.87362037219018,1.5379825387929922,0.3596644547809785,0.5548884569879915,6532.363110211492,1.5248121626252922,0.2598601222650741,0.5161815942943746,0.468310556820067
157.7585835659965,107.31706877270841,134.8466181082938,171.41727259169576,100.92577455248181,165.36087270968866,32.59444954015457,14.315664868093489,22.840310273077325,34.394208937162894,100.9237248175163,205.1374938014959,143.285415898584,70.9218124140264,125.53432594772167,38.48132481128628,8.506126508001026,7.177270167133233,1.328856340867793,2.0935185337865323,0.5395181195196598,0.3756829668615295,0.08320172454814237,19.299039319590968,7.584789774437751,6.324604914101951,5.389644631051265,2.9540227305270843,154.6171752865557,0.31704511093618504,61.033648951326846,49.19808804682801,64.8496993987976,$HR$,[bpm],5.87125298411254,12.39334890376555,11.839365642871497,11.746048330008263,11.779785987554776,2.312220890466862,5.851345675625296,11.746782775401353,10.022470746583272,10.845961088238521,13.214885260886138,11.319116479954294,7.855406849758455,1.534764003340372,0.3573121542229706,0.5548903124796929,6545.006141319262,1.5319889886617033,0.2607499691472844,0.5186111037095342,0.46991263549375256
157.93852500743273,107.64766542268688,135.0908760478465,171.67884949612915,100.59151281929006,165.08856937089848,32.577344480722495,14.330258425115272,22.845904840082067,34.38955924030555,100.58913313973196,204.79566303412196,142.98026130885071,70.80285715149802,125.2460434608709,38.4974218365738,8.498117758174091,7.172808973728911,1.3253087844451805,2.090249308384581,0.5409738516678215,0.3745162869697073,0.08292630833321166,19.238345533397297,7.561123309715409,6.304790778165445,5.372431445516446,2.954022730527085,154.8256294237755,0.31538825053473557,60.93184597977511,49.11682779286802,65.19038076152304,$HR$,[bpm],5.862405501866309,12.370514769901146,11.848571087892708,11.75539533391645,11.78904121690011,2.3083081218631643,5.835550406863151,11.730205618901943,10.008252892731262,10.828524661223156,13.202719714440724,11.315672621715418,7.837352847695293,1.5316060113995835,0.3559052812603658,0.5529670803247114,6557.599022067146,1.5391520127738367,0.2607309219055357,0.5210359408775458,0.4715125568640184
158.11695684941648,107.97558177826906,135.33314559574927,171.93811003595061,100.25834203856124,164.81806711940652,32.56033872480434,14.344913950450023,22.851470575371415,34.38489341704503,100.25617748056288,204.4553586062253,142.67839187631762,70.6854902426572,124.96038890598359,38.51425449867182,8.490760781900239,7.168277829880284,1.322482952019954,2.086963406418664,0.5424178252399884,0.3733554041082031,0.0829384788267375,19.177920444997188,7.5375551403251855,6.285059034549042,5.355306270122964,2.954022730527086,155.03212288948762,0.31329059024925304,60.82970380057097,49.035729933424335,65.5310621242485,$HR$,[bpm],5.853772184130045,12.347777662664079,11.857703905939525,11.764673352936729,11.798227306649846,2.304423956952035,5.819861664333024,11.713763112511845,9.994168806043294,10.811245951350319,13.190569721197232,11.312158139040092,7.819461665611263,1.5285111070168687,0.3540550091559541,0.5529670803247112,6570.035640603112,1.5463264177045672,0.2616160176550739,0.5234646306965473,0.47311318695761917
158.29391981932167,108.30097529532664,135.57349196013567,172.19561042496335,99.92740286240628,164.5487450231114,32.54342411085224,14.35953885783714,22.856994059131054,34.38031383838508,99.92500776771186,204.11681798396373,142.3790041380883,70.56971767563482,124.67709124480753,38.532212184352666,8.48335743034699,7.163689509764799,1.3196679205821915,2.083665542690572,0.5438505181894278,0.372199768420317,0.08294979279195598,19.117821434666713,7.514112425240153,6.265434396426989,5.338274612999569,2.954023421858625,155.2367498864491,0.31167028601005714,60.72814645190468,48.954813598731675,65.87174348697394,$HR$,[bpm],5.845176361875382,12.325143503771061,11.866765894362297,11.773882608877456,11.80734496191909,2.300597146915243,5.804262284519529,11.697457880889065,9.980232004074796,10.794127488391606,13.178564178745914,11.308620753387718,7.801735869559087,1.5254815028714137,0.3517682175435148,0.552967080324711,6582.392248671932,1.553495291979121,0.26250096344918844,0.5258913251952776,0.47471354586794523
158.469238288147,108.62445262142165,135.81175511666865,172.45054594107967,99.59839378163666,164.28031478867655,32.526636593236425,14.37437992600358,22.862505346948073,34.375807863908015,99.59609580047145,203.78035640402248,142.082165209773,70.4554545612625,124.3960647165536,38.5501596226231,8.475893427132554,7.159023983813832,1.3168694433187227,2.080349386567675,0.5452701190477036,0.3710515296831703,0.0829604391455788,19.058005648322844,7.490778672313168,6.245900823188478,5.321326152821194,2.9540282284651176,155.4393498152784,0.3096133417798488,60.627101859255596,48.87423771259313,66.2124248496994,$HR$,[bpm],5.836763579860993,12.302599321246502,11.875747997927345,11.783014913277519,11.816385789387322,2.296815274199149,5.788754469595838,11.681277182133837,9.966425188383676,10.77715468834417,13.166548805292381,11.304864604963766,7.78415948538285,1.5225238266448986,0.3499582721142654,0.5529674582338538,6594.651163417386,1.5606612106222275,0.26338485266268474,0.5283162820123526,0.47631166850924783
158.64285493979534,108.94514374850831,136.0478926413319,172.70302876559992,99.27107064788056,164.01284826116407,32.509860170296236,14.389170773765866,22.867931034443792,34.371246812805715,99.26867509731196,203.4450637714701,141.788044312754,70.34238523278184,124.11710886155967,38.56882213842228,8.468359274648286,7.154282656955293,1.3140766176929934,2.077014988529085,0.5466771484446115,0.3699069454872706,0.08296972837166987,18.9984818917386,7.467556898685396,6.226463573486352,5.304461419566849,2.9540330561669372,155.63989768412355,0.30757745629815814,60.526398815907015,48.79384795928029,66.55310621242485,$HR$,[bpm],5.82848119367696,12.280134752977634,11.884638866018076,11.792057954616416,11.825337709235539,2.2930642284070673,5.773321405373352,11.665206642415752,9.952741713871893,10.76031831343919,13.154544553668376,11.301045315245329,7.76672990129661,1.5196221753509473,0.34816685668941066,0.5529693146961254,6606.7981086495265,1.567827330443388,0.26426882010130076,0.5307412952506878,0.477908652574194
158.815027135493,109.26338193206693,136.28214765228282,172.95368373493525,98.9452371631951,163.7470614235437,32.49319400286597,14.404005186346327,22.873334145190302,34.36678119513921,98.9430625960977,203.11188038885766,141.49626412147057,70.23034970416532,123.84033652062809,38.58859354504011,8.46078007687748,7.1494825836104745,1.3112974932670063,2.0736680128165887,0.5480728748299458,0.3687686155802572,0.08297833290226575,18.939259151032854,7.444450114988119,6.207123269843735,5.287685766200995,2.9540378327225576,155.83857984042268,0.30601100430382955,60.42565668233034,48.71357717070573,66.8937875751503,$HR$,[bpm],5.820276957313791,12.257769617000154,11.89345723726683,11.801031131277082,11.834219638782333,2.289376573756295,5.757983209984904,11.649268298945858,9.939196961977247,10.743634334205893,13.142665528404137,11.29713564439234,7.7494566165348076,1.516785253180571,0.34594499166899206,0.5529711533207593,6618.82167636764,1.5749982951012658,0.2651526932364307,0.5331679498666696,0.47950547084438033
158.98573249306105,109.57982184193611,136.51447043640243,173.20218912808642,98.62190823217966,163.4826127212107,32.476612608989946,14.419067710892536,22.87870696138678,34.36237472092571,98.61948356055667,202.78017686201963,141.20736215881448,70.11987893010453,123.56591801301937,38.608035024929904,8.453157982864209,7.144626815961492,1.3085311669027169,2.070309283956495,0.549457714401835,0.36763615145135875,0.0829862741188514,18.880336984234077,7.421458156523385,6.187880277447665,5.27099855026303,2.9540426788630834,156.03546567774023,0.3040140040213847,60.32562520906186,48.63369047540659,67.23446893787576,$HR$,[bpm],5.812270955021882,12.235505133805013,11.902201521953724,11.809932950158306,11.843030358133975,2.285705018069075,5.7427342700218045,11.633455690082524,9.92578635723563,10.727101410471745,13.130787190871834,11.293006449137819,7.732340080889288,1.5140101198580076,0.34419206622685405,0.5529729802403229,6630.791625630517,1.5821582493658028,0.26603585075557595,0.535590856789762,0.4811009945548449
159.15490483243303,109.89357501968564,136.7448559614349,173.44826394828087,98.2998893539422,163.21916447720818,32.46011617664822,14.433990120088898,22.88402979582939,34.35794398333864,98.29748536565064,202.45026641099278,140.920874911736,70.01081019955836,123.29338303074395,38.62831253986797,8.44475174285452,7.139706632112497,1.3050451107420222,2.0669361101962536,0.5508308134267127,0.366508679630454,0.08269664993947373,18.821708501152397,7.398579174010679,6.168733230876768,5.2543960962649425,2.9540474960825542,156.2304383179636,0.3024813118302924,60.22570307157083,48.55389281933453,67.5751503006012,$HR$,[bpm],5.80430857230446,12.213326958670768,11.910864318705931,11.818754814823274,11.85176113828821,2.2820968217423068,5.727570541218284,11.617758118095237,9.912497092604454,10.710705621745536,13.118944653476435,11.288905480493142,7.715367780636117,1.5112839818087442,0.3429009878604783,0.5509978598642044,6642.629797625112,1.589324660940711,0.2659648888593555,0.5380159469501961,0.48269677295099406
159.322678172664,110.20502416482405,136.9733959536169,173.69270376348274,97.97987276079867,162.95683992447778,32.44372429516667,14.449038488992537,22.88932815001857,34.353608250949925,97.97739002213814,202.1220644517001,140.63667927990056,69.90327154460593,123.02316918551512,38.64958419130442,8.43703605477872,7.134734379073133,1.3023016757055865,2.0635523771835107,0.552193305366543,0.3653872895556209,0.0827028225198208,18.763380350852373,7.3758150170487795,6.14968321531288,5.237882118490717,2.9540523213093204,156.423666420963,0.30052205211487415,60.12627196637303,48.47436636268437,67.91583166332666,$HR$,[bpm],5.796499912130784,12.191252886181003,11.919451606018617,11.827504728121124,11.860419801485554,2.2785124837090955,5.712496222069577,11.602189821689604,9.899342631396276,10.694458714990189,13.107211024589487,11.284625386859137,7.698549128487508,1.5086065984931987,0.34073897379495294,0.5509978598642042,6654.3845448165675,1.5964877480790876,0.26684376308279384,0.5404399023547012,0.48429183218344735
159.4891339826925,110.5148414726235,137.20017793563093,173.93506921152218,97.66163472199773,162.69576195951637,32.427439470868826,14.464307898708313,22.894607346263626,34.34931261335636,97.6591523321701,201.79556220011577,140.3555673371767,69.79724007253876,122.754950903557,38.67041354245985,8.42928693377795,7.129714959946187,1.2995719738317633,2.0601596747181112,0.5535455935526967,0.36427205416223873,0.0827084230051447,18.705363547383058,7.353170566478217,6.130734742534732,5.221458238370115,2.9540571412771737,156.6152131438792,0.29858235048234627,60.02715347084388,48.395094157384825,68.2565130260521,$HR$,[bpm],5.78884689579073,12.169280908064286,11.927976141335485,11.836192901337865,11.86901687413896,2.2749789611602815,5.697515255301304,11.586749250169433,9.886321954077724,10.678361992068218,13.095478098727733,11.280162684334991,7.68188398574201,1.505987007406816,0.3390382801500574,0.5509978598642042,6666.042642547581,1.6036513579738647,0.2677223797824429,0.542864027769122,0.485886424038787
159.65420885265692,110.82193672375247,137.42515747954826,174.175189637686,97.34528762421948,162.43650985840614,32.41128346111791,14.479361892793388,22.899881892381572,34.34511616660482,97.34282419205867,201.47118653374247,140.0767304022999,69.69254398938342,122.48907689669757,38.69212651040598,8.419893912803563,7.123036304382723,1.2968576084208385,2.0567583705623997,0.5542319970728536,0.36316349036220275,0.08271358623163409,18.647633176761225,7.33063512467703,6.1118774415133545,5.205120610570841,2.9505726453907353,156.6198322185605,0.29753702442807733,59.928206847754936,48.31600283237309,68.59719438877755,$HR$,[bpm],5.781233908338661,12.147412803090315,11.936424273503743,11.844808450437382,11.877540908649351,2.2714902751894788,5.682628713664085,11.571435020394146,9.873427148110506,10.662412042261854,13.083823495226683,11.275762258885457,7.665368664775408,1.50342237615813,0.3373544791677171,0.5509978598642046,6677.613617990046,1.6089102620268343,0.26860076195736377,0.5452874595513547,0.4874805902577578
159.81784924773535,111.12688089389486,137.64827855334593,174.4136474773259,97.0306811869212,162.1782719656043,32.39517788639124,14.494614476100871,22.905100348170873,34.340909861514206,97.02812769637231,201.1481001557299,139.8001702015204,69.5886210845279,122.22486766676903,38.714688057475094,8.412060633913537,7.117908132836738,1.2941525010767985,2.0533454826081603,0.5555602624474243,0.3620596576667211,0.0827177817953921,18.590205343893185,7.308217341661868,6.09312053150932,5.188867470721994,2.9505726453907353,156.80739645899317,0.29563124585548584,59.82964302856799,48.237158402814956,68.93787575150301,$HR$,[bpm],5.773799447075939,12.125636080269103,11.944794333791481,11.853346787189993,11.885987862270948,2.268026906569278,5.667821728877175,11.556227981974391,9.860653750594992,10.646594683332987,13.072239268910531,11.271114545354926,7.64899385269061,1.5009095733202107,0.3352519282897263,0.5509988677002584,6689.089043747675,1.616059936309396,0.26947900983141976,0.5477106075777999,0.4890736181657917
159.98012594705858,111.43019826963531,137.86963577209386,174.65002464868886,96.71787047377032,161.9211109898383,32.37918641628124,14.509985679867135,22.910304380835957,34.33675538690529,96.71533179241443,200.82699516464623,139.52637899035864,69.48618239620501,121.96295605819928,38.73678420895554,8.404194088273897,7.112732692076527,1.2914613961973695,2.0499235735978876,0.5568783337502943,0.36096212384158904,0.08272137054758553,18.533064740910685,7.285908766759082,6.074455466144972,5.172700508006629,2.950572645390735,156.9932996805192,0.294177461886859,59.73147657061225,48.15853153263745,69.27855711422845,$HR$,[bpm],5.7664425490479445,12.103961911333835,11.95309207170673,11.861816208487243,11.894365639831099,2.2646256630359076,5.653108871405336,11.541141057988735,9.848005755748009,10.630920248674164,13.06065840020575,11.266357626530697,7.632744941052134,1.4984502105957567,0.3336033072943762,0.551000676600144,6700.4745135836465,1.6232088125130446,0.2703568649200257,0.5501334851215257,0.4906652140396937
160.14101304357786,111.73063855178064,138.08917314247051,174.88441647887015,96.40682916755485,161.66496755310345,32.36325848864637,14.525203142666332,22.915443187002612,34.33267788936426,96.40415502950864,200.5072504957146,139.2545701440376,69.38507620909868,121.70259622678388,38.75954161956775,8.396284892642527,7.107506027916834,1.288778864725693,2.0464917790793584,0.5581854680413055,0.3598689184651489,0.08272411597618977,18.476220903684748,7.263714602827178,6.055888245774178,5.156618055083392,2.9505726453907353,157.17744317600395,0.29230677514923264,59.63371695595539,48.080134155332736,69.61923847695391,$HR$,[bpm],5.75918327378647,12.082371724736598,11.961309577526965,11.870206141860042,11.902663950159193,2.2612289024654144,5.638474047396397,11.526157796247565,9.835472984356734,10.615372706857855,13.049149670965896,11.261552284063912,7.616631895250994,1.4960356492072415,0.3319708213346742,0.5510024695341319,6711.770030622957,1.6303559045887706,0.2712344745864987,0.5525557579935021,0.4922563683168702
160.3005725858625,112.0292493566535,138.30700128704922,175.1169832686135,96.09760595417548,161.4103578467451,32.34746409213623,14.540636475760987,22.92058707596152,34.32860795763931,96.0948134563439,200.18927076032796,138.98537822835942,69.28542052339026,121.4445231271056,38.78313924741079,8.388349230633947,7.102237089306121,1.2861121413278267,2.043052276234015,0.5594831259229447,0.3587824589272123,0.08272654161255465,18.419662455550885,7.241629853354901,6.037412552233764,5.140620049962217,2.9505726453907335,157.36003852759555,0.2908833391201473,59.53620773545254,48.001979872033814,69.95991983967936,$HR$,[bpm],5.752101366157694,12.060892384295387,11.96945572145681,11.878528186534545,11.910893986795177,2.2578926797100998,5.6239338062907835,11.51129662111555,9.823062516912161,10.599969168732333,13.037715348312334,11.256542703888334,7.600665813724318,1.4936657179292716,0.32992520322034413,0.5510042529197333,6722.98080933921,1.6375021725581105,0.27211204297236086,0.5549777515615997,0.49384744587806356
160.4589137299231,112.32631640783157,138.52317191801146,175.3476746760627,95.79008154509621,161.15721551510447,32.33174715933612,14.556079147728461,22.92569122337767,34.32457723251971,95.78714284912643,199.8731536007382,138.7186020361402,69.18716640935702,121.18815035214791,38.80626968803683,8.379635692674748,7.096929273794453,1.2827064188802952,2.0396068635939435,0.5607708899810376,0.35770119015071655,0.08242337036972867,18.363407688490877,7.219661882117357,6.019036118388957,5.124709687984563,2.950572645390734,157.54103248490904,0.28904674686259896,59.438903333570124,47.92396633740444,70.3006012024048,$HR$,[bpm],5.745025728657177,12.039509491227811,11.977533516422849,11.886782796086807,11.919056472071578,2.254584173496852,5.609480570406988,11.496545560564607,9.810773793356889,10.584699662161455,13.026279340996302,11.251463928353097,7.58484043100241,1.4913329048495247,0.3287533162248171,0.5489747679922595,6734.100321847645,1.6446486937245335,0.27198312432700483,0.5573998309425587,0.4954382973223275
160.6147530288008,112.61934309297551,138.73659380343057,175.57501515012308,95.48386689441716,160.90435625340078,32.31620962310064,14.57144675062028,22.93080645908429,34.32074339345785,95.48185280293066,199.55923225831575,138.4534458171736,69.08994970355324,120.9340689971344,38.83018771585751,8.371570359460678,7.091498499838532,1.2800718596221456,2.0361296202246564,0.562040501660926,0.3566288667598286,0.08242473471258839,18.30728881753139,7.197743996598752,6.000701511735603,5.1088433091970336,2.9505726453907344,157.71927181141567,0.2872278692537758,59.34200236570604,47.84637208833112,70.64128256513027,$HR$,[bpm],5.73807993571459,12.018190861039246,11.985582802915719,11.89499857462819,11.927185420735917,2.2513167448700995,5.595133462863899,11.481870937151646,9.798560476564694,10.569527087910581,13.014900308361963,11.246343831833425,7.56911677624992,1.4890572970017435,0.32716783923876824,0.5489747679922597,6745.10282169981,1.6517897414629878,0.2728550110666231,0.5598200552843012,0.4970265064540638
160.7705769450292,112.91193086477732,138.94944319918469,175.80223404811443,95.17975412196057,160.6534434671184,32.30070740476049,14.587055872667298,22.935878599948406,34.31683906674415,95.17772850865916,199.24644506273881,138.19145200525347,68.9937358428384,120.68151067449081,38.85461059121733,8.363554350117486,7.086111267144483,1.2774430829730026,2.0326720989326508,0.5633080909634806,0.35555959885458777,0.08242539422386866,18.251616113630146,7.175999550377888,5.98251362447877,5.093102938773482,2.9505771543997446,157.89714714449863,0.28584930522856006,59.2453868823804,47.7688465049851,70.98196392785572,$HR$,[bpm],5.731283811175453,11.997013637192682,11.993521642343907,11.90311830670583,11.935212610943733,2.2480938098657246,5.580858396329846,11.46735536776204,9.786514493708161,10.554530888348229,13.00362322257058,11.240967299213327,7.553573777193537,1.486817181457175,0.3251747273975779,0.5489747679922595,6756.045873747182,1.6589362790554578,0.27372796808611216,0.5622412810258969,0.4986166651833654
160.92516374003898,113.20268353443522,139.16066165993604,176.0274170239166,94.8775034040412,160.40367767488345,32.285337206262305,14.602576442196796,22.940951216515565,34.313021011850346,94.87546954834632,198.9355574832135,137.93169059195262,68.89890106370049,120.43098029297545,38.87880308957737,8.355519578402216,7.080690162138718,1.2748294162634983,2.029210158762492,0.5645663299117839,0.3544967822119656,0.08242574472441581,18.19623406709551,7.1543675280432515,5.964420154595259,5.077446384457,2.950582204188498,158.07352834750503,0.2840630767758141,59.14920703772457,47.69155939171511,71.32264529058116,$HR$,[bpm],5.724532706774212,11.975945534452487,12.001390009962632,11.911170468541936,11.943171895904547,2.2448868015855,5.566674096312303,11.452954653881875,9.774586668621048,10.53967042580323,12.992352392292549,11.235585524718122,7.53817028121347,1.4846238046056797,0.32362149043052013,0.5489747679922595,6766.914521342338,1.6660801841964579,0.2746006080217291,0.5646615036962449,0.500206246319869
161.07860502570503,113.49093926130814,139.370338178056,176.25083316614015,94.57697581262615,160.15568506132243,32.27006371245042,14.61814879364053,22.945988602908038,34.30924836323514,94.57483379762824,198.62605900031716,137.67395913814232,68.80537986741882,120.18210608925108,38.90325618532933,8.347464272363787,7.07523774772681,1.272226524636978,2.025744387757644,0.5658156722939043,0.35343912337113764,0.082425317538203,18.141152812639884,7.132851072650329,5.946424814859714,5.061876925129844,2.950587227489749,158.2484687525836,0.28271266505736087,59.05314930057794,47.614514567535785,71.66332665330661,$HR$,[bpm],5.717945502891141,11.954976462226208,12.009192346053949,11.919157866842857,11.951066147399715,2.241734864006261,5.552575591323717,11.43866186292831,9.762774063396536,10.524940890205883,12.981193739930559,11.230061746525644,7.522903547474938,1.4824709094468551,0.32208302137646,0.5489764134615832,6777.700711542106,1.6732240314609133,0.275473211116665,0.5670817035578476,0.5017942562953888
161.23085237143766,113.77772895397723,139.57841196944966,176.47297552272644,94.27827134147208,159.90887200105502,32.25488443738158,14.633920478030035,22.951004243036582,34.30550702418158,94.27591857218809,198.31837484350763,137.41894643058762,68.71324293578624,119.9350814145182,38.92833142041513,8.33938788447809,7.069751828930719,1.2696360555473698,2.0222743314052853,0.5670556803551695,0.3523869849290844,0.08242441976496845,18.086363528954944,7.111447264817821,5.9285249619894955,5.04639130214763,2.950592252823763,158.42191273829334,0.2809581801755317,58.95749883149076,47.53766192698025,72.00400801603206,$HR$,[bpm],5.711416357501683,11.934110398518422,12.016926860231646,11.927079272996044,11.958894406853753,2.2386000475062686,5.538562092611508,11.424476667215412,9.751075691399155,10.51034273750107,12.970077048812076,11.224317980268237,7.507774420593248,1.4803593245444697,0.3205591106157031,0.5489781746636352,6788.413405409001,1.6803650563818209,0.2763455764584838,0.5695009382518662,0.5033817175478855
161.38184958876715,114.062402554548,139.7848781048996,176.69318773951423,93.98111382499759,159.66313341363352,32.23984470729139,14.649494187226853,22.95602264459053,34.30192509127861,93.97886819883426,198.01254913817513,137.1659382000539,68.62242484334642,119.68982574735863,38.953438554575065,8.331292031665843,7.064230012253105,1.2670620194127382,2.018799143297774,0.5682862275368216,0.35134173654742384,0.08242331199433967,18.03184903444566,7.090149286405962,5.9107132209399005,5.030986527099796,2.950597263362233,158.593847096072,0.2796351084129322,58.86212541095765,47.46106678989061,72.34468937875752,$HR$,[bpm],5.704981533893286,11.913347874853656,12.024589708280226,11.934931307444336,11.966652740445301,2.2355101831308226,5.524641103100114,11.41040331188059,9.73949324638439,10.49587485338231,12.958967487245392,11.218629635639825,7.492778463350486,1.4782807098327824,0.3186346635921839,0.5489799206929266,6799.034487139105,1.6875076346870064,0.27721763328966553,0.5719206940374084,0.5049686206004754
161.53175600782058,114.3449443614326,139.9898487832175,176.9113840409436,93.68575906209946,159.41851884920726,32.22486724107047,14.665213659229053,22.961005227334084,34.29827600261047,93.68334817584636,197.70802562718163,136.9149742393337,68.53285477409479,119.44635184280924,38.978407766507885,8.32318017420156,7.0586820221931905,1.2644981520083693,2.01532155729085,0.5695085330315851,0.3503011459459076,0.08242168007375479,17.977626558523138,7.068963207009232,5.892996637316548,5.01566671419736,2.9506023221407114,158.7644483570859,0.27791149503618634,58.76717444020171,47.38469663973339,72.68537074148297,$HR$,[bpm],5.698698131184704,11.892682954513978,12.03218481129762,11.942717259215328,11.974344701463691,2.232455084992367,5.510803527413766,11.39642735500446,9.728013640396428,10.481528860416345,12.94797387770818,11.212744902142148,7.477912085723551,1.4762317267090808,0.3171412008733895,0.5489816573054026,6809.584130625947,1.6946486845652724,0.2780897910083168,0.5743399142097118,0.506555706019907
161.6804295917307,114.62602450250508,140.19321187556693,177.12824012125384,93.3919886580272,159.17512461452642,32.21001066007762,14.68106580521128,22.96597765580187,34.294738751399706,93.38958553387933,197.40554033586872,136.66649854069618,68.44408430946261,119.20455409459599,39.004020132863964,8.31427689001267,7.053098575049476,1.2611783149631934,2.011839300879304,0.5707210954822715,0.3492667573325642,0.0821065414329616,17.923676406642908,7.0478820735248,5.87536808192127,5.00042625119684,2.95060732198732,158.93350888261946,0.27620396367228617,58.672477175183054,47.308492646652624,73.02605210420842,$HR$,[bpm],5.69242274865015,11.872120241316619,12.039711826257594,11.95043673344129,11.98197005049072,2.229422488439792,5.497055161590623,11.382560030034847,9.716647326841386,10.46730998260764,12.937013068945708,11.206683700022367,7.46317729490971,1.474225148431194,0.3160726905714108,0.5468972345391693,6820.048229856736,1.7017895342670686,0.2779016312584609,0.5767590697635983,0.50814232310505
161.82815186559125,114.90487422907792,140.39523601941409,177.34358746686513,93.09998203470592,158.93351985600543,32.19529074210903,14.696742551381552,22.97095066441003,34.2912838698422,93.09757996692323,197.10456899553242,136.42009579322664,68.35646169236009,118.96453863312485,39.029876417883564,8.304404127012225,7.045761736544338,1.258642390467886,2.008358674448168,0.5712192672365225,0.3482383393952214,0.08210409575432578,17.870043403094275,7.026924281348426,5.8578440856192175,4.985275036126634,2.946962799511107,158.90463011021765,0.2753305087397564,58.577940084039525,47.23258341567586,73.36673346693387,$HR$,[bpm],5.686288486534294,11.851672531731625,12.04718254774419,11.958101429686824,11.989540412980325,2.2264396318148307,5.483390594668686,11.368814004859974,9.705403438250826,10.453228024543725,12.926069118350245,11.200659341125636,7.448583195437107,1.4722562919294435,0.3141958851591871,0.5468972345391693,6830.4415677166,1.7068169793092012,0.27876913278050164,0.5791783254245209,0.5097285471106838
161.974688437616,115.18193461963978,140.59570462869252,177.55692159612218,92.80957558873834,158.69293414293273,32.180660608421974,14.712609111986577,22.97589240931122,34.28781393220031,92.80709302387511,196.8051492053607,136.17577141339933,68.27001203144154,118.72616798088377,39.055304386887556,8.296243785045224,7.040125558181947,1.2561182268632776,2.004873842517973,0.5724129697511111,0.34721509924371496,0.08210125313973125,17.8166706737414,7.006065417022511,5.840402985555681,4.970202271163209,2.9469627995111076,159.0705785231906,0.2736506915774364,58.48374793117501,47.15684188071395,73.70741482965931,$HR$,[bpm],5.680268282357402,11.831317049622172,12.054580330941096,11.965695283431524,11.997039656687242,2.223470752993689,5.469815643331992,11.355161339520153,9.694257709769127,10.439261404870038,12.915250339839385,11.194446108214608,7.434111612494421,1.470323043326773,0.3127436475170701,0.5468972345391693,6840.753888083759,1.7139457595202328,0.27963684146424556,0.5815973516206486,0.5113151499108882
162.12002622623984,115.45755279093827,140.79461516287535,177.76901764118765,92.52088176151366,158.45339792904946,32.16610043942022,14.728476537269767,22.980798579483505,34.284448561372486,92.51828254348901,196.5074002170913,135.93361914362862,68.18474484927438,118.48922960231565,39.081153367766525,8.288064136769414,7.034458890032313,1.2536052467371006,2.001385542168624,0.5735977464623971,0.34619696588447557,0.08209784986231325,17.76359175139092,6.985321941611045,5.823060359609828,4.955209450170045,2.9469627995111076,159.23511506209934,0.2723916762169989,58.38996384472718,47.081322352888265,74.04809619238478,$HR$,[bpm],5.674264150791409,11.8110569304233,12.061909232785725,11.973220258264009,12.004470244542063,2.220541187689663,5.456311486764915,11.341601359748697,9.683214880026785,10.425409657548183,12.904440175160547,11.188058581725521,7.419761273606101,1.4684215841627988,0.3113047728194273,0.5468977646279841,6850.995152480822,1.7210721734424401,0.28050409418692407,0.5840155748582782,0.5129004218507479
162.2646547772184,115.73078571774847,140.99240530909103,177.97967250092788,92.23395646331053,158.2152885573679,32.15173459802818,14.744303923763548,22.98575874928353,34.28117656714052,92.2313381849213,196.21154996944838,135.69367385493317,68.10092805963441,118.25442414983603,39.107650416031085,8.279907910842034,7.028796765750752,1.2511111450912826,1.9979048349855477,0.5747767771082538,0.3451864956056424,0.08209445768349685,17.71080329960081,6.964688131966764,5.80580831921544,4.940306848418603,2.946962799511108,159.39868500656303,0.2707407044039261,58.296487845336806,47.006069825798946,74.38877755511022,$HR$,[bpm],5.668418046821423,11.790930998438913,12.069194625178863,11.980705516737359,12.011860161209587,2.217651112932334,5.442919633287796,11.328173440094202,9.67229739755915,10.411705417719679,12.893669968904138,11.181738330775513,7.405557471233086,1.46656127695227,0.3094755890876473,0.5468994913623482,6861.171270376928,1.728199582005026,0.28137141200757765,0.586434135609628,0.5144846840260728
162.40785860419354,116.00249016785443,141.18844565790812,178.18826785512468,91.94852789916163,157.9782391514103,32.13739052619564,14.760280112560503,22.99064703947607,34.277894006097526,91.94584009146708,195.9170137753383,135.45563756446222,68.01819361727925,118.02088493812094,39.13344863723465,8.27170755670801,7.023082819405749,1.2486247373022614,1.9944138227237733,0.5759450469533602,0.3441798597033159,0.08209035871223753,17.658270345144434,6.944154136534735,5.7886414732528655,4.925474735356831,2.9469627995111076,159.56059668619199,0.26950643463324586,58.20328697994657,46.93101345292201,74.72945891783567,$HR$,[bpm],5.6626312117185575,11.770880123045327,12.076395654710241,11.988105967687307,12.019165486866687,2.2147770191733276,5.429593193296204,11.314816700617731,9.661464633538037,10.39809732944829,12.883008620370203,11.175183903487978,7.391442347272888,1.4647146998656229,0.3080647322856923,0.5469012035948976,6871.263738195867,1.7353251904280549,0.2822384848855299,0.588852085515277,0.5160685020078882
162.5500620612363,116.27245531099547,141.38313850956314,178.3956978552466,91.66469864324081,157.7427373522227,32.12319501946401,14.7761758016456,22.99553957553266,34.27471357242862,91.6620403278057,195.62430144885715,135.2197949492688,67.93650378927292,117.78897652709237,39.15959504659795,8.263508699373823,7.01735542261832,1.246153276755502,1.9909249843087966,0.5771056752921465,0.3431794437220901,0.08208611593461804,17.606022811659624,6.92373027156541,5.7715671101209045,4.910725429973312,2.9469627995111085,159.72128679667264,0.26788354134354947,58.110249753409136,46.85616237293978,75.07014028056112,$HR$,[bpm],5.656901767984614,11.750934862123728,12.083537004011692,11.995449059603104,12.026413092479965,2.2119522719071227,5.416353278147303,11.301568420715691,9.650742306261023,10.38461472326482,12.872369193680717,11.168541531184442,7.3774538489809345,1.462903115154037,0.3066666809111977,0.5469029015309742,6881.281785923448,1.742451447075697,0.28310546176293255,0.5912702553845485,0.5176521480694662
162.69127819017777,116.5403453881358,141.57647098993377,178.6014364184945,91.38250987488244,157.50833805696604,32.1090849145249,14.792096750101457,23.00040869499796,34.27150231523243,91.37971329402272,195.33292141427813,134.9857652883013,67.85546810426858,117.55869235143459,39.18613793225696,8.25450991233966,7.011607025450485,1.2429028868891752,1.9874359136894364,0.5782579990953136,0.34218390994487274,0.08176035301820661,17.55404992569447,6.903411639701796,5.7545816836498656,4.89605660234281,2.9469650095179984,159.88072731128776,0.2666733313507671,58.017569737693584,46.781521840968686,75.41082164328657,$HR$,[bpm],5.651311722363968,11.73109746743536,12.090619734829833,12.002734288945001,12.033602689319185,2.2091354624206145,5.403199198903808,11.288424017827058,9.640119813480693,10.371249967303276,12.86173572729329,11.16188958527743,7.363590166733326,1.4611220945826313,0.3052812614119975,0.5447647184230225,6891.230153490634,1.7495768887305738,0.28286152292713734,0.5936877034779359,0.5192361277469676
162.83155905941823,116.80708849928827,141.76850699913692,178.80581526680442,91.10202250202957,157.27509379797772,32.09511549467871,14.808195734284231,23.005287624827343,34.26848774240077,91.0992692258498,195.04347444467996,134.75400674811013,67.77560328101356,117.33005139638774,39.212659677624835,8.246305110414898,7.005846768272288,1.2404583421426112,1.983949378439621,0.5794029663865123,0.3411950773174285,0.08175546826899882,17.50237036719152,6.883207523994848,5.7376923303854275,4.881470512811248,2.9469702279657457,160.03907492889476,0.26507777698373,57.925269858081606,46.70716079336877,75.75150300601203,$HR$,[bpm],5.645757975604769,11.711364515458262,12.097648612349918,12.009967271839558,12.040739796302008,2.2063634627370914,5.390129753515406,11.275381023300417,9.629600965247088,10.358004742702633,12.851251675074026,11.155059570102948,7.349848726201362,1.459377804790968,0.3039083033580282,0.5447647184230222,6901.115131416269,1.7567016684545003,0.2837238206211981,0.5961043147921885,0.5208190086951998
162.9707525630956,117.07156563574567,141.95911129441933,179.00880405527732,90.8230614766419,157.04291846156252,32.081221467289126,14.824098522119925,23.01014080046491,34.26543041112595,90.82023669017549,194.7554809721026,134.5241862004207,67.69693914561691,117.10288572759691,39.23889857882043,8.23808698680516,7.000062556170346,1.2380244306348132,1.980461558024168,0.5805394810694685,0.340210929276411,0.08175022138814723,17.450950966760775,6.863103158465272,5.72088724673282,4.866960561562681,2.9469754189730084,160.19609962395901,0.26349650990889173,57.83327409243961,46.632955456172695,76.09218436873748,$HR$,[bpm],5.640292430775303,11.691731171222903,12.10461075327481,12.017134740511711,12.047811267537927,2.203618626844182,5.3771403792835155,11.262429661101697,9.619180024093403,10.344873350809731,12.84077311577269,11.148164807514913,7.336228865977712,1.457660425385502,0.3025476393714371,0.5447647184230225,6910.925138813814,1.7638262465437664,0.28458639007296804,0.5985208547000512,0.5224023884967897
163.1088488531373,117.33441537365438,142.14829830136435,179.2101631914612,90.54573221517202,156.81215507746856,32.06739830765725,14.840109921068194,23.014959724995002,34.262420074658415,90.54274404725165,194.4688199591361,134.29598971309713,67.6193753826587,116.87717764747113,39.26551768785839,8.229856116963541,6.994254548462252,1.235601568501288,1.9769723952899434,0.5816676650605658,0.3392316566866781,0.08174459067156908,17.399798611531903,6.8431022220668485,5.704169583672954,4.852526805792099,2.9469806034310944,160.35182264545168,0.2623220367393975,57.74152658666064,46.55900316887687,76.43286573146293,$HR$,[bpm],5.634950957362705,11.672190340548703,12.11151029793146,12.024239773364366,12.054820304717513,2.2008934366242845,5.364228803299282,11.249560889023856,9.60884842008973,10.331845307882574,12.830293643606794,11.141231783663624,7.322721145843733,1.455972688542996,0.3008064073987702,0.5447647184230219,6920.66979295924,1.7709484337085388,0.28544875082316373,0.6009365761168122,0.5239853851943225
163.2461096545664,117.59607054215341,142.33628393132355,179.41003731624915,90.26995126499068,156.5827733360295,32.05372497656111,14.856253714138113,23.019789696758338,34.25950377917355,90.26691037838869,194.1840144868027,134.07013641399533,67.54299904248786,116.65308317926123,39.29255128217261,8.221633299914428,6.988439929660287,1.2331933702541407,1.9734873443727399,0.5827890497981083,0.33825858194305414,0.08173872303830386,17.34892954697798,6.823210681542418,5.687543613521874,4.838175251913691,2.94698576177348,160.50645812963052,0.26076703191063033,57.649988783421094,46.48524267919257,76.77354709418837,$HR$,[bpm],5.629613935174184,11.652759764298747,12.118358133233684,12.031295223193725,12.061779454342057,2.1982149038070498,5.3514033071815525,11.236795660539997,9.598623055299736,10.318939124915376,12.819965145211041,11.134148622520964,7.309337781215945,1.454306729493039,0.2994715838733776,0.5447658424010318,6930.344354632852,1.778071837642385,0.28631103171247163,0.6033527072666788,0.5255671509259248
163.38239284318314,117.85532059797549,142.52295312227443,179.60877734163745,89.99581589014377,156.35451112632634,32.040164612090564,14.872202133658144,23.024612892484736,34.25661606782144,89.99266109176915,193.9007814856245,133.84613636554144,67.46777010580146,116.43053993505464,39.318888458885276,8.213411229088926,6.982613194897426,1.230798034191501,1.970004437502873,0.5839033653009585,0.3372909696715173,0.08173262146323927,17.29833017611987,6.8034234053398706,5.671005398581109,4.82390137219889,2.9469909579285902,160.65997380792092,0.2596149946074908,57.55882273037317,46.41170623566624,77.11422845691384,$HR$,[bpm],5.624391833129943,11.633434107065867,12.125151452146586,12.038296349676502,12.068684233133474,2.1955447058890507,5.338659211239496,11.224134225874636,9.588495904801293,10.30614667641582,12.80964419848554,11.127037481526552,7.296073733842106,1.4526640663577632,0.2981485545267436,0.5447675147643553,6939.957906718903,1.7851938139439236,0.28717327578324336,0.6057683377483852,0.5271483118949615
163.51753764988177,118.11333044700002,142.70818961529497,179.8057682358742,89.72300471947253,156.12716600902738,32.02666836900715,14.888303440997586,23.029398586396628,34.25378516997979,89.71985938121392,193.61884576369508,133.6236680609996,67.3930468336621,116.20936265828672,39.34552841114859,8.20517095042634,6.976757725027787,1.2284132253985518,1.9665187400152053,0.5850087904838949,0.33632805377051833,0.08172610289555968,17.24797894509901,6.783731754404333,5.654547708685497,4.809699482009177,2.9469961069467225,160.812120272898,0.2580855757762452,57.46790069467135,46.33839181683472,77.45490981963928,$HR$,[bpm],5.619275622518677,11.61419416554719,12.13187653112872,12.0452304009808,12.075521854333102,2.192911938910341,5.325990737253606,11.211549838449454,9.578451396625155,10.293450989760643,12.799322526932109,11.119883606766868,7.2829160697268165,1.451048909589675,0.2964496478510924,0.5447691699580045,6949.487239293814,1.7923175976517096,0.2880354040692284,0.6081845827440423,0.5287292672810994
163.6519300050455,118.36968642906217,142.8922946277669,180.0015319379132,89.45198812716849,155.90105025411918,32.01330048605313,14.904429531321448,23.034196340831894,34.251012507460146,89.44874364924407,193.33870160514365,133.403564643193,67.31929668110698,115.98979416779439,39.372545187153456,8.195081047903095,6.969038046206814,1.226043001696281,1.9630388971891009,0.5853505524884656,0.335371082343549,0.08171956875250025,17.197918535624083,6.764153232260495,5.638185360570393,4.795579942793197,2.9431893774016897,160.7551596195823,0.25734118991489563,57.3774121350443,46.265306897491,77.79559118236473,$HR$,[bpm],5.614166445847098,11.595071112147602,12.138560627527312,12.0521241909811,12.082319343392307,2.190308642994778,5.313404969539121,11.19906949568307,9.568512232271726,10.280876680664747,12.78915175670973,11.112589514281343,7.269882408894934,1.449463535588918,0.29515143970748897,0.5447708135419485,6958.970298790944,1.797111087022978,0.2888973146082088,0.6105998821623588,0.530309824657967
163.78361442213065,118.622683908026,143.0735609954703,180.1942241903354,89.18186471705295,155.6753555818952,32.00004051799734,14.920394587754462,23.03896045997205,34.248354269507544,89.17952271371277,193.06046835029247,133.18430208185575,67.24605991936497,115.77168149286375,39.39960382195969,8.185928022424589,6.963049199182001,1.222878823242588,1.9595269321084403,0.5864280269086335,0.3344209463152811,0.0813834533768279,17.147922803216215,6.744597357526179,5.621842308904653,4.781483136785384,2.94318937740169,160.90304530686092,0.2558350218966883,57.28707950189174,46.19253411936399,78.13627254509018,$HR$,[bpm],5.609121054412807,11.575976307155763,12.145225869994093,12.058983729756143,12.089089004278998,2.187724313932487,5.300907274834597,11.186608457146136,9.558590901933089,10.268339806515757,12.778907450322013,11.105323349230817,7.256900621630926,1.4479119658135609,0.294248688848143,0.5425767096540454,6968.33848761101,1.8042126144968773,0.2885900067558573,0.6130127501648142,0.531887936988424
163.91585022149388,118.87597743720852,143.25491206591988,180.3870484811866,88.91367365825097,155.4517137482715,31.98684777968593,14.936566338587616,23.043705839858863,34.24565603892709,88.91135281474125,192.7831353162937,132.96731226158633,67.17433395933473,115.55496612821439,39.42618552320412,8.17767403714578,6.95714302924838,1.2205310078973999,1.9560453061397052,0.5875087707905307,0.33347388591330107,0.08137611729702413,17.098352605741734,6.72520736960593,5.605638264443564,4.767506971692242,2.9431893774016915,161.05124331977376,0.25472439999366386,57.196972303716166,46.11988111349417,78.47695390781563,$HR$,[bpm],5.604207635415056,11.55703423072996,12.151787274596323,12.065756018803363,12.095765021254072,2.1851795237258322,5.288475372651321,11.174282874647893,9.548817559857465,10.25596060892097,12.768733574511357,11.097993985676567,7.244078633302828,1.446379563954425,0.29258883783055983,0.5425767096540456,6977.674269453122,1.8113214390262526,0.2894473906644388,0.6154280974693258,0.5334681447144948
164.04731477719963,119.12703527708184,143.43515068564022,180.5785264850879,88.64708465690775,155.22929310100758,31.973764401676927,14.952653667934097,23.04844713895202,34.24300883121347,88.64467425915628,192.507414165235,132.7526200998343,67.1037766639325,115.33962632619009,39.45310666929447,8.169434901487836,6.951239360137092,1.218195541350744,1.9525701053635807,0.5885841060742613,0.3325319652963271,0.08136866126901593,17.04907333373931,6.705931154902699,5.589530596626029,4.753611582210586,2.9431893774016906,161.1985644487889,0.25324256331064077,57.107188267117316,46.047407910777835,78.81763527054109,$HR$,[bpm],5.599316278203805,11.538201179837872,12.158309802043124,12.072489041348415,12.102402073145752,2.182643802104193,5.276119091592446,11.162071229428443,9.53914487251298,10.24369622366495,12.758705244250962,11.090532870828264,7.231376483517746,1.4448722727919134,0.2913241517784063,0.5425767096540455,6986.953586284934,1.8184305222521226,0.2903048635245004,0.6178435326704907,0.5350485163832462
164.1777508914708,119.37690093553827,143.61406594646604,180.76890781862477,88.38228631842334,155.00779293464797,31.960764640943527,14.9687314022698,23.053169799088653,34.24042274583518,88.37957889254191,192.23320520241745,132.53941293580033,67.0341564770712,115.1257904245523,39.480331822270315,8.16118855944011,6.945316178131803,1.2158723813083065,1.9490949102214268,0.5896515036532894,0.331595264120845,0.08136098844350727,17.000035462056452,6.686747848672325,5.5735008209082615,4.739786792475863,2.9431893774016906,161.3446650801598,0.2521526586077849,57.01796319084792,45.975188729481005,79.15831663326654,$HR$,[bpm],5.594531930398294,11.519459693729234,12.164775475050128,12.079165561434877,12.108982752032398,2.1801428022130445,5.263838794023428,11.149944308600489,9.52954815515127,10.231526113806776,12.748675717145051,11.083099393067554,7.218775951562194,1.4433771709947067,0.29007035163151196,0.5425767096540454,6996.1930051657755,1.8255316964631116,0.2911619068284355,0.6202562806457019,0.5366280963554158
164.3070602138174,119.62500148124457,143.7915567079816,180.95752096255433,88.11847356741043,154.7871730379888,31.94780907693868,14.98494760345838,23.05784121305873,34.23778455180722,88.1157501496182,191.9601269454135,132.3276211592611,66.96546955535857,114.9131118877842,39.50704159595317,8.152922201641323,6.939365011866564,1.2135571897747577,1.9456170104170674,0.590710230179097,0.33066249894432714,0.08135261885028983,16.951234471726323,6.667656299176811,5.5575484989223725,4.726029673627141,2.9431893774016906,161.48944828441103,0.25069454313746237,56.92879573799301,45.903152676428014,79.49899799599199,$HR$,[bpm],5.58981054776596,11.500799530068269,12.171173736622196,12.085775476888022,12.115497007179288,2.1776668942085697,5.251626478204651,11.137884175439638,9.520026398888026,10.21944298299723,12.738635854687315,11.075619186793839,7.206273917919596,1.4419053678660239,0.2884497454172007,0.5425783054161607,7005.330353545435,1.8326401008396038,0.29201908754571426,0.622671485195933,0.5382063466797368
164.43556304658765,119.87135992119096,143.96792581756986,181.14480313638828,87.85621955329185,154.56818719471104,31.934956870612016,15.00096282487838,23.06250882642375,34.23526898784134,87.85342344946086,191.6886822115741,132.11797060435245,66.89712418548835,114.70203612761128,39.53382655862286,8.144663171877372,6.933408474346506,1.2112546975308658,1.9421437328989362,0.5917621509817573,0.32973501855868453,0.08134412677906576,16.902695513446087,6.648665879416228,5.541681187740537,4.712348446289323,2.9431920930365822,161.6332469171566,0.24924887142366364,56.839781295111216,45.83130440246529,79.83967935871743,$HR$,[bpm],5.585116233023245,11.482242572834737,12.1775320940916,12.092344829239694,12.12197089413162,2.1752065357333072,5.239491997389893,11.125913220490808,9.510595709921402,10.207466188441657,12.728737982884125,11.068048211609854,7.193873427483189,1.4404606295998166,0.2872189106601494,0.5425799140405854,7014.412398803903,1.8397473478711779,0.2928761914010982,0.6250857197611773,0.5397844332644994
164.5632454804397,120.11674080930092,144.14316598186608,181.33119947213424,87.59550981742335,154.35032389903665,31.922234312821434,15.017094948185086,23.067180994590192,34.23277385129769,87.59265446852974,191.41879580682303,131.909904476172,66.8297959077362,114.49230346965032,39.56092179568363,8.136415553582482,6.92744981105595,1.2089657425265334,1.9386760234737683,0.5928076395571056,0.3288130820807159,0.08133559374307818,16.85441954779368,6.629777647108047,5.525899507344725,4.6987423933409085,2.9431974161561105,161.77611198948765,0.24818982848084878,56.751102041561744,45.75969360758435,80.18036072144288,$HR$,[bpm],5.58053869015263,11.463790880159737,12.183845025126159,12.098869652076875,12.12840034049272,2.1727852929407936,5.227433182385307,11.11402800946013,9.501252507402564,10.195592612693869,12.718852025113646,11.060520820518608,7.181568913292389,1.4390419127207206,0.2859985353836629,0.5425815122611498,7023.439574739696,1.8468539349411865,0.29373312775897503,0.6274991697136049,0.5413622121676686
164.6899556086219,120.35991847926341,144.31715238400423,181.5159560532113,87.33615316420165,154.1333914672837,31.90959598880023,15.033314977806855,23.07182752000321,34.23032506758521,87.33327564160773,191.15022411148442,131.70333180016115,66.76343355294719,114.2841268845789,39.58829710486046,8.128162489994507,6.921474695728946,1.2066877942655598,1.9352090574734322,0.5938456968879281,0.3278958604166983,0.08132682017905771,16.806380493041676,6.610980387420567,5.510194202922749,4.685205902698362,2.9432027144873056,161.91783774454603,0.24676698727661486,56.66270775774086,45.68829361699958,80.52104208416834,$HR$,[bpm],5.576006579724836,11.44542916184193,12.190108988263809,12.105345587502113,12.134781187461725,2.1703764846696245,5.21544989719436,11.102216753271968,9.491986731114077,10.183811430644585,12.708967026516072,11.052994318788027,7.169365311352197,1.4376487524139105,0.2844157270272767,0.5425830921319257,7032.398064404053,1.853961181918816,0.29459005088308493,0.6299128404554251,0.5429399757474515
164.8157075451164,120.60188166944036,144.48990113643197,181.6993477041397,87.07823865346275,153.91741059441375,31.897012389766832,15.049317930995656,23.0764374572927,34.2278868257169,87.07524709479895,190.8830063331887,131.49865455445035,66.69801611632103,114.07706217838046,39.61495416931337,8.119075815461466,6.915486777351957,1.2035890381095091,1.9317440468161133,0.594876594383869,0.3269828131894902,0.08098021043226157,16.758592646430284,6.592281084087111,5.494571736789346,4.671739825553827,2.9432080126028275,162.05846480812855,0.2457273246288572,56.574651507698334,45.61707653682278,80.86172344689379,$HR$,[bpm],5.571507344278983,11.427155852752382,12.196321402013076,12.11176930300393,12.141110175334438,2.16799402651596,5.203532276193494,11.09047814324153,9.4827989529441,10.1721204346796,12.699200436574115,11.04535989068268,7.157261411652283,1.4362782968582304,0.28358863446593185,0.5403327313615437,7041.296452238922,1.86106732651148,0.294220665925069,0.6323261280012772,0.5445175700973816
164.94057370356404,120.84237980346722,144.66147210262298,181.88170824644024,86.82175513446818,153.70248174780093,31.884525869760168,15.065472062414925,23.08104104970267,34.225478134158486,86.81871032670074,190.6173232434119,131.29544247974346,66.63352684893997,113.8715977033381,39.64192316984147,8.110822185400526,6.909489526582083,1.2013326588184436,1.9282818888060018,0.5959008455769587,0.3260750020603172,0.0809707942073428,16.711045564773453,6.573674612459538,5.479026944024495,4.658344008289417,2.9432133022948848,162.19806569558182,0.2443267537026164,56.486892174537296,45.54607569210074,81.20240480961924,$HR$,[bpm],5.567117728776034,11.40897955636281,12.20249034505773,12.118149861113315,12.1473963550603,2.1656432232806795,5.191688175414464,11.07881686283,9.47369028194296,10.160524101522562,12.689446804004332,11.037799205182523,7.145258282219325,1.4349229987826622,0.28239884996792575,0.5403327313615437,7050.135306710723,1.8681730799426017,0.29507288880712845,0.6347392757724859,0.546094788786155
165.06454957673938,121.08103800884656,144.83184718450426,182.06252176291525,86.5666421988511,153.48900593965865,31.8720989698032,15.081614033452423,23.08561423632004,34.22310874686042,86.56346141155954,190.3528057171441,131.0936937586669,66.56996197972789,113.66732194548042,39.66913475332611,8.102567790554263,6.903482031713752,1.1990857588405106,1.9248223913072837,0.5969182719909893,0.3251713303072845,0.080961091985606,16.66373993764599,6.555161371115379,5.4635608606377986,4.645017705892812,2.9432185774781456,162.3366186113839,0.24330597345858973,56.399246101628385,45.47527475911705,81.54308617234469,$HR$,[bpm],5.56275956652373,11.390893501490348,12.20861296823546,12.124483490077278,12.153636032754857,2.1632995231320304,5.179913271256913,11.06723058387115,9.46465696734816,10.149018165192407,12.679695283038892,11.030242368403634,7.133354206394088,1.43358466542621,0.2808509194385839,0.5403327313615435,7058.911164471445,1.875279143188696,0.29592523660695413,0.6371525232745378,0.5476722386616754
165.18776943386925,121.31883249871858,145.00118584046373,182.24225774352703,86.3129791137658,153.27660592944594,31.859825453574135,15.097662721165987,23.09020305399583,34.220793957374816,86.30980910961445,190.08996788736874,130.89394860737883,66.50723575340135,113.464685748307,39.69648100963864,8.094329971012877,6.897476425221814,1.1968535457910627,1.9213696335809671,0.5979297262652985,0.32427363590613684,0.08095138270811632,16.61668542909038,6.5367453342992565,5.44817564552409,4.631764449267036,2.9432238290217256,162.47424182054064,0.24192713096636423,56.311906562894634,45.404715498060554,81.88376753507015,$HR$,[bpm],5.55845605736401,11.372911286103976,12.214700180180516,12.130781863448668,12.159840606094773,2.160994880819201,5.1682145123460455,11.055725880561807,9.455710682988956,10.137613296112566,12.670071456834497,11.022641503055306,7.121555594875295,1.43227508902901,0.27968242564747864,0.5403330554063472,7067.631917010965,1.8823848219442132,0.2967772108129743,0.63956563662706,0.5492486677310323
165.30971871987074,121.55423183137444,145.16902100088407,182.4205293289911,86.06047079715405,153.06483698074942,31.84752120213151,15.113811023670154,23.09469363986208,34.21844243719721,86.05720154345795,189.82806354585608,130.69524366472714,66.44466308855517,113.26288189541637,39.72324720585292,8.084065180148889,6.889440772066286,1.194624408082602,1.9179105898001063,0.5981222443731805,0.32337810209203854,0.08094076298218995,16.569852730843085,6.518416633976007,5.432865328829237,4.618570768037841,2.93924851734028,162.39061705208445,0.24128978942310542,56.2248472573604,45.33428826906272,82.2244488977956,$HR$,[bpm],5.5542356567123194,11.35499257984604,12.220720777199055,12.137012602805584,12.165978487295027,2.1586982599073674,5.156563526926454,11.044278360678401,9.446815927486963,10.1262701200944,12.660430519716757,11.015055707282094,7.109835103599223,1.4309822273217665,0.278523614719863,0.5403346157959551,7076.274783180824,1.8869361920508407,0.2976292596718886,0.6419791252487644,0.5508239727218983
165.4309697074737,121.78866393232425,145.3358627534873,182.5974771003867,85.80945987144743,152.85417304768538,31.83534506858288,15.12986231872165,23.09920331825458,34.21612952285342,85.80611225815178,189.5676632478993,130.49811876742004,66.38306914097264,113.06277228745373,39.7503526830468,8.075805466386331,6.883395877744113,1.192409588642219,1.9144586738206433,0.5991168862379391,0.32248831812668605,0.08093021384169564,16.523256197360045,6.5001779425117086,5.417629562766901,4.605448692081432,2.9392485173402805,162.52558395366626,0.2399306449341175,56.138120510898815,45.26410822817517,82.56513026052104,$HR$,[bpm],5.550043581833762,11.33717702911974,12.226708722114253,12.143210675002067,12.17208379438976,2.156426732800205,5.1449936817224176,11.032915444457085,9.438003666284553,10.115027592473544,12.650811133994557,11.007545158974898,7.098219291244364,1.429716089792518,0.2770108355148448,0.5403361603042448,7084.869231871011,1.89402874924453,0.2984811682947256,0.6443921764595912,0.5523990253153909
165.55132344258337,122.02158984522069,145.50154596898946,182.77328936068974,85.55977347298095,152.64453141006774,31.82323296902345,15.145901819250543,23.103685916669335,34.2138654229211,85.55638424808025,189.30854601502375,130.30277748770038,66.32234859434458,112.86381338787331,39.77772681747156,8.067548129069115,6.877343137556247,1.1902049915128674,1.9110102548413186,0.6001048417262613,0.3216029418782477,0.08091941239527566,16.476906638806764,6.482036089860786,5.402475702996509,4.592394845949466,2.93924851734028,162.65953269213986,0.2389447080320436,56.05164671319356,45.19414788664131,82.90581162324649,$HR$,[bpm],5.545904592960528,11.319452140785728,12.232658065915674,12.14936890197177,12.178150108051074,2.1541879491420577,5.133484731563565,11.021621132171981,9.429263687766356,10.103870280239429,12.641289367949271,10.999973941823175,7.0866973965800275,1.4284727347561157,0.2758725265460866,0.5403376901758972,7093.402462078601,1.9011215912522998,0.29933284256335535,0.6468053245707243,0.5539736501925545
165.67074342420239,122.25279567213988,145.66604565035982,182.94782507922952,85.31140708126553,152.43616612741263,31.811178962996927,15.162069813417984,23.10813545789058,34.21158992960827,85.30790688325098,189.0507836226303,130.10870962759094,66.26245305617803,112.66626488254184,39.80499147318407,8.058436936681401,6.871277187025788,1.1871597496556128,1.907563447271419,0.6010858157471939,0.3207215495499977,0.0805629015295197,16.430776766245895,6.46397837659448,5.387392311781065,4.5794060778703525,2.9392485173402787,162.7924258209737,0.23760628508765702,55.965332406719426,45.12433392158614,83.24649298597194,$HR$,[bpm],5.541855804749421,11.301812334559704,12.238559491093422,12.155479368678632,12.184169059472412,2.151950304428952,5.12204233280816,11.010392902633813,9.420589011531833,10.09279363156026,12.631787443102837,10.992464549798356,7.075265862710004,1.4272484286041038,0.2751040903215209,0.5380323418380439,7101.875451213968,1.9082140523822526,0.2989029874029955,0.6492183430984572,0.5555483642151942
165.78760247512045,122.48149145264802,145.82787792971513,183.11908672632285,85.06390504408087,152.22774689763034,31.79928097542493,15.177977910888323,23.112579395290943,34.209418390841996,85.06131635733887,188.79487144057433,129.91528724195572,66.20292939971934,112.47022597139487,39.83217826903933,8.050081392315457,6.8650998802556815,1.184981512059775,1.9040900979969257,0.6020480647086356,0.3198473174502091,0.08055167119197595,16.384689590870835,6.445934822194069,5.372320214359671,4.566434554317093,2.9392485173402805,162.92267694039174,0.2366378586080381,55.87936941698571,45.05488719491675,83.5871743486974,$HR$,[bpm],5.537777650575389,11.284202961288738,12.244469425178746,12.161582313960487,12.190187335227376,2.149749423007701,5.110683279252581,10.999151509491872,9.411921570254789,10.081743335267868,12.622223197569436,10.985084298266504,7.063874501562964,1.4260464233381802,0.2736237454617983,0.5380323418380437,7110.251461700628,1.915297409118048,0.2997486049078911,0.6516282641017359,0.5571200494823045
165.90519679104776,122.70954394577224,145.9900453660339,183.29106396693427,84.81806226800182,152.0211558508263,31.787357261364384,15.194001431957417,23.1169640294347,34.20718689928261,84.81543490292228,188.539428174407,129.7242229047037,66.14468247642614,112.27515649909732,39.859393054652756,8.041816512067125,6.85901200136939,1.182804510697735,1.9006479556387832,0.6030154595520256,0.31897418361778207,0.08053984512113457,16.33902485484754,6.42805837353691,5.357389734727523,4.5535767465831105,2.9392485582919896,163.05352086430935,0.2353196655634407,55.79359122307371,44.9855161459726,83.92785571142285,$HR$,[bpm],5.533795444167425,11.266732931620568,12.250292863316249,12.16761219918315,12.196127247182377,2.1475630440007287,5.099363038236816,10.988063035239918,9.403382896986532,10.070826811158353,12.612802289545217,10.977611173801778,7.052622164142697,1.424854703463369,0.2725130473546229,0.5380323418380437,7118.598091751336,1.9223914871941417,0.30059551327918355,0.6540418236391862,0.5586941339851045
166.02196221094798,122.93667244877018,146.15111747499972,183.46190563977734,84.57366034271178,151.81552542142228,31.775522164692276,15.210110125562549,23.121338769512718,34.204949769319725,84.57095326276433,188.2855772937717,129.53444841972254,66.08706109866354,112.08149742417919,39.88693756311433,8.033556900243346,6.8529176479607585,1.1806392522825873,1.8972104359838153,0.6039755997725906,0.31810591885983475,0.0805279235314609,16.29358308670649,6.410268003682275,5.342530988844217,4.540784094179997,2.939253954810166,163.18342851502985,0.23436831376449224,55.70817616178919,44.91632045231638,84.2685370741483,$HR$,[bpm],5.529908316527456,11.249353136633893,12.25608056222267,12.173606222416554,12.202031800567026,2.1453911957002716,5.0881106143847985,10.977040702671236,9.39491103372865,10.059992928536973,12.603422205712748,10.970206998328438,7.041459623656932,1.423688492403384,0.271411329921798,0.5380323418380443,7126.898632086233,1.929482865631845,0.3014421763865424,0.6564532685153646,0.56026776263439
166.13779769464895,123.16213931082596,146.3110139979666,183.6311771514105,84.33046765422634,151.6108198971829,31.763737339767168,15.225992212919879,23.125680773526817,34.202761632269436,84.327698504338,188.03283887432283,129.34591342096905,66.02971331156598,111.88915463793508,39.91432230722394,8.025293329061208,6.846810573543932,1.178482755517276,1.8937746214307831,0.6049288637496772,0.31724156202894965,0.08051565566100002,16.24835459331439,6.3925596973519765,5.327741085563935,4.528053810398476,2.9392593430393745,163.31230489110663,0.23306987458674863,55.62298766764554,44.84732507852038,84.60921843687375,$HR$,[bpm],5.52602473461372,11.232054574103037,12.261827756267516,12.179558451880212,12.207895214829504,2.1432501100484243,5.076921161968514,10.966081006360763,9.386502321811305,10.049236677447338,12.594045502472447,10.962928817561325,7.030384312306417,1.4225446316987693,0.2699637360129615,0.5380328037003141,7135.134958640152,1.9365753497386422,0.3022888288183923,0.658865082567401,0.5618408891417113
166.25266013162408,123.38609214202192,146.46971852473368,183.79940647784673,84.08846823015207,151.4072549615178,31.75199992125545,15.24198823979814,23.129973607132513,34.20052046369614,84.08564392950845,187.78114217605318,129.15895011805787,65.97311842622565,111.69800761251066,39.94147524432923,8.01702033692883,6.840686603687416,1.1763337332414145,1.890339180443544,0.6058748860960562,0.3163807816650544,0.08050284973389459,16.20334545163655,6.374936808817562,5.313023247249912,4.515385395569078,2.9392647209275626,163.4401030856415,0.23213517586818888,55.53793855619686,44.77853471072959,84.9498997995992,$HR$,[bpm],5.522189387967787,11.214834914836235,12.267532790643978,12.185467346941104,12.213716088756643,2.1411162492446327,5.065787495756231,10.95517396889582,9.378152070382809,10.03854961524416,12.584718669592126,10.955626349172192,7.0193778755243805,1.4214219291378003,0.26888107889755214,0.5380342931862354,7143.306950453199,1.9436684544936909,0.303135327801521,0.6612771012609966,0.5634126516478265
166.36667789103237,123.6089840300903,146.62731913983066,183.96654585069538,83.84789571122501,151.2045966659358,31.740318011036173,15.257961864509578,23.134231516707633,34.19831149893647,83.84489125818378,187.53071831386723,128.97318724610608,65.91728961055956,111.5079974206587,39.96887807173823,8.008751010082534,6.834557755365367,1.1741932547171674,1.886907963779721,0.6068147010029482,0.31552378350972365,0.08048973466798663,16.158570997327335,6.357406181601635,5.298383483379416,4.502781332346289,2.9392700925123023,163.5669651147266,0.23085602951851864,55.45327163331848,44.709950461477945,85.29058116232466,$HR$,[bpm],5.518444371012965,11.197698462050402,12.273203184681046,12.191340486434989,12.219502161812803,2.139002407213643,5.054706605293535,10.944332296948966,9.36986441789142,10.027938967758075,12.575447413868282,10.94835386753731,7.0084476698759355,1.4203200441724466,0.2678070708286474,0.5380357697477305,7151.43575444837,1.9507581404076826,0.30398140487583,0.6636879493916457,0.5649836348582514
166.47977403510936,123.82986787409642,146.78377548719104,184.13199104296058,83.60838184403379,151.00275669682122,31.72868603409256,15.273804318801695,23.138456593604005,34.196079935063075,83.60528440166411,187.28148005634824,128.78856664379066,65.86220616046035,111.31942984798594,39.99658226685855,8.000477155245338,6.828415346325674,1.1720618089196657,1.8834781005705783,0.6077476499683132,0.314670716916826,0.08047635987978605,16.113995123343567,6.3399510074516945,5.283806490127568,4.490237625764308,2.9392754530904277,163.69280433702872,0.22958706125822098,55.368778473296466,44.6415120045556,85.6312625250501,$HR$,[bpm],5.514705649124955,11.180641603155149,12.27883490224618,12.197174062678926,12.225249195028514,2.136917177771081,5.0436913850373895,10.933556522515618,9.361634961408813,10.01739977286096,12.566171555350975,10.941261200170057,6.997599174194684,1.41923040926284,0.2663910939790045,0.538037229442998,7159.49129498109,1.9578516020365926,0.3048276783026265,0.666100075778219,0.5665549921484035
166.5920265752026,124.04989219345173,146.93915011033485,184.29666735055983,83.3701716587376,150.8017979953767,31.717124990973094,15.289767658060338,23.142665276494096,34.19386303732373,83.36702684842359,187.0334594737421,128.60559722824837,65.8078856234358,111.13210515454115,40.024144484995375,7.991338800096472,6.82226732082194,1.1690714792745314,1.8800521238931784,0.608674429286472,0.3138221343929415,0.0801093612471119,16.069637264433375,6.3225804965978085,5.2693004466627125,4.477756321172857,2.9392808035723035,163.81771682833727,0.2286772757007874,55.28460055979809,44.57332237931877,85.97194388777555,$HR$,[bpm],5.511010647150558,11.163672050784873,12.28443451747161,12.202974236861488,12.230963602653853,2.134834643446422,5.03273645073123,10.922843074328908,9.353469680710825,10.00693824116716,12.55694357603185,10.934169957693824,6.986836430259289,1.4181604665534109,0.26568459054702176,0.5356751365948275,7167.495719759205,1.964943978991656,0.3043307712519678,0.6685118266357978,0.5681256240237946
166.7035134273015,124.26817499962058,147.09351794294298,184.46006052438136,83.13318111742687,150.60180515952078,31.705617430742688,15.30562188840806,23.146846482383694,34.19168865696228,83.12997198017868,186.78664677914685,128.4238421851769,65.75432312332478,110.94603617895939,40.05148937778081,7.980961507836502,6.8140023351404055,1.1669591726960968,1.8766318478198352,0.6087349550827689,0.31297740970273785,0.08009542472656983,16.02551253724557,6.305301140150846,5.254871265093857,4.465340132000867,2.9351363137259314,163.7103206647562,0.22777467210503322,55.20065382308689,44.50530774743767,86.312625250501,$HR$,[bpm],5.507404820187994,11.146787366335975,12.290001844203893,12.208741455490994,12.23664578042266,2.132780369546639,5.021836079206148,10.912193907611586,9.34536956484822,9.996553832581395,12.547791603982215,10.927077890201767,6.976159093408199,1.4171107891094785,0.2646359167510386,0.5356751365948274,7175.443107670491,1.9692536537668746,0.3051720574961187,0.670924087769899,0.5696961397835868
166.81394176977113,124.48514839476927,147.24662428753084,184.62191007404823,82.89733901121653,150.40285993146355,31.69416042199404,15.321420821256407,23.15097721434538,34.18943026207143,82.89408586341207,186.5409779256334,128.24307652073782,65.70130988904977,110.76112441722128,40.07910482546498,7.972679509807154,6.807825102494075,1.1648544073130793,1.8732098293042554,0.6096459034169132,0.3121361381565763,0.08008110058857795,15.981571582549135,6.288092116908325,5.240500707559089,4.452978758081723,2.935136313725931,163.83276795640447,0.22687916576234465,55.11686350179224,44.43746719096686,86.65330661322645,$HR$,[bpm],5.503801205174341,11.129971989812935,12.29552072724303,12.214459398909474,12.242279285832462,2.1307414411118573,5.010993528787134,10.901587607691948,9.337313975334956,9.986229236902831,12.538625446638529,10.920183828702688,6.965554828147884,1.416082636193894,0.2632491083654686,0.5356751365948272,7183.328534759524,1.9763332564177587,0.30601309794719067,0.6733361061207256,0.5712661966960997
166.92381537546174,124.70102944729024,147.39891964522369,184.7832266972383,82.66279424040248,150.20501033709124,31.682800045936432,15.337361342366323,23.155112601014906,34.1873057717658,82.65953352636757,186.29657605278805,128.0640567212795,65.64855523151355,110.57764992516589,40.10703549303504,7.964425103922763,6.801663680226824,1.1627614236959392,1.8697983351395755,0.6105527543835233,0.31129966817155375,0.08006676422516949,15.937878836933933,6.270980237522345,5.226211814961279,4.440686784450313,2.935136313725931,163.95457365858772,0.2256456493623453,55.03331350591435,44.36986190392763,86.99398797595191,$HR$,[bpm],5.500249075151493,11.113255714841074,12.301024894402618,12.220161234033638,12.247897408992921,2.1287167048323097,5.000212138045481,10.891063159269637,9.329335464637976,9.9759938996571,12.529501909717945,10.913304098357393,6.9550445050751994,1.4150785659630658,0.26221818580333706,0.5356751365948271,7191.1661282081595,1.9834143663444281,0.30685396133890863,0.6757486379999283,0.5728359230736636
167.03275193258142,124.91523384687747,147.55006870634438,184.9430267472056,82.42944577094387,150.00790595172467,31.671453099232963,15.353078312443841,23.159193917186123,34.18508482251154,82.4260642039904,186.05313384293146,127.88606967675761,65.59639920102583,110.39514151493496,40.13474242036141,7.9561632624354885,6.795488514583643,1.1606747478518455,1.8663881081855684,0.6114527514012784,0.3104662447392557,0.08005194544442135,15.894390168507005,6.253947504384449,5.2119897470594765,4.428452917063083,2.9351363137259305,164.07536935430372,0.22476543457593873,54.95006763008291,44.3024325908832,87.33466933867736,$HR$,[bpm],5.496771897087528,11.096611511474965,12.306485433368996,12.22581858611403,12.253471790138407,2.1267166345615367,4.989482680509998,10.88059648142869,9.321405059668695,9.9658195795641,12.520460495989955,10.906409591701092,6.944606202959052,1.414090768737278,0.26119530623503584,0.5356754907761032,7198.948390175819,1.990494632345809,0.30769473952150583,0.6781608823540562,0.5744051105935576
167.13903887978168,125.12689790209572,147.6985166550517,185.09971992686496,82.1968547375074,149.8105890130862,31.660198882208757,15.36880406029638,23.16325217656288,34.18297104740806,82.19426140754581,185.8114763189609,127.70845667815588,65.54448399611586,110.21409966000573,40.16239727878176,7.947801303236515,6.789199079296328,1.1586022239401872,1.862950840744863,0.6123333378308802,0.3096388416286973,0.08003685915999668,15.850917304482335,6.236918420880465,5.197769979201388,4.416228904400481,2.935136313725931,164.19347378795152,0.22354971771600085,54.86718614418328,44.235298613338884,87.6753507014028,$HR$,[bpm],5.493258370307907,11.079986223540148,12.311944304799903,12.231459756766117,12.259036449782938,2.124725415517146,4.978823220657538,10.87010274421996,9.313467216171063,9.955655019331294,12.51134834209745,10.899707296409359,6.9341956278336765,1.413127736821677,0.2598380333023655,0.5356769136905634,7206.638065663224,1.9975639495245565,0.3085338279146205,0.680569396447827,0.5759699924138353
167.24624887754595,125.33815535628382,147.8475057150873,185.25731263268116,81.96591140113807,149.6151427961703,31.64898230989231,15.384659618317771,23.167286502645183,34.180787638831184,81.96324574689466,185.57047429258893,127.53301282215013,65.49374614490327,110.03406521931038,40.19014279096226,7.939544685698603,6.78301065599628,1.1565340297023228,1.8595478444584939,0.6132207148895877,0.3088135040069759,0.08002146741673259,15.807834272126914,6.220042635887271,5.183679128233749,4.404112508005896,2.93513631372593,164.31240310664077,0.22268442964651725,54.78450233664193,44.168257940464834,88.01603206412825,$HR$,[bpm],5.489827376625575,11.063500846146903,12.31733537621633,12.237045144980158,12.264540239681581,2.122752276109621,4.9682101718299645,10.8597451264417,9.305649221331938,9.945619693230375,12.502310580011802,10.893011687417925,6.923915465795667,1.4121673854651735,0.2588322849949565,0.5356783212076331,7214.314286048064,2.0046431534507323,0.30937409359701584,0.6829812789532734,0.5775370802752722
167.35147463027522,125.54749343973246,147.99440280021142,185.41229356382473,81.7358833255756,149.4202529800386,31.637891598736093,15.40026176000784,23.171322688429324,34.17870141063973,81.73383879774144,185.33103017677317,127.35832980849749,65.44338348720645,109.85549254643334,40.21830041007433,7.931229400643136,6.776748580867601,1.154480819775535,1.8561303742589066,0.6140926260937765,0.3079942190749082,0.08000611416717919,15.764835255910246,6.203197915103474,5.169613567563413,4.392023773243355,2.9351407797637803,164.42930095013855,0.22148611162011034,54.70201106974092,44.101540211470116,88.35671342685372,$HR$,[bpm],5.486442400362207,11.047067825266309,12.322727722189947,12.242621241047528,12.270039575781665,2.120808313266496,4.957666287257263,10.84939541990605,9.297850771910621,9.935619412670786,12.493335066840709,10.886352723194598,6.91368205907964,1.4112354667834515,0.2578342925148217,0.5356797149752106,7221.914019688635,2.0117149807407504,0.31021307115731894,0.6853896053676352,0.5791017701158883
167.45697195542908,125.75632294386422,148.14127604211137,185.56753386901886,81.50716279528953,149.22671002506473,31.626720948601935,15.415961678464237,23.17525836172496,34.17646610903945,81.5049994392547,185.09207083159762,127.1849606963753,65.39392370237769,109.67775716886312,40.24614481918731,7.922964653813928,6.770538650355032,1.1524260034588958,1.8527325051696242,0.6149661331860801,0.30717513000842567,0.07998991204803607,15.722156110654673,6.186477829289621,5.155654230821944,4.380024050543105,2.935146210286667,164.54635664204594,0.2206353967765627,54.619687575769284,44.034841186368496,88.69739478957916,$HR$,[bpm],5.483104274682037,11.030728981732684,12.32805094665149,12.248136656183268,12.27547502951431,2.1188565572248375,4.947161360866547,10.839142364084255,9.290131980542544,9.92570747663151,12.484393030106014,10.879758509725207,6.903549313216794,1.4103103176934806,0.25650556864514495,0.5356810926771172,7229.472996632295,2.0187962750625323,0.31105294734213684,0.6878009238474572,0.5806681467654947
167.56205540818723,125.96422372187594,148.28746707897477,185.72209130217504,81.27987423708008,149.03438159817748,31.61573014572148,15.431712691756937,23.17926107713499,34.17435863282777,81.27773292531643,184.854786472021,127.01334995020827,65.34530734400431,109.50148085107926,40.27381941117583,7.9138571274940865,6.764357955596167,1.1494991718979193,1.8493490748130996,0.6158370859983503,0.3063626415778945,0.079612631551341,15.679723120588461,6.169855063749198,5.141775212615747,4.368092844223512,2.935151667191201,164.66298881136672,0.21945408896210425,54.537666654815744,43.968422174244516,89.03807615230461,$HR$,[bpm],5.479803289057594,11.014505072886925,12.333361514116076,12.253639021250805,12.280897720596506,2.1169383355370543,4.9367212445047945,10.828984254096532,9.282499149623707,9.915895944266198,12.475497942434444,10.873283959610454,6.8935139749631835,1.4094124615838437,0.25586121892816766,0.5332607504226348,7237.003631970878,2.0258765205648785,0.31048242313215435,0.6902118698702698,0.5822337812900764
167.66599706756423,126.17072309152759,148.43235718362195,185.8749038150105,81.05325543503761,148.84251202551718,31.604674285823275,15.447260654229455,23.183152298443485,34.17217303044395,81.05129450826838,184.6180193705265,126.84255527440595,65.29662567921835,109.32591747534255,40.30159064732387,7.905605978123411,6.758143504291479,1.1474624738319323,1.8459605764752611,0.6166993846188358,0.3055514522343672,0.07959589485178417,15.637482261430762,6.153308363444074,5.127961715016907,4.35621218296978,2.935157095531778,164.77838188840863,0.21861760476650882,54.455715865062835,43.90215797169791,89.37875751503006,$HR$,[bpm],5.476562811697879,10.998332580094834,12.338620313036394,12.259087523417241,12.28626772939595,2.1150282752459457,4.926317189807543,10.818848517550709,9.274897456717392,9.906122220153208,12.466640414084567,10.866742786144714,6.883536753462134,1.408526749738363,0.2548859631609527,0.5332607504226348,7244.439263332019,2.03296438870953,0.311317109880756,0.6926254106822202,0.583799031963298
167.7694616719695,126.37585013856794,148.5765076197387,186.02736045818446,80.82826146966838,148.65176008366498,31.593787851421006,15.462960799839303,23.187088965820024,34.17004074436428,80.82626611467721,184.38283989513596,126.67307785694003,65.24860659219516,109.15201841445779,40.32968747341718,7.897392563052848,6.7519518856811445,1.1454406773717032,1.842584778572546,0.6175582643872688,0.3047460182828376,0.07957946032354585,15.595426844148722,6.136829556779535,5.114202873032039,4.344394414337148,2.9351625134527466,164.8932379157371,0.21745293017292655,54.37423776494552,43.836110866198574,89.71943887775551,$HR$,[bpm],5.473365534022591,10.982257839766772,12.343859168180817,12.264516933432928,12.291618518054946,2.1131332384375545,4.915991771495273,10.80879102286227,9.267363828074092,9.896436472354734,12.457849583735563,10.860343313326247,6.8736437015456096,1.4076652073980966,0.2535835708785821,0.5332607504226344,7251.8662645231525,2.0400443473303573,0.3121516171160377,0.6950362502860441,0.5853639460032316
167.87188873006835,126.58004337954306,148.71945943682755,186.17825543292844,80.60417558683025,148.46182456828873,31.582837265178423,15.47852228929244,23.19092158051762,34.16784604377264,80.60210296564796,184.14832180689632,126.50458143526784,65.20107630207588,108.9786825295387,40.35768849455102,7.889158214151433,6.745737766075221,1.1434204480762111,1.8392073053038078,0.6184096727755503,0.30394202628130396,0.07956222090414773,15.553595970511356,6.120441985613386,5.10052315564873,4.332630829249241,2.9351679235588444,165.00701742773776,0.21663034454476904,54.292863381693344,43.77020771884625,90.06012024048097,$HR$,[bpm],5.470168191429993,10.96624337651959,12.349055752212534,12.26990128342033,12.296925786708659,2.111253222826031,4.905693219591061,10.798765039242497,9.259868017477725,9.886793942633977,12.449033125536197,10.85399980529813,6.863792085602218,1.4068017664490546,0.2526243094845153,0.5332607642812904,7259.221745234773,2.04712741277262,0.3129858417179695,0.6974481413283198,0.5869283147801067
167.97344845858896,126.7822543177975,148.8613574588313,186.3279153484628,80.38123434418894,148.27275125705506,31.571967520716896,15.494024329602095,23.19475036809709,34.16565356708314,80.37920893080684,183.9150175389409,126.33727108745654,65.15419147687551,108.80666154428195,40.38530683241195,7.878682173972393,6.737271453418624,1.1414107205537687,1.8358329357035297,0.6183424518650165,0.3031425641012177,0.0795447206767371,15.511935090486507,6.104118638031153,5.086895872412725,4.320920580042628,2.930848819653974,164.87660695445285,0.21581395885262514,54.21173726306253,43.70453811026492,90.40080160320642,$HR$,[bpm],5.46703892173234,10.950304309957652,12.354215922439266,12.275248358694661,12.302196130254895,2.1093858124183615,4.895457920625033,10.788795753238489,9.252419768811993,9.87721560526005,12.440266576548206,10.847682634428297,6.854013706029537,1.4059581712370595,0.2516722781696767,0.5332621210676168,7266.528018569867,2.0511828202147084,0.3138196413897426,0.6998596469595036,0.5884904046090136
168.07456048233308,126.98398863840816,149.0025903049267,186.47713335877782,80.1595909722514,148.08475765774364,31.5611721386493,15.509651556283846,23.198578602637582,34.16351138614337,80.15751115751934,183.68282756412657,126.17114856598106,65.10799650480352,108.63589595728318,40.41314764142396,7.870478604213709,6.731067553671026,1.1394110505426824,1.8324714148418169,0.6191820622602262,0.30234726611539614,0.07952714467431223,15.470506400549523,6.087885682317626,5.0733445012068845,4.30927621702501,2.9308488196539737,164.988507045094,0.2150037032650601,54.130885744174826,43.63908821554649,90.74148296593187,$HR$,[bpm],5.463963285981103,10.934457620735992,12.359359116608928,12.280578365176755,12.307449774169417,2.1075325287326034,4.885280316581358,10.778903043874935,9.245037489273294,9.867716038560342,12.431582561599832,10.841376395343953,6.844318314994263,1.405133486757477,0.25039662057177003,0.5332634652425929,7273.800158764616,2.058250360860843,0.3146532247828716,0.7022710782823139,0.5900520948678326
168.17481373169255,127.18407466237153,149.14276562790056,186.62494566113762,79.93894380381643,147.89745396279937,31.550412326075957,15.52509015278325,23.202356180812938,34.161321542155115,79.9367921466035,183.45167905154725,126.00612702051889,65.0624138150977,108.46600218628441,40.441117525576644,7.862268706249381,6.7248515935953534,1.1374171126540278,1.8291111536245295,0.6200155104386221,0.301554707979276,0.07950915895325554,15.429272992030782,6.071729154952712,5.059857842780429,4.29768599429764,2.9308488196539724,165.0995108488444,0.21386997128927498,54.050250130690856,43.57375880116225,91.08216432865731,$HR$,[bpm],5.460878862402653,10.918682338052527,12.364463872279835,12.285868793562816,12.31266466269875,2.1056997282253156,4.8751464846227375,10.769055466603035,9.237702349749698,9.858274196876032,12.422895152354306,10.835244011225457,6.834693129369412,1.4043222934998074,0.24946004355312967,0.5332647950325717,7281.01201579851,2.0653201430084724,0.31548674797129295,0.7046832744011383,0.5916136803143419
168.27305959358014,127.38188737429371,149.2808392306866,186.77048794430553,79.71922932735619,147.710304116462,31.539774633702756,15.540529363588597,23.20614521113844,34.15922191418899,79.71767916474931,183.2221101353009,125.8418369667659,65.01706825587021,108.29763649451424,40.469510200115664,7.8540044525804555,6.718565767805702,1.1354386847747542,1.8257376554356415,0.6208337948918795,0.3007683696985691,0.07949125825864807,15.388078299305835,6.055583706098076,5.0463779813755725,4.286116611832187,2.9308488196539733,165.20842249301657,0.2130729985773246,53.96998523847169,43.50876600312132,91.42284569138276,$HR$,[bpm],5.457827812753862,10.902945578848119,12.369552538888462,12.291134131064311,12.317858239520607,2.1038747916591336,4.865085984484161,10.759205598344902,9.23037205048426,9.848856028943937,12.414180142530098,10.829177109778163,6.825103062408367,1.4035396854908222,0.2485304467227038,0.5332661115814488,7288.15880143084,2.0723785702268973,0.31631867518352164,0.7070915962398804,0.5931722798687696
168.37188549620728,127.57977231275257,149.4191964173203,186.91648004646157,79.50082874382771,147.52474339116864,31.52907644958502,15.55608222642165,23.20985544346047,34.15701680394296,79.49909882886881,182.9928114643651,125.6789648196133,64.97236751662398,108.12986220411318,40.49708423159572,7.844905155825684,6.7123543541035735,1.1325508017221098,1.822389803748828,0.6216566816591286,0.2999824007418626,0.07910329101509263,15.347248040964766,6.039583767160622,5.033023347572528,4.274640926231615,2.9308488196539737,165.31787433624865,0.2119548527266472,53.88982682927135,43.443837051681115,91.76352705410822,$HR$,[bpm],5.454867468814181,10.887320088199639,12.374604531334688,12.296368787607447,12.323018847411888,2.102060760007721,4.855054788169776,10.749460941091932,9.223136134715096,9.839536463654245,12.405600132285564,10.823042957479586,6.815618456381572,1.4027613591452268,0.24760775233653076,0.530788859450925,7295.276449258259,2.0794484403294176,0.3156776035308838,0.7095038223687445,0.5947329110438315
168.46966341547648,127.77605405424458,149.55633476972912,187.06090503055796,79.28346487839474,147.33999040651898,31.51843240187229,15.571362330747236,23.213546109737063,34.15478257071951,79.28177775545558,182.76475119431385,125.51700866568015,64.92777965534616,107.96327427987755,40.52486086903866,7.8367040964168755,6.706122928999303,1.1305811674175728,1.8190409704539117,0.6224724153181629,0.29920059979657154,0.07908442760894581,15.306573948536439,6.023644360069859,5.019718165671461,4.2632114227951154,2.9308488196539737,165.42630327174118,0.21117085958122664,53.80987514635191,43.37914025400002,92.10420841683367,$HR$,[bpm],5.451879708341453,10.87176100218395,12.379605387161796,12.301552003298536,12.328128528792131,2.1002673651429085,4.845073105956913,10.739756797790006,9.215935359726899,9.830265403211353,12.397012068804505,10.81703590892641,6.80619268570132,1.4019974316027064,0.24669188380090826,0.5307888594509252,7302.340773168381,2.086517075476868,0.3165051700136552,0.7119156271333059,0.5962920366133232
168.56716399466123,127.97184402211231,149.6929880735794,187.20517806953282,79.06731555170487,147.15636775608783,31.507930507492553,15.586778636390292,23.2172668400919,34.15271119386817,79.06572672422189,182.53809917482522,125.35662884809032,64.88397807184012,107.79792274113824,40.55293558249636,7.828545686685639,6.6999213020707975,1.1286243846148418,1.8157076668018393,0.6232847324139319,0.29842388676907083,0.07906570047273473,15.26613300020675,6.007795491390423,5.006488481688784,4.251849027127543,2.930853628352895,165.53434329036716,0.2100679648300196,53.73013533655519,43.31464339863481,92.44488977955912,$HR$,[bpm],5.448969653476351,10.856302726443172,12.384603751063551,12.306732830261087,12.333236101450865,2.098479371920459,4.835154203191037,10.730137877093247,9.20881264348254,9.821083448732105,12.388466580056171,10.811139439856802,6.796857230856889,1.401246929489775,0.2457827656511976,0.5307888594509252,7309.369271342977,2.0935874973789708,0.3173324574104041,0.7143268695255662,0.5978506363880146
168.66371683330723,128.16580322567566,149.82851143301977,187.34802381368326,78.8521680648748,146.97335609337026,31.4974180488134,15.602198157969877,23.220924616510697,34.15050503748739,78.85058891366418,182.31212386407836,125.19700744077119,64.8406285919176,107.63349286776186,40.58108277543882,7.820375648713243,6.693703917766112,1.1266717309471308,1.8123746205241262,0.6240903866978708,0.29764935527905584,0.07904647030920871,15.225868262718434,5.992015363120701,4.993317026803766,4.24053587279397,2.9308591265424426,165.64144848288248,0.20929665696779282,53.65065489474231,43.250326551212105,92.78557114228457,$HR$,[bpm],5.446117292773514,10.840905567351024,12.389558963821534,12.311868080966564,12.338299004620342,2.0967075919597815,4.825276880661435,10.720554729969713,9.201722617546954,9.811946609805812,12.379984358269448,10.805211835438818,6.787579999667268,1.400506824289867,0.2445568356532478,0.5307888594509256,7316.34344970682,2.100658137219546,0.3181595767372222,0.7167380097513281,0.5994089195209228
168.75961796801056,128.3591480444889,149.96318051842226,187.48987938448067,78.63818984044795,146.79116716998365,31.486945799474086,15.617428018736438,23.224557421532364,34.148329807543824,78.63652484023807,182.08712588603134,125.03836208214543,64.79785900901594,107.47019563848184,40.60893097936008,7.812219049312953,6.687492339881858,1.1247267094310938,1.8090485735318511,0.6248914020298798,0.2968782655573978,0.0790269008780061,15.185785865066734,5.976304615666692,4.980203450161418,4.22927779923862,2.930864622160595,165.74786957028527,0.20820868794629727,53.57147255964332,43.18620795270107,93.12625250501002,$HR$,[bpm],5.443244424449281,10.825583347844363,12.394487151834653,12.316975970651738,12.34333493625361,2.0949521115732948,4.815455243172554,10.711019593098214,9.19467783366339,9.802868544394057,12.371529005373182,10.799358404367705,6.778371475791319,1.3997844829739972,0.2436621797018587,0.5307896306559089,7323.279923618469,2.107727427431602,0.31898640853221527,0.7191486810734412,0.6009657877793062
168.85484071005675,128.5508198335761,150.09699761938364,187.63105277919362,78.42523740524503,146.60979077950878,31.47650593278524,15.6327642077828,23.228164766214714,34.14612293167998,78.423509323607,181.86321423329588,124.88101751730761,64.75568780335554,107.30785542249305,40.6366729905019,7.804073483640534,6.681284586966509,1.122788896674025,1.805728949646221,0.6256875491206528,0.2961104520130737,0.07900698565929416,15.145910700944412,5.960675835043301,4.967159048334666,4.218075817566447,2.9308700964844223,165.8535769466402,0.2074497797783969,53.49249663904867,43.12224968321773,93.46693386773548,$HR$,[bpm],5.440426621245774,10.810338335023387,12.399387318299993,12.322054967843027,12.348342731053382,2.093197837758334,4.805675114677942,10.701537960349365,9.187687152833918,9.79385381377018,12.363088558892482,10.793637361889378,6.769234343519589,1.399076942889077,0.24277404568493505,0.5307909189297113,7330.166478117491,2.114798532131036,0.3198129290629147,0.7215599676927804,0.602521478151485
168.9492111971813,128.74165302338253,150.22981127083435,187.77087390744438,78.21328348930996,146.42934557975454,31.466100337160352,15.648023797731128,23.23172767207529,34.143897510270016,78.21151230899407,181.64018323557357,124.72445581879893,64.71395599702741,107.14646612894319,40.664571794590586,7.795927149821767,6.675069418401732,1.1208577314200356,1.8024124165081978,0.6264775909721806,0.2953457020484048,0.07898670909795115,15.106212665256542,5.945115836935454,4.9541725003640895,4.206924327957002,2.930875556096524,165.95840831145586,0.20637642042555138,53.41366730803979,43.058485691769896,93.80761523046093,$HR$,[bpm],5.437666090619347,10.795156357672653,12.40425553117305,12.327100499173827,12.35331786283606,2.091462726061558,4.795942027007719,10.692102328758374,9.180731233045885,9.784886652012807,12.354678722788938,10.787915223540894,6.760155186803088,1.3983839333257762,0.24157239910277717,0.5307921930394432,7337.001603476151,2.121869852633648,0.3206390334028944,0.7239713225694415,0.6040763929982438
169.04293460527973,128.93112878066026,150.36178446681654,187.9099203108519,78.00241227390411,146.2497054941793,31.4557434348969,15.663176166886547,23.23526780469921,34.14167283668731,78.00059671663936,181.41808735737632,124.56880532489974,64.67277860035554,106.98610710316193,40.69263761807101,7.7877923763554415,6.6688579655172076,1.118934410838234,1.7991021310423125,0.6272628955906986,0.2945843831090521,0.07896619040242513,15.066702559838397,5.929628707969912,4.941246786357244,4.195827065511241,2.9308810031373436,166.06254646243656,0.20562963474074197,53.335090153059205,42.994939398178985,94.14829659318637,$HR$,[bpm],5.434904659079139,10.780046904544509,12.409092688880577,12.33211409498162,12.35826146129028,2.08973752460924,4.7862579956418685,10.682719087971277,9.173821910574562,9.77597766975873,12.346337423757832,10.782202235501172,6.751142970949964,1.3977061738091006,0.24069825461900807,0.5307934562476175,7343.794245747526,2.1289411650412915,0.3214646698295409,0.726382668816093,0.6056304312831924
169.13621714159746,129.11976844949703,150.49311301880454,188.04833926477315,77.79272407007302,146.07107961968427,31.44545393575072,15.678451392482382,23.238807131736728,34.13945317655066,77.79072780206663,181.1971045638993,124.41456014039838,64.63169765071716,106.82682595441139,40.72065633432244,7.776387400226529,6.660294975187428,1.1160924250391009,1.7958044743217043,0.6270796619333477,0.29382682867883536,0.07856846605250643,15.027406550125878,5.914225372904286,4.928391574552967,4.184789602668623,2.9263820497174784,165.91080513433238,0.2048882341488878,53.256759840905445,42.9315512459713,94.48897795591182,$HR$,[bpm],5.432179344518647,10.765025150090608,12.413916815503624,12.337113907004952,12.363191872297374,2.0880206322268715,4.776622486246385,10.67340224200907,9.166972071549838,9.767139447835515,12.33801848986337,10.776656843548228,6.742200992772714,1.39703394645558,0.24014806979311498,0.5282591831986796,7350.554989787461,2.1327290838264723,0.32075071351444884,0.7287937964328247,0.6071843589585336
169.22853524901558,129.3071218989425,150.6233326695605,188.18527431694596,77.58388093722658,145.89296958624533,31.435189111612598,15.69357693203472,23.242312001814412,34.137253640898976,77.58193846387805,180.97712519953487,124.26110595610585,64.59101605974075,106.66850130188992,40.74836926587652,7.768266560787749,6.654081288382273,1.1141852724054764,1.7925053996186013,0.6278528476912655,0.2930725339137777,0.07854749551934273,14.988267550671289,5.898883002766155,4.915586903071027,4.173797644834106,2.9263820497174784,166.01305717794418,0.20415216061115934,53.178628934112204,42.86836713664266,94.82965931863728,$HR$,[bpm],5.429510895004864,10.75006831828188,12.418699336002996,12.34207129074551,12.36808053972229,2.0863221656042117,4.767033552262876,10.66411646746607,9.160157522105228,9.758348140648685,12.329695095259682,10.77114790529205,6.733300897210707,1.3963757727457584,0.23896880815724852,0.5282591831986794,7357.252997894914,2.139787996842617,0.3215709977573699,0.7312059602912062,0.6087371653630608
169.3202722795321,129.49328756752476,150.75279354063892,188.32178215950142,77.3761731959793,145.71571824079172,31.424990201104855,15.708676117913095,23.245805801306236,34.13501453072559,77.37426409742007,180.7581321125397,124.10857838166122,64.55084201330456,106.5113002440479,40.77626377966602,7.760166799867262,6.647879935298301,1.1122868645689616,1.7892153711487915,0.6286220009236886,0.29232194852552446,0.07852637040494777,14.949320341665626,5.883615143379349,4.902844517596439,4.16286068068984,2.926382049717479,166.11471347953753,0.2034213569197738,53.10077329345969,42.80541251070629,95.17034068136273,$HR$,[bpm],5.426861444473496,10.735187996883809,12.423459778816362,12.34700570171249,12.372946748978567,2.084630298118965,4.757494646403949,10.654883068698547,9.153391232752385,9.749616873530227,12.321476840786307,10.765653670966003,6.724466828244792,1.3957336995640492,0.23811337127818485,0.5282591831986797,7363.916763681478,2.1468458133591097,0.3223907402090053,0.7336177494549532,0.6102889461511799
169.4101066335058,129.6774291542204,150.8802702532738,188.45577763186776,77.1692122766757,145.53862798881727,31.414828498252817,15.723838265712137,23.249254472526694,34.132831991338925,77.16770897672956,180.54012247847376,123.95667539443934,64.51085618504281,106.35494963784788,40.804353479200856,7.752008040468439,6.641611623512369,1.1103964169560705,1.785912703778085,0.6293765740724715,0.2915749682150171,0.07850487607606847,14.910436151206733,5.868370039543068,4.8901212795935525,4.151944832070113,2.926382049717479,166.2143823662216,0.2023815096805642,53.023182465760996,42.74269227103823,95.51102204408818,$HR$,[bpm],5.4241858251395145,10.720332751091803,12.428209438220525,12.351919474669417,12.37779649081796,2.0829467385414273,4.748003342372687,10.645650879721622,9.146626945804782,9.740899495055343,12.31321921585384,10.760251954740902,6.715662797779304,1.3951076990165923,0.23726403697022666,0.5282591831986794,7370.510334882492,2.153895024485817,0.32320944110149996,0.7360265979945304,0.6118387552572658
169.50047375472184,129.86125530237544,151.00802317131868,188.59017503656958,76.96346811975988,145.3631435441571,31.404708833028483,15.73882081122371,23.25269789696186,34.13059483694392,76.96208975752712,180.32312055611746,123.80618531935421,64.47161041802661,106.19964479944923,40.83255990895625,7.743928854372098,6.635415950530264,1.1085129038418335,1.782634541777449,0.6301361698202194,0.2908309394604685,0.0784832490931224,14.871859872497792,5.853247487385499,4.877500675766101,4.141111709346191,2.9263820497174793,166.3146543430155,0.20166219425832504,52.94565475352465,42.680100876790306,95.85170340681363,$HR$,[bpm],5.4216016240246185,10.705587074924383,12.43291307130122,12.356795077229105,12.382605100875649,2.0812812756972034,4.738549769099287,10.636521989205002,9.139947272670296,9.732275686904643,12.30501994141424,10.754948990524918,6.706951168921018,1.3944942786271144,0.23610760010990234,0.5282592301935581,7377.07951937498,2.160955819769188,0.32402833068249615,0.7384394050591625,0.6133888669844344
169.59031198480415,130.0446143443231,151.13506815342703,188.72401507597337,76.75883742201786,145.18852709586426,31.394635660279743,15.75386036181752,23.256130234902564,34.128394211675165,76.75747245690235,180.1070178928492,123.6566734783576,64.43298571101909,106.04534204655852,40.86028426033362,7.73587005123372,6.629233397515677,1.1066366537180425,1.779365808989042,0.6308916696758676,0.2900902213080126,0.0784612639432242,14.833469898053885,5.838196455272303,4.864940200321301,4.130333242460284,2.926382828978778,166.41434785988224,0.20063594297148576,52.868390469541694,42.6177021611493,96.19238476953907,$HR$,[bpm],5.419065148370959,10.69092352637575,12.437603530347825,12.361656351822782,12.38740009518792,2.0796199149248182,4.729148174854085,10.62744866128457,9.133319454087529,9.723716042899024,12.296889872013049,10.749677869502449,6.698311783409595,1.3938958044950007,0.23527138569284645,0.5282604713287123,7383.615623761237,2.168015481330716,0.3248469868751054,0.7408516274295152,0.6149371465520235
169.67902367149605,130.2259351767381,151.26085570241747,188.85616879043138,76.55505364679254,145.01417756055343,31.384478977237862,15.76890132079191,23.259443399948694,34.126001675300216,76.55352942247042,179.8912513234514,123.50776275839829,64.39469131806337,105.89186512240371,40.887988320894216,7.72777366363325,6.623013938926649,1.1047597247066012,1.7760914285289777,0.6316378149371398,0.28935012410673056,0.07843838187156266,14.795210584862879,5.823194776099414,4.852421969613722,4.119593839149741,2.9263883609550136,166.51288393085892,0.19992786511586705,52.79142697259758,42.55544883882331,96.53306613226454,$HR$,[bpm],5.416494325704833,10.67630090976024,12.442242749996304,12.366464352723487,12.392142789784259,2.077962289586036,4.719781861686614,10.618382285467668,9.126700917596937,9.715175088943488,12.28876359891574,10.744398488888171,6.689713308066268,1.3933033343351606,0.2344410735573309,0.5282617016237869,7390.094056444884,2.175073701850059,0.32566527921000893,0.7432621489583268,0.616484742711745
169.7674485875417,130.40695871051219,151.3861741301052,188.9881173162992,76.35238559239727,144.84095102622703,31.374496360990282,15.783771463466067,23.262826111030062,34.12376522761159,76.35092816565009,179.6769748006423,123.36019894137806,64.3569922870402,105.7395224453629,40.91599972041292,7.719728544266209,6.616830569913202,1.1028979743530063,1.7728334652005904,0.6323822136259145,0.288615798367117,0.07841589852434898,14.757165368075412,5.8082777245247685,4.839973025462803,4.10891461808784,2.926393880781043,166.61113167113615,0.19891493119335835,52.71463978344894,42.49344038119744,96.87374749498998,$HR$,[bpm],5.413990501892498,10.66177071297705,12.446870138467105,12.371260864003258,12.396873939390051,2.07632902897929,4.710469172115633,10.609392184953622,9.120152711549203,9.706716815107137,12.280688319361575,10.739304909958674,6.681192881717118,1.392722210604494,0.2336166014326981,0.5282629225721107,7396.5417225180045,2.1821339356779226,0.3264830256015295,0.7456733524523089,0.6180313091289552
169.8552946755893,130.58658074847597,151.51074214353767,189.1191898543268,76.15078654781819,144.66852118846586,31.364507498604578,15.798720723750446,23.266160772494455,34.121479188657666,76.14920067242578,179.46348771251562,123.21343811085649,64.3191652138466,105.5880441075332,40.944080579408606,7.7116976772837385,6.610656812274142,1.1010408650095964,1.7695834007220232,0.633122620527628,0.2878837810083208,0.07839299338582406,14.719314260942282,5.793436807841953,4.827589228531588,4.098288224568744,2.9263993877984973,166.7087959734819,0.19821784732811676,52.638117762061945,42.431584074867615,97.21442885771543,$HR$,[bpm],5.411543473446351,10.647307838577841,12.451481970552774,12.37604001225774,12.401588725679341,2.074693106103398,4.701194526255949,10.6004551053653,9.11364479467358,9.698309720098731,12.272620625762984,10.734237335451455,6.67273149063648,1.392151210466908,0.2324891573801743,0.5282641337451176,7402.955221311944,2.189193356115877,0.3273004774099181,0.7480842721754349,0.6195773222185805
169.94255534401566,130.76547768326373,151.6345430441043,189.24928702303322,75.9500394669869,144.49698069490734,31.354588631250014,15.813676698558018,23.269499853041207,34.119214961847845,75.94859954082769,179.2510585511729,123.06766604523325,64.2818310361266,105.43758356195278,40.97208104625146,7.702735600758796,6.604488555546306,1.0982470452124906,1.7663401425177148,0.6338584572978568,0.28715586648457503,0.07798520880505534,14.681638025483204,5.7786640270317,4.815261596434292,4.087712402017215,2.926404862522461,166.80580120476824,0.19721795984269866,52.561679214148235,42.36995873535985,97.55511022044088,$HR$,[bpm],5.4090776702611665,10.632923047368074,12.456066480937025,12.380791790602654,12.406276511182336,2.0730724006115735,4.691965654597821,10.591571119364136,9.107183304295912,9.689960056509534,12.264660996808844,10.72921532436128,6.66433413600683,1.3915974265200108,0.2319849324826752,0.5256714866093684,7409.314471448742,2.1962569391063123,0.3265061462349641,0.7504966135182041,0.6211220401946473
170.0290628330619,130.94310221968055,151.75746330002136,189.37869390452755,75.75034576816994,144.32616212041404,31.344683925946104,15.82845703319331,23.272794128433386,34.116930622164524,75.74889427947319,179.03932141571417,122.92287037782863,64.24500756201431,105.2880697697779,40.99985381884957,7.694722973810803,6.598318334530806,1.096404639279997,1.7631006023416027,0.6345897775489684,0.28643030774103284,0.0779618220475839,14.644130109562472,5.763956638911382,4.802989301145164,4.077184169505927,2.926410370009364,166.9021574130186,0.19653163326801582,52.48552629354199,42.308524004953455,97.89579158316633,$HR$,[bpm],5.406652063920173,10.618599529507474,12.460629016322805,12.38551978860021,12.41094141304824,2.071466037140315,4.682781114455183,10.582724616923661,9.100757899524885,9.681657075520418,12.256702034880746,10.724245564077224,6.6559965583261524,1.3910582575803305,0.23117761541978776,0.525671486609368,7415.640061673549,2.203318753472283,0.32731786057476525,0.7529083330391673,0.6226661877477836
170.11476405867617,131.1196289200572,151.87943503273627,189.5068055487812,75.55151468590995,144.1559170586083,31.334771638975432,15.843308586957408,23.276028512198586,34.11451875425231,75.54998497712815,178.82834520727107,122.77869502130633,64.20849739644433,105.13940125608579,41.02767193640448,7.6842035538683895,6.589637737237103,1.0945658166312868,1.7598639009317492,0.6342977808719515,0.28570674644205607,0.07793789446497115,14.60677068550968,5.749305615865032,4.790764180265141,4.066700889379505,2.921731983043396,166.73032023960837,0.19585006701637228,52.40958278194962,42.24720912647372,98.23647294589179,$HR$,[bpm],5.404273061678911,10.604327759498533,12.465150615975222,12.390205604699474,12.415564611227731,2.0698546355329586,4.673634628409489,10.57390883721204,9.09435763693754,9.673390587064715,12.248737170720002,10.719409466085896,6.647706563353095,1.3905271785578404,0.23007035953717375,0.5256714866093684,7421.914328463539,2.2068428532870024,0.32812926333572556,0.7553200862004681,0.6242097425755215
170.199863486904,131.29512457965237,152.00062985761096,189.63424614150833,75.35366517516024,143.98648302946194,31.324890626044102,15.858084113052755,23.279240776925995,34.11216915189109,75.35205756692345,178.61826175012712,122.63536607324241,64.1723684518876,104.99149733191031,41.05562237281518,7.6761981642623525,6.583463902019254,1.092734262243098,1.7566354135428577,0.6350165791478959,0.2849863326644473,0.07791377393843815,14.569599369019244,5.734729417022093,4.778602128426761,4.0562678235703915,2.9217319830433954,166.82476447131177,0.1951732117329248,52.33384661513101,42.18608826925829,98.57715430861724,$HR$,[bpm],5.401900455934063,10.590126506421708,12.469649017876531,12.394867207601607,12.42016430507946,2.068257446120609,4.664524908477775,10.565142175824432,9.088001271795383,9.665176902550062,12.240826487921716,10.714579513433556,6.63947389657173,1.3900088476174834,0.2292752393680068,0.5256714866093688,7428.1498796916485,2.21389051326868,0.32894024849144826,0.7577322376307087,0.6257525029807955
170.28440840842597,131.4695823753362,152.12114094195715,189.76095410629856,75.15686294880145,143.81779883160306,31.315055466943356,15.872775387485415,23.282446033018683,34.10977716990197,75.15517733648541,178.40908642070005,122.49316697812438,64.13678402536318,104.8446985331955,41.08378996297351,7.66821175179051,6.577301030939393,1.0909107208511177,1.7534150135066602,0.6357317470378084,0.28426938463396495,0.0778894449803105,14.532607604827616,5.72022319311581,4.766498519107262,4.045885892604543,2.9217319830433954,166.9186786665865,0.19419758501617096,52.25838773739193,42.12519599997541,98.91783567134269,$HR$,[bpm],5.399544181772101,10.575991561513405,12.474131383308517,12.399512061837472,12.424747822235128,2.0666756600304943,4.655459248862255,10.556420614712502,9.081688362831121,9.6570179348268,12.232982814785368,10.70978897458835,6.631304404855791,1.3895000523148346,0.22848559612058864,0.5256719797451145,7434.354218743165,2.2209372786128028,0.3297506161934807,0.7601440828598466,0.6272935003181427
170.368391661244,131.64324979306764,152.24088125282236,189.88665348671054,74.96125521919055,143.6498517620717,31.305279267458296,15.887567456555354,23.2856416977677,34.107426651372386,74.95932191339821,178.2007963587702,122.35181702098063,64.10167072538061,104.69874727978481,41.11153301516752,7.660239521939241,6.571145046012628,1.0890944759266132,1.7502016934084597,0.6364426342389499,0.2835556889622669,0.07786482970708809,14.49579021458246,5.7057853725333905,4.7544519703896615,4.035552871659406,2.9217319830433945,167.01197839506665,0.19353104777706842,52.183315401779474,42.0645268960994,99.25851703406813,$HR$,[bpm],5.397242083206155,10.561937606187788,12.478592121189019,12.404134360243743,12.429309456584814,2.0650911389386186,4.646436551871461,10.547759363374812,9.075420428315402,9.648914322341573,12.225149381297165,10.705127075238073,6.623186279765402,1.3890010195109705,0.22739898113805543,0.5256731803210887,7440.5430280691535,2.2279773451860576,0.3305603280500561,0.7625536353492992,0.6288324008619673
170.4502354581005,131.8142280074995,152.35850657322635,190.0101878668574,74.76595235499025,143.48188595110568,31.295480015178736,15.902149488626756,23.288754184192825,34.10497724018683,74.76436249977475,177.99338037685786,122.21054767080884,64.06656571360668,104.55363603504556,41.139340837081996,7.652191502031293,6.564908784653048,1.0872827173782447,1.7469713593147183,0.6371379027393662,0.28284440771756225,0.07783962373700877,14.459003047429903,5.6913571886070615,4.742413628160437,4.025232230662403,2.9217319830433954,167.10317787332033,0.1925677124276424,52.10828660313835,42.00401292535673,99.59919839679358,$HR$,[bpm],5.3949268565878015,10.547885088530796,12.48302550633827,12.408719973793934,12.433838216946118,2.063517167541269,4.637451791414298,10.539072852026909,9.069135174169322,9.640803475901867,12.217258517007197,10.700533358656514,6.615069479162245,1.388514292124581,0.22662115766132565,0.5256743721827117,7446.62892192989,2.2350170446557156,0.3313690424563037,0.7649630621928677,0.6303694073583785
170.53276232295278,131.9858303203494,152.47654742599627,190.13406049608912,74.57172835896962,143.3153797121705,31.285701229504326,15.916736247368693,23.291853312889764,34.1025083359529,74.57017061877568,177.7865989158152,122.07076967220085,64.03170450353552,104.4093568726171,41.167225299143524,7.64422336722455,6.558747367756959,1.0854759994675898,1.7437661564435936,0.6378384645958207,0.2821354218604993,0.07781417141900877,14.422506009631233,5.6770437203231525,4.730471875652291,4.014990413655791,2.9217319830433954,167.19502137362002,0.1919112754692967,52.03330480562297,41.943639775732386,99.93987975951904,$HR$,[bpm],5.392636611747686,10.53393871743752,12.487428239060115,12.413281530606495,12.438340450992442,2.061955742529191,4.62850121027234,10.530476436016695,9.062929099385252,9.632779598897176,12.209508927237904,10.695961939664857,6.607040363282562,1.3880373348096073,0.22584863717200487,0.5256755561934727,7452.68956565494,2.24206981724743,0.33217802938752733,0.7673769634790384,0.631906934750587
170.61470221580223,132.1559762623693,152.5938449418548,190.25727644505625,74.3785590736432,143.1495808784628,31.275968150138148,15.931416426241785,23.29494729255823,34.1000455779581,74.3769745509622,177.58068967563605,121.93185129527045,63.997225359243224,104.26618731065271,41.195311509864574,7.636269360285278,6.552592355405252,1.0836770048800262,1.740568300552921,0.6385342829451486,0.2814296831840986,0.07778861148257867,14.386161913168536,5.662788232081126,4.718577970707144,4.004795710380268,2.921735115641663,167.2862827679923,0.19095998838747913,51.95862860177862,41.88348107376827,100.28056112224449,$HR$,[bpm],5.390395409984228,10.520062307020446,12.491811113142656,12.417822598664461,12.442822613843273,2.060393599550048,4.619600355506261,10.521926788929509,9.056762928697758,9.624808633583013,12.201781305033052,10.69144533749304,6.599071163594906,1.3875756023519903,0.22478205529623324,0.5256767334797541,7458.72363936895,2.249119704004482,0.33298654093661917,0.7697890517055093,0.6334435589956423
170.69618290851903,132.32577383681547,152.71054366127228,190.37987395918424,74.18635417052766,142.98463161280682,31.266320372471316,15.945915364164813,23.298045847442527,34.09759825009,74.18477335233509,177.3757839909697,121.79385688721788,63.9632312531836,104.12380941001895,41.223349933159305,7.62737667542684,6.546455186416438,1.0809214890104015,1.7373810076665128,0.6392267916897624,0.28072752237960935,0.07737064388478146,14.350017854016336,5.648613017116458,4.7067515666111746,3.994653270288703,2.921740664506627,167.3771305103223,0.19031343993048105,51.884145403416184,41.82350695409012,100.62124248496994,$HR$,[bpm],5.388204875707663,10.5062652025492,12.496178891996214,12.422347816073154,12.447289590051046,2.058846841552735,4.610733630160448,10.513435170698223,9.050650075534483,9.616900129893333,12.19408349253695,10.687092531133565,6.591166386552277,1.3871276691614116,0.22431928969862347,0.5230255820623504,7464.723132068525,2.2561713994676524,0.332110493617907,0.7722011152035753,0.6349794446159917
170.77688647690445,132.4938563121807,152.82630257584321,190.501229735717,73.99501924752767,142.82021903183661,31.25663410672565,15.960418685833396,23.301072104738285,34.095085766074554,73.99332963090094,177.17148646493686,121.6565482424939,63.929544468955754,103.98224774582074,41.2510498134729,7.619444179630244,6.540310560923785,1.079133618706459,1.7341964202271891,0.6399135638881706,0.28002696945034694,0.07734442026772582,14.314015718831323,5.6344922430184115,4.694971083927356,3.9845523918855537,2.9217461993208524,167.46717827777437,0.18937396447330454,51.80990461233864,41.763678291170514,100.96192384769539,$HR$,[bpm],5.385993951394759,10.492509477484461,12.500513099831819,12.426837813858558,12.451722026439613,2.057308308042652,4.601901450290188,10.504972663320606,9.0445542450212,9.609019446880747,12.186402702178537,10.682767451168685,6.583304195217856,1.3866909513192491,0.22356235680364997,0.5230255820623504,7470.679498377643,2.263222308484903,0.3329133342660819,0.7746129040951535,0.636514437694168
170.85693307366844,132.66145828045103,152.9413114925556,190.62208989364697,73.80452528604513,142.65642852899308,31.24699207884142,15.974986073564917,23.304090575310067,34.09253474300281,73.80287869520146,176.96807392440422,121.52011713194737,63.89626363138618,103.84163930617447,41.278925088644954,7.611522149166044,6.534168472641129,1.0773536765249148,1.7310171596113673,0.6405960406492539,0.2793297607313766,0.07731807525436109,14.278173659520938,5.620433771026107,4.683242387166525,3.974497501328304,2.92175172499255,167.55661596621863,0.1887370985195862,51.73585659411438,41.704063935694954,101.30260521042085,$HR$,[bpm],5.383812679293721,10.478823430502999,12.504826217179954,12.431305690552616,12.456132899100016,2.055768439245195,4.593112141259589,10.496555850204865,9.038497619554857,9.601187828825397,12.178790825264675,10.678467945393521,6.575497116815384,1.386257715829315,0.2225142244712861,0.5230255820623498,7476.590687794754,2.270275641186192,0.3337155793550853,0.7770255158117451,0.638048292091577
170.9366894672444,132.82786568617655,153.0558160405344,190.74224896720648,73.61513511667295,142.4936831585319,31.237397718064162,15.98934791059948,23.30710864985668,34.09005452588441,73.6133669805725,176.76548244711557,121.38457559225499,63.863479747540126,103.7019444729168,41.30696003844861,7.60363561035482,6.5280543901558445,1.075581220198975,1.72785144240079,0.6412763584755694,0.2786357126633225,0.0772916126208137,14.242513437683712,5.606445867246727,4.671572795641388,3.9644947747955968,2.9217572287520253,167.64572344960806,0.18810450177770272,51.662034052956685,41.64465027983958,101.6432865731463,$HR$,[bpm],5.381685241022835,10.465211890008822,12.509128620983299,12.435762478182122,12.46053307082802,2.0542427836408192,4.584362338006717,10.488194494018696,9.032490451849148,9.593416194913882,12.171210925497574,10.674287612145193,6.567754088501495,1.3858365123534995,0.22176841575361814,0.52302558206235,7482.484274784873,2.2773268456806557,0.3345174432474058,0.7794373958487214,0.6395814176590848
171.0156027640967,132.99352156037884,153.1693976482459,190.86142736815262,73.42643536887023,142.3314520711789,31.22781806196397,16.003764600869655,23.310075070348994,34.08746664411672,73.4246916274013,176.5636876847728,121.24969740683831,63.83099014286744,103.56314782164834,41.33515194752307,7.595738878680269,6.52192590339205,1.0738129752882193,1.7246857249133207,0.6419508211810084,0.2779439169442993,0.07726460959562721,14.206996906911783,5.592513955692743,4.659950209364374,3.9545327418546634,2.9217627202755234,167.73401864459115,0.18718182042485182,51.588341368252344,41.5853863216143,101.98396793587175,$HR$,[bpm],5.379564409889562,10.45164698081477,12.513402870325045,12.44018968441106,12.464904512434128,2.0527268834500108,4.575650423579017,10.479859716493376,9.026507094376667,9.585677827563664,12.163629516680626,10.670202773121115,6.560054855405776,1.3854278492656615,0.22102758984129517,0.5230265509201981,7488.319230304221,2.284381882382696,0.33531875501538455,0.781850581681485,0.6411122999882782
171.09360346645337,133.15766928056786,153.28195191425803,190.97947048050204,73.23856007442481,142.16969285693676,31.21818302489743,16.018147077438794,23.312965174795828,34.08480818638344,73.23669694093483,176.3623436362651,121.11549942628008,63.79881579784048,103.42483121459844,41.36294175750059,7.585194841589644,6.513148604217367,1.0720462373722763,1.7215213589139462,0.6415471793857964,0.277253348783303,0.07723699161193125,14.171628889540163,5.578641154325235,4.648377993109421,3.9446097421055075,2.9168945665714388,167.54152598049896,0.186851945361635,51.514889427329415,41.526266566280356,102.3246492985972,$HR$,[bpm],5.3774367229281586,10.438127726296534,12.51763664591028,12.444574627596364,12.469234634361104,2.051202648413514,4.566959395468184,10.471543762616035,9.020543247570425,9.577966334617715,12.1560864704896,10.66612454182369,6.552398061259452,1.3850258950726706,0.21999836581040227,0.5230277315960082,7494.109974749761,2.2876135987687873,0.3361197912075071,0.7842633823606735,0.6426423894997777
171.17141434971376,133.32135956196066,153.39412397100148,191.09698858437176,73.05166122895852,142.00888375626482,31.20865365905803,16.03240513869952,23.31589572759851,34.082207538671845,73.0498186391941,176.16210683126403,120.98225714024161,63.76677224015526,103.28777968258287,41.39078399849398,7.57732486345098,6.507034002615226,1.070290860835754,1.7183712739585681,0.6422116539338002,0.27656725561354933,0.07720951708391163,14.136428146787374,5.56483166749706,4.636857469076367,3.934739010213943,2.9168945665714388,167.62826805639884,0.18593954404490942,51.441613578443324,41.46738475895074,102.66533066132264,$HR$,[bpm],5.37536326326211,10.424692279043768,12.521865500084333,12.44895462511038,12.473559764916146,2.0496964005424845,4.558322415076035,10.463296404813713,9.014633725582732,9.570321229055963,12.148615007553044,10.66212893909009,6.544804420951564,1.384642639124196,0.21926833024163847,0.5230289034525523,7499.87295542995,2.2946537455324707,0.3369201006090667,0.7866769583755099,0.6441710933851501
171.24880241466116,133.48411991909708,153.50574655123737,191.21430115047997,72.8658311119449,141.8488797822711,31.199210301526385,16.046771238068704,23.31884590297202,34.07966129418706,72.86396453409532,175.96283657679547,120.84994833667228,63.73501229684378,103.15170918773885,41.41884417324246,7.569484998927457,6.500940164952431,1.0685448339750259,1.7152320693172731,0.6428736887934714,0.27588485069624036,0.07718215498466448,14.101401496441486,5.551090321174829,4.6253936030900675,3.924917572176591,2.916894566571439,167.7146470333749,0.18532456889923557,51.36863345257944,41.40872354162994,103.0060120240481,$HR$,[bpm],5.3733399471265635,10.411334418815338,12.526087524363353,12.453327004201661,12.477877804859004,2.048205194093493,4.549728482933401,10.455114446585704,9.008774456097619,9.56273763450591,12.141174652187035,10.658284828651746,6.537276053150118,1.384275181217695,0.21854312370192874,0.5230300728798071,7505.618675659255,2.3016912656319297,0.33772000247412787,0.7890896338901174,0.6456990142357193
171.32537109499867,133.64577595442518,153.6164008951972,191.33025431222845,72.68065603043235,141.6893620081079,31.189735864836134,16.061032615199082,23.32172065346418,34.07702644494073,72.67882645458302,175.76420809008167,120.7182978958624,63.70347652900648,103.01624877870503,41.44701396598906,7.560652872725212,6.494835031723823,1.0658178410013892,1.7120942713764573,0.6435297252592429,0.2752040408138807,0.07675443113790349,14.066519583280684,5.537406469722674,4.613978424651641,3.9151346889063667,2.916894566571439,167.80019950705662,0.18442321800807326,51.29577478531757,41.35018570864785,103.34669338677355,$HR$,[bpm],5.371282444686685,10.398015091570098,12.530270854135951,12.457659467447492,12.482156786124527,2.04670564002383,4.541158682427794,10.446942406661266,9.0029290420218,9.5551742941705,12.133722770707049,10.654488808932797,6.529782175687872,1.3839166592365826,0.21782269843473218,0.5203213313526246,7511.305473926645,2.3087325936738443,0.33676537995597383,0.7915036148829893,0.6472257808084099
171.40133572218645,133.80652569836946,153.72635148245166,191.44557038669234,72.49635395620153,141.53045565335688,31.18025185727704,16.075189793820833,23.324556780716506,34.07430900080996,72.49443936878387,175.56613512347906,120.58736028603896,63.672332504310866,102.88162502251447,41.475264254368426,7.552810839319886,6.488732884210598,1.0640779551092876,1.708961956591091,0.6441814922750058,0.27452511977984256,0.07672608148409552,14.03178741184277,5.523779781357325,4.602611514597487,3.9053961158879567,2.9168945665714396,167.88515203789,0.1838172661901109,51.2231474289626,41.291812522840544,103.687374749499,$HR$,[bpm],5.369263149759927,10.384752680199332,12.534434781930445,12.461971361304784,12.486415824671237,2.045216071154681,4.532624055953344,10.438815480114364,8.997118936166027,9.547657253753878,12.126360250687409,10.650741735902493,6.522342488855354,1.3835562431942852,0.21710700731115462,0.5203213313526246,7516.956620628993,2.3157737303494925,0.33755957401146014,0.7939175302696959,0.6487521338668588
171.47578068922195,133.9652969523076,153.8347016185601,191.55909249983728,72.3128496451096,141.37197106990337,31.170881897236296,16.089432406286797,23.327425879202146,34.07173535400072,72.31135806787871,175.36936770096932,120.4568368342774,63.641319674208965,102.74808297354402,41.50326251187328,7.5449451285931115,6.48259353872721,1.062351589865901,1.7058256064555353,0.6448221735148753,0.2738514601622936,0.07669796661246289,13.997118479233244,5.510176895472188,4.591263105340073,3.895678478420979,2.9168952813876348,167.96863833326003,0.18292675522889554,51.150768499473976,41.23374510375168,104.02805611222445,$HR$,[bpm],5.367260115263414,10.371528489022467,12.538608417456098,12.466285065393302,12.49068006006838,2.0437438105240386,4.524141421315653,10.430694001394375,8.991317835762171,9.540162076125412,12.118986406828785,10.647058772041326,6.514911772204408,1.3832191985777569,0.21639600381967136,0.5203213313526246,7522.565180516311,2.3228048563651025,0.3383522146963293,0.7963278185496225,0.6502755015189376
171.55026206751754,134.1239995427133,153.94295042983438,191.67229771264545,72.12987591583955,141.21424103187582,31.161361003962536,16.1034963504738,23.330146168033775,34.068857320527705,72.12839636165555,175.17240066421388,120.32721949643053,63.61081649860569,102.61481195267447,41.53110737461741,7.53709602364369,6.476477869495907,1.0606181541477828,1.7026992599438282,0.6454624756236136,0.2731760479822271,0.07666873012662774,13.962693196791443,5.49667208675008,4.579999754170021,3.8860213558713412,2.9169008405567305,168.052173388936,0.18232964408471514,51.07832991118645,41.17566242636459,104.3687374749499,$HR$,[bpm],5.365275852751785,10.35836721604922,12.542722657511112,12.470543369067316,12.49488737082481,2.0422553585049097,4.515661019559089,10.422619608448677,8.985558226902787,9.532710732954236,12.111626917077626,10.643468327265,6.5075393426051,1.3828793082023216,0.21540205586664296,0.5203213313526244,7528.104083560969,2.3298552958141463,0.33914582479439487,0.7987434003308325,0.6518007322758675
171.62483846360854,134.2820798554906,154.0510694384852,191.78584051170984,71.9483245409588,141.05772054152337,31.152039083527512,16.117602498643148,23.332973279295192,34.06622336381826,71.94678570184772,174.97697705673986,120.19880750776416,63.5808527991211,102.48287360689754,41.559314475321834,7.529320572542511,6.470419708749212,1.058900863793299,1.6995952452564658,0.646103823340775,0.2725066059586121,0.07664008664028993,13.92844647677024,5.483235224916746,4.568790929702749,3.8764203221507425,2.916906394489059,168.1358031579862,0.18144976794617407,51.00630030369678,41.1178584246072,104.70941883767536,$HR$,[bpm],5.363318294704359,10.345303710862305,12.54684600209527,12.47481195327996,12.499104621434821,2.0407894359966727,4.507241618877104,10.414634865277511,8.979867264976932,9.525342146053521,12.104347871127212,10.6400039817433,6.5002404551037225,1.3825624502229266,0.21470122621119175,0.5203217973519864,7533.667249028251,2.3368967134498,0.3399385426891531,0.8011558814039842,0.6533236632006636
171.69863420511464,134.4393433990268,154.1583293143839,191.89813742123826,71.7674517002497,140.90160516786588,31.14269483965712,16.131753222554618,23.335747890342052,34.06347327545089,71.76596411975459,174.78213840270294,120.07090891535155,63.55114814353749,102.35178887600802,41.587676289868085,7.52153769780897,6.4643504406290395,1.0571872571799303,1.6964920684533382,0.6467398179812305,0.27183917882973724,0.07661092571494986,13.894336341555533,5.469851521902247,4.557626901437034,3.866857918216252,2.9169119323455903,168.21869503173713,0.1808613196334909,50.934445789136426,41.060239207283175,105.0501002004008,$HR$,[bpm],5.361396495456886,10.332284842700014,12.550943546305724,12.479053377499921,12.503295529155606,2.0393320199986986,4.4988536126175465,10.406679490548495,8.974197883680372,9.518004028345693,12.097136779371402,10.636572655675995,6.492982187280872,1.3822577224699775,0.21400494218875935,0.5203229781707799,7539.177992238656,2.343941313874906,0.3407305977151197,0.8035694488691887,0.6548444178132865
171.77158102769243,134.5952054055503,154.26461494771752,192.00951959798914,71.58729204991668,140.74591335645752,31.13329379639815,16.145693398327992,23.338444494619836,34.0606528625633,71.58573226984215,174.5876594625062,119.9435871678321,63.52171172500479,102.22115298567333,41.61590218307707,7.513742787289871,6.458268104499185,1.0554746827906867,1.6933896564869941,0.6473697355858451,0.27117273880845816,0.07658119728531686,13.86036225746208,5.456521617686295,4.546508648621448,3.857331991154336,2.9169174633777457,168.30075625597868,0.17999187842637804,50.86278552799786,41.00274469010546,105.39078156312625,$HR$,[bpm],5.3595031880434725,10.319303759211909,12.555001008140403,12.483253291995117,12.507445725285015,2.0378666072541534,4.490486415992998,10.39874099864192,8.96854504347625,9.510689880847938,12.089919319404553,10.633158823828825,6.4857622515446955,1.3819578914798099,0.21302836244134618,0.5203241545425797,7544.640659128494,2.3509864870796515,0.3415225612061611,0.8059832054203019,0.6563649952141771
171.8442523224958,134.7506624624766,154.3704860044124,192.1204597337898,71.4081042727619,140.59109946784324,31.12398455682667,16.159668585514282,23.34115474137168,34.057839703740875,71.40648022813049,174.39417574710941,119.81718875845996,63.492122749048555,102.09158973107596,41.64389634292387,7.505985921962505,6.45221499465689,1.053770927305615,1.6903007965388637,0.6479979817769449,0.27050985343901934,0.07655149912423881,13.826552548074359,5.443255046709256,4.535442943408764,3.847854557956339,2.916922967948134,168.38255987572708,0.1794119197582112,50.7913406631369,40.945450111635424,105.7314629258517,$HR$,[bpm],5.35758918012699,10.30639856488822,12.559057240344114,12.487451149587868,12.511594171552597,2.036413858208371,4.482163482010589,10.390854736553585,8.962936585218786,9.503430117968186,12.08273090504075,10.629943193184193,6.478596867396036,1.3816716350426506,0.2123419556631993,0.5203253276756089,7550.083329520878,2.358031509036368,0.3423138790429717,0.8083969082992584,0.6578843289680942
171.91621449815784,134.9048488815559,154.47554239839135,192.2303403195351,71.22960394129198,140.43676663798428,31.11469092046926,16.173711547055184,23.343841152879772,34.05501640829127,71.22806281594174,174.2014713582369,119.69139992840492,63.46293372290041,101.96289281744602,41.672092517124455,7.494453695015537,6.443382050322324,1.0510716446932127,1.6872127773588148,0.6474953731787152,0.2698495384422644,0.07611454476635865,13.792871203933439,5.430037919488924,4.52441811006869,3.838415174375825,2.911865718583594,168.17127137913317,0.17911865435835245,50.72005404746077,40.888324455919594,106.07214428857715,$HR$,[bpm],5.355710677430587,10.293543195537394,12.563087967668762,12.491622388660774,12.515716646381035,2.0349721783808468,4.473875003792117,10.382998250739005,8.957355587358617,9.496207339281462,12.075571646633122,10.626775185486999,6.471480094371346,1.3813909468107908,0.2119429259311311,0.5175586476305669,7555.476826878927,2.360974399320559,0.34127956126979325,0.8108115646448825,0.6594026837967133
171.98765933457733,135.05847475512522,154.57995432974778,192.33979989871486,71.05198035039278,140.28326338348037,31.105376103062436,16.18750673995244,23.346477934844806,34.05213376861718,71.05032416617843,174.00927485715533,119.56627972469838,63.434008507096905,101.83475710702498,41.70037719468237,7.486706638993062,6.437329628421286,1.049377010571776,1.6841347635400106,0.6481130528914062,0.2691909304952035,0.0760842770542989,13.759365109310947,5.416891345002676,4.513453570770335,3.8290201935379367,2.911865718583595,168.25146594539248,0.17826314287087044,50.64893604318574,40.83134317093375,106.41282565130261,$HR$,[bpm],5.353871968109342,10.280744701890226,12.56710370800898,12.495777116309352,12.519823507465956,2.033526670367209,4.465607913858216,10.375180488211857,8.951807714059228,9.48902414510658,12.068481178110632,10.623638630026983,6.464408058959858,1.3811188574619033,0.210982327321853,0.5175586476305669,7560.8419972061265,2.368005298594923,0.3420652690462514,0.8132261331565731,0.6609207876484317
172.05858836124796,135.21083460951328,154.68371122149395,192.44827851267002,70.87514396288267,140.13037745745004,31.096117063236136,16.201381291221022,23.349109992229003,34.04924591051468,70.87347373807584,173.81790196942316,119.44197754009329,63.40529448835305,101.70764087921417,41.72885721300709,7.47897510632544,6.4312852818438175,1.0476898244816224,1.6810638176088173,0.6487269473683446,0.2685354313298506,0.07605392821552434,13.725986713308536,5.4037927122345515,4.5025282522437005,3.819665748830285,2.9118657185835954,168.33113121210337,0.17769425354689736,50.578001179225815,40.77455367660773,106.75350701402806,$HR$,[bpm],5.352036017975914,10.26799952646353,12.571101682884716,12.499913724865367,12.523912514445772,2.0320909702086256,4.457385928412478,10.367412825457597,8.946288815257793,9.481880571974306,12.06140297315758,10.620582689418718,6.457377732650434,1.3808609670133862,0.21030902160297343,0.5175586476305674,7566.170178161844,2.3750375914616613,0.342850424460479,0.815641180259143,0.6624378242544701
172.12879999168615,135.36264264747186,154.78666367411932,192.5561389297772,70.69909724617258,139.97793041291612,31.086876771925652,16.215257869147027,23.351711843797133,34.04634644271225,70.69743821859386,173.62728494012237,119.3182928331709,63.377088201769375,101.5812656236426,41.75723359443591,7.47124306928,6.4252353442872865,1.046007724992713,1.6779955460585132,0.6493358947086763,0.2678822325564393,0.07602334670889128,13.6927377233752,5.390744122983133,4.491644621526212,3.810348978865858,2.9118657185835937,168.41011725664214,0.17684871627430482,50.50731714465254,40.71793108034535,107.09418837675351,$HR$,[bpm],5.350200004697454,10.255304296415181,12.57507308322453,12.50402279672016,12.527974635929244,2.0306646920018157,4.4491939800490075,10.35967260267328,8.9407987411935,9.47477587076912,12.054346721364888,10.617692218315685,6.4504006188020435,1.3806152712963973,0.20963999964053884,0.5175586476305666,7571.462438548022,2.3820688497653952,0.34363500751226866,0.8180558720695729,0.6639537549714662
172.1987291363011,135.5133458705907,154.8891860960247,192.66340540284966,70.52382496545839,139.8262740838715,31.077670259149347,16.228966806057702,23.35430314718361,34.04341476499151,70.52220198492616,173.43745233760328,119.19531053244863,63.34916097405431,101.45581826672509,41.78550090171382,7.46354090769477,6.419208758573194,1.0443321491215765,1.674938336802354,0.649943272373741,0.26723181575050514,0.07599263511192433,13.659663480458867,5.37776482002781,4.4808193414550175,3.8010793189760395,2.911865718583595,168.4888628150418,0.17628792012122457,50.43674761951844,40.66146096729542,107.43486973947896,$HR$,[bpm],5.348409837600078,10.242677451045079,12.57904447131275,12.508130447132558,12.532035899021754,2.029241038214132,4.441038082296269,10.351979536830065,8.935347750262252,9.467718205705314,12.047342830931342,10.6148402889877,6.443471223230584,1.38038455795425,0.20869584204525318,0.5175589187220316,7576.717948693836,2.3891055667721566,0.3444193853461395,0.8204724385210586,0.6654689406118007
172.26804087758583,135.66356030726962,154.99097315653339,192.7699180156696,70.34948265636392,139.67519385228013,31.068490869559373,16.242752469873988,23.356880332332725,34.040530297308486,70.34781389444991,173.24834707165374,119.07318750148985,63.321554461075905,101.33107573493187,41.813932030028525,7.4558505274067635,6.413187986356692,1.0426625410500718,1.6718878497981993,0.6505462909972037,0.2665840858431673,0.07596166255117083,13.626728838221332,5.364840386142032,4.470039702104154,3.791848749975147,2.9118657185835937,168.56700683987634,0.17545217383701148,50.36648292091523,40.605186187060575,107.77555110220442,$HR$,[bpm],5.346650939996671,10.230104965130204,12.582993763556074,12.512214984612944,12.536074624639353,2.0278237012250937,4.432912823598698,10.344322374624127,8.929927439472262,9.46070052143214,12.04039374543917,10.612042054875234,6.436588069658322,1.3801657087384045,0.20803614897817074,0.5175601051631252,7581.954263044593,2.3961371210542586,0.34520320718310354,0.8228872319770986,0.6669818707805966
172.336781708783,135.81241449966814,155.09209318453776,192.87577244703277,70.17579440038364,139.52467069888164,31.059329267628602,16.256478333634305,23.359416487763323,34.037537874797174,70.17413321313816,173.05983539908945,118.9516183493795,63.294214559210474,101.20727757245841,41.842523836149404,7.44816547295636,6.407168321987152,1.0409971509692082,1.668842582604545,0.6511445401544599,0.2659383546582306,0.0759304058983581,13.593918392647035,5.351962373978736,4.459298811271054,3.7826572073972464,2.911870192265423,168.6446265674745,0.17489931249220528,50.29633400951372,40.54905810542992,108.11623246492987,$HR$,[bpm],5.3448684868480765,10.217581593924299,12.586924796256895,12.51628057165683,12.540094843686946,2.026415603114906,4.424824977079358,10.336695327927808,8.92453116822494,9.45371588131631,12.033457366206186,10.609357767170598,6.429746331587972,1.3799550082635441,0.20738061338361485,0.5175612885840865,7587.142500803001,2.403173744001857,0.3459867741141309,0.8253024981625975,0.6684943054003538
172.40497447272622,135.9609133557164,155.19252422683797,192.98063655822293,70.00286762187156,139.37478642690223,31.05017014625435,16.27007394037898,23.361916491195185,34.034560119357735,70.00117439530888,172.87205402545618,118.83063537495299,63.26711448861245,101.0841117593864,41.87127712753709,7.440486472526545,6.4011501976139265,1.0393362749126183,1.6658020610204654,0.651738669716903,0.26529472370286017,0.07589888398519604,13.561261666389411,5.339145934095393,4.448609897034453,3.7735058352595625,2.9118757539906532,168.7217091083801,0.1740731784961217,50.22634969818296,40.493054120246,108.45691382765531,$HR$,[bpm],5.343117636189216,10.205107217264624,12.59083699689189,12.52032619211695,12.544095821529725,2.0250105588075606,4.416762379448298,10.329101773349391,8.919165177735373,9.446768713115523,12.026534840810053,10.606786975132698,6.4229410247697505,1.3797486147415907,0.20645245017187086,0.5175624650478513,7592.294981354086,2.4102113933353357,0.34677003017239955,0.8277178001266713,0.6700061414622462
172.4708970477139,136.10643512603795,155.29073356112363,193.0832950475843,69.83038746511801,139.22464703513742,31.04096660172576,16.283678772565498,23.364335497742832,34.03147102695992,69.82900605155092,172.6848673640174,118.70963898381743,63.23937767889153,100.96145770479474,41.89977658470726,7.432728579256871,6.395049570076,1.0376790091808714,1.6627444194237557,0.6523163814201466,0.2646530580247696,0.0758668644064789,13.528604729975346,5.3263282909287355,4.437919685197281,3.7643567538493308,2.911881298732729,168.79663208057494,0.17352809762774185,50.15662740196731,40.437246828555224,108.79759519038076,$HR$,[bpm],5.341352789282441,10.192622736517224,12.594715699762412,12.524329835271178,12.54805863601065,2.023603712444282,4.408721709446501,10.321481095044323,8.913766149850867,9.439797232809484,12.019592748869055,10.604265019974424,6.416117291624063,1.3795514143962564,0.20580597906247283,0.5175636393060726,7597.378227417348,2.4172375123207357,0.3475520761425532,0.8301291379469123,0.6715156354656913
172.53820280596204,136.25329610034183,155.39002274430536,193.18704707047863,69.65908911477571,139.07614979221887,31.03187719147705,16.29726273172533,23.366811406430816,34.02847585980457,69.65765714897275,172.4985537354387,118.59020968818757,63.212472673716185,100.83992011565653,41.92829546166728,7.424074086405099,6.389062267942584,1.0350118184625154,1.6597224956270915,0.6529044425609506,0.2640148075684009,0.07542089099359728,13.49624803629001,5.313629550617346,4.427329529031996,3.7552889566406673,2.911886831815713,168.87286019765662,0.17298641976147827,50.087012919790396,40.38158908613623,109.13827655310621,$HR$,[bpm],5.339648501937323,10.180258903181317,12.598611185725265,12.5283559994634,12.552041469809025,2.0222132982658527,4.400723477375775,10.313981944417828,8.908469751419707,9.432936248341415,12.012784871515649,10.601800329547416,6.409392846519596,1.3793702938833772,0.20543856210146944,0.5147374972929936,7602.472932245862,2.4242760326568242,0.34643173612250994,0.8325447287885024,0.673026033549908
172.60452313241197,136.3986016500677,155.48831188145556,193.28981181107034,69.48840956586393,138.9278392502794,31.022758117119295,16.310727601805727,23.369214193363774,34.02538527436085,69.4869846519078,172.3127128464252,118.47108799129748,63.18577870824222,100.71901098513767,41.95695811874499,7.416416278534201,6.3830502195577346,1.0333660589764666,1.6566969256697697,0.6534860904106105,0.2633779669239722,0.0753887237168679,13.463995563466321,5.300971101378771,4.4167730780246295,3.74625138406292,2.9118923592484753,168.94822502220794,0.17217395078648604,50.0176278137315,40.32609289474684,109.47895791583167,$HR$,[bpm],5.337930959905363,10.167934580426754,12.602470568589851,12.532344678354495,12.555987568305714,2.0208259278297755,4.392753299375326,10.30648862859007,8.903180111436791,9.426089891414973,12.005968312014026,10.599432724978849,6.402698614326649,1.3791996910485655,0.20452510714445635,0.5147374972929938,7607.5186664992925,2.4313151801534896,0.3472085680661501,0.83496052744923,0.6745352143415257
172.67045517773613,136.5435263908818,155.58603487839179,193.39193522283708,69.31848833263805,138.78025344984826,31.01368436061837,16.324282377542332,23.371617250642913,34.02229837305788,69.31708514507103,172.12776624817545,118.35270541069559,63.159434757896456,100.59907013042383,41.985854019753845,7.408782852604679,6.37705562151218,1.0317272310924985,1.6536812416994293,0.6540649459071481,0.2627439601142274,0.07535654032987774,13.431876886235933,5.288364052518801,4.406258737704113,3.7372540960130203,2.91189787460453,169.02319537865517,0.17163983451579803,49.948379981657865,40.27071672162933,109.81963927855712,$HR$,[bpm],5.336250426759794,10.155664350962777,12.606310153758594,12.53631367997893,12.5599141065322,2.019441454222806,4.384818013342038,10.299035273108247,8.897925233579649,9.41928767142413,11.999177814740621,10.597215476950085,6.396052557797773,1.3790438170959176,0.2038906314471104,0.5147374972929937,7612.531384025181,2.438356626699142,0.3479852918380008,0.8373771099476831,0.6760441849837183
172.73558321626226,136.68698332873132,155.6828979366079,193.49299955046354,69.14927565902788,138.63304695113806,31.004553743606508,16.33765252959718,23.373943234887502,34.01912673064354,69.14776523806928,171.94320222729388,118.23484022361616,63.133178795839314,100.47961485346353,42.01477768519719,7.398232393701468,6.368142739190358,1.03008965451111,1.6506678960242291,0.653455168687298,0.2621110307792496,0.07532378812770567,13.399881841907561,5.275805312474312,4.39578588873148,3.7282906407017657,2.906641332491821,168.79183019439404,0.17110902185675333,49.87935934452909,40.21546902834925,110.16032064128257,$HR$,[bpm],5.334591832325278,10.143423573834362,12.610126062510371,12.540256911383993,12.56381590421437,2.0180620546674874,4.376903816205346,10.291601057752263,8.892680623394337,9.412503959553431,11.992423661154465,10.595029491189726,6.389434435437877,1.3788929922951858,0.2032600801037229,0.51473786442172,7617.506378710947,2.440977560295777,0.3487617007841746,0.8397931774413882,0.677552060748415
172.8001704645354,136.83001399525375,155.77908918629265,193.59353032586523,68.980730347092,138.48633590406052,30.9955014498828,16.351007459105634,23.376270897928688,34.01595531368873,68.97934107185236,171.75947997014353,118.11760965726,63.10729226113038,100.36107541783349,42.04355660336629,7.390595719244194,6.362135976163963,1.0284597430802307,1.6476590860227198,0.6540222051008425,0.26148135090304175,0.07529090238160488,13.36801068715603,5.2632947097672265,4.385352296557331,3.7193636808314743,2.906641332491822,168.8650489584831,0.1705814822536404,49.810495668597895,40.16042729277176,110.50100200400801,$HR$,[bpm],5.332918682927849,10.131236605234195,12.613920404558124,12.544178549451022,12.567696351258636,2.01669413823008,4.369026611124091,10.284202349505073,8.887470192435323,9.405762384318935,11.985716560812016,10.592894963141056,6.382863687746208,1.3787555563337461,0.20263341681722252,0.51473904978046,7622.4398223219505,2.448003204790682,0.34953733361945677,0.8422102780366245,0.6790573471519928
172.86425326628705,136.97183901592425,155.87466842401696,193.69313323448773,68.81295066339224,138.34030875591017,30.986417534722353,16.364405194443094,23.378540066673953,34.01274735293616,68.81148935754594,171.57622750257173,118.00083822940904,63.08163145683018,100.24319998608172,42.0722835701922,7.382970320127205,6.356138157670815,1.02683216245639,1.6446570738766133,0.6545860796481084,0.26085296463330376,0.07525767051157026,13.336282224472981,5.250839814885785,4.374966206435389,3.710476203151808,2.9066413324918208,168.9378279769864,0.16978639382971183,49.74179346730164,40.10549151193719,110.84168336673346,$HR$,[bpm],5.331265845628572,10.119101469193794,12.617702169522575,12.548085758108039,12.571563136577115,2.0153216095130038,4.361175557866811,10.276840286167646,8.882278669324903,9.399048297683287,11.979023680210737,10.590874930081833,6.3763299767094965,1.3786194178726674,0.20173981404008826,0.5147402320216927,7627.343288962375,2.4550295598188834,0.35031302553328986,0.8446276230835205,0.6805627455180667
172.92743553151965,137.11299066933213,155.96932466576206,193.79197268770804,68.64606482768836,138.19458739366172,30.977278512776785,16.37758470497018,23.38073683192122,34.00939724456862,68.6442584791864,171.393448586795,117.88471527161077,63.056243618240885,100.12570416861044,42.10111605297187,7.375331706968435,6.350125612783378,1.025206094185057,1.6416550277085968,0.6551440018781419,0.2602256685077619,0.07522396327478155,13.304694101493244,5.238442691014076,4.364629649670992,3.7016217608081767,2.9066413324918217,169.00980788714077,0.1692661399192747,49.67348296510548,40.050689828102975,111.18236472945893,$HR$,[bpm],5.329633783712973,10.10699369812186,12.621457523342022,12.551964151196431,12.57540228772003,2.0139535924194263,4.353336457313275,10.269495981215757,8.877106121886605,9.3923577029226,11.972332733902022,10.58892510065739,6.3698330149801645,1.3784912803896476,0.2011216495053583,0.5147414117201624,7632.23181691413,2.462046561756745,0.3510882081314543,0.8470417502960601,0.6820671508790949
172.99050119962024,137.2531734762457,156.06365901179927,193.89034453453522,68.47980906928385,138.04971764116303,30.968258535408598,16.39081974191915,23.38297306111962,34.0061822396036,68.47794839204505,171.21170583323806,117.76933621981009,63.03100750521358,100.00947506834207,42.130283878270234,7.366699113142919,6.344145082284584,1.0225540308583352,1.6386670445301488,0.6557008750977306,0.25960240465288087,0.07476915260660498,13.273229434120736,5.226090769321697,4.354329140764589,3.6928095240344514,2.906641332491822,169.08162190374352,0.16847992729518396,49.60517865547945,39.99606689202855,111.52304609218437,$HR$,[bpm],5.3280343030010515,10.094957202112314,12.62520995665757,12.555840436417462,12.579239105954688,2.0126020038228587,4.345548570266617,10.262208018908991,8.871974685063995,9.385719092955515,11.965711880496874,10.587101519737436,6.363381239072667,1.3783835258682144,0.20077639898116173,0.5118579018166588,7637.076903217728,2.4690726244969037,0.34989118082789933,0.8494589947842663,0.6835709277635145
173.05304803883732,137.3929587709343,156.15740467481467,193.9881684937986,68.3143013257488,137.90539754743722,30.95928124216067,16.40412554185605,23.385200751172682,34.0029305510023,68.31239728512206,171.03064405146952,117.65462619541914,63.005871101053216,99.8939748347372,42.1596629024248,7.359114989389478,6.338170369670577,1.0209446197189012,1.6356853374951652,0.6562538371676708,0.25898164649333894,0.0747356785956453,13.241904764341477,5.213793986548387,4.344074891834327,3.68403588595876,2.906644554073174,169.152995113161,0.16796682110313488,49.537075807529426,39.941612606314166,111.86372745490982,$HR$,[bpm],5.326417737676837,10.082976341812293,12.628955220960668,12.559708288665899,12.583068191430996,2.0112514368891774,4.337791492389555,10.25495504358507,8.866879459215003,9.379124752780172,11.959148643718704,10.585334485617631,6.356984024410898,1.378289188699183,0.19989661616906626,0.5118579018166587,7641.892384776149,2.4760993207933817,0.3506606002622966,0.8518755130631795,0.6850741172847987
173.11489453370595,137.53139523885403,156.2503371943332,194.08510998311482,68.14932942687213,137.76146951559457,30.950255648858768,16.41716593928723,23.387352596639946,33.99960971835623,68.14737967502973,170.8500425919461,117.54035753909952,62.98070593493483,99.77904607577725,42.18861084520851,7.351525066015304,6.332188055918774,1.0193370100965302,1.6327061364886255,0.6568012033157542,0.2583620819074174,0.07470174333507457,13.210700262649695,5.2015443981384895,4.3338608607893825,3.6752950037218244,2.906650119304834,169.2236857127793,0.16745683075508105,49.46907844878762,39.88724769462961,112.20440881763527,$HR$,[bpm],5.324825297953333,10.071019304359888,12.632673174211035,12.563547358452045,12.586869270592306,2.0099040965989263,4.330055314801752,10.247719799649683,8.86179225288289,9.372545487937131,11.952583488694573,10.583639976187818,6.350607353876936,1.378199809887646,0.1992896787740182,0.5118579018166588,7646.655219660462,2.483130606506779,0.3514299042288394,0.8542929161011833,0.6865770812203214
173.1765443019235,137.6696211943341,156.34293125219014,194.18158495210093,67.98530116510186,137.61831773557782,30.941320215271197,16.430312370522884,23.389541243230177,33.99634791849669,67.9832749598274,170.67044341752765,117.4270051712315,62.956052900628556,99.66514885356399,42.217848517607734,7.34397289141903,6.326234198740587,1.0177386926784435,1.6297395972052728,0.6573474754535023,0.2577460948351123,0.07466800787970211,13.179637745005245,5.189349476634876,4.323691414533819,3.666596853836548,2.906655661935454,169.294205530103,0.16668323477978303,49.40134589911931,39.833068689880484,112.54509018036072,$HR$,[bpm],5.323272132183237,10.059141296595836,12.636388742232507,12.567384247853388,12.590668219639554,2.0085708095004042,4.322360626579577,10.240538999235243,8.856754760696989,9.366024718801075,11.946066223059526,10.582133425544047,6.34429098998497,1.3781317854832935,0.19868641585750138,0.5118579018166588,7651.411850565371,2.490158940665323,0.3521986665405574,0.8567093010966429,0.6880789869425727
173.23729485582584,137.80646056888966,156.4346204810739,194.2772538698771,67.82178975452288,137.47540151617724,30.932329646773187,16.44342021167402,23.39163368112112,33.9929489973504,67.81962815017582,170.49109427867003,117.31392165794628,62.931591748406824,99.55164095241942,42.247086757323125,7.336403189440533,6.320263205270429,1.0161399841701046,1.626771994154207,0.6578878453866177,0.2571305658212374,0.07463365538612227,13.148702371353606,5.1772059243261115,4.31356646468802,3.6579299823394735,2.9066612120026867,169.36393675139422,0.16618019643587104,49.33376371811654,39.77898578052629,112.88577154308618,$HR$,[bpm],5.321709345162189,10.047284253046136,12.640078052889876,12.571192216833955,12.59443932855059,2.007235387021435,4.314679903851228,10.233373989054165,8.85172408332378,9.35951649537348,11.939563859292502,10.580609943398715,6.338002999859403,1.378063287265721,0.1978209058372609,0.5118586062537933,7656.115063872293,2.4971906132881094,0.35296753184549695,0.8591268232349472,0.6895801448544682
173.29644059219487,137.94168311099557,156.52460655614098,194.37070370925937,67.6588023627394,137.33256763347694,30.923420089658723,16.456344111341252,23.39373888211674,33.98964739497395,67.65701323545291,170.3128354330437,117.20104980049244,62.90698639992363,99.4391357957429,42.276688763575386,7.328795207841331,6.3142433102842155,1.0145518975571162,1.6237967917907656,0.6584159359670456,0.2565192916539483,0.0745993658895949,13.117778394207628,5.165064190833931,4.303441466500923,3.6492727368727764,2.906666734863155,169.43205881389022,0.16541509692899548,49.26639290930035,39.725140541184516,113.22645290581163,$HR$,[bpm],5.320118149156304,10.035440954076677,12.643772664273111,12.574998095137829,12.598211693128581,2.005907131044394,4.307041082354857,10.226204529139888,8.846684409232784,9.353010432174894,11.93308259297008,10.579223908744337,6.331701604240202,1.3780088994857649,0.19722569249226382,0.5118597915649101,7660.7661993883285,2.5042130941885947,0.353735018100572,0.861541181915543,0.6910779551937399
173.3563781572232,138.0770631543801,156.6152451719417,194.46529660073523,67.49663365513943,137.19097651739,30.914521204364586,16.46935403176349,23.395831671797563,33.986277384199404,67.49494626688701,170.1351148556212,117.08935402408933,62.88300321822721,99.32752308043156,42.30648817053868,7.321266546070475,6.308299013137192,1.0129675329332832,1.6208455231876382,0.6589508236160984,0.2559096137518481,0.07456499313160038,13.087084111849009,5.153012382485439,4.293391759463821,3.6406799698997467,2.9066722518249626,169.5010277869016,0.16491888082739092,49.199032887256784,39.67137902376242,113.56713426853707,$HR$,[bpm],5.318589473639914,10.023691430091178,12.647446023979935,12.578789251345393,12.601966686566751,2.004589077403608,4.299436277632609,10.219116424850561,8.841711829626211,9.346579312788377,11.9266704767322,10.577935068711742,6.3254740964492635,1.3779671577389883,0.1966340502172738,0.5118609730874935,7665.399256987478,2.51125157815919,0.3545031064278462,0.8639610388073486,0.6925769399638333
173.416069661873,138.21215036787308,156.70546467688771,194.55932278333125,67.33541541903648,137.0501501006296,30.90571707192599,16.48236588023203,23.397946329559723,33.983014626157576,67.33371227762319,169.9583005592898,116.9784350956742,62.85942063959459,99.21666907448878,42.33600327894873,7.3107246956869,6.299333242614272,1.0113914530726282,1.617906458271024,0.6582452663689237,0.2553031533674699,0.07453077064579364,13.056542102784661,5.141021415288714,4.283392617993203,3.6321280695027447,2.9012172808912418,169.25121738871357,0.16442563294314294,49.13195306214199,39.61778392467151,113.90781563126252,$HR$,[bpm],5.317101358558025,10.01200505891846,12.651109819511044,12.582570743804862,12.605712226271594,2.0032822181448315,4.291859095051998,10.212082440880168,8.836787198677577,9.340202741457421,11.920299191262439,10.576777958839845,6.319300518771178,1.37793855723573,0.19578244435377434,0.5118621503623538,7670.030085006079,2.513554217129911,0.35527083479865357,0.8663791690768358,0.6940752203442915
173.4748886153777,138.3458698090147,156.794775095888,194.65231313994838,67.17462911485518,136.90945576529134,30.896841618766995,16.4951847677089,23.399967578001437,33.97957556251642,67.17298304676692,169.78180731667305,116.8676688736975,62.83589656483417,99.10636896042656,42.365572774736265,7.302148707941766,6.293386632018539,1.0087620759232276,1.6149642190329279,0.6587701842266408,0.25469745943404193,0.07406761207946523,13.026097857846167,5.129067894278368,4.273425616124014,3.6236043474437865,2.9012172808912426,169.3186886536653,0.16393532672317565,49.06500339174161,39.564299678750295,114.24849699398798,$HR$,[bpm],5.315582199081929,10.000337603212976,12.65475180198392,12.586328146471295,12.609434838705923,2.001968955448261,4.28430454905436,10.205046473624307,8.831858806225402,9.33382974136128,11.913934079844973,10.575672743888795,6.313145272618021,1.3779181349452563,0.19546135109301713,0.5089199395250891,7674.600412500789,2.520574968328656,0.3539908781969086,0.8687991019942998,0.6955728213896349
173.5331715938948,138.4791295373976,156.88346575032998,194.74468564063014,67.01460441408652,136.7693328853319,30.88798274088528,16.508078888679027,23.40197156152856,33.97617134819829,67.01290109937916,169.60589308218857,116.75774042986772,62.8127299879636,98.99680743910488,42.39534108895896,7.294641692333825,6.287450279227645,1.0071914131061803,1.6120296407715144,0.6592916109470404,0.2540938169637585,0.07403277372981078,12.995783107127842,5.1171655001778875,4.263501399260238,3.615116207689715,2.9012172808912418,169.3856845707277,0.16344793593018964,48.99826810610527,39.510950876515636,114.58917835671343,$HR$,[bpm],5.31408029516048,9.988721188381692,12.658378881408941,12.590069321190422,12.613141726459673,2.0006648983510407,4.276775305125334,10.198049941329188,8.826965119396428,9.327498056709155,11.907639372491632,10.574630288171868,6.307036936524171,1.377909771178376,0.19488023130138,0.5089199395250887,7679.148457710356,2.5275935902581064,0.35475303964290716,0.8712183009890387,0.697070427175547
173.59067553767588,138.61097112317674,156.9712739973502,194.83591866557006,66.85497731988922,136.62947821683804,30.879109449034296,16.52085597584157,23.403914670186133,33.97266766925858,66.85341924903585,169.43056191447465,116.64805419863735,62.789226668194466,98.88782885324441,42.425243987349766,7.287124052351473,6.281499968364527,1.0056240839869452,1.6090951003025318,0.6598073258619103,0.2534918235660745,0.0739976414692691,12.965562387270891,5.105299435956479,4.253607148025616,3.6066558032887963,2.9012172808912413,169.45192054760537,0.16270227528760023,48.931590892696605,39.45770969158575,114.92985971943888,$HR$,[bpm],5.312595020328074,9.977129437713996,12.661966808639697,12.593770857210854,12.616809262893632,1.9993673665789724,4.269272793370315,10.191067793282198,8.822075265057991,9.321177699387219,11.901340719550381,10.573641964393024,6.300947611720555,1.3779108170908219,0.1940413973333659,0.5089199395250887,7683.633164921135,2.5346193707733677,0.3555149341781491,0.8736399674259294,0.6985675084963398
173.64779833054988,138.74257583343206,157.05862130082977,194.9268835829837,66.69620015717896,136.49020624939388,30.870234673982203,16.533534426475786,23.40581766826046,33.969128410791576,66.69454679869281,169.25576000983966,116.53892263783084,62.76595039697705,98.77953517215087,42.455280084732756,7.2796243632377085,6.275564438799386,1.0040599244383221,1.6061687276612688,0.660320881606774,0.25289137982183485,0.07396224799862128,12.935485602173841,5.093489833072699,4.243761378354043,3.598234390747097,2.9012172808912413,169.51785349275227,0.16222140973129123,48.86519112976661,39.40459503110295,115.27054108216433,$HR$,[bpm],5.311139929466905,9.965588344379139,12.665558953258348,12.597474756643809,12.62048007929411,1.9980688654757988,4.261794661661737,10.18412711951206,8.817214867645339,9.314893472623805,11.89505711300973,10.572791822493413,6.2949022084960395,1.3779183617999926,0.19346790919799262,0.5089200252540625,7688.107080242353,2.541641849059761,0.35627659787612237,0.8760604956409813,0.7000640183067316
173.70428885735475,138.8728714897268,157.14524101614373,195.01676502108063,66.53801827513993,136.35135641147332,30.861393607611994,16.54627469971758,23.407710788726742,33.965596513414035,66.53642501421068,169.08168656663463,116.43039321203455,62.74287872405543,98.67204416902827,42.48510579139744,7.272128538874096,6.269626570598203,1.002501968275893,1.6032463112479922,0.6608295304585945,0.25229361097704994,0.07392670133022372,12.905512542231614,5.081720534832645,4.233948268262044,3.5898437391369264,2.901219730449125,169.58320278870565,0.16148375799964465,48.79894122530422,39.351644974270386,115.61122244488978,$HR$,[bpm],5.309656369613114,9.954082686381,12.669126533165889,12.601153726822245,12.624126356552937,1.9967776892299307,4.254344611009712,10.177211635018253,8.812376575933198,9.308638782281792,11.888810521151061,10.572046398134978,6.2888907631964654,1.3779344585958209,0.19289780095455944,0.5089212154233329,7692.541631849344,2.548666269071402,0.3570378677981521,0.8784809514158565,0.7015582313682078
173.76086810772443,139.00327161138046,157.2317764244244,195.10698849495662,66.38076355973797,136.21347574654334,30.852665098749267,16.558956437321836,23.409657538744746,33.962151704648385,66.37915451473455,168.90854869372305,116.32288371984195,62.720359271924636,98.56566831167828,42.515286258644544,7.264682864921738,6.263729008193098,1.0009538567286405,1.6003403136009264,0.6613381450141539,0.2516995049222045,0.07389149374797456,12.875691243653193,5.0700096167096556,4.224183394776804,3.5814982321667355,2.9012252868225747,169.64861345838185,0.1610092982889647,48.73289019014149,39.298872098592206,115.95190380761524,$HR$,[bpm],5.30821557823117,9.942664404427038,12.672717823986444,12.604856272865831,12.627796354792768,1.995501873314451,4.2469431249998655,10.170364594563921,8.807598134707296,9.30245250251716,11.882669033421147,10.571389210701442,6.282944870446868,1.3779727178609493,0.1920721854186685,0.5089224001952155,7696.975910954789,2.5556893949511466,0.3577989741184473,0.8809000137145987,0.7030521234302137
173.81644292949312,139.13211864799572,157.31732061387586,195.19580659181457,66.22391416756307,136.07578744247226,30.843865732505073,16.57152299795034,23.41149580730864,33.95858549368632,66.22231172478533,168.7357062239619,116.21544205466824,62.69770998791077,98.45955099324466,42.54536737516806,7.257214939782159,6.257809683242062,0.9994052565400966,1.5974318870143458,0.6618403419458423,0.2511057591541774,0.07385572724423585,12.845974777727548,5.058340925727976,4.214454892840677,3.573178959158895,2.9012308521221213,169.71317660720433,0.16027951939092072,48.666934369613735,39.24617569495863,116.29258517034069,$HR$,[bpm],5.306786341275686,9.931250943386702,12.67626308301612,12.608511104026716,12.631419472064017,1.9942241820952105,4.239545227380114,10.163516519080487,8.80281060584992,9.296264101923828,11.876510758426832,10.570748246976214,6.2770070247197065,1.378009500250164,0.19150950626097124,0.5089235841783875,7701.3501786446595,2.5627173920554975,0.35856000211606176,0.8833207430497935,0.704545855729845
173.87159502011082,139.2606785977723,157.40230073275225,195.2841605793758,66.06776494209673,135.93857422933306,30.835089555485016,16.58415134196426,23.4133209921293,33.95498106062397,66.06615328784699,168.56356064436142,116.10862456220417,62.67545841360029,98.3542614813015,42.57577594922435,7.248689047976805,6.251897660208519,0.9967913877682864,1.5945297175624105,0.662339250002028,0.2505143195552434,0.07338461856194621,12.816373849424444,5.046716916550291,4.204763385389411,3.5648935474847456,2.901236403761037,169.77729353326077,0.15981134897345578,48.601190145365315,39.1936151771465,116.63326653306613,$HR$,[bpm],5.305367355575612,9.919886344497408,12.679800582747283,12.612157137256121,12.635034207429609,1.9929491591061634,4.232181936109807,10.156698942097131,8.798053401523962,9.290112608088842,11.870383348332613,10.570299290420838,6.271114698886327,1.378063998670903,0.191207459399803,0.5059237472795023,7705.699237735531,2.5697447716304223,0.35720196015990746,0.8857412544179842,0.7060391256205807
173.92599085205913,139.38778616402791,157.48645053971197,195.37151853893104,65.91215967447529,135.80169414032736,30.82628924755198,16.59660138011706,23.415095333160966,33.95136778830379,65.91058044988209,168.3918939864954,116.00228875195161,62.65334548138802,98.2495959805602,42.60632613397814,7.241228223461606,6.245976535295831,0.9952516881657745,1.5916291971240841,0.6628328090937335,0.24992445936185376,0.0733485846079733,12.786870267813677,5.035130728343706,4.195103468056597,3.5566360714133767,2.90124192219795,169.8407002337753,0.15934590560656375,48.53559456067358,39.14118363391527,116.97394789579158,$HR$,[bpm],5.30393170053675,9.908552013099726,12.683308893658575,12.615772979518194,12.638619305412288,1.9916800415320555,4.224840475745349,10.149897491565756,8.793307985999641,9.283979760525511,11.864258028101078,10.569892414248894,6.265249736978947,1.3781277621627375,0.19039398061202947,0.5059237472795027,7710.005531461167,2.5767734067974515,0.35795717013838124,0.8881621994643298,0.7075318604102293
173.98042426721184,139.5150254125543,157.5705294105438,195.45890869040332,65.75751594663369,135.6657250540986,30.817608931833597,16.609090946520798,23.416909317526716,33.94778444533515,65.75581309041223,168.22109811960755,115.89675831608048,62.63151610391276,98.14572163312924,42.63661339670569,7.233821981772023,6.240101002986642,0.9937209787853805,1.588745932903557,0.6633276455462974,0.2493379304990069,0.07331287388529409,12.757536275179298,5.023611819164907,4.185500059253454,3.5484243967609355,2.9012474441382734,169.90424720572466,0.158627315024099,48.47024988840178,39.088921559446085,117.31462925851703,$HR$,[bpm],5.302537254902719,9.89728730660971,12.68683898031898,12.619409708804573,12.642225774728798,1.9904246389659008,4.217532407910514,10.143169722327237,8.788612705165683,9.277905739509464,11.858232076817291,10.569552715976686,6.259434802556125,1.378204073846911,0.18984107701271205,0.5059237472795023,7714.318604240353,2.5837996578765616,0.3587123287050731,0.8905823124797272,0.7090244935802531
174.03401170153458,139.6407899574849,157.65365520665856,195.545253502085,65.60322274705956,135.52987674444628,30.808843355890662,16.62158234116207,23.41862598893419,33.94411616659751,65.60144379896302,168.0505888096642,115.79143905595436,62.6098639128582,98.04239782858474,42.66702229513042,7.22320341786492,6.23101360236214,0.9921898155027806,1.585859413461391,0.66252009969395,0.2487517628865595,0.07327661739912363,12.728289275877318,5.012126708573399,4.175925358106904,3.5402372091970147,2.8955894198856877,169.63513972003994,0.15842310526750344,48.40498960296431,39.03672356260762,117.65531062124249,$HR$,[bpm],5.301155301647604,9.886042754013108,12.690332847299892,12.623009119308142,12.6457956111688,1.9891629246509073,4.210241099667143,10.13644666627309,8.783921682946453,9.271839928660222,11.852215178597033,10.569271750130687,6.253634320690974,1.3782893927046236,0.18929137537598642,0.5059237472795025,7718.567550059854,2.5857744881541396,0.35946750920129567,0.8930045366225371,0.7105171700958016
174.08624155505598,139.7652751007636,157.7354041861726,195.62992336572825,65.44961600093858,135.3942426962383,30.80025620957763,16.633929849440943,23.420433550341382,33.94061470290189,65.44830898795516,167.8815527781193,115.68671476570239,62.588269549184496,97.94036874317402,42.6979556828774,7.215756916065121,6.225082631350152,0.9906742847149688,1.582972241295972,0.6629963080333582,0.24817138150638152,0.07324092935336188,12.699062126712919,5.000646396590233,4.1663520674914745,3.5320636626312103,2.8955894198856873,169.69609421584778,0.15771132849033212,48.34002886502129,38.984812747386805,117.99599198396794,$HR$,[bpm],5.299749912791336,9.874827330866692,12.693852390744699,12.626627984727708,12.649387628978257,1.9879189682614185,4.203004506603977,10.129736338530561,8.779243847543755,9.265799239560485,11.846208156917044,10.569235979408548,6.24784971332422,1.378394560322068,0.1884904748569937,0.5059246466014558,7722.792365000528,2.592774481876475,0.36022115360406187,0.8954220042628949,0.7120055447463258
174.1386293231807,139.8894153301285,157.81723128238167,195.71492133409959,65.29659784846902,135.25926067638153,30.791522944374297,16.646245277715916,23.422094604275763,33.93688004069078,65.29518960988447,167.71222946964664,115.58246289645147,62.566596777656514,97.83832809455059,42.728696396501306,7.208336176401858,6.21918422337756,0.9891519530242978,1.580095891951863,0.6634749305593403,0.2475891162997498,0.07320436053939572,12.67003813283032,4.9892485259654435,4.1568502513648955,3.5239393554999783,2.8955894198856873,169.75733567311724,0.15725729079611783,48.27514029127831,38.932873181858156,118.33667334669339,$HR$,[bpm],5.29835981870741,9.86366184154401,12.69731209949329,12.630191233387034,12.652922227970217,1.9866717977439672,4.195765886032597,10.123063825519198,8.77459290318894,9.259787933685903,11.840217675485857,10.56916134575002,6.242106421216271,1.3784925110123027,0.18794782658052145,0.5059258423864046,7726.982170244681,2.5997883697871322,0.3609761603006604,0.8978442703005066,0.7134961886864086
174.19049862683084,140.01312132939762,157.89840583923498,195.79890617475695,65.1441337884862,135.1247186073061,30.782817213586867,16.658594483639714,23.42373583162556,33.93314435396729,65.14279326392472,167.54359661345566,115.47864180873687,62.545168317983034,97.73721534959897,42.75974716809192,7.200917847407696,6.213282234754428,0.9876356126532675,1.5772221876075765,0.6639494525365001,0.2470093591247127,0.0731677191896237,12.641109147483101,4.977886696113654,4.147377995860504,3.515844455508944,2.8955894198856877,169.81803064807076,0.15655294719294804,48.210375170367904,38.88109995287818,118.67735470941884,$HR$,[bpm],5.296992247170373,9.852530905781249,12.70076219775263,12.633743607783362,12.656446590934937,1.9854303635440598,4.188557749272648,10.116413409238147,8.769962016016953,9.253803835575672,11.834276817837834,10.569187838676168,6.236397351976293,1.3786078093105167,0.18740829381255977,0.5059270322896535,7731.133472854013,2.6068046464390164,0.36173049719778944,0.9002673612966606,0.7149855099869251
174.24196964307626,140.1358524604052,157.97911544903047,195.88272305283567,64.99235250765201,134.99077478477327,30.77410276596988,16.6707364602371,23.425342970767403,33.92935792804861,64.99091295588414,167.3754825797157,115.37544466605391,62.523931080072344,97.63658523047796,42.79048934640397,7.193520051513348,6.207397506627981,0.9861225448853668,1.5743577302281673,0.6644217440108493,0.24643105198882798,0.07313095812717474,12.61231580761138,4.966578996573043,4.1379514253573575,3.507785385680979,2.8955894198856873,169.87841879199632,0.1561048245961674,48.145773376939715,38.82941034982886,119.0180360721443,$HR$,[bpm],5.295650518690617,9.841441896167998,12.704195235923782,12.63727868386973,12.65995385983421,1.9841894519267274,4.1813686175595235,10.109799816577873,8.765358764029195,9.247853616597206,11.828391007157304,10.569248367394481,6.230724092053325,1.3787311084763565,0.18687184979928922,0.5059282210235072,7735.2621551692455,2.6138216611253657,0.3624851735262005,0.9026907071751059,0.7164754968459413
174.29265470516663,140.2579176086124,158.0589868756017,195.96532770649873,64.84101339430123,134.85700121838744,30.76536066005391,16.682885865292313,23.426882942986285,33.925511155570284,64.83956430373203,167.20782909210223,115.27257620365995,62.50282118022791,97.53655619752067,42.821254763009776,7.185019149900872,6.2014949152022805,0.9835242346985915,1.5714919556406348,0.6648880911895606,0.24585397506886555,0.07265181139397658,12.583609460997586,4.9553044164834485,4.1285530321263,3.499752012387836,2.895591569787597,169.93808891784838,0.15565926012032205,48.08131043140851,38.777827961642146,119.35871743486975,$HR$,[bpm],5.294289719405377,9.83038032990359,12.707607430178053,12.640791179472796,12.66343936173935,1.9829534301826235,4.174203512189925,10.103194902223668,8.760760136959577,9.241915098219192,11.822499534197942,10.569419638093052,6.225074600139892,1.3788618063347182,0.1863384680923403,0.502869522084442,7739.340195921005,2.6208425812910563,0.36104272124211406,0.9051147297970982,0.7179650095825207
174.34295926651126,140.3790102873087,158.1383409064777,196.0475414817966,64.69039095129696,134.72378647850059,30.756683319047685,16.695060089409292,23.428429373165287,33.92166610578469,64.68898264930259,167.04095364347717,115.17020131031121,62.48190634838186,97.43744727925205,42.852369037629984,7.177625763981976,6.195604687147991,0.982021076833985,1.568635017651511,0.6653506275305989,0.24527984173471803,0.0726149049457637,12.55500623268534,4.944069182137843,4.119186510640964,3.4917505399065316,2.8955971333433297,169.9973515593175,0.15496547872127925,48.017052253516006,38.726420819753656,119.6993987975952,$HR$,[bpm],5.292935969787407,9.819359239637334,12.711010412123192,12.644294240713643,12.66691572503175,1.9817281727935285,4.16707242976777,10.096631493658073,8.756187338277968,9.236010043813465,11.81664125610402,10.569732378106016,6.219459313018613,1.379011523326147,0.18580812254444648,0.5028695220844427,7743.400904851638,2.6278609397692825,0.36179122057921576,0.9075367942276859,0.7194534659399445
174.39270105758436,140.49958322945452,158.2171040608318,196.12906413031286,64.54079985742909,134.59100710068628,30.747953683453247,16.707048133105605,23.429911452473707,33.9177777960519,64.53884922176752,166.87432079483767,115.06829690577125,62.46117215720882,97.33851635405739,42.883491042723314,7.170240136657747,6.18972155964013,0.9805185770176168,1.5657837959983993,0.6658103339366129,0.2447062724734228,0.07257770192398244,12.526556455977458,4.93289783142576,4.109875068332183,3.4837835562195147,2.895602713478566,170.05623286241894,0.1545256768618032,47.953278044161394,38.675123239071816,120.04008016032064,$HR$,[bpm],5.291606110455789,9.808377381322636,12.714397873524872,12.647780124491705,12.67037571433164,1.980498527299249,4.159946087947312,10.090098007079762,8.75163643087464,9.23013167456602,11.810798351006156,10.570036963031312,6.21387677490457,1.3791633176568328,0.1852807873051718,0.502869522084442,7747.482788496999,2.634864043180033,0.36253993070096757,0.909953575784124,0.7209423414610714
174.44252109759933,140.61964598105828,158.29575749630405,196.2105211972623,64.39144372217223,134.4590021501339,30.7393591164127,16.719139573247226,23.43145648147391,33.91396256627807,64.38950628723626,166.70878469359053,114.96735098099514,62.44086456996605,97.24093930205038,42.91505249678105,7.162898744373969,6.1838719892425775,0.9790267551313909,1.5629464281410255,0.6662698276486401,0.244136704804339,0.07254083793199878,12.498207355902222,4.921761527832287,4.100591369694903,3.4758544583750317,2.895608231049778,170.1150650205509,0.15383903038584384,47.88927679998264,38.6239431866675,120.38076152304609,$HR$,[bpm],5.290311449703119,9.797461693044092,12.717804296491384,12.65128507865291,12.673854701222181,1.97928316453606,4.152874241512108,10.083622939522067,8.747135826617722,9.224312155331605,11.805069669032388,10.570498611626794,6.208348871603046,1.3793291728489145,0.18450710289388078,0.5028702915105298,7751.491030843458,2.641889281975741,0.3632887752746463,0.9123780122071093,0.7224303789818121
174.4914750775095,140.73884319448322,158.37353271741577,196.29106853591,64.24280613825542,134.3272192371997,30.730800710269037,16.731198861092615,23.432978207048365,33.91018923453965,64.24089665163507,166.54395794641573,114.86671820322829,62.42072979508885,97.1438729712191,42.94646865225859,7.155551252871059,6.1780105023232315,0.977540750547828,1.560109136581181,0.6667244009485876,0.24356946425319584,0.07250401157925458,12.469958749234767,4.910666881163209,4.0913415281338485,3.467950339937709,2.8956138018868423,170.1732506916834,0.1534048896958439,47.8256056390278,38.572937405693274,120.72144288577155,$HR$,[bpm],5.288991604426259,9.786574139311522,12.72117031866484,12.654749274903283,12.677293138417468,1.978076611943469,4.145820563124665,10.077159490742662,8.742646434405414,9.21851076114678,11.799345951391073,10.571034968547588,6.202847559766535,1.3795083771413115,0.18398641551851622,0.5028714966255058,7755.484252041096,2.648907495190319,0.3640371746904674,0.9147999962785907,0.72391689951274
174.5397541108276,140.85709604433683,158.4505731554969,196.37058702040088,64.09443169811713,134.19565720276177,30.722110513653867,16.74304813390617,23.43437366164968,33.906196791131975,64.09245934723674,166.379091810415,114.76627555527931,62.400696177629975,97.04713700312567,42.97770986302765,7.148187382533101,6.172136267670469,0.9760511148626321,1.557271825367404,0.6671738118970143,0.24300151949601245,0.07246641337497618,12.44181393668282,4.899612102745042,4.082127707456792,3.4600741264809884,2.895619322344039,170.2307566260247,0.1529731924396232,47.761926901460164,38.52194326211888,121.062124248497,$HR$,[bpm],5.287676424403617,9.775701736186674,12.72452991971213,12.658203890332993,12.680723438549853,1.9768660904961313,4.138777840407025,10.070704802461664,8.73816125484563,9.212717219521013,11.793623314987085,10.571661835492286,6.197368167492177,1.3796865668006204,0.18346865867961293,0.5028726956245113,7759.408053874261,2.6559367501346527,0.36478609519849536,0.9172258002424987,0.7254044579721555
174.58753161528787,140.9746058912538,158.52701104568095,196.44972188006238,63.94680713380898,134.06468924175752,30.71345814156141,16.75495246294656,23.435758979747757,33.90222967878966,63.94470834684039,166.21489592048138,114.66638915959089,62.38065702187968,96.95113970723783,43.0092139633964,7.137510166389301,6.162942430940945,0.9745677354483562,1.5544421540290425,0.666266151231504,0.24243603235176617,0.07242890075732175,12.413766286571251,4.888595021003983,4.072943998580758,3.45222726698651,2.889753593692039,169.94253110327566,0.1525439180468412,47.69847116006389,38.47110572895469,121.40280561122245,$HR$,[bpm],5.286382097445701,9.76487047098447,12.727855970865082,12.66162599139241,12.684120889918656,1.975658244810879,4.131764117610972,10.064274928342144,8.733693558269781,9.206948061324564,11.787909680616755,10.572341120109414,6.191914893035952,1.3798800378473868,0.18270657283081954,0.5028738936798917,7763.321795924145,2.657560849717956,0.3655347602922468,0.9196496391661456,0.7268915027928072
174.63561571753863,141.09201839882363,158.60359486744176,196.52885751272703,63.80001953342183,133.934666106423,30.705021156782138,16.766901822109478,23.437263958820264,33.89847123614624,63.79798296500647,166.05205060720039,114.56760241695225,62.36089871165385,96.85635647304157,43.04118190802784,7.129121060962291,6.157126093894967,0.971994967067324,1.5516311900808015,0.6667127505269089,0.24187560725060134,0.07194348505318895,12.38586923672047,4.877636320947298,4.063807846286558,3.444425069486618,2.8897535936920398,169.99947794083545,0.1521170461774097,47.635180187575216,38.420472816636234,121.7434869739479,$HR$,[bpm],5.285132586233753,9.754125205817893,12.731222785633253,12.665088618601299,12.687559113011787,1.9744703508475616,4.124797524682037,10.057927727763428,8.729297742116842,9.201260445751071,11.782323205354142,10.573192577951056,6.186531705788819,1.3800974956677463,0.18244183820305215,0.49975752259869666,7767.236847004762,2.664567803960949,0.3640124675897994,0.9220743975463367,0.7283781656691539
174.68274246185143,141.20838352171972,158.67923094424785,196.6071872326671,63.65348297958512,133.8047081066715,30.696433678029617,16.77865953907554,23.43862371465018,33.894483458803016,63.65139706121489,165.8891326006507,114.46886077501051,62.34116041507377,96.76181936041667,43.07315856007767,7.121806636136409,6.151284759462439,0.97052187667397,1.5488163649769897,0.6671530494386357,0.24131412955853077,0.07190614551218877,12.358065858346537,4.866715108721259,4.054704765263105,3.4366459843621744,2.8897535936920393,170.05560273466065,0.15144670168308055,47.571930674397066,38.369841389456525,122.08416833667334,$HR$,[bpm],5.283845853104399,9.743383799722539,12.734550672424804,12.6685107722484,12.690957615955408,1.9732802023638285,4.117837499219191,10.051584609025046,8.724893839217536,9.195568796947184,11.77673509353195,10.574023254556195,6.181161341274568,1.380316849270712,0.18193272604785649,0.4997575225986971,7771.082531295241,2.6715836239346196,0.36475607636358753,0.9245022239149882,0.729866104799957
174.72783583894443,141.3225149187408,158.75281238133644,196.6829182877975,63.507300303027264,133.67444401070028,30.687901533315944,16.790449045114283,23.439978325419634,33.89058005189953,63.50568438085227,165.72712112552935,114.370077201077,62.321221164747314,96.66802063998458,43.105129884059984,7.114430487178431,6.14537282590375,0.9690576612746813,1.5459884418657146,0.6675777475260534,0.24075611639139222,0.07186894916742129,12.330226258220668,4.855777100160179,4.045585788168178,3.4288633698923094,2.889753593692039,170.1097213503882,0.15102525890543897,47.508931698226235,38.319427713192546,122.4248496993988,$HR$,[bpm],5.282534516926889,9.732634132385096,12.7378647528555,12.671911617235414,12.694338009228941,1.9720940919535683,4.110912155902,10.045209565738823,8.720462970634816,9.189858524707333,11.771110880865898,10.575051846207689,6.175765320515378,1.3805534419888357,0.18118127651155747,0.49975752259869644,7774.871694412697,2.678585304976024,0.3654984317197835,0.9269251575023669,0.7313515358792858
174.77422451748134,141.43752378721905,158.8274814199409,196.76018036912035,63.36211759784258,133.54547626184498,30.679450969196175,16.80221524674457,23.44136006420995,33.88666092338419,63.36053621718831,165.56569863750258,114.2725540591078,62.30197629993529,96.5750126512124,43.13712072015557,7.107155029442119,6.1395560989857065,0.9675989304564125,1.5431888610174318,0.6680128052369202,0.2402002136600543,0.0718318718913329,12.302634565654799,4.844938082682191,4.036550060887405,3.4211464220852026,2.88975359369204,170.16514223025135,0.150361664671709,47.44609804199384,38.26912019736219,122.76553106212425,$HR$,[bpm],5.281290612619601,9.721984144981754,12.741176022545627,12.675315970990951,12.697719175015765,1.9709158479804365,4.104012726800929,10.03893405399598,8.716114992346535,9.184237089822872,11.765579793153766,10.576127597074409,6.170449621904142,1.3807935378428695,0.18067848811771214,0.49975840902978086,7778.6840161199125,2.6855974623557297,0.3662415422797606,0.9293517164294018,0.732837178249333
174.8197517790792,141.55166423855457,158.90127634555813,196.83630680307846,63.217410351921,133.41669496075647,30.670944004143138,16.81385108753808,23.44266738313724,33.88270815191119,63.215834718232934,165.40467402236158,114.17524556552621,62.282819344130296,96.48250925290766,43.16925777840278,7.099864773172787,6.133723382649298,0.9661413905234892,1.5403891477937406,0.6684414955596324,0.23964517077181588,0.07179441887187892,12.275120238463812,4.834128700072398,4.027539510672282,3.4134520277191296,2.889755924181624,170.21980297323617,0.14994555718360564,47.38343306324289,38.21889259893985,123.1062124248497,$HR$,[bpm],5.2800550714228365,9.711349349803028,12.744462931179001,12.67869431004914,12.701075172796193,1.9697412106475856,4.097131411065173,10.032667516187363,8.711772390101467,9.178625802995226,11.760054630524559,10.577256708558856,6.165154715134071,1.381040640467698,0.18017848253444646,0.4997596206435176,7782.455947732478,2.6926095521099382,0.3669846067568432,0.9317775005072383,0.7343222453312532
174.86476344392557,141.66493691939692,158.97448300110074,196.9118375921075,63.07342526665407,133.2882324762562,30.662415934130564,16.825515377299517,23.443926515355216,33.87865452244293,63.07168046215827,165.24410358601256,114.07829578513639,62.26386517994189,96.39047428613853,43.20155880232363,7.092574945515869,6.127888162012944,0.9646867835029254,1.5375924229997409,0.668866179444545,0.2390914404278274,0.07175684554897153,12.247729242742434,4.823369663151169,4.018571755162927,3.4057878244283355,2.889761517121057,170.27403241363803,0.14953174639267686,47.321075607998544,38.16879337502552,123.44689378757515,$HR$,[bpm],5.278794753020097,9.700745049619712,12.747736156941667,12.682057738493594,12.704416977404229,1.9685717221472476,4.090263679794215,10.026417596245384,8.707444113559989,9.173034683839175,11.754605782323244,10.578432306682222,6.159888852065446,1.3812971191056118,0.17943809567121224,0.4997608336667345,7786.2184297112035,2.6996160695851605,0.36772755717623584,0.9342002977029986,0.7358070749126671
174.90979914110116,141.77805838650806,159.04754492800907,196.9873034900802,62.92982646201586,133.16054474330963,30.653989705867005,16.837126110559073,23.44521655619023,33.87469695235096,62.92810451353599,165.08427982554593,113.98221998631696,62.245189930031216,96.29940200445314,43.234124123080484,7.08420804739928,6.122088820643174,0.9621192267561067,1.534810015139435,0.6692911314634808,0.23854049242719483,0.07126407129479977,12.22044698553018,4.812650505341626,4.009636734761464,3.3981597454270904,2.8897670847444465,170.32827817024827,0.14887774144478746,47.25861296476683,38.11877459200581,123.7875751503006,$HR$,[bpm],5.277566080189062,9.690204537399715,12.751021266503079,12.685433166786762,12.707770696893597,1.9674065347592558,4.08343914026736,10.020225883152523,8.703161070138496,9.167495857666083,11.749191084457134,10.579760460657269,6.15466841111707,1.3815683004818164,0.1791867278952735,0.49658807054207377,7789.930622362163,2.7066382945304577,0.36613108848989384,0.9366285292746409,0.7372933628675905
174.95393721058178,141.88990799185456,159.11971906028245,197.06167092788533,62.78667419136139,133.03303960323433,30.645528555390538,16.848637182191805,23.44644749960514,33.87065644082625,62.7850679020323,164.92488466970298,113.88634774214675,62.22660324781238,96.20873983587737,43.26659428429289,7.0769455203840845,6.116270329078961,0.9606751913051241,1.532026005283606,0.6697099008460525,0.23799085342460494,0.07122670401650245,12.193252372930392,4.801966944617319,4.000731393917369,3.390554034395702,2.8897726465361546,170.38172022842218,0.148469132855094,47.19630129373885,38.068886952852935,124.12825651302606,$HR$,[bpm],5.276345149341478,9.679677970021054,12.754267789575525,12.688769264932748,12.711085571838298,1.9662454191277379,4.07662815044684,10.014040966893386,8.6988826171109,9.161966897874203,11.743789229235128,10.58115745095686,6.149467892150763,1.3818487767412295,0.178694933517776,0.49658807054207377,7793.6003996251,2.713660540597075,0.36686898478861585,0.9390567606935523,0.7387792952580253
174.99804516052146,142.0017386219847,159.19174886223277,197.13607791583445,62.64435143650454,132.90627543200466,30.637161894693303,16.860238822073967,23.447722121683,33.866709406058625,62.64279221284882,164.76642085628714,113.79118699182119,62.208365857321795,96.11907533104788,43.29917996946675,7.069726726208237,6.110486553633138,0.9592401725750983,1.529255821462461,0.6701289564371886,0.23744449059294534,0.07118972590099706,12.166178082977133,4.791329309014259,3.9918635730236844,3.3829852009391885,2.8897781941986977,170.4351817134931,0.1478216164917107,47.13423142201711,38.01914970738317,124.46893787575151,$HR$,[bpm],5.275153558776747,9.66921531432908,12.757525870813467,12.69211703481012,12.714412031641979,1.9650974402311734,4.069856172685527,10.007915330519126,8.694648467530829,9.156489654645355,11.738430593154298,10.58264639398318,6.144314969983386,1.382147230699237,0.17796468673879687,0.49658807054207316,7797.275887217029,2.7206791642857677,0.3676067650162973,0.9414837338545912,0.7402649939113912
175.04130877818008,142.1121797354303,159.2628489613378,197.20922724771003,62.5023791670397,132.77959731620396,30.628708240432477,16.871653946836286,23.44887806836186,33.86260573159159,62.50076154280063,164.60803104250323,113.69620366013571,62.19012464285654,96.02959742516283,43.33178449057904,7.062482914151012,6.104680060037145,0.957802854113867,1.5264825795974424,0.6705418350518036,0.23689776040894425,0.0711521802877497,12.13919571753826,4.780729097412575,3.9830287552208774,3.3754378649048054,2.889783736196572,170.48784121344733,0.14741812139210259,47.0722764870233,37.9694484813213,124.80961923847696,$HR$,[bpm],5.273926908016526,9.658752799885526,12.760757984139007,12.695435948841888,12.717710922354819,1.9639466164635084,4.063086106436259,10.001785964575888,8.69040563059944,9.151008327755815,11.733090884617441,10.58416946803783,6.139173734467922,1.3824478686778396,0.17747891286683806,0.4965880911991437,7800.898145337139,2.727701624890356,0.3683449740627753,0.9439120272994744,0.7417515252395775
175.08435449578045,142.22251195813843,159.33366182458911,197.28236493891723,62.361110358724034,132.6535438323218,30.62032598922897,16.883063207508165,23.450060582064435,33.858540808954864,62.35943395991238,164.4504222865792,113.60191015471456,62.17180108519487,95.94095538609122,43.36465719949356,7.051797305381712,6.0954242212142455,0.9563730841674662,1.5237203908944401,0.6695414876479364,0.2363539326342111,0.07111480076719796,12.112325772389946,4.770172329063596,3.9742295045878535,3.367923938738496,2.8837056395292744,170.1813681764792,0.14725665474851118,47.0105121635879,37.91989895364442,125.1503006012024,$HR$,[bpm],5.27272744800391,9.648347194326343,12.763988109865407,12.698753076179543,12.721008005530221,1.962801413821801,4.056350627288704,9.995706710347692,8.686202414784791,9.145573814010568,11.72782829628063,10.585797147305756,6.134075472599363,1.3827582497509174,0.17699578372052321,0.49658931640434895,7804.51170721907,2.728966293215971,0.369083237433445,0.9463401034446212,0.7432363630089016
175.12632676570544,142.33134989690154,159.40342016100502,197.35393935103403,62.22011037714763,132.52743645496307,30.611849509477892,16.894454749243977,23.451138717642547,33.85437902169036,62.218440879087886,164.2929839762827,113.50761600134311,62.15347142662374,95.85265608046099,43.39763238232509,7.044548048020209,6.089605384868244,0.9549426631519655,1.5209526590476827,0.6699438388662375,0.2358102938740328,0.07107696756985564,12.08552190763906,4.7596416546454074,3.965452538229853,3.360427714763799,2.8837056395292744,170.23249450565768,0.14661770361386378,46.9488522841019,37.87041867111606,125.49098196392787,$HR$,[bpm],5.271527393038797,9.637944091914987,12.767176290717316,12.702026930015716,12.724262460418027,1.9616569584175099,4.049627051709984,9.98961537344836,8.681987959526607,9.140132015709904,11.722534344077257,10.587494046817596,6.1289859653477325,1.3830708708383017,0.17651527776024709,0.49659053992041424,7808.062749132234,2.7359722358863117,0.3698216597585661,0.9487695964463703,0.7447215160760722
175.1686661000396,142.44040392981168,159.47332700524433,197.42608074270422,62.07970545987718,132.40226989327965,30.603570064923325,16.905779038493364,23.452321243272884,33.850352395544135,62.07831218745397,164.13678831006112,113.41434256215493,62.13564414549007,95.76558622949273,43.43084926143449,7.037364567343392,6.083839004048688,0.9535255632947042,1.5182035319835543,0.6703489086866439,0.23527128510564002,0.07103991948570317,12.058836112202053,4.749153909476428,3.956709761961753,3.3529724407638706,2.8837056395292744,170.28395077845263,0.14622074534639512,46.88719121652171,37.82108375983664,125.83166332665331,$HR$,[bpm],5.270365518140342,9.627618602395613,12.77039220898218,12.70532929288162,12.727545167129698,1.9605306662940443,4.042953866951659,9.983598541838546,8.677837298475584,9.134762713862045,11.717327465374884,10.589354955862918,6.123958161909684,1.3834056729654802,0.17579884065300683,0.49659176160065716,7811.592596845067,2.742989025431332,0.370560297056706,0.9512028508842835,0.7462070974804018
175.21018722162353,142.54827424713673,159.54238539743213,197.49702894445358,61.93993135301132,132.2772314335363,30.595201649882803,16.917038772474168,23.45340382257125,33.846244709738244,61.93855023378485,163.98074560805784,113.32130012982923,62.117859053809134,95.67885722342608,43.46388276720517,7.029027039782103,6.078056212757921,0.9509708270241821,1.5154535072924689,0.6707482052107507,0.23473231829931798,0.07054037561295116,12.03224071068535,4.738703033896065,3.947998671849326,3.345539004939959,2.8837056395292744,170.33465845216122,0.14558804179726456,46.82584499368927,37.77184327593474,126.17234468937876,$HR$,[bpm],5.269172094413319,9.617302436472832,12.773573228559298,12.70859580311602,12.730792542182407,1.9594009810476556,4.03629075192137,9.977583398489582,8.67368546535469,9.129396208139655,11.712117811688596,10.591216014341185,6.118945723341686,1.3837469734071737,0.17556205040258374,0.4933615519886439,7815.1063687086025,2.7499975336004323,0.3688827101337235,0.9536332335395133,0.7476924552528048
175.2504728107538,142.65506759267242,159.61025784713274,197.5668942737809,61.80082663629698,132.1521103016277,30.58672043488698,16.928272349431094,23.454364807728677,33.84193997538645,61.79914106799142,163.8247564502002,113.22821134421247,62.10001929291775,95.59201295096716,43.49684439940458,7.021790810336173,6.072239986568338,0.9495508237678352,1.5126979631815154,0.6711394297324429,0.23419301998300612,0.07050243683318702,12.00573517159073,4.7282912707194225,3.9393217967068526,3.338122104164456,2.883705639529275,170.38432640543982,0.14519599416372211,46.76491846799952,37.72271200462749,126.51302605210421,$HR$,[bpm],5.267973420229908,9.606981368261854,12.776707890787083,12.711813409896994,12.733992218743698,1.958265807721498,4.029620242450409,9.971554376673003,8.669519106225145,9.124018726576766,11.70691979885133,10.59304645191059,6.113938608883339,1.3840858624929937,0.17508928707978258,0.49336155198864406,7818.609590279416,2.756991057873154,0.3696154162782452,0.9560584201386084,0.7491775854612052
175.29098387816896,142.76155069726647,159.67815639473696,197.63662005571211,61.66209329712404,132.02779041081396,30.57839497365123,16.939395912325633,23.45539850114921,33.83779074781422,61.660481973919396,163.6697908038328,113.13590544170783,62.08256381276813,95.5064200426024,43.53022049688233,7.014603051426437,6.066461033584041,0.948142017842396,1.509956963796457,0.6715312612377059,0.23365770428385882,0.07046506719678997,11.979329067758602,4.7179145055158624,3.930672591162653,3.330741971080087,2.883708663289565,170.43414626622285,0.14480605231525717,46.703874317110056,37.67370977324878,126.85370741482966,$HR$,[bpm],5.266810072013842,9.596732087638866,12.779861718869155,12.715050600678307,12.737211175033957,1.9571461507208967,4.022999697134377,9.965586445738998,8.665403567497279,9.118699964884504,11.701797003498593,10.595122070704356,6.1089749136710205,1.3844464893479227,0.17438245188945184,0.4933615519886438,7822.065141699301,2.764001952463265,0.3703483993096065,0.958488625307334,0.7506632768946113
175.33119436667613,142.8676175684773,159.7457071569075,197.70611346062697,61.5241839457279,131.9040461537208,30.570085804755465,16.950548397731648,23.456421673637486,33.833629077992434,61.52231640816084,163.51539117941454,113.04432807659022,62.06539444353366,95.42136661350233,43.56383338022355,7.007437325885494,6.060699780047057,0.9467375458384371,1.507224795487176,0.6719214565644729,0.23312406151941462,0.07042778638238903,11.953059769605488,4.70759372831905,3.922070849899283,3.3233951913871573,2.8837142815121264,170.483820794152,0.14418222188138344,46.64313623406798,37.624786244529425,127.19438877755512,$HR$,[bpm],5.265670219316072,9.586523417842162,12.783020921815952,12.718292004181064,12.740434912277134,1.9560347172320351,4.016400381861522,9.959668286509295,8.661321696349395,9.11341997016094,11.696714515248607,10.597220710448788,6.104040254342146,1.3848193178862631,0.17391538056723335,0.4933621600912167,7825.53097201473,2.7710049912167913,0.371082146139094,0.9609152366384114,0.7521495894020033
175.3692250363113,142.97132122085986,159.8111063766327,197.7730681738249,61.386313306788026,131.7798316591422,30.561741280387594,16.961687715597225,23.4573736743112,33.829406427803924,61.384719681911555,163.36150709427133,112.95239030835681,62.04793000232705,95.33671410810908,43.597473006301755,7.000193524363156,6.054857377020294,0.9453361473428619,1.5044764067031662,0.6722948847684977,0.23259201490497425,0.07039015881163627,11.926747792865555,4.697253827901956,3.913452515388189,3.3160414495754105,2.8837198493591436,170.5313530318302,0.14379707138295736,46.58247968138861,37.575999862983736,127.53507014028057,$HR$,[bpm],5.264457443948345,9.57628782383681,12.786151821539566,12.721497938489557,12.743626283418989,1.9549211084519098,4.009821308484604,9.953700965575042,8.657197135241534,9.10810401737798,11.691572036928026,10.599371181173916,6.099087710160709,1.385196678023349,0.17345080459777343,0.4933633943482716,7828.907773234449,2.7780028453504317,0.3718150444360433,0.9633400574496841,0.7536332218712891
175.40831757229964,143.07583490204343,159.8774252913234,197.84115843087415,61.249090207820096,131.6566798841391,30.553426482385994,16.97266003097325,23.458307527378828,33.82516786691311,61.24747580730104,163.20798546601787,112.86144161195566,62.03106598281008,95.25285622915862,43.63098590689389,6.993030411784243,6.049092986331508,0.9439374254527351,1.5017505115363394,0.6726775316878508,0.2320609610677018,0.07035262651471083,11.900645495747455,4.686997003787144,3.904904329268852,3.3087441626914593,2.8837254415460154,170.5800417891145,0.14317925300214754,46.52182499340004,37.52725433894508,127.87575150300601,$HR$,[bpm],5.263304216474251,9.566133636654737,12.789276223057614,12.724703192790347,12.74681462933729,1.9538132861472566,4.0032651863504505,9.947820780147369,8.653143124863934,9.102863091317973,11.686523020618912,10.601601522697372,6.094205172227259,1.3855809819496994,0.17275398395013208,0.49336462745412063,7832.273439200401,2.785021642122863,0.37254931442230266,0.9657721231012076,0.7551196289542405
175.44723483556382,143.1799669876161,159.9434447371363,197.90892814120238,61.11219408697835,131.5340754929941,30.545225551599636,16.983697242363768,23.45929838544636,33.821014501525205,61.11100930921141,163.05545147294546,112.7711684161548,62.01444762079737,95.16986918967667,43.66478755297675,6.984744470410432,6.043347657274656,0.9413968131357753,1.4990337224595374,0.673058821148046,0.23153369783996808,0.0698471205079081,11.874634880988609,4.676774478036819,3.896383529566738,3.3014768733850506,2.8837310095228617,170.62854405890977,0.14279881422424248,46.46111196503857,37.47866677082617,128.21643286573146,$HR$,[bpm],5.262173649568202,9.55602882582848,12.792403961922975,12.727911724049939,12.750006288319769,1.9527193842559223,3.996749624780711,9.941980906184332,8.649122662249225,9.097663624122818,11.681556576923084,10.603960295340595,6.089359979047026,1.3859810188458368,0.17252905915289624,0.49007841853719003,7835.587530430611,2.792053969066493,0.37079629567414013,0.9682088793463655,0.7566060484379439
175.48537398411833,143.28303684983064,160.00865740813194,197.97584467489298,60.97647930053431,131.41166325408793,30.536947512986792,16.99473684834303,23.460203152192655,33.81679694191311,60.97496342404055,162.90311504362708,112.68115453589304,61.9977104865976,95.0870958304838,43.69867487751461,6.977603830034518,6.03759526366675,0.940008566367768,1.4963190583782826,0.6734351138439738,0.23100662369274128,0.06980986670066036,11.848724163474445,4.666593511500944,3.8878981526312013,3.2942324993422982,2.8837365749515707,170.67639946419504,0.14242039180151264,46.401116758285504,37.43020101715725,128.5571142284569,$HR$,[bpm],5.261049949294759,9.545938485416327,12.795492178542165,12.731080082041563,12.753158205546061,1.9516259629223374,3.990236573834492,9.936149486925721,8.645107360548757,9.09247320487068,11.676601602519417,10.606371284609235,6.084534644819613,1.3863858636680193,0.1720718504224833,0.49007841853719003,7838.960214687926,2.7990530352364815,0.3715244893387395,0.9706340931239493,0.7580919201618466
175.522968918777,143.38560473188537,160.07329122563766,198.04208205719476,60.8404326437826,131.2895254952813,30.528640460045136,17.005551891127045,23.461036894198507,33.81243527612966,60.83910146707495,162.75105431556517,112.59140455616281,61.98094171077569,95.00480429745429,43.732617206110305,6.966836236668454,6.028215406225739,0.9386208304427157,1.4936060547099432,0.67233516733304,0.23048001200692783,0.06977235809173704,11.82289466338941,4.6564427844811425,3.8794391226935696,3.2870127562146965,2.8774413927975484,170.35071411186195,0.14204396974606703,46.34066001401557,37.381694221845926,128.8977955911824,$HR$,[bpm],5.259900938327215,9.535870538169716,12.798572332042722,12.734238655788165,12.756300973467036,1.950530012842595,3.9837446668755234,9.930335273253153,8.64110398738743,9.087298415143243,11.671654836882663,10.608823865418385,6.0797326382507375,1.3867948595885708,0.17138419956246775,0.4900784185371905,7842.19765059739,2.7999589534357203,0.37225410809924975,0.973072452646378,0.7595806997793774
175.5605356730874,143.48753820870806,160.13773400157967,198.10811661666534,60.7054407468108,131.16802714929085,30.520434599460874,17.016446300481654,23.461919229369546,33.80821914634753,60.70406716725784,162.5998873326677,112.50233321962348,61.964489098354605,94.92334222991923,43.766920336900974,6.959726352021421,6.022483670247097,0.9372426817743233,1.4909055468061954,0.6727057012617305,0.22995676968539716,0.06973537737733587,11.797182772768698,4.646338684696625,3.871017977753496,3.279826110318576,2.877441392797549,170.39764905452517,0.14166953223859563,46.280669204331325,37.33340051033472,129.23847695390782,$HR$,[bpm],5.258777949552747,9.525855032405763,12.801653943553374,12.737399011128117,12.759445387112711,1.9494457632815092,3.9772849982663137,9.924568399626171,8.637140105272183,9.082170582799804,11.666762553412598,10.611357398817733,6.074973403974657,1.3872223461193676,0.17093241922558425,0.49007859214796284,7845.478704933525,2.8069584366451887,0.37298335826173956,0.9755049898396596,0.7610684576671525
175.5973035195136,143.58890425579736,160.20138053105447,198.17339466392426,60.570849413193294,131.04665178374663,30.51221267509906,17.027341283208237,23.462756095101142,33.80393809582631,60.56952163237914,162.44916570827536,112.41361721983046,61.94818849001112,94.84244133159852,43.80097816271365,6.952605015997619,6.016737514572786,0.935867501424833,1.488204452985773,0.6730709594421891,0.22943492497117907,0.06969820568932213,11.77154341295103,4.636262880094176,3.8626203545178592,3.2726601783389926,2.8774413927975484,170.4439030768619,0.14106542909561803,46.220829444118415,37.28521557392871,129.57915831663325,$HR$,[bpm],5.257660967593643,9.515859466248088,12.804714303562191,12.74053686343404,12.762567942674464,1.9483668770691658,3.970845027101855,9.918811489436138,8.633183413371796,9.077054425643674,11.661881082106772,10.613946114704953,6.070236489805468,1.3876608597110058,0.17048301447352196,0.4900798385973299,7848.719685485126,2.813959267999575,0.373712715097178,0.9779379955550532,0.7625547628459697
175.63373491076013,143.68933639108226,160.26461906951846,198.23806172854867,60.43683529833621,130.92577237409174,30.504025863479225,17.03805338984624,23.46357203587162,33.799654086200235,60.43547234738307,162.29897958337443,112.32530655148564,61.93195401885614,94.76204720886808,43.83518161231785,6.945501228904721,6.011004661552406,0.9344965673523151,1.4855109301950082,0.6734340541758888,0.2289147514237043,0.06966108896341563,11.74600418188802,4.626226288406237,3.8542557544082343,3.2655221390735507,2.8774413927975484,170.48987069628987,0.1406955212914185,46.16114474822511,37.2371240426295,129.91983967935872,$HR$,[bpm],5.256561675307409,9.505896840859677,12.807766588496731,12.743666187995684,12.76568219529591,1.947294568686722,3.9644268198187746,9.91309601370267,8.629249589918617,9.071967055848988,11.657070339227822,10.616673448845088,6.0655247645146755,1.3881077942603288,0.169804939489643,0.49008108288537927,7851.943952687649,2.8209595994676997,0.3744423647905087,0.980370827544489,0.7640416614041878
175.6696229548808,143.78934047743468,160.327238716839,198.30227677004967,60.30322251310878,130.80519355446867,30.495787387747622,17.048783627609787,23.464321998024737,33.795289936296264,60.30174084420481,162.1490893955636,112.2372564709425,61.91593278832377,94.68211698616649,43.8695032608259,6.938396080485621,6.005269548442445,0.9331265320431759,1.4828201292942134,0.6737935082840166,0.22839512556301408,0.06962378990169153,11.720554622792884,4.6162250160875,3.845921171864669,3.258408434840714,2.8774413927975493,170.53536520947347,0.1403275483895794,46.10155061465344,37.189071532247944,130.26052104208418,$HR$,[bpm],5.255442190191528,9.49596015572625,12.810796093022311,12.746772079946375,12.768773377710536,1.9462191946132235,3.95802528935479,9.907391410653709,8.625325924306624,9.066893872732578,11.652268609144533,10.619421893571623,6.060839598938984,1.388552813289186,0.16936083426328546,0.49008232532250057,7855.12918507429,2.8279643790578906,0.37517276250395876,0.9828052053941034,0.7655300816185829
175.70543816472613,143.88876574456518,160.38966423828964,198.36606762722084,60.17045972564357,130.68517578294083,30.48764507797757,17.059555853918425,23.465113637484524,33.79099828400226,60.168786104441864,162.00004744719172,112.1499833468422,61.90020378215006,94.60295963229525,43.904141091045055,6.930155245704675,5.999557899699391,0.930597346005285,1.4801402031237685,0.6741516260223255,0.2278787104950149,0.06911208056404404,11.695216703931449,4.606267334718491,3.837622617578979,3.251326751633977,2.877445700746371,170.5808062102862,0.1397316734168834,46.04229926245239,37.1412151123323,130.6012024048096,$HR$,[bpm],5.2543415795456525,9.486068493686238,12.813840541965394,12.749892388516681,12.77187926974296,1.9451551751326077,3.95165330426805,9.901736986643787,8.621442068814714,9.061867907652097,11.647528090132342,10.622266774339948,6.056196261592535,1.3890143458129183,0.16914886782043775,0.4867391883497624,7858.33438941922,2.8349593303437524,0.37333756593928835,0.9852346925637561,0.7670176860117834
175.74043692352151,143.98741315681534,160.45128432770835,198.42920601662635,60.03760002613065,130.5653188522642,30.479490006850323,17.070133574972967,23.46584793717406,33.78667863683815,60.036139776968575,161.85136721481743,112.06288759120439,61.88456087021965,94.52429041838718,43.93890823799328,6.923070008465777,5.99383122355714,0.9292387849086365,1.4774598658552462,0.6745040461598515,0.2273632817627019,0.06907524868796336,11.669939852283143,4.596332702691683,3.829342964813806,3.244264184777654,2.877451326227908,170.6255536645287,0.13936812299630075,45.982808110064596,37.093378208715116,130.94188376753507,$HR$,[bpm],5.253244332589519,9.476195865675109,12.816847771452773,12.75297516574206,12.774947794686678,1.9440958397970998,3.945304396069906,9.896085314429326,8.617560584422884,9.05684899288828,11.642772250919863,10.625125574155092,6.051570009149469,1.389483046090431,0.16870878046920615,0.48673918834976176,7861.43644430336,2.8419782534655944,0.3740627189689654,0.9876720511520117,0.7685075044752117
175.7748951096381,144.0852727075745,160.51231847333602,198.4914272697738,59.90543564764918,130.4457318046328,30.471284398910427,17.08072702551415,23.466516441499387,33.78223054893459,59.90386247494496,161.70295525469788,111.97605852581354,61.86901688552639,94.44600658747058,43.9734572769596,6.915985486651573,5.988104433598532,0.9278810530530408,1.4747829353745852,0.6748530132427043,0.2268483901793544,0.06903821675277601,11.644759679704663,4.586436804549483,3.8210965170728244,3.237226358082358,2.8774569368703675,170.66985248377,0.13877783037450642,45.92364565624034,37.04562008813664,131.28256513026054,$HR$,[bpm],5.252160035693766,9.466338578691342,12.81984048011992,12.756041939391814,12.778000912210134,1.9430391503832811,3.9389665063077963,9.890451578340684,8.613690785400397,9.05184565379073,11.638057824981972,10.628089763621796,6.046965745449451,1.3899585580476181,0.16804234814705474,0.4867391883497617,7864.539257069135,2.848987752757749,0.37478820495927356,0.9901061302611248,0.7699980070023821
175.80896891683585,144.18254515268958,160.5728307761468,198.55335984677725,59.77404718618921,130.32645377735253,30.46311473891388,17.091318854086143,23.467179426329313,33.77785360201697,59.77221765146535,161.55521016980836,111.88973041318371,61.85375939282492,94.36820578361893,44.00809363765183,6.908910160511401,5.982381430488,0.9265287300234013,1.4721104392151143,0.6751990853735035,0.22633568131250123,0.06900120081083266,11.619677246418743,4.576580367715031,3.812883168960244,3.2302137097434698,2.877462535301936,170.71377364586309,0.13841863075264793,45.86486124168326,36.99801299422013,131.62324649298597,$HR$,[bpm],5.251064145921635,9.456523794072181,12.822826568037645,12.759101074974978,12.781046828466751,1.9419835910220271,3.9326508086162804,9.884843806956484,8.609844680584615,9.046871262810203,11.633398854268243,10.63111891573457,6.042383225506092,1.390444317114617,0.16760740297066926,0.4867403796422329,7867.654146671157,2.855984857677606,0.3755134045269623,0.9925358966934121,0.7714860328682297
175.84122237097176,144.27784420873127,160.63156208257965,198.61303560949102,59.64271237850072,130.20695720126687,30.454973814643587,17.1017381133819,23.4678083426236,33.77343673901881,59.64109633656034,161.4080448707227,111.80331803397497,61.83815896519124,94.29106073263475,44.042970036341885,6.901784888505264,5.9766033797252005,0.9251815087800634,1.4694288518998218,0.6755318715657067,0.22582496484308998,0.06896426636831787,11.594576095309757,4.566714316747925,3.8046609928643904,3.22320078569744,2.877468127064117,170.75600433022709,0.1380612857681688,45.806087217220075,36.950510356735286,131.96392785571143,$HR$,[bpm],5.249932652209845,9.446691140739889,12.825807580730238,12.762148517101114,12.784083968117189,1.9409345014485415,3.9263602576937124,9.879214258655656,8.605973916838302,9.041877905361932,11.628709300512348,10.634227146266307,6.037781887948912,1.390942663636194,0.16717470352488317,0.48674163323997555,7870.686593435416,2.86298187189386,0.3762387221161243,0.9949656244550528,0.7729741949783642
175.8748527283773,144.37415603681583,160.69151392389992,198.67439890862346,59.51213955417315,130.08871253419366,30.446917546722222,17.11225632285135,23.46848786048864,33.76911438478562,59.510507337069384,161.26155316551274,111.71808967017779,61.82310349188952,94.2147875607593,44.0781456662945,6.890996425474972,5.9671550197305105,0.9238414057444615,1.4667748419350686,0.6743450847846514,0.2253166750792469,0.06892779880061549,11.569680350692728,4.5569286157411915,3.7965057111156195,3.216246023835918,2.870956692551957,170.41280297857426,0.1377057810941217,45.74735070771837,36.903096968184386,132.3046092184369,$HR$,[bpm],5.248866767015823,9.436950863008462,12.828790712916632,12.765204819884277,12.787127124739724,1.9398978772432796,3.9201030188516808,9.873682746988008,8.602189062665333,9.036976201529862,11.624130146598073,10.637398961959152,6.033266235843515,1.3914564466340786,0.16651736956027238,0.48674288389062725,7873.730367467961,2.8634964942480288,0.3769651122574039,0.9974014939607824,0.7744645576412972
175.90752841630135,144.4695860488948,160.75048485904478,198.73444698638787,59.38173748405308,129.97044629305321,30.43882003570015,17.122716339221608,23.46909235094915,33.764702195639615,59.38028990265376,161.11538406093368,111.63292308177591,61.80794985502194,94.138748828392,44.11333290516417,6.882759629651604,5.961440588565274,0.9213190410863297,1.4641166112093333,0.6746803760123227,0.2248091112803991,0.06841001111241785,11.544845156475375,4.5471673289564265,3.788371197120396,3.209306630398552,2.8709566925519567,170.45516320228424,0.1373521025507466,45.68864628668046,36.855754184340455,132.64529058116233,$HR$,[bpm],5.2477996771041795,9.427219076321732,12.831734958942713,12.768220813345529,12.79013062860315,1.938863575351858,3.913857507314199,9.868156620841027,8.598398895031176,9.03207304808859,11.61954554642685,10.640593131179777,6.028758227227389,1.391966204770978,0.16631597261087105,0.4833444470494947,7876.707823786521,2.8704980760803744,0.37505389902599473,0.9998402565692572,0.7759557419464654
175.9403562946792,144.56458197895162,160.80945759113015,198.79473687071606,59.252135632518176,129.85295877607658,30.43080964053994,17.133069100600334,23.46972782305542,33.760349361124725,59.250686958761634,160.9699952994229,111.54853363619085,61.79301190950359,94.06359551611348,44.148627514524286,6.875754116489979,5.95576610080776,0.9199880156822191,1.4614733080050428,0.6750169768761604,0.22430418145587075,0.06837387369950285,11.520122990077432,4.537449211509534,3.780272235275269,3.20240154329263,2.8709566925519567,170.49767829743337,0.13700023610358528,45.630177541579805,36.80852872521271,132.98597194388776,$HR$,[bpm],5.246742381606233,9.417540634642991,12.834693807807362,12.771251889202045,12.793149056460694,1.9378343681762453,3.907646606501475,9.862685028106126,8.594648999153652,9.027217272974955,11.615021509454374,10.643967253855022,6.024288474765363,1.3924907081237747,0.16588990697880587,0.4833444470494952,7879.702846841495,2.8774942283069795,0.375774988783171,1.0022771279594649,0.777447617484868
175.9723377016174,144.65900145784914,160.86760016969447,198.8539105414396,59.12283113690373,129.73548176412783,30.422720638393688,17.14342221164396,23.47027723240264,33.755902273549836,59.12132761353579,160.82473177966276,111.4643295416353,61.778351889695195,93.98861571520727,44.18379089192875,6.868725595362055,5.950069146276352,0.918656449085703,1.4588265736403532,0.6753478760654811,0.22379929446205712,0.0683374734589604,11.495484621254434,4.527765647970454,3.7722032281914246,3.195515745092553,2.870956692551957,170.53946289920174,0.13642504402659772,45.57182841036116,36.76134072123603,133.32665330661322,$HR$,[bpm],5.245670044682769,9.407872966315919,12.837623531792085,12.774252324979608,12.796137586386948,1.9368058102832997,3.9014419505646813,9.857214227951868,8.590904188753006,9.02236945503165,11.610541253580278,10.647331552609478,6.019845279791017,1.393019046116805,0.1652408949101035,0.4833444470494948,7882.649209495401,2.884494189804675,0.37649693842637216,1.0047153261795407,0.7789412720568994
176.00434072297602,144.75276697151227,160.92567284238197,198.9132282545926,58.99410329047787,129.61877387110218,30.414774464334425,17.15381871943181,23.47089945091721,33.75155915760591,58.99268337447794,160.68042243848456,111.38079770781226,61.76391823161582,93.91455500561743,44.21925038006331,6.861747852673005,5.944412771400585,0.9173350812724199,1.45619530007486,0.6756798102505814,0.2232980176079274,0.0683016089255766,11.470945418377326,4.51811965131717,3.7641642341042996,3.188661532955855,2.8709566925519567,170.58136791264144,0.13607733401933347,45.51354832992313,36.71429442318208,133.6673346693387,$HR$,[bpm],5.244625812652784,9.398263657448881,12.840561402959954,12.777261173812315,12.799134222000081,1.9357919831461539,3.895276090195549,9.85180028123915,8.58720363714043,9.017573158472683,11.606120878389957,10.650802791262324,6.015441645575031,1.3935630312141687,0.1648197412049353,0.48334558915855563,7885.584548045839,2.891498614238191,0.37721937985241816,1.0071550789113348,0.780434099976189
176.03579136740575,144.84608958324034,160.98308663835272,198.97171998599313,58.866047089466356,129.50220717362362,30.406762374344474,17.164030430021686,23.47143187321003,33.74714484664165,58.864365502197806,160.5362600617844,111.2975300050714,61.74949300544979,93.84068339159283,44.25475526095174,6.854760333144642,5.938747187035095,0.9160131461095469,1.4535646992340037,0.6760073280160349,0.2227968835757708,0.0682653709403051,11.446498647687037,4.5085111540225915,3.7561580095325358,3.181829484131911,2.8709572257592915,170.6227211324379,0.13550741274630135,45.455632281652655,36.66733327383055,134.00801603206412,$HR$,[bpm],5.243588229926142,9.38866844995665,12.843482734649994,12.78025195363788,12.802113509276523,1.934777984201493,3.889118681906838,9.846397993090193,8.58350727296212,9.012784522584502,11.601699157837837,10.654256234360542,6.011052390249062,1.3941102775375545,0.1644007288525375,0.48334684882860773,7888.522182109449,2.898491228281737,0.3779418694079631,1.0095905303901431,0.7819268302336224
176.0663803041928,144.93823989244416,161.0396346486847,199.02923988241398,58.73820373262341,129.38570233782016,30.398713196208075,17.17423852439346,23.471904657179188,33.74263519242338,58.73645670481819,160.3925594202477,111.21438654809651,61.73522961931038,93.76743835028242,44.29051681380771,6.847754374859047,5.933060447131923,0.9146939277271238,1.4509324768316727,0.6763278675308972,0.2222968742384914,0.0682291126424532,11.422097436919243,4.498919324616003,3.748164935862024,3.1750131764412166,2.8709628861190515,170.6633363018616,0.13516379311374063,45.397754675598264,36.62043733021408,134.34869739478958,$HR$,[bpm],5.242540078623888,9.379073095106579,12.846365773759663,12.783204240136296,12.805054511095888,1.9337633037218742,3.8829815403281427,9.840984840249025,8.579806214907503,9.00799541544275,11.597291902009404,10.657838570552238,6.0066798244278585,1.3946705037463065,0.163760430334499,0.48334810853678234,7891.401158787723,2.9054912383552267,0.37866479518278723,1.0120267497720428,0.7834204551438132
176.0969290562375,145.03024446053317,161.09606334236125,199.0866891563064,58.61078912781258,129.26977994040283,30.390788885617543,17.184465332797608,23.472429684096834,33.73826628023074,58.60921657195596,160.2497066704729,111.13186428765194,61.721120118660096,93.69485446322194,44.32634876143677,6.839586050124844,5.927401167856621,0.9121848822682239,1.4483111576725483,0.6766486666594116,0.221800014306906,0.06770603539562403,11.397800145351235,4.4893675568566245,3.7402048597262083,3.1682277287684033,2.8709685271670895,170.70397414061298,0.1348219117742177,45.33990013352995,36.57368103173889,134.68937875751504,$HR$,[bpm],5.241492395970555,9.369531884328923,12.849259802020086,12.786167352322323,12.808006368017706,1.9327603056710152,3.876873407578623,9.83562764493262,8.576145787492369,9.003253702890444,11.59291910251687,10.661511437215736,6.002342197594488,1.3952403344534292,0.16356906321037323,0.4798948484691519,7894.250776112794,2.912500866834581,0.37667658181985114,1.0144663166016916,0.7849148266988831
176.1269317118956,145.12154511421645,161.15192460943675,199.1434738720913,58.4838826132625,129.15407625861337,30.38283147234385,17.19455089466092,23.472900019675485,33.73380899860372,58.48229060588576,160.1071049972747,111.04972537118554,61.707366205393924,93.62271529878636,44.36205712858574,6.8326158534592505,5.921739573897421,0.9108762795618299,1.4456923701516597,0.6769659932212754,0.2213037696923336,0.06767032769052414,11.373588546566737,4.4798498661922315,3.732273798153144,3.161464882221361,2.870974159123064,170.74416427171602,0.1342594716770674,45.28225845242122,36.5269802404342,135.03006012024048,$HR$,[bpm],5.2404547232065655,9.360015990425351,12.85213828362291,12.789114176822057,12.810942338379059,1.931760935238358,3.8707864104569767,9.830287057948343,8.572504096520154,8.99853364698868,11.588619312681542,10.665205095806913,5.998039625991316,1.3958175628228626,0.16315637783272757,0.47989484846915204,7897.082185333922,2.919508019000709,0.37739453788163013,1.0169050145308411,0.7864108962317592
176.15634528570882,145.21198997140561,161.20708599511343,199.19953268449515,58.3573785934303,129.03858788861183,30.374813699127994,17.20463182503078,23.473294449134105,33.729263807862395,58.35567446325791,159.96473838223352,110.96780751856478,61.6935166321291,93.55081684889522,44.39776677245869,6.8256414215087196,5.91607293721677,0.9095684842919498,1.4430756889630345,0.6772791635641078,0.220808007080042,0.0676344662093685,11.349460650521117,4.470366182719485,3.7243720445976716,3.154722423203959,2.870979798439697,170.78382130221388,0.1339215869963109,45.22474985839532,36.4803362624942,135.37074148296594,$HR$,[bpm],5.239422115215601,9.35051313524079,12.854992057517975,12.792035087969982,12.813852936760622,1.930763491442277,3.864705926455497,9.824961718485243,8.568862433504966,8.993817892484389,11.584315392776986,10.66891241226554,5.993744792896367,1.3963906262980896,0.1627457696279672,0.47989484846915237,7899.881611194824,2.9265163278160036,0.3781131534536672,1.0193441031547799,0.787908340045397
176.1852968314118,145.30193134120412,161.26174852478388,199.2549691903358,58.23128962146953,128.9233898561049,30.36680055203801,17.21467005261399,23.473647924301936,33.724686393246074,58.22942283453278,159.82279474692945,110.88620410779816,61.67984621010631,93.47927426090841,44.43357867649454,6.818672317744726,5.91040955975169,0.9082627579930358,1.4404634237737295,0.6775892427919978,0.2203132717368345,0.06759841850423695,11.325417485510703,4.460915619145937,3.7164981627075293,3.1480037036572353,2.87098541965874,170.82307910187376,0.1333642308454877,45.16735844943508,36.43374083573988,135.7114228456914,$HR$,[bpm],5.23839805736147,9.341031729870247,12.857823844891735,12.794933800151275,12.816741471956904,1.9297659083206724,3.858646015109526,9.819658680097882,8.565236581292158,8.989122662565027,11.580039104206511,10.672630179668754,5.989476148455193,1.3969693478450507,0.16211605507419982,0.4798961074909359,7902.651168669172,2.933527322034309,0.37883247121328995,1.0217841239970502,0.7894051760368679
176.21408634661137,145.3913151987257,161.31617837304273,199.310307313613,58.105762756523504,128.8087110612099,30.3589380074825,17.22464009241421,23.474087379414456,33.7202552981039,58.104034290001586,159.68194252296013,110.80524336882843,61.66628865780107,93.40887626350637,44.46989774855209,6.807818211618278,5.900848980545577,0.9069692310727009,1.437860114942457,0.6763061373118427,0.2198227348298061,0.06756313145990968,11.301444812919021,4.4514904746105515,3.7086435000960813,3.1413108382123878,2.8642473872748933,170.4608807645321,0.13325089411696567,45.11011893358023,36.387354369544326,136.05210420841684,$HR$,[bpm],5.237363054585045,9.331602232208043,12.86066793627278,12.797844768121735,12.819642151031148,1.928782842379907,3.8526267467110045,9.814399061684352,8.561651394341553,8.984475060778234,11.575817774326412,10.676577593945163,5.985253233013137,1.3975728679460442,0.16171010825784082,0.4798973732193418,7905.411289660082,2.933631238588199,0.37955138900685736,1.024224112631318,0.790901159680613
176.24242960430502,145.48038478312412,161.37013428374365,199.36498194066556,57.98056493710684,128.69437270098146,30.35100643789066,17.234622112104287,23.47444476659611,33.71574765791433,57.97879817694864,159.5411625552454,110.72466956931954,61.65276562789473,93.3386247661231,44.506200256197246,6.800880837177612,5.8952060665388775,0.9056747706387347,1.435260979115337,0.6766114056565644,0.21933198336791743,0.06752767949335683,11.27757917926609,4.442109147326417,3.7008268900690036,3.1346431418706704,2.864247387274893,170.49934739774739,0.13291806055834268,45.05291390776146,36.34096508283367,136.39278557114227,$HR$,[bpm],5.236340995321541,9.322190017384015,12.863493453353417,12.800736378814262,12.8225238397184,1.9278011778124577,3.8466176209968657,9.809161381847247,8.55807947947333,8.979844074181297,11.571616465464844,10.68049663647483,5.981035123413477,1.3981766760334324,0.16130618938620062,0.47989863783213504,7908.130760760503,2.940629288153588,0.3802719255769778,1.0266673546489176,0.7924005104386107
176.2689138583434,145.56697548789066,161.42217931527767,199.41766256470456,57.85574240313014,128.57972714400842,30.343189245144476,17.24456838277203,23.474829333681747,33.711309931956215,57.85439933557998,159.40135003795942,110.64396586034292,61.6390599214196,93.2691442468198,44.542494759516465,6.792680099346419,5.889503515874083,0.9031765834723353,1.432652340169091,0.6769019345764715,0.21884494275907687,0.06699919686382365,11.25367089086163,4.4327086241221,3.6929922753181317,3.127969991421398,2.8642473872748933,170.5359486688293,0.13236737084649608,44.99600651534445,36.29479883439048,136.73346693386773,$HR$,[bpm],5.235287653796661,9.312766310974942,12.86631809963122,12.803620449355597,12.825400914554889,1.9268304181041649,3.840642285901438,9.803893581562534,8.554483588288361,8.975195930676374,11.567423751700515,10.684537740816648,5.9768072425543695,1.3987996676081662,0.1609042833009646,0.47639111524223376,7910.816240812764,2.9476062631875046,0.3782056714064426,1.0291032388762762,0.7938974076251062
176.29661515395964,145.65490961919807,161.4753206196216,199.47153405244123,57.731741805378306,128.46612454116746,30.335310006031154,17.254405735709053,23.475158599540112,33.70680814324047,57.73011005131943,159.26163345391544,110.56419210417276,61.625927233775286,93.19991567863092,44.5787322114688,6.785773176444502,5.883881877277491,0.9018912991670114,1.4300662160860302,0.677202839717828,0.2183574904885472,0.06696417583950627,11.229986492477352,4.423398743692303,3.6852357263570124,3.1213520224280358,2.8642473872748924,170.573848872367,0.13203838761486006,44.93927252151049,36.248598484973115,137.0741482965932,$HR$,[bpm],5.234293014370111,9.303419758142136,12.86913503566897,12.80650209321575,12.82827329933127,1.925858842891307,3.8346718999941203,9.798712581262699,8.550956681252298,8.970618805420619,11.563316424403949,10.688539032826254,5.972645371432488,1.3994219387803617,0.1605043749945148,0.4763911152422335,7913.529337651054,2.954593842801332,0.37892085300846534,1.031542825500278,0.795398656450159
176.32407589077462,145.74220401165687,161.52817517750185,199.52526451799727,57.608075388448775,128.35297569427206,30.327526978101414,17.264298939919495,23.475524060781687,33.702372630669885,57.60647885708407,159.12275216528784,110.48492374257546,61.6129238894511,93.13148232635477,44.61527186246069,6.778892516506565,5.878277824069372,0.9006146924371938,1.4274883144419848,0.6775026709520686,0.21787309779125164,0.06692962271167271,11.206375356166518,4.414116007964577,3.677500570252258,3.1147587779496813,2.864247387274893,170.61160543876395,0.13171103562573178,44.882539790637374,36.20254053753776,137.41482965931863,$HR$,[bpm],5.233290730360039,9.29410936195123,12.871949135202774,12.809381176446516,12.831143072704934,1.9248967239718013,3.8287359431313623,9.793566458765312,8.547455690848865,8.96607395224727,11.55925603078475,10.692683437428132,5.9685104901801465,1.4000598673131974,0.16010644960806203,0.4763913741983393,7916.203866504874,2.9615918304567064,0.37963618799317506,1.0339860459031192,0.7968997940653696
176.3505461460088,145.82853479018013,161.58000646074535,199.57759548181122,57.48463344531714,128.2397124453732,30.31967804843479,17.27411352206044,23.475797041836344,33.69782403639622,57.483043891771906,158.98394705504782,110.40578967320748,61.600099303600885,93.06321628122531,44.651839831570626,6.771977174261529,5.872640472612647,0.8993367016488818,1.424905071804982,0.6777943073058502,0.21738860086702994,0.06689461118536101,11.182810891796882,4.404851663734237,3.6697811096630306,3.1081781183996138,2.8642504197056913,170.64841237594365,0.13116741670224114,44.825921977799275,36.15650822398348,137.7555110220441,$HR$,[bpm],5.232272890668691,9.28480051015695,12.874711197711623,12.812207550927496,12.83396043147695,1.9239342468954146,3.822811019547647,9.788409903078852,8.543950177022346,8.961527144605657,11.555184249815708,10.696849808794314,5.964392950393019,1.4006919371948987,0.15949260635554902,0.47639264351895316,7918.825056174549,2.9685918157288897,0.3803523763272573,1.0364288664515304,0.798401028021175
176.37709819295014,145.91462525954964,161.6318005950936,199.6301843360628,57.361834608173424,128.12710302913496,30.311870230777238,17.283819745530593,23.476074291126984,33.693315860416206,57.36015579714888,158.84576593587423,110.3271175861673,61.58736640827946,92.99555191986043,44.6885748025902,6.765102380650808,5.8670374859562155,0.8980648946945926,1.42233508781352,0.6780866544451044,0.21690625601551236,0.06685996134001311,11.159361337437119,4.395632592401104,3.662099921427252,3.101628823608765,2.8642561159508317,170.68538028219012,0.1308438285315927,44.76947753601348,36.110597886697896,138.09619238476955,$HR$,[bpm],5.231278942707496,9.275529972717319,12.877491886978879,12.815052050963596,12.83679613086694,1.9229805932088693,3.816910930314962,9.783296884358629,8.540473644193224,8.957015007095775,11.551153578558358,10.701071403196446,5.960302400785472,1.4013332113106678,0.15909914034074066,0.47639391369817236,7921.450947593649,2.975591374440966,0.3810690186101633,1.038870566731137,0.799903205420874
176.40311560190088,146.00000709550955,161.68302895871471,199.68189465334152,57.23919757576796,128.01469339567186,30.304078296662016,17.293566336611736,23.476328155258457,33.68876804984946,57.23760693503019,158.70803821176753,110.24884464328377,61.5749800154556,92.92839338418689,44.72529618486648,6.756997521340217,5.86143011068629,0.8955674106539273,1.419766860361847,0.678375461055344,0.21642508663982507,0.06632589330079575,11.13598207213687,4.386440940008793,3.6544414116413466,3.095099720486726,2.8642617850855863,170.72189401263248,0.13030501933074237,44.712990405602305,36.064718321737956,138.43687374749499,$HR$,[bpm],5.230294126878382,9.26628703147885,12.88025288766833,12.817876170012626,12.83961168223627,1.9220309634737656,3.811029412478581,9.778213225414628,8.537018940741683,8.952529272671523,11.547182779555202,10.705350425608314,5.956247396567441,1.401985555223811,0.15892442457476566,0.4728340392289458,7924.015568204511,2.9826046003989943,0.37893284798847626,1.0413170388019795,0.801407717190592
176.4290290283311,146.08520413582133,161.73408839080045,199.73372793365323,57.117149215998744,127.90280973400156,30.296400113648406,17.303314814736687,23.476634587134754,33.68437279866331,57.11574122001175,158.5711965421678,110.17122766314,61.56270064082616,92.8620872780094,44.76214281852507,6.750156384075108,5.855847936913397,0.8943084471617111,1.4172091684693586,0.678663976617388,0.21594718165671994,0.06629202450657726,11.112681380843718,4.377278129173896,3.6468057616357417,3.0885974900340822,2.8642674419370087,170.75836309767067,0.12998513697281855,44.65668059582492,36.018988609210204,138.77755511022045,$HR$,[bpm],5.229316961303024,9.257091170507426,12.883017712388748,12.820704611707592,12.842431295086966,1.921090585776359,3.8051869987726907,9.773175678555146,8.53359760265983,8.948083058214769,11.543266914689172,10.709705536843158,5.952220761573799,1.4026529461969226,0.15831800376722657,0.4728340392289454,7926.57832306195,2.9896163488817917,0.37964439444871895,1.0437629898345016,0.8029125717509855
176.45433617368678,146.1694768841826,161.7845065891113,199.78463914932505,56.995858319634664,127.7911109366015,30.288662970290268,17.312919619936917,23.476866123244967,33.67983859286968,56.99418542338908,158.4344978503687,110.09384236903082,61.550718187585645,92.79584439392366,44.79905552297372,6.743310901042893,5.850261364860035,0.8930495361828581,1.4146529783857444,0.6789492024516683,0.21546941020739563,0.06625804352547346,11.08948637865235,4.368160518113487,3.6392093071738225,3.082116553365037,2.864273126097722,170.79441157668828,0.12966682131039592,44.60080040145429,35.97334305134508,139.11823647294588,$HR$,[bpm],5.228327071587227,9.247908356578995,12.885765356510356,12.82351430392307,12.845232934229596,1.9201514656334442,3.799346699049884,9.768144677089616,8.53018613257628,8.943649516333698,11.539371294291138,10.714097128003237,5.94822262083184,1.4033237079677205,0.15793030482397638,0.4728340392289461,7929.163295689455,2.9966109224790958,0.38035656868307793,1.0462029249849054,0.8044187539952244
176.47931176660643,146.25345328619062,161.83448966936714,199.83524684787614,56.87445228234093,127.67972211202478,30.2809417249733,17.32255680116359,23.477073558931057,33.67533552360225,56.872920351279426,158.29821601808618,110.01677721875,61.53880765040155,92.73021157324507,44.83610059331592,6.732404661869943,5.840610792983517,0.891793868886426,1.4121004114318336,0.6775787727078075,0.21499294195807125,0.06622407791445967,11.066349927770473,4.35906343140639,3.631629783596088,3.075656712767997,2.8573093409500943,170.4144147601381,0.12935006086172846,44.544624112229755,35.927707703782005,139.45891783567134,$HR$,[bpm],5.227345953038448,9.238756627266271,12.88849927705277,12.826310273088302,12.848020755736908,1.9192184107911627,3.793535106608928,9.763141040058755,8.526792841592783,8.939238454791473,11.535491390703314,10.718558017837616,5.944245726715879,1.4040015830486314,0.15754450008450122,0.47283470226132307,7931.649567791795,2.9963262575989753,0.3810701255882062,1.0486530858442706,0.8059267303472979
176.50377418833475,146.3364589107373,161.88393363519677,199.88507640686902,56.753754676710386,127.56864715481453,30.273254229253745,17.332146848170172,23.477267178952637,33.67081891689299,56.752233770758885,158.1625693008142,109.94001730943992,61.52676491178632,92.6650856084262,44.873367735070794,6.725571196293568,5.835027657889992,0.890543538403576,1.4095534341422913,0.6778561828861608,0.2145184794065712,0.06619027604203694,11.043286048795848,4.349995008006891,3.624073570030742,3.069217470758217,2.857309340950092,170.44929620666315,0.12903484425699088,44.48879559554729,35.882215382338714,139.7995991983968,$HR$,[bpm],5.226373556585645,9.229613117696454,12.891212405759898,12.82908523951411,12.850787834435076,1.9182921780717235,3.787739058912959,9.758148231540916,8.523407699430717,8.934840512309808,11.531646358478895,10.72308786024258,5.940286330944133,1.404690979543131,0.1571605757006944,0.4728359750749363,7934.15215680825,3.003313123115873,0.3817835333900955,1.0510983462914913,0.807433345843851
176.52785064039207,146.4191616732999,161.93295948713114,199.93470242172975,56.63345941146202,127.45785417974608,30.26557200203981,17.34162917883649,23.477442996895878,33.66630968862232,56.63192884948716,158.027361398008,109.86373521493091,61.514848078877144,92.60036844426355,44.910632738988106,6.718746942092995,5.829450130094259,0.8892968119987354,1.4070110055106297,0.6781313237959796,0.21404533407688028,0.06615662202016659,11.020303721729105,4.3409584035665985,3.6165442030951933,3.062801115067313,2.8573093409500943,170.4838852667546,0.12872116023691813,44.433087137647306,35.836786964286446,140.14028056112224,$HR$,[bpm],5.225411532792459,9.220506499025559,12.893916268505,12.83185045137485,12.853545322618686,1.91736690049412,3.781965989794076,9.753188441199983,8.520049118675923,8.930472965800153,11.527833045737452,10.7276206150655,5.936358846897793,1.4053823517591753,0.15656433965588543,0.47283724569823476,7936.6288910692165,3.0103032207185008,0.3824978053959189,1.053544737902804,0.8089417846749521
176.55154086466496,146.50119155362773,161.98151982699696,199.98358114934692,56.513736598072164,127.34732450223935,30.257863281164443,17.35110904700731,23.477550208547953,33.6617142160837,56.51193182799041,157.89235106520465,109.78765652842924,61.503034930397966,92.53579802753083,44.94756858197424,6.710684064288953,5.823876440915187,0.8868076233737661,1.404472688020589,0.6784039139774544,0.21357264047194396,0.06561745033040002,10.997421142832296,4.331962831770304,3.6090505754763793,3.056407735585615,2.8573093409500943,170.5181467456088,0.12819533875354222,44.37763951379944,35.791430963399065,140.4809619238477,$HR$,[bpm],5.224431336209792,9.211411108797037,12.896609345394435,12.834603613504925,12.856291335407088,1.9164431680273524,3.776200273261714,9.748241490809319,8.516699002360339,8.926116959834228,11.52406725042766,10.73212622438905,5.93245008260038,1.4060697647855296,0.15639831327932152,0.46922448176983655,7939.104079208134,3.0172867166498,0.3802836508309979,1.0559888190637807,0.8104514269942424
176.575218756912,146.58298052079928,162.02995213028007,200.03262701926425,56.39433887324758,127.23731485478444,30.250248497562552,17.360608943285563,23.477706607243228,33.65720578636708,56.392479184931595,157.75810435603674,109.71219759411925,61.49153374085693,92.47197525865963,44.98478291407442,6.703897721636469,5.818327687506854,0.8855700341296155,1.4019444202216162,0.6786765909600315,0.2131026759239623,0.06558432981978388,10.974617261699613,4.322996244679394,3.601579998344974,3.050041018675242,2.857309340950094,170.55241224845577,0.12788520345272963,44.32216990558962,35.74616937438732,140.82164328657313,$HR$,[bpm],5.22346889467293,9.202372014203386,12.899301498736293,12.837356462729048,12.859036636590673,1.9155315600970053,3.77047413308295,9.743341173227169,8.513387699676418,8.921805836422983,11.520351412957854,10.736789189883096,5.928581075774071,1.406770818546419,0.15601994821233017,0.4692244817698364,7941.543472190595,3.024282501684981,0.38099299195914765,1.0584372011605039,0.8119631578516656
176.5966800601172,146.66251221230095,162.07624002677053,200.07896606180972,56.27518496855505,127.12679599072226,30.24265356089869,17.369954655751837,23.477832978124987,33.652748274609976,56.27365043445091,157.62455271318336,109.63649266902704,61.47970486453657,92.40860266783211,45.02216533308589,6.6970426389899105,5.81270394610995,0.8843386928799604,1.3994017767068578,0.6789331607362116,0.21263504437879613,0.06555141614151296,10.951763427063007,4.3140087089889905,3.59409063364719,3.0436640844268283,2.857309855220017,170.5846627319713,0.1273639375053796,44.26697340241473,35.701069069390165,141.1623246492986,$HR$,[bpm],5.22246829458222,9.19329422397655,12.901968154014233,12.840077272673112,12.861752652806373,1.9146260695540092,3.7647687498058526,9.738397883520006,8.510037241727963,8.917461064929128,11.51658558126207,10.741467364678288,5.924674981955905,1.4074812818152829,0.1554307818304382,0.46922448176983655,7943.9359302304965,3.031259032329953,0.38170169053900255,1.0608786536721415,0.8134735193255207
176.61935043817354,146.74292035271392,162.123615638531,200.1268775611389,56.15659867759313,127.01731337134314,30.23507097902323,17.379349997992993,23.477938180361654,33.648206015900975,56.155023923329324,157.49126629550537,109.5616903662858,61.46841140601879,92.34548926796953,45.05951900906203,6.690265754888875,5.807157264338627,0.8831084905502489,1.3968817271067264,0.6791984616488129,0.2121679317692192,0.06551844650323965,10.929108776069203,4.30510110866438,3.5866695848843357,3.0373380825204883,2.8573155783256095,170.61815930381496,0.12705729723663697,44.21176703164534,35.65596064099456,141.50300601202406,$HR$,[bpm],5.221520635515864,9.184293675577933,12.904626347724006,12.84279475251249,12.864463151516643,1.9137219282763023,3.7590798594660138,9.733544513297511,8.50675377717317,8.913186571632115,11.512913329350917,10.746136025515884,5.920830684176855,1.4081914293517235,0.1550565680801029,0.46922567452649294,7946.327520290283,3.038256648757696,0.3824123098403383,1.0633255464690807,0.8149859025217234
176.641650662199,146.8230327322979,162.1705583812747,200.17402770725445,56.03829145503316,126.90809595075764,30.227539568886275,17.388738837659755,23.4780602358022,33.64377535047455,56.036912729446996,157.35863871583442,109.48728386355825,61.45747034189248,92.28314083469967,45.09719554668799,6.683499464376066,5.801614490733073,0.8818849736429928,1.3943656580571302,0.6794613706961514,0.21170314677029237,0.065485866905721,10.90650605346893,4.29621176432703,3.579262221057297,3.0310320680846057,2.8573212921720046,170.65134879134644,0.12675212995025345,44.156593033100826,35.610954178779515,141.8436873747495,$HR$,[bpm],5.220568286125826,9.175320100344821,12.907259004390214,12.84548794204644,12.867148834586317,1.912826140479577,3.753422884432254,9.728711651455276,8.503493048732032,8.908939561089868,11.509274918349691,10.750870796091972,5.917021328928948,1.408917518562971,0.15468415190924084,0.46922694598461046,7948.67789416282,3.0452632362691197,0.38312356318912905,1.0657755726008153,0.8164994923409505
176.66366777011157,146.90234898292877,162.2171234806886,200.22108727740414,55.920745290186645,126.79921770787902,30.219973874648154,17.397975267499532,23.478117093467247,33.63922497907087,55.91911853133043,157.2262029477221,109.41324049768535,61.446515450235516,92.22078779954147,45.1343887470625,6.675487649096041,5.796083039283922,0.8794046098121187,1.3918556959184565,0.6797227753351707,0.2112387396431392,0.06494199605284401,10.884017718591325,4.287370142227825,3.5718966782200163,3.0247508981434823,2.8573270151827894,170.68434334599561,0.1262373258510862,44.10180622645265,35.56603001468121,142.18436873747495,$HR$,[bpm],5.219613029932885,9.166366557450427,12.909890047720983,12.848177651296595,12.8698318789412,1.9119316567280835,3.747771530970428,9.723904932513049,8.500246153814864,8.904709508331957,11.505689463818994,10.755591634763732,5.913227634493727,1.4096386023851923,0.1543135203965619,0.4655633737605096,7951.055868414313,3.0522544443975512,0.3808374985667945,1.068220203070558,0.8180143027374422
176.6854367129641,146.9814979991053,162.26339214699743,200.2675592232563,55.803417854748616,126.69076111321702,30.212487667162694,17.40727424126349,23.47819951035566,33.634762947292366,55.80180666568666,157.0944380592167,109.33970146491335,61.43591236578969,92.15907568707745,45.171787617212004,6.668752968252347,5.790564206760004,0.8781887614923434,1.3893520888665731,0.6799829545318019,0.21077661264169273,0.06490987576982896,10.861599869127781,4.278554936719952,3.5645524201262178,3.018492512281611,2.857332723470607,170.7171773851,0.125935577462522,44.04695130442856,35.52118544429446,142.52505010020042,$HR$,[bpm],5.218673220312486,9.15745666287724,12.912514413639675,12.850861080563297,12.872508424089498,1.911047279940003,3.7421536661026047,9.719129492136133,8.49702919557457,8.900514372855069,11.502152942044201,10.7604214284375,5.909471476446603,1.410372134810004,0.1539446607443204,0.46556337376050944,7953.384925510465,3.059260237956424,0.38154374068042457,1.0706699338257497,0.8195312650962414
176.70673873990307,147.05983484812862,162.30915871393262,200.3138064816133,55.68659581218093,126.58262365445297,30.20499321547546,17.416557122297846,23.478253744676437,33.63026990450915,55.6848316705339,156.96307421774182,109.26647739707629,61.425377642123486,92.09759465738483,45.209187517926786,6.662028916287834,5.785053114151632,0.8769758021362026,1.3868546580451762,0.6802401038050803,0.2103155714239452,0.06487784407857616,10.8392621384765,4.269772021161234,3.557235294860604,3.012254822454659,2.85733842346508,170.74962471731928,0.125635268188169,43.99229073035726,35.47638955725789,142.86573146292585,$HR$,[bpm],5.217739730638474,9.148565641357898,12.915110556237863,12.853516189586298,12.875156684465571,1.9101657643738046,3.736547793498512,9.714381834722808,8.493830691215688,8.896341305549306,11.498637866693642,10.76522824325377,5.9057359734917005,1.411099396297455,0.15357756027684202,0.46556337376051005,7955.706243387533,3.066260780120615,0.3822508836129976,1.073117820045333,0.821050162355836
176.7282808592769,147.13826402727287,162.35506668829547,200.3599912175971,55.57022599798262,126.47510020471435,30.19765041075206,17.4257704315013,23.478383226411847,33.625913667783976,55.56852725356776,156.83261847979142,109.19397404533116,61.41525988274339,92.0370632751856,45.24696168560999,6.65112960171407,5.775356815696404,0.8757727860176656,1.3843696411512414,0.6787835359611181,0.20985792120321808,0.06484646335680865,10.817014424200165,4.2610223351106535,3.5499449320892924,3.0060471570002183,2.850138439440521,170.3516830427315,0.12533638775727074,43.937680941178044,35.43174104481843,143.2064128256513,$HR$,[bpm],5.216832679332186,9.139726545534133,12.91773424462067,12.85619917242404,12.877832670568674,1.9092953046481873,3.7309849326207685,9.709685187269887,8.490677682854448,8.89221958764181,11.49519350359937,10.770134670549153,5.902046916850476,1.4118456110206472,0.15321220643907174,0.46556393464774043,7958.0127250818405,3.065520788936792,0.38295851185311375,1.0755690834226812,0.8225691110349249
176.7488333633636,147.21565316599305,162.39993983095945,200.40524471340075,55.454098539099085,126.36741792280533,30.19017260798617,17.434917493559443,23.478374413823147,33.621401774336846,55.452357024066764,156.7021016621614,109.12139319631534,61.40497587654735,91.97643901642134,45.284591365343516,6.644411128954602,5.76984452383067,0.874566605123932,1.3818782890219872,0.6790341190392609,0.2093995124116439,0.06481455471190574,10.79481866575224,4.252294333108152,3.54267394427095,2.9998503883731376,2.850138439440521,170.3831240750419,0.12503892599657362,43.88322516249766,35.3871176173617,143.54709418837675,$HR$,[bpm],5.215889181113311,9.130874554813566,12.920306308265836,12.858828948600515,12.88045603280337,1.9084212721062501,3.7254208934267266,9.704968557892453,8.487503695657045,8.888079591704184,11.491720765012433,10.774970199162478,5.898355619410395,1.4125860072403238,0.15263949160116846,0.4655652063905927,7960.274706123581,3.0725073270266883,0.38366688781571634,1.0780203812239444,0.8240884038353876
176.76923717012284,147.2925666556818,162.4446068440147,200.45002357065147,55.338208802375306,126.26019507142301,30.182779718238407,17.44410888233187,23.478408949941844,33.61693742799388,55.336656340287746,156.57226936192265,109.04937692028014,61.39477990074136,91.91648033703825,45.322271605347,6.637720305595762,5.764352615815058,0.8733676897807039,1.3793959403667797,0.6792839847612926,0.20894353603023208,0.06478316713265571,10.772693483174365,4.243592340342489,3.535423717153231,2.993677425678646,2.850138439440521,170.41446932370764,0.12453427270738433,43.828705294706324,35.34256517185364,143.8877755511022,$HR$,[bpm],5.214961061213384,9.122068761912606,12.922873788973645,12.8614546589411,12.883075047490557,1.907558168888316,3.7198920511372395,9.700295267713798,8.484367327993303,8.883982338694757,11.48831270312365,10.77993529266778,5.894704191724191,1.4133374868686959,0.1522780889051768,0.46556647486442393,7962.4917675562065,3.079508227891772,0.3843764974061752,1.0804767183506623,0.8256103438678831
176.78972471906582,147.36956758171235,162.489291118517,200.49523956231138,55.223292499632144,126.15359995321136,30.175503273201524,17.453208769009777,23.478486830172383,33.612618812648584,55.22157202092317,156.44320882468946,108.97795156966848,61.38484524003107,91.85698590608312,45.359925734050556,6.629803591872565,5.758898569649084,0.8709050222234813,1.3769273558924422,0.6795354772982422,0.20849012897448788,0.06423548981554524,10.750687905206158,4.234939152768237,3.5282143011775258,2.987534451260394,2.8501384394405207,170.44601283280912,0.12424011088495475,43.774646557937075,35.2981586326349,144.22845691382767,$HR$,[bpm],5.214056244630044,9.113298847433057,12.92545449117193,12.86409352315755,12.885707287862108,1.9067055702052007,3.7143835508014953,9.695672173505208,8.481270990775199,8.879929857216114,11.484996499164787,10.784935464962906,5.891089894066016,1.4140991417154398,0.15212650093283406,0.46185171554146387,7964.770262922898,3.0864876960015466,0.38201273044443074,1.0829255355776406,0.8271328601574386
176.80941389393686,147.44540061037048,162.53318244335716,200.53922860154853,55.10845270783851,126.04700155590878,30.168157695279177,17.46228663230011,23.478486359754484,33.60816998710923,55.10671748906698,156.31434217056199,108.90671396545352,61.37499943924717,91.79776672935206,45.39758725174148,6.623140145552071,5.753425649692703,0.8697144958593681,1.3744564056046882,0.6797816633760854,0.20803707448092837,0.06420459050255467,10.728724943408572,4.226301730744986,3.521018256163521,2.9814049565000666,2.850138439440521,170.47688512495935,0.12394733546423892,43.72055822636517,35.253782041917454,144.5691382765531,$HR$,[bpm],5.213147926423276,9.10454492149527,12.927995864598103,12.866692581089273,12.888299931966806,1.9058502987619912,3.7088921079891977,9.69105307278567,8.478172483571887,8.875878077787085,11.481666256015588,10.789933272252235,5.887488816007954,1.414861924286717,0.15156039344873437,0.46185171554146354,7966.981519726392,3.093479797532241,0.3827168463725529,1.085378785368576,0.8286574099305122
176.82909385703888,147.5211739086592,162.57690343993954,200.58331537439747,54.99385954124329,125.94084561729997,30.160905604018783,17.4714097474367,23.4785288717644,33.60383626538727,54.99237646622941,156.18619031117822,108.83601025619284,61.36546190307927,91.73921494012461,45.43551350030449,6.616500909260912,5.747969315616149,0.8685315936447637,1.371993512265433,0.6800265347330015,0.20758659399976673,0.06417421642493398,10.706837815395142,4.217692773929521,3.5138452358471306,2.97529980561849,2.8501428179430737,170.50771797346474,0.12344880779485301,43.66642074832076,35.2094998646584,144.90981963927857,$HR$,[bpm],5.212245076167599,9.095825992344048,12.930541353007298,12.869295931159552,12.890896762317725,1.9050054473088032,3.7034336962394896,9.686474275905857,8.475108690951247,8.871866190276956,11.478392143698276,10.794988086706319,5.883924838799501,1.4156377445388837,0.15120407666148103,0.46185174656957495,7969.150267389384,3.100486479687618,0.3834218828904615,1.0878354797410523,0.8301838971885354
176.8479883514604,147.59594510602133,162.6198489665072,200.62634060415118,54.87997086616899,125.83475385264222,30.15354385724797,17.48031709324006,23.478443189456492,33.5993193039631,54.87815841794441,156.05791614028914,108.76526653090293,61.35575602237121,91.680306581782,45.473144898549684,6.60984661528334,5.742501554317029,0.8673450609663109,1.3695311703804016,0.6802662094232688,0.20713520554042666,0.06414327452717941,10.685043956279332,4.20912434661436,3.5067083259424097,2.9692112837225615,2.850148588176308,170.5379355963108,0.12315926175008032,43.612729540867335,35.165251321574345,145.250501002004,$HR$,[bpm],5.211323392566365,9.087103124718109,12.933050739560697,12.871861392203675,12.893456479606364,1.9041565946493775,3.697963782599545,9.681894527083042,8.472035364568502,8.867846366560535,11.475109864428074,10.799948217880667,5.880359658344536,1.416397746904018,0.15084943133818565,0.46185301539981205,7971.343263286429,3.107471321589926,0.3841277895873514,1.0902839713273575,0.8317100392964278
176.8654353287373,147.66916289341904,162.66135848029762,200.6679445992514,54.766021375817196,125.72853161425238,30.14636239556378,17.48931324048729,23.478467195603123,33.595027836180016,54.76481385433456,155.9309627100404,108.69477934839006,61.34623535050061,91.62273987430632,45.51144279397124,6.60316461339258,5.736991882767367,0.8661727306252125,1.3670625123481261,0.6804951635735679,0.20668863872393378,0.06411328429444531,10.66319799157213,4.2005298266492455,3.4995464563072427,2.9631217086156427,2.8501543330739536,170.56680367753648,0.12287107077282619,43.55894455511879,35.121192675614935,145.59118236472946,$HR$,[bpm],5.210383814354188,9.078393569635093,12.935589119593777,12.874450754081508,12.896042277356964,1.9033258190531206,3.692556393301723,9.677310549946696,8.468967111142039,8.863838481044539,11.471830171580208,10.805141178541458,5.876812861753915,1.4171856172836255,0.15029028623052063,0.46185428230161174,7973.4498055172735,3.1144640306635996,0.38483333547218523,1.0927352229746037,0.8332353952731604
176.88386900343272,147.74326349824378,162.70376771079557,200.71043470932187,54.65294265167581,125.62325644927937,30.139119851039606,17.498300295597247,23.478411952122357,33.590629427188155,54.65155398076114,155.80396410269174,108.62503454210807,61.33708947282339,91.56497669900698,45.549117258186854,6.59526853629322,5.73155526347566,0.8637132728175598,1.3646145840623163,0.6807330840172203,0.2062413994370926,0.06356074398467966,10.641549031780741,4.192016529858785,3.4924544245954294,2.9570780773265266,2.850160095972078,170.59679104179972,0.1223785471422885,43.505433783864724,35.07712675701873,145.93186372745492,$HR$,[bpm],5.20948919110215,9.069738680303358,12.938082419824374,12.877000725604487,12.898586165611876,1.9024931359024482,3.687145623760252,9.672793272502895,8.465948556809582,8.859882776757226,11.468654138221957,10.810266535274796,5.8732986312956985,1.4179630636392113,0.1501451082586061,0.4580905765978341,7975.605779348763,3.121456645602389,0.38239785779027463,1.0951864247954755,0.8347647328401355
176.90179352372823,147.8165595782496,162.74557757313212,200.75245725162594,54.54002882801972,125.51806554463903,30.13183887853874,17.50710962123244,23.47829729272533,33.58612276793302,54.53850767419287,155.67716176339673,108.55542246304412,61.327949192604706,91.50745905907685,45.58678077748424,6.588649286021619,5.726109199071081,0.8625400869505382,1.362166821994598,0.6809669987660041,0.20579459030636402,0.06353064829141579,10.619963043858908,4.183527904146618,3.485383740335167,2.9510513993771204,2.8501658404894976,170.6262708641195,0.12209351695987741,43.4519354575483,35.03308196039846,146.27254509018036,$HR$,[bpm],5.208595277987692,9.061094840195558,12.940561256922592,12.879534639418004,12.901114611609533,1.9016597259408339,3.6817467130825277,9.668285286046112,8.462933399062203,8.855933916816367,11.46548634781527,10.81536852917239,5.869794861297726,1.4187410875613158,0.14979540736253869,0.45809057659783403,7977.708825966251,3.1284594916910082,0.38309975414525155,1.097641213450834,0.8362969546120608
176.91946795080796,147.88962783272996,162.7870592477143,200.79396413352873,54.42756594547279,125.41327810611871,30.124633014958928,17.515966894027002,23.478213870749762,33.581753134860996,54.42603637166752,155.5510770865955,108.48625763162829,61.31907198568649,91.45052770565852,45.62467242140103,6.57767756313265,5.71630320418935,0.8613743589433003,1.3597262305805262,0.6794214133988842,0.2053503618595412,0.06350100356456462,10.59844092227472,4.175063542752585,3.4783321365365163,2.945045242985619,2.8427305971712786,170.2100770176039,0.12201453378411459,43.39856733464761,34.98917358275087,146.61322645290582,$HR$,[bpm],5.207693359864422,9.052481285488005,12.943021751062687,12.882051113620093,12.903625222814835,1.9008365014057875,3.6763768747524344,9.66380848198038,8.45994568813468,8.852017211568171,11.462370431997849,10.820522455740178,5.866323065805926,1.4195308296302398,0.14944733164832827,0.45809057659783436,7979.801051244068,3.1272770343639027,0.3838018527432752,1.100096167211824,0.8378296178753781
176.93702018597463,147.96212204784248,162.8283726993674,200.83553378770688,54.31551707997886,125.30887529898871,30.117482503712477,17.524866155784757,23.47813086298796,33.577364792392196,54.3139518684485,155.42550329728405,108.4176489818243,61.310459083618525,91.3940835646606,45.6626970225423,6.571098089258949,5.710885175761889,0.8602129134970598,1.3572934429838877,0.6796517504152543,0.2049076906810933,0.06347154244779278,10.577002130437688,4.166631289828438,3.4713075913597486,2.939063249249501,2.842730597171279,170.2389268287926,0.12152742128598731,43.34530730595202,34.945327964974716,146.95390781563125,$HR$,[bpm],5.20680180641811,9.04390694832869,12.94548717638707,12.884572187067763,12.90614055517709,1.900020238349665,3.67103361429221,9.659366047299168,8.45698657033685,8.848133256571472,11.459291628493885,10.825725050117335,5.862883794568438,1.4203278403395776,0.1488966220461929,0.45809143558819293,7981.877489929559,3.134259526207181,0.38450501653265207,1.1025524294584912,0.8393630324892336
176.95417462670625,148.03431281340858,162.86927849815405,200.87643186661788,54.20385200074892,125.20472110426559,30.11033848913309,17.53360418162779,23.478029984858296,33.572998508452244,54.20222461040269,155.30036579900104,108.34937185262936,61.30210758672097,91.33794866406035,45.70080776585244,6.564528334299684,5.705473371807829,0.8590549624918542,1.3548652681957454,0.679880004896868,0.2044662716611723,0.06344224967697984,10.555638531546466,4.158229032557293,3.464308042387211,2.933101456601962,2.84273059717128,170.26751097943568,0.1212463374544415,43.2921790190404,34.90154342621087,147.29458917835672,$HR$,[bpm],5.205916644897307,9.035351419378054,12.947931002875961,12.887071802910217,12.908634355248298,1.899209750163942,3.665706584906259,9.654944132199587,8.454047008921107,8.844272000389369,11.45623586970491,10.830975669196171,5.859473853084776,1.4211292879637774,0.14855223530132414,0.4580926979429729,7983.93411233476,3.1412437436565055,0.38520920932026126,1.1050092987292808,0.8408979471840767
176.97119112056777,148.10604100158648,162.90993928477968,200.91735541097705,54.092612068604026,125.10100026221389,30.103238730743293,17.542384040435813,23.47793099562205,33.56865082445814,54.09089660853295,155.17571652356858,108.28146500833313,61.293685911469964,91.28217595666014,45.73882203688001,6.557981496939472,5.700079639796457,0.8579018571430146,1.3524449590046752,0.6801077400995754,0.20402650442890616,0.06341327489752252,10.534359343815034,4.14986025495607,3.4573366255795457,2.9271624632794175,2.842730597171279,170.2960253196578,0.12096655087418828,43.23915232909806,34.85783589104127,147.63527054108218,$HR$,[bpm],5.205047820323659,9.026828520753138,12.950374434805823,12.889570494676892,12.911127475405069,1.898403085320856,3.660400578079815,9.650558321461531,8.451130696625796,8.840438493825367,11.453227685789008,10.836262381284097,5.856085683350486,1.421935863277798,0.1482094379618206,0.45809395808645903,7985.977417022163,3.1482307621542933,0.3859144085377269,1.1074671533373612,0.8424350544804409
176.9876565729775,148.1771074425564,162.94999726065754,200.95736481363517,53.981688251244364,124.99735098190364,30.096148907089123,17.551151884317786,23.477798473041346,33.564285826654654,53.98001648182415,155.05153392262562,108.21379431532837,61.28518456792221,91.22693598400863,45.77679971627321,6.550131967581957,5.694677355121086,0.8554546124608715,1.3500249287332933,0.6803317196899125,0.20358826247116546,0.06285670194382294,10.51312531494524,4.141507965259282,3.4503788097785555,2.921238539907403,2.842730597171279,170.32406476978062,0.12048521552217062,43.186265810592666,34.81424215303891,147.9759519038076,$HR$,[bpm],5.204172633083379,9.018315136723938,12.952802585117073,12.892053348766233,12.913604949086217,1.8976007320844843,3.6551179849726956,9.646185438076651,8.44821982108099,8.83661393565383,11.450256062034056,10.841549213587735,5.852711972925184,1.4227447200064578,0.14786821904993666,0.45428109506460523,7987.991704352473,3.1552193028319078,0.38340071215471055,1.1099255434094168,0.8439724133802784
177.00391679954774,148.24787288884787,162.98979904605156,200.9973628514136,53.87121276456075,124.89415084233346,30.08909378463079,17.55981443401785,23.477674113212963,33.55996816975705,53.869452271446846,154.92779478622714,108.1466639872873,61.27706608042305,91.17185857949,45.81479261764462,6.543603578489608,5.689293746263979,0.8543098322256297,1.3476138769072017,0.680554312631001,0.2031513286093388,0.0628282779864456,10.491980545658354,4.1331918582218234,3.4434510707016686,2.9153376167348615,2.8427337705369617,170.35202113893982,0.12020846256123602,43.133495364861275,34.77068291443581,148.31663326653307,$HR$,[bpm],5.203291947314905,9.009837920829687,12.955204918214436,12.894511016410972,12.916056991708151,1.896805365065761,3.649850497320241,9.641847810205755,8.44534202653208,8.832825917527906,11.447335543702653,10.846840489434959,5.8493778814233925,1.4235535535926231,0.1475285676887897,0.4542810950646053,7989.996907224732,3.16220876413991,0.38410074677781614,1.1123830155725778,0.8455133857665627
177.02018306329177,148.31826015696672,163.0295386488856,201.0371721048781,53.76103650628897,124.79140850045395,30.082126056440615,17.568504500735067,23.477577259838363,33.55568704022641,53.759387555182855,154.80476712001348,108.0799474528956,61.26904748236067,91.11758029298957,45.85304471730774,6.537103473793699,5.683931550911714,0.8531719228819847,1.3452120711057245,0.6807763642242406,0.20271681099184716,0.06280023083009786,10.470902445564446,4.1248993625429735,3.4365426831351424,2.9094603998863326,2.842739551675217,170.37998338941088,0.11973107071195342,43.08071937988696,34.72721709758816,148.6573146292585,$HR$,[bpm],5.202427610008076,9.001399306761655,12.957628420080573,12.896989417341224,12.918529791182227,1.8960197553393148,3.6446219974909533,9.637547869471014,8.442490210385886,8.829070009916519,11.444450559491742,10.852237535143285,5.846067364992993,1.4243761937899744,0.14719047310120414,0.454281594804656,7991.971318710452,3.1692094212037714,0.38480143192047567,1.1148433979244305,0.8470548583108297
177.03600908182287,148.38836670174695,163.0688459663872,201.07665481342525,53.65147197128906,124.68892650331684,30.075188694289782,17.577228119849686,23.477473395219523,33.55147456392165,53.64975820612087,154.6821941853343,108.0136435893209,61.261337568971676,91.06350351783807,45.89141022498224,6.530612247116814,5.678574224071561,0.8520380230452536,1.342813692162028,0.6809969680296633,0.20228370376694566,0.06277240316201918,10.449917373957664,4.116646435409098,3.4296673519043184,2.9036035866442442,2.8427453683853927,170.4077610888445,0.11945730767199336,43.028257180369486,34.68386163558023,148.99799599198397,$HR$,[bpm],5.201572384089997,8.992981265893965,12.960031924786847,12.899447425900188,12.920982394276088,1.8952400761236088,3.6394028916871384,9.633273224627406,8.439662457294878,8.825341271315887,11.441608791872504,10.857658304056013,5.842789691741615,1.425204308782729,0.14685392460857194,0.45428285235944993,7993.961805742168,3.1761991764184243,0.3855028398740801,1.1172999213160006,0.8485965029757544
177.05137090700947,148.45756631568125,163.10756134698065,201.11534367169588,53.542096228798144,124.58659056214965,30.06820018803644,17.58579263073074,23.477304215387836,33.5471474844773,53.540323397108715,154.55979892323265,107.94753556816946,61.25364865149183,91.00963217894777,45.92973822512571,6.524116681823136,5.673211834152318,0.8509048476708179,1.3404172070916225,0.6812136197995636,0.20185097206808944,0.06274449446476331,10.428981161215347,4.108411527636633,3.4228075298575678,2.897762103721146,2.842751162694197,170.43503931689415,0.11918479368508729,42.97580982608945,34.64052345442124,149.33867735470943,$HR$,[bpm],5.200716659070159,8.984571961750014,12.96240794998493,12.901877483399838,12.923407230510868,1.8944585378374517,3.6341982303877485,9.629003958736277,8.436836529347287,8.821616882129582,11.438767565190554,10.863073771201949,5.839522759291944,1.426031988366385,0.14631792546837025,0.4542841061397475,7995.90583360729,3.1831969855753237,0.3862054467591962,1.1197592766292184,0.8501407853357545
177.0670612520318,148.5269742872342,163.14651683744492,201.15454177763834,53.43329885415549,124.4849519303445,30.061398795506783,17.59442769216169,23.47724122418854,33.54303391462696,53.431583094872124,154.43839126368036,107.8822321816396,61.24646832837957,90.95665619182722,45.968092728554886,6.516365890789695,5.667894285826563,0.8484716049631316,1.338035881349834,0.6814333405308824,0.20142189270379532,0.062184450777152435,10.408138372126707,4.10021214528853,3.4159762316379223,2.891949995200253,2.8427569475862264,170.46269686349586,0.11871299152052932,42.923500411563055,34.5973450368605,149.67935871743487,$HR$,[bpm],5.199876351710901,8.976224886293432,12.964809933101177,12.90433424905322,12.925858414722388,1.8936927790096638,3.629034500322321,9.624799535229823,8.43406813362452,8.81795594712642,11.436018116135086,10.868571408960973,5.836310060038819,1.4268773365962584,0.146185423679841,0.45042447703368665,7997.861906647041,3.1901960110823113,0.38362036314869724,1.1222190535110974,0.8516863152621406
177.08209142643378,148.5956167931638,163.18481076387212,201.1929060604563,53.32466510649199,124.38341758271406,30.0545275720254,17.603047160221013,23.47710143984099,33.53882353866357,53.32300076776033,154.31718177440084,107.81695052550984,61.23916748929553,90.90374441093526,46.00632100964226,6.505387716817034,5.6580378168015155,0.8473499000155187,1.3356552976380536,0.6798072295170339,0.20099296714120454,0.06215739871876246,10.38734739921319,4.092032916450928,3.4091622679302818,2.8861522148319794,2.8350817641176365,170.02918952944245,0.11864347883265705,42.87120111572065,34.554156675641096,150.02004008016033,$HR$,[bpm],5.199022697041243,8.967882348844205,12.967175522490255,12.906754228320942,12.928272928306317,1.892927921896469,3.623881553713875,9.620598054883443,8.431295813941851,8.814293865776152,11.433294379163689,10.874059425199412,5.833099052381104,1.4277189691750938,0.1458534503693204,0.4504244770336855,7999.768396537055,3.1885655388530947,0.3843179122732132,1.1246820388778005,0.853234963615158
177.09672062548148,148.66367424494226,163.2226754678426,201.2308381269325,53.21643163945413,124.28206203735925,30.04768716485607,17.61156547387244,23.476949906472544,33.534607074401094,53.21479674219483,154.19638024908184,107.75210947532052,61.23219323120848,90.85120191408288,46.04471836914541,6.498939982698959,5.652708041677765,0.8462319410211938,1.3332778352124706,0.6800181166890595,0.20056539453539293,0.06213051644883219,10.366626380582671,4.083881738531957,3.402371665907033,2.8803729761436774,2.8350817641176382,170.055560383534,0.11837466114104635,42.81907683786035,34.511054446436454,150.36072144288576,$HR$,[bpm],5.19817405338865,8.95956062910533,12.969526088083617,12.909159005727785,12.930672336596539,1.8921686744339148,3.618747184665723,9.61641672361032,8.428544614544052,8.810655863080964,11.430600059178701,10.879579031798077,5.829920524986736,1.4285673176765568,0.1453233614008124,0.450424693570419,8001.661053924335,3.1955460962823463,0.38501617136477373,1.1271442456182195,0.8547847772572901
177.10970414170532,148.73008166348924,163.2588765762191,201.26692820778308,53.10856408334542,124.18051099758101,30.04096638884654,17.62007819603585,23.476847093934218,33.530555738875485,53.10731541440267,154.07649558343616,107.68721696102693,61.225026885964226,90.79927934071152,46.08339922934021,6.4924590480743145,5.647335532828522,0.8451235152457932,1.3308941389002837,0.6802178663145623,0.20014116337169482,0.062104168029034165,10.345882938462834,4.075720893544529,3.395571847447095,2.8745901974712136,2.835081764117639,170.08053474784936,0.11790789011527038,42.767229460329695,34.468148573410254,150.70140280561122,$HR$,[bpm],5.197301203828726,8.951227181861983,12.971900453215358,12.91158070829782,12.933091609801203,1.8914193166081255,3.613644081117616,9.61221908850205,8.425778445102702,8.807008609145242,11.427886364641948,10.885183234818209,5.826722145091782,1.429424457814227,0.1449948378444541,0.4504259441420192,8003.535108351855,3.2025067460105885,0.3857141093586952,1.1295994304443995,0.8563319106616106
177.12363187920292,148.7970150731836,163.29590370115304,201.30398497934547,53.001088799873024,124.07966444428689,30.034108958039923,17.62856255520714,23.476625584099075,33.52627295879187,52.999721842955196,153.95634539603188,107.62288446657945,61.218264922740715,90.7471624704135,46.121816748127586,6.486028569193946,5.642018142678897,0.844010426515049,1.3285253793405907,0.6804250851630261,0.19971540057416307,0.06207745573276741,10.325309615923857,4.067629059276572,3.3888318534694806,2.868848703177802,2.8350817641176382,170.10643910185922,0.1176419442307063,42.71537083634771,34.425162344962516,151.0420841683367,$HR$,[bpm],5.196466273223361,8.942944762081689,12.97422461439695,12.913957771263133,12.935463863578665,1.8906646527049458,3.6085374133448096,9.608077923337701,8.423052974353016,8.803403083026835,11.42523337702782,10.890724317998444,5.823565662809377,1.43027028527347,0.14466779628370638,0.4504271907487507,8005.394915523908,3.2094895209448366,0.38641454464971153,1.1320624193509725,0.8578845873122576
177.13732681316955,148.8637974353992,163.33265634006378,201.3407103574058,52.89393727020078,123.97909087144093,30.027334918293946,17.636980703642102,23.476425548025542,33.52210437529823,52.89261173189878,153.83685295341684,107.55897527815523,61.21172716374836,90.69569078227639,46.16032643704812,6.478289475202702,5.636709710772057,0.8415797644306457,1.3261616045270155,0.6806309608274792,0.19929180569938215,0.06151297658949823,10.30479142852502,4.059557186731161,3.382107830794171,2.8631264109996852,2.8350817641176382,170.1321716389821,0.11737719534906453,42.66359504527155,34.382276233845694,151.38276553106212,$HR$,[bpm],5.195623363562447,8.934690225636967,12.976546252366159,12.916332286184526,12.937833473616044,1.8899185098528508,3.6034618163738776,9.603968700701728,8.420351498522548,8.79982630032505,11.422620070851698,10.896313880764998,5.820437407296601,1.4311272778172546,0.14434222671303884,0.4465219956601567,8007.230503789513,3.216477736756243,0.383758129681729,1.1345273273828511,0.8594383555828309
177.1506608287514,148.92997256991413,163.3690150528928,201.37705528478114,52.78717347484609,123.8788333756609,30.020545216983486,17.64533824709841,23.476190121472793,33.51786986972758,52.785780369780234,153.71767599288475,107.49535643841817,61.205030862800925,90.64436801364239,46.19858420365931,6.471885635947795,5.631410091682342,0.8404755442654526,1.3238037368410125,0.680834511810346,0.1988690720118451,0.06148684029118441,10.284348799593586,4.051515815344688,3.375409764791387,2.8574232194575093,2.835084314277641,170.1576863152762,0.11691580832022139,42.61193945439387,34.33943430957385,151.72344689378758,$HR$,[bpm],5.194782254835208,8.92645366059562,12.978850646322435,12.91868898047187,12.940185432993756,1.88917622847398,3.5983980580285997,9.59987788272486,8.417661125703392,8.796263918039887,11.420033209063927,10.901882157465156,5.8173231005966635,1.4319843302646096,0.1440181192167871,0.4465219956601572,8009.051911383964,3.223466518743592,0.3844531034971499,1.1369914123929354,0.8609947712178389
177.16387551969947,148.99588370637454,163.40522065838363,201.41329863194446,52.680851380741366,123.77898025528764,30.013837635799288,17.653758011947524,23.47598977693232,33.513734110972365,52.67940771760451,153.59911314730456,107.43226972243423,61.19863415204216,90.5935518062426,46.237035272646786,6.46550592613292,5.6261282361893095,0.8393776899436105,1.3214538812494794,0.6810372716730042,0.19844842327907922,0.06146120677929903,10.263981323743387,4.0435036925993675,3.3687354818336197,2.8517421493104003,2.835090160654516,170.18319729806873,0.1166538725345804,42.560417990267716,34.296687421029525,152.06412825651302,$HR$,[bpm],5.193954724807793,8.918252471650847,12.98114945038123,12.921040604494145,12.942532073287031,1.8884437325398478,3.5933606346927207,9.595825409475149,8.41500693325832,8.792741618129057,11.41752370777828,10.907530203697526,5.814250116734327,1.4328505504449862,0.14369546396814642,0.44652199772058837,8010.867741023356,3.2304564720888873,0.3851491012109532,1.139454581346752,0.8625534759251898
177.1763336059885,149.0610225001356,163.44058065479643,201.44853585921177,52.57473041763423,123.67908171776149,30.007087663897266,17.662063524699413,23.475714160639853,33.50951635814135,52.57329615271887,153.48075587608164,107.3691227572348,61.19215189661493,90.54291645173572,46.275495734410384,6.459104685073427,5.620824256046939,0.838280429026488,1.3191007407210105,0.6812343227127046,0.1980282535859501,0.06143533544920759,10.243651121462797,4.035506249216462,3.3620736454305544,2.8460712268157815,2.8350960036262576,170.20799127961175,0.1163931077965018,42.50899156707112,34.25399871966089,152.40480961923848,$HR$,[bpm],5.193119889082721,8.910049108634487,12.983411235444075,12.92335437970327,12.944841232182869,1.8877093239645995,3.588333808717992,9.591762996294737,8.412341295556196,8.789210464397005,11.415008691070168,10.913200144804419,5.811177448057459,1.4337182418719154,0.1433742512281782,0.44652323779630093,8012.641780082331,3.237448674059617,0.3858457705104286,1.1419185346523455,0.8641112888428156
177.18872732618323,149.1257214382723,163.4758284362158,201.48374775562266,52.46907488221731,123.57962122417337,30.00036882712724,17.670317820646503,23.475444362091846,33.5053131097766,52.46754206900416,153.3628718734526,107.30655803894541,61.186010066784945,90.49263837807071,46.31406501937185,6.4527308461176744,5.615543348243798,0.8371874978738769,1.3167564698798202,0.6814318830648133,0.19760952725946804,0.06140978081934369,10.223407930417288,4.027543364411197,3.355440806360845,2.840423759645244,2.835101846565859,170.23284536776376,0.11593700287561778,42.45770812570985,34.211371649520075,152.74549098196394,$HR$,[bpm],5.192300690875046,8.901881714744203,12.985670956351985,12.925666294766037,12.94714841961684,1.886981258408545,3.583329620163994,9.587737874953145,8.409708635964268,8.785715891835086,11.412533548596988,10.918875280162565,5.808141907174702,1.4345919210642732,0.14285796795012565,0.44652447482120416,8014.414604253715,3.244441525792151,0.3865436021177422,1.1443827069994408,0.8656717020327288
177.2006030722527,149.19002362877313,163.51053643600287,201.51822649044365,52.363511181282405,123.4802123346793,29.99359670175466,17.678540893172425,23.475094454195762,33.50104147732429,52.36197063624186,153.24515272537425,107.24402949972463,61.17981530865546,90.44259953663996,46.3525856634467,6.445011270298105,5.610252635748063,0.8347586345500417,1.3144121747325102,0.6816254820756454,0.19719099411539076,0.06084097114885386,10.203211887939224,4.019597572434432,3.3488233029118675,2.834791012592923,2.835107655969667,170.25720018898562,0.11567899409843684,42.40639871865216,34.16876142900133,153.08617234468937,$HR$,[bpm],5.191458290102857,8.893711519906914,12.987920035346372,12.92796624398561,12.94944417073013,1.8862530413506295,3.578338779090914,9.583713046637808,8.407071697256482,8.782219499244384,11.410063568731546,10.924541584739599,5.805110871521823,1.4354606507565297,0.1427361147519695,0.44257499006592343,8016.129497270867,3.251447359967047,0.38381621752509837,1.1468514619262256,0.8672343131452758
177.21282253616226,149.2542340647121,163.54551366309752,201.5533232473778,52.2587058483086,123.38163578583506,29.98705418317456,17.68686112613779,23.47489786092365,33.496992193833115,52.25712627038551,153.12854681951595,107.18245328069963,61.17418460977347,90.39325916378279,46.39122390270016,6.4340083864828435,5.600329317297819,0.8336790691850249,1.3120863200205797,0.679917467498859,0.1967766260205111,0.06081649153437708,10.183127141855927,4.011697221854611,3.3422420585447123,2.829187861456604,2.827187933097088,169.8060812670528,0.11561776185898592,42.35533555335486,34.12631240599316,153.42685370741484,$HR$,[bpm],5.190645021690307,8.885620509022397,12.990184280785169,12.930282639089008,12.951755824109565,1.8855443234767475,3.5733830874510284,9.579767971784186,8.404505050952437,8.778799357932618,11.407678317805175,10.930265505535516,5.802140530584054,1.4363440767092925,0.14241917196842932,0.44257499006592294,8017.888817127267,3.2493357520170725,0.3845088968470894,1.1493172116285655,0.8687994249060833
177.22402880232573,149.31749976853527,163.57947784802684,201.5870583661675,52.15404528033575,123.28280235233676,29.98036865486493,17.694982018323785,23.47455888764021,33.4928065852525,52.15237246780182,153.011831361682,107.12065426772307,61.16834380264223,90.34379862666395,46.429583395965956,6.4276497730349105,5.59505345580604,0.8325963172288706,1.3097525793862959,0.680106548990143,0.19636138368190892,0.06079159080137184,10.163073704846074,4.003809408979595,3.3356721763467934,2.823592119519684,2.827187933097088,169.8296907172507,0.11516640634927133,42.30439630280451,34.0838822747808,153.7675350701403,$HR$,[bpm],5.189818832430123,8.877504075856761,12.992393436740503,12.932543055703652,12.954011869264798,1.884830975339619,3.568426967987328,9.575795759209598,8.401910088008801,8.7753530517045,11.405289678517125,10.935990327644895,5.799158730037187,1.437219804565306,0.14190843629816993,0.44257499006592255,8019.5989866937125,3.2563090706462146,0.3852023425133085,1.15178373270681,0.870366268224808
177.2360404769879,149.38123217899752,163.61404399745416,201.62181271772502,52.05002159879703,123.18488490072107,29.973928875221578,17.703249128813365,23.474377394279664,33.4888520448901,52.04836293932848,152.89625573650375,107.05992478264093,61.16310482530647,90.29553822721499,46.46843870657963,6.421369163041165,5.589842661751944,0.831526501289221,1.3074400096180583,0.6803009097933008,0.19595046910454925,0.06076762085041867,10.143104761432047,3.9959511706468285,3.329125123294123,2.818028467491094,2.827187933097088,169.8539559424577,0.11491181221299857,42.25357814048853,34.04162037102261,154.10821643286573,$HR$,[bpm],5.189027470365076,8.869462915558387,12.994645450414785,12.934847931104738,12.95631162591639,1.8841332786565417,3.5635253942876792,9.57190882679411,8.399389979163987,8.771987792791027,11.40301647101586,10.941863906280682,5.796240901305081,1.4381195868867187,0.14159472454042366,0.44257606436294805,8021.335993882749,3.2632831020070765,0.38589646886849505,1.15425050588422,0.8719325330527338
177.24648203303238,149.4433401118741,163.64713646343935,201.65452385832305,51.94577465436552,123.08644347333816,29.967270586639255,17.711375770251518,23.473999832834597,33.48464220510801,51.94421850713528,152.78035274930642,106.99871513930002,61.15764303856382,90.24677834358401,46.50697959250781,6.415021165076016,5.584571108660788,0.8304500564152284,1.3051131316054942,0.6804848800452327,0.1955375659195215,0.060742944818376186,10.12315770570845,3.988103583181678,3.3225887038657564,2.812465418661016,2.827187933097088,169.87692075283672,0.11446400506598181,42.20267739364614,33.999279077702674,154.4488977955912,$HR$,[bpm],5.188206029815988,8.861384419219377,12.9968216039911,12.937074593780588,12.958534072359734,1.8834264882772531,3.5586088933724325,9.567972857941502,8.39682477882694,8.76857741843642,11.400690429144884,10.947648045869864,5.793304703223376,1.4390049726119012,0.14128239674527807,0.44257729034815874,8022.967640504912,3.2702740864518085,0.38659218311569665,1.1567232755090797,0.8735020787252308
177.2566924031199,149.50530099991482,163.6799665120674,201.68721290982486,51.84206444843455,122.98828571883374,29.960564818443327,17.719341371535,23.473549562796467,33.48034161871594,51.840264428681955,152.66454761294395,106.93769138389558,61.15222180103069,90.19802704626694,46.545395674456344,6.407337128796268,5.579311438494828,0.8280256903014407,1.3027918895714539,0.6806680447760368,0.19512471607664247,0.060170279980853746,10.103308128204635,3.9802963949144194,3.3160879068933506,2.8069238263968628,2.8271879330970893,169.89978192714963,0.11421207755612658,42.1520343546798,33.956976416105775,154.78957915831663,$HR$,[bpm],5.187372986952399,8.853319417621076,12.999000377860389,12.93930248906298,12.960758314244787,1.8827200020867247,3.553696628120437,9.56405831520984,8.394269396952298,8.76517900723949,11.398374483062998,10.953357075611356,5.79038278929232,1.4398858916839308,0.141165352225569,0.4385848640400071,8024.6113386715115,3.277257256916203,0.3837942191063013,1.1591932812637884,0.8750740177647628
177.2672992988355,149.56720471742727,163.71309888193727,201.72015921459817,51.73891209442341,122.89087337992811,29.9540743425525,17.727444126032886,23.47324112815612,33.47627053449738,51.73702957494372,152.54983232640453,106.87758375375651,61.147290883488274,90.15023989523706,46.5842506437879,6.4010615463082035,5.574099612173445,0.8269619341347587,1.3004868743325089,0.6808544314290539,0.1947159469856642,0.06014662786586379,10.083538167975146,3.9725189566252683,3.30960969986406,2.8014095114858186,2.8271904872887346,169.9231188365261,0.11396125656162276,42.10150898225611,33.91483870283394,155.1302605210421,$HR$,[bpm],5.18656907247926,8.845324595173345,13.001194506520246,12.941547572527448,12.962998949251046,1.8820320093293441,3.5488315389615708,9.560209426496309,8.39177291930555,8.76184576012317,11.39614609941248,10.959194449133859,5.787513322587541,1.44078873512511,0.1406618565709673,0.4385848640400072,8026.270912283199,3.2842422068406996,0.384484443000884,1.1616628669369484,0.8766477699645645
177.27605893237455,149.62718676220845,163.74437096800483,201.75128124584347,51.635947694016195,122.7930725825816,29.947662660857713,17.735565433738916,23.472955461239863,33.472337148763586,51.63443421393283,152.4359208637968,106.81720938567517,61.14215248233413,90.10307840647488,46.62311402670743,6.394734067905748,5.568827458819461,0.8259066090862868,1.2981718962920068,0.681026257699644,0.19431009933007315,0.060123481599311704,10.063722002892678,3.9647215458120115,3.303113408464315,2.7958870486163505,2.827196371667814,169.9447359697175,0.1135184761754427,42.0511895402647,33.87287846679443,155.47094188376755,$HR$,[bpm],5.185728526207136,8.837304972648818,13.003400153015413,12.943797652467877,12.965247361980204,1.8813532453172874,3.543996264221698,9.556321340837677,8.389246108057984,8.758486548529548,11.393869029846654,10.965119157689617,5.784621239892931,1.44170730195212,0.1403536261556919,0.4385848640400071,8027.8894230496535,3.2912097784430023,0.38517426193163856,1.1641249300632974,0.8782205988223604
177.28565000507726,149.68791778343987,163.7763609847604,201.782912583301,51.53323097697427,122.69587035521693,29.941104761669944,17.743465232810085,23.472526649121704,33.46813518597631,51.5316519906191,152.32166159613192,106.75717435392521,61.13704584073674,90.0557377391878,46.66165407248254,6.388444766345065,5.5635999511022645,0.8248448152428007,1.2958690819733305,0.6812040688812485,0.19390231674356326,0.06009964067220946,10.044043440428549,3.956978555232361,3.296664598738186,2.7904002864580004,2.8272022300651423,169.96709631042123,0.11327026857480185,42.00078684619161,33.830810044109775,155.81162324649299,$HR$,[bpm],5.184918721406716,8.829323398733806,13.00554822939414,12.945995531219754,12.967441230224773,1.8806648617630284,3.5391582815155975,9.552469863066564,8.386742970990792,8.755151837501133,11.391640564518932,10.971005347600384,5.781749651144856,1.4426066457437743,0.14004674362904923,0.4385858208736819,8029.476369658816,3.298203762662675,0.3858664034210718,1.1665963359779468,0.8797968038556496
177.29574125341674,149.74879313971044,163.80876547377844,201.81544237861775,51.431160736457635,122.59948663114173,29.934754270807147,17.751487100210333,23.472236425766553,33.46422504100313,51.429643170386534,152.2085560965171,106.6980039340826,61.132283220244354,90.00925238209658,46.700593833197765,6.382224613827091,5.558428536633782,0.8237960771933095,1.2935834446570993,0.6813875051940317,0.19349876045700096,0.06007688067849075,10.024467438247362,3.949275912688364,3.2902478793926693,2.784943646166327,2.8272081010590964,169.9901558508788,0.1130231440155396,41.95055146617025,33.78893045787416,156.15230460921845,$HR$,[bpm],5.184140710017278,8.821410109001322,13.007722882424785,12.94822135798386,12.969662461504601,1.8799954827355982,3.5343601414765224,9.548685093502215,8.384297946674126,8.751882109127141,11.38952182561865,10.976983169546806,5.778929812670931,1.4435242942978854,0.139548983937554,0.43858703613135597,8031.094277725008,3.3051977325951953,0.3865590744069313,1.1690677213881213,0.8813736899673378
177.30488879932895,149.80890811374337,163.8402616446018,201.84669527148478,51.32936716909201,122.50295702653851,29.928286019151667,17.75945087664819,23.47181538469887,33.46011687458563,51.32769090815756,152.09531085604326,106.6386290881337,61.12729998661486,89.96241953945925,46.7392370881997,6.374617110262291,5.553232133563688,0.8213849766986028,1.2912935441452091,0.6815650467343386,0.19309429636200354,0.059501222621168325,10.00494856973935,3.941598297744343,3.283853588427361,2.7794966835676433,2.8272139800034677,170.0124773908088,0.11258529764305895,41.90051278351774,33.747056775957226,156.49298597194388,$HR$,[bpm],5.183331566688111,8.813486822351509,13.00985527765066,12.950403292090297,12.971840449699,1.8793213710533947,3.5295578736619357,9.54487391724223,8.381826104946992,8.748587507904897,11.387349559060555,10.982847719302047,5.776097826406851,1.4444290164158147,0.13943698702981916,0.43455308453573804,8032.685936341472,3.3121872870698836,0.3836899618967531,1.1715375314696983,0.8829530281822175
177.31446364049452,149.86898284906943,163.87209086672428,201.87861600150666,51.2279960708232,122.40714072767994,29.92198862321224,17.7673809513273,23.471503216320706,33.45620787999707,51.226325073741,151.9829834278795,106.58005391125683,61.12289130257879,89.91656551371129,46.77833981814066,6.363577113586322,5.543233553699943,0.8203435598863795,1.2890192146898403,0.6797749128304614,0.19269318249234219,0.05947899632325923,9.985510609864793,3.93395040334679,3.277482959538781,2.7740772469792248,2.8190451473630613,169.5435931847848,0.11253211578955846,41.85049643859462,33.70530300061482,156.83366733466934,$HR$,[bpm],5.1825501162941885,8.805621049174615,13.012020344239758,12.952618665949242,12.974051550130847,1.8786630801684523,3.5247954903676253,9.541125255108899,8.379412550209919,8.745355516701855,11.385274233944923,10.98884258501818,5.773322572323369,1.4453553663373093,0.1391340955425323,0.43455308453573804,8034.2744939932345,3.309588627093458,0.38437739050270486,1.1740105085543775,0.8845349490807568
177.32391498068353,149.9288171845997,163.90367483202948,201.91013166784577,51.12701163750137,122.31163049989577,29.915696809356657,17.775301128965406,23.471174116677986,33.452306479148376,51.12528419524242,151.8710537841436,106.52170286868888,61.118529755722896,89.87098556089983,46.817353699949386,6.357398769303492,5.538093219786076,0.819305549517416,1.2867517759395681,0.6799527849490807,0.1922932627868337,0.059456960594229696,9.96613812723735,3.9263278243760653,3.271133523294706,2.7686767795665777,2.8190451473630613,169.56577339845347,0.11228819816002607,41.800613260196,33.663613257011754,157.1743486973948,$HR$,[bpm],5.181773801775576,8.797781078164409,13.014174939133557,12.954823520146807,12.976252015008617,1.8780085401739564,3.5200523530150694,9.537395671085553,8.377011616710154,8.742139641813989,11.383197079947738,10.994859272634807,5.770561976317949,1.4462840079966015,0.13883251711282138,0.43455308453573754,8035.854754968403,3.31655944612413,0.3850657011851062,1.1764832674731882,0.8861188998266988
177.3325267565402,149.9878176480921,163.93441891436612,201.94075079203301,51.02609173312954,122.2159516180451,29.909314479477324,17.78314561215283,23.47072493074405,33.448239503744446,51.02440007653571,151.7591835991575,106.46318586315144,61.113979059530834,89.8255225647835,46.8560729537786,6.3511906565264535,5.5329248180569195,0.818265838469534,1.284478658358181,0.6801249262178025,0.19189308099712526,0.059434495616506454,9.946791525293053,3.9187144176020703,3.264792423710299,2.763284683980681,2.8190451473630618,169.5872362270559,0.11185478235300857,41.75076252942711,33.62195213919099,157.51503006012024,$HR$,[bpm],5.1809878238686995,8.789928111572411,13.016291366998692,12.95698915200711,12.978413655889074,1.8773488999333032,3.5153174826092513,9.533636747018452,8.374582342764736,8.738897613883994,11.381092104242594,11.000883836271337,5.7677898669204986,1.4472099343209541,0.13834168992893395,0.4345539710998462,8037.376373194353,3.323539594488452,0.38575454004005977,1.1789593357869046,0.8877022549436697
177.34183095357753,150.0471218103404,163.96577047846833,201.9722142008117,50.92591515590272,122.12127861571223,29.903151458517918,17.79104211341792,23.470431100890767,33.44446758434434,50.924163328936075,151.64835838208907,106.40566387131526,61.10995811767093,89.78070426113004,46.89512703689007,6.345067720238453,5.527829353923679,0.817238366314774,1.2822272230260139,0.6803050346665387,0.1914967508803177,0.059413154125687984,9.927581326386417,3.911157244555441,3.2584974085764458,2.757926673254528,2.8190451473630613,169.60968950805326,0.11161337936963911,41.70109888560449,33.58042505190128,157.8557114228457,$HR$,[bpm],5.180239185838202,8.782157694286992,13.018448640741465,12.959196414307208,12.980616603663403,1.876708589761823,3.5106164525811554,9.529965728535776,8.372228367645993,8.735736675033678,11.379104501367935,11.00697681644763,5.765078232397972,1.4481519560579776,0.1380431233771005,0.4345551734928446,8038.946566794504,3.3305182437824907,0.3864449758000453,1.1814348723353587,0.8892886320830063
177.35066486943208,150.10601879628524,163.99661916371502,202.00310368812865,50.82586083919957,122.02668682796245,29.897034006974593,17.798900357441518,23.470141874726963,33.44070492402137,50.8243404991981,151.538080438717,106.34829054115643,61.10610808172313,89.73650999671182,46.93438760700734,6.337572910246515,5.522726849054816,0.8148460611916988,1.2799773270505392,0.6804807416709306,0.1911022633828324,0.05883515986582562,9.908386264433831,3.903602484107452,3.2522030616108655,2.752580718715514,2.8190451473630627,169.63159121752415,0.11137301612549372,41.651430650457364,33.53898924419318,158.19639278557113,$HR$,[bpm],5.179470258839548,8.774397968875396,13.020582782383732,12.961381060211247,12.982796629433793,1.876075337121821,3.5059444097235137,9.526301993063376,8.36987955998069,8.732584302575924,11.377139438540386,11.013112792485318,5.762384111181139,1.4491038387948563,0.13793557533770687,0.43048117996614094,8040.467844982793,3.337505522123796,0.38350550533781913,1.1839134698661005,0.8908763569361694
177.35877845950918,150.1639661817719,164.0267615890966,202.03318226326036,50.7260878802102,121.93204659835678,29.890718922086148,17.806668057079364,23.469666307339896,33.43670162931541,50.7243545146763,151.42732028884038,106.29075842708895,61.10208321033491,89.69178134157679,46.973254369540584,6.331423522589819,5.517606770906879,0.8138167516829407,1.2777253277555891,0.6806514083854183,0.1907055300221693,0.05881347472699352,9.889273341653343,3.8960832637165796,3.2459415181287463,2.747248559808016,2.8190482359115583,169.6529548886358,0.11094436106942362,41.601932629984915,33.49749200997681,158.5370741482966,$HR$,[bpm],5.178694227055204,8.76662887215877,13.022683943624612,12.963530792047033,12.9849425805186,1.8754322937926544,3.5012571240730983,9.522620327661148,8.367507832859838,8.729409680298232,11.375149247096775,11.019134399220528,5.759681979101384,1.450032696013459,0.13744983982321082,0.43048117996614094,8041.965555517894,3.3444912071530477,0.38419063629289657,1.1863902023909796,0.8924679037608908
177.36635781161326,150.22132348317825,164.05626541847025,202.06250459838182,50.626558540244865,121.8374870243693,29.88445484060755,17.814372275379327,23.469201974995553,33.43274978826978,50.624893845134885,151.3172668457546,106.23332497234252,61.0980428047733,89.64762418959897,47.01236018614558,6.325269790027557,5.512475785254531,0.8127940047730253,1.2754734200290792,0.6808175495865838,0.19031106798454997,0.05879218598822459,9.870176696378657,3.8885684728772314,3.239681879933025,2.741926343568402,2.8190541492156673,169.67383700035538,0.11070646322151992,41.55253015857,33.45612493565551,158.87775551102206,$HR$,[bpm],5.1779152014267416,8.75887338962031,13.024752103369789,12.965648087717407,12.987055851228455,1.8747964043503247,3.4965984864114397,9.518936094212073,8.365133388176687,8.72623699625666,11.373153596976117,11.025235915980769,5.756985241514426,1.4509729777254234,0.13715510631198544,0.430481179966141,8043.43399012147,3.351478786879728,0.3848757642682942,1.1888664103214175,0.8940594436638697
177.3742449112543,150.2788070917484,164.08601335361763,202.09224139200964,50.527516537632465,121.74355139678396,29.878288450214104,17.822052326370276,23.468774050618766,33.428872180102516,50.52581097886625,151.2077550391523,106.17643822837108,61.09433002745999,89.60390668782541,47.05137632187028,6.319162101682407,5.507385427635189,0.8117766740472181,1.2732348077986126,0.680986910752277,0.189918439242362,0.058771265654881104,9.851184055256216,3.88109523619747,3.2334575710480618,2.7366312480106822,2.819060058883402,169.69511771171221,0.11046958343866708,41.50323853536544,33.41482780812636,159.2184368737475,$HR$,[bpm],5.177158735105894,8.751161606888946,13.026852190971983,12.967796842137936,12.989200712087415,1.8741675602843801,3.4919614481922805,9.515297390504047,8.362797980850255,8.723106961836871,11.371209164030024,11.031388138456022,5.754326257434308,1.4519191332211456,0.1368616340895432,0.43048203592350537,8044.912202234267,3.358469391333032,0.385562285725575,1.191343682356056,0.8956524397085123
177.38170758183043,150.33565445017365,164.11531001813427,202.12142856769086,50.42875715269571,121.64978854875234,29.872127049898754,17.829743656893584,23.468328921175054,33.42501856370265,50.427069430878305,151.09864499541834,106.11970900604712,61.09065970337606,89.56046267048112,47.090348842647586,6.313059222392891,5.502296242898027,0.8107629794948636,1.27099921127142,0.681153732996071,0.18952708448487576,0.05875054945612572,9.832239866234284,3.8736408315261635,3.227248471784675,2.7313505629234434,2.8190659588691633,169.71607925345128,0.11004560305774591,41.45404423163949,33.37360797140661,159.55911823647295,$HR$,[bpm],5.176401869629718,8.743470100612344,13.028924101832947,12.969917707348076,12.991317588620248,1.8735438523892796,3.4873438455490673,9.51166779145543,8.360468464787822,8.719986227536861,11.369279474249046,11.037554275865466,5.751678915414817,1.4528697895479692,0.13656941507679235,0.43048322429058117,8046.368025045356,3.3654622647066166,0.3862496984784651,1.1938217529527524,0.8972468070387385
177.38820245211417,150.3917213412127,164.14367222707946,202.14964168238072,50.33017876345662,121.55582229764127,29.865827167194382,17.837311784267282,23.467739809054308,33.42094342179685,50.328372074970595,150.9893684766639,106.06277877311163,61.086788225396624,89.516867785985,47.12915372025885,6.305542363471499,5.497177247457243,0.8083651160142562,1.268757801535233,0.6813142502766545,0.18913476632231288,0.05816812636640916,9.813334974812456,3.8662028344627646,3.221054626120724,2.726077514228967,2.8190718615584283,169.7362529969989,0.1098111406875264,41.4049922184873,33.332394580317136,159.8997995991984,$HR$,[bpm],5.175614083616772,8.73575848115041,13.030959788962587,12.972000703916697,12.993397238917064,1.8729144246525664,3.4827230553783752,9.508005302550606,8.358109306651443,8.716836917834971,11.367302854277565,11.043631096870374,5.749021896317734,1.4538132550842597,0.13627844126349425,0.42637073829990874,8047.785498068544,3.3724548008210093,0.38324028232653146,1.196299692394738,0.8988428330111168
177.39575514621723,150.44826545998012,164.1729508030099,202.1788924890759,50.23221985310798,121.46300499136477,29.85983858286766,17.84495663889097,23.467369817427794,33.4172692473454,50.23045567417505,150.88145689213533,106.00704718043413,61.0833495857407,89.47436832045683,47.16844654229225,6.294495745191754,5.487131954908559,0.8073637902831947,1.2665426029218372,0.6794459966344878,0.18874742485843846,0.05814842485017732,9.794539554621293,3.8588063233501515,3.2148929674309272,2.720840263840215,2.8106495084966148,169.24997726117653,0.1097649875462994,41.355983129743215,33.29133792105722,160.24048096192385,$HR$,[bpm],5.174869895448048,8.72814060507424,13.033038100841672,12.974128669140915,12.995520737047842,1.8723094229206474,3.4781535925086335,9.504450089233124,8.355842604061776,8.71378636786489,11.365489359562018,11.0498571389812,5.746432790224404,1.45477990462981,0.13598870470753135,0.4263707382999087,8049.235069047122,3.3693509416089373,0.38392231552047756,1.198780186367373,0.9004424577805502
177.40064773098203,150.5022093306915,164.19958573423145,202.20530520224094,50.13426980306136,121.36920969729024,29.853700177319315,17.852499744182072,23.466846755577215,33.41338888405932,50.13271382700843,150.7735296264023,105.9503728727313,61.079320892351234,89.43165299302674,47.207643637657796,6.288348811992108,5.481988574109495,0.8063602378826134,1.2643043760582389,0.6795934182952144,0.18835965224947818,0.05812824932881996,9.775684954848913,3.8513876577204664,3.2087139460802305,2.7155833510482146,2.8106495084966157,169.2683376309224,0.10934520049242141,41.30723923151712,33.25034172193948,160.5811623246493,$HR$,[bpm],5.17406474110896,8.720455681885156,13.035093792968576,12.976225199529908,12.997616590397463,1.871697644291383,3.473583039542298,9.500796127985263,8.35349171503254,8.710653221475052,11.363557018062354,11.056048003908662,5.743780734689313,1.4557426308847115,0.1357001975341845,0.4263707382999092,8050.61931727316,3.3763000497632922,0.3846040946471332,1.2012526071133063,0.9020414866664763
177.40734483783922,150.5578123674102,164.2278957009135,202.2334719901447,50.03685710290456,121.27660534502485,29.847691824377044,17.86012432078082,23.466393499354417,33.409644100380895,50.03537188817356,150.66622971909405,105.89482088551908,61.07588012749071,89.38962736441152,47.246997701288045,6.28230746711205,5.476944209824208,0.8053632572878415,1.2620916617588442,0.679755578007094,0.1879740045798206,0.058108620333936094,9.756990851030242,3.8440310296579976,3.2025860555539207,2.710373765818323,2.8106495084966148,169.2885312253022,0.10911371003060683,41.258457853889155,33.20941393533294,160.92184368737475,$HR$,[bpm],5.173322976787702,8.712861385793895,13.037141775401494,12.97832151889,12.999708934803236,1.871095760784437,3.469043083938093,9.497242657958612,8.351221977005599,8.707606329581033,11.361739909645635,11.062337218210386,5.74119444075223,1.456713887981175,0.13522639277297427,0.4263715974315845,8052.023297321115,3.3832766689791804,0.38528764645687036,1.2037348160101462,0.9036428523330369
177.41322563115952,150.61243658809275,164.25539707646996,202.2609443368812,49.93955306624904,121.1838822965375,29.841502748847756,17.867506855849467,23.465780654087162,33.40566488672462,49.93794115974072,150.55860829746717,105.83907697820644,61.07242399833305,89.34729851368002,47.285837228186516,6.276238082660633,5.471877194261733,0.8043608883989004,1.259875705092909,0.6799117722492589,0.1875867898112265,0.05808836807450538,9.738344868817258,3.836694201721286,3.1964766947082826,2.705173972387689,2.8106495084966148,169.3079796681817,0.10888319765698681,41.20973195432601,33.16843966907259,161.2625250501002,$HR$,[bpm],5.1725675626911105,8.705253648673148,13.03915005594366,12.980376724896585,13.00176074404238,1.8704861162565523,3.464497115797181,9.493660038547231,8.348927977470362,8.704535407176484,11.359888018204408,11.06851767425663,5.738607011618788,1.457667550563353,0.13494071504498367,0.4263727681853582,8053.378427336795,3.390258207629138,0.38597260860580873,1.206218775190703,0.9052468576933455
177.41929491297503,150.66722464594176,164.28302975499705,202.2884526528842,49.84279159229962,121.09173433058517,29.835487183898096,17.874981554785034,23.465269261411628,33.401871399901765,49.841161276459395,150.45193591608918,105.78387270539652,61.06913829525509,89.30570335485365,47.32491945784512,6.2688258089520605,5.466847296131554,0.8019785128205064,1.257672117222655,0.6800706860828547,0.18720300083305977,0.05750371169560132,9.719771233769192,3.8293851863363324,3.1903890991561665,2.6999969482766923,2.8106495084966143,169.32776444707494,0.10846792443840969,41.161184012962316,33.127630410988566,161.60320641282564,$HR$,[bpm],5.171814667363098,8.697695642993278,13.041175699643746,12.98244991479136,13.003830242687476,1.8698917276404934,3.459987565437259,9.490127138246477,8.346672370556119,8.701508510757431,11.358087959636427,11.074779641315624,5.736048377409356,1.4586362292895962,0.13484197455870794,0.42222340496142524,8054.754937881846,3.397236772613574,0.38289415720499675,1.2087016763718499,0.9068520425578454
177.42534004239664,150.7216700388408,164.31058595046053,202.3161077796183,49.74637171217174,120.99995733554546,29.82954518106609,17.88250941839766,23.464787833900495,33.39817202571075,49.74475889446968,150.34584197929635,105.72911220856342,61.06621136330864,89.2646026682548,47.364212327671694,6.262827643859543,5.461835366042502,0.8009922778170409,1.2554765293162842,0.6802289040343265,0.18682101369578222,0.05748479029488475,9.701263949813542,3.8221018256259316,3.1843224040109095,2.6948397201767023,2.8106536443218513,169.34758488830644,0.10823974046174183,41.112718390651885,33.08688703297819,161.9438877755511,$HR$,[bpm],5.171073184491019,8.690170616927528,13.04319818505036,12.984520520485647,13.005896913066323,1.8693058152827917,3.455502776706305,9.486627918709928,8.34444522203205,8.698513349036226,11.356330995160777,11.081081184601022,5.733524477941032,1.459614896322207,0.1345583074918229,0.4222234049614258,8056.12083779679,3.4042198266868007,0.38357306100876676,1.2111843924860988,0.9084599681152443
177.43038564384773,150.77511996846576,164.33708947631223,202.34239872103598,49.650117244768566,120.90794496238516,29.823430887556956,17.88982129413274,23.464145778451066,33.39422497533346,49.64835220483482,150.23950371815332,105.67403891229388,61.062984862447585,89.22312348549039,47.40321766940103,6.256789739507736,5.456788093777492,0.8000016457302448,1.2532737792155682,0.680379917441949,0.18643774265318536,0.05746536536723941,9.682796093242343,3.8148359288136087,3.178271933302729,2.6896882311260053,2.8106595903570035,169.36656089968682,0.10801251453091328,41.06439594206557,33.046136985365884,162.28456913827657,$HR$,[bpm],5.170314968554815,8.6826240614025,13.045171238849829,12.98654003373414,13.007913138888613,1.8687121433719287,3.45100835485057,9.483091506915665,8.3421809949134,8.695481936954373,11.354543780849756,11.087292409075083,5.73098039949579,1.4605812815577743,0.13409087848443854,0.4222234049614266,8057.447884732182,3.411201630496296,0.3842529407418307,1.2136658748002327,0.9100702050776537
177.43584030805954,150.82882357162106,164.36391986394239,202.36924986454068,49.55425520766414,120.81660590531966,29.81747954703915,17.897184278598775,23.463593339025902,33.39048701733518,49.552485413861426,150.13399269909183,105.61960571449868,61.06009725795083,89.18244720298289,47.442537828670865,6.250804690578057,5.451784802363468,0.7990198882145891,1.251085410160634,0.6805344281984994,0.18605744954362946,0.05744657005579699,9.664403903584969,3.8075980411336303,3.1722438237623103,2.684562038689025,2.8106655258207263,169.38596979426092,0.1076016751444114,41.01609612051039,33.005506962822004,162.625250501002,$HR$,[bpm],5.169581437549157,8.675131065490291,13.047168960424385,12.988585069050945,13.009954512642006,1.868129908809871,3.4465512196866706,9.479610679412637,8.339963670113669,8.692502200596445,11.352830947981488,11.09364042437039,5.728476547844918,1.461562958651342,0.13380997337855619,0.4222242933662418,8058.773166536964,3.4181922235421554,0.38493377533869666,1.2161504782907346,0.9116807852758985
177.4409254827164,150.8818963600909,164.3903595017169,202.39561587166727,49.45870337440331,120.72544255159205,29.81151848767614,17.904556284927576,23.463013254768985,33.3867041857385,49.456885311144525,150.02877186320907,105.56530569650806,61.05732236682076,89.14192487180038,47.481848563740215,6.244825256105887,5.446784790589615,0.7980404655162718,1.2489004861075506,0.6806868271402603,0.18567799926251835,0.057427881028649076,9.646066512785952,3.800381884326659,3.166233932862367,2.6794506955969286,2.8106714482638435,169.4051133664828,0.10737673312800028,40.96792053859494,32.96493379032494,162.96593186372746,$HR$,[bpm],5.168849680229659,8.667653242190648,13.049146634440593,12.990609899747065,13.011975730402263,1.8675511760349954,3.442106617111637,9.476134667712698,8.33775151674612,8.689530212917285,11.351126918146514,11.099978361668358,5.725987345458462,1.462544769626372,0.13353024274065217,0.42222544900751063,8060.083684181318,3.4251830680655515,0.38561563843476776,1.2186351664052704,0.9132932165533877
177.44589209532793,150.93485935718434,164.4166446718079,202.4219003597798,49.36349896757261,120.63465113678343,29.805628604878443,17.911885564265965,23.462455687482016,33.38300150940955,49.36168304806839,149.9241389384767,105.51138659162255,61.05460503822742,89.10176593919893,47.52092997996307,6.237471156646545,5.441804485443604,0.7956666712029412,1.2467233957141708,0.6808394032466436,0.1853004255011651,0.05684049775206301,9.627790667017996,3.7931895408597622,3.160243558892144,2.674357567266086,2.8106773691055564,169.42427685065078,0.10715272963515751,40.91983398004032,32.92443991846076,163.3066132264529,$HR$,[bpm],5.168111577247901,8.660204987893147,13.051121638026117,12.992631973358112,13.013994102575241,1.8669807157233917,3.437683426614418,9.47268700310598,8.335558589344364,8.686581985419654,11.349450214539976,11.106338845895262,5.723515050538309,1.4635309652840685,0.13325167922039313,0.4180408805394034,8061.385833401787,3.432177223943289,0.38246892487648404,1.2211210228783793,0.9149079496315756
177.45033881812594,150.9871575616478,164.44241024827846,202.4476032344281,49.26850695333295,120.54388805474905,29.799688404179854,17.919117331648103,23.461829984615033,33.37922453071381,49.26664742283378,149.8196385607217,105.4575393026312,61.05206353663529,89.06179412549584,47.56008572058673,6.2263317911447995,5.4316385910497305,0.7946932000950686,1.2445457892358736,0.6788845323290572,0.1849229835416109,0.056822219749067364,9.609568730176836,3.7860191975323816,3.1542720709640046,2.6692774616804456,2.8019971845909195,168.9194292006125,0.10692965880442057,40.871841574378294,32.88397161822418,163.64729458917836,$HR$,[bpm],5.16737021188195,8.652763134594569,13.053074665688072,12.994631485009679,13.01599016054119,1.8664110038814394,3.433271284327185,9.469232763290746,8.33336359176026,8.68363347108117,11.347780832787572,11.112685847403965,5.72105773276159,1.4645208027170316,0.13297427552865337,0.4180408805394033,8062.65787136106,3.4285477609583888,0.38314509128478197,1.22360856742222,0.916525414429338
177.45528371493984,151.03964425414398,164.46849417045001,202.473700166213,49.17400839480329,120.45378390760594,29.793884349525417,17.92643900585899,23.461291032400887,33.37558314319064,49.1721296899165,149.71591551338156,105.40430174316731,61.049805141159396,89.02245807218735,47.599467408215126,6.220418893504723,5.426690555914312,0.7937283375904112,1.2423831012026667,0.6790358239657525,0.1845483372068791,0.056804645553450626,9.59142635580377,3.7788788959865096,3.148324930368318,2.6642225294489417,2.8019971845909195,168.93825027550827,0.10670751482303537,40.82396318286041,32.843622216985686,163.98797595190382,$HR$,[bpm],5.166651793087039,8.645375354210527,13.055053871267061,12.996657803017575,13.01801264582067,1.8658536770632324,3.4288922379535283,9.465832695206108,8.331213320863709,8.680734072086134,11.346167305276277,11.11908472766203,5.718637348883328,1.4655160697044896,0.13269802443687934,0.41804088053940325,8063.946106105718,3.4355192059828434,0.38382219671805673,1.2260965945561488,0.9181451254786523
177.4597515344834,151.09168544038218,164.49409012501616,202.49943422967993,49.079800534469,120.3638488860498,29.788115163836558,17.933734690066377,23.460738652926324,33.371995393606845,49.077942444586355,149.6125981394703,105.35122069746221,61.047406368975345,88.9833623561364,47.63889500848763,6.214510829201625,5.421743814965044,0.7927670142365808,1.240222749153092,0.6791853057107471,0.184174970423035,0.05678723048614422,9.57333241828057,3.7717582041959874,3.1423938201590484,2.6591803939255327,2.8019971845909195,168.95684413603183,0.10648629192645104,40.776197328928525,32.80334881881767,164.32865731462925,$HR$,[bpm],5.16593672244111,8.638002818157451,13.057010403526515,12.998661256774474,13.020012366395756,1.8652994831408705,3.4245279227292467,9.462440602766366,8.329067884961464,8.677843060424882,11.344562267115114,11.125557226756076,5.716226331027357,1.466514567879497,0.1324229187764614,0.41804182372289667,8065.217723099114,3.442492477478032,0.38450028426465827,1.2285852735361054,0.9197651106783236
177.46392399048932,151.14312384761448,164.5193666112984,202.52457266254092,48.985720735308625,120.27404131290128,29.78226249272627,17.940875478964692,23.460105723545738,33.368271068302924,48.98386057002288,149.5093409346068,105.29824352383841,61.04494550633224,88.94444964567084,47.67828578242889,6.208602730299075,5.416797695272075,0.7918050350270005,1.2380653849974455,0.6793320521050242,0.18380155257216313,0.05676959987783711,9.555286508117673,3.764654909738875,3.1364782069592017,2.654153391419595,2.8019971845909195,168.97509575922606,0.10608370998204467,40.728423357679375,32.76307705178615,164.66933867735472,$HR$,[bpm],5.165219883137336,8.630636518511825,13.058954366506425,13.000651832813139,13.021999258861806,1.8647441128347335,3.420177070948976,9.45904904419835,8.32692076228325,8.674952095535394,11.342969157180201,11.131983354656178,5.713823863966507,1.4675118498115205,0.1319666770223374,0.4180429610043782,8066.446238116853,3.4494765662890368,0.3851794999354299,1.2310778130894684,0.921387359351796
177.467684224692,151.1942284057952,164.54422077935934,202.5495567011212,48.89211761124706,120.18443417825131,29.77645643813911,17.948046768440932,23.459468572570035,33.36460025282597,48.89012235381462,149.40650647843597,105.24545776715887,61.04259836204345,88.90549373081848,47.71761500124823,6.201294978630607,5.411857334860833,0.7894376437697741,1.2359115039554889,0.6794776565570446,0.18342930500053134,0.05617949327986465,9.537318577306992,3.7575856981593585,3.130591147936663,2.6491417312109715,2.8019971845909173,168.99320340477328,0.10586468847734531,40.680906762628524,32.72288704566624,165.01002004008015,$HR$,[bpm],5.164496009033843,8.623290796643273,13.060877705220383,13.00262124783796,13.023965258047681,1.8641941781592912,3.415831188195242,9.455668766390364,8.324783750069304,8.67207401900454,11.34140299493699,11.138385743953586,5.711437416966273,1.4685082863125376,0.13187611537126348,0.4138249183097704,8067.689306833833,3.4564508894558164,0.3819652946368064,1.2335668673987077,0.9230118287630148
177.47204337756625,151.24560312143055,164.5695737066675,202.5749751886628,48.79888873717653,120.09558671167538,29.77088811121674,17.955354461657475,23.459000530526406,33.36120861867959,48.797106197803295,149.30487567680515,105.19346966442396,61.04071106413237,88.86782897486567,47.75722890195413,6.195459844737508,5.40696673008218,0.788493114655328,1.2337749544451824,0.6796261553443216,0.18306151803105075,0.05616332532477361,9.519400032178634,3.750531123365567,3.1247137931944837,2.6441551156185814,2.8020028077432158,169.01183858645396,0.10564656949732895,40.633373859384655,32.682861813188616,165.3507014028056,$HR$,[bpm],5.16379366263757,8.616010474888377,13.062839157988027,13.004630405596487,13.025970212937308,1.8636646697154402,3.4115418225560963,9.4523552617309,8.322706236402253,8.66926134183924,11.339917464539848,11.144953822151162,5.709090009745494,1.4695309126110268,0.13160440358344244,0.4138249183097705,8068.93048036961,3.4634362166877666,0.38263831810397714,1.236057368364053,0.9246381770987303
177.47341917767554,151.2939473536139,164.5919907007374,202.59720266943077,48.70560580833463,120.00559535574241,29.765064906890455,17.96235122196326,23.45828972645307,33.35750055406067,48.70400960877328,149.20275912338568,105.14034986952883,61.037951630126635,88.82940658417304,47.79642179819257,6.1894987906982255,5.401957665107472,0.7875411255907541,1.2316123120633893,0.6797525924518432,0.18269159601817467,0.05614625991302619,9.501427740812279,3.7434584184014983,3.1188239647874156,2.639145357623364,2.802008763168846,169.02773889606775,0.10524819739332655,40.58611239247021,32.642834418696445,165.69138276553107,$HR$,[bpm],5.163018289884589,8.608638745246356,13.064762481874105,13.00659181937766,13.027931581205463,1.8631212849051566,3.4072298638204495,9.448932786053243,8.320523278600326,8.666343726389716,11.338287293590243,11.151375997543983,5.706665951015785,1.4705350499812202,0.13133380913969323,0.4138249183097704,8070.099174815847,3.47039598606416,0.3833114739051788,1.2385385911996298,0.9262648452171005
177.47667057290144,151.34418448988575,164.61615484174317,202.62132291389904,48.612896588913316,119.91679997876292,29.759321243194307,17.969413566022865,23.457615412632048,33.35385861149843,48.61115832796264,149.10101468913174,105.08830359305081,61.03598034255525,88.79142248589248,47.83575793142843,6.183639598512886,5.3970470565261435,0.7865925419867426,1.2294736130164718,0.6798951091486273,0.18232273037972596,0.05612952246041327,9.48363661925382,3.7364584799688636,3.1129948452882767,2.6341832939966796,2.8020147333709584,169.04563720780916,0.10503223850911575,40.53885410344721,32.602835352471956,166.0320641282565,$HR$,[bpm],5.162310478599539,8.601359281443244,13.066669826900606,13.008544900555412,13.029881305454731,1.8625841738824218,3.4029385215370205,9.4456037370569,8.318422452436428,8.663511292356015,11.336774247546535,11.157854813244382,5.704317765269205,1.4715461234677736,0.13088354678244374,0.41382593441484034,8071.299563910758,3.4773825274662156,0.38398685469828325,1.2410293515062132,0.9278946116348405
177.47983843583378,151.39395053168218,164.64018187358485,202.6454930547595,48.52043774703547,119.8283421052407,29.753650798215215,17.976518804503883,23.45698527927298,33.35028717528577,48.51875417094989,148.99996290967604,105.03657030338024,61.03416421254091,88.7540235708654,47.87524912686613,6.177804589072306,5.3921536624689015,0.7856509266034046,1.227342858402763,0.680036679186221,0.1819562201501457,0.05611326220896186,9.465879860044677,3.729469113818518,3.1071735096545647,2.6292372365715924,2.802020677522089,169.06341524020633,0.10481716406263841,40.491620675534186,32.562930368218964,166.37274549098197,$HR$,[bpm],5.1616088413103185,8.594106209392324,13.068573997545363,13.010495225747723,13.031828004533924,1.8620562174321749,3.398677176748816,9.442298905952612,8.316342094725616,8.660703146653468,11.335291956965007,11.164406085014239,5.701990938779828,1.472565312726313,0.13061553662882994,0.41382705494463273,8072.478440398568,3.4843753084345543,0.3846629510985531,1.243522339569561,0.9295258647359786
177.48201998373221,151.4428604226084,164.663264211365,202.6684400740216,48.428130641375226,119.73967857430544,29.747848001667965,17.983452473614744,23.45620992234455,33.34656557193426,48.426309341199115,148.89867602762732,104.98458789900329,61.03216595450754,88.71630664221458,47.91452597881274,6.17051983999527,5.38723228698213,0.7832875530131409,1.2252067222603513,0.6801722561876689,0.18158843210506195,0.05552032928239368,9.448163471943408,3.7224975583599424,3.1013682900945447,2.6242976234889195,2.8020266246008734,169.0804466792802,0.10442292909888048,40.444513646596064,32.52299525632712,166.71342685370743,$HR$,[bpm],5.160883715162224,8.586841302192989,13.070426128655116,13.012392268510856,13.033721883251477,1.8615220482764245,3.3944102700501233,9.438964132676348,8.314233101155155,8.657867057849966,11.333786288327138,11.17087569438941,5.699652091713667,1.4735694594398614,0.13052866137360059,0.40957732157954685,8073.619615342696,3.491368434833287,0.38138217967022175,1.2460154390326699,0.9311603928640636
177.48512269033358,151.49242773945136,164.68714191571715,202.69249547381085,48.336396218143776,119.65196411469189,29.742303355951353,17.990483966904712,23.455618578904673,33.34312433091052,48.334633804490885,148.79862362586564,104.93360328852647,61.03068266519218,88.67967797982568,47.9542191760944,6.159391785040535,5.377035819444705,0.7823559655958299,1.2230914359575291,0.6781426369874729,0.18122519466435666,0.0555048726510213,9.430540848846956,3.7155611387841763,3.0955908517887405,2.6193888582740406,2.7930844187218615,168.55838340140826,0.10438964683877447,40.3974949979184,32.48325329004514,167.05410821643287,$HR$,[bpm],5.160188710034696,8.579647338315695,13.07233904207783,13.014351074740963,13.035677044286752,1.8610092383227663,3.390190134669099,9.435712806905173,8.312196240025765,8.655109034912778,11.332400047652587,11.17747871451825,5.697370047768143,1.474596122113446,0.13008279571647627,0.40957732157954724,8074.793564618167,3.4871938454140983,0.3820523492200856,1.2485100063713315,0.9327966395861207
177.4875790892248,151.5411446376708,164.7103273783786,202.71576147836652,48.24481772927263,119.56418047773221,29.736639738870203,17.99745834499825,23.454906978628845,33.33953396074183,48.24295150168497,148.6984022823252,104.88247920505772,61.02909707209011,88.64284257283312,47.99348526627657,6.153584615246301,5.3721634584657885,0.7814211567805129,1.2209738983310632,0.6782795400696638,0.18086102256245568,0.05548904116946018,9.41296648664731,3.7086448398279233,3.089831582585079,2.614490064234306,2.7930844187218593,168.57539678209307,0.10417719334945816,40.35056112667272,32.44349015269769,167.39478957915833,$HR$,[bpm],5.15948490311632,8.572450742323408,13.074217662470145,13.01627462939143,13.037597319910514,1.86049175167575,3.3859685265626154,9.432446888387762,8.3101434907577,8.652336204759408,11.330976073072287,11.183978786610432,5.69508464249769,1.4756144103792301,0.12981805160930757,0.4095773215795471,8075.93111207644,3.4941658962846414,0.38272381933496913,1.251006189739014,0.9344360616915588
177.48991571054037,151.5896760401855,164.73330756939285,202.7387664277595,48.153544842955554,119.47671993829915,29.73108827459433,18.0044435085996,23.454254456127885,33.33606834296365,48.15174339848165,148.59888789405636,104.83168000728146,61.027703556667234,88.60656389603679,48.03294390352822,6.147800225443806,5.367306694360766,0.7804935310830401,1.218863822666555,0.6784153213825372,0.18049934750532104,0.05547363260973594,9.395425283701949,3.701739475363236,3.0840798089432546,2.609605999395458,2.79308441872186,168.59226906109336,0.10396560287312114,40.30370507980406,32.403838333441264,167.73547094188376,$HR$,[bpm],5.158786662433641,8.565283438772534,13.076080372544064,13.018183213020063,13.039502190909927,1.8599828928154836,3.381775711525805,9.429203518497829,8.308111513392413,8.649588231790993,11.32958816226528,11.19059109126443,5.692822288872929,1.4766423090837293,0.12955438292623014,0.40957842569372727,8077.057521754268,3.5011393161381545,0.3833960411987626,1.2535028632397394,0.9360747958083534
177.49220820021608,151.63795465050677,164.7562135539815,202.761874163094,48.0626197026929,119.38957408889277,29.72551120309194,18.011326934222183,23.4535608659839,33.33254560282405,48.06073354507974,148.49960973819887,104.78121581921371,61.02647730192572,88.57035622094836,48.072342480122416,6.142034503217615,5.3624672432964795,0.7795672599211352,1.2167597819031808,0.6785521056157133,0.18013811741562935,0.05545832970678334,9.377972963513232,3.694870959535225,3.0783602743109775,2.6047417296670288,2.79308441872186,168.60926425654173,0.10357629035097016,40.25696554282652,32.36421538737349,168.07615230460922,$HR$,[bpm],5.1581006267165215,8.558138217016639,13.077953948671524,13.020101707067246,13.04141734705607,1.8594758771134887,3.3775918342980553,9.425979469266586,8.306094314675134,8.646857812532069,11.328227712528804,11.197202550711635,5.690580475974068,1.4776685090978368,0.12929178312776277,0.4095795266874055,8078.180189308324,3.5081163968907574,0.3840695870683439,1.2560008474416617,0.9377167608318201
177.49402312789536,151.68573834405987,164.77865146394132,202.7843172002608,47.97201596890185,119.30255786937104,29.72001312639911,18.01823168123338,23.45288316985395,33.32912409046855,47.97017868199976,148.40089499687875,104.73085497413417,61.025255910739205,88.53451934868356,48.1119323641736,6.134848686878691,5.357627492985991,0.7772211938926996,1.2146572894544803,0.6786872198894182,0.17977878761338442,0.05486397413161544,9.360561191617803,3.6880188668902463,3.0726533368459927,2.5998889878815663,2.793085950474979,168.6260965189111,0.10336677143902744,40.21038343656324,32.32472329968677,168.41683366733469,$HR$,[bpm],5.157415509397648,8.551012310173025,13.079805806463458,13.021998624021776,13.043310908043154,1.8589766147058606,3.3734293810521336,9.422759912050779,8.30408018076976,8.644134081902347,11.326873938445251,11.20382884977989,5.688346194254125,1.4787039590683437,0.12903024572733768,0.40529994085945603,8079.295034121266,3.5150929789614014,0.38072234480302386,1.258497962930085,0.9393594876813594
177.49659586883473,151.73408017841749,164.8017259796027,202.80786173041085,47.88186399703445,119.21639252433359,29.71461484828137,18.02523380959558,23.452281178227306,33.32578943548567,47.87993444956792,148.30276402696234,104.68127331491068,61.02428258742357,88.49927990142318,48.151674647863054,6.129153543140564,5.352846434479302,0.7763071086612621,1.212574790419616,0.6788261992061165,0.17942149451967143,0.05484968786295539,9.343241206129866,3.681201079357811,3.066974947085034,2.5950651796870203,2.793091918961619,168.64354116648016,0.10315809846497884,40.16382561421757,32.285261008933766,168.75751503006012,$HR$,[bpm],5.156743991181421,8.543947574569497,13.081690201284141,13.023929296682775,13.04523752736588,1.8584885194546197,3.3692976954401312,9.419611603545404,8.302125965927507,8.64147386364091,11.325592105088656,11.210504760115045,5.686161848127023,1.4797473194484436,0.1287697642907667,0.4052999408594561,8080.424383146836,3.5220755227266225,0.3813902656938807,1.2609952070736061,0.9410074545906079
177.4982509580595,151.78131229698712,164.82389128436864,202.83008795918454,47.79182348716048,119.12997532280546,29.709158999493027,18.03203918075509,23.451593418415833,33.32239801307713,47.78989799960458,148.20474351776534,104.63150478117159,61.023174793402866,88.46402876614363,48.191337549558504,6.123427490221316,5.348034504294322,0.7753929859269941,1.2104854028309007,0.6789595176139458,0.17906432518925833,0.054835262585942526,9.325949628523565,3.674395683919993,3.061307247287765,2.5902466973158074,2.7930978941365145,168.66028117395126,0.10277276585673732,40.11737881894073,32.24586262576406,169.09819639278558,$HR$,[bpm],5.156058889364328,8.536864175403522,13.083537547756318,13.025821538876183,13.047126412475052,1.8579994755420626,3.365166756794784,9.416431727973665,8.300146104078058,8.638789473434997,11.32431825185832,11.21716222096034,5.683970902941883,1.4807897870071993,0.128510332435713,0.40530006066942315,8081.511154001205,3.5290614349390275,0.3820586137285063,1.2634936435087019,0.9426561967384619
177.49957686209103,151.82817987844342,164.8456417106557,202.8520448692236,47.702048551355496,119.0437326270065,29.703706118057262,18.038833712405005,23.4508805237224,33.31898656295343,47.70017320784377,148.10710120225352,104.58181155751909,61.02194696991027,88.42908264962755,48.23079129190482,6.117706192274019,5.343224467485014,0.7744817247890055,1.208399499189451,0.6790901217394162,0.178708310880211,0.054820845538083876,9.308685433623749,3.6675991266344803,3.0556464889122945,2.5854398180769746,2.793103856845107,168.67668211957326,0.10256612635117085,40.071028939270434,32.206540281080045,169.43887775551102,$HR$,[bpm],5.1553706987160135,8.529796213751034,13.085361263662652,13.027690485599852,13.048991769412245,1.8575129846371368,3.3610576440797892,9.413260366103904,8.298165284275282,8.63610723965364,11.323030343510364,11.223809507194764,5.681779748529355,1.4818296265412587,0.12825194383117047,0.4053011461120228,8082.581573180575,3.5360469254895377,0.38272746223757464,1.2659919239392718,0.944303922920048
177.50026577551918,151.87440030539122,164.86676165301847,202.87315268677273,47.61244045390471,118.9574206067417,29.698154415044872,18.04558807775183,23.45006655086144,33.31544056095736,47.61047255559367,148.00937860281684,104.53206990056059,61.02087776285636,88.39396393888555,48.270129519369675,6.111966435687302,5.338398249843697,0.773568185843605,1.2063105106316998,0.6792172332072012,0.17835157754447878,0.05480622157893787,9.29148446165328,3.6608302301811584,3.050010417157651,2.5806438143144703,2.7931098176318017,168.69264775837215,0.10236031613540482,40.02477542893727,32.167199811950006,169.77955911823648,$HR$,[bpm],5.15467937683212,8.522725220562991,13.08716851610796,13.029541131997007,13.050839548309815,1.8570221457879117,3.3569439574284536,9.410074938183703,8.29617482323745,8.633416203479332,11.321736113790296,11.230449575060875,5.679600192178246,1.4828631630357618,0.12781780408617907,0.40530222790950365,8083.619148807229,3.5430372009955984,0.38339790511210325,1.2684919077043806,0.9459555825528518
177.50045234595532,151.91996180708045,164.88737295190367,202.89375388751571,47.523009871959985,118.87120351269425,29.692561093086834,18.052213368414606,23.44918392998514,33.311836057740585,47.52094860876886,147.91179006115775,104.48229077638102,61.01967602787128,88.35889036140993,48.309366397188796,6.099282107586718,5.328059767705652,0.7712223398810665,1.2042231533158465,0.677101955507589,0.1779951408939218,0.05420906230976378,9.274319231698636,3.654074771508784,3.044385720037154,2.5758587401526984,2.783907537696433,168.1520779446741,0.10215533022725284,39.978572158466456,32.1278977078975,170.12024048096194,$HR$,[bpm],5.153984649069845,8.515658022169447,13.08893721924945,13.031353396366567,13.052648808108406,1.856531225806236,3.3528393286621463,9.406885566835768,8.294175365529638,8.630718524256528,11.320442408491601,11.237078445333424,5.677415069501251,1.4838933087889594,0.12773827130316245,0.4009946708740729,8084.625867796961,3.5383297143367365,0.3799863076601991,1.2709939775027717,0.9476093705482903
177.5014544667186,151.96620513554035,164.90869854246955,202.91532917990003,47.434165337722085,118.78587539974764,29.68719458907989,18.0589431940998,23.448469957120746,33.308478696617954,47.432054730411714,147.81526582953117,104.43348281906661,61.01888690096432,88.32466310207043,48.34895773507227,6.093613909120165,5.323292304741129,0.7703216043790362,1.202155723077066,0.6772313926713602,0.1776425698169256,0.05419548074365823,9.257249578964528,3.6473562081526114,3.0387904962818184,2.571102874530098,2.7839075376964315,168.16814944454154,0.10195116368435805,39.93249633265982,32.0887389162585,170.46092184368737,$HR$,[bpm],5.153312745775909,8.508665996947807,13.090755829094354,13.033216500109312,13.054508454950358,1.8560597946136705,3.3487770012873694,9.40377975097075,8.292244945691332,8.628096163141073,11.31922511383409,11.243786233508137,5.675269254734312,1.4849405429129685,0.1274829749697327,0.4009946708740724,8085.671550353989,3.5452958484083537,0.38065075855290154,1.2734962639391176,0.9492663773390653
177.50030699624563,152.01008691634397,164.92793274309673,202.9344843060189,47.3453966801647,118.69992822109181,29.681883165098707,18.06566672431059,23.44774767456056,33.3052211108472,47.34362684137257,147.71929193678758,104.38422309772638,61.01793186316088,88.290890753148,48.38885042740652,6.087880153041256,5.3184540086693195,0.769426144371937,1.2000752912294508,0.6773450374979149,0.17729191429892685,0.054182128128689826,9.24011991262225,3.6406128885935822,3.0331736677596552,2.5663333562690127,2.7839075376964297,168.18225883070306,0.10174781160379556,39.88662620922452,32.049725002494576,170.80160320641284,$HR$,[bpm],5.152589210412368,8.50163674779693,13.09258251029316,13.035080923615743,13.056372293024731,1.8555941564744094,3.3447385246006442,9.40061406013273,8.290270981452768,8.62543231751955,11.31795137866312,11.250518354186816,5.673105290680022,1.4860014041937886,0.12705296682131983,0.40099491872205406,8086.669657415706,3.5522409911746045,0.38131486895453703,1.2759910101446614,0.9509219472649775
177.50137518456063,152.0558927270525,164.9491378452985,202.9561197076381,47.25727437384502,118.61535633753297,29.67669452902321,18.072459116917432,23.447116458077673,33.302062211414906,47.25553197560124,147.6239521896198,104.33613737172838,61.01763547472866,88.2576438724875,48.42881021335736,6.082267509769467,5.313730573230494,0.7685369365389734,1.1980247708519967,0.6774754621685293,0.17694323828374928,0.054169337545101705,9.223158821048662,3.633935610700849,3.027611379007189,2.5616118313406235,2.7839075376964306,168.19845003214525,0.10136988869141833,39.84077258881158,32.010748442029595,171.14228456913827,$HR$,[bpm],5.151933439670761,8.494703838551759,13.094400798916169,13.036944729983382,13.058232118159722,1.8551406887411088,3.3407259317397453,9.397561904643885,8.288389868169753,8.622865506473817,11.316816099655282,11.257307486033024,5.671013159447028,1.4870689327066702,0.1268000510794039,0.40099598505790907,8087.71789885043,3.5592075984229052,0.381981138526863,1.2784934665495404,0.9525809553222832
177.5015860964348,152.10096345474932,164.9695072149004,202.97660731036552,47.16922749600114,118.53060485794366,29.67135719575286,18.07906089308884,23.446338018650252,33.29872093165734,47.16740605609088,147.5283712559696,104.28783304362466,61.01708773285766,88.2239904049359,48.46820201736276,6.07662529933108,5.308981560511695,0.7676437388193849,1.195968659625064,0.6776010804203404,0.1765933659927506,0.05415612133220257,9.206247722478375,3.627280454627833,3.022069581553033,2.5568976862975097,2.78390753769643,168.21404308096385,0.10116849940688472,39.794977468082976,31.97175272426272,171.48296593186373,$HR$,[bpm],5.151267463785299,8.487758325241868,13.096185955050144,13.038773425288232,13.060057685618457,1.8546781321246801,3.3367017420110736,9.394484504477902,8.286481298652514,8.62027208703508,11.315668426393428,11.264040353508088,5.668906058874925,1.4881217825914899,0.126548140261553,0.4009970471395968,8088.719031729093,3.5661818522515447,0.3826486376583365,1.280998669662145,0.9542430309346573
177.50208076303528,152.14593996759015,164.99009924394068,202.99765727691016,47.08158378516224,118.446381509044,29.666172271801535,18.085743168649252,23.44565284758683,33.29555402357687,47.07981494210001,147.43360523949943,104.24010106962756,61.01699610003376,88.19116562828046,48.50797467749306,6.069585791619516,5.304266214566061,0.7653195770534549,1.1939245474720317,0.6777283852783997,0.17624637706891827,0.05355832905037232,9.189381390869178,3.620639946547604,3.0165381028763143,2.5522033414452605,2.7839112418616674,168.22995593460794,0.10096790872693168,39.74927995716552,31.932892684555135,171.8236472945892,$HR$,[bpm],5.150618795668969,8.48085864653665,13.097971258078967,13.040604377833304,13.061884516771558,1.854228882081595,3.332718080375266,9.391446507581344,8.284612375932639,8.61772214595449,11.314585220517545,11.270889641806564,5.666841135850568,1.4891922894843679,0.12647191335345767,0.39666344741926446,8089.729446372366,3.573158386137928,0.3791732181072386,1.283502984006226,0.9559066270768855
177.5022025441951,152.19062576449306,165.01031129576148,203.0180670305891,46.99409091883331,118.36224403978208,29.660933682353622,18.092408822156226,23.444909451514054,33.29230564542626,46.9923319943291,147.33894910600145,104.19241752021374,61.01691001753555,88.15836190786469,48.547677973851286,6.063983295845539,5.299547690894342,0.7644356049511967,1.1918818067181678,0.6778530269787191,0.17589954972164473,0.05354581814469536,9.17257669057147,3.6140249710603793,3.0110292009131965,2.547522518597893,2.7839172248285613,168.245605682472,0.10059377261672392,39.70361604756191,31.894032283697747,172.16432865731463,$HR$,[bpm],5.149965113317436,8.473965405816424,13.099761320473682,13.04243826896361,13.0637150873725,1.8537805044306237,3.3287397097871327,9.388410612658019,8.282743061697671,8.615173882450348,11.313487820039803,11.277688157902643,5.664783144129538,1.4902566135756743,0.12604730953534038,0.3966634474192644,8090.706113901742,3.580143851980463,0.37983473195369954,1.286009447425627,0.9575743225773529
177.5017374683676,152.234645478619,165.02993109906907,203.0379623605213,46.90677044743923,118.27812175709035,29.655679801453726,18.09892611651309,23.444114598929996,33.28904317659777,46.905089638050846,147.24451419786539,104.14470256943693,61.01673680071473,88.12569715571179,48.58733952058111,6.058372567988371,5.294819694817352,0.7635528731710195,1.1898387423006984,0.6779741417713957,0.17555327476278357,0.05353325904657399,9.155797200682967,3.607419145049827,3.0055277623263206,2.5428502933068207,2.783923194872609,168.26081599421946,0.10039510926466949,39.6580278335603,31.85523745558382,172.5050100200401,$HR$,[bpm],5.149295677247899,8.467077482188348,13.10151667637444,13.044237378731793,13.065510897459179,1.8533332048654259,3.3247732271686155,9.385366827013915,8.280863424863488,8.612618174270908,11.312390370560404,11.284491303626869,5.662723242002159,1.4913180427349693,0.12579837781344202,0.39666383095071006,8091.652906043225,3.587132825159258,0.3804967691857024,1.288517165906728,0.9592424100622964
177.50098968092846,152.27820676407413,165.0492144633683,203.057371712259,46.819720410673156,118.19413620894771,29.65036774041083,18.10540446771921,23.44325665985543,33.28567531506554,46.817977623019075,147.15019079223057,104.09709406139098,61.016604046939,88.0929936871502,48.6269227985389,6.052763964144532,5.2900939709393375,0.7626699932051944,1.1877981443801617,0.6780937137252598,0.17520707926847012,0.05352056024583656,9.13908212575373,3.6008401037015925,3.0000497627028144,2.5381922593493202,2.7839291611469505,168.27583344620217,0.10019722904930725,39.61255770582699,31.816457301862382,172.84569138276552,$HR$,[bpm],5.148626198538042,8.460194745867794,13.103263139207673,13.04602681884664,13.067297294639335,1.8528858634796268,3.3208104989865244,9.38232391489326,8.27898352430622,8.610063737137587,11.311287090341688,11.291232457173923,5.6606719639150915,1.4923763719222682,0.12555042738760683,0.3966648752298244,8092.58694473058,3.594122988565338,0.38116002731001447,1.2910253029156087,0.960911971570897
177.50094744749163,152.32225777721698,165.06904301317357,203.0776850465068,46.733260794883755,118.11101986645123,29.645294284954495,18.112020482823453,23.442556047327155,33.28260448814532,46.731499937594606,147.0569049721287,104.05029869586245,61.016668213914514,88.06111058099665,48.66681622369281,6.047228129479969,5.28542923024819,0.7617988992317786,1.1857765942844865,0.6782190277676232,0.17486463541865235,0.05350890085442836,9.122444528929169,3.5942904430872384,2.994594554871168,2.5335595309707633,2.7839351235838294,168.2915619208984,0.09982681690301294,39.56723161625842,31.777834537216393,173.18637274549098,$HR$,[bpm],5.147988189163301,8.453384867057359,13.10503566946694,13.047843779116098,13.069110485967872,1.8524556049828638,3.3168893005487754,9.379356085435825,8.27716634141191,8.607577176689539,11.310269526172425,11.298089761705143,5.658666773006581,1.493451480646894,0.12530345246680272,0.3966659176298951,8093.563923634978,3.6011089116923456,0.3818242774336213,1.2935319078328764,0.9625840296919039
177.50018294466187,152.36546943050064,165.0881740668522,203.09711344779308,46.64687347484194,118.02773511865752,29.640133806859946,18.118520314962375,23.44176436923149,33.27940961513757,46.645125289910915,146.96362364685046,104.00332029515936,61.01661706811352,88.02922257545372,48.706404127403495,6.034542195884132,5.275061520807077,0.7594806750770551,1.1837510450111453,0.6760300610079916,0.17452196895377708,0.052909199776733105,9.10583529650945,3.5877519412040684,2.989149139110113,2.5289342161952693,2.7744629610688993,167.73367824740953,0.09980379957850502,39.52195933264852,31.739231880943453,173.52705410821645,$HR$,[bpm],5.147337746282783,8.446561725263825,13.106776456936991,13.049628145327999,13.07089139329717,1.8520220054004726,3.312971872164829,9.376367976834405,8.27532914248653,8.605072085118303,11.309230565451156,11.304956772663026,5.656658053758421,1.49452372694247,0.12505744730547508,0.3923082440776088,8094.494537448024,3.595818235017902,0.37828650708635625,1.2960411746252198,0.9642583677428949
177.49904727977017,152.40829380559993,165.10692527734167,203.1160726615834,46.56069385103309,117.94457197191758,29.634928142823355,18.12492437614977,23.440910736536207,33.276140055196976,46.558880866678976,146.87043783885497,103.95651523155047,61.0167357784811,87.99740484238833,48.745972297686215,6.028979851896818,5.270371096947328,0.7586087549494889,1.1817272355996145,0.6761471940537709,0.1741794119828487,0.052897317671415055,9.089280414679761,3.5812356720627943,2.983723070380919,2.524321672236046,2.7744629610688993,167.74820889240118,0.09960824118836734,39.47675850832637,31.70064823920726,173.86773547094188,$HR$,[bpm],5.146689516560394,8.439746051006829,13.108502718874602,13.05139746768605,13.072657460860642,1.85158896396023,3.309060465561982,9.373382324503172,8.273494751729118,8.602571051627514,11.30822220253713,11.31178546010548,5.654665282290951,1.4955956934846133,0.12481240620310155,0.39230824407760784,8095.402401834932,3.6027858482757376,0.37894467687811745,1.298552512262667,0.9659360530877685
177.4976952716876,152.45088379606747,165.1254242391424,203.13493245715867,46.47481159322943,117.86166333405356,29.62978362225723,18.131359293778704,23.440076800473552,33.272952078769045,46.47299309235405,146.7777688201015,103.90988338309829,61.016766711583756,87.96585898188475,48.785555695545426,6.023433539296857,5.265692017361177,0.7577415219356802,1.1797089664610279,0.6762633983199383,0.173838488405661,0.05288570750315207,9.072768372621795,3.5747357178727612,2.9783100698496128,2.519722584899421,2.774462961068897,167.76262307634494,0.09941344766481941,39.43166104953615,31.662147112560202,174.20841683366734,$HR$,[bpm],5.146033659202043,8.432955549650709,13.110217972323793,13.053155771053605,13.074412478963238,1.8511625474512423,3.305168459211914,9.370415754922382,8.271670484851168,8.60008363114988,11.307224845904816,11.318625918632005,5.652677093348045,1.4966693173744199,0.12456832350375116,0.3923087650353449,8096.303350299469,3.6097536993734693,0.37960359954359063,1.3010639356247762,0.9676143725960097
177.4963982676981,152.49321160538017,165.14394293712087,203.1536795525547,46.38923756458193,117.77911025121205,29.62469881153093,18.137826171429456,23.43927218954417,33.26980362760097,46.387453485482254,146.6856076345404,103.86364558294193,61.01719548876823,87.93478652190741,48.82538281312078,6.0179138061246285,5.261034601481249,0.7568792046433792,1.1776981090601844,0.6763809972330065,0.17349921104809518,0.052874449376042694,9.056316839088437,3.5682593345996843,2.9729163182964213,2.5151411861923303,2.7744629610688993,167.77720899402848,0.09904745713844292,39.38664289926961,31.62372521307898,174.54909819639278,$HR$,[bpm],5.145387841821209,8.426196026233324,13.111934870715796,13.05491638629593,13.076169509337003,1.8507444107942292,3.3012996840681637,9.367473959580106,8.269872837807599,8.597625929406462,11.306272661651438,11.32550997165051,5.650724242320767,1.4977542905714745,0.12415323620478436,0.3923097893069452,8097.199582916004,3.6167270212288627,0.3802636133284131,1.3035773308126881,0.9692942253625306
177.49420252418076,152.53470552460078,165.16150465487507,203.17153194505633,46.30372203038218,117.69628827029119,29.619433686188323,18.144057017198833,23.43828696495653,33.26644446312761,46.301774253774134,146.5930213071832,103.81700162012599,61.017271613684805,87.90317443514446,48.864769051535596,6.01235618702487,5.256345401832433,0.7560107851924369,1.1756806886054916,0.6764922389686678,0.17315806436911396,0.05286258001805549,9.039904328079054,3.5618002930164474,2.9675392373221094,2.5105647977404986,2.774463096409187,167.79100934977149,0.09885451491644759,39.34170117926322,31.585251358418727,174.88977955911824,$HR$,[bpm],5.1447235495634756,8.419412535756136,13.113612636008217,13.05663568499772,13.077886103511307,1.8503159395273485,3.297418177725886,9.364492073641271,8.268034131223432,8.595127749120838,11.305258594508977,11.332253190704582,5.648746114477571,1.4988179715774954,0.12391138848901935,0.3923108092452932,8098.047738660227,3.6237045747569803,0.380925005700428,1.3060921875107703,0.9709775941000233
177.4926445180844,152.57657092306337,165.17960102660362,203.1899416820865,46.21873801040898,117.61423437920774,29.614376083730754,18.15041247000626,23.437454399656055,33.26332048631071,46.21673780608706,146.50147236506677,103.7711798863461,61.01773634805044,87.87244142879777,48.904553998589805,6.005410632075112,5.251708428786462,0.7537022032886491,1.1736809774720796,0.676607001709409,0.1728206901411065,0.052261506317693954,9.023558904178193,3.5553656961834808,2.9621807380900473,2.5060124699046655,2.774469080753499,167.80542207437176,0.09866232292724586,39.29689144716287,31.54694424566577,175.2304609218437,$HR$,[bpm],5.144085910891198,8.412689226295111,13.115316057116747,13.058382344815165,13.079629277533229,1.849903090472544,3.2935757121008664,9.361581778836129,8.266255734675541,8.592694849031911,11.304330693157938,11.339157081669592,5.646807181666182,1.4998974284595337,0.12384176992430342,0.38793106880333794,8098.930764789902,3.63067944513284,0.3773260214323577,1.3086033181335035,0.9726625469733736
177.4897810643346,152.61712973123656,165.1964519008553,203.20701046927158,46.133716426768856,117.53171137347306,29.60912632879872,18.156639128975975,23.436432211973543,33.25994969100237,46.13160890804735,146.40953668128907,103.72481899967777,61.01794552325408,87.84125548362744,48.94377966859103,5.999861970085965,5.247022368058435,0.7528396020275299,1.1716694695729528,0.6767136068735654,0.172481576558895,0.05224996898075127,9.007231019181688,3.548939847240093,2.9568312000352317,2.501459971906364,2.774475064154283,167.81882209466158,0.09829992042020323,39.25214385773102,31.508609311747726,175.57114228456913,$HR$,[bpm],5.1434245419370175,8.405933552410946,13.116960326886943,13.060067965005974,13.081312257741496,1.8494800536471194,3.2897219981913532,9.35861476734493,8.264428069631663,8.590212513162282,11.303343741351474,11.345976239838105,5.644838541588228,1.5009637714005717,0.12360146515444685,0.38793106880333794,8099.7492908802,3.6376610230622037,0.37798059074169116,1.3111168559631794,0.9743498810437089
177.48620239403425,152.65680009500292,165.2125388644225,203.2232778991243,46.04914043285279,117.44943477546222,29.604205496875533,18.162980917637483,23.435645822214134,33.25699404889071,46.04734031124426,146.3190821441528,103.6789558789176,61.01852929426385,87.81145355930921,48.983808941490935,5.9943347801557145,5.242341427528524,0.75199335262719,1.1696657291060382,0.6768145259868579,0.17214780583224493,0.05223973588612504,8.990886891204251,3.5425043920855623,2.9514704511558696,2.4969120479628173,2.7744810268408617,167.83151548439383,0.09810954691289597,39.2076305185195,31.47049560212431,175.9118236472946,$HR$,[bpm],5.142749396357426,8.399207862665328,13.118683808221117,13.061828352877006,13.083071859756798,1.8490825819340544,3.2859264172662987,9.355674448517872,8.262634650794697,8.587769830895622,11.30239282534279,11.352970435327826,5.642904696743865,1.5020667180351162,0.12319146586280155,0.3879317276558408,8100.588270933503,3.644617769339685,0.3786355497988532,1.3136214427422475,0.9760365621209648
177.48364712216633,152.69738596174741,165.22959438408847,203.2406372039874,45.964809324446385,117.36778625398198,29.599154963167837,18.169197743728443,23.4347365893677,33.25382926284526,45.96300268334533,146.22838101965135,103.63347273020042,61.01906411674014,87.7811714452783,49.02329063325627,5.988854822894483,5.237711796132296,0.751143026762187,1.1676737255090477,0.6769245656016415,0.171812787036634,0.052229093761003015,8.974672360069462,3.536121217796605,2.946155063966911,2.4923960783059473,2.774486986265239,167.84533860000988,0.0979199093577488,39.16305384254184,31.43234053666261,176.25250501002003,$HR$,[bpm],5.142100568122495,8.392520888783057,13.120342443762748,13.063529435138019,13.084769703237788,1.848679048960134,3.282121151354686,9.352779305677293,8.260864573344351,8.585352127889262,11.301504382747906,11.359859179712455,5.6409828684185515,1.5031464175818443,0.12295334705442545,0.387932730173883,8101.4127857416015,3.6516052403320063,0.37929215921053555,1.3161370943200796,0.9777266255428498
177.48160969661095,152.73823098567792,165.2470635785833,203.25864571907155,45.88095300927597,117.28681754892065,29.59426107887627,18.175512879328945,23.433929585515532,33.250882432538994,45.87913064199549,146.13843662658445,103.58867985735213,61.02012234855341,87.75160423343284,49.063146034486905,5.976122833736546,5.227278673891745,0.7488441598448004,1.165696795320614,0.6746603891882252,0.17148046190521782,0.05162692014551405,8.958535388303352,3.5297681238520564,2.940864089425286,2.4879031750260103,2.764747210412925,167.27002489201686,0.09773100349539274,39.118593178759326,31.39429413715891,176.5931863727455,$HR$,[bpm],5.141473912950409,8.38588707830796,13.12203472943748,13.065264693460442,13.086501421509215,1.8482891674292254,3.2783497644665887,9.34993918446618,8.259146370256001,8.58298995795106,11.300690489943989,11.366817132077603,5.639110933670124,1.5042434425005762,0.12288611396029381,0.3835339603891677,8102.26368572625,3.6457399840452114,0.37564070104447944,1.318652197319952,0.9794196599000541
177.4789269788027,152.77847592435165,165.2638267626642,203.27572967728582,45.797212437509,117.2057707591954,29.5892860129872,18.18175808907897,23.43303599422258,33.24780336083597,45.795377483712386,146.04851837882273,103.54367675140796,61.02098333757431,87.7219682484691,49.102869502117585,5.970676358639183,5.222674847027319,0.7480015116118641,1.1637166083874306,0.6747691017862762,0.17114799825214677,0.0516168438664972,8.942426960264411,3.52342675927713,2.9355832032520803,2.4834169977352007,2.7647472104129265,167.2835010251872,0.09754282509926385,39.07419587010052,31.35627666206629,176.93386773547095,$HR$,[bpm],5.140841161697081,8.379247572526587,13.123684915397428,13.066957395616921,13.088190703296641,1.8478962454616052,3.2745802770187593,9.347078401527463,8.257406137358194,8.580608089898433,11.299849365033609,11.37372913132636,5.637227502596582,1.5053351894213367,0.12264950008133524,0.38353396038916804,8103.077928071483,3.6527005055918655,0.3762909672028545,1.3211697951388184,0.9811151190393567
177.47633331206595,152.81851549785893,165.28064270364936,203.29313858145875,45.713796961055536,117.12510712792442,29.584384823683884,18.187936196723673,23.432169285459867,33.24480953802695,45.711920632769704,145.95906640719855,103.49912328145362,61.02211188841393,87.69265900316825,49.14270581129013,5.965258779046581,5.218095424287603,0.7471633547589784,1.1617446527426547,0.674879503471818,0.17081696738841143,0.05160716056239281,8.92638512741289,3.5171119103412276,2.930324461866643,2.478948755205022,2.7647472104129256,167.2971854285393,0.09735536997528837,39.02988700033954,31.31831530440321,177.2745490981964,$HR$,[bpm],5.1402214497106185,8.37264054020776,13.125347099294428,13.068662026451756,13.089891909773513,1.847509984175118,3.270830710892687,9.344248947240102,8.255693893405413,8.578256843969408,11.299048558748403,11.380714894925942,5.635372981650349,1.506432712558514,0.12224448195157947,0.3835339603891677,8103.89274383762,3.659665058473769,0.37694260440560023,1.323688851078426,0.9828141529452065
177.47355829105362,152.85835262652813,165.29724496307517,203.31010342767337,45.63059683992201,117.0446139104039,29.57947740012759,18.194124488807983,23.431286526005685,33.24180394021285,45.62867483510901,145.8698834656267,103.45477968632115,61.02335519285325,87.66363761604691,49.1824093873549,5.959849485194412,5.213522382491063,0.7463271027033491,1.1597767886753827,0.6749884074591955,0.1704867027670673,0.05159748532372504,8.910387546123088,3.5108137780789086,2.9250797174284795,2.4744940506156987,2.764747210412925,167.3106830940717,0.09699964503294184,38.98564429017779,31.28039438371191,177.61523046092185,$HR$,[bpm],5.139603364479654,8.366051429640107,13.127001028608747,13.070358491364207,13.091584841189768,1.8471267052892149,3.267097645326199,9.341430290815786,8.253992151078787,8.575918117358174,11.298267095333978,11.387722765844986,5.633539357111045,1.5075343532867924,0.12201000647000698,0.3835347564913185,8104.688973792161,3.666633677420855,0.37759529688515875,1.3262093777004769,0.9845138947497338
177.4704194481213,152.8978390334648,165.31347703789052,203.3268832935318,45.547626099206454,116.96426580588212,29.57461761901563,18.20031747585723,23.430402555247223,33.23882301869315,45.54576486418887,145.7811299613579,103.4105070994727,61.02441702234211,87.63480015887866,49.2220987489895,5.954447614111254,5.2089526801594,0.7454949339518544,1.1578113582086542,0.6750962353520776,0.17015784485572527,0.05158806325478464,8.894431084226591,3.5045321976926305,2.919848383496076,2.4700505030378874,2.764747210412925,167.32404631466937,0.0968139475142977,38.94148848401173,31.242565396674905,177.95591182364728,$HR$,[bpm],5.138978942963483,8.35947290572817,13.128638689365916,13.072038376943645,13.09326138081958,1.8467489582583705,3.2633766914017692,9.338620672343191,8.252292513250726,8.573584097080197,11.297487613421346,11.39470502837114,5.631708740639525,1.5086328428144677,0.12177642875491801,0.3835357377156831,8105.469333886839,3.6736063027790715,0.3782486023171941,1.3287313534282958,0.9862147516422357
177.46685949855527,152.9366572592544,165.32927498974644,203.34305555918715,45.464867819954215,116.88399625757604,29.569671729074468,18.206383391866247,23.429433810661656,33.23576096768886,45.462904455805315,145.69233440485667,103.36624994238639,61.0255539443072,87.60593714646667,49.26169169281558,5.947579240740093,5.204379286036744,0.7431999547033492,1.1558478599668545,0.6752006302919845,0.1698286050015036,0.050984384715305024,8.878520032873144,3.498268799562107,2.9146333026952096,2.4656179306158283,2.7647499385662835,167.33706563021397,0.09662895964111087,38.897427599723535,31.204733345455825,178.29659318637275,$HR$,[bpm],5.138345275078506,8.352900839004851,13.130259319801771,13.073700569444375,13.094920443009546,1.8463690720947317,3.259662095102107,9.33580381158238,8.25058749173265,8.571246046256965,11.296696095118547,11.401648055358045,5.629886599600372,1.5097273257796928,0.12171208679533652,0.3791189848280702,8106.231041966586,3.6805796135355946,0.37453894337147886,1.3312522634304615,0.987919250578632
177.46326813197544,152.97542040194023,165.34496052815248,203.35918263117904,45.382357977249555,116.80397835243768,29.56477976383311,18.212420765643763,23.428479701423655,33.232725171796716,45.38041181195497,145.60402094149939,103.32224330658191,61.026637304160715,87.57736198579451,49.30129618572994,5.942188635584079,5.199817470241439,0.7423711653426401,1.15388944594891,0.6753046476451708,0.16950099631244805,0.050975087160169845,8.862655851007663,3.492023214002458,2.9094327582169037,2.461199878788301,2.764755911283373,167.350135369201,0.09644467735326043,38.85343514611755,31.167004536356767,178.6372745490982,$HR$,[bpm],5.137719062935558,8.346348348020646,13.13187428076757,13.075357270479614,13.096573894595862,1.8459953703761303,3.2559639610586153,9.333009795811195,8.248895278391172,8.568923952087257,11.295945020696097,11.40860649758564,5.628070946171195,1.5108237108388662,0.12131194607849134,0.3791189848280698,8106.980741667386,3.6875592813642393,0.3751855670892215,1.3337739025404634,0.9896248462982351
177.4593255142101,153.01371275410722,165.36023858511282,203.3748871362406,45.30007182073042,116.72405610235639,29.559836555094698,18.21845315740491,23.427465922251198,33.229640647096794,45.29795957553925,145.51573571121594,103.27828432296795,61.027812425861896,87.54874743254483,49.340852265487,5.936796938044047,5.195255321068055,0.7415416169759923,1.151933017625293,0.6754065437844853,0.16917312345919105,0.05096574523023674,8.8468446130319,3.4857998021702694,2.904251395921194,2.4567934149404356,2.764761882716673,167.36294129057512,0.09609339436261632,38.80954220868266,31.12925166075205,178.97795591182364,$HR$,[bpm],5.137091226231116,8.339804086388474,13.133472316581848,13.076996457321727,13.098210051616459,1.8456194352270985,3.2522712855125917,9.330214107584014,8.247202236193337,8.566602879943828,11.295202508948886,11.415542351006913,5.626265829125965,1.5119177575532126,0.12108103094207501,0.3791189848280703,8107.714257133134,3.694540307858535,0.37583404395754055,1.3362960227982656,0.9913353300626201
177.4556127017294,153.05196210279286,165.37568162046261,203.39078532911435,45.21815722278361,116.64463115103544,29.555061916529684,18.224543223868462,23.426560968152124,33.22674728816481,45.21609415542083,145.4283579832658,103.23482362326664,61.02930391410071,87.5208486521989,49.380711331826866,5.93144747608514,5.190725872173572,0.7407216039115678,1.1499875858022803,0.6755107362194968,0.16884848749476694,0.05095704255058581,8.831078948386216,3.4795926117222353,2.8990819272236656,2.452404409440317,2.764767835143208,167.3760301962573,0.09591082980023763,38.765742389149146,31.091662439469868,179.3186372745491,$HR$,[bpm],5.136480038139564,8.33330144632138,13.13507802002282,13.078644440305654,13.099854475597919,1.8452577210034429,3.2486109510535126,9.327457857885042,8.245545510576116,8.5643220644535,11.294526017908899,11.422615006065042,5.62449414925659,1.5130267546630407,0.1208509932212418,0.3791199141895215,8108.458333255867,3.7015225846471083,0.37648281959310453,1.3388185935892079,0.9930441675635675
177.45152811185463,153.08991080424397,165.3907517170324,203.4064485046184,45.13642627989607,116.56530106637466,29.550235633005485,18.230503323299857,23.42558611009735,33.22376037718728,45.13428599667801,145.34097568542467,103.19149091158332,61.03090779126057,87.49302561011051,49.42040491097135,5.926097466382795,5.1861967275558944,0.7399007388269008,1.1480436315527027,0.6756135747708316,0.16852360924672777,0.050948235804857876,8.81536100564845,3.4734047253176765,2.8939294426707622,2.448026837660011,2.764773783117368,167.38895028130077,0.09572895761879821,38.7220089228736,31.054068395939797,179.65931863727457,$HR$,[bpm],5.1358691108651024,8.326811696230198,13.136672645951174,13.080280708236506,13.101487463794033,1.8448951173678136,3.244961731395713,9.324700800775341,8.243888962295715,8.562043062872144,11.293824958907894,11.429630771069753,5.622734093326992,1.514135623307459,0.12062182792455903,0.37912087307595693,8109.179591167702,3.7085113748993552,0.3771330969813715,1.3413435115540966,0.9947568803625666
177.44764437610843,153.12782001502805,165.4059631052401,203.42216248762244,45.05505178483984,116.4864197435746,29.54550839085483,18.23651781311223,23.42467657982023,33.22092614026938,45.052934186387155,145.2542674225265,103.14854774788196,61.032569160137,87.46551023033149,49.460054298028,5.913291535033467,5.175670055804921,0.7376214792285463,1.1461094948369293,0.6732685766284855,0.16820104845810338,0.05034426830146827,8.799706473498208,3.4672416697682147,2.888797255358847,2.443667548371146,2.7547569188359935,166.79522550722263,0.09554777388694347,38.67837288159514,31.01659936457068,180.0,$HR$,[bpm],5.135259584909611,8.320348602159626,13.138278750730302,13.081928650240155,13.103131960206726,1.8445427034524489,3.241328967050823,9.321983719336066,8.2422610761902,8.559796261456887,11.293178400389056,11.436680534061425,5.620991503263183,1.5152476415758789,0.12039353009838252,0.37468823158370645,8109.909321271171,3.7020316013341263,0.3733659967228632,1.3438687007267407,0.996471106510993
