STK_syst_list,DTK_syst_list,MAP_syst_list,Plvmax_list,SV_lv_list,EDV_lv_list,STK_pulm_list,DTK_pulm_list,MAP_pulm_list,Prvmax_list,SV_rv_list,EDV_rv_list,maxVla_list,minVla_list,maxVra_list,minVra_list,Eout_total_list,Eout_lv_list,Eout_rv_list,SW_lv_list,PE_lv_list,SW_rv_list,PE_rv_list,Ein_total_list,Ein_LAD_list,Ein_LCX_list,Ein_RCA_list,Ees_lv_list,Pes_lv_list,LVET_list,EF_lv_list,EF_rv_list,var,var_name,var_unit,Plvmin_list,EDP_lv_list,Pv_syst_max_list,Pv_syst_min_list,Pv_syst_mean_list,Prvmin_list,EDP_rv_list,Pv_pulm_max_list,Pv_pulm_min_list,Pv_pulm_mean_list,Plamax_list,Pramax_list,Plamin_list,Pramin_list,RVET_list,Ees_rv_list,CO_list,Ea_lv_list,Ea_rv_list,VAC_lv_list,VAC_rv_list
94.119691245345,16.06596635953977,46.15391372014874,132.42051586723733,196.26871367113833,224.83058572697385,33.5170819921224,14.88387677206961,20.361569815185184,33.94132700655729,196.268716835241,300.53957066876126,247.30747232537146,103.66263272752595,201.30135614719458,55.896693822763595,8.259230623496817,6.404564531238314,1.8546660922585025,2.295413086860801,0.023515584374285938,0.6230078347535778,0.04962065803443135,31.033852259068688,11.811301817379068,9.935845339790573,9.286705101899049,0.8309201977359444,17.120062536035952,6.0,87.29626933831858,65.30544926197355,10.0,$HR$,[bpm],14.265241986722112,17.120062536035952,9.354229331069392,8.402727000193247,8.854515261591722,4.777266662494102,9.769574581133382,19.553581986399585,14.84757846774798,16.76534573054559,19.54459778602972,9.806096772447221,14.133467227955464,4.202874952312268,2.293146573286643,0.5950289433359928,1962.6871367113833,0.08722766973814171,0.10722523903466827,0.10497719272658904,0.1802017199928404
94.8889078808516,16.324221256734212,47.14481031562205,134.91003208355852,194.7988178849352,225.11426594810467,33.62023854185451,14.876931028036418,20.429186154048644,34.05088070495849,194.79897676854924,298.8396227856099,246.71265828297263,103.77263691024409,200.7399040448073,55.6975811834983,8.379834822333128,6.526354540850437,1.8534802814826916,2.3441638945481085,0.024272910675646134,0.6221169530650652,0.050029502822207875,30.931601885875864,11.780741076725022,9.914650656084513,9.236210153066333,0.8072382263468831,17.143898610405667,5.8023255813953485,86.5333065696698,65.18512336240623,10.340681362725451,$HR$,[bpm],14.169102912098731,17.143898610405667,9.361632307142884,8.442846485751973,8.872066479472222,4.740511038479432,9.70388483656935,19.50681429287166,14.835026547477783,16.73830311829255,19.49701266263781,9.74125877849331,14.10161331563721,4.155014530526588,2.2204997847761088,0.5945604531677283,2014.3525055836988,0.08800822713684185,0.10843568635198765,0.10902385970386803,0.1823795810405127
95.61980433610324,16.528628506780255,48.12163786926026,137.3557272827963,193.35065475697834,225.3659861887119,33.71312083701274,14.867161643518381,20.4918353600132,34.1498957006074,193.35067899652185,297.1811182905807,246.0713585185926,103.86235436374088,200.23050827429526,55.4465224445813,8.497088431013605,6.645444117439251,1.851644313574354,2.3918450153646966,0.025002186846380798,0.6209594588541305,0.05044066861511917,30.83428321791712,11.752054079622674,9.894508519186218,9.187720619108232,0.7854764235951266,17.16340206415933,5.617260787992496,85.79407124688049,65.06156249384105,10.681362725450901,$HR$,[bpm],14.069079996387703,17.16340206415933,9.370025844667913,8.482993347530774,8.890861498626899,4.706575322355967,9.639965428976895,19.456347433378603,14.818966303266661,16.707709670384563,19.44570868148741,9.717376514319158,14.067291267718959,4.108772757467458,2.149677089952106,0.5940655694600734,2065.2484766627144,0.08876826450746672,0.1096502706737849,0.11301200372275244,0.18457604061020136
96.30327849597779,16.66121350944908,49.07953442268696,139.74440193865584,191.90655390062787,225.59515153503733,33.79883317102575,14.85794549279788,20.553222760075993,34.24134227932191,191.90671707053937,295.5206648567062,245.44024428582063,103.94244410757003,199.72925663066206,55.10871361730824,8.610259829574298,6.760928885781945,1.8493309437923526,2.4380850352327506,0.025707194759910134,0.6195856349559281,0.050874098292995676,30.738607547342596,11.723935015735675,9.874345814458255,9.14032671714866,0.7657450937335771,17.18372272585565,5.443636363636363,85.0667900417278,64.93851019304935,11.022044088176353,$HR$,[bpm],13.968368935941598,17.18372272585565,9.377730798133959,8.521677117265373,8.909248586452115,4.674566871153349,9.57741703694684,19.406716024911145,14.802958406757531,16.677578139110352,19.39521954286565,9.713119102277382,14.035364432491582,4.062840284294449,2.0859557051252895,0.5935435447477211,2115.202497902712,0.08954213588116246,0.1109001874811348,0.11693465177109777,0.18684423150161908
96.94056013273774,16.74401420560434,50.018556489869106,142.08897981143875,190.46755790976434,225.95092524933258,33.87833726800101,14.85007307381644,20.61420042981455,34.326115309774906,190.4675878327157,293.8494320076406,244.83201645758277,104.12027292994881,199.22374916918474,54.73974482331575,8.720874414753728,6.874261530011029,1.8466128847427001,2.4834794354976,0.026382975075988597,0.6180220756942059,0.05133275550201376,30.64409351912487,11.696150959723616,9.854002093850305,9.093940465550954,0.7476454827119237,17.201152311324105,5.28042328042328,84.2959849354841,64.81808949957856,11.362725450901804,$HR$,[bpm],13.867941700739033,17.201152311324105,9.38453594152696,8.558635203605343,8.926955097907078,4.644150806840917,9.51616294375763,19.35891534899498,14.787838394269466,16.648740421254683,19.34656131660662,9.709100510893167,14.00681749656405,4.0169498965297565,2.026055355720188,0.592993654097982,2164.2305678323924,0.09031014257805153,0.11218867812213389,0.12079273488080321,0.18919035194868483
97.6449112316809,16.921556032779495,51.00378099869758,144.56229130661924,189.28208153035706,225.7375469868445,33.946003744249595,14.82417989112639,20.655593855407375,34.40011013450468,189.2818652815373,292.38085309211016,243.9142085438239,104.0098672535327,198.9169705932315,54.417485104731206,8.843082753367497,6.998875627985062,1.8442071253824353,2.533467019813667,0.027051528147740225,0.6166891553559978,0.051687724880764556,30.592074018826324,11.684735204964415,9.847071990216719,9.060266823645193,0.7298411114328645,17.20908835664408,5.126712328767123,83.85050872435856,64.73811923036797,11.703406813627254,$HR$,[bpm],13.751749960040952,17.20908835664408,9.400986883190017,8.60304891005333,8.953706251702128,4.618713082442259,9.46429088212035,19.286324328944634,14.754386748353872,16.59667139834573,19.27313668350591,9.714906107737372,13.949074884159447,3.9755559393700555,1.9670777169406621,0.5924167248379535,2215.24520267993,0.0909176833723909,0.11322599805686498,0.12457188550792414,0.19112559336982968
98.32685906148441,17.6076541402578,52.01367904797918,146.78963473152083,188.25344377977103,225.1997225166126,34.00637059900686,14.787708751219562,20.685693406897474,34.467278185986146,188.25316631443852,291.0512631341498,242.81946405715624,103.72987892087095,198.7383946503114,54.14592032447061,9.148354159417044,7.306310303926026,1.842043855491018,2.572049423640097,0.11344256982576752,0.6155093383114838,0.05198816392063727,30.573899598435805,11.686830462157616,9.851010458494507,9.036058677783684,2.921803719989897,70.51172637843784,2.038533409799742,83.59399455560337,64.68041550043708,12.044088176352705,$HR$,[bpm],13.626676013688495,17.16922932225116,9.42274165285078,8.651143423791593,8.985691092365483,4.597380307179539,9.418362023863597,19.19953760022987,14.710051631419987,16.531323354844773,19.1855571245725,9.726897145835036,13.874422578511087,3.9344389105711848,1.913928678149391,0.5918141850456408,2267.341076385619,0.3745574315279259,0.11411702377027229,0.12819390603322972,0.192825766353457
98.98397128485153,18.339631007932546,53.00949614262929,148.93250334937818,187.2213814950009,224.63875164436521,34.060018472583224,14.750469295637162,20.713624938913586,34.52757827536796,187.22122140383757,289.7365402070831,241.7120054241225,103.44158945626138,198.57354359943974,53.911668470884926,9.245656323368934,7.406054594918052,1.839601728450881,2.6075005646750236,0.11853788854369683,0.6141541088573772,0.052350658805582574,30.55254989368519,11.687637257799269,9.853506410347753,9.01140622553817,2.9217503020822844,72.07720600957974,1.9776101643054538,83.34331459934336,64.61774592532413,12.384769539078157,$HR$,[bpm],13.501090087756285,17.12633644707964,9.444842946154532,8.698686675768078,9.017965901305256,4.57759116651723,9.372620638605644,19.111643135178277,14.664602340246056,16.46516092735807,19.0969604339298,9.738804216305901,13.799717384487883,3.8938695622482866,1.8612801546404272,0.5918232669236391,2318.693662603418,0.3849838380318987,0.11514625564465324,0.13176479788759735,0.19456189386266587
99.62056581896258,19.086040484144274,53.989422888297476,151.0208841991062,186.17851674152877,224.0517011092678,34.10604179584464,14.712183949269832,20.73884970857236,34.579958041804446,186.17830545951003,288.4383172330272,240.58751992619605,103.14357496035574,198.4234367149025,53.71622911064947,9.337910942741683,7.50141251131909,1.836498431422593,2.6412132825897268,0.12358855127982199,0.6125831416437603,0.05266012316217183,30.525483672944002,11.686117155053337,9.853739488744958,8.985627029145709,2.921731983043395,73.59649115018267,1.9199489508533794,83.09622994146844,64.54700861019722,12.725450901803608,$HR$,[bpm],13.37504388225299,17.081359620322473,9.46750434603066,8.745884285159967,9.05068603251616,4.55918004401861,9.326455366520614,19.022214633865303,14.617758360581254,16.397838427872834,19.007001594095684,9.751455527622396,13.72469174509531,3.854548982048397,1.8138092668381434,0.5911859610754894,2369.2055737649453,0.39530066324653623,0.11607046364691004,0.1352966889299596,0.1963349458362541
100.23569955546441,19.845280908351096,54.9523789217004,153.05096326876657,185.1204346905214,223.43780572273525,34.14417695298219,14.67268462245044,20.76102529719825,34.624121456666934,185.12036012313922,287.1606695774523,239.44467689645523,102.83647649115541,198.28991701225945,53.55801013364319,9.42543328664651,7.5926191771370455,1.8328141095094637,2.6730852121749455,0.12879250210840643,0.6107783855863231,0.052967187385003604,30.491932301977926,11.681968917081894,9.851476582281794,8.958486802614244,2.926458715246357,75.190728419529,1.8652946104954318,82.85099027522584,64.46577812885653,13.066132264529058,$HR$,[bpm],13.248412873104082,17.033980681213976,9.490827116845754,8.792812979762719,9.083930903198642,4.542046988251898,9.279636891525797,18.93101372646235,14.569327770260239,16.329128805823885,18.91557415171642,9.765472754285621,13.649137303945277,3.8167658933037902,1.7688138547801509,0.590520781307812,2418.8080845334657,0.40617195257363414,0.11700775949754502,0.13879298910233953,0.19814333923763153
100.82950023380651,20.615055223943163,55.89813150299144,155.02220230842227,184.0473172767033,222.80012988143534,34.17446650268319,14.63204147665692,20.780158084720895,34.66018531506225,184.0472497989835,285.9081313044224,238.28726397652673,102.5209552327921,198.1727896753352,53.43329649301285,9.507366643506568,7.678652689782796,1.8287139537237715,2.703116446817322,0.1337342400862535,0.6087451702670833,0.053333672710059614,30.45183481656828,11.675163017050128,9.8467158766865,8.92995592283165,2.9264163612752556,76.61912116870154,1.8156567072774052,82.60646767784444,64.37286304495414,13.40681362725451,$HR$,[bpm],13.121281213868507,16.98425245714665,9.514846791940911,8.832241995985079,9.117723017350068,4.5259979334882185,9.232302644250957,18.838117787682386,14.51934823170266,16.25906777303716,18.82298111812214,9.781684001426928,13.573056617440143,3.7806851855745096,1.7238664175136895,0.5905315053814871,2467.48808132494,0.4163012115710963,0.11809751269133471,0.14225631631914576,0.19998511783895928
101.40397657793093,21.39409864173923,56.82732407293659,156.93762142895676,182.96283908836088,222.14484482932238,34.197674478518735,14.590502261493217,20.796558453529595,34.688857902015094,182.9626255199178,284.6857830748445,237.1249838059841,102.19763301812836,198.06952138647176,53.33464123128743,9.584245685711839,7.760284678220757,1.8239610074910817,2.7314201557531836,0.13861426628777465,0.6065112604801015,0.05363549053253333,30.405782806794235,11.665921328253077,9.83966533372417,8.900196144816993,2.926382049717479,78.00407269395045,1.7662956842852913,82.36195588015302,64.26826922783725,13.747494989979959,$HR$,[bpm],12.993982113808023,16.932554855460687,9.539497607789338,8.868856587465114,9.151974610415472,4.510965117248723,9.184885741759452,18.743832226472428,14.468058258321884,16.18790193263305,18.729998704478728,9.80034552589232,13.496540057974576,3.746223461893451,1.6833300031940166,0.5898318001440409,2515.2807137197506,0.4263383377882479,0.11906267545686983,0.14568785980265558,0.20185869162665343
101.96240537775209,22.182392825619626,57.7413181524209,158.80338262255333,181.87405259809265,221.47947265367912,34.21499734620087,14.548463656543117,20.810813669979396,34.711388138301864,181.87399956353386,283.5006100598223,235.96564670657108,101.86816956805555,197.97299551501655,53.24982835161133,9.656876353428453,7.8380504304185035,1.8188259230099497,2.758211517386812,0.14343499904347404,0.604124803292717,0.05393451500401058,30.354915905400688,11.654678249733339,9.83071629258497,8.869521363082379,2.9263820497174784,79.34889451026771,1.7214524758823226,82.11779196462315,64.15294821593368,14.08817635270541,$HR$,[bpm],12.866846425412657,16.8795220874119,9.564588160195088,8.906014899325195,9.186472419077356,4.497124760126772,9.137946999839569,18.648683105507715,14.415851070793389,16.11605643014129,18.637251736525688,9.820952871422069,13.419925259993526,3.7132199954742156,1.6447540982440012,0.5891048121044338,2562.2737269831487,0.43628485414361884,0.12003471278369023,0.1490867722434735,0.2037578208789288
102.5093363396984,22.976474184384223,58.64223958214013,160.6282790558902,180.78941398793742,220.81275601641423,34.22795505983614,14.506453707102212,20.823715987698225,34.72935524590338,180.78937669619557,282.368300168972,234.80187799601606,101.53549568238361,197.87677964360958,53.16009264144322,9.72690547800909,7.913267320630798,1.8136381573782927,2.783785557162378,0.14843693089892177,0.601646735417256,0.054303735061724825,30.30066341098063,11.641974541658525,9.820336403813213,8.838352465508889,2.930925739309799,80.78322586300207,1.676646656661664,81.8745335412137,64.0260881225015,14.428857715430862,$HR$,[bpm],12.740285053271794,16.82596504517429,9.589873998114754,8.943352977780064,9.220954828780883,4.484511453056354,9.092099212078606,18.553371553994225,14.363259877528673,16.044104040789232,18.544150239681287,9.841739156577823,13.34360952771795,3.6813118573690784,1.6059196264799065,0.5891122792194479,2608.5847308880752,0.44683604023625006,0.1211682350621829,0.1524555993498065,0.20567935746090094
103.04971989269208,23.778352780297936,59.53257968430895,162.42312287254182,179.7188720667177,220.1532195080304,34.23828031590881,14.465106830428722,20.83621423915861,34.744617007951156,179.71877824423095,281.31708381585975,233.64260902617087,101.20255523983428,197.77031362075235,53.036376929240035,9.793929207485682,7.985694850151755,1.8082343573339266,2.8084867654336945,0.15317780779872597,0.5991449619082836,0.05460884188599562,30.244756252785663,11.628474381195334,9.809109063646622,8.807172807943711,2.9308961565288554,82.06272640518762,1.6359400867326472,81.63354252476067,63.88477223156078,14.769539078156313,$HR$,[bpm],12.614761999935336,16.772782659732282,9.61502860335445,8.980442782348247,9.255084711291067,4.472937426991372,9.047732806262685,18.459920653204502,14.310911576909263,15.972723335844428,18.45140872209367,9.861259696439125,13.268088221949297,3.6499527510313667,1.5709089280053865,0.5883490307227935,2654.3649040715623,0.4566171902899723,0.12215277790492912,0.15579439389990438,0.20761957873010012
103.58959769969036,24.58752111433161,60.41556442770067,164.20078873717983,178.6736955931003,219.51101483275468,34.24822400122606,14.42526116796349,20.84953339161908,34.75939930281991,178.67362442490605,280.3399900295376,232.500641345131,100.87379271485094,197.64305191796575,52.840832300403335,9.860126180445128,8.056950964484297,1.8031752159608312,2.832731039948371,0.15789943341922966,0.5967004564335188,0.05499678582698175,30.189181684990245,11.614939207800496,9.797693485726843,8.776548991462915,2.9308695002133502,83.31751869042932,1.5950826872322104,81.39623231628339,63.7346189553907,15.110220440881765,$HR$,[bpm],12.490851393128853,16.721038506233928,9.639737790406116,9.0168676323116,9.288538759175314,4.462177609563448,9.005033000222118,18.371814036959364,14.259615792977634,15.902794843141294,18.36005130761048,9.879110610545043,13.194031900084681,3.6184080726858383,1.5354905569495623,0.5883587689888115,2699.79892739875,0.4663110505094782,0.12330398810067636,0.15910331404231184,0.20957278891686099
104.13142729258125,25.40160560823751,61.292651378421695,165.96639639921997,177.65800239969425,218.88870287686453,34.258595292856484,14.387246916977345,20.86414926685622,34.77464096612812,177.65803115277365,279.3808280075771,231.38083961632105,100.55027670492169,197.48887379001067,52.57402806148515,9.925683649582286,8.127497397709655,1.7981862518726313,2.8566980464286846,0.16260983881914334,0.5943459491822022,0.0553232588961032,30.134711909637613,11.601666866993943,9.786355928562456,8.74668911408122,2.930848819653974,84.55083855853323,1.55796964630175,81.16362336873799,63.589915034526044,15.450901803607215,$HR$,[bpm],12.368668260351923,16.67113094099473,9.663799428090485,9.052394030477707,9.321123120898504,4.447743776281527,8.963905256959098,18.28555140163739,14.209668203666496,15.834630745117375,18.270467169305686,9.894888350129618,13.121659193674976,3.5862624023607608,1.50357669106927,0.5875603889337403,2744.9763497026906,0.47591911096867506,0.12429197483798886,0.16238268851576715,0.2115390642033314
104.67611249251657,26.222245161333767,62.164495274892516,167.72168987477966,176.6716422386219,218.28490040438092,34.26967243227872,14.351152543510162,20.880159442826958,34.79058196093793,176.67151081086195,278.4249343455949,230.2847405730982,100.23200290443668,197.30824986602644,52.28238192818017,9.991129013495758,8.19748046884096,1.7936485446547983,2.8804445593959866,0.16731172875074468,0.592086651965317,0.055737959682975007,30.081475571145674,11.588709677754752,9.775154078522696,8.717611814868224,2.9308488196539737,85.76452819431675,1.5224579294723504,80.93626353051955,63.453911276340094,15.791583166332664,$HR$,[bpm],12.248274005660507,16.62311188096843,9.687265623296954,9.087073641585686,9.352895361750935,4.414094564786887,8.924199794249622,18.201198542903533,14.161121249327454,15.768277751942033,18.182779245847854,9.90943946217075,13.050996690484316,3.5534736991198757,1.471139122860923,0.5875706144408128,2789.9249315437683,0.48544592164077316,0.12545467378505792,0.16563321805799816,0.21351420697655604
105.22220794631485,27.048582533876203,63.03059808973005,169.4641235444003,175.71093134582756,217.69491719834707,34.28113687415839,14.316795383549591,20.897273532531333,34.806876923169256,175.7108978264051,277.4680312911521,229.20841601305983,99.917869611561,197.10281221377917,51.988914116285656,10.055825509415621,8.266693164258973,1.7891323451566488,2.903888486423537,0.1720030437630378,0.5899043988629633,0.05608435933079636,30.029002747764807,11.575893081137657,9.76395496100551,8.689154705621638,2.9308488196539733,86.95860730738907,1.488446086397236,80.71430128326475,63.32653783888659,16.132264529058116,$HR$,[bpm],12.129479253106549,16.576672713844427,9.710209046541943,9.121002133407094,9.383933878503253,4.380144483600133,8.88567351267524,18.11847219873773,14.113768371250824,15.703500135446628,18.096673281044787,9.924113821201674,12.98184568360221,3.5201159532366466,1.4419321461973222,0.5867381297966524,2834.6152251180597,0.4948958305629856,0.12644222830100144,0.16885750887055812,0.21550027496052268
105.76798759840196,27.878326470692148,63.890197705163196,171.19129520736365,174.77156152279667,217.11414513318434,34.292367203660206,14.283952647298714,20.915152660502308,34.822951433739235,174.77168536853307,276.509863338764,228.14847350047293,99.6067174793662,196.8749179710112,51.70130099302982,10.120473271680048,8.335510790413569,1.78496248126648,2.9269236616656467,0.17694251329921848,0.5877750022613782,0.0565186893103616,29.97674339473576,11.563012937098776,9.752604831395729,8.661125626241262,2.935223472063522,88.26417834704215,1.4540189802930663,80.4975472305531,63.2063114343277,16.472945891783567,$HR$,[bpm],12.012096109425139,16.531448684680555,9.732733706085938,9.15432044214706,9.414354136934433,4.34607776922312,8.848084386460368,18.037111685040237,14.067385206515121,15.640051877547537,18.011877880037837,9.939957901378952,12.914021640952708,3.4863608828607116,1.412111165071587,0.5867471582657023,2879.0024763875526,0.5050259754961864,0.12761398339094857,0.17205707855052782,0.21749399480373777
106.31207869700626,28.711460630202538,64.74255650539853,172.8987956606435,173.84934069236283,216.53896426047817,34.30292111500702,14.25245161047708,20.933508095510543,34.83831010677502,173.84915565673722,275.5534469079212,227.10207358863545,99.29790444184191,196.62949170960965,51.42390065950327,10.183050332429612,8.40236681479838,1.7806835176312321,2.94943964590682,0.1816037747429285,0.5856787130317213,0.056875562428129155,29.924029515393173,11.549810998003045,9.740887995577568,8.633330521812553,2.935209903192772,89.41900205671492,1.4227721727371432,80.2854771593147,63.09090218524124,16.81362725450902,$HR$,[bpm],11.89598769085415,16.487097405008292,9.754969267334168,9.187170245348135,9.444288531738417,4.312077275779817,8.811294039987146,17.956876510356704,14.021782983243039,15.577724249083264,17.928165887090838,9.957232482340329,12.8473268289045,3.4524298467667323,1.3852838218871055,0.5858814889869136,2923.0380128435354,0.5143476627555774,0.12860058841584604,0.17523369016849397,0.2194993199703541
106.8526776400754,29.54772362682821,65.58689534429533,174.5831619213198,172.94050710668452,215.96650090619647,34.312420237907084,14.222123421820525,20.95208852466971,34.852535746949265,172.94036953226305,274.6009145121313,226.06681437780037,98.9911323886437,196.36972517697754,51.159348417732545,10.244284597024725,8.467622772946244,1.7766618240784808,2.9713313398514765,0.1862388930535015,0.5835986457455868,0.05732079493672244,29.870367013220694,11.53610102687705,9.728658206047704,8.60560778029594,2.9351986145128377,90.55276975844937,1.392766476696292,80.0774686726994,62.97880319864081,17.15430861723447,$HR$,[bpm],11.781042174715585,16.443303313497193,9.777009826167044,9.21965933397719,9.473831043440134,4.2782670217877214,8.775126743896458,17.877550467832364,13.976799880184664,15.516341854445606,17.84534515022403,9.976199836906368,12.781660763142456,3.418529532404778,1.357772344115983,0.5858877350810248,2966.6748313290973,0.5236064775882071,0.12978207813736767,0.17838877239832418,0.22151356030591693
107.38828427273849,30.38609858337444,66.42233893852382,176.2415700800219,172.04173167832542,215.3938880366829,34.320440616067195,14.192771577981944,20.9705995538988,34.865198357405944,172.04189613380854,273.6533113490358,225.04002875338261,98.6860720447263,196.09652613864083,50.90927656216233,10.30343340227565,8.53101878464096,1.7724146176346889,2.9924992318332957,0.19084173753294828,0.581513266716823,0.05767966728101798,29.815328035432227,11.52172500920595,9.715796913651044,8.57780611257523,2.9351895110860045,91.66479159744082,1.3622137529245724,79.8730796154372,62.868559962124756,17.494989979959918,$HR$,[bpm],11.667154669228076,16.39974205121128,9.798874879529635,9.251823913974489,9.503006634901682,4.244697563571818,8.73936404220422,17.798946474195027,13.9322563784251,15.455711448388314,17.76320230027061,9.996294496384667,12.716892427219111,3.3848394181494976,1.3330479672826103,0.5849896953781852,3009.868371847256,0.5328055623668729,0.13076727141994118,0.18152339409585097,0.22353773485770978
107.91827388865705,31.224527161120278,67.2486340269766,177.87292113679476,171.15100794282557,214.82054297182125,34.326850975999704,14.164341991605584,20.988962320507163,34.876102971886986,171.15080863333984,272.71525470056616,224.02128692779638,98.38323611646278,195.81490577147846,50.675278508432,10.360798607147043,8.592440199379633,1.7683584077674104,3.012899387973144,0.1954096361649182,0.5794155517841914,0.058128516413943024,29.758589704509856,11.506552130055024,9.702190150625842,8.549847423828993,2.935182488562774,92.75521639140864,1.3345110757626004,79.67162058857473,62.758062001796965,17.835671342685373,$HR$,[bpm],11.554231717903019,16.356272473260333,9.820651590315023,9.283741890173287,9.531899654614474,4.211559056164037,8.703940324252091,17.721018390760598,13.887668707798456,15.395795627715104,17.68170295422371,10.016412072437113,12.652999987504808,3.3515809196703867,1.3075852533008077,0.584991678613165,3052.593127637571,0.5419495771967309,0.1319587853225135,0.18463914230494713,0.22557378189608973
108.44163165611019,32.06334892559915,68.06517738465516,179.47423121790746,170.26644928072014,214.24547752820533,34.33151742794595,14.136766378486563,21.00706809226384,34.8852466452314,170.26677450380558,271.7866874731011,223.00952908570787,98.08232356677779,195.5252006766844,50.458178232069216,10.415985278380655,8.651726440164197,1.7642588382164575,3.032471162600831,0.1999379594171352,0.5772998080454743,0.0585777684652807,29.699963514701466,11.490518794974953,9.68780083387666,8.521643885849858,2.9351774749280604,93.82371209802648,1.3078468672042747,79.47259902291502,62.64720913553097,18.17635270541082,$HR$,[bpm],11.442331324169025,16.312725939584585,9.842366390859212,9.315416963458915,9.560536752042939,4.178816811947854,8.668670293483256,17.643665375299555,13.842286521589534,15.336506416891506,17.60076232685663,10.0361616328661,12.589908553802134,3.3189180854678773,1.2830770401738907,0.5850000377747602,3094.823036024312,0.5510405161696789,0.13315646303339962,0.18773669424646447,0.22761787082938315
108.95755533475091,32.902126254748396,68.87159848429144,181.0446609812904,169.38634993308017,213.66775346311468,34.3341459583026,14.10994391497903,21.024734424366976,34.89221140165191,169.38649590441608,270.86890462149285,222.00355112671443,97.78421575651416,195.22957139958152,50.25865793451291,10.468612288419065,8.708769219574918,1.7598430688441469,3.051173933346926,0.20442331038271586,0.575151447943588,0.05893110036704082,29.639247682497018,11.473545980740994,9.67256713036553,8.493134571390499,2.9351743877744942,94.87023230234615,1.282163809177316,79.27557957982707,62.534492890984886,18.517034068136272,$HR$,[bpm],11.331463137248818,16.2689377667503,9.864033962112757,9.346877838243692,9.588937037251116,4.1465887394494,8.633439079517741,17.566791300811843,13.792019959898356,15.277754233802431,17.520284090137153,10.054391708696455,12.527574637657796,3.286982363407625,1.2610915847534157,0.5840619716712349,3136.5328123880977,0.5600819212399745,0.1341438471450756,0.19081725555142887,0.22967399634192312
109.46552725580746,33.74014240178142,69.66749498904186,182.58284967035968,168.50918977807171,213.08673028861037,34.33466833761765,14.083816077181067,21.04188871779245,34.89691649977829,168.5090504086362,269.9633848913477,221.00337820324378,97.48931070493302,194.93024761710575,50.077058235310965,10.519017930647747,8.76345259881331,1.7555653318344384,3.068964202676589,0.20886205700361812,0.5729671945151191,0.059376436311888416,29.576204224603188,11.455540217826849,9.65641233554831,8.464251671228025,2.935173146382954,95.89466342343884,1.2574087256167936,79.0800954849879,62.4192241760697,18.857715430861724,$HR$,[bpm],11.221638928352142,16.22480317368034,9.885687898021391,9.378176145660916,9.617137856520177,4.1149172450233396,8.598171065268106,17.490339544150686,13.741522560109386,15.219473274107116,17.440270256259502,10.070742167849522,12.465936894283393,3.2558963753801615,1.2383088462403358,0.5840661327804311,3177.6983483199497,0.5690767580672192,0.1353513669149021,0.19388183581895288,0.23173979677706286
109.96485336891297,34.57620709997008,70.4525251543815,184.08682060509145,167.63391617096136,212.50177336815693,34.33292720921247,14.058336345040109,21.058400908242966,34.89931592665576,167.63385306222074,269.06924540038466,220.00758549521595,97.19705556036625,194.62760579645183,49.91312338863167,10.566866695831806,8.815695625750479,1.7511710700813268,3.085812285127787,0.21325097737240833,0.5707387181032851,0.05981862745822989,29.510788258588367,11.436489002815842,9.639338359877815,8.43496089589471,2.935173694953526,96.89697507320403,1.233532214959254,78.88589046291744,62.30138000824864,19.198396793587175,$HR$,[bpm],11.112864352654402,16.180216702414235,9.907357727931648,9.409348464769797,9.645172589751136,4.083811676628862,8.562769875430027,17.414263719172176,13.69155971728997,15.161589440558,17.360606839617276,10.085718072907065,12.404948105449982,3.225754359290979,1.2163346809103925,0.5840736291102168,3218.302438713046,0.5780272708917908,0.1365645867111474,0.1969311975933823,0.23381399177222087
110.45482501059722,35.4093106751907,71.22627031180033,185.55641606141825,166.7591078653951,211.91225882662962,34.3288065896476,14.03340869969271,21.074161656033468,34.89917038838456,166.75935558366805,268.1860292483782,219.01507394045606,96.90764054407154,194.32375618691438,49.7666374762058,10.611789968203325,8.86539135847668,1.746398609726646,3.101678569368576,0.21758621049999333,0.568461883694919,0.06015543733217287,29.442789797134658,11.416310267138378,9.621278225587972,8.405201304408314,2.9351759549972387,97.87697889191408,1.2104883210836188,78.69252528794223,62.18047824900875,19.539078156312627,$HR$,[bpm],11.005011340002703,16.13508522666562,9.929064770116879,9.440422118440297,9.673071939146459,4.053299914944324,8.527219142801998,17.33845636215814,13.642049785244929,15.10401827157354,17.281205915236484,10.099211270707979,12.344531072327097,3.1966327262879433,1.1966629468580445,0.5830975350708262,3258.3192418589224,0.5869363307635262,0.1375515978955676,0.199966318804243,0.23589809529697262
110.93529221344262,36.23988474902415,71.98864674688296,186.99011838877342,165.88443076983032,211.3181515129842,34.322168076097995,14.009025929824812,21.08908184042181,34.89636265602514,165.88447355395442,267.3109349453828,218.02526973671246,96.62179748286316,194.01937301983503,49.637346065812345,10.654255725734549,8.912531399262523,1.7417243264720255,3.1165612293621923,0.22186616871200454,0.5661303486221841,0.06058685726075308,29.37220926537904,11.395003340497702,9.602237907023392,8.374968017857952,2.9351798866859653,98.83498582302468,1.1882342380867854,78.49984943656756,62.056748104168676,19.879759519038075,$HR$,[bpm],10.898219254812822,16.08937067889841,9.95084555462152,9.471435190228112,9.700879389125502,4.023396225948265,8.491518357311646,17.262874730493202,13.592958309643175,15.046715377640135,17.202021578936996,10.112101065485524,12.284662000173766,3.1685599558301396,1.1746457906372543,0.583101327731952,3297.7425916567468,0.5958062813029225,0.1387724609707579,0.20298799538846382,0.23799030180660252
111.40626424947087,37.067439169977305,72.73965639006836,188.38861712845946,165.00947669405028,210.72023456083932,34.31315282637879,13.985168854616207,21.103191146917563,34.89106901005121,165.00919242443985,266.4421303940892,217.03829456422534,96.33873523467312,193.71683722618982,49.52531475018062,10.694034628526454,8.957118776716928,1.7369158518095251,3.1304625820578726,0.2260897662010418,0.5637499109023026,0.06101263048368322,29.29900796231902,11.372551126346778,9.5822006289471,8.34425620702514,2.935185462691252,99.77139103246539,1.166730044903522,78.3073714007321,61.930593401418186,20.22044088176353,$HR$,[bpm],10.792558160673297,16.043103523898747,9.972748022358424,9.502433661105739,9.728648220743995,3.994133976543847,8.455734915569279,17.187533499432757,13.544245720786096,14.989675882876362,17.12306356513803,10.125432206668437,12.225310201107611,3.141565552081078,1.1548549299426718,0.5831080732760383,3336.5643684227807,0.6046403699434484,0.1399987197277944,0.20599733053633265,0.24009051862590183
111.86706263479716,37.89130235321827,73.47881510499307,189.75041018289107,164.1334586182029,210.1171280840968,34.30150878712432,13.961730892986148,21.116279260885495,34.88299552670039,164.13372886631345,265.5768457068854,216.0522925303441,96.05858256673284,193.41367448513446,49.43083876805464,10.730757587241916,8.9990787538118,1.7316788334301165,3.143356198339326,0.23025305117766592,0.5613096446789878,0.06132402744707593,29.2232178663239,11.348974381504611,9.56120214348602,8.313041341333275,2.9351926663761883,100.68593439495531,1.145938466309178,78.11522083649957,61.80272547082898,20.561122244488978,$HR$,[bpm],10.687996859515243,15.996179328357934,9.994718460963737,9.533380286326508,9.756333554387984,3.9654565914881217,8.41978564555897,17.112287434651844,13.495799822195638,14.932765110869692,17.044183402427528,10.139499064499088,12.166375357948917,3.1156628925932344,1.1371797009615918,0.5820955980121303,3374.7681070596427,0.6134394244939705,0.14098160714789698,0.20899460247402687,0.2421966557200439
112.31824332770913,38.71091631762183,74.20652663910887,191.07683492862404,163.25698732231697,209.5105435234218,34.28742667656761,13.938756102626936,21.12843265255579,34.87237524013295,163.25702063893837,264.7147879625303,215.06885434633577,95.78186400706095,193.11272515887177,49.354991648574256,10.765073218297774,9.038516999976098,1.7265562183216763,3.1552833461100596,0.23435771079079398,0.5588170668955261,0.06173424136531789,29.144890314204225,11.32428559640377,9.53924461156864,8.281360106231825,2.9352015193678502,101.57957381249838,1.1258246572950905,77.92304128315433,61.67279958006993,20.90180360721443,$HR$,[bpm],10.58451363625827,15.948704432965972,10.016815815859056,9.564320729450236,9.783999372839574,3.93741103043702,8.383824587249515,17.037200577949694,13.447649544796917,14.876026800151232,16.965508347706862,10.15557754092329,12.10786943875911,3.0908653205121395,1.1186446531031575,0.5820968192988264,3412.3654865165654,0.6222065926768,0.14221211826696883,0.21198087714631725,0.24431007617989153
112.76013263515301,39.525476871210195,74.92298555658036,192.36872127298963,162.38074025627284,208.90145097296104,34.2709976102573,13.916242286537406,21.139698101946905,34.85925217545612,162.38072874703195,263.8565403122926,214.08842671950512,95.50761853987214,192.81370064883924,49.297208853076,10.796830722238166,9.075529685809052,1.7213010364291144,3.166282368633924,0.23840449551609758,0.5562783495273329,0.06213670593165664,29.06424944563923,11.29857625452081,9.516414149932976,8.249259041185452,2.9352120761288285,102.45301986689587,1.1063560081927757,77.7307862152142,61.54129382384952,21.24248496993988,$HR$,[bpm],10.482201172731106,15.900762257285482,10.039029431513352,9.5952470403769,9.81163918384918,3.9099745872575014,8.347908118626199,16.962301453299105,13.399787265976547,14.819476073457713,16.88707413756041,10.173828927483244,12.049786671812425,3.0671580494752555,1.1007041256477295,0.5821029243077875,3449.3704343015875,0.6309431753125542,0.1434456287664315,0.21495658880795013,0.2464265729931026
113.19311693615467,40.33558843373624,75.62844900579269,193.62745935761976,161.50528854173047,208.29076325225435,34.252413437788185,13.894184462196232,21.150061250809365,34.843835693512126,161.50497543668627,263.00137168604084,213.11006015187874,95.2369030173842,192.51604877472639,49.256523057053705,10.824964260128995,9.109326192686302,1.715638067442693,3.1763919736542006,0.24203330792559738,0.5536947066422598,0.062418328903550424,28.981458548881957,11.271909224297405,9.492766177848615,8.216783146735935,2.9308488196539737,103.15305098871066,1.0888926357329083,77.53838241311571,61.408415629665846,21.58316633266533,$HR$,[bpm],10.381148014537551,15.852411590806089,10.061328271298422,9.62611945900917,9.8392251173515,3.883133359133281,8.312141545794823,16.88758310005194,13.352192049574311,14.763099279337963,16.8088048121503,10.194132733947011,11.992106305079234,3.044479927673209,1.08472063329715,0.5810553689380463,3485.7955062012766,0.6386976669315538,0.14441979454524492,0.2179224198288606,0.24854738853749986
113.61794293729652,41.14115989517094,76.32341841964192,194.85461951860142,160.63196101919706,207.68054714709018,34.231858684026044,13.872646484074249,21.159671734968782,34.82637105410985,160.6320132053435,262.1502489713688,212.13481496758303,94.96937266164544,192.21944093998624,49.232214840435105,10.851995417147238,9.141841911859366,1.7101535052878725,3.1856800090722968,0.2459630445290721,0.5510789867224155,0.06280455201249198,28.896835564767738,11.244412481520941,9.468414914882237,8.184008168364564,2.9308488196539733,103.9870934982033,1.0706029431534778,77.34569425292834,61.27478949023894,21.923847695390783,$HR$,[bpm],10.281437002556917,15.803804785579985,10.083702504382643,9.65692486450595,9.86674955288609,3.856869949448997,8.276630504361213,16.813137790254927,13.304897574888496,14.70696631294415,16.730785197406643,10.21703269342224,11.934855271788413,3.0227735458751153,1.0678648282093515,0.5810553689380461,3521.6706483968255,0.6473624105589786,0.14565319609011812,0.2208788137476871,0.2506700804715361
114.03523754220583,41.94202863471379,77.00832511782473,196.05247935987725,159.76162829982604,207.0725931366548,34.20952500290331,13.851632224517743,21.168568424333895,34.80701356552198,159.76149716257893,261.3029428808651,211.163225379643,94.70477435706489,191.92363489283568,49.220963544244434,10.876929664130524,9.172347706974051,1.7045819571564722,3.194201562042742,0.24984222128004316,0.5484355071240383,0.06318317464688539,28.810563487810697,11.21615446131941,9.443416186334202,8.150992840157091,2.9308488196539737,104.80389557950797,1.052872971139035,77.15247386427112,61.140335964535396,22.26452905811623,$HR$,[bpm],10.183045931157393,15.755039422839694,10.106092986269857,9.687591143247586,9.894154957294013,3.831148977623856,8.241511756275502,16.738988860508858,13.257900239739264,14.651091414038516,16.65305803037144,10.241576957075848,11.878017835600344,3.0020079558624104,1.0515248623411617,0.5810577201766911,3557.0174156534413,0.6560016738363581,0.14688790570271365,0.22382651381991378,0.2527940006683797
114.44630196075865,42.738382746361765,77.68406886416378,197.22350363735637,158.89641922568066,206.47035426946314,34.18579240076629,13.831239271216713,21.17695625421254,34.78626423765153,158.8966684074284,260.4640703178791,210.19846165851519,94.4442493777757,191.6274721147967,49.22130327657054,10.900083398434772,9.20112074660235,1.698962651832422,3.2020627449003456,0.25367739599491845,0.5457794216868056,0.06355498962718709,28.723134861641274,11.187332430723096,9.417944251370086,8.117858179548094,2.9308498694459315,105.60524119884414,1.0356774131746722,76.95846688881348,61.005215887744356,22.605210420841683,$HR$,[bpm],10.086040479548233,15.706326623496746,10.12849202789348,9.718103787024114,9.921434220717252,3.805920093700543,8.206909419763578,16.66527002007968,13.211276576342526,14.595583428845984,16.575876932681215,10.267844911394889,11.82165291765092,2.9821195745406364,1.0356774131746724,0.5810630865165628,3591.8869917147854,0.6646168725102166,0.14812196984129275,0.22676592187093517,0.2549154700727502
114.85213950282562,43.53002727008476,78.35130070470706,198.37109069612254,158.03766762824327,205.87683808116492,34.1608730297147,13.811436762119806,21.184863749538085,34.76415600483729,158.0376852804663,259.6313907073289,209.23842472213457,94.18642732443139,191.33084027105656,49.23006212920765,10.921374239089381,9.228356045977307,1.6930181931120747,3.209339410018242,0.25747199078554195,0.5431179023385899,0.06380006234111528,28.634804363176904,11.15804419994965,9.392079066311908,8.084681096915348,2.930872297768969,106.39255647098771,1.0189924656651468,76.76320906285655,60.870022245736564,22.945891783567134,$HR$,[bpm],9.990518791306409,15.657789605941993,10.150829449410036,9.74837843443021,9.948518502207348,3.781202438368993,8.172952067423692,16.591955069013768,13.164953079593136,14.540408781703407,16.499073977770767,10.294897598602626,11.765703565003156,2.9629770388446213,1.0216086209043385,0.579976053128762,3626.315219125021,0.673210115459677,0.14907428105313306,0.2296961610958404,0.25703523490139113
115.25515490598052,44.31718654895636,79.0117123944823,199.50024415349975,157.18877385162293,205.3798740042212,34.135367345539336,13.792366497237639,21.192607842100646,34.74147921959338,157.18900352572155,258.81183142926653,208.28513839087185,93.93136922316872,191.03375164243292,49.24517981803581,10.941920242633463,9.25452070351631,1.687399539117154,3.21620675955292,0.26124068090086483,0.5404749350074709,0.06415902398324215,28.54628521812498,11.128572118717038,9.366061775799983,8.051651323607961,2.9308979038273955,107.16884487720729,1.002795717996692,76.535626781226,60.734860016892775,23.286573146292586,$HR$,[bpm],9.89658403848924,15.609770677821954,10.173159580730026,9.778458031386164,9.975461136451152,3.75699775940296,8.139811610073245,16.519214939406822,13.119000913723418,14.485705526561432,16.42281107126975,10.32236809187286,11.710224659182668,2.9444801186275953,1.0066625395313837,0.5799760531287619,3660.3878800718608,0.6817843428078932,0.1503001955376522,0.23261961527815964,0.2591489678355456
115.65654646425872,45.1008699672848,79.66624238856464,200.6142911142971,156.35168387162685,204.89826473910043,34.10934451280541,13.773917886355708,21.20013043149131,34.71831775105494,156.35164069181607,258.00436183524005,207.3379668079936,93.67732086728942,190.73501687747194,49.26142964203363,10.961711405570918,9.279886089919875,1.6818253156510432,3.222766705577455,0.26499186756070586,0.5378556757889138,0.06451233870338027,28.457994244745176,11.099082582288652,9.340036762754975,8.01887489970155,2.930927175736771,107.93606668620365,0.9870660521100245,76.30698291696683,60.60038659023185,23.627254509018037,$HR$,[bpm],9.804187718320156,15.562400805479951,10.195422866087112,9.80827448582605,10.002204028419161,3.7332231346749736,8.107554185786102,16.446918609427396,13.073248852432123,14.431347275538915,16.34703734463949,10.349564693809318,11.655047935486763,2.926544161598536,0.992147473227708,0.579976955925067,3694.1610277484583,0.6903415685297318,0.15152075312891744,0.23553692300669157,0.26125305769647494
116.05835896938923,45.88164144631292,80.3162630997338,201.7188105039709,155.52881798252798,204.41771389408285,34.08327864711692,13.75614052791079,21.207624160626658,34.69508916941962,155.52865024465544,257.2121006825674,206.3978365802971,93.42308856738914,190.43415301531164,49.276350850793186,10.980134471825515,9.303793635686965,1.6763408361385503,3.2291591413113605,0.2683179463662676,0.5352779930335966,0.06486055824223688,28.370444758588725,11.069777966659437,9.31417452779182,7.986492264137472,2.926382049717478,108.52709389479952,0.9730358490281931,76.08382611260089,60.467081382223796,23.967935871743485,$HR$,[bpm],9.713320986498871,15.51593490495153,10.217620830009718,9.837820448127623,10.028749662319013,3.7098776963758344,8.076274059306874,16.375119423427023,13.027674379130858,14.377368899821446,16.27182692642377,10.37579071702223,11.60013579354931,2.9090515723128254,0.9780450425881839,0.5799817760374995,3727.7047356132957,0.6977941149593987,0.1527337141275531,0.23844942427348675,0.26334226425362356
116.46142229252568,46.659736837199894,80.96248431060398,202.81530795828746,154.7212931808678,203.93933218523708,34.057498176039424,13.739117181374107,21.215249942258914,34.6722036005975,154.7213792230157,256.4360386899684,205.46483452585906,93.16827035629103,190.12921244956416,49.286409276695295,10.999446211392666,9.328477625770633,1.6709685856220333,3.235455031139777,0.27205619884828536,0.532749653495478,0.0652050561069746,28.283925577006006,11.040775362590683,9.288575586711017,7.954574627704307,2.9263937860926568,109.2807072149236,0.9581641603984185,75.8663331506525,60.33527113171253,24.30861723446894,$HR$,[bpm],9.62406587294147,15.470494791066933,10.239677861644862,9.867016661167918,10.055025753356412,3.6869578782117056,8.045976580251914,16.303928835948852,12.982366417392912,14.323867284163546,16.197186762068725,10.40080360725489,11.545566259184698,2.8917930651422177,0.9643378985453155,0.5799864511946131,3761.0606939557647,0.7063068370762351,0.153938423107999,0.24135741417743417,0.26541727447413305
116.86653715631722,47.4353405431314,81.60552561902401,203.90641232419387,153.93001581274453,203.4650248879775,34.03224032467387,13.722970076044975,21.223214486409894,34.649896957743934,153.9297899371162,255.67705277760646,204.5409657687187,92.91388137327718,189.81832581993024,49.2875935270122,11.018526121385461,9.353109320150367,1.6654168012350954,3.241722063572686,0.27580205030957766,0.5302790344108109,0.06541885227012222,28.1986705712438,11.012170388589873,9.263324120696808,7.923176061957122,2.926438638790541,110.03130336014021,0.9437035590966215,75.65428795317247,60.20477327349659,24.649298597194388,$HR$,[bpm],9.536547235173456,15.426222649469839,10.261519978161918,9.895790070385953,10.080962560606793,3.6643904949326336,8.016636737799153,16.2335058598153,12.937459259007674,14.270983126493196,16.123277261497496,10.423696217008125,11.491462059125038,2.8746622214949125,0.9522273331787846,0.5788568535847743,3794.2669228391937,0.7148138248357813,0.15483251717558977,0.24426065708700612,0.2674798030233814
117.27465383407535,48.20871864463908,82.24606654261224,204.9951079410146,153.15574093652899,202.9974006201482,34.00793556461115,13.707862785565109,21.23178856494721,34.62866772573297,153.15549911153863,254.936038993334,203.6311657338663,92.66128864892082,189.50009632664674,49.27662227265544,11.037099802236805,9.376756626567802,1.6603431756690026,3.2480237630115067,0.2791130770567061,0.5278766847293342,0.06575875253448787,28.114859778015422,10.98403133007596,9.238473979323045,7.892354468616418,2.9217319830433954,110.60075219950986,0.9308383141049273,75.4471438888601,60.07604876748842,24.98997995991984,$HR$,[bpm],9.450890594924225,15.383288247273487,10.283102578020266,9.924095412661842,10.106519758831938,3.642145887282844,7.988243795006199,16.164067962658432,12.893139147997012,14.218909299800364,16.050493258709306,10.444875856160904,11.437997488525237,2.8575427513273235,0.9392458859742621,0.5788568535847747,3827.358896750534,0.7221456507160589,0.15601903192360803,0.2471635505608021,0.26952955805464734
117.68577347163422,48.979816499178156,82.88422660167211,206.0814156277667,152.39827961485315,202.5384359241998,33.9848149009167,13.693924541357909,21.241137215770085,34.60868237415121,152.3982294693476,254.21198784676977,202.73531510180229,92.41152824685621,189.1721945539602,49.25139353284504,11.057126247887224,9.401684211922785,1.6554420359644386,3.2543792622932037,0.28289074255345714,0.5255444623692141,0.06609864168137074,28.032550334184926,10.956385076260664,9.214052747440968,7.862112510483297,2.921755890623234,111.34715705292615,0.917134200011398,75.2441278216883,59.94926941101141,25.33066132264529,$HR$,[bpm],9.36716183769319,15.341792188332304,10.304330763090498,9.951845764039948,10.131608562646443,3.6202350330963315,7.96069473138675,16.095788066933913,12.849592827942597,14.167805011562956,15.978825208144183,10.463452633570927,11.385346219124996,2.840293244077842,0.9254286953603383,0.5788588860534026,3860.349207077643,0.730632637942679,0.15719926069285406,0.2500662838697415,0.271567500266985
118.1009692425383,49.74885128364017,83.52078766460934,207.16796948902774,151.65860670423598,202.08812740582505,33.962974153212876,13.681148691983367,21.25132633894046,34.5901040562249,151.65831155260608,253.50590576181554,201.85300580950206,92.16430490352869,188.83410850447805,49.208633444412854,11.076543023658404,9.42581256816437,1.6507304554940345,3.2608599969889807,0.28621828275263334,0.5232889954168048,0.06643883201979459,27.951950674778146,10.92931759972951,9.190131276985655,7.832501798062987,2.91689456657144,111.90689674347088,0.904963020151762,75.04577762734246,59.82437020425806,25.671342685370742,$HR$,[bpm],9.285358904983728,15.30171834070193,10.325209407281614,9.979046261913854,10.15623726297852,3.598604376220807,7.933942321750028,16.02864001248002,12.806753949842374,14.117642079560675,15.908240464760166,10.480007191498503,11.333439215186953,2.8227541571082613,0.913147440230654,0.5788631786221358,3893.2800638903063,0.7378868840705577,0.15837278047407555,0.25297002247766553,0.2735927699720843
118.52054459680403,50.515683372356335,84.15603040195488,208.25690217521458,150.93656900112032,201.647253476884,33.94257218256163,13.669554818461483,21.262413767368354,34.57300400260713,150.93606028685122,252.81745623123012,200.98679878498334,91.91978568998806,188.48521742379023,48.97219276947099,11.097787791130864,9.451579471899645,1.6462083192312182,3.2674925605901683,0.29006007026334657,0.5211095967887793,0.06677996387431752,27.873117730075393,10.902852157388171,9.166730673546779,7.803534899140454,2.9169145507135226,112.65581878588074,0.8919567642064482,74.85178518358697,59.70159756247335,26.012024048096194,$HR$,[bpm],9.205506251353905,15.263083131847326,10.345712144862585,10.005678055586127,10.180384572716436,3.5772357352459427,7.907896936408568,15.962674520635357,12.76468378470317,14.068470232505991,15.838943902798666,10.494233324026897,11.282331766564356,2.8048989603903913,0.9011878820766314,0.578867354932595,3926.1656625942724,0.74637855843301,0.15953920006893954,0.2558794731406973,0.27560579934157237
118.94451854296034,51.280729091426714,84.79003493873539,209.3479082173844,150.23164997707204,201.21664136775752,33.923662513169944,13.659197444705827,21.274477250170243,34.55755071484272,150.23129375273538,252.14632218643882,200.13595260103403,91.6781739393025,188.124623661812,48.726169402189356,11.118131121079637,9.476584641243209,1.641546479836429,3.2742847302614315,0.293432603577272,0.5190080948595323,0.06698640913901607,27.79601630270804,10.876979328399862,9.143843884244768,7.775193090063408,2.9118657185835954,113.21074707289657,0.880425764212905,74.66164277262646,59.580997434360064,26.352705410821642,$HR$,[bpm],9.127628504557785,15.225895909243176,10.365830687178708,10.031742237853129,10.20404729459677,3.556171489539845,7.882474933769646,15.897943016906222,12.723427147761878,14.02033606792727,15.770876208082724,10.506516430094624,11.232066493627546,2.7866787709480145,0.8906765169657073,0.5776969719645186,3959.0104152274494,0.7535745436475902,0.1603728282117703,0.25879440073017784,0.2776071816101196
119.37288736792209,52.04390734856365,85.42279117248083,210.44121942464088,149.5432244587142,200.7963933497048,33.906249346758095,13.650060878308077,21.28751201665982,34.54368228833606,149.543098746848,251.4920874059044,199.3000582618774,91.44004110625616,187.75287183742813,48.48389121164272,11.140756952389907,9.503353933116701,1.6374030192732052,3.281235038952412,0.29736412085112485,0.5169806916035241,0.06732947883273827,27.7205597794354,10.851666590646829,9.121442517768111,7.747450671020464,2.911916014098099,113.96762728542517,0.8680646629621116,74.47505503660685,59.46234741989623,26.693386773547093,$HR$,[bpm],9.05172826476311,15.190125519288204,10.385566505065894,10.057247576903366,10.227231497788742,3.535334269115555,7.857610027292058,15.834455847486396,12.68301629176916,13.973253435943544,15.704004660950194,10.517138447066142,11.182671702082503,2.7680685507304155,0.8793090238813099,0.5776969719645185,3991.815129839826,0.7621049211553498,0.16152289777278886,0.26171940312344305,0.27959796504301115
119.8052501597139,52.80505588715101,86.05410642921281,211.53683626286178,148.8702364391178,200.38676259498143,33.89020982298582,13.642138796106964,21.30149930080888,34.53128814253943,148.86967904286587,250.85444371622324,198.48056986594858,91.20550966692187,187.36917065365145,48.24482020931783,11.162698523423451,9.529265324303736,1.6334331991197137,3.288328050525475,0.3008041951264508,0.5150225438397183,0.06767387856666937,27.64663025547681,10.826872826908804,9.099495222195248,7.720262206372762,2.906642833782588,114.5211182398504,0.8571253751412401,74.29145244489627,59.34504361871035,27.034068136272545,$HR$,[bpm],8.97780150473684,15.155727979242535,10.404903071998715,10.082187387015148,10.249925151139074,3.514767181629958,7.833218173208541,15.772204370298375,12.643461626370582,13.92722074485631,15.638445589275888,10.526103036934998,11.1341595610939,2.7490333462457053,0.868228035440997,0.5776980184182084,4024.5681153581145,0.769268061763878,0.16266814783952233,0.2646586133057096,0.28157989581636966
120.24204525362937,53.56425243888618,86.68425549183678,212.63636544376223,148.2127220207496,199.98893126147522,33.87576920645892,13.635507090200699,21.316565969732437,34.52061200751557,148.21223293497755,250.26684627641555,197.67802416630371,90.97529148157571,186.9737173827522,48.00882227082569,11.185316294082652,9.555666183216422,1.6296501108662296,3.2955923005058203,0.30427200161467655,0.5131383251289326,0.06802025652400624,27.57424313880372,10.802602642616966,9.078001466773237,7.69363902941352,2.9012172808912418,115.07180476919854,0.8464583682763783,74.11046255703478,59.221680833936595,27.374749498997996,$HR$,[bpm],8.905894739663756,15.122758263585196,10.423835089013384,10.106560308467706,10.272126601698707,3.4944784074693453,7.809269692410141,15.711285635651155,12.604848605993178,13.882326593109061,15.574241933304297,10.534121496238846,11.086606872230876,2.7294918086412308,0.8574228549120827,0.5777019117963166,4057.286137882644,0.7763962715230925,0.1638078785209599,0.26761052218901266,0.2835508679755149
120.68340955451168,54.32151589537276,87.31332858372977,213.74008739715435,147.57028243502,199.60371445613796,33.86294478358679,13.63019500858295,21.33275670953263,34.51167574040135,147.569576503681,249.7433260901953,196.89210543972192,90.74981807634603,186.56421959578293,47.7753120890693,11.210162265226892,9.584110598284,1.6260516669428924,3.303042208484278,0.308384863988893,0.5113264136648435,0.06836938590543791,27.50341714774498,10.778869164560746,9.05697721561313,7.667570767571101,2.901305495035784,115.8486716207818,0.8349706306515512,73.93163140130237,59.088496503160194,27.715430861723448,$HR$,[bpm],8.836029893913691,15.091225284775648,10.442304568896313,10.130315168331833,10.293782518005985,3.4743660615110517,7.78565826760138,15.651745253594116,12.567237941420462,13.838618130842887,15.511368435177754,10.540851625756082,11.040068965972376,2.709370770750182,0.846883311503908,0.577705707420921,4089.973960072799,0.7850406579779621,0.16494347451688318,0.270581867135739,0.2855147048022914
121.12864112245394,55.07651800799244,87.94088473985119,214.84693182651006,146.9414829050101,199.23059172514303,33.85162675414304,13.626152695718433,21.35000772823441,34.504354743855295,146.94104705074957,249.2139633350522,196.12352843479948,90.52900040185715,186.143026332342,47.54387576176816,11.233853857146332,9.611581368806775,1.6222724883395585,3.310637165723673,0.31195688663680543,0.5095830871092585,0.06857646099625313,27.433890919979525,10.755570687692355,9.036333494883225,7.641986737403944,2.8956544302747043,116.4041477436464,0.8248317015650682,73.75447798083611,58.96180337744429,28.0561122244489,$HR$,[bpm],8.768182327688452,15.06104956661117,10.46036613548542,10.153515735274926,10.314950677106811,3.4545485466906487,7.762380650061999,15.59353296081609,12.530595897732717,13.796053563133285,15.44988227478396,10.547419945607496,10.994508726668904,2.688772271435402,0.8376695490602444,0.5764956095776119,4122.606734809903,0.7921802981864252,0.1657258317636721,0.27357556547632406,0.28747110821034083
121.57240456926127,55.8269558660382,88.56313945617853,215.94481411879954,146.3182503210734,198.860469265682,33.840034972757365,13.622679665890704,21.367211571861205,34.4968086014428,146.317632466447,248.68800743513572,195.36250733153162,90.30867662884543,185.71991067516157,47.31599286980603,11.25743154208968,9.638559297630318,1.6188722444593622,3.318017807751349,0.3155428823422764,0.5078551660541626,0.06892216909191964,27.364183821143055,10.73212819354917,9.015585416192769,7.616470211401112,2.889802215539152,116.95291611242824,0.8149360495350003,73.57834911150137,58.83582162867682,28.39679358717435,$HR$,[bpm],8.701967204519,15.031447139636121,10.478285407516335,10.176462036975556,10.33589947182832,3.4350510969885213,7.739709630284436,15.535875285495568,12.494329336763881,13.753953421417462,15.38900058652253,10.554018042080331,10.94939205340258,2.668432916718675,0.8276198790997474,0.576495609577612,4154.969152404029,0.7993050481111731,0.16685092023646714,0.276595070698306,0.2894227075878614
122.01613113402362,56.57329218516951,89.181013190684,217.03776077719436,145.7023115364847,198.49639884945242,33.82873102778679,13.61998083997815,21.3847141595838,34.489598010041156,145.70199120787666,248.16167588369407,194.61109841859425,90.09043429479074,185.29168070124584,47.0909457851823,11.280851711961011,9.665316944764237,1.615534767196774,3.3252830518770726,0.3191547305474144,0.5061552355868698,0.06926540148498944,27.294660804643577,10.708687483028582,8.994856617923313,7.591116703691682,2.883744713412942,117.49701936708088,0.8052750224484628,73.40299994409024,58.712527101147884,28.7374749498998,$HR$,[bpm],8.637532973893276,15.002636133301229,10.49597792870024,10.19906887395854,10.356548430479506,3.4158694084165444,7.717412883291022,15.479025438448359,12.458647714129329,13.712544916006264,15.32888787348754,10.561296800306025,10.904924028776115,2.6480969281301654,0.8178084858328746,0.576495609577612,4187.116527922226,0.8064183617132179,0.16797261912301395,0.27964277072182764,0.2913684273260719
122.46116635658889,57.315991678998856,89.79548189484257,218.12887912530192,145.0949617178554,198.14153953012286,33.818116026584505,13.61825783555767,21.402825303296737,34.48317797343455,145.09481876990006,247.63254282551816,193.87340575784953,89.8754385347081,184.8558488861231,46.86777778509022,11.30441508001713,9.692123809241242,1.612291270775887,3.3325307112972626,0.32280417050812016,0.504494170836733,0.06960797175509101,27.225611518329693,10.685361681836659,8.974238296066618,7.566011540426411,2.877477533698577,118.03840712655938,0.7968725920506772,73.22793698985923,58.59279120359147,29.07815631262525,$HR$,[bpm],8.574973768773352,14.9748201272143,10.513375784148892,10.221263448694614,10.376832649165054,3.396985956273248,7.695337710798756,15.423221140794164,12.423749258351588,13.672042435422203,15.269872460627962,10.568842087099567,10.861280151720624,2.6275410933246293,0.8071947758855306,0.5764976652187063,4219.093977006176,0.813525195699704,0.16909242897738755,0.28272164983823045,0.29330982444350207
122.90653509522969,58.05460253813993,90.40585286219329,219.2166407185496,144.49513277788427,197.79459088404118,33.80805339983336,13.617400427231562,21.42140780427161,34.47738943970793,144.49518661029978,247.10055426927713,193.14824360268645,89.66360925301623,184.41291680316277,46.64676398895866,11.327966944409896,9.718849160573207,1.609117783836689,3.3397087555435756,0.3264900902178912,0.5028630176449915,0.06994908960569517,27.15681583421078,10.662068692610998,8.953666448447326,7.541080693152458,2.8709961810982056,118.5766319175325,0.7876445034506354,73.05312654510143,58.47626972654888,29.4188376753507,$HR$,[bpm],8.514249526339364,14.947880578954706,10.530495763645954,10.243075916272932,10.396772326311616,3.37833382162672,7.67342950913784,15.36836128927136,12.389566012717442,13.63235991361735,15.211859488214916,10.577306768534998,10.81840196989575,2.606840870177202,0.7978471524590632,0.5765011555942614,4250.8788560708235,0.8206271701885398,0.17021018553875245,0.2858335986621326,0.2952469112803401
123.35172615084984,58.78877859388836,91.0117431543663,220.30017554737412,143.90152174821017,197.45516156702783,33.79820963696105,13.617328951396363,21.440321705234393,34.471889330161254,143.9013123318305,246.56685011894567,192.43364491409238,89.45478112798179,183.96401053909628,46.427864436394664,11.351406054484674,9.745415437188676,1.6059906172959977,3.3467854529516865,0.3302126922469625,0.5012528244526459,0.07028807688719067,27.088104312313362,10.638741236660277,8.933083305024004,7.516279770629087,2.864295951780697,119.11148156199762,0.7786276976872275,72.87807551151889,58.3619867238485,29.759519038076153,$HR$,[bpm],8.455283191532253,14.921731279882998,10.547362457016394,10.264534580125945,10.416393864900728,3.3600164114437643,7.651687840738575,15.314381335829315,12.35606350024977,13.593445030880986,15.15469159312739,10.58646575565494,10.776259167316487,2.586057899603274,0.7887135486935387,0.5765045605615737,4282.44007607399,0.8277291311096168,0.17132677918192443,0.2889817061658827,0.29718200150062096
123.79619800467626,59.518218834520745,91.61277452042064,221.37895352224336,143.31329548583938,197.12262988401827,33.7885791611846,13.617997149717215,21.459539807357913,34.466608704749184,143.3129148394263,246.03226389758817,191.7301400693329,89.2488000620228,183.5102648602611,46.210800330483146,11.374282104387163,9.771754784282544,1.6025273201046195,3.3537331107061137,0.3339720861567097,0.49966213248713237,0.07047092446596497,27.019302462855723,10.615310542302222,8.912428540460828,7.491563380092676,2.8573721364613816,119.6427229041214,0.7698150007094093,72.70260931997565,58.249642778184906,30.100200400801604,$HR$,[bpm],8.398022193788455,14.896321840885227,10.563988258497858,10.285655671054641,10.435710856518392,3.341922924207302,7.6301101430268625,15.261254598444634,12.323216020709138,13.555270070591416,15.09841120554663,10.596771523499703,10.734826191205956,2.565235762336412,0.7807838672998284,0.5752519684346216,4313.758914223061,0.8348333802424016,0.17206657452405938,0.29216823723782565,0.29911514252143767
124.2395896257371,60.24269113095032,92.2087041479568,222.4525450446156,142.72978747382905,196.7971257834855,33.779142819169756,13.619363966811395,21.479021497299343,34.461672058871216,142.72954269417505,245.4967632835293,191.03794159208724,89.04568242578085,183.05179143019578,45.99600224145104,11.397305203516199,9.797832102252054,1.5994731012641457,3.3605365930438644,0.3377691395789219,0.49808761951114505,0.070803885067776,26.950382895674426,10.591773356964149,8.891704318650417,7.466905220059863,2.850220023889947,120.17025374483353,0.7611995596218122,72.5263577430796,58.13907311247674,30.440881763527056,$HR$,[bpm],8.342527652351658,14.871620340939838,10.58039293834578,10.3064651463953,10.454745248477604,3.324151750529013,7.608666208889996,15.208956568644954,12.291012082171356,13.5178211866403,15.04303532736698,10.607775029959852,10.694096357557498,2.5444323735050287,0.7720456673366308,0.5752519684346216,4344.820584624175,0.8419423574554679,0.17317752463696048,0.2953955660961201,0.3010463833930234
124.6812193379475,60.96187334864634,92.79907550515851,223.51968676578645,142.15003472199976,196.47765044770517,33.76960618791126,13.621336404774468,21.4986425597559,34.45668428808158,142.1497090421392,244.96097723292453,190.35479516387903,88.84509857951873,182.5893627835874,45.78336449468079,11.417693134022878,9.821260420738012,1.5964327132848657,3.367159089568825,0.34067034975557053,0.4965220406000314,0.0711335339060116,26.88112526071143,10.568037052262131,8.870828846044928,7.442259362404376,2.8350817641176382,120.36431912409557,0.7537499218359179,72.34921345918409,58.02953215155334,30.781563126252504,$HR$,[bpm],8.28875563716189,14.847536741556054,10.596557543458724,10.326947006217601,10.473479940063214,3.3066371909549384,7.587354125365922,15.157410756118992,12.25940293018385,13.481033405938533,14.988383613110322,10.620007693375818,10.65402389667391,2.5236785456354207,0.7635008910705352,0.5752519684346218,4375.600267194221,0.8467413979848115,0.17428823629915025,0.29866560065449915,0.3029772097493628
125.12101077207313,61.67554487605089,93.38381726389433,224.58061982454575,141.5739100315093,196.1645123224823,33.7601082655224,13.62390334587768,21.518433706025792,34.45174418597476,141.5735670040319,244.42548664016385,189.68154055731014,88.64717806102006,182.123442319552,45.572673898031006,11.43993579121304,9.846525853700973,1.5934099375120674,3.373605692805468,0.34449424772338255,0.49496688073883827,0.07145992312785578,26.811520890489263,10.544101754750507,8.849803374468566,7.4176157612701905,2.827187933097089,120.8693335661762,0.7454989568190405,72.17101011561692,57.920951268249866,31.122244488977955,$HR$,[bpm],8.236628924595768,14.824074270955188,10.612515184456708,10.347138474550006,10.491949444236994,3.2894065976714955,7.56617539310261,15.10663344904244,12.228399027987848,13.444921547643084,14.934523244584812,10.632891373934799,10.614616241755758,2.503011933038482,0.7551431865320941,0.5752532205873787,4406.097841261201,0.853754293706199,0.17539872347292848,0.3019800288871989,0.3049069821701
125.55891101648939,62.38384542001302,93.96298972451872,225.63561640301756,141.00115288027504,195.85788602727337,33.75058181370988,13.627037298161719,21.538378473878787,34.446878513830676,141.00114199223256,243.89067206084698,189.01915920134073,88.4520298710113,181.65484882485495,45.36441512469828,11.461849364497528,9.871449528745327,1.5903998357522007,3.37987681028774,0.3483547054623929,0.4934203296728016,0.07178285559232067,26.74158217120541,10.519971661784801,8.828630372819356,7.392980136601252,2.8190451473630618,121.36952638756595,0.7383806552958008,71.9915627296419,57.81325739143273,31.462925851703407,$HR$,[bpm],8.186149820961587,14.801227941673135,10.628268615296124,10.367041940365086,10.510157219076234,3.2724734528984585,7.545126463894916,15.056629267083089,12.198012144914763,13.409492456474133,14.881532736107259,10.647042373094191,10.575883917099382,2.482455004226472,0.7469664768690077,0.5752563886233003,4436.30881807679,0.8607697448447218,0.17650875906428323,0.30534088666507764,0.3068349392636956
125.9945204728846,63.08648537287191,94.53638947896836,226.68441268530884,140.43140136080902,195.55737889488185,33.74092714056501,13.630682045388083,21.55843008474499,34.44196143755145,140.43119446373248,243.35668070610842,188.36581339808748,88.25960728646821,181.1833214777455,45.15840133369018,11.483404312703438,9.896011203462882,1.5873931092405564,3.385965357716089,0.3522505786509363,0.4918786539814519,0.07210228473422148,26.67125277659253,10.495627446402167,8.807295974429314,7.368329355761046,2.8106495084966157,121.86444208921648,0.7304710956612521,71.8108425028008,57.70591300648339,31.803607214428858,$HR$,[bpm],8.1373920402808,14.77895953596577,10.643812108934636,10.386654779603054,10.528098996360914,3.255778221257678,7.5241876089971305,15.007371311392921,12.168230102418184,13.374724496497993,14.829265071846999,10.661712389777849,10.537814121880114,2.462023533154636,0.7380211845052961,0.575259488918044,4466.225129450981,0.8677862707936053,0.17761949052782142,0.3087493720473793,0.3087641211479894
126.42760856549492,63.78332252605391,95.10385767500689,227.7267481997302,139.86430704182607,195.26314289643858,33.73123199459955,13.634801570371891,21.578604154861168,34.43702789439527,139.86390430749316,242.82381846345748,187.7217045334355,88.06984219520236,180.70962091539815,44.95457446474361,11.50456846599804,9.920174401902011,1.5843940640960277,3.391860191369298,0.3561781833876173,0.490343470062672,0.07241834461050999,26.60046215446644,10.47104170390824,8.78577457568532,7.34364587487289,2.8020169754655018,122.35362457333656,0.7227291950214508,71.62862635884423,57.59892303503219,32.14428857715431,$HR$,[bpm],8.090191074890077,14.757258054537452,10.65914522107735,10.405978499023501,10.54577547789532,3.239404254697933,7.503364438462201,14.958854935626798,12.139038816737528,13.340610983517342,14.777736362674842,10.67732928098567,10.500393083847717,2.441737676801973,0.730199264220639,0.5752625255436331,4495.838647196173,0.8748023506579632,0.17873083815318494,0.31220451493254475,0.3106943877219904
126.85768924927848,64.47419851830271,95.66521747690544,228.76253580411392,139.29952285149326,194.97449701605947,33.72131824313285,13.639318130506682,21.598800951328524,34.431955269683044,139.2987431279326,242.29156033819157,187.08785965912438,87.882605389861,180.23313694967322,44.75321325286439,11.524892802003409,9.943910439212123,1.5809823627912856,3.397550763850703,0.3601364065607295,0.488808902870583,0.0725660413535168,26.529205901426526,10.446212567186405,8.764067507967676,7.3189258262724355,2.7931351722182787,122.83645976408879,0.715149678478968,71.44499664487893,57.49219780230844,32.48496993987976,$HR$,[bpm],8.04458911986518,14.73607094049703,10.674248914046695,10.424996690190893,10.56316896822609,3.2232212940872413,7.482623151595041,14.911036425823067,12.110418830711883,13.307116934380367,14.72702877272995,10.693369308563375,10.46360102865466,2.42160210184852,0.7234653724147699,0.5739652523540889,4525.140812470353,0.881815366266863,0.1794362232523062,0.3157080885442914,0.31262558581091415
127.2853917671788,65.15933893103835,96.22090127686042,229.7933405339915,138.73766701368845,194.69287285240702,33.711457226705924,13.644285744931173,21.619189007232265,34.42704951053564,138.7373217059079,241.76102582648898,186.4636515235443,87.69836574118224,179.75530075058128,44.55432238484817,11.545317119888857,9.967328365901801,1.5779887539870545,3.4030769062609716,0.3641297465446393,0.48728388449613663,0.07287414557990181,26.457595384813256,10.421185294657793,8.742210104371578,7.294199985783881,2.783989479852831,123.31323050165571,0.7077274901186857,71.25975644668968,57.38614039695512,32.82565130260521,$HR$,[bpm],8.000665513683515,14.715485981653716,10.689173215513271,10.443758489198135,10.580329690474988,3.2073676906663136,7.461997895492403,14.864009610005718,12.082432980691527,13.274323576760807,14.677092121883545,10.70994854236317,10.427490848424995,2.4016445130273736,0.7159568795386705,0.5739652523540889,4554.15427992829,0.8888230078821283,0.18054440453788476,0.319262344313569,0.31455633210789535
127.70983026524668,65.83840733824394,96.77045859651413,230.8175849658212,138.17781511073076,194.4168624859522,33.70141329478565,13.649582153888636,21.63961740460551,34.421991067062486,138.17726790337406,241.2322442363698,185.84796528719625,87.51669346375621,179.27553519716105,44.35784150990656,11.562101721263357,9.987113125513597,1.57498859574976,3.4084013016440284,0.36684793636962915,0.4857599808948196,0.07317847266199344,26.38546512731034,10.39589390891733,8.720146684327819,7.269424534065195,2.764747210412927,123.34414971391126,0.7013627659751326,71.07295804689521,57.27976719728313,33.16633266533066,$HR$,[bpm],7.95818825910068,14.695402939803152,10.703867128937546,10.462215228954284,10.59720828020649,3.191717230378599,7.441467742951412,14.817682895949932,12.05501573966321,13.242150122960284,14.6278372229757,10.726895587728109,10.391986638508007,2.381860479246121,0.7086026396884244,0.573965252354089,4582.85138293105,0.8926479957369978,0.18165429498427207,0.32286785293606535,0.31649005621721227
128.13129687153173,66.51161091269648,97.31420800106031,231.83653058478393,137.62049600272707,194.14746254046526,33.691338489534324,13.655221404493195,21.66015851677529,34.416974606778574,137.61982722672798,240.70518129484122,185.24318269129532,87.33789111909785,178.79445053347715,44.164159926960465,11.581598986156157,10.009608075009934,1.5719909111462236,3.413552615203824,0.3708409112229788,0.48424067448787256,0.07347920809189308,26.312961009300246,10.370397773104438,8.697928912487152,7.2446343237086595,2.754756918835993,123.78934416055954,0.6951274680402403,70.88451953063432,57.17360402730867,33.50701402805611,$HR$,[bpm],7.917378627926516,14.675869994105607,10.718365885024243,10.480402695982242,10.61384057138925,3.176359541517343,7.421031880488806,14.772106274312716,12.028211042037931,13.210642185197669,14.600270916318367,10.743900561876673,10.357125762798916,2.3622660015440147,0.7013979477777166,0.5739672809250305,4611.251890111416,0.8994978782673952,0.18276481633683136,0.32652531775742777,0.31842375412458995
128.54931987950644,67.17869274904787,97.85189417016875,232.84960884201485,137.06530502750698,193.8838875845011,33.68118301964879,13.661144650149263,21.680775324058356,34.412005375246665,137.06507580740492,240.17961110228717,184.64731307391483,87.16171365107598,178.31165736725313,43.97292659177549,11.60069221895194,10.03169792915176,1.5689942898001799,3.418515209026838,0.3748579329047722,0.48272542368235427,0.073776320138857,26.239997746409486,10.344662487890758,8.675525730282876,7.219809528235846,2.7444888407204933,124.22582471549845,0.6881309215886807,70.69453100777613,57.0677399211176,33.84769539078157,$HR$,[bpm],7.877985693105454,14.656841315307686,10.73263236867207,10.498285979125747,10.630190555487095,3.16122414350513,7.400672497305685,14.727243333819015,12.001980062508068,13.179764244584321,14.587748694801597,10.76116847412992,10.322886726821348,2.342862906046565,0.6934515214978714,0.5739701463430708,4639.344693215618,0.9063258181242012,0.18387561453976445,0.33023483450793306,0.3203574536259229
128.96392676469233,67.83979877237438,98.38370372582074,233.85729829304447,136.51235470627475,193.62687112266215,33.67095201122929,13.667351574453702,21.70149626748647,34.407051361920004,136.51226232125686,239.65597616872614,184.06042561730425,86.98833492814009,177.8278008462701,43.78434176352481,11.61940917888628,10.053409926999512,1.5659992518867671,3.423301068790286,0.3788980885265894,0.4812141126895849,0.07407013604487338,26.166644158774325,10.318719062556196,8.652965118420719,7.1949599777974065,2.7339398616739277,124.65321576383617,0.6812738139292389,70.50279432537775,56.961760146197015,34.188376753507015,$HR$,[bpm],7.840189796618118,14.63834194515821,10.74669183851905,10.51589039771101,10.646284310673735,3.146343500220859,7.380395118758889,14.683115060619397,11.976347100402034,13.149536443418624,14.575663615893,10.778101940807725,10.289288895653597,2.323661498883626,0.6865413949647743,0.5739729603888636,4667.135814206507,0.913127724095338,0.18498794372922786,0.3339970044316378,0.3222938300157895
129.37459946214562,68.49462882232822,98.90928815238281,234.8587424667933,135.96112310862034,193.37493462075878,33.660447898338404,13.673750631977207,21.7221780679653,34.40183676978069,135.96031446375443,239.1339150377989,183.4826837001761,86.81738129312923,177.34222741696945,43.5985910073708,11.637648757521493,10.074662988449454,1.56298576907204,3.4278856586031767,0.38295295458765805,0.4796995004983805,0.07435975522196096,26.092782163118983,10.29251600973457,8.630203028741429,7.170063124642993,2.7231186460637304,125.07018587000128,0.6745520177384108,70.30958969696009,56.85530404261719,34.52905811623246,$HR$,[bpm],7.8037676450862,14.62027753730982,10.760488653079708,10.53316214834209,10.662067556234112,3.131694535512402,7.36017137414529,14.63964126040965,11.95125493707791,13.119887977575628,14.563756001928487,10.795026904000096,10.25628161423703,2.3046504516610757,0.679767626122986,0.573975715100845,4694.609521365788,0.9198966808334011,0.186102143479432,0.3378099893528739,0.32423347988988466
129.78171454232526,69.14349936336448,99.4291329360679,235.85545995787038,135.41230241401735,193.12978889477756,33.65004672529193,13.680435938614705,21.74301509987539,34.39686453209812,135.41155156746953,238.61381382479027,182.91488258633123,86.64929570300329,176.855818940665,43.41551148536547,11.655115767274465,10.095561063040021,1.559554704234444,3.432309438182952,0.38702432728047137,0.47819276232623936,0.07447175159020131,26.018605566942593,10.266137349739232,8.607310255942032,7.145157961261337,2.7120221598200134,125.47683341544891,0.6688223422055856,70.11466392053775,56.74925076504571,34.86973947895792,$HR$,[bpm],7.768900786594558,14.602749810159036,10.774084808494207,10.550164127006493,10.677602665513405,3.117268289298019,7.340017450285111,14.5969204539468,11.926767334607899,13.090902945492974,14.552332812336926,10.811461727209421,10.223914093780719,2.2858577288881907,0.6739869934967484,0.5726346681274153,4721.791707422649,0.9266280181235589,0.18677841671549977,0.3416742060046647,0.3261737842842939
130.18489369944567,69.78623887033217,99.9430494195534,236.84676047148577,134.86541111647625,192.8902821553042,33.63954033133233,13.687341016528231,21.763896850134476,34.39192922744988,134.86476331071916,238.09536501039787,182.35549778357276,86.48375027238761,176.36821180389356,43.23505795300542,11.672594691896919,10.116047523671224,1.5565471682256944,3.436553507552151,0.3911080874361515,0.476688011750776,0.07475392655235184,25.9440498206865,10.23955620823885,8.584264979763727,7.120228632683923,2.7006338679825155,125.8719771916112,0.6623510958666584,69.91819888981776,56.643170397218555,35.210420841683366,$HR$,[bpm],7.735359639196397,14.585687544282672,10.787446593477792,10.566864697276657,10.692857230490542,3.1030954215477586,7.319913212293072,14.55488566175939,11.902835704879488,13.062522078484612,14.541204462848786,10.827452011644471,10.192142898222473,2.267274144592353,0.6674657761436211,0.5726346681274151,4748.667882397771,0.9333154894912388,0.1878906331425621,0.34559127046290944,0.3281160635226422
130.58438654718262,70.42270197105188,100.45138310488508,237.8339291378058,134.32106099258715,192.65748307424124,33.62906883463728,13.694520431839157,21.78491271785749,34.3871132265049,134.32028797511245,237.57966535324235,181.805753282996,86.32111430564689,175.88035397563652,43.05769218696616,11.689746870549227,10.136199701130675,1.5535471694185528,3.440649553393532,0.3952039836514583,0.47518918909445496,0.07503323749845273,25.869183181330147,10.212796820461001,8.561084262805794,7.09530209806335,2.688951115529957,126.25538521086942,0.6560038756695145,69.72013692342594,56.53694636508558,35.55110220440882,$HR$,[bpm],7.703352482796348,14.569147962297336,10.800605091979484,10.583292919048201,10.707862815460953,3.0891178325612945,7.299888820389151,14.513597187478728,11.879510349908532,13.034798955007904,14.53057458945735,10.842977071232095,10.161009154283493,2.2489106531331453,0.660225264830837,0.5726346681274154,4775.261767552097,0.9399522627195235,0.18900437110406437,0.34956093373764113,0.3300609998380495
130.97944047024447,71.05297531660023,100.95365742254705,238.81536519508575,133.77837902823424,192.42994649347074,33.61849373756227,13.701893157284903,21.805960554633515,34.3822601947072,133.7777646231418,237.06598648849592,181.26535236481575,86.16082002224677,175.39171332640308,42.883111484219896,11.706431834364642,10.15588779034574,1.5505440440189011,3.444553910160882,0.3993029151829155,0.4736928280993643,0.07530881581075811,25.79388145382264,10.185811582265599,8.537727982404675,7.07034188915237,2.676971351163271,126.62542124582525,0.6497771498814734,69.52056136063698,56.43060255277642,35.89178356713427,$HR$,[bpm],7.67257332434503,14.553034202894857,10.813514430933383,10.599407010502784,10.722575127123815,3.0754100660628656,7.279908937535504,14.472966182370751,11.856711210215192,13.007650614091828,14.520303800154743,10.857662182240379,10.130439259293347,2.2307636541729736,0.6539584700222808,0.5726361220499558,4801.544626043437,0.9465312867866388,0.19011927326518824,0.3535828974693084,0.33200712624377987
131.370326941293,71.6771384048709,101.45015913791946,239.79197664652247,133.2378212679281,192.20839301837574,33.607913492252656,13.709479173289731,21.827066269559655,34.37758919564234,133.2375987917096,236.55425415382584,180.7334486225034,86.00313547976877,174.9022132724825,42.71114322512812,11.722719552437125,10.175180126914462,1.5475394255226622,3.4482957913916468,0.40340344719146826,0.4721993458846448,0.07558090839286014,25.71828382240977,10.158658871018124,8.514250149700205,7.045374801691446,2.6646923817751285,126.98170195433781,0.6444959205266351,69.31946059982414,56.32433002243461,36.23246492985972,$HR$,[bpm],7.64327888566715,14.537379182035233,10.826213675126088,10.615249113535185,10.737034721228905,3.061853029557657,7.259969664589207,14.433025230675952,11.834471356783578,12.981107719059695,14.510480538975287,10.871874450153667,10.100461456917422,2.2128379635101547,0.6478095242311421,0.5726387628067251,4827.5346864211215,0.9530454697168167,0.1912350214146135,0.3576568448332223,0.3339540279761998
131.75728465914665,72.2955316560979,101.94120680268419,240.76465597988476,132.6996842154161,191.99277719475302,33.597281996021636,13.717275583645444,21.848239916587428,34.372944157643865,132.69901881066758,236.04458194717856,180.21016448571325,85.84815874754865,174.4125297875362,42.54211993291038,11.738648955809813,10.194116603706847,1.5445323521029661,3.451892906715454,0.4075040866613135,0.47070807718751634,0.07584978952100645,25.64244458059799,10.131358987269772,8.490664288026212,7.0204213053020075,2.652112216219082,127.3238414811269,0.6384923968833732,69.11701895994172,56.217777894331256,36.57314629258517,$HR$,[bpm],7.615188594650304,14.522190086468354,10.838684652930592,10.630796905845353,10.751222897173252,3.048572214771855,7.240069372814074,14.393784188009134,11.812806188512976,12.95518089922496,14.50116444942275,10.885060883605519,10.07108657722847,2.1951312311329887,0.6417751341424136,0.572641358906557,4853.244963790269,0.9594886546560095,0.19235285431469243,0.3617828268307141,0.3359045785340845
132.1399039579434,72.90796194328034,102.42659235647415,241.73272815779472,132.1636279003131,191.78307773334495,33.586715743005634,13.725247677992547,21.869515704948586,34.36850824945057,132.16323118651246,235.5376758895069,179.69680046108482,85.69554782590401,173.9227284519219,42.37609343591213,11.74906976080042,10.207535291661385,1.5415344691390356,3.4553288537657867,0.4095228908120121,0.46922343644573344,0.07611577865143553,25.566283190191,10.103879133583543,8.466939636279701,6.995464420327754,2.6259228838216875,127.00706383671634,0.6334127976040137,68.913081103054,56.11129119254432,36.91382765531063,$HR$,[bpm],7.588482065560255,14.507451665267684,10.850938441911609,10.646065417082673,10.76515261769918,3.0354485207504083,7.220224650413734,14.355230822732944,11.791686782869268,12.929852614822165,14.492288882758158,10.897605722460598,10.042283549115908,2.1776555555666897,0.6350390178802756,0.5726439099143729,4878.66538261276,0.9609834858083179,0.19347142190984298,0.3659602845646907,0.3378564209977762
132.51798192384356,73.51442728259435,102.90630849152838,242.69609606364665,131.62960588125296,191.57871915172583,33.576051186952355,13.733295345117812,21.890807100538872,34.36407080827063,131.62913087999726,235.03275948030216,179.1916151135565,85.5453145792869,173.43261543466383,42.212603752254736,11.763509705572451,10.225434228832409,1.5380754767400417,3.4586019468046008,0.4135257884931266,0.4677398240676472,0.07619329655838611,25.489842984023028,10.076239126973652,8.443097002819313,6.970506854230066,2.612429894463135,127.29795374456546,0.6284261011624692,68.70784315924223,56.00458896498169,37.254509018036075,$HR$,[bpm],7.563005871887548,14.493118055469171,10.862959396687355,10.661040111458604,10.77880905146115,3.022573552695526,7.2004002748437825,14.317324728087602,11.77109823066098,12.905089291864796,14.483979377276297,10.909157328215407,10.014034319823718,2.160401555056546,0.6300374501398089,0.5712594267420177,4903.796339343673,0.9670921134520816,0.19412025768528737,0.3701887332945342,0.3398110361038342
132.89160222128257,74.11491741439615,103.3804655643927,243.6549912176898,131.0976940920625,191.37990788694995,33.56537877117162,13.73797757260223,21.91215975642929,34.35970585921217,131.09674199336055,234.53030520124847,178.69458305993484,85.39754779065771,172.94256859078396,42.051922353262775,11.77797530158235,10.242904506078908,1.5350707955034424,3.4617179117129995,0.41751156230281744,0.4662599191792406,0.07645178630996367,25.413125282150055,10.04843968174728,8.41913434316349,6.9455512572392895,2.5986333921822555,127.57176434025213,0.6227314083480973,68.50128393284798,55.89757020137229,37.59519038076152,$HR$,[bpm],7.538752803330759,14.479204544186365,10.874762086135293,10.675736564837575,10.792207879582657,3.009867060563234,7.180616222428182,14.280080225619164,11.75102816761549,12.880900490180254,14.476090793553654,10.919776498414924,9.986329459287544,2.143375128165287,0.6243281555489899,0.5712594267420177,4928.642767869926,0.9731045631562801,0.1952389263441912,0.37446781299885307,0.34176928590512634
133.26051052207288,74.7089166219993,103.84895277647493,244.60901603183683,130.56770000315714,191.18632916334673,33.55466785572805,13.74279037913633,21.933522333280983,34.35555368053924,130.5670287917619,234.0293438718088,178.2060607658925,85.25208605057757,172.45197562600052,41.89399863824584,11.791975328983318,10.25991195517912,1.5320633738041975,3.464669182142287,0.4214738890687383,0.4647822977294942,0.07670687861367559,25.33617559969774,10.020501542416403,8.395072512437475,6.920601544843861,2.5845326563386846,127.8274573398526,0.61713899739093,68.29342902002269,55.79087931096406,37.93587174348697,$HR$,[bpm],7.515783411336503,14.465671667372408,10.886332329986145,10.690145024630267,10.80533641641469,2.99737684875585,7.160830150131349,14.24346692854405,11.731476446091225,12.857259499852605,14.4688050187508,10.92954506818929,9.959133559679932,2.1265702252109153,0.6187214050765478,0.5712594267420177,4953.199521161852,0.9790128595109029,0.19635778519090205,0.3787968618271582,0.34372786863362825
133.62545328284304,75.29741876154753,104.31242047179214,245.56003456022103,130.04039136034686,190.9987057454189,33.54409943421769,13.748522159115357,21.955028417260074,34.351546493283344,130.0393543491906,233.53217863180862,177.72706269736128,85.10937609527083,171.96271300225885,41.739103217462514,11.81154704675704,10.282478575854835,1.5290684709022049,3.467500008138801,0.42781648611113243,0.4633121530832692,0.07695958305583851,25.25903032022613,9.992432781030939,8.370911040012649,6.895686499182547,2.5846402175152536,128.7883585585139,0.610861975490363,68.08443588810333,55.68369854255211,38.276553106212425,$HR$,[bpm],7.493896370718671,14.45259165202217,10.897732331548793,10.704323011853502,10.818257042517462,2.9850851852696065,7.141131282695118,14.20755666435478,11.712482547052936,12.8342291699587,14.462067785081251,10.938238982976406,9.932515304267367,2.1099999787745887,0.6124302989190931,0.5712594267420178,4977.497945856964,0.9903719699030777,0.19747905459016993,0.38317594967053975,0.34569067107815443
133.9854620623903,75.87998842700932,104.77026254662621,246.50599685445675,129.51490096430675,190.8161727541108,33.533493513006874,13.755108890393489,21.976531469886474,34.34776064003947,129.5140810436697,233.03638942134566,177.25556411241334,84.96887381985646,171.47303855205936,41.58657993075452,11.824922182252184,10.298852968340338,1.5260692139118457,3.4701634717677865,0.43180927959007465,0.4618439693162478,0.07720855666417731,25.181698439706267,9.96424824914305,8.346670551432146,6.870779639131072,2.570224714479781,129.02662405046075,0.6062501930778569,67.87417392088773,55.57676265293462,38.61723446893788,$HR$,[bpm],7.47324701862,14.439868079372589,10.90890215663805,10.718218218850726,10.830911701204105,2.9729797319561624,7.1214125080487625,14.172254034506436,11.693967046522525,12.81172210993578,14.455845147057085,10.946221916182417,9.906404586438564,2.093655729923911,0.6070274369151363,0.5712618935948078,5001.507297759902,0.9962299557023129,0.19860087477493243,0.38760422389913557,0.34765293642323475
134.3406795820151,76.45674082804429,105.22261221510686,247.4473508056253,128.99140758175002,190.63849346510278,33.52287769707753,13.762317163232737,21.998060346357356,34.34405088019919,128.9908771817472,232.54340727105497,176.79163965362642,84.83063761694227,170.98372914512237,41.43666842126315,11.837817121743889,10.3147457970352,1.5230713247086884,3.472667077465588,0.43576617336172974,0.46037941643603175,0.07745445539676844,25.104096207229386,9.935906569239236,8.322309271358575,6.845880366631569,2.5555011471489566,129.2446570676443,0.6009486224593779,67.66283410929412,55.46959111654974,38.95791583166333,$HR$,[bpm],7.453680501139486,14.42749648495502,10.919854846898502,10.73184190540128,10.843314075155588,2.96106808512824,7.101732328127892,14.13756340289427,11.675946527883973,12.789740674403907,14.450214184394255,10.953078100998999,9.880797863054855,2.077541277732704,0.6017190694112488,0.5712643322248044,5025.236399577597,1.0019633050808736,0.199724140900631,0.3920809451401395,0.3496177332178257
134.69156971395458,77.02793330737944,105.66987303085152,248.38512859796958,128.4703529786369,190.46614213226871,33.51227366929517,13.770405095470947,22.019635346793592,34.34048482813018,128.4694241637996,232.05269520376322,176.33714678798805,84.69486584006306,170.49537795567073,41.289483047614105,11.850303376063787,10.330230002040498,1.5200733740232892,3.47504121348486,0.43968642962103327,0.4589177650213596,0.07769742767103438,25.026368970129706,9.907468958103433,8.29788233283731,6.821017679188959,2.5404697312303166,129.44233673130228,0.5957389709643195,67.45049358400979,55.36217713437538,39.298597194388776,$HR$,[bpm],7.435197502104995,14.415506893719646,10.930623630495905,10.745228259410398,10.85549802523279,2.949334340993621,7.082087189741406,14.103515863448173,11.658436321228418,12.768314968917082,14.445089630066391,10.959125203356733,9.85572636470556,2.0616563187269157,0.5965027388758122,0.5712667305652791,5048.704653128396,1.0075658214531955,0.20084952552464183,0.39660611148680935,0.35158624645600745
135.03710078530497,77.59238100985114,106.11130320486802,249.31709800391494,127.95083582887773,190.29798187412064,33.50159246750155,13.779241206699213,22.041169692959127,34.33693685165627,127.95000815543047,231.56414732748462,175.88937425783433,84.56101954970852,170.00710042569904,41.14489316869786,11.862198692422519,10.345126573323535,1.517072119098984,3.4772264773999644,0.44355668248765184,0.45745823203027874,0.07793693833516202,24.94830660095438,9.878849524039703,8.273314089801884,6.796142987112788,2.525130827391929,129.61769862621742,0.5913760722626228,67.23709551135197,55.254671170869955,39.639278557114224,$HR$,[bpm],7.417845095935292,14.403796321630866,10.941163046277495,10.758336551969906,10.86742048101512,2.9377962858607223,7.06246105371853,14.070013345828384,11.64135699461366,12.747349382126343,14.44055300247415,10.964247620566484,9.831098700086544,2.0459976042201187,0.5906188685849498,0.5712690999481328,5071.878823036475,1.0130273693527798,0.20197588531174412,0.40117817198369915,0.3535564680989784
135.37845604623664,78.1515103432278,106.54789202179643,250.2456801304899,127.43376528840793,190.13505013165508,33.49099672684567,13.788676683100343,22.062768363618698,34.33372168868149,127.43316508409592,231.07808765918085,175.4495139858188,84.42968216431782,169.51959786911956,41.002841957454564,11.873208682139332,10.359615121474844,1.513593560664487,3.4792910077469257,0.4473818058607347,0.45600341707210357,0.07797770514923259,24.870238316300956,9.850188172937033,8.248727097659714,6.771323045704204,2.5094853054257547,129.77148925025674,0.586336777411262,67.02276366202288,55.147230260987904,39.97995991983968,$HR$,[bpm],7.401433719469847,14.392458884131045,10.951525810470098,10.771217546418903,10.879133627651646,2.926409215060107,7.042849168480728,14.037151190272331,11.62478440388067,12.726934943114479,14.436585972810294,10.968367303967408,9.80699519493646,2.030568776553888,0.586336777411262,0.569838744662985,5094.796828664806,1.0183446197054453,0.2025939832885621,0.40579819993513566,0.3555286213617864
135.715239029852,78.70513801425102,106.97937196536753,251.17042690670326,126.9190089767848,189.97703768102332,33.48040425484667,13.798945033937501,22.08439741935161,34.330534045867736,126.91794667154802,230.59423893416152,175.01788313408767,84.30065723668264,169.03330325731574,40.86337231700543,11.884226658395608,10.37363025576341,1.5105964026321976,3.481215562944242,0.4511544597238116,0.45455202715911625,0.07821073813852505,24.79198903504645,9.821406007096215,8.224048806190789,6.746534221759443,2.493534244793478,129.90267577013603,0.5821270476192371,66.80755238950789,55.039513241172166,40.320641282565134,$HR$,[bpm],7.386095696079532,14.381452131001716,10.961899967356237,10.783862691547672,10.890629655201218,2.915242452293421,7.023289577750467,14.00488899619085,11.608693419224092,12.707032620105464,14.43314619900818,10.971858983145275,9.783381002141036,2.0153682335726693,0.5813826396299541,0.569838744662985,5117.455832891604,1.0235084312224418,0.20372012940029965,0.41046495886693224,0.35750487538502523
136.0468035316498,79.25294543223683,107.40530617044307,252.08976019877144,126.40587900397982,189.82286847705052,33.46972653597979,13.809876112075976,22.105946608026024,34.3275390632154,126.40523583605831,230.11198006363216,174.59339260413222,84.17353916334423,168.54673603386158,40.72595525942899,11.894638069557182,10.387046444238697,1.5075916253184851,3.482965077281239,0.45485868053937045,0.453101102400291,0.0784402087047843,24.71358674812997,9.79252369764309,8.199302853137914,6.721760197348967,2.4773070821217757,130.00976303861216,0.5772496894085288,66.5914913298564,54.9320534294233,40.66132264529058,$HR$,[bpm],7.371779237142672,14.37069212296801,10.97359522190073,10.796233982186648,10.901866321564253,2.904184317098624,7.003698901098976,13.97315389098947,11.593018799087556,12.687573991533393,14.430312329438031,10.974207511332342,9.760198102663493,2.0003851138414523,0.575773347491883,0.5698387446629849,5139.830230442386,1.0285104147293567,0.20484628647733916,0.4151727584165517,0.3594811486510798
136.3739207021451,79.79497354833231,107.82637654532068,253.0054156575419,125.89510478881394,189.6735375921584,33.45912486570481,13.821377184336608,22.127551535529108,34.32468555301537,125.89442052196051,229.63211939123195,174.17634415393832,84.0488193387777,168.06166263735923,40.591052691855644,11.904585156115727,10.39999227438672,1.5045928817290062,3.4845848090768325,0.45850148132427376,0.45165524903745585,0.07866706060848161,24.635075246330402,9.763552458855216,8.174492781674985,6.697030005800203,2.460780653540813,130.09320837525422,0.572453382116278,66.37462789327907,54.8243951480803,41.00200400801603,$HR$,[bpm],7.3583024505761285,14.360261707198015,10.985069349194902,10.808396969244162,10.912912453923122,2.8933616003039675,6.98416783694848,13.942022022095678,11.57782017105128,12.668627514443589,14.427998631758333,10.976033989627387,9.737499887979926,1.9856294037757853,0.5709893069702006,0.5698390884499239,5161.951591140547,1.033346043068811,0.20597470887215616,0.4199261082380224,0.3614611792119219
136.6959538650718,80.33106526835486,108.24209668614657,253.91586722721894,125.38614763950652,189.5280900884888,33.448440992730184,13.833607209563302,22.149081780017603,34.321873131698645,125.38537810008779,229.15367847227984,173.76586438419858,83.92603544205623,167.5771834557115,40.458450367631904,11.913940662202318,10.41235481466639,1.501585847535928,3.486039289373044,0.4620724239059767,0.4502097496996732,0.07889018832306184,24.556390778517983,9.73446970603323,8.14960169832595,6.672319374158795,2.443956663940785,130.1516196167575,0.5684621273312371,66.15702589572076,54.71672064616469,41.342685370741485,$HR$,[bpm],7.345817755496379,14.350066919773358,10.996269551823861,10.820301904289858,10.923716319353945,2.8826312599009003,6.964640408933477,13.911406472055676,11.563024020366736,12.650112560795515,14.426161183419008,10.97691268483745,9.715221458308195,1.97108999565069,0.5662841115177074,0.5698414056748675,5183.800051709458,1.03800636726596,0.20710443772380857,0.42472372058848834,0.36344224140492776
137.01358086294113,80.86187917086329,108.65292886750758,254.82229617634638,124.87944618929836,189.38713672697614,33.437816897532116,13.846437555211287,22.170637719850664,34.31926905851219,124.8788573305131,228.67750605524714,173.36366201170546,83.80556662928156,167.0937541095064,40.328214391257376,11.930907850385914,10.432324055524859,1.4985837948610554,3.4873585262807056,0.4688707645830587,0.4487689355598219,0.07911065584711123,24.477640959342054,9.705319219516952,8.124665992238647,6.647655747586459,2.4440345435900217,131.1076545018543,0.5630959710624543,65.93871598012846,54.609156573687265,41.68336673346693,$HR$,[bpm],7.334274282903814,14.34016152638892,11.007245924966721,10.831997061780307,10.934326221756022,2.8721271243247273,6.945143147460567,13.881364128870805,11.548678946561095,12.632080020260876,14.424943568579462,10.977084397818437,9.693400188222272,1.9567687584247826,0.5616558279139571,0.5698436898762775,5205.395752980773,1.0498737662810813,0.20823525020000652,0.4295658459634251,0.36542521028041536
137.32631483921836,81.38731618291384,109.0587297405535,255.72411853653358,124.37481050780056,189.2501643198989,33.42717369484569,13.859821766090505,22.192163792252078,34.31677902018587,124.37413816856622,228.20326497216791,172.96806418336126,83.68722969992028,166.6113314441474,40.20017594175446,11.939441118472642,10.443861310696887,1.4955798077757556,3.488529899704753,0.47238933228585156,0.4473303811380845,0.07932807730734467,24.39879926537978,9.676091495322437,8.09967778473614,6.623029985321198,2.4268763144102348,131.1359187707964,0.5585310537958535,65.71978996940985,54.50147182764239,42.02404809619239,$HR$,[bpm],7.323505194523484,14.33050663801797,11.017983326359177,10.843466393311015,10.944725630443202,2.8617238940463787,6.925659938232498,13.851857215863374,11.534754201316188,12.614495165450856,14.424178446278692,10.976627416977712,9.671999721020784,1.9426624048832448,0.5563883515434397,0.5698459486552842,5226.733018734625,1.0543607522728389,0.20936781142388924,0.43445178726756145,0.367411248457505
137.6344785289683,81.90672446075136,109.45954492943173,256.62126969754326,123.87217427364169,189.11711977171964,33.41653097156705,13.873918709848091,22.213654761174208,34.31442460769887,123.87187074323404,227.7308199313066,172.57893270807756,83.57098848134734,166.12997548653559,40.07434678316377,11.947407344826185,10.454831674575482,1.492575670250704,3.4895534906917396,0.4758252388104892,0.445894760603158,0.07954250372639647,24.31985507038302,9.646780033919448,8.074629618767796,6.598445417695778,2.4094257678237594,131.13792678749243,0.5547480457352612,65.50024367078235,54.393986189747665,42.364729458917836,$HR$,[bpm],7.313658808010758,14.32108778305653,11.028490635578,10.854716398182534,10.954921045050652,2.851524262876512,6.906204061206622,13.822874258006879,11.521235505169026,12.597345544662955,14.423903371736085,10.975350098069676,9.650991031724349,1.928768524297692,0.5519140838157962,0.5698481754975597,5247.811150590752,1.0586552432493856,0.2105010730763355,0.4393807260580532,0.3693985207420164
137.9379697699969,82.42082949123042,109.85558359055702,257.51428083982466,123.37183720972533,188.98841302053717,33.40598160010017,13.888457111097747,22.23517544030332,34.312301467674615,123.3717524900523,227.26055486314982,172.19758596457822,83.45705668122123,165.65013456632383,39.95075425801953,11.954317725951757,10.465247753635156,1.4890699723166017,3.4904440145491438,0.4791688934326272,0.44446465036788,0.07954753350065731,24.24086240272749,9.617409591407442,8.049543087741773,6.573909723578281,2.391724616758076,131.11358616801658,0.5503225568673592,65.2801064562189,54.28647860353216,42.705410821643284,$HR$,[bpm],7.304663193932324,14.311932069439406,11.03880268259927,10.865782659740487,10.964947055800934,2.841446948935674,6.886783939698036,13.794442935795557,11.508148435000525,12.580655047969456,14.424218753358357,10.973783772076631,9.630414682574466,1.9150890968064826,0.548214041323806,0.5683718451732457,5268.6449918622175,1.0627513469312344,0.2110871053847442,0.44434519738805367,0.37138909532086806
138.23653624798501,82.92947191063811,110.24637389911656,258.40177718546164,122.87315139449152,188.86256623098313,33.395234792340325,13.903547657151993,22.256536639069623,34.310100456699196,122.87298445865373,226.79099549430936,171.82209248669605,83.3448463006319,165.17048941673505,39.82905408748313,11.9610586340401,10.475003863835923,1.486054770204178,3.4911614874429033,0.48241731899446383,0.4430316952194251,0.07975479673349285,24.16176229823572,9.58795891016169,8.024403179701983,6.549400208372051,2.37373742416058,131.06163601119098,0.5466643936493386,65.0595583055961,54.17895194244468,43.04609218436874,$HR$,[bpm],7.296347614259126,14.302928583223814,11.048847228257959,10.876593249477597,10.974731100463753,2.8315304468922986,6.86733683600072,13.766456363067686,11.495408146561935,12.564327444262533,14.424889606810286,10.971379078201666,9.610200535894249,1.9016050511950162,0.5431780135877994,0.5683718451732459,5289.209001911178,1.06664177262297,0.2122198868288561,0.44935120530450595,0.3733821240990028
138.53072514119143,83.43283398246346,110.6326318229163,259.28556080643943,122.37686141057745,188.74092417441213,33.38459000750459,13.919314143735608,22.277927948045537,34.30812731492912,122.37668919248785,226.3239380387827,171.45335289874913,83.23499921299242,164.6925984714452,39.70947629020547,11.976577885116447,10.493530394854707,1.4830474902617392,3.4917573452956487,0.48935257131195586,0.4416043110489596,0.07995970938264173,24.082656191580426,9.558465394732728,7.999236564408438,6.524954232439258,2.373795585838965,132.00196532884476,0.5416800779142459,64.83854095018162,54.071473947010176,43.38677354709419,$HR$,[bpm],7.288909516749916,14.294183168806574,11.05870627660779,10.887224392712538,10.984350750231373,2.8217501935336093,6.847933125528768,13.73901830821982,11.483093361195293,12.548455700770225,14.42606298683484,10.968614880504555,9.59041463426498,1.8883305612232837,0.5389128744510824,0.5683718451732457,5309.537173424853,1.0786513382294947,0.21335409520141604,0.4543994203478432,0.3753776634315577
138.82030420282595,83.93057831232603,111.01411522493609,260.1646663027294,121.88269330864915,188.62293144549147,33.37395473021709,13.935391007765082,22.29927781800748,34.30629062850063,121.88217420914812,225.85848000242194,171.09118510392264,83.1272414312273,164.21591219888677,39.59198771059742,11.982461538700713,10.502421008887337,1.4800405298133765,3.492211235205651,0.4925127521469254,0.4401799182203932,0.08016176056553215,24.003511749903023,9.528919027842615,7.974036739283486,6.500555982776918,2.3554759708653434,131.91551581385622,0.5381462500269383,64.61711329296725,53.963957522356985,43.72745490981964,$HR$,[bpm],7.282223304672568,14.285641328889414,11.06835946182891,10.897657996997603,10.993786458859399,2.8121260383557702,6.828546191229929,13.712075089489952,11.471160823323244,12.532989182705006,14.427769258649466,10.965361058292988,9.57101600255526,1.875255670483835,0.5347141948609502,0.5683720113026428,5329.619975941332,1.0823153987892316,0.21449025888232673,0.45948904262929746,0.3773765326528657
139.10533102346065,84.42320003532858,111.39076791355322,261.03875930579807,121.39048772536273,188.508266678576,33.363269166425845,13.952117387849484,22.320547975141665,34.30452746388996,121.38995423150624,225.39434816674188,170.7356832394917,83.02148885459513,163.74021074168235,39.476639303951046,11.987697063141775,10.510668394708073,1.4770286684337024,3.4925162637166594,0.49556031949800516,0.4387569070235642,0.08036043786818478,23.92433711377743,9.499322767308394,7.948806397085301,6.476207949383731,2.3369203474080713,131.80079144121345,0.5339859561431467,64.3953126641097,53.85669836836573,44.06813627254509,$HR$,[bpm],7.276179210385804,14.277276588106094,11.077799743298826,10.907887266019834,11.003030911587757,2.8026346697618667,6.809165331503155,13.685605317791842,11.459594765343988,12.517908806530725,14.42985180627471,10.961523728054166,9.551990107054857,1.8623766903772028,0.5298993289277654,0.5683742114449489,5349.452555271997,1.0857588095321216,0.21562712028779704,0.46461096148885006,0.37937527063309073
139.38621866663055,84.91090163554537,111.76309037791798,261.90915942500436,120.90074545551242,188.39759865524323,33.35271925183415,13.969311928101428,22.341853074043343,34.30302389506442,120.90032535655925,224.9330102285829,170.38668248800286,82.9181099441135,163.26656986035238,39.3636671000346,12.002411309410812,10.5283838646805,1.474027444730313,3.4927063869693757,0.5025716068031849,0.4373404359020694,0.08055689935415544,23.84519846317897,9.469702118412778,7.9235637879826415,6.451932556783551,2.337013583689508,132.7325365439769,0.5292136140272302,64.17318815021301,53.749480893754594,44.408817635270545,$HR$,[bpm],7.2709465475236295,14.269148223317664,11.087074363168359,10.91795461481499,11.012127678052767,2.793288728950015,6.789832352660299,13.659664603742609,11.448436981493668,12.503263576606896,14.432378163373876,10.957521496445704,9.533369710677805,1.8497010336349988,0.5258342167473629,0.5683763811172954,5369.059156902115,1.0978636735769192,0.21676527625853906,0.4697720549162112,0.38137629123931766
139.66227928419485,85.39277518777905,112.13053060053095,262.7741724462489,120.41279360244619,188.2897134968699,33.3420642919232,13.986904764402258,22.363032322759143,34.301515386010614,120.41253303667993,224.4725131697013,170.04307930018675,82.81656201560355,162.7937019883426,39.25295058026652,12.006696885302514,10.535679510276594,1.4710173750259194,3.492738006623433,0.5055056967410366,0.43592369348124765,0.08075003620408547,23.766011753981676,9.440026292884255,7.898286155076099,6.427699306021326,2.318136786773324,132.58071522489104,0.5258554041911238,63.95080823384859,53.642439930116524,44.74949899799599,$HR$,[bpm],7.266368214993132,14.261157798425618,11.09613394174261,10.927813416837397,11.021028254810615,2.7840834143535744,6.770494742892713,13.63415778326425,11.437613330828775,12.48896622497914,14.435384857663736,10.952977482662495,9.515090878201525,1.837212667692552,0.5218310005876202,0.5683785169044925,5388.412186658564,1.1010517342751664,0.217904549970044,0.4749727197107077,0.3833792859673822
139.9336843667964,85.86964876429913,112.49323230285722,263.6341822081656,119.92681647586373,188.18472189162785,33.33135713854988,14.005091976871395,22.38411533023072,34.30006562258824,119.92656337480909,224.01345596030038,169.7061008905393,82.71693213525252,162.32224282906424,39.1445501497343,12.010320116418903,10.54231675825531,1.468003358163592,3.4926206705318408,0.5083211011166595,0.4345083535779062,0.08094016600078976,23.68680053957333,9.410304717352728,7.8729807625932615,6.40351505962734,2.299009020322661,132.39976301823842,0.5218822744705686,63.72824279801386,53.53542842357758,45.09018036072144,$HR$,[bpm],7.26236909435827,14.253313157650245,11.105012681689034,10.937496586389951,11.02976497905283,2.7749869745810845,6.751163914458847,13.609092002748302,11.42712479062579,12.47502131648399,14.438719688420441,10.948414133604105,9.497153008301678,1.8249112963020835,0.5172226113056528,0.5683806400729139,5407.5217849838355,1.1040046497430787,0.21904537919706396,0.48020892479496835,0.38538501094788175
140.20071943886734,86.34145235813463,112.85135763248853,264.48921527916883,119.44289924157573,188.08286607016478,33.320670118065216,14.023458583402492,22.40514351024319,34.298737752715816,119.44277226890216,223.55646886531198,169.3747034472264,82.61934118471045,161.85209233899678,39.03792871690211,12.012755078361474,10.548299243278061,1.4644558350834131,3.4923629947223227,0.5110106814069708,0.4330964860052237,0.08090995102055407,23.60758604891559,9.380546486772209,7.847653243491052,6.3793863186523305,2.2796553738947787,132.18963057210584,0.5186294073371047,63.50546529688529,53.428457192560096,45.430861723446895,$HR$,[bpm],7.2590812786555965,14.245628509727341,11.113716348171907,10.947006999359948,11.038341240760607,2.7660513200408627,6.73184911756105,13.584481587312238,11.416981140438766,12.461441301085712,14.442393768378574,10.943665597291329,9.479562909103233,1.812795888317445,0.5140046865073471,0.5668579597720445,5426.393839291627,1.1067182010104224,0.21959680646473018,0.48547610032809496,0.3873930015078884
140.46314299105507,86.80761209565371,113.20476718002512,265.3386370361139,118.96084959337794,187.983741191407,33.30994803575618,14.042378704189382,22.42607587573109,34.297481208895235,118.96092432927499,223.1007609994049,169.04844354815512,82.52360679821061,161.38343192359943,38.93358903064638,12.026030087075858,10.564590009221423,1.4614400778544352,3.4919515775560845,0.5180443611518113,0.4316868924944402,0.08109362695858228,23.52834488932286,9.350743247642095,7.82229772325062,6.355303918430144,2.279701367429177,133.09760977319863,0.51411344901873,63.28252051982026,53.32161297719298,45.77154308617234,$HR$,[bpm],7.2563898456033185,14.23807011129379,11.122244639195582,10.956346901602295,11.046757904659538,2.75720403735336,6.712544584218665,13.56029068353751,11.407150784163433,12.448192293299336,14.446496585302013,10.938703615476514,9.46229220841097,1.8008647445150963,0.5101789073170561,0.5668579597720445,5445.021652730966,1.1188354002862435,0.2207364014194518,0.4907815630026822,0.3894033727747573
140.72125972886602,87.26903908740958,113.5537340968081,266.18328696670847,118.48094266415909,187.88737892523406,33.29910024396742,14.061675123721328,22.446872224231033,34.296095085995205,118.48032887122359,222.64611850424697,168.7284022818103,82.42978695567312,160.91598958164371,38.83155811890589,12.027923871564663,10.569511632435182,1.458412239129481,3.4914069972784327,0.5205896012724539,0.4302756271234661,0.08127406357957484,23.44916271144955,9.32092944419326,7.7969448575734335,6.331288409682857,2.2600437208315682,132.8476773502046,0.5109660436476385,63.05955372942115,53.214639297187475,46.1122244488978,$HR$,[bpm],7.254223470806711,14.230646728511966,11.130596043524827,10.965511810124049,11.05501167816262,2.748521483944957,6.693237507528632,13.536526040243382,11.397652470310867,12.435284555583925,14.450925015264549,10.9337702012992,9.445360283249423,1.7891081273838914,0.5057587463875353,0.5668579597720443,5463.419821046695,1.1212577682367775,0.22187821424101206,0.4961221581254269,0.3914176566034954
140.97515422409631,87.72547596155128,113.89835411128536,267.02345509379643,118.00311501973133,187.79390511492772,33.288300579427116,14.08129745703415,22.467607914841032,34.295016593999236,118.00292114360668,222.19339547099912,168.41398792421643,82.33798093489636,160.45013728205163,38.73175887178847,12.029159174646711,10.573769960854376,1.4553892137923357,3.4907296353009096,0.5229979910626579,0.42886889909346765,0.081451919521303,23.3700185124727,9.291094585037168,7.771582715188218,6.307341212247316,2.2401799956940134,132.5681722877097,0.5072186654155378,62.83649884564399,53.108203731018875,46.452905811623246,$HR$,[bpm],7.252706802235922,14.223368623899583,11.13879332307057,10.974524691672787,11.0631243738348,2.7399129440337218,6.6739575122130725,13.51319814882555,11.388487589570065,12.422724227070749,14.455654241366629,10.928569303561288,9.428755844241344,1.7775359527973031,0.5020495579972903,0.5668579597720445,5481.587587489724,1.1234294303632828,0.223019495523592,0.5014906983022325,0.39343100273881093
141.22394712347437,88.17625126023917,114.23792471157097,267.8564320665908,117.52665965772023,187.702008550145,33.277344737579504,14.101377344715985,22.488152574678978,34.29377805273732,117.5266912617784,221.74154215699068,168.10365662029855,82.24759777341134,159.98500810563692,38.63371221562421,12.041310742268497,10.588955549678042,1.4523551925904536,3.4898660648420337,0.5300345651083908,0.4274614552277486,0.08162602143503751,23.290812801087768,9.2612065107496,7.7461857542367,6.283420536101463,2.240215980824138,133.45807078532724,0.5035258528621913,62.613426763796575,53.001656847218435,46.7935871743487,$HR$,[bpm],7.251694781557213,14.216131289569484,11.146775809267568,10.983328363397158,11.071037954546647,2.731464227533063,6.654650285003193,13.490205378331016,11.379557691172273,12.410413594024178,14.46066163270723,10.923324855156654,9.412384975843885,1.7661268432815578,0.49775294499498135,0.5668597557502031,5499.493994003542,1.1355557213487135,0.22416273589853772,0.5068956435758313,0.3954465520345019
141.4700610086052,88.6233039390705,114.57437675576287,268.6884000637872,117.05371450618297,187.61516764907418,33.26668448370553,14.121736781867913,22.508835173560453,34.29293614075249,117.05338910415938,221.29298398637383,167.80106526499765,82.15991145297545,159.52337456112798,38.538381194408245,12.041622451889276,10.59228056134907,1.449341890540208,3.488964020696416,0.5322882400145886,0.4260635676989062,0.08179898943125974,23.211856972906585,9.23137926476607,7.720845806013362,6.2596319021271505,2.220070487389934,133.1387939182312,0.4998864228032383,62.39032588512605,52.89521023014764,47.13426853707415,$HR$,[bpm],7.25124187687554,14.209191767024675,11.154707289182536,10.992074224713392,11.0789077073228,2.723110168943059,6.635444000803631,13.46778700811718,11.37108537587564,12.398581743132674,14.466182044044066,10.91810635918517,9.396438931116055,1.7549103902108691,0.49415524088574897,0.5668618343776165,5517.24121279644,1.1374162236534457,0.22530788278150135,0.5123333831578788,0.39746525364311597
141.71155411627234,89.06491717948613,114.90618481683236,269.51406405042974,116.58239229979942,187.52990263168633,33.25591223088529,14.142570568069159,22.529354205039976,34.29205058367348,116.58212038257918,220.84522433087997,167.50332768608658,82.07381437294762,159.06271437358726,38.445115066017,12.05336807871883,10.607046933166039,1.4463211455527911,3.4878996170770047,0.5393552338034995,0.4246659280840324,0.08196868392929725,23.132930778601196,9.201534878083786,7.69550193000506,6.235893970512347,2.2201480833793448,134.0220390380304,0.496299226016554,62.16736139876866,52.789061088280874,47.4749498997996,$HR$,[bpm],7.25134886335728,14.2023215984039,11.162451455956939,11.00063764060151,11.08660458522537,2.714908112455609,6.616222476214815,13.445723274559976,11.362871547541655,12.387018990340854,14.471897435875471,10.91262481727467,9.380760216332666,1.7438613771021554,0.49060917119598213,0.566863886583164,5534.74323363176,1.1495907434579296,0.226453598973528,0.5177991288347342,0.3994849633807202
141.94828253172602,89.50139365691919,115.23323592831879,270.3334599982432,116.11265506936766,187.44594475265035,33.24502482666929,14.163583419271161,22.549692554729976,34.291120828105605,116.11264774156014,220.3990615705535,167.20959127043898,81.98913090107246,158.60310699588982,38.35364629316178,12.052392487952726,10.609098939027712,1.4432935489250145,3.4866672294246985,0.5414217701800627,0.4232687011087735,0.08213518056806161,23.053961149975272,9.171641081119631,7.6701242100272395,6.212195858828399,2.199732493887565,133.65973425341588,0.4927631460323623,61.9446076694737,52.68291385369193,47.81563126252505,$HR$,[bpm],7.2519201461832585,14.19549275885119,11.170002602307529,11.009010128657835,11.0941205232024,2.7067733915834356,6.597001900220008,13.423988632639478,11.354889383915632,12.37570000671547,14.477825707677876,10.907239296271698,9.365324684120917,1.7329822866568199,0.48648590850328766,0.5668659233653047,5551.9998997096445,1.151121160510586,0.22760041831350472,0.5233005211812011,0.4015066154661628
142.18122240836203,89.93348676589628,115.55632362132363,271.1484547916097,115.64527086053383,187.3642649762352,33.234105203320006,14.184937969008153,22.569935922435707,34.29021654687704,115.64495434012049,219.95410888183133,166.9214139671204,81.90654339466616,158.14545496658567,38.264710797309334,12.050204419452186,10.610503253785954,1.4397011656662322,3.4853224640658507,0.5433373951967324,0.42187277734311024,0.08207078593584594,22.975137999674146,9.141774745351961,7.6447798433933984,6.1885834109287865,2.1791410196294554,133.26781188146722,0.48990038090206156,61.722159705962056,52.57685565776353,48.1563126252505,$HR$,[bpm],7.25291148687204,14.188792950522924,11.177421427801029,11.017250733917841,11.10151535877421,2.6987819996849693,6.57780243954688,13.402667551469795,11.3472268420428,12.364708429650634,14.484110989578982,10.90161083146729,9.350207342028984,1.7222724304910133,0.4836675516284984,0.5652963296312722,5569.049817191639,1.152384450222663,0.22811481470917003,0.5288250920165857,0.403531391859493
142.41015026010874,90.36040196614276,115.87527911793396,271.9583753940446,115.18002557533242,187.28483956333207,33.22324798183233,14.206730856352976,22.59011886239765,34.28944976233466,115.17985050087849,219.51119384163061,166.6386309359331,81.82575068942349,157.68959021050455,38.17753195715955,12.060869976779129,10.624194557924433,1.4366754188546966,3.483851586169877,0.550373843880706,0.42048209707407164,0.0822314878262115,22.896393240929143,9.1119087254391,7.619441799324971,6.1650427161650745,2.179182677213389,134.12925521754664,0.4858400274517424,61.49991950436717,52.47106012460421,48.496993987975955,$HR$,[bpm],7.254442572223341,14.182209089655364,11.184698591483336,11.02534872559192,11.10877821117012,2.6908825171939026,6.558635065276595,13.381733217793277,11.339843559715824,12.354014142000244,14.490614841368764,10.896012648258326,9.33536979538997,1.7117342730278489,0.48026988700962053,0.5652963296312716,5585.885007861813,1.1645183663361895,0.22926008410379925,0.5343830870688213,0.4055573547653135
142.63496748715986,90.78287745105466,116.18993977960048,272.7627711389625,114.71667062292525,187.20641227143005,33.21227570310337,14.228556308493433,22.610128218326313,34.288614585314214,114.71642425194976,219.06969261497667,166.35997753227815,81.74660641331114,157.2352853909995,38.09255232402513,12.058106265050517,10.624464955684356,1.4336413093661606,3.482238584280816,0.5520967635583532,0.41909112926342335,0.08238907779599151,22.817722425186496,9.082042381717041,7.594113152594069,6.14156689087539,2.158335362494321,133.69490741192269,0.48306549663834797,61.27817377141861,52.36526462543052,48.8376753507014,$HR$,[bpm],7.256405491937426,14.175684642580583,11.191817326777526,11.033290010930067,11.115893822259867,2.6830990438684896,6.5394768604430755,13.361138334752928,11.33270724967653,12.343575519823325,14.497284875511571,10.890342071057038,9.320788236734655,1.701361780906052,0.4763050380339945,0.5652963296312721,5602.495517195768,1.165435735590506,0.23040669972087088,0.5399697173305118,0.4075856991167077
142.85617801688278,91.20062355503781,116.50079027384906,273.5630602974311,114.25572703990454,187.1303831987582,33.201420475493585,14.250914956266545,22.630115675929343,34.287964874262535,114.25570813010903,218.6301180375866,166.08663582890358,81.66947378305225,156.78309476424485,38.00996949470762,12.068154217433797,10.637536037555925,1.4306181798778717,3.4805197803220405,0.5591290154324008,0.41770660470191523,0.08254468793136598,22.739200218352206,9.052206098336079,7.568815716696261,6.118178403319865,2.1584002373933378,134.54569491470977,0.479108747527798,61.05674828792994,52.25982090466892,49.17835671342686,$HR$,[bpm],7.258746393978956,14.169294847599422,11.198813294788877,11.041106257554144,11.122895208597214,2.6754244285477493,6.520358214925736,13.340949676125177,11.325867840343552,12.333453225715909,14.504333845664778,10.884478105900728,9.306501022479752,1.691158342715714,0.47300545138094713,0.5652963296312722,5618.908900920356,1.1775838148377353,0.23155413588923893,0.5455817667347381,0.40961549500998096
143.07356108551483,91.61389403899788,116.80768090015773,274.3582844803726,113.7969390492936,187.05549646688212,33.19049638923393,14.27336460964471,22.649963179049053,34.287284590691385,113.79675274977879,218.19234670360186,165.81837907063402,81.59414898124926,156.33271495759226,37.92887321351326,12.064355828120377,10.636766142808256,1.4275896853121202,3.4786806575297784,0.5606551728800816,0.4163229046663688,0.08269729261498096,22.66081019661499,9.02239285739733,7.543546668866025,6.094870670351633,2.137312512222065,134.06942040105275,0.47641870307877526,60.83592366901721,52.1543282654012,49.519038076152306,$HR$,[bpm],7.261578487219652,14.162986721440634,11.205677784667275,11.048791301504847,11.129775139793525,2.6678494148753513,6.501263561888395,13.321114035428153,11.319289801827551,12.323599952922988,14.511542295590939,10.878809048953164,9.292478696367397,1.681117985005887,0.4691451350928398,0.5652974236604595,5635.114957731553,1.1781461041142565,0.23270305265290486,0.5512278140782475,0.41164711338340665
143.2869574319095,92.02266274283608,117.11049980254285,275.1481641216785,113.34018218419432,186.9823905378177,33.17953702761991,14.296154760050008,22.669683825986752,34.28663242450704,113.33997943531347,217.75578399736753,165.55419777402085,81.52046913784953,155.8840281098448,37.85038933830859,12.059822587907155,10.635262406480054,1.4245601814271012,3.4767120432411436,0.5620125122385532,0.41494161038181726,0.08284708125521573,22.582534972514317,8.992598232926268,7.518300966172261,6.07163577341579,2.116080438394878,133.56321963981654,0.4731634305898931,60.615431142041665,52.04912464537963,49.859719438877754,$HR$,[bpm],7.264796572064894,14.15674795859461,11.212393171577405,11.056327455789239,11.136515602919003,2.6603841012185057,6.482185036635873,13.301615579010633,11.312952662952512,12.31399899061263,14.518891414490266,10.872911210081831,9.278701913944047,1.6712381301312285,0.4659395614205817,0.5652994275682396,5651.10968485522,1.1784277832089314,0.23385278730308295,0.5568917711383461,0.4136795048759423
143.496550977918,92.42666826714274,117.40941432435808,275.933270278991,112.88556468545323,186.91018959641087,33.16861475954961,14.31918031032772,22.689311944299906,34.285991617694606,112.8853378133069,217.3214827410802,165.2945045365797,81.448216238708,155.43756854208735,37.77345855272873,12.068807691790973,10.647272179430082,1.4215355123608906,3.4746222984755772,0.5689842785285222,0.41356454244044366,0.08299460892577204,22.504341952613874,8.962805409903584,7.49306115790495,6.0484753848053385,2.1160901914207284,134.38940199329622,0.4699523414401813,60.39561830695447,51.94393871672597,50.20040080160321,$HR$,[bpm],7.268330475867745,14.15058457121916,11.218982616871989,11.063733847991333,11.143136776366422,2.653008992181853,6.463164429922404,13.2830787774214,11.306860177307676,12.304654985168058,14.526528054818913,10.86701518904192,9.265171036715385,1.6615246161905386,0.46277749653269756,0.5653014115936322,5666.900591925058,1.1904923571739374,0.23500399241614356,0.5625905559226893,0.41571449778207265
143.70271064893788,92.82679021474982,117.704688650187,276.71380467279,112.43329010756803,186.83976608930476,33.15770521994306,14.342389573042775,22.708847091550215,34.28548733373837,112.43306531018393,216.88885643713056,165.0399808900178,81.37784501948556,154.99319498858083,37.69889589441689,12.063209291623929,10.644695885009728,1.4185134066142011,3.472431216883284,0.5701280859661988,0.41219094114770854,0.08313971194749521,22.42636016115671,8.933070862960738,7.467879101018497,6.025410197177471,2.094647421135241,133.84109611467673,0.4673784156154207,60.176317098271106,51.839023524371264,50.54108216432866,$HR$,[bpm],7.272328347635846,14.144518719965431,11.225459394776927,11.071027166218649,11.149654105089459,2.645760226481141,6.4441694252740955,13.278170554893666,11.301028141560145,12.295585689425721,14.534344986874443,10.861179258701721,9.251902810068483,1.651970651985836,0.45906418712925057,0.565303368775594,5682.500153332396,1.1904045144158573,0.2361558967889997,0.5683078223115425,0.417750733204538
143.90547887306164,93.2220736981563,117.99624084661974,277.4896827819298,111.98327038759462,186.77089182062755,33.14679202606139,14.366019343924824,22.72827511669451,34.28499407629764,111.98303643750826,216.45777103521147,164.78956998232627,81.30929532807286,154.5506805141498,37.62618362808699,12.071043138728811,10.656137385312949,1.414905753415863,3.4701307215373043,0.5770795976956021,0.41082027744232813,0.08304384996249428,22.348568037036422,8.903386598003152,7.442747206202306,6.002434232830961,2.0946666194943293,134.65519622904137,0.4636591631774927,59.95756046137102,51.73435719214342,50.88176352705411,$HR$,[bpm],7.276672606655333,14.138533231957815,11.231816105840384,11.078199921249167,11.156059894590594,2.6385730543523507,6.425202871936055,13.273551909818284,11.295445627990013,12.286773448419538,14.542293736725561,10.85513730541046,9.23888278651326,1.6425748698719427,0.4565803973274546,0.5636862071089397,5697.906282847751,1.202458150784265,0.23662901905871617,0.5740570549954861,0.41978855624718975
144.10405838277762,93.61305295422667,118.28360048535359,278.2593745287659,111.53497561691103,186.702034761523,33.13576875062062,14.389530085506696,22.74750506677295,34.28442803843501,111.53488220452155,216.02830223006563,164.54270890392823,81.24209702786601,154.10963914862734,37.55531699083013,12.064252154915833,10.652374225902406,1.4118779290134271,3.4676856390550355,0.5779949405800888,0.409450484097604,0.08318282037939892,22.27083779422517,8.873699624286408,7.4176195113976195,5.979518658541139,2.0730220401560078,134.06387841269083,0.4611613318396287,59.739560824484926,51.629754552132354,51.22244488977956,$HR$,[bpm],7.281271437843083,14.13255476526112,11.238010605808322,11.085209736573786,11.162311684804802,2.6315166944516233,6.406254535803951,13.269138888493398,11.290039710179792,12.278146349245073,14.550401803834362,10.849165822870614,9.226051030308556,1.6333294928584063,0.4535436732450732,0.56368620710894,5713.094141820132,1.2019895792433737,0.2377785163206097,0.5798247948936021,0.4218278065382142
144.29931122037297,93.99968781055969,118.56749261129002,279.0245806847236,111.0890436269963,186.63489772010905,33.12471977396738,14.413499256330404,22.76661076001315,34.28390273838713,111.08898079944665,215.59990641256536,164.30065603471522,81.17675531939693,153.67062351888933,37.48658113948161,12.071985589079361,10.663136202493774,1.4088493865855858,3.465144007511414,0.5849113593559744,0.4080828930520829,0.08331929661685446,22.193357024656265,8.84408742036086,7.39256424156606,5.956705362729345,2.0730453465405776,134.8643706052825,0.4575323028789949,59.52211777327589,51.52552366459297,51.56312625250501,$HR$,[bpm],7.286290502055215,14.12665029061488,11.244107084757822,11.092122285422889,11.168474525710366,2.624502942865166,6.387336907454751,13.265031389895269,11.284880520199524,12.269771384297721,14.558679301564053,10.843117016388648,9.213461545939394,1.6242384883876944,0.4499649747143296,0.5636862071089401,5728.098381808847,1.2140204488402708,0.23892870008381653,0.5856217524938293,0.42386827470774047
144.491247232689,94.38229839853177,118.84782937546917,279.78537355687683,110.64542973195802,186.56908055217446,33.113776503811295,14.43749426985448,22.785674237773662,34.283404740391276,110.64499320853545,215.1746028256713,164.0626184266113,81.11319944414255,153.23432711182633,37.41952766046214,12.064162668396126,10.658329702258746,1.4058329661373794,3.4625008611077095,0.585600643875521,0.4067220233692626,0.08345397912560709,22.115984970659436,8.814488496854848,7.36752095061228,5.933975523192313,2.051213162812603,134.23135406304743,0.4551074765181818,59.30534116611877,51.42102820479101,51.90380761523046,$HR$,[bpm],7.2916019773355,14.120829712968822,11.250091840936228,11.098915224545543,11.174528628339194,2.617640798386652,6.368499815891943,13.261188376313086,11.279950301684716,12.261645076750058,14.567076282609078,10.836992059093236,9.201077796484872,1.6153067026700438,0.447011536656359,0.5636862071089398,5742.91909831205,1.2131667289668182,0.24008126075350633,0.5914386427314732,0.42591295959652153
144.68027146154475,94.760917840573,119.1248832713841,280.5424152634208,110.20429498696915,186.50453258802494,33.10295067112216,14.46184284159847,22.804691867236066,34.28313989265015,110.20408513323633,214.751038449967,163.82922783241415,81.05162794840422,152.80056889598796,37.354967590071844,12.07138266124427,10.668555745894455,1.4028269153498152,3.459772837771949,0.5924855955184799,0.4053672170173821,0.0835868136126241,22.03887339588272,8.784970465490796,7.34255243827544,5.911350492116486,2.0512359263901896,135.01888161263523,0.4515652532825677,59.08933871886239,51.31713724351178,52.24448897795591,$HR$,[bpm],7.297217128723059,14.115113742663231,11.255993306017851,11.1056228734064,11.180506192542543,2.6108355245310317,6.3497136704180415,13.257634917666088,11.275272976895284,12.253784892946015,14.575696667599622,10.831092204792165,9.188943627144441,1.6065304822931772,0.4435221062775347,0.5636865555025149,5757.5670747701115,1.2251689612333188,0.2412336181591791,0.5972832990446878,0.4279570193830937
144.86504508700463,95.13491032677558,119.3977563410281,281.29214866402987,109.76467402252251,186.43985942094739,33.09178365013457,14.486224304947019,22.82336502894621,34.28256324487318,109.76448099529934,214.32780239695293,163.59883838225844,80.99101857614944,152.36722009352485,37.29141128986264,12.062363507096759,10.662567713846059,1.3997957932506995,3.4568921224198665,0.5929321515012953,0.4040065269838711,0.08371534019121,21.961922685994963,8.755497339102453,7.31763554118234,5.888789805710161,2.0292299311866606,134.3432749191233,0.4492105046425651,58.87403818230402,51.21336558661036,52.585170340681366,$HR$,[bpm],7.303143838508184,14.109336160320973,11.261721664218845,11.112163040339393,11.186322404705486,2.60412365809124,6.330895193345512,13.254231266137031,11.270721034928583,12.24604668721306,14.584345294009108,10.824873419507057,9.176957325277872,1.5978782185114975,0.44064867799753527,0.563688497024021,5771.994080863709,1.2239208663031016,0.24238630720192672,0.6031454826744905,0.43000044968382184
145.0470300962674,95.50522086173375,119.66758102364574,282.03898878458074,109.32778501727441,186.3772552812863,33.08088798787856,14.510813662773078,22.842103282293255,34.28219079556462,109.32737748153787,213.90769778728148,163.37291391283082,80.93220980797119,151.93759153187378,37.230590330495644,12.068928995886264,10.672138454090422,1.396790541795841,3.4539441211581976,0.5997706975777468,0.4026571914284926,0.08384302881371924,21.885129636516098,8.72605510261369,7.292742015562188,5.866332518340215,2.0292479583101994,135.11637397833795,0.4463189565248357,58.65940286129525,51.10960410141829,52.92585170340681,$HR$,[bpm],7.309331660009754,14.10368963684696,11.267386619808589,11.11862867418592,11.192075571648878,2.597503078395335,6.312200469904349,13.251142592179695,11.266425072275181,12.238593298803593,14.593149535884256,10.818791206483148,9.1652230786782,1.5893885883669383,0.437812241978619,0.5636904154430692,5786.266136886206,1.235883210814056,0.2435413309573098,0.6090350889613332,0.4320480254500737
145.22552884551837,95.871053029454,119.93359718749626,282.77975384717115,108.892754764112,186.31460494940058,33.069807021104026,14.535627723998578,22.860592689628632,34.28167027884271,108.89218679514991,213.48852745220174,163.15030855698393,80.87477645399332,151.50912378512672,37.17071268357974,12.058854989862343,10.665081837489465,1.393773152372878,3.450870495622803,0.5999757797794192,0.40130615161066596,0.08396748756530069,21.80854380973777,8.696676169110559,7.267912188053533,5.843955452573678,2.0070817482362058,134.399357091311,0.4434643958548123,58.445635431363606,51.00610702349331,53.26653306613227,$HR$,[bpm],7.3157612613407315,14.098029870128626,11.272904981160114,11.124950272987451,11.197691504111976,2.590967876629001,6.293501040740353,13.248217119583954,11.262286165506366,12.231296224576647,14.602018882368501,10.812698167688778,9.153657461750218,1.5810354867729863,0.4344486012758072,0.5636923184201159,5800.339522304804,1.2342359910211884,0.24469647839566566,0.6149405683678889,0.4340958185867899
145.40106044120293,96.233383145782,120.19652775070209,283.5164046890994,108.46012858095939,186.25301275743658,33.05891775513082,14.560439902874535,22.879076038937615,34.28143066626512,108.46025314889768,213.07211730755824,162.9322244698403,80.81926826295796,151.08334979971536,37.1136406883278,12.064794485832786,10.674019837064877,1.3907746487679098,3.4477158984528193,0.6067637101101393,0.399964157610025,0.08409057766148303,21.732210017973713,8.667374686308824,7.243150883776551,5.8216844478883445,2.007091367536189,135.1578179270509,0.44064611745124893,58.232684118892934,50.90307193612813,53.607214428857716,$HR$,[bpm],7.322554817299768,14.092463366802574,11.278357274938976,11.131201539364875,11.203245987509378,2.5845244704831787,6.2748783976908085,13.245576297288814,11.258379526855427,12.224248893918858,14.611089740788012,10.80651493818111,9.1423191180537,1.572840643729869,0.4316876195106899,0.5636942008841275,5814.245369820969,1.2461521085710605,0.24585137336662258,0.6208746291907868,0.43614316588855523
145.57358433351737,96.59154922151933,120.45619379929569,284.2491500388731,108.02990727889114,186.19317512826473,33.0479623780963,14.585660867745258,22.897406877437454,34.28108272763159,108.02977534947323,212.65701093496855,162.7174853145558,80.7654814336926,150.65995907746185,37.05742543965681,12.05311594936965,10.665956870925008,1.387159078444641,3.4444759250555608,0.6067260549952551,0.3986232067547942,0.08396178448286486,21.656088560483933,8.638132607792853,7.218446018982623,5.799509933708462,1.984778263052879,134.4002638317548,0.4378634339457991,58.02033678434858,50.800006486740855,53.947895791583164,$HR$,[bpm],7.329504756488113,14.086941531192148,11.283707703838845,11.137346449231307,11.208702682886027,2.5781622484924385,6.25631196651846,13.243143884768857,11.254669673698213,12.217404782262825,14.620205043553709,10.800429958588667,9.131184569070644,1.5647827071876383,0.42896150898629104,0.5620268573188064,5827.986180256011,1.2441023714366957,0.2462769083066063,0.6268218443319127,0.4381941985503856
145.74287630781217,96.94596316593551,120.71234027635079,284.9762343776129,107.60170897330197,186.13338892767496,33.036984974576946,14.610693631020089,22.915596671757303,34.280641068942444,107.60140456373709,212.24379289531484,162.50639644051165,80.71316685807221,150.23868941364185,37.003798697996636,12.05843185646063,10.674273265166175,1.3841585912944552,3.44112445109431,0.6134581770220214,0.39728580786542456,0.08407947314858163,21.58013658162932,8.608935749885225,7.19378388803813,5.777416943705958,1.984778263052878,135.14384730454782,0.43511567522410155,57.80892380093735,50.697079568687045,54.28857715430862,$HR$,[bpm],7.33671997707281,14.081431355271482,11.288946082990208,11.143377103774581,11.214053324107507,2.5718911262638597,6.23779705192471,13.24088629352225,11.251117641894924,12.210728854118775,14.629388425050886,10.794333004718926,9.120217338812514,1.5568662107772977,0.4262696132119216,0.5620268573188063,5841.543679532566,1.255963762974058,0.24743058743950225,0.6327980240181605,0.4402469102987168
145.90904201562276,97.29627931870093,120.96530112429954,285.6989268289622,107.17574517083777,186.07419236513923,33.0260683591057,14.636100339024676,22.93369188080381,34.28034044077883,107.17566125030922,211.83251995443413,162.299061792618,80.66263027051072,149.81965072825705,36.95116333844941,12.0635581572059,10.682392297184256,1.3811658600216448,3.4376850341950287,0.6201980134408485,0.39595351117055744,0.08419521241547698,21.504429292136592,8.579814987341388,7.169190941626147,5.755423363169055,1.9848348371988027,135.88614350265178,0.43240218788778106,57.598393312127584,50.594526880652246,54.62925851703407,$HR$,[bpm],7.344242852609283,14.075974525341303,11.294096460225704,11.149317111060984,11.219320939829542,2.5656861475251547,6.219340168033597,13.238857929351038,11.247760583213235,12.204260844224343,14.638729433471253,10.788118650788473,9.109449627296907,1.5490943313022612,0.42361129207303583,0.5620268573188063,5854.931489693462,1.2678814902201028,0.24858439523972659,0.6387843796663021,0.4422998509815317
146.0720165757418,97.64283400591151,121.21471192453691,286.4158483274714,106.75171261018802,186.01528744546283,33.01495908960709,14.661408095318457,22.951534938284237,34.279796023665554,106.75131670324087,211.42224617102514,162.09409486949627,80.61300714132254,149.40219229141215,36.90085842434233,12.050909617440045,10.672747520839113,1.378162096600931,3.434132523735584,0.6198298831095843,0.3946198157374402,0.0843078658076537,21.428926105398233,8.550755333190644,7.144657803400029,5.733512968807565,1.962329355271954,135.07345435684815,0.4297223347364531,57.38867706853728,50.49199818683549,54.96993987975952,$HR$,[bpm],7.351827402805575,14.070486871821698,11.299113873728297,11.155122888979673,11.224461816365947,2.5595747984968362,6.200903156965052,13.2369527843041,11.244532428287426,12.197922446462009,14.648021941152084,10.782007338724357,9.098825499551948,1.541449423843593,0.4204398954854751,0.5620268573188065,5868.135224243402,1.2653047998403464,0.24973944549527488,0.6447973661714861,0.44435500233329883
146.23241030947628,97.98566896639844,121.46133366542861,287.1291483929296,106.33017452817792,185.95792149675052,33.004074635786196,14.686982696759902,22.96939565252394,34.279512661212536,106.33023260725537,211.01469888003044,161.89388478502784,80.56518581988401,148.98779514946727,36.85166482899398,12.055453608142672,10.680274639582242,1.3751789685604296,3.4305137000442913,0.6265085111680027,0.3932958107456228,0.08441921712447055,21.35368706406435,8.521778264095463,7.120195621170861,5.711713178798032,1.9623686647499932,135.80056876049397,0.4270754942688736,57.17969617660841,50.38996485629088,55.31062124248497,$HR$,[bpm],7.35973449745282,14.065094675252345,11.304082302170082,11.160874170814717,11.229556503380536,2.5535213246992012,6.182564799112546,13.23529337119534,11.241523275180132,12.191821840239093,14.657457986513366,10.77589652346887,9.08841715094419,1.533953243849815,0.4178502294625574,0.562028359821951,5881.188009975372,1.2771592764056479,0.2508943102224051,0.6508253517023819,0.4464086301657228
146.38943579222064,98.32477209905738,121.70444351048057,287.83679169362557,105.91052938420023,185.90028275284757,32.99301568197856,14.712578686754881,22.987006264432377,34.279035146292635,105.91052318186392,210.60835918342775,161.69601919534261,80.51863013302884,148.57488971700582,36.80470752770896,12.041736207843252,10.669550103054156,1.3721861047890955,3.4267824926214985,0.6258801508964517,0.3919708668806275,0.08452754970030567,21.278647088345785,8.492861420533405,7.0957914981461165,5.689994169666266,1.9397451186861676,134.9477736858802,0.4244610602024094,56.9716881630606,50.28790100853592,55.651302605210425,$HR$,[bpm],7.367830402509367,14.059667300947563,11.308910143986362,11.166482840292199,11.234516154242616,2.5475731696277997,6.164250338656498,13.233753892420001,11.238629626524762,12.185841885222274,14.66695088334411,10.769621115566638,9.078143722133483,1.5265827213493104,0.414752929219381,0.5620302256502829,5894.058919838158,1.274167681631962,0.2520505582374069,0.6568737662270722,0.4484644183429426
146.54426799020231,98.66027462519135,121.94490772264919,288.5410689912368,105.49354189271808,185.84382244851744,32.98214400856331,14.73831495253399,23.004617059761106,34.27872620418265,105.49359583725652,210.20435215790357,161.50208378443034,80.47409769360624,148.16511918475385,36.75890925113142,12.04572329979415,10.676512300512963,1.369210999281187,3.422998303146216,0.6324945019403547,0.39065429173366945,0.08463473236437409,21.20390327515591,8.464040687064884,7.071470927876749,5.668391660214279,1.9397649130617762,135.65966118917774,0.4218784410100541,56.76462123024938,50.186209159937235,55.99198396793587,$HR$,[bpm],7.3760859698699734,14.054338454021467,11.313697696242436,11.172045790603837,11.239438106233589,2.541670423524513,6.146033391384028,13.232459470350834,11.235955168546779,12.180099100837673,14.676525963742028,10.763616477026229,9.06808831950091,1.5193556194820352,0.41222937882685085,0.562032068250984,5906.7927063778425,1.2859522844264455,0.25320750027350075,0.6629423368611531,0.4505214463321817
146.69590873917406,98.99227440717871,122.18215521903112,289.2406141750029,105.07862878222092,185.78801104855322,32.97123904574219,14.764218087058731,23.022077930611662,34.27834946782785,105.07857005131194,209.80245464771454,161.31160896397463,80.43103121020093,147.75737133477622,36.715258223970956,12.031026483359874,10.664788188467162,1.3662382948927112,3.41911830047136,0.631608605409601,0.38934090026612134,0.08473970741384258,21.12938318245972,8.435290082647334,7.047214823597291,5.646878276215091,1.9170358441189603,134.76804763974863,0.41985987657649526,56.55834743543275,50.08452843306932,56.33266533066132,$HR$,[bpm],7.384595681166389,14.049016821696709,11.318389868005351,11.177510977934165,11.244269410051746,2.5358748052775297,6.127869660886426,13.231304875202957,11.233331104305156,12.174504543473056,14.686131828921257,10.757471403589447,9.058183895792753,1.5122586632538837,0.4092035345314065,0.5620339005651042,5919.3592285936475,1.2825447876661966,0.2543656031131633,0.6690249384750727,0.45258053447916247
146.8450541222268,99.32047203852439,122.41639389243001,289.9352854300706,104.66591000443822,185.73286760146357,32.96029293932793,14.790047917957432,23.039376617297886,34.277956414977574,104.66574477729526,209.4016165874815,161.12385390225222,80.38952980091545,147.35192658735218,36.672725364962375,12.033763938728079,10.67113607470681,1.3626278640212695,3.415157258859601,0.6381500885821916,0.38802986860498356,0.08458308424919102,21.055112742406152,8.406618272800872,7.023029909358155,5.625464560247122,1.9170358441189603,135.46413699359834,0.4168063522567506,56.35292845907337,49.983255374520546,56.673346693386776,$HR$,[bpm],7.393237781241759,14.043707339474642,11.322986922692827,11.182876872640836,11.249009056375531,2.5301256937953376,6.109768151391266,13.230296027935283,11.230859040143937,12.169068926233848,14.695841589126632,10.751318369739165,9.048441172606022,1.5052799637404384,0.4072732971860753,0.5603175597548773,5931.767404660346,1.2942527035579605,0.25474291143644656,0.6751322399779013,0.4546402428435211
146.99138089269428,99.64540849300558,122.64780403659756,290.6258889339144,104.25545062132312,185.67818706088437,32.9494495328381,14.816200496425422,23.056608537941262,34.27770627958194,104.25565354594261,209.00364162595727,160.93961181689576,80.3494678316389,146.94887439251227,36.632180987787656,12.036973048603144,10.677306119479146,1.359666929123998,3.411123205012614,0.6446922907106168,0.3867256825438915,0.0846836382382215,20.98112854729696,8.378042508111843,6.99892984303882,5.6041561961463,1.9170825998710388,136.15840401163163,0.4143157694840389,56.14846432507308,49.882218670870536,57.014028056112224,$HR$,[bpm],7.402050368965972,14.038445079608033,11.327517512599501,11.188173095522155,11.25368608493383,2.5244711425624256,6.091736892715792,13.2294734718308,11.228568350475319,12.16381561476388,14.705568988030677,10.74530118330687,9.038851635415423,1.4984323926938314,0.4048396781870724,0.5603175597548773,5944.023186726739,1.3060075343800153,0.2558969187220602,0.6812473987651183,0.4566998022228818
147.13505293078703,99.96654455449637,122.87604484723917,291.3112701550116,103.8470728621942,185.62337520599513,32.93857060863442,14.842121795507211,23.073686687205182,34.27728088938084,103.84707305095165,208.60680739855312,160.758279063602,80.31045116494435,146.54807890242984,36.59298666836366,12.020832155421836,10.664124158608782,1.3567079968130533,3.40699683868755,0.6434601363566709,0.38542442301696744,0.08478207975256646,20.907336810118963,8.349523657847072,6.974880726629434,5.582932425642453,1.8942120016174033,135.2143909576672,0.412378096805216,55.94504072935326,49.78124843862211,57.35470941883768,$HR$,[bpm],7.411090441145543,14.033175626773296,11.331944470558932,11.193360536538625,11.258262005903674,2.518876995361447,6.0737739310116,13.228771604721627,11.226387079344162,12.158694793238109,14.715307709260484,10.739164343388058,9.029393606738374,1.4917102934844502,0.4019116476477232,0.5603175597548773,5956.118688008012,1.3020529826305038,0.257053007869361,0.6873850347895193,0.45876307710544406
147.27563116910315,100.28417300411621,123.10123330842792,291.99156217302965,103.44070893099727,185.56911522107825,32.927517936483426,14.868327377496271,23.090522899189942,34.27668451628203,103.44028230417062,208.21135240873932,160.5790644340047,80.27278942373516,146.14914056451656,36.55518472468383,12.023385600500314,10.669645434243506,1.353740166256807,3.4027802879198994,0.649921108114047,0.38412233508687504,0.08487773249719288,20.833807392845234,8.321090867441832,6.950912217661068,5.561804307742335,1.8942335876377694,135.89231233506666,0.4094228427169472,55.74241640790436,49.68042381335058,57.69539078156313,$HR$,[bpm],7.420154007551132,14.0278806586821,11.336274132375914,11.198450207653135,11.262746234969836,2.51334117837217,6.055853831937106,13.228161647799304,11.224327696315955,12.153689072442365,14.725098583075267,10.733039949767043,9.02006655375668,1.4851027434328135,0.39953842847092175,0.5603175597548773,5968.0521244958145,1.3137217807132107,0.2582094334834214,0.6935373700935722,0.4608269524809834
147.41464567617834,100.59887657593794,123.3242008578547,292.66946056614427,103.03708960564492,185.51652768211443,32.916850147727004,14.894476968116566,23.107478304534116,34.276538873421245,103.03717280962196,207.81917734068054,160.40454625142988,80.23723609499163,145.75371152115548,36.51937797073627,12.006329235252588,10.655522643610107,1.3508065916424816,3.398532768366818,0.6484276558649336,0.38283439333294883,0.08497316424529579,20.760607891842753,8.292771179457576,6.927037452044134,5.540799260341045,1.8712842220292292,134.91133619491757,0.4075366412488013,55.54065230360534,49.58020435270603,58.036072144288575,$HR$,[bpm],7.429485166499043,14.022716518312327,11.340587322003264,11.20351491091919,11.267213982183678,2.5079102444270074,6.038058873045653,13.227799884650722,11.222501036333679,12.148932149616694,14.734991763754019,10.72709494350095,9.010955234203774,1.4786405095487298,0.39667589319521646,0.5603183203372956,5979.867965890735,1.3093473108689826,0.25936548021525835,0.6997052053637904,0.46288952333225114
147.55004818387357,100.90961689889932,123.54367358898223,293.3406029818576,102.63506352692026,185.46286072617337,32.90586421093525,14.920753536191084,23.124088160926796,34.27594607325937,102.63495882980504,207.427703705722,160.23145119959023,80.20264122199117,145.35935801885265,36.48445444021684,12.008324728003268,10.66047122105087,1.3478535069523983,3.3941640742212904,0.6548079668562989,0.38154211325615495,0.08506500339116146,20.687597293505853,8.26450989626241,6.903220490089653,5.5198669071537925,1.871284222029234,135.57345261580178,0.4046441346316825,55.33995492415907,49.47987033372043,58.37675350701403,$HR$,[bpm],7.43892189257016,14.017455476460146,11.344759785050872,11.208438689765979,11.27154638665327,2.5025054126061983,6.02028069555378,13.227453855702297,11.220722725614998,12.144223194355659,14.744794892953763,10.720940414259747,9.001924294883352,1.472281519113602,0.394360929177256,0.5603201383863409,5991.50180468775,1.3209272538740338,0.2605229974012484,0.705893438486651,0.46495383541188684
147.6838027023358,101.21764466942562,123.76087841375842,294.0088151660774,102.23553715981996,185.4100943125256,32.895001842556354,14.947008763651754,23.140656238287928,34.27549687866923,102.23526788004467,207.03804288136573,160.06165969420516,80.1699246651145,144.9680216010264,36.451619780368226,12.01023352271303,10.665319453291877,1.3449140694211534,3.3897520591924035,0.6611908079994173,0.3802567222696574,0.08515550107227493,20.614923080939974,8.236364122110315,6.87950320969253,5.49905574913713,1.8713218426458391,136.23398112976645,0.40229637002801744,55.14022175485908,49.37994315306884,58.71743486973948,$HR$,[bpm],7.448455158466355,14.0122644190703,11.34888544072641,11.213308729880488,11.275832938693622,2.497205184943337,6.002599213842055,13.227297739457804,11.219129261811194,12.139707176644109,14.754746594225907,10.714951801595705,8.993076299162166,1.4660505292590378,0.3920728282229852,0.5603219301963185,6003.008494554559,1.3325501573567158,0.2616810214474017,0.7120903133758324,0.46701906055277403
147.8144578566813,101.52182446245574,123.97502273859,294.67162818788546,101.83801881809548,185.3576607097565,32.884136977090925,14.973367746249371,23.15707986308082,34.2750453863975,101.83784200531498,206.6507389422886,159.8947743047225,80.13823376797046,144.57862859222783,36.41949043445077,11.99167010503223,10.649689585931856,1.3419805191003724,3.385253769870914,0.6593354927030115,0.3789756227186334,0.08524410049290013,20.54247987000436,8.20829483557738,6.855854365176905,5.478330669250075,1.8482632780320836,135.20194703352954,0.40048392027707097,54.94135954680568,49.28017316877597,59.05811623246493,$HR$,[bpm],7.458177501134348,14.007065394247332,11.352922041859792,11.218087917497106,11.280034706103352,2.4919299136027617,5.984979772995089,13.227232048073587,11.217645019976784,12.135306218447859,14.7646367828763,10.708945219259205,8.984348679651687,1.4599357355332396,0.3893028971221274,0.5603237130520231,6014.361552243034,1.327617608852242,0.26283928707430404,0.7183054625560743,0.46908471112644273
147.94269022067994,101.82288092515282,124.18621284590155,295.3293479929697,101.44246170622785,185.3052820919428,32.87323166805296,14.999704438600455,23.173336365614706,34.27449272902056,101.44247923925663,206.26460208602379,159.72989085996196,80.10744931556694,144.1913505656393,36.38952268458972,11.992941253900005,10.653891326577169,1.3390499273228362,3.380670064516513,0.6656272227099784,0.37769776765477214,0.08533065808621827,20.470269041296895,8.180301542837922,6.832273133139859,5.457694365319108,1.8482717830629178,135.84581240306352,0.39768163433943693,54.7434269336668,49.18075046000839,59.39879759519038,$HR$,[bpm],7.467943808375817,14.00184422327631,11.356867110335344,11.222771834636536,11.284147521323211,2.4867523821814075,5.967425642470324,13.227248738343283,11.21626028493709,12.13101286094027,14.774521964939764,10.702829306817499,8.975738272031856,1.453938327587224,0.38707005324524607,0.5603254825768836,6025.5602504460785,1.339141520406573,0.26399802670018846,0.7245371230995993,0.47115120569938496
148.06864070305528,102.12057667394443,124.39505570841678,295.98361090972094,101.04933522342051,185.25355032334437,32.86238680937091,15.02609566425536,23.189507354490154,34.27397888745188,101.04933967171053,205.88093517583724,159.56831361415846,80.07831976494973,143.80675367685743,36.36020390979413,11.993443251545918,10.657978570346321,1.3354646811995956,3.3760401381673737,0.6719186302660904,0.37642509080875336,0.08514591780896845,20.398389584582493,8.152423352910485,6.808792846257233,5.437173385414773,1.848310780180391,136.4877393940676,0.3954137417585008,54.54650399252671,49.081445829555356,59.739478957915836,$HR$,[bpm],7.4778621448900475,13.996666480679563,11.360764111382744,11.227403331034722,11.288214799290348,2.4816086883703536,5.9499572058146475,13.227408641958734,11.21503137298328,12.126883355084694,14.784513827442368,10.696902734943137,8.967288234989104,1.4480568722719271,0.38486267622237813,0.5585576099691789,6036.634635290913,1.3507039813007442,0.2643201203141944,0.7307775271261029,0.4732190835763199
148.19272860908794,102.41557653885144,124.60143366359127,296.6343284144161,100.65853928647088,185.20220852048357,32.85166596593365,15.05262411650357,23.205623246641917,34.27353932461882,100.65861367511933,205.49913554518486,159.40970374574277,80.05082740948374,143.42492062161372,36.33288149988496,11.973578123160767,10.641022369188148,1.332555753972619,3.371356324819403,0.6697096789156174,0.3751593275136584,0.08522919036139,20.32678826650961,8.124638283677411,6.7853922573921865,5.416757725440018,1.8251600646864719,135.407140743387,0.39367115178670053,54.350614979484945,48.98249980861193,60.08016032064128,$HR$,[bpm],7.487969473702468,13.991536047583713,11.364609781487873,11.23197670737402,11.292231069942503,2.4765608146019624,5.932587407209507,13.22770236262205,11.213940455309121,12.122909300355166,14.794501583520614,10.690992390560291,8.958989095016353,1.4422900920521429,0.3826803328281886,0.5585576099691787,6047.58117797274,1.3452126536231839,0.2654758526030296,0.7370381807330778,0.47528822070417875
148.3143592710827,102.7072255458293,124.80527014623407,297.2805828348067,100.26987327900996,185.15143236184062,32.840945472162296,15.079072931724324,23.221605321319352,34.27312101618347,100.27012399499853,205.11952232408942,159.25345579780242,80.02487105830862,143.04516109137745,36.3066577658886,11.974265197260673,10.644613161347758,1.329652035912915,3.366610968254021,0.6759147070905955,0.37389753651688623,0.08531060816316054,20.255503038230998,8.096964945944393,6.762090690454089,5.396447401832518,1.8251763389060118,136.0335914724199,0.3909546813207599,54.15560225483592,48.88375463188309,60.42084168336673,$HR$,[bpm],7.498074708985926,13.986415695494768,11.368388369173998,11.236480475853796,11.296183568187832,2.4715575446467914,5.91528319532524,13.22810078390092,11.212990035659677,12.119068490494646,14.804522542544943,10.684970439377018,8.950827692444072,1.4366269315903186,0.38002583381242866,0.5585576099691786,6058.390139002305,1.356674612462052,0.2666316833657242,0.7433115275180622,0.4773575341323109
148.43337412027776,102.99560214859505,125.00612385544773,297.9213922155585,99.88305340953586,185.1005056432779,32.8300616192523,15.105636786869189,23.23734603093806,34.272400163971525,99.88293532666312,204.7404378925121,159.09948388763064,79.99995897001304,142.66736023173902,36.2815824872516,11.9746969512302,10.647954845124833,1.3267421061053681,3.3617753287901806,0.6821087545938979,0.372635755160244,0.08538949122405202,20.18442495970425,8.06935750086842,6.738849381351351,5.376218077484479,1.825212277808711,136.65681781800143,0.3887626530943572,53.961523801576504,48.78515273035669,60.76152304609219,$HR$,[bpm],7.508326564976623,13.981237733758276,11.372061919469937,11.240876271707164,11.300034219365054,2.4666088181152235,5.898040097838732,13.228529532296118,11.212084295149017,12.115289912110676,14.8145247049538,10.67911309900459,8.942751259363185,1.4310648005874547,0.37789508210569667,0.558557705271844,6069.04645165757,1.3681682042466952,0.267789004530536,0.7495940175732723,0.47942943406394506
148.55035946028724,103.28106367041052,125.20468077574357,298.5586074656393,99.49857501637294,185.0500800472079,32.81936046638034,15.132053990459967,23.253067464533647,34.271913880725315,99.49865250728692,204.3645224113551,158.9481256668349,79.97635209539203,142.29227580565797,36.258300451442175,11.953475536233958,10.629624031995622,1.3238515042383363,3.3568956641434275,0.6795368691881263,0.3713829355023251,0.0854672694726084,20.113659009848334,8.041859610638797,6.715700742302215,5.35609865690732,1.801985579586927,135.52829322802833,0.3870862948693107,53.76845824167705,48.68685197081863,61.102204408817634,$HR$,[bpm],7.518660104039588,13.976116419448871,11.375691627437783,11.245221557248955,11.303841083139591,2.4617361272923866,5.8808942622889555,13.229093115741735,11.211330988675227,12.11166989492577,14.824526783526972,10.673229560321184,8.934823414636554,1.425621709253146,0.37578809083124703,0.558559475498326,6079.582269036495,1.3621129066996842,0.2689460859490408,0.7558955643873266,0.4814994602125353
148.66486789205229,103.56324076113157,125.40051846486085,299.1908188118638,99.11602175925655,184.9992391322982,32.80856382965967,15.158707681358337,23.26858983587665,34.27124031566576,99.11609187034414,203.98948138358676,158.79895647012458,79.95354773220215,141.9190722103854,36.23561844124235,11.95339412811247,10.632434560640387,1.3209595674720815,3.351939976960627,0.6856350476899379,0.3701317678653692,0.08554285305824123,20.04315833267759,8.014452963260657,6.692634065546443,5.336071303870487,1.8020048600203207,136.13578020333048,0.3844515212596514,53.57644832710684,48.58882487375113,61.44288577154309,$HR$,[bpm],7.529052319400386,13.970961118439094,11.379235465794537,11.249478915000012,11.307565604824362,2.4569003797300377,5.863809962528692,13.229710600056222,11.210658070900834,12.108135370802243,14.834518684701193,10.667238898289561,8.926998071640886,1.4202800372659636,0.3732159621885307,0.5585612306151984,6089.97440308378,1.3734992364200354,0.27010392245690806,0.7622061776262616,0.4835708381682991
148.7779963072825,103.84313190384046,125.59446728062002,299.82068184985957,98.73604608691718,184.949555237538,32.79798508808057,15.185158113195559,23.284133798268968,34.27081344368102,98.73634240300031,203.6175450307404,158.65317029352272,79.93259349592206,141.54908294363346,36.21502765255878,11.931303625595337,10.613214485301144,1.318089140294192,3.3469635691947044,0.6827984167000699,0.3688899728309662,0.08561780777642904,19.973021284448738,7.98717592968776,6.66967756623198,5.316167788528995,1.7787509026879897,134.97446677781141,0.38281742233426147,53.385392552097024,48.49107791182433,61.78356713426854,$HR$,[bpm],7.539650190672108,13.96589785529688,11.382768085998473,11.253718113224656,11.311278697542878,2.4521616771743937,5.846840713615235,13.230496853412266,11.210161814157805,12.104789144536065,14.84464333490058,10.661534058155581,8.919346416250699,1.4150556684554536,0.3711580084560607,0.5585629672445219,6100.26513198328,1.367023211148172,0.2712619547240746,0.768529876264502,0.485642569650208
148.88849790927569,104.11961356524341,125.78576018223583,300.44536795727095,98.35791041239749,184.9001024981413,32.78725349455366,15.211806881827101,23.299437843892242,34.270127713068796,98.35795192819813,203.2463193506687,158.50874795149568,79.91269704248813,141.18085972993117,36.1948650952626,11.930770166403937,10.615556776334424,1.3152133900695133,3.3419092664674803,0.6888048702538312,0.36764842183631746,0.08569035461470424,19.90312599444998,7.9599797146882585,6.6467930493643,5.296353230397417,1.778750902687985,135.566839805237,0.3807181009859768,53.19516273031066,48.39347263086097,62.12424849699399,$HR$,[bpm],7.550184964090367,13.960785088894959,11.386191997158999,11.257842655331276,11.314883749841561,2.4474364263667434,5.829931585077699,13.23129986725201,11.209713777215658,12.101501624875423,14.854649409542008,10.655703453361442,8.911773766045398,1.4099257441308057,0.36863948103083793,0.5585646882344526,6110.411268104855,1.3783013408563582,0.272421282012381,0.7748703535573859,0.4877166203854881
148.99701412067563,104.39324151504286,125.97447183476689,301.0654515882983,97.98180087511318,184.85047365000648,32.77653995303481,15.238243005927911,23.314616130149027,34.26944321365274,97.98187402049051,202.87717190184887,158.36709996945228,79.89415121904365,140.81465888393376,36.17627864191721,11.929377953241216,10.61771994729873,1.3116580059424876,3.3367929421167535,0.6948005323949252,0.36641163686961814,0.0854818614809866,19.833527867916292,7.932890179864535,6.624002682425443,5.276635005626313,1.7787692100226444,136.1562789492078,0.3786416788760117,53.005977718310135,48.29615530518817,62.46492985971944,$HR$,[bpm],7.560869213001261,13.955669418055223,11.389560269599277,11.261911419722612,11.318437643063648,2.442797773745759,5.813094316840325,13.232179034018662,11.209374116502717,12.098320209338375,14.86468060256851,10.649803525244444,8.904290833219534,1.4048991331032747,0.36710944500161535,0.5567463213008844,6120.426319192941,1.3896078428151317,0.2726890650763039,0.7812187410178083,0.48979051076465685
149.1035824640747,104.66403364590532,126.16108879279739,301.6822943943124,97.60806154993078,184.80132202430755,32.765938699391505,15.264897622913052,23.329746980528526,34.26884445650377,97.60811534845156,202.51008140493957,158.22775679352483,79.87715803919353,140.45140737604635,36.1590283353866,11.905982630298517,10.597179389406463,1.3088032408920545,3.3316418483587102,0.69160180587156,0.36518172079177524,0.08555130396109244,19.764242932073365,7.90591063684994,6.601306147378897,5.2570261478445275,1.7554671758838083,134.94979121622913,0.3765877833620065,52.817837275586186,48.19913886325203,62.80561122244489,$HR$,[bpm],7.571610071825795,13.95060266167935,11.392891262795665,11.265936036901152,11.321953827609793,2.438191119320694,5.79635737125715,13.233165615038283,11.20914960593456,12.095277518338113,14.874781560885047,10.644140327286225,8.896944920185271,1.399980189930355,0.36464020140255193,0.5567463213008848,6130.333965881424,1.3825680899030703,0.27384440264603016,0.7875784343315915,0.491865670537651
149.20780557353405,104.9317427142996,126.34502875814147,302.2939697766972,97.23611084520503,184.7515278222643,32.75526218153551,15.291356244809752,23.34467867216352,34.26812444826783,97.236281054898,202.14458590437818,158.09026398747318,79.86082142022182,140.08987737205126,36.14254320243797,11.904773036140371,10.598823072067201,1.30594996407317,3.3264153405652808,0.6974964773482161,0.3639544652668921,0.08561869086041278,19.69520837313125,7.879017886833299,6.578686265283813,5.237504221014141,1.7554671758838107,135.5236740789337,0.37455604984339197,52.63074789765672,48.102342498994425,63.14629258517034,$HR$,[bpm],7.582385692217136,13.945486543897466,11.396132878772537,11.26986874151815,11.325383465262249,2.4336525160363087,5.779686628568569,13.234174075483295,11.208982430891435,12.092293710553111,14.884770917614937,10.63835432064303,8.889676397224417,1.3951508448645746,0.36267292643465493,0.5567463213008849,6140.099905275372,1.3937586859544449,0.27499983314981147,0.7939531454085665,0.49394099723416424
149.31070602944004,105.19719003965622,126.5272021686617,302.903081962103,96.86667843461541,184.70336717034743,32.74479115426109,15.317992947514,23.359622955637175,34.26757997536026,96.86704661243661,201.78162213616744,157.9558458017642,79.84579616077201,139.73132243825034,36.12792707538973,11.903546283069025,10.600429240807706,1.3031170422613183,3.3211733034423268,0.7033914285933269,0.36273602676221556,0.08568553513262932,19.626529941512956,7.852252492968302,6.556174233322851,5.218103215221805,1.7554811511528376,136.09570581793614,0.3725461215456213,52.44445724981159,48.00588159959792,63.48697394789579,$HR$,[bpm],7.593323153375327,13.940454081473735,11.399362775336058,11.273779521912823,11.328797658013901,2.4291717425408583,5.763129237460689,13.235327430461675,11.208975243399811,12.089482517678512,14.894879180025322,10.63261571197237,8.882569475764587,1.390419362238753,0.3607267648976003,0.5567463213008845,6149.772290197628,1.4049795865541126,0.2761558051354119,0.8003387479446601,0.4960172965133396
149.41071076760605,105.4591212887332,126.70648074811692,303.5063931381077,96.49883156108439,184.6542328173895,32.734093564024,15.344454144707022,23.374270759430782,34.266724064510086,96.49901388507514,201.4192923532671,157.82222464031497,79.83155684127807,139.37424288958022,36.11351415610178,11.902034312008645,10.601760813348783,1.300273498659862,3.315840327586537,0.7092656940999595,0.36151625224098755,0.08574939762074499,19.558084011119107,7.825569091022668,6.533737514985514,5.198777405110922,1.7555098480881592,136.6639324542426,0.3700873984873127,52.259203641714066,47.90951887360749,63.827655310621246,$HR$,[bpm],7.604170162446117,13.93533182478175,11.402489130308558,11.277582896616682,11.332108887889095,2.424724580567113,5.746612889977492,13.236443152328576,11.208970107390334,12.08668046417789,14.904894310913763,10.626950956719828,8.875506995969685,1.3857728121418136,0.3583311278873345,0.556747571269195,6159.294158758593,1.4162237018148085,0.2773126175621679,0.8067307075247394,0.498093987064891
149.50907596679735,105.71853734041595,126.88349594604283,304.1052699277287,96.13302579969493,184.60501638978957,32.723407150130654,15.370915854747786,23.38879051460142,34.26581882274453,96.13305965014385,201.05876268319486,157.691086383943,79.81859682958857,139.0192594280752,36.10058789680749,11.87695371292353,10.579516609247351,1.2974371036761785,3.3104575413767336,0.705606120918938,0.3603008886988356,0.08581175507196868,19.489936852924373,7.798991735463748,6.511392837694763,5.179552279765858,1.7321455824213774,135.40077995676566,0.36859029139804134,52.0749802360257,47.81341452977069,64.16833667334669,$HR$,[bpm],7.615153958779787,13.93021093017836,11.405553755521368,11.281321315518543,11.335360574371759,2.4203400902734993,5.730177328113964,13.237619288603797,11.209057513587075,12.083975331711663,14.914847069004338,10.621204556967646,8.868551086355609,1.3812198595629899,0.3564286827986136,0.5567492934914601,6168.696364942348,1.4084730905993739,0.2784699043411386,0.8131378244953639,0.5001710960328503
149.60586111446887,105.97538203253994,127.05872164288756,304.701647129222,95.76958511129834,184.55645459968247,32.71289549670227,15.397453195129545,23.40330081366849,34.26510097230952,95.76966156178383,200.70061974457496,157.5623217203051,79.80722927170066,138.66711165786288,36.088949891879025,11.875060744514098,10.580440981370984,1.294619763143114,3.3050544777460176,0.711384945575521,0.35909397622115713,0.08587340717035268,19.422128472868717,7.772535607377058,6.489150483320554,5.160442382171106,1.7321523784585109,135.95437366296989,0.3666437132825499,51.89175600443243,47.71767106831394,64.50901803607215,$HR$,[bpm],7.626158491511661,13.925154292959451,11.408592661259231,11.285030760393342,11.338589632940181,2.4159971766918007,5.713852341597495,13.238912722264752,11.209280519511209,12.081417556176087,14.924901917435472,10.615509119281471,8.861736319696178,1.3767698234498271,0.3540810479797214,0.5567509940515756,6178.0018932518915,1.4195986492472628,0.27962738170410384,0.8195576018032559,0.5022485540065332
149.70071607855613,106.229578799829,127.23172297965048,305.293862127618,95.40817481646407,184.50804862151412,32.70241262259413,15.423900712650525,23.417695421670214,34.26436036297225,95.40840151470084,200.34454143130455,157.43587751857973,79.79708621780534,138.31732603191384,36.07801774401844,11.873021872201397,10.581210491978188,1.2918113802232079,3.2996030532992067,0.7171491792122526,0.35789202862214853,0.08593373569622861,19.354611746372985,7.746183737251956,6.466998315062816,5.141429694058215,1.7321791694706754,136.5051258415253,0.36425474789310597,51.709492094936834,47.622161718548796,64.8496993987976,$HR$,[bpm],7.637237290347735,13.920096271548378,11.411577307500826,11.288682343678827,11.341766061082511,2.4117353753431114,5.697613416061662,13.240260267263539,11.209581831424018,12.078949230127506,14.934965830721548,10.609970411356517,8.855021033684588,1.372413145550353,0.3522209188648713,0.5567526834502736,6187.191457035626,1.430748739341457,0.2807851831873209,0.8259819564616226,0.5043265915617257
149.79422025702374,106.48148955194385,127.40284940052324,305.8830650221341,95.04904541418227,184.46067317000254,32.692054877617075,15.450476390068689,23.43204672594658,34.26367291132372,95.04945674186533,199.99044068935146,157.3116993269281,79.78798118168298,137.9701934869446,36.06874479033259,11.846190619837131,10.557883136252402,1.2883074835847288,3.294126232182776,0.7131433353995011,0.35669725506757227,0.08570416102378091,19.287414086102377,7.719945597975863,6.44494248871673,5.122525999409783,1.70879732622822,135.20149468724003,0.36281159331587093,51.52808117889889,47.52699999771852,65.19038076152304,$HR$,[bpm],7.648398356161422,13.915083074638407,11.414525264875435,11.292292816994085,11.344907310205578,2.4074934169602256,5.681477421563816,13.241700108739963,11.20999327487874,12.076605407664953,14.945011490613098,10.604400727838843,8.848429864554936,1.3681519205066057,0.35038023161596166,0.5548830266545339,6196.283461569838,1.4224392690961902,0.2809958048657901,0.832421286751367,0.506405478934817
149.88542020440124,106.73038955026344,127.57159674581058,306.4672729723747,94.6916088028994,184.4125320549572,32.68148369018059,15.476805097236237,23.44612519238307,34.26272832309369,94.69160707291081,199.6372778768341,157.18873814612016,79.77937081756194,137.62444886917302,36.059747635507634,11.843675688655196,10.55817135467083,1.2855043339843661,3.2885811926192368,0.7188055369217511,0.3555012390067585,0.08576068537713016,19.220502748986906,7.693811067979308,6.422979449608055,5.103712231399545,1.70879732622822,135.7371685992393,0.36092541683685875,51.347708177815235,47.431826400343255,65.5310621242485,$HR$,[bpm],7.659517899907656,13.910005567038128,11.417369737424167,11.295796683058022,11.347947153146626,2.403311835128735,5.665389097795048,13.243129473177637,11.21043182845276,12.074293621284127,14.955030390349656,10.598746460145433,8.841902967409792,1.3639678291097737,0.34855868301123033,0.5548830266545339,6205.241699107837,1.4334656503912218,0.2821507151899474,0.8388740012575219,0.5084868371106481
149.9751498239338,106.97697594692525,127.73839949550992,307.04806853708396,94.33641039748152,184.3647442872788,32.67108683647425,15.503349834520158,23.460189840875124,34.261921087778376,94.33640681123946,199.28629988297368,157.06839980362537,79.7721884717529,137.28139982973593,36.052098135741474,11.841084488545489,10.558363676892307,1.2827208116531812,3.28301060735118,0.7244543019546364,0.35431379710832345,0.08581661413280715,19.153916477937617,7.667794971503634,6.40111727937428,5.085004227059705,1.708819698585419,136.27036517416298,0.35905875054959796,51.168356923211775,47.337125967332604,65.87174348697394,$HR$,[bpm],7.670780509119094,13.904976504783756,11.420205548757242,11.299285595280997,11.350976811178766,2.3991719746959195,5.649404641004734,13.244653821836968,11.210985586343876,12.07210880955505,14.965099617997717,10.593276889799228,8.835499971096299,1.3598771224415318,0.3467559761018325,0.5548830266545335,6214.103827184804,1.4445150562756728,0.28330541701765183,0.8453291224764434,0.5105678195380013
150.06349599269947,107.22113969365101,127.9034048326492,307.626317885841,93.98346571390552,184.3173576693805,32.66081655835397,15.529681183349902,23.474210597846703,34.26119438690467,93.98341650112384,198.93786960785812,156.95004122921648,79.76638461995915,136.94113409253248,36.04585150179311,11.813839983548206,10.533887216853019,1.2799527666951862,3.2774176297699293,0.7200974990321118,0.3531334385819293,0.08587175113156109,19.08763131464398,7.641884493716629,6.379344308277627,5.066402512649723,1.6854336112357147,134.92712839467183,0.3572112932979807,50.990024435185575,47.2425972422354,66.2124248496994,$HR$,[bpm],7.681988213359618,13.899990962640295,11.423011858952806,11.302740873162987,11.353978647683205,2.3950954888445395,5.633534193896092,13.246262876781463,11.21163855553145,12.070041487833347,14.97515069740031,10.58780729076263,8.829215602080911,1.355866405017074,0.34451850622647884,0.5548830266545335,6222.873160696269,1.4356475085245597,0.284460816527313,0.8517971274300039,0.5126500593149633
150.14977749419717,107.46257497706158,128.0662042033575,308.1999601312491,93.63239941057648,184.2703360034234,32.65056255741214,15.556228869478762,23.48811057191937,34.26046665546147,93.63263193277056,198.59103750014276,156.83383644678986,79.76166017012379,136.60280028520972,36.03989962786597,11.810846851461982,10.533653300029556,1.277193551432426,3.271775774621481,0.7256442660409409,0.3519580956728347,0.08592546182002142,19.021641970641326,7.616083352610407,6.3576653020169696,5.047893316013944,1.6854336112357127,135.4457898659386,0.3553827500923,50.81251895521424,47.14846808366327,66.55310621242485,$HR$,[bpm],7.693294442848257,13.894991209349493,11.425754234850057,11.306127435959182,11.356916534339666,2.391066960444932,5.617734437356994,13.24790251348768,11.212353553107897,12.068041921071377,14.985228334882033,10.582305904404215,8.823012595953696,1.3519412361058667,0.34275493663724366,0.5548837862995221,6231.527022896283,1.446569678002281,0.28561599481984545,0.8582774594970233,0.5147311957420794
150.2341034264633,107.70145612152929,128.22663572854344,308.76835601922255,93.28299099691465,184.2226438540908,32.64015881409783,15.58236073721157,23.501760330518504,34.25948579850244,93.28324969943554,198.24517893863194,156.71834596844516,79.75773404584088,136.2659220529082,36.03522753581734,11.807642988108908,10.533213300388146,1.274429687720761,3.266069988560191,0.7311711904593813,0.35078321130281814,0.08597682435602783,18.955932769216556,7.590384358244619,6.336077564692675,5.029470846279256,1.6854430127537146,135.96100715004044,0.35357283195222533,50.636007086510624,47.05448586384639,66.8937875751503,$HR$,[bpm],7.7045479668119015,13.88993040308451,11.42841766462915,11.309431115943134,11.359775715540506,2.3870571503061955,5.6019888071398105,13.249514403042987,11.213089266923259,12.06606349752682,14.995227718842315,10.576872457682393,8.816860588239381,1.3480901765827777,0.3405606338220039,0.5548854708349034,6240.052584122266,1.4575112321874133,0.28677184504453834,0.8647644691386502,0.5168126759798733
150.31694338393805,107.93771260767289,128.3852324766823,309.333781320868,92.93574750363399,184.17515782093795,32.62985690977272,15.60875523086281,23.51535404484089,34.25858459221218,92.93598480145262,197.9014274994433,156.60520014958857,79.75476388740331,135.93172919826125,36.031480572397335,11.80436222888817,10.532682631050992,1.271679597837178,3.2603392015468513,0.736686258229975,0.349614784535381,0.08602732840656133,18.89051411895779,7.564788081288258,6.314576424695038,5.0111496129744895,1.6854656669487351,136.4737234201703,0.35133483284115974,50.46052279970876,46.96074504147478,67.23446893787576,$HR$,[bpm],7.715857395371277,13.884899288072921,11.431044364630774,11.312692836020897,11.362598433798814,2.3831249518096547,5.5863493461381,13.251196115056176,11.213910750052337,12.064188374380567,15.005193648392131,10.571419529072328,8.810817851619857,1.3443272454662325,0.3388349912661248,0.5548871394736967,6248.485628751344,1.468473941255316,0.2879283598725019,0.8712571071908882,0.5188953561720646
150.39928619177724,108.17256298416658,128.54295862519245,309.8989677428673,92.59128115478902,184.1294737438462,32.61994367984271,15.635063376133932,23.529100234214415,34.25804409070229,92.5916730612096,197.56086444938464,156.49548942864004,79.75329997741886,135.6010662162524,36.02867203586004,11.775846277200532,10.50688360800458,1.2689626691959524,3.254640743966899,0.7318973080674835,0.34845912989200417,0.08607854051285456,18.82553537450408,7.539355967463511,6.293212472724228,4.992966934316346,1.662065620778962,135.08183732916228,0.3500077440855659,50.28596414911739,46.86741643860934,67.5751503006012,$HR$,[bpm],7.727304094648902,13.880026433915756,11.433714622065077,11.315994113170783,11.36546668512393,2.3792294466574146,5.570852254318684,13.253073976164726,11.214931617096468,12.062530882483065,15.015377092590358,10.566093937401128,8.804946473523316,1.3406628557293199,0.33668257616352665,0.5548887931543764,6256.869740560091,1.4589045063901847,0.2890854899433458,0.8777658885131373,0.520979146650235
150.47847518804429,108.40394555307932,128.69730194966186,310.45556487872466,92.24768059580192,184.08131140614444,32.60953541952938,15.661272232192907,23.54235497951579,34.25690551674053,92.24789667234586,197.21998050709902,156.38503284883768,79.7517314750973,135.2704125418471,36.02676880382063,11.771328500907197,10.505843385832813,1.2654851150743835,3.248814997168911,0.737300200324103,0.3472967259592009,0.08582730455884122,18.76069614007994,7.513971657322724,6.271896357617767,4.974828125139448,1.662065620778962,135.57951004970278,0.34825202509782477,50.112463829787124,46.77411306661464,67.91583166332666,$HR$,[bpm],7.738591985389195,13.874943540554233,11.436218733329984,11.319123741684601,11.368166351456622,2.375366550075004,5.555353944037526,13.254768173506136,11.215836964620433,12.060754432812152,15.025310752299768,10.560718502508738,8.79901690281132,1.337050941738307,0.33543564346351395,0.5529670803247112,6265.077946676808,1.4697335388167236,0.289236903719547,0.8842812945784307,0.5230635132017306
150.55717114386692,108.63343857308217,128.85066393097404,311.0115836235506,91.90673648767871,184.03529634091373,32.599553958187194,15.687444027248166,23.5557833063417,34.256213330064504,91.90739475899034,196.88245467879082,156.27803432173124,79.75202137892495,134.94359525709436,36.025699576885344,11.767642770253433,10.504864307806843,1.262778462446591,3.2430151890667847,0.7427020092286799,0.3461487046063555,0.08587506061583591,18.696229888337218,7.4887224424552175,6.250689464225114,4.956817981656892,1.6620819778427223,136.07593296866958,0.34651383237126493,49.93973347233745,46.68135355633143,68.2565130260521,$HR$,[bpm],7.750055182752797,13.87000534887753,11.438746599795559,11.322274370652517,11.370893366974938,2.3715588410055015,5.54000946722544,13.256642659837944,11.216917463207743,12.059177584939746,15.03533576408439,10.555425735484473,8.793260279343661,1.3335419987716417,0.33376141975861684,0.552967080324711,6273.23335625318,1.480587149201107,0.29038923482952034,0.8908027214895957,0.5251474186474161
150.6344862505388,108.86100924432984,129.0024059001835,311.56477589351215,91.56793889245375,183.989601437023,32.58957998618925,15.713722875193278,23.569100274075637,34.2554317981845,91.56848389589847,196.5466824361605,156.17270264008175,79.75358479187379,134.61890694652166,36.025482588018434,11.763902832552777,10.503825273975178,1.2600775585775992,3.237198836673954,0.7480959901452241,0.3450042492486897,0.08592158757147263,18.63212337104277,7.4636077270308805,6.229600248244814,4.938915395767079,1.662102553997176,136.57001995875547,0.34435535033073067,49.76799676572817,46.588669297758535,68.59719438877755,$HR$,[bpm],7.76145657241061,13.86509444589829,11.441255058724472,11.325399271486503,11.373599094601243,2.36780073092897,5.5247479262383035,13.258570802238197,11.218080579892028,12.057694903107498,15.0454338647114,10.550127082099815,8.787610650175681,1.3300969591566096,0.33166627134776855,0.5529670803247112,6281.303703985354,1.4914611119417738,0.29154296247601286,0.8973339872169571,0.5272338496259381
150.70955440693126,109.08563236111881,129.1515818196633,312.1120279485593,91.23054840660315,183.9425734080538,32.57944876830874,15.739762795926014,23.582167411194664,34.254486086874955,91.23123810487171,196.2117399209123,156.06834478065997,79.75565057192624,134.29533926688998,36.026417860250284,11.733803701433384,10.47642878338905,1.2573749180443348,3.231308036253397,0.7428500057746724,0.34386116411358253,0.08596603834346411,18.568249589315602,7.438579040284981,6.208586470155817,4.921084078874806,1.6387044971531728,135.12903935191358,0.34308898635364193,49.597299155002844,46.49631981330199,68.93787575150301,$HR$,[bpm],7.772893199502143,13.860096188246729,11.443656150824769,11.328413835696248,11.376198330195427,2.364073534232119,5.509531101385014,13.260444000105627,11.219228919204916,12.05619710231992,15.055411091470122,10.544871007030094,8.7819800452146,1.3267129567224187,0.3300272229137824,0.5529670803247114,6289.240210795889,1.481181925484656,0.29269636402855226,0.9038737173528408,0.5293196908877037
150.78374307863356,109.30838837251592,129.29944600721498,312.65678321573535,90.89526917676787,183.89598358215318,32.569352718313056,15.765825744094762,23.595140163909754,34.25345838005141,90.89567831772364,195.87849428524922,155.9656006978721,79.75876691629381,133.97419487721862,36.027439310389035,11.729584062194025,10.474903534230226,1.2546805279637991,3.2254069738814253,0.7481310481633822,0.34272251601863163,0.08600940591787215,18.50471634294365,7.413673470012002,6.187677216087087,4.9033656568445565,1.6387044971531777,135.6085159308764,0.3414018261661928,49.42754453153218,46.40411324857146,69.27855711422845,$HR$,[bpm],7.784298764105931,13.855131952079399,11.44600851028132,11.331376177187444,11.378751428223106,2.360377302320622,5.494411439650558,13.262377232978691,11.2204614435679,12.054796284606443,15.065354850492097,10.53957687936886,8.776456903918822,1.3234026333350233,0.3279710436647309,0.5529674643317009,6297.093097075882,1.491920505424246,0.29385110587549257,0.910426808503955,0.5314075869375638
150.85616025523322,109.52883958536752,129.44533875267737,313.19779625160993,90.56194041579344,183.84978025229947,32.55933651751586,15.791841264806402,23.608035193066783,34.25251826849428,90.56228371289947,195.54723598433804,155.86483544745317,79.76236095078477,133.6552351420368,36.02966603378063,11.725248407332488,10.473249954116193,1.2519984532162955,3.2194752783392544,0.7533905566673288,0.3415899277807684,0.08605171986813219,18.441494982360783,7.388885681265673,6.166870224078458,4.885739077016655,1.638723573131618,136.08515042598964,0.33973117819704324,49.25866122413315,46.31222899011105,69.61923847695391,$HR$,[bpm],7.795754460797668,13.850179149746486,11.448352473761268,11.334324283741049,11.38129347240731,2.356747808109203,5.479376250593628,13.264344016388279,11.221756325410421,12.053468483704783,15.075346777313369,10.534261511275384,8.771019947572674,1.3201699282652275,0.32636611915629665,0.5529691158906924,6304.853326742815,1.5026748521640247,0.29500586536533047,0.9169788467083544,0.5334942890800531
150.92748632465802,109.7471745333392,129.5897401202513,313.7364537066271,90.23075640691977,183.80424987794748,32.549533532790704,15.81783902651981,23.620941916165265,34.25172700201633,90.23141820254604,195.21839729245954,155.7659466627756,79.76712172391395,133.33899094737623,36.033209789576595,11.720898818654618,10.471560223516144,1.2493385951384726,3.2135355904142067,0.7586433622346328,0.3404666069696657,0.08609379755816873,18.378566413533772,7.3642024832269675,6.146148979112437,4.868214951194369,1.6387423296151213,136.55951576746648,0.33764776974565774,49.09068014849286,46.22075555070203,69.95991983967936,$HR$,[bpm],7.807223361485074,13.845278259969676,11.450672863906108,11.337244079685643,11.383812581231341,2.3531393887311056,5.464459634148625,13.266384658753296,11.223139474455843,12.052245987738688,15.085377377089568,10.5291781174697,8.765686012849166,1.3170195022563247,0.32434779406317316,0.5529707465076834,6312.536485301742,1.513447533916426,0.2961604275259615,0.9235421008938468,0.5355806421883592
150.9967179375651,109.96268858479604,129.73169102146377,314.2689314869523,89.90095417454074,183.7573431545109,32.539438892401584,15.843704090692059,23.633515609952994,34.250564015925164,89.90143730758862,194.89008798624945,155.66737123147192,79.7722176153914,133.02354734148844,36.0364296931563,11.68946931608683,10.442802999567931,1.2466663165188994,3.2075250446527566,0.75296397956185,0.3393408645022017,0.08613324790385496,18.315889463754946,7.339613114181133,6.12551310028388,4.850763249289931,1.615361321405474,135.07337185061365,0.33643845868202066,48.923734219942574,46.129302026859186,70.3006012024048,$HR$,[bpm],7.818627068445899,13.840268026683164,11.452894382749204,11.340060826377664,11.386231876916371,2.3495698672710876,5.4495723214428615,13.268332821666732,11.224479581146612,12.050983676982586,15.095210304610138,10.523900544016275,8.760357777457331,1.3139206494476154,0.32277598320254774,0.5529723742524526,6320.091127140058,1.5024687233949892,0.297316009630481,0.9301130982186322,0.5376688302601264
151.06494571182782,110.1765466994221,129.87234229256583,314.7997658597851,89.57341881242691,183.7111344153824,32.52957074460984,15.869500759162674,23.646123427899234,34.24961316136905,89.57430473664003,194.56418561940325,155.57106871841142,79.7787016881516,132.71105461766788,36.041043848844865,11.68468892713062,10.440671249484964,1.244017677645656,3.201517736848515,0.7581047222917147,0.33822478074106727,0.08617264919619128,18.253532031300903,7.315138801446391,6.1049722804063205,4.833420949448197,1.6153618881608514,135.5337073507189,0.33481591859759663,48.757751726629586,46.03843428402636,70.64128256513027,$HR$,[bpm],7.830098966673128,13.835329693950639,11.455111842663973,11.342868657342066,11.38864734581928,2.346044434631543,5.434807340532313,13.270369066997297,11.225917257939928,12.049842469301016,15.105153611521402,10.518680530834882,8.755148448025942,1.310904460147658,0.32079443977307803,0.5529739824497476,6327.581188653405,1.5131018682510724,0.2984705091744506,0.936695287502291,0.5397550674123707
151.13207458397872,110.38838296469562,130.01162860963973,315.3279936220216,89.24790652196437,183.6653700126243,32.51980333361475,15.895421855162574,23.65868086851536,34.24869080488754,89.24852260161519,194.24027992188076,155.4766485218655,79.78648383922392,132.40069313946034,36.04661578581451,11.67910526997733,10.438482287243016,1.2406229827343134,3.1955031752600855,0.7632294618305716,0.3371142977571282,0.08590317489909678,18.19156153963958,7.290815238882407,6.084561013624646,4.816185287132527,1.6153796603864135,135.99178346644078,0.3332089534321085,48.59266965559696,45.947484547236556,70.98196392785572,$HR$,[bpm],7.841556771922099,13.83044122221745,11.457308907783458,11.345652298736026,11.39104297016963,2.342562672332971,5.420125292018063,13.272475809698506,11.227456578143595,12.048804093846298,15.11513569460153,10.513607791347148,8.750048149255836,1.307950512957884,0.3196776253739518,0.5509978598642044,6334.991681378714,1.5237532034767953,0.29855636124822915,0.9432786860225166,0.5418466803515527
151.1983202682279,110.59825375223119,130.14940885796605,315.85365173969444,88.92448972473852,183.62057959171625,32.51013247264249,15.921151443295445,23.671191204406394,34.24786866829007,88.92541497116991,193.9183860631585,155.3842003598263,79.79537425611353,132.09263827520834,36.052272773690156,11.674250166844534,10.436249051913963,1.2380011149305705,3.189478873718182,0.7683459441330225,0.33601071508322405,0.08594095765278026,18.129877812321077,7.266592893955175,6.064234652591946,4.799050265773959,1.6153968389133613,136.4475735202682,0.33119650581120846,48.428389629563185,45.85713442468897,71.32264529058116,$HR$,[bpm],7.853091711407065,13.825593606195541,11.459476823421094,11.348401893388507,11.39340924882494,2.339134137353734,5.405545129628799,13.274640334561417,11.229056194156447,12.047849260288261,15.125079478362904,10.508503269613591,8.745040824042443,1.3050545416385626,0.31815064598891185,0.5509978598642039,6342.329838283455,1.5344206522031794,0.2997070444398851,0.9498722637313982,0.5439350427127781
151.26289870881197,110.80600446426104,130.28532126094547,316.37501038897017,88.60270031976599,183.57523380980598,32.50044083987734,15.946980788708617,23.683553110395188,34.24693394676073,88.60383318785709,193.59782775412523,155.29252351366728,79.80415773601167,131.78617462096352,36.058914950107926,11.64174069879855,10.406355244001938,1.2353854547966117,3.183416171847088,0.7622566915683344,0.3349108922054384,0.08597750405334685,18.068483996490002,7.242480101594094,6.044002582864845,4.782001312031066,1.5920470934388122,134.9200144088625,0.33004085935585237,48.26506194815105,45.766956280308314,71.66332665330661,$HR$,[bpm],7.864522456466822,13.820712654864105,11.461586273412403,11.351089176415572,11.395717050485553,2.3357179123190988,5.391030255226807,13.276790033024195,11.23068180693879,12.046922506702703,15.135009833760773,10.503309527718727,8.74008465102442,1.3022187868044108,0.3162193512863814,0.5509978598642045,6349.564255380424,1.5227528497657288,0.30085876115338384,0.9564747525631241,0.546025280801511
151.3258847930185,111.0113689583699,130.41943546547785,316.8925482792519,88.2826780561475,183.52952306508183,32.490711693694905,15.972483933224742,23.695757591109682,34.24594188838845,88.2837374885922,193.2789253269377,155.20226606544057,79.81361309253772,131.48145646473475,36.066218684328234,11.636444414978941,10.403669986051883,1.2327744289270586,3.1773238165138986,0.7672574786291438,0.3338142952329528,0.08601270839593284,18.00735374854404,7.2184625325955,6.023852421348855,4.765038794599689,1.5920470934388122,135.3618624646503,0.3284792967037374,48.10271207692365,45.67685656325817,72.00400801603206,$HR$,[bpm],7.876014737187684,13.815809817318458,11.463633424678793,11.35370942452492,11.397962039405499,2.332357717756038,5.376592150302445,13.27892366700919,11.23232547239642,12.046024647522419,15.144902039644641,10.498268787174442,8.735179701922458,1.2994369290981862,0.31472318402451993,0.550997968187241,6356.706658431623,1.533277710249802,0.3020114444948704,0.9630856502730276,0.5481171654561172
151.38767690688638,111.21476296303986,130.55197253341612,317.40667224538464,87.96449626290824,183.48369252829178,32.48102547117506,15.998177422778365,23.70786759931137,34.2448742706118,87.96558986526122,192.96144424934445,155.1131275521874,79.8242030842506,131.17867082427273,36.073570437942614,11.631055731548308,10.400883234333088,1.230172497215219,3.17121059833898,0.7722378709021133,0.3327225371843022,0.08604677062676248,17.946528418946215,7.194558591957163,6.003799416705139,4.748170410283914,1.5920619020990283,135.80111127578476,0.326932441289897,47.94131568359667,45.58713281166793,72.34468937875752,$HR$,[bpm],7.887413190618791,13.810919607040733,11.46564235375633,11.356287277226395,11.400168768889563,2.3290103489175236,5.362235426064988,13.281078972399595,11.234017583121863,12.045187803593496,15.154730409587387,10.49315153917358,8.730355764494508,1.2967165303921018,0.31282621920378473,0.5509995802376968,6363.764158498973,1.5438173018112042,0.3031641919740935,0.9696967811212511,0.5502076641207438
151.44890264687334,111.41681141598379,130.68344314623948,317.91899698811136,87.6483624645695,183.4387005858627,32.471352826652684,16.023566862409155,23.71987637875533,34.243811487450586,87.64901962530494,192.64543448314095,155.02602080342163,79.83577855196253,130.87750215820228,36.08167552045075,11.625664601673474,10.398087073363843,1.2275775283096304,3.1650998256895493,0.7772119927510376,0.3316344998845316,0.08607994251775726,17.886120565132348,7.170817617674344,5.983886869196726,4.731416078261276,1.5920776851176994,136.23844414521338,0.3249871420408301,47.78073666278707,45.49758464843111,72.68537074148297,$HR$,[bpm],7.898911660423389,13.806065000073923,11.467598652437887,11.358809735351176,11.402325051820739,2.3257090083246936,5.347937136104282,13.283280523542338,11.23578450681369,12.044435425374822,15.164611127607527,10.487896340024706,8.725598436168431,1.2940452164457208,0.31135998106580165,0.5510011860878417,6370.753720621115,1.554375236619916,0.3043182439908416,0.9763187130563945,0.5523005243446547
151.50864270765268,111.6164789664783,130.81318987250532,318.4279545789674,87.33407771104778,183.39401554173298,32.461841852424186,16.049155027394136,23.73186658761429,34.242859674526365,87.33478557197724,192.33183528981925,154.94016085837688,79.84834705189884,130.57873194250806,36.090762597139886,11.59202535244979,10.367023155060854,1.225002197388936,3.1589703869677193,0.7707138224066122,0.33055480703108037,0.08611275288312133,17.825947289139002,7.147158857677152,5.964042323004475,4.714746108457374,1.568772712502737,134.67109403705868,0.3238820288300022,47.62100739932493,45.40838776917767,73.02605210420842,$HR$,[bpm],7.910337482938296,13.80123878280344,11.469549933613814,11.361321172202665,11.404473724887081,2.32245079020762,5.333751630881448,13.285517786854314,11.237599924699792,12.043746448087848,15.174508593206316,10.482893834843821,8.720914059624874,1.2914431072189694,0.30949640572207066,0.5510027724951129,6377.662909399963,1.5420222846187193,0.30547183329651695,0.9829481812943179,0.5543925521703729
151.56730502586606,111.81434041512463,130.941588135893,318.93436919422726,87.0217831923969,183.34961088311155,32.4524584781229,16.074511027442295,23.743822609645456,34.242014414198295,87.02267415788496,192.02014333218676,154.856093355523,79.86190404483222,130.28214831597487,36.09984350023325,11.586355442414169,10.363912270760515,1.2224431716536528,3.1528365120533026,0.7755831102070697,0.3294820673657749,0.08614523818449052,17.76609535552119,7.123621127156287,5.944299561212471,4.698174667152435,1.5687727125027318,135.09584302424253,0.322378069668541,47.46221318564714,45.319554838233515,73.36673346693387,$HR$,[bpm],7.9218214182884426,13.796445680507885,11.471472545227273,11.36380007542595,11.406594169159856,2.319225936041434,5.319656600606597,13.287801543261628,11.239476386640012,12.04313370844597,15.184366863382166,10.477838199806751,8.716313500670491,1.288894457481566,0.3080592467771717,0.5510043483772307,6384.5039732938885,1.5524370803291683,0.3066256821479627,0.9895869987772145,0.5564850496207691
151.62490613617706,112.01036494816242,131.06843396487812,319.4375463367187,86.71128407828346,183.3050696401381,32.44306455728951,16.099952770725686,23.75565329537786,34.2410885449165,86.71215462321386,191.71016161318667,154.77307848101188,79.87568263630197,129.9872784637887,36.10973190023581,11.579820206564053,10.360710754932459,1.2191094516315943,3.1466846676176727,0.7804335254443026,0.32841317531175046,0.08585895949784075,17.70653449557083,7.100191348518944,5.924649675696429,4.681693471355453,1.5687817437359575,135.51801229011684,0.3208880133378272,47.30435674720498,45.23085990515874,73.70741482965931,$HR$,[bpm],7.933255455396438,13.79164968148388,11.473353312138775,11.366232206973223,11.408671663579677,2.3160519286348142,5.305638440546117,13.290087638444904,11.241382183367906,12.042560767729432,15.194217714606422,10.472686236145043,8.711772909456274,1.2863876506283711,0.3070425914425402,0.5489747679922597,6391.264585970472,1.562864784331534,0.30664566235127333,0.9962283093693246,0.5585787912853526
151.68114138870698,112.2042418672302,131.1936152296351,319.93692983491854,86.40240558435987,183.26004800019115,32.43362537762379,16.125156519957304,23.767330272643225,34.24005569000669,86.40322202015516,191.40128928956975,154.69105036797208,79.88986901378105,129.693810591065,36.12031201308794,11.573946730007377,10.357385751961287,1.2165609780460904,3.140503763854976,0.7852628019829461,0.32734739760630727,0.0858887723311279,17.64727116100035,7.076874740864347,5.905097831617951,4.6652985885180565,1.5687963038687232,135.93728520608957,0.31900632318865796,47.14743149268942,45.14244514279958,74.04809619238478,$HR$,[bpm],7.944671878202903,13.786833333141145,11.475180920930056,11.368607444652172,11.410695740739646,2.3128762739470723,5.2916826143322835,13.292351703747128,11.2433043990652,12.042011655897799,15.20404237787448,10.467633046185423,8.707283011495337,1.2839295347616702,0.30522460147529784,0.5489747679922594,6397.933639964123,1.5733044038150745,0.30779549045243154,1.0028736043903432,0.5606732921043313
151.73657126915904,112.39648186724385,131.3176862262501,320.4344870644607,86.09559888142927,183.21610844258288,32.424387890764464,16.150466190587146,23.779034028343904,34.239220236870686,86.09656279848325,191.09478634525604,154.61096946343778,79.90522753108613,129.4028050866035,36.130869064498235,11.53928149217698,10.325247777443128,1.2140337147338527,3.1343320687205676,0.7783702798335501,0.3262902064437164,0.08591862068386603,17.588325448993984,7.053676001412633,5.885643793439607,4.649005654141746,1.545548958142588,134.33287415558138,0.3179488451122113,46.991282378650844,45.05437560338789,74.38877755511022,$HR$,[bpm],7.95610535428252,13.782081876011368,11.476996137809492,11.370965612436583,11.412707189467403,2.3097657532298252,5.277833027213164,13.294684975138889,11.2453102318626,12.041563722272793,15.213868167173727,10.462583259880581,8.702895731796735,1.2815328168152447,0.30382675173793794,0.5489747679922596,6404.546353664638,1.5602757388398496,0.30894546705346754,1.009528511290228,0.5627680634273223
151.79085273746463,112.58704045067489,131.44035858572008,320.9290315627332,85.79059698652594,183.1723697170015,32.41517798787451,16.175641268539195,23.790632834395417,34.23832208196538,85.7915923176946,190.78990892992653,154.53206941161417,79.92147693248764,129.1135155602599,36.14221297684546,11.53318983875428,10.321674922858001,1.2115149158962792,3.1281487801691736,0.7831011884722906,0.32523728652474887,0.08594763863634028,17.529705287121757,7.030601775037285,5.866296625889038,4.632806886195434,1.5455489581425923,134.74049109103402,0.316499359897165,46.83599230553773,44.96652511596103,74.72945891783567,$HR$,[bpm],7.9675258495560515,13.77734980396777,11.478774412757192,11.37328331007301,11.414681838832148,2.30667809362673,5.264055187370053,13.297034676290373,11.247354981691998,12.041166647550297,15.223686213945275,10.457434335103919,8.698578232399424,1.2791860185282529,0.30203999827749756,0.5489747679922597,6411.084893041187,1.5705741167903986,0.31009605339492974,1.0161917605495208,0.5648639454396599
151.84480512674835,112.77610334079642,131.56208089180166,321.42252920356157,85.48769049507608,183.12938933312103,32.406183208546665,16.200861989663217,23.802271138199547,34.23764409508142,85.48885621061635,190.48721168487592,154.45529540539252,79.93894095749557,128.82665782162465,36.15448286170931,11.527143271957764,10.318126428521312,1.209016843436452,3.1219814147605227,0.7878260765083042,0.324192941699425,0.08597650685197833,17.47141057185173,7.007648125732828,5.847049987231609,4.616712458887295,1.545550426261482,135.1464264088234,0.31506303071450303,46.68157896795578,44.879052748192386,75.07014028056112,$HR$,[bpm],7.978985069530159,13.772692976948985,11.480551510746071,11.375595176967392,11.416655015504679,2.303633614809412,5.250386716546767,13.299472588339784,11.249490769688382,12.040877373721386,15.233604957434387,10.452451701789057,8.694368495494396,1.2768970260328814,0.30066928819455113,0.5489762398946122,6417.572917726553,1.5808875596727878,0.31124685134912794,1.0228637854908316,0.5669586928003997
151.89721926483185,112.96298307008462,131.68204501764657,321.91161457759176,85.18628831001617,183.08568065303663,32.39709438042813,16.22594364197894,23.813714723139558,34.23674674679672,85.18747589835158,190.18573158804034,154.378884933436,79.95689973615785,128.54105850580797,36.16639170052678,11.520945708519397,10.31442546495048,1.2065202435689175,3.115779359801012,0.7925236747317037,0.3231506220258369,0.08600394853063366,17.413376966388217,6.984792379970482,5.827888286961294,4.60069629945644,1.5455639161826134,135.5493402861963,0.3132416593627667,46.52809985257756,44.79172816332795,75.41082164328657,$HR$,[bpm],7.990373787265767,13.767990346781028,11.482263710617344,11.377838255139102,11.418562690852609,2.30062559600267,5.236778426615077,13.301862262192074,11.251613193163031,12.040582773751261,15.243393178604114,10.447397016702531,8.690186594541522,1.2746510519179857,0.29891294305138216,0.5489778000096872,6423.967994200217,1.591210780224339,0.3123982822790726,1.0295341160360865,0.5690544904977215
151.94852315440366,113.14816181336809,131.80063636694308,322.39779175014644,84.88668808262867,183.04203678137824,32.388067319653196,16.250934009987024,23.825085342788512,34.23595247571043,84.88799513113283,189.88593499999084,154.30396690918,79.97550496916531,128.25715062909086,36.178983430890916,11.51471011247093,10.31067452466891,1.204035587802019,3.1095706761659696,0.7972075858945632,0.3221138068296652,0.08603074105733441,17.35564750182679,6.9620520362617135,5.808824225669094,4.584771239895984,1.5455769921893037,135.94988181335384,0.31183290057727275,46.37551546916823,44.70473030618983,75.75150300601203,$HR$,[bpm],8.001774390297257,13.763306006932973,11.483930625437068,11.380032276252656,11.420425070421304,2.2976282071877634,5.223245280795241,13.304263206537053,11.253776825183387,12.040338297862045,15.253158671526,10.442230509510887,8.686068341758096,1.272442030144171,0.2975686255826326,0.5489793478944713,6430.294207461651,1.601545364580843,0.3135496785152955,1.03621196011223,0.5711502258106224
151.99869196142367,113.33161165589523,131.91784704787483,322.8810997482131,84.58881796415473,182.99888001209354,32.37904350883359,16.275914852907963,23.83635062508068,34.23503415127735,84.59003092773,189.58740528271886,154.2298553417333,79.9941320142163,127.97488235608058,36.19226529484604,11.478802015104659,10.277243115501017,1.2015588996036415,3.1033497402388717,0.7898385180948755,0.3210810761254239,0.08605668794109697,17.29822323001505,6.93942812405478,5.789860362976229,4.568934742984038,1.5223864716756832,134.30105170498484,0.3108312122877346,46.22368069059475,44.61795908941662,76.09218436873748,$HR$,[bpm],8.013114213080385,13.758627427825184,11.48556310773071,11.382187218559396,11.422251782342768,2.294677722365191,5.20978299235403,13.306666660157768,11.255966168113114,12.040133204331585,15.262960055776798,10.437107785890895,8.682011779544126,1.2702714510545063,0.29584188986776766,0.5489808873740315,6436.547932062034,1.5876927345396423,0.31470202930354757,1.0428972958437268,0.5732476968531236
152.04810905642412,113.51317953580389,132.03377057331792,323.3616586127001,84.29268772477097,182.95577148688656,32.37009574471403,16.300720725212994,23.847545816467836,34.234220098854834,84.29404141040277,189.2909587013335,154.15728084467472,80.01356089892035,127.69442759148595,36.205490737163586,11.471477311155887,10.273186418567139,1.1982908925887477,3.0971220244565,0.794417170082988,0.3200541709786371,0.08575513495174815,17.241091144657446,6.916913886791985,5.770988821075807,4.553188436789654,1.5223864716756783,134.6897572286968,0.30944575591413953,46.07271311515455,44.531467318205806,76.43286573146293,$HR$,[bpm],8.024482384472517,13.753965911079074,11.487159306663347,11.38430275512458,11.42404283615305,2.2917471479911256,5.196405686710584,13.309078880844217,11.258191426225768,12.039975025156094,15.272695810006661,10.431991078138354,8.678017992612212,1.268150011487838,0.29491594250192743,0.5468972345391688,6442.731683011552,1.597881866912113,0.31465443380705976,1.0495901642855099,0.5753447154879043
152.0971466803405,113.69379833003156,132.14897182983003,323.84074415268896,83.99845201775254,182.91322711349795,32.361134031954144,16.325616186647572,23.85863943317068,34.23327700124117,83.9993189769401,188.99548464300034,154.08590813470948,80.03402268419681,127.4155789275433,36.21904959060102,11.46496711689769,10.269135909861465,1.1958312070362254,3.0909056061067233,0.7989870401784256,0.3190301237676566,0.08577930998690658,17.184336023700336,6.894544062300496,5.752241175239593,4.537550786160251,1.522391498286521,135.07682486502765,0.30807259542065474,45.92256850054445,44.44514594388809,76.77354709418837,$HR$,[bpm],8.035817604962686,13.74935254671857,11.488703352281837,11.386363571469529,11.425783947978813,2.2888488921993795,5.183096906101443,13.311545501036576,11.260481329770176,12.039892715214679,15.282430608753772,10.426754181520968,8.674116389393829,1.2660660062313058,0.29360725781841585,0.5468972345391694,6448.859111823847,1.6080870732770172,0.31580294366514,1.0562901034897711,0.5774447624172835
152.1449639714975,113.87254621818447,132.2626901339782,324.3169457319834,83.70603045623571,182.8707343498641,32.35238153637539,16.350308387623944,23.869744715402334,34.23253697294493,83.70684482623959,188.70235607017645,154.0161724966329,80.05531446123358,127.13889450379773,36.23348187030923,11.458421836141293,10.265028872628244,1.193392963513049,3.0846848127456097,0.8035383062089613,0.3180146842892097,0.08580359356162323,17.12784112856507,6.8722716317252335,5.733574982074356,4.521994514765479,1.5224036643487509,135.4615385470759,0.3063223399641608,45.77333314366817,44.359194325644715,77.11422845691384,$HR$,[bpm],8.047185848826722,13.744770708634464,11.490257694609507,11.388429070615933,11.427532260317705,2.285997222763578,5.169890626988199,13.314037858199304,11.262813062475356,12.039868558900423,15.292242181651071,10.421581298781208,8.67028197072448,1.2640364928726686,0.2919209084791876,0.5468972345391694,6454.925955823548,1.6183008298058008,0.31695122224646316,1.062990629688265,0.5795443864577866
152.1919880125394,114.04955922973231,132.3753271572508,324.79130994073586,83.41544721186268,182.82866478615006,32.34373805093209,16.37517226659006,23.880815393175247,34.23185598314382,83.4163090427543,188.41122346495632,153.94758434400734,80.07752504601075,126.8641066988608,36.248058301122924,11.451877029377636,10.260907782480514,1.190969246897122,3.078468951979064,0.808078927078056,0.3170054773906276,0.0858275498033245,17.07165617500624,6.850116324032907,5.7150074241683,4.506532426805033,1.522415470728894,135.84425802708395,0.30497499720105853,45.62492829526025,44.273535041435245,77.45490981963928,$HR$,[bpm],8.058490521602405,13.740230425093392,11.491787562547733,11.390465956913422,11.429255692679973,2.2831641878975386,5.156771214250795,13.316562589938423,11.265198143620298,12.039910399060638,15.30201730609759,10.41645351161219,8.666500958294282,1.262052765229769,0.29063690965793376,0.5468972345391689,6460.935941359705,1.628526400896227,0.3180995482902679,1.0696990619233067,0.5816440972832996
152.23812432528592,114.22493545642179,132.48662806670362,325.26264525977615,83.12651505812934,182.7869375638271,32.335141331808266,16.399707179167503,23.891806714808226,34.231180497109364,83.12749404044374,188.12159927090104,153.88017936654668,80.10038066672826,126.59094487177134,36.26282058677397,11.414907391368036,10.226350972918773,1.1885564184492632,3.072243200202172,0.8002571952932648,0.31600149533038946,0.08585070729126222,17.015743627377514,6.828063439079459,5.6965261870794315,4.491154001218624,1.499295738259243,134.15480987034127,0.3040252738424854,45.47727324831541,44.18817103544688,77.79559118236473,$HR$,[bpm],8.069835160306448,13.735695703902497,11.493273480137923,11.392455365504334,11.430935141551974,2.280377358026463,5.143730031445041,13.319083150519937,11.267601707141647,12.039982924613998,15.3117187836902,10.411216321287974,8.662765401880751,1.2601109408998217,0.288978337700535,0.5468984528138158,6466.876381876916,1.6138630348755565,0.3192481569117052,1.0764140747504105,0.5837430244484326
152.2834239056881,114.39882105934005,132.59672935653583,325.7313655523129,82.83930502812552,182.74527283036724,32.32660064812065,16.4244105207031,23.902725311050933,34.23052583693903,82.84044287481957,187.83364275591174,153.81372765746633,80.12355516208355,126.31939893577996,36.278215528030664,11.408097873431675,10.221943099925237,1.1861547735064386,3.066014913522691,0.8046936636826906,0.31500264843469233,0.0858732757549168,16.960130809825596,6.806124780902373,5.6781420206279805,4.475864008295242,1.499295738259248,134.52615984012922,0.302699695577463,45.33047763430842,44.10309125637841,78.13627254509018,$HR$,[bpm],8.081084304662426,13.731182216007818,11.49472567133561,11.394407450344927,11.432580653110122,2.277602649953748,5.130765797643238,13.321612082817621,11.270038399333108,12.040100511957789,15.321504740516819,10.405946598264512,8.659092035328865,1.2581960281454911,0.28771836546639573,0.5468999687129783,6472.754515123475,1.623941193065961,0.32039693528710056,1.0831360028752115,0.5858419338386357
152.32737838698063,114.57072421168083,132.70527762267903,326.19616770787235,82.55356325151098,182.70302046894224,32.31798452179532,16.448758032589353,23.913475337623794,34.22971203686889,82.55467703141444,187.5467968627443,153.74790982679193,80.14668631468176,126.04904334292617,36.293789053125074,11.401175109239457,10.217419229319384,1.1837558799200727,3.059763180383037,0.8091064250313472,0.3140061429921505,0.08589462120300094,16.90477593122448,6.78428393931721,5.659842205217133,4.460649786690135,1.4993012221488835,134.89475803168796,0.30138562641892963,45.18456402068311,44.01817488348356,78.47695390781563,$HR$,[bpm],8.092353870114845,13.726633204966776,11.496114098784789,11.396291430512132,11.434161121107627,2.274856313659254,5.117860185946922,13.324108040562342,11.27245640461189,12.040211999747557,15.331167739855305,10.400673244146013,8.65544433835806,1.2563121865776978,0.2860868636565474,0.5469014735287047,6478.552178214769,1.634027081553248,0.3215463983855827,1.08985910063574,0.5879420955129425
152.37105998172228,114.74150125934881,132.8132109074945,326.66055045732645,82.26983225480161,182.66173911957816,32.30957008787003,16.473312506535496,23.924268473221556,34.229109812788366,82.2709908115804,187.26196831861685,153.6839343449327,80.1710858057802,125.78084981882382,36.30939581521148,11.394325033004273,10.212947941990079,1.181377091014194,3.0535396038910414,0.8135124050480155,0.3130175429285809,0.08591623390645732,16.84979499245052,6.762588070309576,5.641664953351193,4.445541968789749,1.4993122466593765,135.2620406236115,0.29970210124131474,45.039444303628514,43.933635617671406,78.81763527054109,$HR$,[bpm],8.103577696979826,13.72217803396425,11.497515541620029,11.39818519633459,11.435754896556581,2.2721523634859175,5.105050019519072,13.32668616552506,11.27497482673575,12.040435210992895,15.340856387120017,10.39533439924683,8.651909689660839,1.254476096535035,0.28485028173888616,0.5469029639927205,6484.313632427551,1.6441268556946285,0.3226961825104246,1.0965873582090149,0.5900428481033425
152.4143391795866,114.9111201264875,132.9203394575583,327.1238280522914,81.98805875722223,182.62138085543518,32.301346430467234,16.497716026153686,23.935091397274917,34.228632496906926,81.98926979575482,186.97938037987655,153.62165447942095,80.19640235639213,125.51478583287951,36.32565052561825,11.386704346866889,10.208514074052124,1.1781902728147648,3.047337566662911,0.8179120569355136,0.3120366046269899,0.08560171765543484,16.795108807758815,6.741000968692423,5.623577514687091,4.4305303243793,1.499322964932265,135.6277954656237,0.2984122440967319,44.89510394301791,43.849364367975426,79.15831663326654,$HR$,[bpm],8.114889390710625,13.71779509135361,11.49890407012731,11.400062006561237,11.437335708006398,2.2694738179768326,5.092344902707568,13.329324950346159,11.277561531520488,12.040744865708742,15.3506612822326,10.389972476561052,8.648463537875323,1.2526829725244992,0.2840035207477156,0.544764718423022,6490.036715251059,1.6542384040002216,0.32257930987311684,1.1033235951768106,0.5921442761691971
152.45640607593276,115.07888686794891,133.02586060048023,327.5827314417079,81.7076101827271,182.58055972183618,32.29306568029573,16.522082752118987,23.945746216184578,34.228067102425236,81.70901099843543,186.69793071186317,153.55967196694965,80.22213647916983,125.2497137072123,36.34238620788245,11.348689415243255,10.172855316326919,1.175834098916336,3.0411054816304537,0.809648711998375,0.3110585203852898,0.08562200762948094,16.74068337344184,6.719515558020304,5.605577796160315,4.415590019261219,1.4762870696109558,133.90029185792346,0.29751099396433783,44.75153888629199,43.7653543812114,79.49899799599199,$HR$,[bpm],8.126056236786823,13.713370634181102,11.500225165008645,11.401868067635641,11.438848453096082,2.2668302859030804,5.079690777577345,13.331904090868228,11.280123591094283,12.04103685152948,15.360357344856892,10.384627372863461,8.645035787979511,1.2509226426342415,0.28240891305244253,0.544764718423022,6495.6731381739155,1.6387738126041758,0.3237241035893362,1.1100644626224627,0.5942457223119159
152.4970096764635,115.24451319191452,133.1297341818688,328.0371888137361,81.42847470452843,182.53886711054741,32.28460668348123,16.546191256879013,23.956160574644695,34.22720301287653,81.42973881981555,186.41690706109907,153.49776659171312,80.24799258086624,124.98545508532071,36.35848652325665,11.341449931463103,10.167975957450746,1.1734739740123572,3.0348429011565594,0.8139278132543136,0.31008056324013283,0.08564056440716682,16.686493812222047,6.698118638028889,5.587655908352869,4.4007192658402925,1.4762870696109556,134.2536660021964,0.2962414942410964,44.60884193787316,43.68152014941786,79.83967935871743,$HR$,[bpm],8.137225031863954,13.708876696275054,11.501471416123636,11.403595471986385,11.440285182250838,2.264179847142855,5.067083891651502,13.334397019500454,11.282642566591383,12.041290773292753,15.36989244537456,10.379080299780538,8.641609493334773,1.2491845984685912,0.28120385493951794,0.544764718423022,6501.223311078983,1.6487311900333343,0.3248695493577512,1.1168093414703029,0.5963483653974131
152.53799209420697,115.40963532046923,133.23355854157003,328.49341773853087,81.15170468339183,182.4991385199627,32.276594369161245,16.57047690637866,23.9668061326989,34.2268486712862,81.15316124281182,186.1392547634998,153.43867382753166,80.27546126806284,124.72419496211818,36.37540320974246,11.334414619307898,10.163264892278306,1.1711497270295914,3.028643436897331,0.8182122103702734,0.30911563771447675,0.08566067408617017,16.632684400875544,6.676866514116615,5.569851909229076,4.385965977529853,1.476290552056742,134.606706838336,0.29498278256849,44.4668974010061,43.59809076592758,80.18036072144288,$HR$,[bpm],8.148395463256856,13.704564556688453,11.502760445889544,11.405362116458553,11.441765568483707,2.261592705449136,5.054612128373484,13.337059847086184,11.28531793023237,12.041727052952714,15.379642695677529,10.37355304248807,8.638342179504988,1.247496470518245,0.2796346936277437,0.5447647184230219,6506.772954674362,1.6587046121026718,0.32601500506780007,1.1235624381608307,0.598451026732319
152.5781367056448,115.57357541757844,133.33632636581632,328.9464451432461,80.87631633466225,182.45900946465733,32.26837155969802,16.59458199670642,23.977196850439572,34.22613711725155,80.87726386825287,185.8617855058709,153.37994318490624,80.30275252665685,124.46355730592359,36.39247735944535,11.32728165000896,10.15846416113832,1.168817488870639,3.022428572459825,0.8224755580842082,0.3081493925090735,0.08567885499931631,16.579202321937135,6.65574252238058,5.552160345752151,4.371299453804403,1.4763005899177981,134.9573984962825,0.2933619622155528,44.32574558634122,43.51473523625337,80.52104208416834,$HR$,[bpm],8.159599103616909,13.700218868013478,11.50395232056332,11.407030684544056,11.443151569759458,2.2590179054566537,5.042173817964489,13.339691298706757,11.287980814361514,12.042153966892855,15.38932178421571,10.368000255336968,8.635105824868234,1.24581464346349,0.27845157023509265,0.5447656277142536,6512.24527119585,1.6686887411864233,0.3271621296232661,1.1303177364979158,0.6005557490768721
152.617811773019,115.73590129710216,133.43811860670624,329.39821500569633,80.60285449494687,182.41981657691866,32.26048714757366,16.618706506666566,23.987727938367332,34.22583708491457,80.60393664945175,185.58710938219352,153.32304349773202,80.3308306698983,124.20538128517103,36.40988085063549,11.320215988972592,10.153699993748731,1.1665159952238608,3.0162368055119986,0.8267306716216322,0.3071947648296398,0.0856979161556695,16.52598280667105,6.634716161677893,5.534547732184858,4.356718912808293,1.4763103577554975,135.30649977856365,0.2921259886448801,44.18536100268475,43.43186168359247,80.86172344689379,$HR$,[bpm],8.170731045387443,13.695958667513274,11.505181720314049,11.408730843740758,11.444571785577576,2.2564770556628355,5.029857040247811,13.342387840358182,11.290722652043863,12.042679952039189,15.399022611114194,10.362447059017942,8.631963243403282,1.2441857747715224,0.27690722684762453,0.5447670906735934,6517.685729200613,1.6786812405886475,0.32830848787398437,1.1370788207032727,0.6026584452229624
152.65601458162934,115.8961968548296,133.5381842712959,329.8451917719771,80.3305964644696,182.37981884798393,32.25242953668773,16.642699371581376,23.99801242602196,34.22522692042682,80.33163679662105,185.31321289435965,153.26591204331834,80.3589439727187,123.94775774655687,36.427051340128635,11.281217484275992,10.117006591626446,1.1642108926495451,3.010009601088109,0.8180418589226417,0.3062403463213095,0.0857153010972048,16.472993131885897,6.6137782931544695,5.517012891240544,4.342201947490887,1.453370587438398,133.54380552932412,0.2912700180297454,44.04577050897624,43.34911447594145,81.20240480961924,$HR$,[bpm],8.181846588554468,13.691629816760083,11.506323936534855,11.410340212547002,11.445903615046456,2.253961231892155,5.017581172074745,13.344990541496731,11.293405065441842,12.04315230939317,15.408601379273042,10.356660261985706,8.628810599438882,1.2425748347439827,0.27574547392156096,0.5447685436777642,6523.037612706028,1.6624276602799888,0.3294552053224643,1.1438429225474138,0.6047618004855659
152.6946684385826,116.05608684849639,133.63827888060885,330.2938795406562,80.06061616217653,182.34175395614037,32.2447836463681,16.666712785974173,24.00850363401257,34.22508202084015,80.06185045550188,185.0421120658708,153.21157722670785,80.38864835445126,123.69297543701403,36.444991262502775,11.274025656298505,10.11208755907214,1.161938097226364,3.003845430789888,0.8222064224914704,0.30529770280259544,0.08573404403738992,16.42038767009492,6.592987341155821,5.49959900709616,4.327801321842938,1.4533705874383982,133.8833026040512,0.2900531120807393,43.90690251966861,43.266826973419796,81.54308617234469,$HR$,[bpm],8.192970299234997,13.687471149133145,11.507514409965696,11.411995014785465,11.447284855092377,2.2514761966743526,5.005433166335117,13.347758359293222,11.296243866600793,12.04380091022536,15.4183848572864,10.351029387293641,8.625814344500105,1.2410133569039552,0.274225340736232,0.5447699806388167,6528.389722723373,1.6722741970015267,0.3306019540359568,1.1506178888269314,0.6068652197910781
152.73134820648474,116.21378033580127,133.7362927767632,330.73646200010927,79.79155317184919,182.30190340968758,32.23683474946339,16.690596667903336,24.018650320305937,34.22448759185648,79.792700228282,184.77097541319128,153.15631558187803,80.41805940239993,123.43830379918931,36.462929742729806,11.265746600718707,10.10694242010982,1.158804180608887,2.9976237213937535,0.826336611984223,0.30435277022832913,0.08540502676715342,16.367967213392603,6.572267354711279,5.482248893265236,4.313450965416084,1.4533705874384029,134.21914936223186,0.28884633212347727,43.76890843127041,43.18465064648102,81.88376753507015,$HR$,[bpm],8.204031081492438,13.683178307278984,11.508589463040968,11.413530066041377,11.448548412193,2.2490021819612527,4.9933067166856455,13.35038147956433,11.298971431670338,12.044343225522223,15.427927021684658,10.345186724096115,8.622761306380527,1.2394635331791852,0.2734509692437995,0.5425767096540456,6533.632991185888,1.6821222802012703,0.33041285019583694,1.157393919169678,0.6089698365536419
152.76809304039452,116.37049011017037,133.83400468329296,331.1793246963376,79.52451420525743,182.2633606836228,32.22916621638004,16.714359786987064,24.028912340896248,34.22420593323963,79.52565482674224,184.50245916915551,153.10324585435376,80.44871552996611,123.18585191739375,36.48064789444633,11.258435671437606,10.101891386488338,1.1565442849492678,2.9914452669089004,0.8304618007692867,0.3034172139121871,0.08542192631109245,16.315900958530033,6.551683847631508,5.465012437041591,4.299204673856936,1.4533793270166626,134.5541572934078,0.2872845147896883,43.631651422963735,43.10276144006923,82.2244488977956,$HR$,[bpm],8.215070385220859,13.679009677639794,11.50968563898927,11.4150833796902,11.449833728193036,2.246569282688651,4.981288241441295,13.353104666125597,11.30180650104313,12.045011033383423,15.437552322918442,10.33927989105236,8.619807146843902,1.2379543582303882,0.2723179771704034,0.5425767096540454,6538.85935439221,1.6919833920156448,0.33155516770592836,1.1641719133908162,0.611075193252089
152.80385075127282,116.52555459036112,133.93030396392902,331.6183938045693,79.2587956919976,182.2244344688884,32.22145528410948,16.738200346729197,24.03903425798868,34.22380484996071,79.26006084073786,184.23499968655295,153.0503613746769,80.47967260409926,122.93444274088816,36.49869390535498,11.251031267077739,10.09674119269278,1.1542900743849576,2.985248653644881,0.8345648393196646,0.30248493741453936,0.08543785705089056,16.26405675566806,6.531183633031462,5.447846216709088,4.285026905927512,1.4533882623612755,134.8865562927976,0.28609911751992495,43.49515251508691,43.021174573553594,82.56513026052104,$HR$,[bpm],8.226102125506582,13.674807534165115,11.510707170689397,11.416559359743378,11.451044615350941,2.2441436249321645,4.9693318844147205,13.355774961899224,11.304620783725678,12.045665606430575,15.447168103448725,10.333303096680615,8.616871003254362,1.236459658947871,0.27083080375139024,0.5425767096540454,6544.012790601806,1.7018496826140455,0.33269720077526593,1.1709532316224311,0.61318002570991
152.84021473710646,116.68033261779084,134.02674428486313,332.05949405221673,78.9953669345707,182.18780819669024,32.214125975364254,16.761912222442064,24.049351055870748,34.22380313462672,78.99667393108768,183.9701503238586,153.00026436938722,80.51138218619616,122.68565324470083,36.51731975526,11.211423843101008,10.059358179593087,1.1520656635079207,2.9791201581201596,0.8254969880558921,0.3015634440386806,0.08545511836291318,16.21261507897341,6.51083980920016,5.4308106324285,4.270964637344749,1.4305562076293548,133.0938569182961,0.28528549989280355,43.35930472871553,42.93994095891263,82.90581162324649,$HR$,[bpm],8.237158031461945,13.670778173406728,11.511787431752708,11.418089794821949,11.452313535431884,2.2417793312317214,4.957495161904849,13.358605021284125,11.30758537191075,12.046493411050525,15.456908625443804,10.32740467594105,8.614087531650856,1.235001143994359,0.2697178901270795,0.5425767096540456,6549.175010186753,1.6848311753337817,0.33384018212231625,1.1777455274727013,0.6152866058979519
152.87427097437714,116.83258411179318,134.12082063263497,332.49327920996507,78.73259439741976,182.14879973516304,32.2064103119429,16.78552542730588,24.059264304165602,34.22329715403095,78.7338539571084,183.70524405032256,152.94869046811817,80.5424819717666,122.43657738296726,36.53543053528599,11.203767364338683,10.053941826968435,1.1498255373702484,2.9729169931992283,0.8294983836172094,0.3006383770837269,0.08546956493669923,16.161313504551828,6.49054862502817,5.41382320006657,4.256941679457092,1.43055620762935,133.4160369930127,0.2841179858104305,43.22432786375411,42.85879500290191,83.24649298597194,$HR$,[bpm],8.248106930703099,13.666585193178264,11.512720816550539,11.419470809076143,11.453434821221748,2.2393913594071533,4.94566964641219,13.361250056355468,11.310407860382677,12.047176082704864,15.46635950532445,10.321192568872204,8.611230403104448,1.2335489277647158,0.2682535297499496,0.542577196405982,6554.212367272178,1.694546432949567,0.33498302951087455,1.184536772419232,0.6173923853228516
152.90878067788498,116.98424777647482,134.21493801671258,332.9287042486738,78.47200429189033,182.1116806144008,32.199096017879825,16.809054700542536,24.06937140842871,34.223210260192786,78.47339688334326,183.44303712961212,152.8997350671161,80.57488139509118,122.1900630639417,36.55378357219494,11.196312702219915,10.048696484678201,1.1476162175417144,2.966776757149614,0.8335063667033138,0.2997246428570064,0.08548520167214578,16.110383575190593,6.470400886510325,5.396953969042575,4.243028719637688,1.4305562076293552,133.73796941495286,0.2829599887452717,43.09004454142906,42.77807329797842,83.5871743486974,$HR$,[bpm],8.259072389704047,13.6625476014031,11.513695664265907,11.420890014495441,11.454598003186797,2.2370572681959056,4.933965567426672,13.364040493005712,11.313367641092384,12.0480174369102,15.476036804181565,10.314994293513438,8.608511276752386,1.2321392591387077,0.2671601924193936,0.5425786053672061,6559.253104237968,1.704276201707441,0.33612603415317205,1.1913381610721054,0.6194973978483519
152.94278378383936,117.13484017178308,134.3082670841455,333.36252313197696,78.21303595751655,182.07489344274052,32.19189408897979,16.832693843493345,24.07946485901774,34.223172738406916,78.2145332497638,183.18241907963514,152.85172214036984,80.60807498865746,121.94514713602888,36.57253018289969,11.18887547760475,10.043454555640354,1.1454209219643963,2.960649968608385,0.8375022897820031,0.298816718113497,0.08550072983950954,16.059724360887664,6.450355149835911,5.380170133246235,4.229199077805516,1.4305587876695829,134.05828441894909,0.28145376413134937,42.956518869040686,42.69762002420194,83.92785571142285,$HR$,[bpm],8.270074250478437,13.65855845717496,11.514647713052417,11.422283167158607,11.455738191620366,2.2347537464788094,4.922348871260497,13.36685251491313,11.316364369248948,12.048912101197848,15.48569982550103,10.30884941787956,8.605860622266976,1.2307583575121357,0.2657181026043107,0.5425799987033886,6564.252396594777,1.7140145856474147,0.3372695584796066,1.1981434111069205,0.6216033751439136
152.97673384592522,117.28454840187123,134.4010345379056,333.79555315147195,77.955808535075,182.03901429312887,32.18483693184679,16.856208199155784,24.089574182027157,34.2232776965146,77.95745367194984,182.92376285072794,152.80531409437066,80.6421372467493,121.70180879549768,36.59161920443839,11.1814959610394,10.038254232143368,1.1432417288960317,2.9545495994465814,0.8414887063027561,0.297915220183968,0.08551637692824003,16.009399980150388,6.43044111576047,5.3634976347898125,4.215461229600101,1.430567016986605,134.37734332377522,0.28031590111345805,42.823681966079214,42.61745574060041,84.2685370741483,$HR$,[bpm],8.281038023839852,13.654641379365074,11.515591046669968,11.423664890993514,11.456869823793507,2.2324666063218976,4.9108131175748255,13.369714412254174,11.31942528112789,12.049882979619873,15.495361667614684,10.302553585142677,8.603293047630624,1.2294042754402037,0.26464385581613636,0.5425813801430106,6569.221941683173,1.7237630633170105,0.33841316142483885,1.2049509340345366,0.6237095001963425
153.0103035638262,117.4332931405552,134.49312892772363,334.2264634113736,77.69997425936845,182.00337560128173,32.177627901575256,16.87966352291183,24.099489513547887,34.223130897120065,77.7010740303958,182.66537642156024,152.759281002342,80.67675310707476,121.45917625720301,36.60986416162778,11.174085222733648,10.033026746826161,1.1410584759074862,2.9484509176218103,0.8454623940961414,0.2970134422730099,0.08553065362434221,15.95939682373446,6.410652877817461,5.346934109062355,4.201809836854647,1.4305750310760135,134.69462605107228,0.27918720136951475,42.69150173872998,42.53738478116132,84.60921843687375,$HR$,[bpm],8.292006227213612,13.65072074756493,11.516442079586994,11.424953259642363,11.457911749349009,2.2302028521618307,4.899314121481156,13.37256816259103,11.322492216265259,12.050864702840572,15.505021523978696,10.296016060925481,8.600770371847892,1.2280557761540796,0.26357825999688617,0.5425827498932813,6574.134094650372,1.733522145084004,0.33955854635146954,1.2117659734212805,0.6258189122640854
153.042482997975,117.5799999010852,134.5836285360343,334.6535890165908,77.4454340716085,181.96708302998903,32.17052725533806,16.90298046421169,24.10936710419367,34.22308609054436,77.44661384530714,182.40883766371033,152.71376994815233,80.71152758216628,121.21799955870439,36.628518386720046,11.13252085636443,9.99450218529492,1.1380186710695093,2.9423362550984256,0.8359166657531678,0.2961186760627514,0.08518972681103289,15.909542698071233,6.39091618098318,5.330412397362287,4.188214119725766,1.4078536252497225,132.86422074177986,0.27842088064555987,42.5601338341205,42.45770919723091,84.9498997995992,$HR$,[bpm],8.302871587263617,13.646779557985996,11.517281073778028,11.426224110681087,11.458937696172885,2.227950308550307,4.887909513096134,13.37537529396192,11.325531285089227,12.051832555640171,15.514619599414656,10.289581631665895,8.598256645727332,1.2267268022945619,0.26252121106554693,0.5403327313615434,6578.981864319608,1.7155849448649148,0.33928887351967324,1.2185818994930013,0.6279258201973532
153.07459478853465,117.7259599640585,134.67372486811033,335.0807595119904,77.19273132058883,181.9318304585864,32.16363658070881,16.926321531322035,24.119308338682554,34.22322359255931,77.19395119293434,182.15444356622822,152.6696537536444,80.7465806415706,120.97850405955953,36.647554820926636,11.124966377183407,9.98909575387217,1.1358706233112366,2.936258394050454,0.8397967904504282,0.2952311935089887,0.08520401921915627,15.860037658956493,6.37131827566898,5.314007526977901,4.174711856309615,1.4078536252497271,133.1722256592856,0.2773087671655376,42.42948093580601,42.37829705475614,85.29058116232466,$HR$,[bpm],8.313782987032297,13.642932603588278,11.518122579114536,11.427494719671914,11.459966295864113,2.2257347869271777,4.876589073034816,13.378255664713183,11.328648639991712,12.052895275824119,15.524247394924856,10.28302389122389,8.595838701187796,1.225425977850771,0.2614726066040539,0.5403327313615438,6583.812915840203,1.725191263231878,0.3404279495716994,1.2254052781416542,0.630033921346724
153.10641074912425,117.87105293036957,134.76323383450787,335.50680967878054,76.9416346642814,181.89710298784607,32.156858597326035,16.949662445583037,24.129239156774272,34.22343755151637,76.94299291606896,181.90153936397994,152.62694560648768,80.78226067497197,120.74047709987506,36.66660354647609,11.117455588559132,9.98371941574118,1.1337361728179518,2.9302008377429214,0.8436688434526813,0.294349352833105,0.08521819709289168,15.810830779822247,6.351835242062475,5.297699599337987,4.161295938421784,1.4078536252497227,133.47888133556597,0.27585498810720593,42.299538255660096,42.299253313138905,85.6312625250501,$HR$,[bpm],8.324670443289895,13.639145219838902,11.51894747887952,11.428745381217109,11.460977771236623,2.2235487618041843,4.865349154459948,13.381168709409007,11.33181240528465,12.05401794025341,15.533894358356063,10.276323715373634,8.593493208779432,1.2241489306225528,0.2600818312268702,0.5403327313615434,6588.609317043575,1.7348069340867651,0.34156670849947274,1.232235299872917,0.6321414355905939
153.1364616127016,118.01381832155154,134.85074741221715,335.9268789699351,76.69140221060394,181.86073224021396,32.1497393492338,16.972671091267287,24.138814415728,34.22320959506803,76.69225434483731,181.6482743169396,152.58303878308837,80.81751989048763,120.50219160405807,36.68482725174886,11.10972087362512,9.97813352725448,1.13158734637064,2.924094566881754,0.8475044279371404,0.29346413561061196,0.08522990762948561,15.761784952844279,6.332413495787563,5.281447834823166,4.147923622233544,1.4078566114034552,133.78209767181733,0.27476185645270185,42.17040218957479,42.22019429208824,85.97194388777555,$HR$,[bpm],8.335436015308597,13.635218543194,11.519652958590175,11.42987294917886,11.461867795788912,2.221343838202564,4.854122386717363,13.383926318746436,11.334859496652534,12.055025541782785,15.54339247264039,10.26946258621902,8.591094065611738,1.2228655022254225,0.2590512039236401,0.5403327313615439,6593.308927524868,1.744421066972219,0.34270697544287115,1.2390616010484559,0.6342517407363228
153.16659997796276,118.15589354202491,134.93792684332269,336.346449293768,76.44281757737046,181.82545900735525,32.14288029742359,16.995785063337316,24.148488861854844,34.22323584665949,76.44381709296462,181.3976011378172,152.54084434423456,80.85363590991541,120.266035428294,36.70361786192768,11.102062938737562,9.97259966073614,1.1294632780014215,2.9180167905028638,0.8513326650809337,0.2925884185992355,0.08524218221435051,15.713057177742542,6.31311645136728,5.265298498016817,4.1346422283584445,1.4078640088448942,134.08426107009143,0.2736773541170399,42.04186696114881,42.14158104267668,86.312625250501,$HR$,[bpm],8.346207722001907,13.631380556278527,11.520365151419488,11.431005472429572,11.462765803529894,2.2191858993604647,4.8429939263056285,13.386748822785293,11.337975333748263,12.05611788484042,15.552914242080744,10.262582763912224,8.588770690805038,1.221621932501696,0.2576809649310376,0.5403340005926852,6597.980266647987,1.7540465581920766,0.34384591103563006,1.2458920372793774,0.636358087143267
153.19655752728522,118.2971158036848,135.02460523438663,336.7656528397918,76.1959769331172,181.79105664949478,32.13621988377831,17.018771259550878,24.158227075224225,34.2234633622316,76.19715152523703,181.14874546545613,152.49991337291996,80.89067563316816,120.03146964174427,36.72269258043941,11.09449317552208,9.967135398823393,1.127357776698687,2.911972187591545,0.8551560233122738,0.2917198554729045,0.08525485050217155,15.664606752867963,6.2939244545239665,5.24923614367695,4.121446154667047,1.4078712299274103,134.38535645317742,0.2726013793205576,41.91404040300403,42.06330622354066,86.65330661322645,$HR$,[bpm],8.356985612294912,13.627631502686112,11.521064897165298,11.432122127663114,11.463650969108341,2.2170477088481966,4.831959339141547,13.38964196078573,11.341163030233421,12.057296877980095,15.562451666162385,10.255601334960634,8.58651518071587,1.2204010767831208,0.2566678806563319,0.540335339671952,6602.633351879734,1.7636804705731028,0.3449850692997025,1.2527285401407329,0.6384647532200088
153.22583156691925,118.43716026022298,135.1103563607444,337.18264365178277,75.95050490813995,181.75658107221798,32.12953788305823,17.041849770064797,24.16785672992779,34.22359951502523,75.95160391173019,180.90087066801632,152.45971987414626,80.92809831736034,119.7979643674835,36.741400473183575,11.052970568719562,9.927712612914116,1.1252579558054465,2.9059310528932616,0.8451716352832082,0.29085439582771394,0.08526672441840256,15.616388861082681,6.27481925638984,5.2332479931981215,4.108321611494719,1.385272300390927,132.52195460448618,0.27187885580661786,41.786935284594875,41.98520639025239,86.99398797595191,$HR$,[bpm],8.367737232058596,13.623883169790448,11.521724701579357,11.433195832135965,11.464495646124615,2.214927378003778,4.820994202034044,13.392510653411676,11.344346433321705,12.058481586438196,15.572028730725355,10.248532701773945,8.584292229773732,1.2191870187064129,0.2556627311582536,0.5403366593292719,6607.237310746204,1.7448462622436527,0.34612491170501836,1.2595691560072724,0.6405726980188027
153.25461840082153,118.57601634758163,135.1953577291894,337.5980900024041,75.70652155375973,181.72237112718275,32.12296990096862,17.064638529751022,24.17746886360683,34.22381587873504,75.70766736733682,180.65464016416837,152.42019471432857,80.96609461733267,119.56564725478475,36.76000877863821,11.04523491433951,9.922063617417033,1.123171296922476,2.899902880533256,0.8489034680102532,0.28999428393904364,0.08527860098879214,15.568473790315227,6.255835699261704,5.21736249833606,4.095275592717465,1.3852723003909269,132.81420592406124,0.27081829120158973,41.660540242882206,41.90740259898009,87.33466933867736,$HR$,[bpm],8.378443622190531,13.620170790560751,11.522356899735076,11.434239457182196,11.465312594521334,2.212837794196497,4.810090347100438,13.395390590475087,11.347553940752729,12.059705758608928,15.581577960008781,10.241431645669048,8.582124024215243,1.2179871600458323,0.25432174554464015,0.5403379743476157,6611.804026679057,1.7543297882171083,0.34726476040951754,1.2664151212162638,0.6426806496966873
153.28391398019724,118.71455501744136,135.28048815596168,338.01495281439173,75.4644599225304,181.6898252704536,32.11667165464393,17.08769603920344,24.18720298800186,34.22427286627553,75.46550091085146,180.41051634585241,152.3829447702654,81.00473410405137,119.33551458338297,36.77893949207549,11.036779805536217,9.916568661372231,1.1202111441639844,2.893932509790793,0.8526401167832854,0.289142458898812,0.08492711189955567,15.52088727934045,6.236976176615904,5.201580467148108,4.0823306355764375,1.3852723003909269,133.10619148751752,0.2694236260987637,41.534774889126616,41.829879122002964,87.6753507014028,$HR$,[bpm],8.389235853442797,13.61660003953652,11.523025344022418,11.435315960502926,11.466165564975867,2.2107668234696276,4.799299447136559,13.398391444306334,11.350879261246995,12.061062603501162,15.59120774949429,10.23427859907675,8.580077869857172,1.216814060874759,0.25367586650468094,0.5380323418380439,6616.372989199809,1.763826198771719,0.3469179016363876,1.2732703875432747,0.6447900519348616
153.3125862178237,118.85182105123205,135.3645707071997,338.42901306311074,75.22366166183622,181.6572263078829,32.11044265495848,17.11050115113987,24.196897376827806,34.22480294910085,75.22501235030194,180.1678509917841,152.34596734319035,81.04352022291596,119.10653928814249,36.79817668459677,11.029178366520915,9.911019401488428,1.1181589650324877,2.887958487983062,0.8563583418902827,0.2882960723043876,0.08493927933483503,15.473532618056561,6.218207717196882,5.185873898772577,4.069451002087101,1.385273646446713,133.39616782129497,0.2683807750869971,41.409672045934975,41.75273886889637,88.01603206412825,$HR$,[bpm],8.399937926687182,13.613034461509109,11.523647360479616,11.436343603301724,11.466971968245936,2.20872688772686,4.788574634991223,13.401372243044088,11.35419933071262,12.06242601893967,15.600829099265507,10.22697469206903,8.578063685189651,1.2156646382802168,0.25235295243250044,0.5380323418380437,6620.888216809311,1.773327233403899,0.34805190127330027,1.2801277480103372,0.6468977312484115
153.3408436890167,118.9881324894379,135.44796389826405,338.84162004290437,74.98432861573873,181.62501535847764,32.104243389816936,17.13336750237231,24.20652860717342,34.22529930782812,74.9857769401784,179.92643485621736,152.31001698880075,81.08278793188478,118.878624630059,36.81686768173955,11.02158916218015,9.905474061513956,1.1161151006661936,2.8819999182396225,0.860062708392068,0.2874534868351609,0.08495102563077143,15.426440056550366,6.199539516526475,5.170252776156524,4.056647763867367,1.385280354354179,133.68469739542317,0.2673459660199798,41.285242821722754,41.675797667030395,88.35671342685372,$HR$,[bpm],8.410666442563963,13.609497011465344,11.524240072002922,11.437339299227133,11.467748848814255,2.2067009412700256,4.777917332697629,13.404365854857934,11.357541042767798,12.063821267944553,15.610462827583998,10.219711738051942,8.576099120998462,1.2145267831569415,0.2513799426363215,0.538032341838044,6625.368835005854,1.7828351585368947,0.3491864717968107,1.2869850878438658,0.64900647162568
153.36809125071974,119.12289008719317,135.53015050089016,339.2509447885314,74.74617065078411,181.59222921191832,32.09790121051704,17.15598855336645,24.21596644541505,34.225592577917055,74.74735869771537,179.68551955546351,152.2737648057043,81.12204761108414,118.65110322447707,36.835259406542306,11.013918872225965,9.89985002209521,1.1140688501307554,2.8760297918882864,0.8637466398577343,0.2866112300735405,0.08496147323164467,15.379594572180975,6.180970320808061,5.154718398874635,4.04390585249828,1.3852868957041933,133.9710155346363,0.2663191062318326,41.16154693136965,41.59898854545322,88.69739478957916,$HR$,[bpm],8.421267179134452,13.605916594873143,11.524771725518567,11.438270133925153,11.468462628545387,2.2046773778126076,4.767292724557227,13.407294440229284,11.360834857916561,12.065178153271642,15.619960570577613,10.212220851644329,8.57413364688244,1.213390963418957,0.2500760095366255,0.538032341838044,6629.790607221854,1.7923462080827135,0.3503217959351985,1.2938447722567943,0.6511166126898943
153.39612009527346,119.25771182750718,135.61275755964326,339.66155805549994,74.50973139367284,181.5609845092834,32.0917949909101,17.17870459465467,24.225509912488114,34.22608840521127,74.51066955297847,179.44644939501708,152.2397514983061,81.16267187704237,118.42543654624295,36.85399225023938,11.00641115987822,9.894368611712288,1.112042548165933,2.8701131466649707,0.8674350694782361,0.2857766118027053,0.08497239151677966,15.333097399413418,6.162534549175695,5.139293358385231,4.031269491852493,1.3852932859229572,134.25706653816727,0.2653001044749248,41.03840458623591,41.522509809574146,89.03807615230461,$HR$,[bpm],8.431978044179887,13.602476057635972,11.525272280914448,11.439170850842187,11.469150661991305,2.2026949776769396,4.756761575071408,13.410334737195473,11.364250162339168,12.066667342865529,15.629566107159109,10.204671219835943,8.57229629740302,1.212280998742852,0.24911915782334104,0.5380328230648481,6634.203137917603,1.8018729101145037,0.35145735898936964,1.3007158328310229,0.653226613549949
153.42355745948316,119.3913175887838,135.69450005116218,340.07115036256954,74.27486133674485,181.530197671631,32.08586989166605,17.20139508987966,24.23508888976266,34.22676791494414,74.27570491178523,179.20921036592,152.2064859289252,81.20376757553424,118.20143210638078,36.87298836032097,10.964177442230978,9.854143769780185,1.1100336724507933,2.8642172890595696,0.8569793653226199,0.2849487460564899,0.08498364111862931,15.286853323321745,6.144198165439178,5.123952796495669,4.018702361386897,1.3628214449034224,132.35869084329627,0.2646246890261274,40.9159810816161,41.446365820219114,89.37875751503006,$HR$,[bpm],8.442613469132557,13.59908225740389,11.525819803510931,11.440112719634127,11.469880880747814,2.200721613614101,4.746314273484328,13.413400472001454,11.367694727172546,12.068203015280767,15.63925091690528,10.197120330642473,8.5705133337629,1.2111842781951059,0.2481696004953149,0.5380341088542372,6638.594820879399,1.7820119548014088,0.35259292242241963,1.3075901919988446,0.655335631365972
153.45030609227757,119.52372195148463,135.77529709043995,340.4784432461864,74.0412907500126,181.49933252233367,32.08008199913597,17.22399446843169,24.244674709737403,34.2275416508782,74.04261816965379,178.9738821192237,152.17404680721094,81.24530279734431,117.97875247586732,36.891651976361594,10.95654827671248,9.848506677589027,1.1080415991234538,2.858325612302516,0.8605795411889586,0.2841276491767513,0.08499495209294533,15.240795527466037,6.125930049763614,5.108666609456344,4.006198868246082,1.3628214449034177,132.63641932312242,0.26328531699398955,40.7942496102027,41.37062754236408,89.71943887775551,$HR$,[bpm],8.453255288881637,13.595706686930807,11.526321928569626,11.441006963775354,11.470566014767765,2.198782210301843,4.735949451742343,13.41645939025227,11.37114248914021,12.069755146773497,15.6488798395274,10.18959039974586,8.56876587259164,1.2101086296722534,0.24689271148864586,0.5380353776955142,6642.94305987588,1.7913844826253227,0.3537268422187545,1.31446748899103,0.6574416049253476
153.47742735254852,119.65559572340038,135.85596975099034,340.88586525251867,73.80931806468747,181.46972924224352,32.07437817082459,17.246649732192928,24.254259651881622,34.2283986822526,73.81055654982694,178.73974832191735,152.1427012548362,81.28740179547425,117.75744055316196,36.91030287672224,10.949017094443462,9.842957224909215,1.1060598695342467,2.8524715236639624,0.8641777547544177,0.28331094389960226,0.08500607623627038,15.195068593389212,6.107792415913147,5.093492405059536,3.9937837724165273,1.362821444903418,132.91341657477685,0.26228935562574346,40.67307444216197,41.294987400838906,90.06012024048097,$HR$,[bpm],8.463877159609273,13.592418954063568,11.526841412479369,11.441915073611938,11.471267260839086,2.1968614817223613,4.725657650489478,13.419583294363198,11.374655851816032,12.071384277920178,15.658522161758956,10.181941839589758,8.567101865875303,1.2090469178994792,0.24595876042159934,0.5380366330978329,6647.276059773658,1.8007674377683554,0.35486259921712515,1.3213524372563525,0.6595509996669676
153.50318724223473,119.7856715240056,135.93513002558848,341.28890313392367,73.57831256113067,181.439059360376,32.06850017037923,17.269010691223052,24.26362583437084,34.228974652122794,73.57943789911259,178.5059040910021,152.11109840748585,81.3287050110799,117.53620941322993,36.92878292458048,10.941347997773878,9.837273071615147,1.10407492615873,2.846591880578593,0.8677467664194348,0.28249432887048703,0.08501580371436253,15.149538757388683,6.089733531005758,5.078387205542948,3.9814180208399765,1.3628257184137698,133.18780554208908,0.2613009009492554,40.552631181243456,41.21961022734681,90.40080160320642,$HR$,[bpm],8.474422915951914,13.5890451860042,11.52728359133453,11.442742658863551,11.471889301479024,2.194935259232521,4.715383764341244,13.422602195229805,11.378093752923114,12.072943798979496,15.66808143346344,10.174079577614286,8.565413076346214,1.207983625075038,0.24469982719136113,0.538037880181408,6651.5384361374845,1.8101503134015662,0.3559980295400516,1.3282331621305545,0.6616597876343228
153.5298306071638,119.9158501082218,136.01477702866546,341.69468600619575,73.3492908909345,181.41053827325885,32.06309902916098,17.29167467063596,24.27326909001591,34.230096476167425,73.35082659629239,178.2752325409785,152.08183208512955,81.37144835140475,117.31781251385057,36.94789262106394,10.933000481260347,9.831794022562436,1.1012064586979111,2.8407848885840417,0.8713265027015022,0.2816901395992286,0.08465394930236125,15.10432116980762,6.071791987461114,5.063375530692186,3.969153651654322,1.3628316880772426,133.46253650606764,0.2603198684147728,40.43276183903296,41.14470953189301,90.74148296593187,$HR$,[bpm],8.485039940849374,13.585868275882785,11.527781554778583,11.443624546266243,11.472569096657928,2.1930684121489534,4.705249006465477,13.425783409403127,11.381683820023063,12.07467950046326,15.67782656892357,10.16646504606812,8.563853175920334,1.2069621793142868,0.24411189693786828,0.535675136594827,6655.823429942914,1.8195477404753309,0.3555634775332368,1.3351228595531472,0.6637669983965996
153.5554600312082,120.0446551699983,136.09323099065656,342.09677588391696,73.1212824512592,181.38126312025847,32.05758183675178,17.313979372376707,24.28273483373318,34.230985254266265,73.12294983127074,178.04498965040165,152.05261856256305,81.41427641257778,117.09987708036576,36.96630072761068,10.925476612547333,9.826221593721144,1.09925501882619,2.834962842679047,0.8748833336303611,0.2808867770176262,0.08466404364342665,15.05930482735285,6.053928732920816,5.048431666151778,3.9569444282802575,1.3628375160082395,133.73494789466972,0.25934617473753374,40.313581013480274,41.069928434858255,91.08216432865731,$HR$,[bpm],8.49557842407951,13.582649604982123,11.528215144461774,11.444438558596024,11.473182763749703,2.1911912879066655,4.695152292545534,13.428894112103936,11.38522747254806,12.076373401950633,15.68743251939109,10.158663414082719,8.562282044277609,1.2059455234255771,0.24286928943019362,0.535675136594827,6660.044664147757,1.8289469688091704,0.3566928026230138,1.342013957882645,0.6658752259633219
153.58041489879477,120.17228880331515,136.17078873969515,342.49651180973314,72.89448746622189,181.35182468732336,32.05204421515724,17.336370571150585,24.292104112310597,34.23185280323872,72.8962239419879,177.8156610543883,152.02354935539594,81.45739492100812,116.88275042961175,36.98468590094648,10.882514617700474,9.7852052470871,1.097309370613374,2.8291433180610954,0.8640295466084579,0.2800863323698789,0.08467357438352519,15.01453418153594,6.036163634304745,5.033571632211437,3.9447989150197573,1.3405100100474898,131.80962628297408,0.2587080475792478,40.19506701512515,40.99539011903524,91.42284569138276,$HR$,[bpm],8.506077140781935,13.57942363483529,11.528611531949688,11.445212736392069,11.473758394095107,2.18933159620329,4.68509960809389,13.431983624583706,11.38875929736345,12.078064184488898,15.69698812272909,10.150724542651696,8.560735834357327,1.2049391892049341,0.24196425262170765,0.5356751365948269,6664.221479376839,1.8082248859223065,0.35782234697279836,1.348908156126523,0.667983862845304
153.60448610790303,120.29849765251214,136.24727319526824,342.89302511140534,72.66875559621496,181.3218450150761,32.046426553328935,17.358425511051102,24.301331338661726,34.23254736804098,72.67064695535956,177.5872315501462,151.99453116176474,81.50029588911639,116.66634839961868,37.00302742880765,10.874743342258236,9.779376338593687,1.0953670036645486,2.8233145723690356,0.867488817303195,0.279288245389219,0.08468208130368692,14.96994337859716,6.018465314393039,5.018768262234705,3.932709801969417,1.3405100100474898,132.07322242358094,0.2574204769998015,40.077220475102095,40.92109906834106,91.76352705410822,$HR$,[bpm],8.516482318322838,13.576157175565472,11.528951756658447,11.445928330334748,11.474277334286912,2.187483454187272,4.675097691561853,13.435009629547606,11.392242597016988,12.079715604191383,15.70651043486514,10.142758804977094,8.559179380856682,1.2039274503123576,0.2410659358943503,0.5356751365948271,6668.341320141651,1.8174691631909565,0.3589510935286529,1.3558042458232518,0.6700910104031123
153.62873476815426,120.42412974788012,136.32345743634707,343.28930654748524,72.44450770153995,181.29284408335246,32.04090432161283,17.380614176544427,24.310562602912025,34.233354689834904,72.44619955074242,177.36009093109894,151.9665234597552,81.5441274246435,116.45112699533288,37.021511790657605,10.867047362028586,9.773612120676576,1.093435241352009,2.817516620465825,0.8709435911913205,0.27849455807503287,0.08469049938513343,14.925660166866486,6.000889777209719,5.00406977130004,3.920700618356727,1.3405100100474898,132.33595188278096,0.25646831248522434,39.95993778344189,40.846956702839314,92.10420841683367,$HR$,[bpm],8.526925456629135,13.572964700952925,11.529303426671152,11.44665197843271,11.474806216190746,2.185643810658016,4.6651573590068915,13.438076909395937,11.395782384045527,12.0814338620503,15.71603634763673,10.134787268504688,8.557704695633912,1.2029295488503127,0.23984838372188705,0.5356759298523517,6672.444035997547,1.826721667127402,0.360081331757236,1.3627064724885474,0.6721999471891246
153.6534805028547,120.54955850767374,136.39979007701058,343.68719227744873,72.22201916895801,181.26542905510286,32.03577738378505,17.402805265968883,24.32001634418186,34.2345267563282,72.224060495371,177.13555019437516,151.9406662323183,81.58899116417157,116.23835255445917,37.039920089302754,10.85953296713992,9.767998960705853,1.0915340064340664,2.811774819577517,0.8744036197338051,0.2777118636623916,0.08470033407503377,14.88164019963552,5.983412740409509,4.9894490241582,3.9087784350678114,1.3405100100474896,132.59855919240928,0.2555231658751552,39.84323957714146,40.77332890891624,92.44488977955912,$HR$,[bpm],8.537375838379182,13.569916586607313,11.529688141183351,11.44740669675056,11.475369191158522,2.183853828058957,4.655335470680345,13.441263073975747,11.399432556319411,12.083285527825723,15.725666015037149,10.126874092866117,8.556344836007101,1.2019676408906965,0.23896448549442723,0.5356771493267399,6676.55660173153,1.8359852122412261,0.3612102135582301,1.3696169357035861,0.6743058090348137
153.6773299017167,120.67392886900755,136.47508730461215,344.08082081745465,72.00028723559706,181.23687822988305,32.03021207177246,17.424764713739595,24.329060912638255,34.235177472605834,72.00178728307114,176.90992994444045,151.91376932098385,81.63296488242915,116.02488260621843,37.05766389791574,10.851859020932338,9.76224882674857,1.0896101941837673,2.806005928702848,0.8778350577803109,0.2769228946056645,0.08470726563163924,14.837883350050204,5.966043216552884,4.9749252309408085,3.896914902556509,1.34051485594658,132.8587240446935,0.2545849598665424,39.727172493156175,40.69968673080347,92.78557114228457,$HR$,[bpm],8.547775414497226,13.566765405461854,11.529929661030172,11.448018306241103,11.475791276511783,2.1820382469525312,4.645486662175352,13.444338212487766,11.402988352874246,12.085037548712643,15.735174285694477,10.118669698530285,8.554947349324918,1.2009835283536394,0.2377635902184354,0.5356783581282039,6680.587773563414,1.845252694756028,0.36234052221521523,1.3765253600662535,0.6764143384125597
153.70026230931043,120.79665686241505,136.5492448543431,344.4721194515876,71.7798320188383,181.2081988324194,32.02482585342418,17.44668381223031,24.338157307195573,34.23593374471859,71.78119296244,176.6863702559354,151.88757495070857,81.6770712678868,115.81306537965338,37.07581257122209,10.844178388737198,9.756472656021279,1.087705732715919,2.800243017321749,0.881249932280397,0.2761413817597708,0.08471460714913935,14.794276291858688,5.948728328682495,4.960445535641441,3.8851024275347528,1.3405201841533896,133.1171552594009,0.2536536182875169,39.61180149758013,40.62633289622897,93.12625250501002,$HR$,[bpm],8.558067370413344,13.563636335675989,11.530208424303543,11.44866154568413,11.476245864391425,2.180246717076055,4.635731729253385,13.447398791878484,11.406541813227063,12.086805227139699,15.744662251133608,10.1106465402774,8.553581615646394,1.20002786448012,0.23689378582125148,0.5356795566174238,6684.586761353539,1.854520295122241,0.36347020513527284,1.3834333246488713,0.67852170321829
153.72304825951113,120.91866614543007,136.62298912938402,344.8624506927419,71.5607054961947,181.18000600501048,32.01960199369098,17.468560231886894,24.347298064403446,34.236922473285766,71.56222163684915,176.46441845882296,151.86226009908816,81.72188470692932,115.60269574321804,37.09429524234552,10.836551402105265,9.750733606179312,1.0858177959259534,2.7945035978466084,0.8846564046653073,0.27536632744096157,0.08472220748828779,14.750915653304617,5.931509066480663,4.946044301160499,3.8733622856634558,1.3405253943200661,133.3744485385459,0.25272906607677764,39.49702126305024,40.553343422910956,93.46693386773548,$HR$,[bpm],8.568392648468487,13.560560481228952,11.530480467875535,11.449295543313363,11.476693378700702,2.1784875576621676,4.626044971343542,13.450484813646373,11.410142167983816,12.088627433646918,15.754143140215252,10.102597133503576,8.55228125644639,1.1990962977335247,0.2360303221936869,0.535680741739857,6688.559728141325,1.8637944890808573,0.364599135445303,1.3903462754065923,0.6806276706179657
153.7452471722537,121.03965516151034,136.6959282532445,345.2507234416027,71.34276719477992,181.15173107524856,32.01434393088185,17.490392368880823,24.356334823432753,34.23777324627629,71.34435867029492,176.24330463948266,151.83720319520162,81.76656811827598,115.39311812819335,37.112203396347375,10.791815777963613,9.708822990468928,1.0829927874946856,2.7887704397086983,0.8733527271485898,0.27459398302478827,0.08434617449337664,14.707772073473055,5.9143743165738325,4.931715502904124,3.8616822539951006,1.3183466750873163,131.41878735248795,0.252131192705945,39.38287907673644,40.4806065207609,93.80761523046093,$HR$,[bpm],8.578640478508213,13.557480354994567,11.530724021956187,11.449898149821523,11.477111151758756,2.1767212555906754,4.616408603839612,13.45353917527014,11.413713258746363,12.090434156065086,15.763557981137577,10.094455153672914,8.550985860780166,1.1981688094666543,0.2351731302523725,0.5332607504226348,6692.4948544842655,1.8420758336116758,0.36407484008149466,1.3972620923018386,0.6827332403387045
153.7677554591046,121.16029329395931,136.768783824076,345.639310010927,71.12631466703634,181.1245853579201,32.00922813118846,17.512125769402196,24.36542385501683,34.23879325645894,71.12787014081758,176.0237198234508,151.81339287306528,81.81220892654525,115.185010426291,37.13018190966298,10.784129665822217,9.70300656147882,1.081123104343398,2.783074554568287,0.8766842102605015,0.2738269434852088,0.08435318023161964,14.664928434524548,5.897358351159001,4.9174869972590285,3.850083086106519,1.318346675087316,131.6692032073862,0.25090003494723095,39.269276739258615,40.408116708451445,94.14829659318637,$HR$,[bpm],8.588923314925509,13.55449074890837,11.530994931435723,11.450525558947131,11.477555633287459,2.174986508505495,4.606838369392761,13.456658219155209,11.41735633089932,12.092324693186875,15.773100839786153,10.086365497578708,8.549781594393977,1.1972496387877989,0.2343221419138688,0.5332607504226348,6696.42136885244,1.8512023830247544,0.3651981230425957,1.4041848157292516,0.6848396825627212
153.78937148767093,121.27953696820155,136.84049582424137,346.0244812111176,70.9108317293332,181.09677348162208,32.00405838702924,17.533875556761235,24.37438008820462,34.23963959388273,70.91238950057888,175.80492177119274,151.78951215460717,81.85788123276846,114.97780317402645,37.14824935125072,10.776364812548923,9.69710817187359,1.0792566406753348,2.7773669411757638,0.8799941043013054,0.273062156608994,0.08435924203951609,14.622225367599796,5.880393131660242,4.903300686882147,3.8385315490574095,1.318346675087316,131.917525541023,0.24999541127934063,39.15631977646985,40.3358386023289,94.48897795591182,$HR$,[bpm],8.599123172528088,13.551457614774678,11.53121070622611,11.451095234903772,11.477944181372868,2.173259077525223,4.597319576617031,13.459711740279996,11.42094625709959,12.094172143220487,15.782519413295397,10.078319600508967,8.54857310465798,1.1963416830458082,0.23315963389966457,0.5332607504226348,6700.292016108337,1.8603296890459906,0.36632100787820615,1.4111081130634915,0.6869453781998378
153.81082308310263,121.39796667166179,136.91178649606596,346.4086516721512,70.69663277785955,181.0694138353624,31.99901871244746,17.555388940312437,24.383356382472353,34.24066575817985,70.69838369242407,175.5875563755272,151.76637599789163,81.9039806719394,114.77181443755316,37.16652111316704,10.768649286806774,9.691244836229124,1.0774044505776497,2.771681976324438,0.8832955993784587,0.27230301213288016,0.0843654637116929,14.5797806445902,5.863530900901832,4.889200190598155,3.827049553090211,1.3183466750873116,132.16475295485145,0.24909728744338358,39.043939713716945,40.263891788107244,94.82965931863728,$HR$,[bpm],8.609296946629069,13.5484701133633,11.531420229818881,11.451656094904983,11.478325849356407,2.1715434471674633,4.5878554029022585,13.462793003308859,11.424571228778236,12.096062746427252,15.791919464550633,10.07024015139644,8.54740350142277,1.195451648578697,0.2323219936257224,0.5332607504226348,6704.137601299227,1.8694631945220765,0.36744342001388935,1.418036112844344,0.6890501874039535
153.831995463391,121.51565433121849,136.9825582561235,346.79165392755135,70.48369418550234,181.0423283302517,31.993993250994944,17.577016957528393,24.392280599556486,34.24160561031386,70.48544809106949,175.3711700877454,151.74387577995273,81.95036697305872,114.56685799976765,37.18449641311399,10.76095406362852,9.685395256041462,1.0755588075870581,2.7660145060817922,0.8865851914960381,0.2715470783304952,0.08437113613578859,14.537571471607553,5.846760051364654,4.875177587812278,3.8156338324306223,1.3183502564699994,132.41080977433464,0.24820559363699535,38.9321629011135,40.19215248196309,95.17034068136273,$HR$,[bpm],8.619472053420058,13.545515601600545,11.531626520185124,11.45221082771314,11.478703025318634,2.169849670780276,4.578448240933646,13.465875013651818,11.428203342436012,12.097972036038511,15.801345805793124,10.062122866864096,8.546251039015788,1.194570876734193,0.2311749684065027,0.5332616684487799,6707.957188115243,1.878602012911661,0.3685661688311695,1.4249642715903024,0.6911544381265996
153.85260804055557,121.63236500977068,137.05255923229578,347.17258234928005,70.27188479323189,181.01511635379123,31.988977598493175,17.598404068291014,24.401141030335786,34.242572342286095,70.27370664195423,175.15588560795047,151.7215835571453,81.99634157704,114.36307653719317,37.20238715325005,10.753242819654155,9.679522563364644,1.0737202562895094,2.7603529675855785,0.8898594565463906,0.27079453364163303,0.0843763022484115,14.495547630409332,5.830059651494118,4.861213541364325,3.8042744375508883,1.318355046419448,132.65532990232825,0.24732026105373295,38.821003576235356,40.12066531366643,95.51102204408818,$HR$,[bpm],8.629561891038618,13.54255478661839,11.531808182770273,11.452738761437697,11.479055168876565,2.1681587003232416,4.569094343750873,13.46892314532987,11.431819238043586,12.099877864885796,15.810747512733428,10.054115401071506,8.545123043051237,1.1937084652268006,0.23035038291281604,0.5332628383616428,6711.739537565996,1.8877440144469373,0.3696884173631323,1.4318934945285842,0.693257415984462
153.87311678533214,121.74847647470868,137.12220656006667,347.55250356174804,70.0613072182757,180.98832024252147,31.984029592308083,17.619849290072302,24.40998211186441,34.24353235343769,70.06315949299638,174.94175328013665,151.7001205361561,82.04271077230662,114.160337489897,37.2203938805947,10.74557414756909,9.673682225613678,1.0718919219554117,2.7547130055008577,0.8931252975941338,0.27004628011344495,0.08438133043753543,14.453793510301772,5.813466871720641,4.8473407030950035,3.7929859354861315,1.3183597357994734,132.8987700899122,0.2464412218653755,38.71040248585913,40.04942112407166,95.85170340681363,$HR$,[bpm],8.639680245378518,13.539644698919489,11.531992734821804,11.453266875212952,11.479409098007094,2.1664854389179364,4.559792754811268,13.47199002451688,11.435465393503703,12.101821027411715,15.820123535518828,10.046115946059361,8.544044115979348,1.192859185043827,0.22953165899278305,0.5332639987401163,6715.495639779813,1.896892526938823,0.37081082155898304,1.4388277155540696,0.6953606889552953
153.8939699824523,121.86417666137513,137.19188843627649,347.9336113126498,69.85230314422705,180.96281041050952,31.979342896896664,17.641292574850063,24.418948923114115,34.24477305854396,69.85424728133125,174.72936625654023,151.68009973267715,82.08992023914314,113.95947636472857,37.238708004602195,10.738049628652345,9.66796654731985,1.0700830813324953,2.74912057228782,0.8963942843462662,0.26930514815040507,0.08438716133434912,14.412298595800323,5.7969741099829415,4.833550588925445,3.78177389689194,1.3183643318490488,133.14199579487502,0.24556840920460232,38.600363790642334,39.97853868408715,96.19238476953907,$HR$,[bpm],8.649782650146811,13.536842112517371,11.53222106414778,11.453835520760808,11.479805662692895,2.1648465042440255,4.550573732830048,13.475158115889192,11.439189975206828,12.103861328464115,15.829566424186853,10.038186608365493,8.54305780046156,1.1920326604500662,0.22840670335167584,0.5332651495696935,6719.259621087973,1.9060501916446624,0.37193305204346183,1.445768931696874,0.6974636395113856
153.914760786911,121.97935453821587,137.26118050901067,348.312432915886,69.64421978980252,180.93722771595282,31.974457302597497,17.66257378185341,24.427706954200918,34.24570407526502,69.64585139687352,174.51717108472292,151.6601285769471,82.13725587400431,113.75909882009122,37.25681105535209,10.692541152949513,9.625237035261723,1.0673041176877904,2.743529405804948,0.8846157304803053,0.2685632745122248,0.08399937495435664,14.371042787312375,5.780574958813364,4.819840143507754,3.7706276849912506,1.296339836848632,131.15491295403504,0.24470175714803633,38.4908184285517,39.90773570530921,96.53306613226454,$HR$,[bpm],8.659870197297368,13.534022720646371,11.532344072049275,11.454300446439346,11.480101405128407,2.16319155321994,4.541372327772048,13.478285141240569,11.442889950842282,12.10587716430187,15.839016096665231,10.030168202638787,8.542083429333697,1.191197542670194,0.22791154763597288,0.5307888594509251,6722.970074698973,1.883213184811054,0.3713226796648015,1.4527156624215882,0.6995675833304348
153.93399463204005,122.09261183656908,137.32875422588404,348.6865384944182,69.43695974521492,180.9103645683418,31.96951751494315,17.683732622075567,24.436339856676508,34.24657762477332,69.43858694040075,174.30586555570724,151.6394596072643,82.18422532323828,113.55940410355733,37.274523784611205,10.684703688234345,9.619209685872796,1.065494002361549,2.7379115839733954,0.8877834102838394,0.2678241307789557,0.08400269944931613,14.329890321659292,5.764214583097804,4.806163590898629,3.7595121476628615,1.2963398368486363,131.3895264118898,0.24384120069964643,38.38196883351257,39.83720611984141,96.87374749498998,$HR$,[bpm],8.669820954464525,13.531114338388882,11.532481110534665,11.454772936257491,11.48040443776919,2.161551827868714,4.53221365022456,13.481290114789902,11.446498110783573,12.107812901435656,15.848299194024225,10.022287894785146,8.541070663654965,1.190373320807113,0.2268002019213992,0.5307888594509256,6726.618505177735,1.892213122435047,0.3724383957493162,1.4596582382556111,0.7016695793777303
153.95366903833477,122.20565230717598,137.39644982435394,349.0619269443354,69.23125067481534,180.8849175673455,31.964867057954073,17.704902370964152,24.44513490987881,34.24771146098965,69.23302206980281,174.096518585673,151.62050587425742,82.2321875688245,113.36165381152222,37.2927219303216,10.677025361397378,9.613318797423222,1.063706563974156,2.732345618450846,0.8909547057049357,0.26709320102557077,0.0840070282322163,14.289009776404962,5.747961225655348,4.792574281478933,3.74847426927068,1.2963398368486319,131.6239887567613,0.24298667577449828,38.273644705087015,39.76703419013701,97.21442885771543,$HR$,[bpm],8.679819318939611,13.528342125976973,11.532651914909646,11.455277169812957,11.480741438882767,2.1599393359581245,4.523137231963189,13.484394172381503,11.450204083699406,12.109862116318451,15.857661667802004,10.014492013778796,8.540162208118028,1.189580117114438,0.22600539601897426,0.5307888594509252,6730.2764934575,1.9012221716896258,0.3735538545695502,1.466607842825726,0.7037710907421326
153.9725140051439,122.31754832679964,137.46315873864583,349.43375997380735,69.02636524961099,180.8586911758114,31.960035871387362,17.726000713064007,24.453717604544806,34.24864624525477,69.02805068024702,173.88737048348867,151.60107882749122,82.27992212239472,113.16432485114699,37.310868688626556,10.669255148709157,9.607340274272596,1.061914874436561,2.7267667240600044,0.8941033061321083,0.26636198577069164,0.0840099144067722,14.248322853620383,5.731784066689088,4.7790518316205866,3.7374869553107084,1.2963407746821516,131.8564084482891,0.24213811918284533,38.165909971399145,39.69698919957014,97.55511022044088,$HR$,[bpm],8.689741038719797,13.525500032014751,11.532790780687977,11.455746320312025,11.481044339856474,2.158320102160865,4.514077225708809,13.487409959183468,11.45384524033985,12.111849663254203,15.866920749518924,10.00663246307149,8.539233347735166,1.1887904555220155,0.22490846902498088,0.5307888594509252,6733.874670042211,1.9102325317503546,0.37466951862915804,1.4735573925141114,0.7058729887751131
153.99113762468806,122.42856888660306,137.52940464730042,349.804799672344,68.82273266669804,180.83287532322876,31.95535253817033,17.746924241075384,24.462336212481926,34.249643560179216,68.82440851976573,173.67974387302914,151.58242219379605,82.32810869547171,112.96841901997661,37.32924799478324,10.661529573904515,9.601392707122654,1.0601368667818598,2.721210571755318,0.8972417482132408,0.26563612030918604,0.08401301252896838,14.207814203364022,5.7156725068522345,4.765582235521907,3.7265594609898756,1.296345103401354,132.08784453892542,0.24129546861455298,38.05875040347681,39.627193698581635,97.89579158316633,$HR$,[bpm],8.699623335629346,13.52271192402091,11.53292539225392,11.456208989940645,11.481342779732833,2.1567284270532037,4.505090957028,13.490457770736324,11.45751035952768,12.113875601610205,15.876237331441342,9.998899468406368,8.538353699385365,1.1880185299672674,0.22412577834464834,0.5307888594509249,6737.455893323045,1.9192473100220286,0.3757850442202121,1.480506467750217,0.707974625934959
154.0091711082476,122.53865317113667,137.59487677366846,350.1732992366858,68.62005646870234,180.80669402588634,31.95053437196517,17.767872065372714,24.4708010685421,34.25051960693327,68.62179629044246,173.47246735853653,151.56362974695358,82.37544857566496,112.77317692429118,37.347143365246794,10.653760038327237,9.595402262027928,1.058357776299308,2.715653781779073,0.900363397907077,0.264911160433168,0.08401476489175391,14.167522396544221,5.699648176723815,4.752188372076326,3.715685847744081,1.296349342034105,132.31763887177712,0.24045866262384558,37.95216589651151,39.557745004349016,98.23647294589179,$HR$,[bpm],8.709482028307562,13.519889189440422,11.533037395298269,11.45664662409764,11.481617287125333,2.1551283405990826,4.496124191692347,13.493455527264118,11.461135399767022,12.115866531828432,15.885444777806017,9.991218702610924,8.537469619484696,1.187255001710252,0.22334851636344485,0.5307898223605219,6740.992320833245,1.9282647913897781,0.3768988570023224,1.487457685105261,0.7100717480342454
154.0268497672206,122.6479534448505,137.65977837878484,350.5401504451764,68.41847930659036,180.78058004398724,31.945891018285174,17.788601020052976,24.479311300131343,34.251497128341164,68.42043878695581,173.2668631446354,151.54541543351178,82.423271420363,112.57943174039067,37.36536690803228,10.646008700028544,9.589413190216597,1.0565955098119464,2.7101093802783316,0.9034732173706921,0.26419253417786087,0.08401702265626364,14.127425112803497,5.683700556270745,4.73885649686259,3.7048680596701646,1.2963534937292065,132.54616407989738,0.239627640614371,37.84614436458987,39.48847318245815,98.57715430861724,$HR$,[bpm],8.719255273334996,13.517105661560324,11.533153114829009,11.457085356222136,11.481894473180812,2.153552522018852,4.487223388544123,13.496441670308274,11.464772012888982,12.117881667521633,15.894620528016636,9.983614920264824,8.536627656896714,1.1865181108502443,0.22227214440723106,0.5307909603546807,6744.498992166693,1.93728602890959,0.37801353351667866,1.4944118546991527,0.7121702548665969
154.04457823580918,122.7567082446236,137.72437833723836,350.90648373526466,68.21813518872001,180.7551023883532,31.941266706595844,17.80943502682727,24.487793255490477,34.25251285722613,68.22017808727492,173.06215604972832,151.52793127622044,82.47143577967977,112.38682486900447,37.38372740226586,10.60070710209176,9.545867487333343,1.054839614758417,2.704591518812975,0.8912895735989533,0.26347691170097354,0.08401886665610651,14.087552502197534,5.667839215980533,4.72559764761485,3.694115638602149,1.2744976002552353,130.5349253415844,0.23880234282457277,37.74064150186644,39.41946618743862,98.91783567134269,$HR$,[bpm],8.729058473923741,13.514361936445058,11.533277496476913,11.45753005987372,11.482179198042337,2.151993474947867,4.478370263883886,13.499452979857304,11.468431698505292,12.119931725937615,15.903854595074481,9.976047118207632,8.535821415866844,1.1857844949302474,0.22150662040907004,0.5307920862352877,6747.9902864032465,1.913493017369501,0.3791277568298677,1.501370435680929,0.7142679151810286
154.0620424417767,122.86467353634849,137.78844402836089,351.27134159411287,68.0188900916042,180.72979475141196,31.93665454055845,17.830097582722093,24.49621521201763,34.253447381710025,68.0209320049035,172.85835061223307,151.51078835416607,82.519915334624,112.19538534643148,37.40232697916612,10.592889619319548,9.539799880922631,1.0530897383969169,2.699087443500368,0.8943271422405389,0.262764164992651,0.08402028151016079,14.04788175550567,5.652056144769816,4.712404905582331,3.6834207051535253,1.2744976002552348,130.75717159609096,0.23798271031336382,37.63568159038858,39.35067745583921,99.25851703406813,$HR$,[bpm],8.738802440003207,13.511631591069225,11.533402352101158,11.457972815728027,11.482463474441934,2.150432183524534,4.469562586376837,13.502448900423294,11.472090963230519,12.121989251546875,15.91307179326295,9.968600857201618,8.535025222488013,1.1850662027503824,0.220443959108567,0.5307932052652269,6751.4541607959045,1.9223655578618555,0.38024189557656896,1.508332034110442,0.7163654165214296
154.07938491671604,122.97195176943701,137.85216102501187,351.635211334874,67.82077939353682,180.70480693591816,31.93209021600441,17.850744226522934,24.504607640684785,34.25443787350047,67.82281708119159,172.6555103217144,151.4942025103778,82.56855308295165,112.00506265248406,37.42079642625452,10.58412162918266,9.533760593532344,1.0503610356503155,2.6936031438328687,0.8973564470339382,0.2620550362900505,0.08362018145398016,14.00843528656018,5.636361227002528,4.699286722781756,3.6727873367758983,1.2744976002552395,130.97843764637796,0.23716868494609478,37.53125361938354,39.2821618926701,99.59919839679358,$HR$,[bpm],8.748535812139725,13.508932122926243,11.533536529610211,11.458422454867492,11.482756060206468,2.1488908721892157,4.460800085517006,13.505467956908484,11.475759493471012,12.124066654005047,15.922254914444517,9.961279508389085,8.534260493802043,1.1843611772982388,0.2199912833680422,0.5282591831986796,6754.895262242044,1.9312434746047746,0.3795343227737509,1.5152978508692452,0.7184623284267774
154.09585587395983,123.07804489236582,137.91484931073208,351.99572920356457,67.62349860085511,180.6790872469272,31.927462761450972,17.871257471948933,24.512886756054932,34.255288975643296,67.62571529072449,172.45337738433992,151.47727349235416,82.61712145006203,111.81557916326939,37.43913539745363,10.576267421834856,9.527644648460486,1.0486227733743714,2.68810894706753,0.900364487266001,0.26134823907062893,0.08362036799212362,13.969131114084512,5.62072069284083,4.686213760634548,3.6621966606091285,1.2744976002552353,131.19778124728845,0.2363602093808083,37.42740769352939,39.21391179252452,99.93987975951904,$HR$,[bpm],8.758194158870447,13.506185770090223,11.533640252221504,11.458838949449476,11.48301664566296,2.1473530811402686,4.452070211873921,13.508409445992745,11.479374521633925,12.126097278759534,15.931322068157833,9.953997793757482,8.533485347261236,1.183670939273492,0.2192413632121856,0.5282591831986794,6758.284319087465,1.9401211703298271,0.38064093740344596,1.5222634942123796,0.7205571611620921
154.11310253851548,123.18449621395075,137.97803941578417,352.3573087075059,67.42749339977362,180.65449076052008,31.922786420068515,17.891678211558325,24.521094960654693,34.25606184267672,67.42911458163523,172.25172316861833,151.4615437263979,82.6665268114853,111.62708261553969,37.45751292824685,10.568521009107627,9.521636433932805,1.046884575174821,2.682656180723244,0.9033748899811489,0.2606420870321668,0.08361993539662228,13.930152894016942,5.60521118337226,4.673252639428034,3.6516890712166497,1.2744987778474757,131.4169913007527,0.2355572270547744,37.32400623749626,39.145683620028834,100.28056112224449,$HR$,[bpm],8.767860909902513,13.50352446435652,11.533706682850145,11.459219038094082,11.483243634744769,2.145816800569073,4.4433651655145,13.511419125805187,11.483053676435016,12.12819892359871,15.940519613359486,9.94671826428288,8.532795225074485,1.1829874385042625,0.21819722811045814,0.5282591831986793,6761.666873195736,1.9490119634373642,0.38174977139861715,1.5292380010980364,0.722656195178798
154.12879435538204,123.28900181066145,138.03954192053865,352.7143200577845,67.23227377964614,180.6287332558712,31.918154091959487,17.91208309400289,24.529252918091576,34.256841170603536,67.23399487673346,172.05135610930182,151.44512333547678,82.71541787798466,111.43971694637209,37.476273426661216,10.560662091905655,9.515504003183025,1.0451580887226306,2.6771832245877007,0.906354988088326,0.25994095510491905,0.083619243562817,13.89122845649688,5.589718574786668,4.660304059124043,3.641205822586168,1.274502627773654,131.63377410345646,0.23475968217129875,37.221250776534916,39.077863957096994,100.62124248496994,$HR$,[bpm],8.777451864208208,13.500794806529122,11.533795146959422,11.45961541357765,11.48348689593092,2.1442989482715853,4.434717177651654,13.514316615893733,11.486647196776884,12.130227713564697,15.949567157609707,9.939624802202854,8.532062267466609,1.1823280349334087,0.21745846035943686,0.5282591831986794,6764.99492279766,1.9578956162465415,0.38285606320406135,1.536203671597494,0.724750416804526
154.14465989597142,123.39314829299511,138.10096500118058,353.07127409353075,67.03827141710174,180.6036816200768,31.913642281676594,17.932321931658464,24.537436968106043,34.257737745064944,67.04005814898468,171.85216260977396,151.42968214394926,82.76432622984524,111.25380123080834,37.49530464392177,10.552882950040084,9.50944005776845,1.0434428922716357,2.6717414996889572,0.9093316945258597,0.259244376260866,0.08361858807719728,13.8525323640661,5.574314170843143,4.647429268742198,3.6307889244807563,1.2745064035957459,131.849952063265,0.23396751968679858,37.11899492620832,39.01030812234413,100.96192384769539,$HR$,[bpm],8.786995302120241,13.49812471321427,11.53391339668005,11.460039362450852,11.483759281006623,2.1427895939968717,4.426125619251063,13.517251953554615,11.490281281083414,12.132307665503474,15.958628459226812,9.93268172949183,8.531388774654609,1.181687790274419,0.21642738796949096,0.5282591831986793,6768.3128536945605,1.9667862741107243,0.38396210283451965,1.543174886027924,0.7268441610604445
154.1595509838832,123.49592432427141,138.16126307728186,353.42442329244534,66.84501753589359,180.577699454368,31.908984507948645,17.9525546039425,24.545443897412007,34.25839309032896,66.84679700604134,171.65333973295577,151.4136109025133,82.81281370803019,111.06839461558909,37.513852200251435,10.545005709224093,9.503280024795743,1.0417256844283491,2.6662841902847165,0.912284925485911,0.25854825254555575,0.08361665982369185,13.813987042557166,5.558969758344038,4.634605876866999,3.620411407346129,1.2745101008953068,132.06407420487866,0.23288439471961503,37.01731594647175,38.942904990975485,101.30260521042085,$HR$,[bpm],8.796479701090604,13.495390655485089,11.533988349121014,11.460417556129764,11.483986848774599,2.1412807845497484,4.417552318757896,13.520103930093713,11.493844971484585,12.134322126921381,15.967565747232037,9.92572348351162,8.53069125098331,1.1810501892246388,0.2156995411652414,0.5282602556877594,6771.574421722287,1.9756756610014288,0.38506812874461427,1.5501451574323133,0.7289363994330436
154.1743182431641,123.59802649506226,138.22109331449127,353.7762394200277,66.65281213955112,180.55195393002398,31.90435950506312,17.972555168861913,24.553427642983472,34.25909773089314,66.65483181071045,171.45550887542677,151.39807143273018,82.86156838492128,110.88394946272057,37.53255630292111,10.49884035776748,9.458824071820704,1.0400162859467754,2.660842685511129,0.8996549046598897,0.25785568663037833,0.08361434830733525,13.775653696275228,5.543710228252001,4.621854042632217,3.6100894253910134,1.2528277698540258,130.02637727106432,0.232399125430223,36.9161400299127,38.87587645792086,101.6432865731463,$HR$,[bpm],8.805916300860236,13.492675519738983,11.534066526877217,11.460796136447089,11.484215998877586,2.1397873593773276,4.409013527304012,13.522954356351764,11.497412927498853,12.13634960076989,15.97654948871857,9.918806897179893,8.530024863435438,1.1804213070776775,0.21468127596921488,0.528261370311773,6774.810885206479,1.950801070460881,0.3861721903861639,1.5571183185763675,0.7310248526373414
154.1891167191675,123.6996907830654,138.2807170430573,354.1277389606983,66.46179309452357,180.52685952231442,31.899828912825036,17.992663745274108,24.561422800223124,34.2598376490446,66.46385758570268,171.25883334230159,151.38311660852798,82.91066445289763,110.70089299844756,37.551560306507184,10.490924168777234,9.452606184458299,1.0383179843189345,2.6554294863658514,0.902540507316384,0.25716736903513054,0.08361229938720052,13.737544750464222,5.528539078672501,4.609175922555187,3.5998297492365334,1.25282776985403,130.23473720797156,0.23162278722383395,36.815459633201236,38.80900989957045,101.98396793587175,$HR$,[bpm],8.81535029893989,13.490014695425085,11.534162745853761,11.461190681994516,11.484462688254188,2.138298023885745,4.400528058760313,13.525829475632541,11.501005676565681,12.13841407033533,15.985522056869724,9.912057950091652,8.529403799200026,1.1798126139954064,0.21396412491960265,0.5282624831310964,6778.037375912434,1.9595429365372157,0.38727746281946374,1.5640960263560624,0.7331155915597265
154.2034063734536,123.8005557555199,138.33966569314933,354.4766004616646,66.27160727748479,180.5012911122335,31.895153608718456,18.012537973031545,24.56924932612247,34.26038946429686,66.27327853517697,171.06225716321305,151.36820067259663,82.95987634917657,110.51859047941538,37.570541269120554,10.482957912582592,9.446342135682466,1.036615776900125,2.6500146128864417,0.9054090195048046,0.2564787473030028,0.08360896688403982,13.699580232646051,5.513419417838533,4.596543337449298,3.589617477358223,1.25282776985403,130.44153322701644,0.23085161852371544,36.715309275144136,38.74219809454791,102.3246492985972,$HR$,[bpm],8.824736010446056,13.487325709825617,11.53424859330042,11.461572118013677,11.484697370392977,2.136814487234575,4.392078579600703,13.528653872552841,11.504562766980671,12.14044915182982,15.994400137345536,9.905391512047208,8.528791324432987,1.179207428297788,0.21325174925888324,0.5282635852526362,6781.218973122993,1.9682868514241214,0.38838380408127815,1.5710753694847068,0.7352083598484986
154.21813956395178,123.90114700724193,138.39874973716644,354.8272352965377,66.08291855885423,180.4773244756217,31.891032871755346,18.032624666969788,24.57742490887714,34.26153890896098,66.08541500149875,170.8689245298612,151.35491074715463,83.00982671341457,110.33858397849504,37.59012954465017,10.474176614886042,9.44023343574616,1.0339431791398819,2.644656421663472,0.9082839993715526,0.25580361661715834,0.08319767571612698,13.66188624810213,5.498412987206129,4.5839984917183,3.5794747691777,1.25282776985403,130.6484670791086,0.2300855678668927,36.61563509480134,38.676087640470634,102.66533066132264,$HR$,[bpm],8.834141630144513,13.484777951359522,11.534375504653818,11.461993971399682,11.484974425497144,2.135374548982684,4.3837093308033666,13.531587560022947,11.508225804340793,12.142610046704998,16.003437114473623,9.898876012600349,8.528272736099957,1.1786509761605355,0.21254410144756158,0.5256714866093684,6784.424684910025,1.9770383924970192,0.3875743136066552,1.5780607997916336,0.7372937727829728
154.2322183817433,124.0007335265528,138.45703668522975,355.17447435757174,65.89492686958003,180.45251891872243,31.886604600453687,18.05248618685598,24.58532537955398,34.26230657088334,65.89743405110691,170.67517214996565,151.3411809638572,83.05961413283661,110.15925650912169,37.60924912502382,10.466311854498556,9.434044364806638,1.032267489691918,2.6392870108232063,0.9111375277160781,0.2551255618319615,0.08319455592898073,13.624271907770472,5.483425732038415,4.571472868252406,3.5693733074796508,1.2528277698540302,130.85353330978316,0.22932458447122395,36.5164904676447,38.60985357214428,103.0060120240481,$HR$,[bpm],8.84349404727323,13.482168359691247,11.534482037395676,11.462391955536088,11.485228770123088,2.133916171286206,4.375380426148667,13.534439083965218,11.511817294906212,12.144701506599151,16.012387877996865,9.892419102918996,8.527721323763455,1.1780917869027803,0.2118411345750696,0.5256714866093682,6787.573629451731,1.9857907053872283,0.3886726319218022,1.585046846158748,0.7393831353280699
154.2454224490059,124.09918337451684,138.51431204088905,355.51814007500354,65.70766081079063,180.42688975746648,31.882019989817405,18.072143497234936,24.59304222729974,34.262851025320984,65.71027153588109,170.4815360275012,151.32683078499014,83.10922632800373,109.97989353060535,37.62832159688922,10.458354088640519,9.427765344308014,1.030588744332504,2.6339052704525554,0.9139668207295645,0.2544474272360751,0.08319027371209724,13.586884375516673,5.468536009580771,4.559032379770703,3.5593159861652,1.2528311028560648,131.0567154267711,0.22856861822417895,36.41788698963675,38.543922742038795,103.34669338677355,$HR$,[bpm],8.852726058896799,13.479492971428344,11.53455177365784,11.46275055046123,11.48544421097639,2.1324607086364065,4.367042070810227,13.537213793158369,11.515346606654447,12.146734138239866,16.021209251062892,9.885949529462547,8.527134739183914,1.1775336734023845,0.21085237208482077,0.5256714866093684,6790.669474974896,1.994542399008195,0.3897696563148358,1.5920281628235915,0.7414700364078858
154.2579406581719,124.19662512542689,138.57074013866958,355.8589825503165,65.52122264564478,180.40074664572253,31.877350560767873,18.091764090023624,24.600636757357883,34.2632892114386,65.52383360944282,170.28841374019535,151.3123383993247,83.1584246626913,109.80135871806341,37.6475154479837,10.450347728394632,9.421435932253374,1.0289117961412584,2.628521398904469,0.9167777605481221,0.2537708735016678,0.08318514118990059,13.549628616704815,5.453695532885144,4.546632967128289,3.5493001166913807,1.252834479493638,131.25827255474562,0.22781761967183825,36.31981788540915,38.47815137288838,103.687374749499,$HR$,[bpm],8.861905969020622,13.4767902383891,11.534588600470913,11.463074368720777,11.48562614408707,2.131004847807689,4.358736274811311,13.53992094560024,11.518821460281291,12.14872095399139,16.02991125211966,9.879561989802529,8.526532798034138,1.1769831718533004,0.21015958307719765,0.5256714866093688,6793.723566504331,2.0032940054342894,0.3908666274943566,1.5990093170519757,0.7435568362581041
154.27172811260047,124.29486962929765,138.6281180197601,356.2022962156195,65.33612387135037,180.37626806663457,31.872750573606503,18.11122912900934,24.608243549094198,34.26369461592826,65.3381438527432,170.09617143663883,151.29921230440277,83.20806955038687,109.62437050040577,37.66675198190593,10.442513747268857,9.415272866747523,1.0272408805213324,2.623194131096282,0.9195997171750689,0.25309680439595444,0.0831799763037742,13.512648471410245,5.438958899381163,4.534320812139728,3.5393687598893515,1.2528377947920515,131.46030596524398,0.22678301200301557,36.22212864899384,38.41247178046085,104.02805611222445,$HR$,[bpm],8.87115018383558,13.474203322435882,11.534617056163958,11.463391213560843,11.485804150659318,2.1295592138954484,4.350488395059972,13.542742612538001,11.522392341686002,12.150814579594837,16.038764124293152,9.87326577221873,8.526035906752861,1.1764336642761357,0.20947133169744186,0.5256717528260211,6796.789960244083,2.0120616004722742,0.3919653932924921,1.606003274195795,0.7456466724439327
154.2848773304667,124.39180423203571,138.6845343767463,356.5440068160176,65.15213695246867,180.3519564364777,31.868439490393143,18.130927746749045,24.61600819578185,34.26445899298204,65.15429518989228,169.90590137904653,151.2868890572795,83.25801633047138,109.44858212901744,37.68606593317855,10.434715967184037,9.40912313122167,1.0255928359623676,2.6178842504644004,0.9224097053167658,0.252431102562066,0.08317574132507534,13.475881371131393,5.424315755881262,4.5220853667969525,3.529480248453183,1.2528410536735854,131.66117329555632,0.2260427448747415,36.124995946698306,38.3472820314453,104.3687374749499,$HR$,[bpm],8.880345413142782,13.471658949198531,11.534711531164389,11.463768729823387,11.486042581773475,2.128143203288424,4.342283601991055,13.545566570040842,11.525982750405818,12.152941047312526,16.047653262857928,9.86701751002649,8.525574825770374,1.1759152478937902,0.20849998732084934,0.5256728723139691,6799.846277524184,2.020826629088297,0.39306183091764724,1.6129952184778917,0.747730863849643
154.29703889398226,124.48737493157144,138.73984587849165,356.8814207053314,64.96873964973517,180.32660083057561,31.86392072507082,18.150238690587056,24.623548896701177,34.264930999382464,64.97095949260536,169.7157326585724,151.27356558370633,83.30743681658082,109.27335720566641,37.70532732088867,10.387732137976794,9.363791767173629,1.0239403708031651,2.6125549957394405,0.9093115762823599,0.25176509907123984,0.08317001101134762,13.439203829447372,5.409702403508536,4.5098759372394,3.519625488699436,1.2313378423333043,129.5963512887841,0.22559394529800786,36.02837260309477,38.28222550428572,104.70941883767536,$HR$,[bpm],8.889462959150483,13.469029851638222,11.534764015206067,11.464101630424745,11.486237398892591,2.126714901107955,4.334107535302223,13.548277213467076,11.529481342940436,12.1549780694756,16.05637140941595,9.860871581573347,8.525068064797386,1.1754024308295086,0.20782161415636047,0.5256739851649542,6802.838971340006,1.9947493515723813,0.3941578156514273,1.619985419917301,0.7498141943009455
154.3086413474307,124.58209789773794,138.7944386924726,357.2163922418939,64.78615397954131,180.300803539012,31.85923153814577,18.16953262790347,24.63091727691651,34.265193539093794,64.78801315660729,169.52557871337277,151.26018136334991,83.35685997337681,109.0983800832159,37.72445397863717,10.379648320884199,9.357365216579481,1.0222831043047171,2.6072252816890433,0.9120288713920472,0.25109831933710636,0.08316310517700634,13.402724393766727,5.395169816378971,4.497737970973831,3.509816606413923,1.2313378423333041,129.7898431839617,0.22486233578445078,35.932260260572505,38.217249366332105,105.0501002004008,$HR$,[bpm],8.898473546607418,13.466365126498317,11.534802556563434,11.464417732955448,11.486416053313825,2.125283523072259,4.325936008275523,13.550948111749952,11.532939249817504,12.15697897421469,16.06499154917655,9.85473745984677,8.524562500655074,1.174886640265588,0.2068619200863308,0.5256750956489276,6805.79196714941,2.003357742534736,0.3952548329204842,1.6269765077133544,0.7518994835251913
154.31973807267346,124.6760029775498,138.8483631042226,357.5489642797352,64.60439932621735,180.2746364596135,31.854691794314363,18.18865806622408,24.638313957171157,34.26557466144386,64.606747593947,169.33720833756746,151.2465984536088,83.4061340384475,108.92526873408835,37.74411480912333,10.371547885059066,9.35090507673,1.0206428083290662,2.6018975776547486,0.9147305023167963,0.2504381959888792,0.08315644154326152,13.366293491060677,5.380645215869312,4.485600859955963,3.500047415235401,1.2313378423333043,129.9819341240172,0.22413545620499925,35.83665489220971,38.15271801644199,105.39078156312625,$HR$,[bpm],8.907453979632262,13.463682575577378,11.534823133525073,11.464714996631017,11.4865777016735,2.1238762078917324,4.31785062587105,13.55356242632168,11.536355048606197,12.15895414096718,16.073597184179288,9.848773446566128,8.524050039445747,1.174403360589404,0.2061932278175597,0.5256762001369119,6808.708137406354,2.011967226375383,0.3963483259685395,1.6339684830629728,0.7539780683723383
154.33200909557064,124.7703698526997,138.90311069258115,357.8853836491754,64.42427844370118,180.25089230527792,31.850505617724426,18.20800300543029,24.645950075341048,34.26634234649438,64.42679653310103,169.15055847742298,151.2355058802439,83.45668535374534,108.75390091819035,37.76402606209013,10.362676107291042,9.344683703640701,1.0179924036503412,2.5966491092673225,0.917449957253288,0.24978534120801418,0.08273189604822208,13.330208592725782,5.366263265568138,4.473583252285059,3.490362074872588,1.2313378423333041,130.17500611683437,0.22341326083815222,35.74144772309389,38.088432644282555,105.7314629258517,$HR$,[bpm],8.91652679737213,13.461202067144018,11.534929236915557,11.46509589307621,11.486824547616143,2.1224879534198187,4.309827356575718,13.556365939600033,11.53993550265741,12.16110765919082,16.08242477868198,9.842910998978269,8.52368357185887,1.1739434521000065,0.20581272440617582,0.52302558206235,6811.673207794938,2.0205892756810795,0.3954387438727047,1.6409706631383925,0.756060042633946
154.34323801364064,124.86348519465791,138.95670654264168,358.2174227312424,64.24472638711745,180.22596934958622,31.8460555680341,18.227164143682106,24.65332446296622,34.26674556944121,64.2470861654885,168.96360155158007,151.22345153102657,83.506866172039,108.58229379118367,37.78334085749908,10.354710878920141,9.338346638146598,1.016364240773542,2.591379954816652,0.9201430688201768,0.24913038790401693,0.08272499452425218,13.29431187652617,5.351962147177243,4.46163754589612,3.48071218345281,1.231338399009276,130.3659554911914,0.22269570454979998,35.646764236568636,38.02421679906934,106.07214428857715,$HR$,[bpm],8.925485873497786,13.458628192472634,11.534985096659236,11.465423505954714,11.487018491274855,2.1210932305348678,4.301785587983708,13.55905064823876,11.54342611636125,12.16317093429458,16.09108141572174,9.837013701343206,8.523278343782223,1.1734769688651812,0.20486872947148052,0.5230255820623504,6814.575887114483,2.0292086654031225,0.39652831509022024,1.6479699382686397,0.758143250903069
154.3540702290736,124.9557645437397,139.0097316760943,358.5474220540738,64.06602628911742,180.20082993426928,31.8416660914856,18.246165038304415,24.660693241039354,34.267228102406285,64.0686266060089,168.77789254361934,151.211606687035,83.55713630957885,108.41226377610865,37.8030005074206,10.34673465914912,9.331987710922096,1.0147469482270248,2.5861177310981627,0.9228203627726085,0.248480054359894,0.08271789207385585,13.258474387290418,5.3376724977594785,4.449697929090525,3.471103960440413,1.2313414441689707,130.55563879366747,0.22198274278382127,35.552570047810754,37.96031911552093,106.41282565130261,$HR$,[bpm],8.934419244451911,13.456052643870073,11.535031869844842,11.465740436897779,11.487203382899477,2.119714475156075,4.293818474782575,13.561701394158561,11.546896475439121,12.16522512422773,16.099683715764343,9.83133304228673,8.522885569153425,1.1730230995441566,0.2042128408837187,0.5230255820623504,6817.446885675621,2.037829507397501,0.39761575245141845,1.6549670418775084,0.7602223793405545
154.36465487499052,125.0474151390479,139.0623235419903,358.8759581956526,63.88824730594595,180.175726358929,31.83721798500548,18.26519941164301,24.667963678512667,34.26756161794448,63.89082790451637,168.5926364655764,151.19982090822708,83.60715132558988,108.24285615465855,37.822693647460234,10.33876534782071,9.325634555662925,1.013130792157785,2.5808681470351598,0.9254873633969238,0.2478307417981614,0.08271023062370246,13.22285996391486,5.323475458177914,4.437838625589709,3.4615458801472387,1.2313444336239503,130.7443178130049,0.22099316975927422,35.45885375184992,37.89657083722143,106.75350701402806,$HR$,[bpm],8.943278909508217,13.453478376237884,11.535083402564,11.466059737370474,11.487391385221764,2.118329042231057,4.285870396247175,13.564345387838728,11.550351981653908,12.167271930304508,16.108287809173795,9.825619712836074,8.522507877849064,1.1725744910835705,0.20327997676330187,0.5230255820623507,6820.294456889261,2.0464533513793355,0.3987037925971438,1.661966624039101,0.7623026602733433
154.3746485308512,125.1380736240473,139.11408240282836,359.20139545142797,63.71118397744676,180.15002342479735,31.832727139593995,18.283931412351844,24.675129549085657,34.267848303130634,63.71387716607725,168.4080233444024,151.18777837696462,83.65662692909153,108.0741067206849,37.842525491504645,10.330742334951688,9.319224236302826,1.0115180986488628,2.5756146359418386,0.9281350536121563,0.24718360280261362,0.08270180315220861,13.187392515497846,5.309336931586339,4.426028054080996,3.4520275298305116,1.231347366890374,130.93136081921793,0.22029016005008492,35.36562625207908,37.833041384126545,107.09418837675351,$HR$,[bpm],8.952090988943988,13.450862581629657,11.535104166427166,11.466346639569219,11.48754796788382,2.1169528649106515,4.277944628417246,13.56692475715267,11.553757130599811,12.16927477409049,16.11682272295764,9.819929518710023,8.522095235979453,1.1721370198371865,0.2026333151605743,0.5230264791669909,6823.097538586683,2.0550765602718446,0.3997910749619405,1.6689657326037117,0.7643801812838925
154.38523752918437,125.22879578444696,139.16614315600987,359.528366192625,63.53537187972774,180.12557004240423,31.82848680777584,18.302882629125666,24.682448107259116,34.268367122215714,63.53836711469944,168.2250451330448,151.17705811423446,83.7068576383522,107.90709449418786,37.86247315967779,10.322864190253714,9.312939824626081,1.0099243656276327,2.570407651369156,0.9307873992918531,0.2465432501750113,0.08269429682809137,13.152137766837539,5.295280033733911,4.4142839721861185,3.4425737609175098,1.2313502518888797,131.118463227378,0.2195916088990214,35.272822101143426,37.76986183267099,107.43486973947896,$HR$,[bpm],8.960926215131705,13.448360835618022,11.535174225164422,11.466681174550342,11.487753806569724,2.115600479382898,4.270092110471424,13.569593329033527,11.557243101843131,12.171372339371008,16.12543770431863,9.814432410423478,8.521758436301514,1.171724259192079,0.20171137611335044,0.523027601920015,6825.914401747904,2.0637081258544425,0.4008776418659103,1.6759716601257308,0.7664559965751393
154.3957697736373,125.31927162307667,139.2179868694413,359.8533726167917,63.36028930067437,180.100946310054,31.823884716987074,18.321516507236574,24.689461425262788,34.268429922320706,63.36249191847164,168.04118075079722,151.16607028456008,83.75701176655632,107.73974478686503,37.88173110657044,10.275191998549431,9.266879053740267,1.008312944809165,2.565204279750927,0.9172668803060927,0.24589785113421941,0.0826846467556851,13.117115860342327,5.281318074030054,4.402624384711825,3.4331734016004454,1.2100350000338103,129.0311665201562,0.21917596953925086,35.18043108535145,37.706526242776974,107.77555110220442,$HR$,[bpm],8.969711681724421,13.445816661285422,11.535145856959998,11.466917649676725,11.487863413755248,2.1142260100196193,4.262216709838787,13.572215006786148,11.560686473925832,12.173427530365316,16.133953091812494,9.80888922217731,8.521420675376582,1.1712914774575611,0.2010737611274957,0.5230287182973414,6828.690097375286,2.036467445845183,0.4019673305004478,1.6829822656272595,0.768537780887071
154.40591202023484,125.4087537765218,139.26922163842698,360.1775172345653,63.18629823055788,180.07679140221637,31.819683623584947,18.34029558618507,24.696702428395437,34.268930817826835,63.18865643080306,167.85988191885397,151.1559408029856,83.80756319198565,107.5746413916344,37.901759949503635,10.2672346090053,9.260503061988754,1.0067315470165452,2.5600280664484285,0.9198512270429351,0.2452630599286611,0.08267659333009708,13.082186955488986,5.267386715466708,4.390985211348351,3.4238150286739266,1.2100350000338147,129.21280761862025,0.21848533163708822,35.08852958703938,37.64369169600001,108.11623246492987,$HR$,[bpm],8.97850016540125,13.443342247300329,11.535211542835095,11.467243782467971,11.488063103401029,2.11289000117908,4.254443850224989,13.574865611938055,11.564170882149337,12.175537892199026,16.142555974844147,9.803569053364436,8.521131320032545,1.1709017844320393,0.200440164475194,0.5230298280371748,6831.464508093382,2.0449497950828035,0.4030539624455273,1.689992268839874,0.770613721894423
154.41601704167235,125.4977575812404,139.320227896018,360.5006839481067,63.013230011904355,180.05285497407777,31.815448809142598,18.35897431089378,24.703869968501113,34.269363540983576,63.01553481013462,167.67901808188307,151.1461430862061,83.85832143918249,107.41039790747472,37.92186645336061,10.258250987705258,9.254152187021026,1.004098800684233,2.5548695029759,0.9224281340245171,0.24462963361300197,0.08223979755945049,13.047470179706497,5.253541031456694,4.3794204313806055,3.4145087168691997,1.2100350000338103,129.39367192798306,0.21779903255397098,34.997073509873736,37.58104951411518,108.45691382765531,$HR$,[bpm],8.987232096948384,13.44088031628331,11.535301188789113,11.467591352081412,11.48828507083116,2.1115560164679743,4.246697837859644,13.577515933940843,11.567655113845552,12.177656653653779,16.15116137445993,9.798272909964956,8.520870072611965,1.1705201377459686,0.1998105482896659,0.520321331352624,6834.220457403334,2.0534365863095454,0.4020471670324775,1.6970059430117057,0.7726901489649064
154.4250609353972,125.58547891375633,139.37006738295224,360.8194599857136,62.84070709958256,180.02774485705586,31.81119236915419,18.37746189069659,24.710939309470838,34.26974062668963,62.84333349929252,167.49913006259274,151.1355394343197,83.9085561458923,107.2471074339852,37.94227172395384,10.250218210003602,9.247691676839224,1.0025265331643778,2.5496921146625158,0.9249792986867628,0.24399959385180822,0.08223070418249163,13.012797140529543,5.239707295234302,4.36786189218644,3.405227953108802,1.2100350000338147,129.57248078216102,0.21711703153105374,34.906123580828506,37.51860291800238,108.79759519038076,$HR$,[bpm],8.995882621274134,13.438339496957871,11.535327101586958,11.467874381741568,11.488443824288844,2.110225870981898,4.238995188272149,13.580063549070415,11.57104760725352,12.17969239155445,16.159613782703257,9.793084262597684,8.520562394923948,1.1701524136642312,0.19918487517842545,0.520321331352624,6836.91781249767,2.0619195225927327,0.4031265549376727,1.7040164313719124,0.7747646130319267
154.43410998945424,125.67278511629164,139.41969917010877,361.1380646319068,62.669211138711354,180.0031545044355,31.806938925933842,18.396011750445254,24.717981903815037,34.270107160445605,62.67195258863001,167.3198699350766,151.12560028048904,83.95917925628254,107.08445007457158,37.9622778919945,10.242243716347375,9.241285661375402,1.0009580549719717,2.5445413731053232,0.9275259689171982,0.24337136849981097,0.08222133677334825,12.978357881869531,5.225969950101554,4.356386482306561,3.3960014494614192,1.2100350000338107,129.75072886102657,0.2164392883184156,34.81561826582717,37.456371806258254,109.13827655310621,$HR$,[bpm],9.004511665745241,13.435844398378157,11.535373897187922,11.46817573357491,11.488621604992593,2.1089070061009902,4.231313487697997,13.582643039246966,11.57447051207351,12.181765354000925,16.168073459257847,9.787988763826297,8.52030315477817,1.1697844002861388,0.19828809006045442,0.5203213313526244,6839.609696621684,2.070406288884628,0.40420590839934256,1.7110300849370281,0.7768390109023038
154.44372331104168,125.76016509094407,139.46964100642154,361.45796517076064,62.49890561915055,179.9797923890098,31.80291180545393,18.414497022345955,24.725149262019894,34.27067575802291,62.501769188340724,167.1420917042877,151.11697475696974,84.01057048794644,106.92339139205482,37.98259139728203,10.23440419041478,9.234997895885893,0.9994062945288875,2.5394359887217663,0.9300753510692478,0.2427490468905615,0.08221286145451473,12.944140926248261,5.2123199416871655,4.3449832121455305,3.386837772415566,1.2100374842662347,129.92905520083593,0.2157657631671409,34.72551267537019,37.39439213128943,109.47895791583167,$HR$,[bpm],9.013177282057276,13.433452283912574,11.535472402496474,11.468526739242627,11.488850426980173,2.1076056661956803,4.223695920236171,13.585306371316427,11.577972232619214,12.183929193464126,16.176665918972663,9.783011540133078,8.520128493956255,1.169439258451105,0.1976710485940389,0.5203213313526246,6842.315058064519,2.0789012849694415,0.40528561352319786,1.7180470125932379,0.7789140846284728
154.45270097119914,125.84662539310217,139.5188048157575,361.77503551107765,62.329310175894506,179.95589767925523,31.798872287405146,18.43300682344993,24.732237869297713,34.27121643445612,62.33255037732023,166.96504935484742,151.1080241153459,84.0614774835715,106.7631592875703,38.00307788773873,10.226522004896411,9.228662457764301,0.9978595471321103,2.534328789080807,0.9326071693599665,0.24212934547194073,0.08220380376875447,12.910045050790766,5.198716689002449,4.33361822273714,3.3777101390511803,1.210040151422169,130.1059225475798,0.21482310498314847,34.63588077951593,37.3326936494632,109.81963927855712,$HR$,[bpm],9.021792687266581,13.431027655794171,11.535547172859903,11.468852349404973,11.489054849859986,2.1063087898788737,4.21611040334708,13.587905042005803,11.581425000492796,12.186050763460255,16.185198724335663,9.778077804534117,8.519939113621811,1.1691071555925823,0.1970578354870866,0.5203220323438418,6844.982359998035,2.0873955155354422,0.40636375914565326,1.7250630180181303,0.7809851090009542
154.46171017992705,125.93262060330001,139.56772167685062,362.0907574258934,62.16055015810527,179.93207708436776,31.794744934548483,18.45126929016023,24.739223352680046,34.27159776817847,62.16376987219375,166.78824097428387,151.09937875531375,84.11222299950943,106.60346174206515,38.02353769380452,10.21865061083951,9.222338790338215,0.9963118205012955,2.5292356468826305,0.9351297150434734,0.2415100385842859,0.08219395348941146,12.876158839922851,5.18519794761378,4.322327569228384,3.3686333230806853,1.2100427708258665,130.2819020656061,0.21415874391625497,34.546675148400034,37.27107469271675,110.16032064128257,$HR$,[bpm],9.030344179479176,13.428610692730961,11.53564542169858,11.469198815533911,11.489280686118526,2.1050181835725232,4.208542977532945,13.590501647895547,11.584877871223613,12.188178648929213,16.19369478016983,9.773151798583338,8.519777560408038,1.1687769139076423,0.19617594862557708,0.520323156987405,6847.6261366554045,2.0958936453141783,0.407443101834636,1.7320822832433513,0.7830577908422757
154.4694538842536,126.01711316585177,139.6152747270387,362.4015227126746,61.99223517423424,179.90677962515062,31.790402129952206,18.469422341057722,24.745979044916005,34.27173469853136,61.99552162198893,166.61158431590593,151.08949187011095,84.16233306087115,106.44396020639714,38.04395644721753,10.210636373322105,9.215876960114453,0.994759413207652,2.5241158464115903,0.9376227552609522,0.24089023878587115,0.08218269341236142,12.842347069500704,5.171707842807512,4.311060816649592,3.359578410043601,1.2100453402439022,130.45558966660346,0.21349847938114866,34.457976127080784,37.209610530106694,110.50100200400801,$HR$,[bpm],9.038793432707617,13.426079569842672,11.535660598602197,11.46946102768616,11.489423082437275,2.1037134663323998,4.200981132620264,13.592953994375764,11.58821088938631,12.190189936910404,16.20200120095746,9.768310062470666,8.519552651358996,1.1684490196880246,0.19557112615067054,0.5203242776997078,6850.204103220994,2.1043859654349837,0.40852130712047086,1.739096788729267,0.7851282837051066
154.4768590750804,126.10095539237743,139.66232533291972,362.7105513875305,61.824718128091824,179.88134725534906,31.78604366158009,18.48741748391251,24.752668634075548,34.27179918073028,61.8280747883224,166.43557316387725,151.07961377059038,84.212223866026,106.28533989246945,38.0640176796425,10.202617576427574,9.20940609205465,0.9932114843729241,2.5190048619543837,0.9401033055475063,0.24027273371746044,0.08217095911706152,12.808666285651752,5.158266341192312,4.299835341321702,3.3505646031377405,1.210047864461725,130.62817688375463,0.21284227360471053,34.369721525561545,37.14835333155893,110.84168336673346,$HR$,[bpm],9.047185411228561,13.423536031905313,11.535685635964139,11.469730537087354,11.48957363068813,2.1024153010692714,4.193459673975315,13.595387986429,11.591516695956495,12.192182437610764,16.21028745616422,9.76353346840825,8.519325221296222,1.1681304995701645,0.19469922992593752,0.5203253930423039,6852.7558309915,2.1128794572603153,0.40959888523729854,1.7461122979628612,0.7871975704326178
154.48598498020496,126.18605816442475,139.71079301924794,363.02340160369965,61.65851719915929,179.85820502766785,31.781802227562086,18.505486267636126,24.75942249773592,34.271944001206926,61.661160211722155,166.26026442904703,151.0717438081665,84.2635513188216,106.1279984169164,38.084192983588025,10.153269629305317,9.162674157421568,0.9905954718837491,2.5139636240419025,0.9261478220644265,0.23965768307221477,0.08172259005126051,12.775327460498538,5.144963085015964,4.288726226588276,3.3416381488942983,1.1889261054474132,128.51842287075075,0.2124600512224389,34.28173721052886,37.087129882460026,111.18236472945893,$HR$,[bpm],9.055676412339231,13.421162449538997,11.53569664703295,11.469988481808254,11.48971548463876,2.1011378780242205,4.185972961905391,13.597988205767377,11.594970332710364,12.19432947121769,16.218784859859564,9.758806768160357,8.519213055994392,1.1678216245056514,0.1943726008642389,0.5175586476305666,6855.339747914544,2.0843579882991916,0.4084951972020106,1.7531434281315676,0.7892732525524229
154.49323664632138,126.268998510155,139.75731012931908,363.3304937929642,61.492804529088254,179.83341068018132,31.777579825493888,18.523475286395207,24.766111295625983,34.27210580055084,61.49552266480699,166.08604627825653,151.06279289911942,84.31396030711032,105.97112183018032,38.10464030520815,10.145221085491222,9.156157139113468,0.9890639463777549,2.5088931128629737,0.9285691388091679,0.23904677984896586,0.08171092193060928,12.742033755560316,5.131679942312671,4.277633203653293,3.3327206095943502,1.1889261054474174,128.68631220652486,0.21181102680720412,34.19431589297278,37.02630295731099,111.52304609218437,$HR$,[bpm],9.064048248481791,13.41867595445731,11.535725089580518,11.47025817498173,11.489868251023312,2.0998579643026605,4.1785123682131005,13.600440580803589,11.598304689506046,12.196365832697266,16.227096467321473,9.754108547069547,8.51902285274439,1.167519143225783,0.19377883011586655,0.5175586476305669,6857.864873835193,2.09270520660107,0.4095662332554336,1.7601642330946565,0.7913426529156977
154.49960028636244,126.35089316284791,139.8028446295379,363.63339745097096,61.32755189118325,179.8073950384892,31.77306529351617,18.54113350802885,24.772526661398167,34.2719102309487,61.32995894266652,165.91156256569747,151.0527976709038,84.3639045515588,105.81455498375922,38.124971643859105,10.137052201146824,9.149529879523664,0.9875223216231601,2.50380310035359,0.9309651433552169,0.23843361173377153,0.08169741331629353,12.708819183730933,5.118422489354391,4.266564569987048,3.3238321243894973,1.188926105447413,128.8522311096078,0.21116595560410087,34.10735797493512,36.965451951777716,111.86372745490982,$HR$,[bpm],9.072273908384508,13.41609455494474,11.535725627559009,11.470497543074774,11.489991192886416,2.098569551857268,4.171067139640147,13.602772437458178,11.601540287845156,12.198305450824584,16.23524035279324,9.749490677281484,8.51878788678534,1.1672146485202932,0.19292035842356864,0.5175586476305666,6860.328550232162,2.101049644672548,0.4106379327071649,1.7671826996194078,0.7934133350628088
154.50581851432872,126.43218245423971,139.8480553214931,363.93520881773213,61.16315304974405,179.78153339227558,31.768722472709133,18.558902418216036,24.779010653992238,34.27188292697708,61.16584558782198,165.73854758077155,151.04328532932928,84.41403071923627,105.65939969602358,38.14565240176577,10.128919635490528,9.142923018317557,0.9859966171729699,2.4987297795486216,0.9333527482227428,0.2378263580060576,0.08168446198295465,12.675739923218277,5.105216949347696,4.255535939397532,3.3149870344730474,1.1889261054474174,129.01735609629577,0.21052480160423132,34.02082065697408,36.90502087814738,112.20440881763527,$HR$,[bpm],9.080496786394816,13.413539750452863,11.535722689356872,11.470732682229206,11.490111320692911,2.0973033724611523,4.163676789135029,13.605102412886206,11.604782121595784,12.200262306489867,16.24339867490707,9.745029953270997,8.518579337037531,1.16693637540398,0.19233460273626724,0.5175586476305669,6862.775429369076,2.1093967472763517,0.41170707302950926,1.7742034072694048,0.7954790725927269
154.51217060837192,126.51316929984067,139.89318652828462,364.2369432811474,60.999758514318955,179.75634912998584,31.76446200649847,18.576504023600616,24.785508792623318,34.27191687820035,61.0024314667886,165.5662618110522,151.03443317594278,84.46454203032704,105.50483089618302,38.165989946294296,10.120864002423543,9.136386286378908,0.984477716044635,2.493687366502428,0.9357379531637949,0.2372217483697343,0.08167163213621484,12.642914826919352,5.092119582949187,4.244600056152712,3.306195187817452,1.1889264347411153,129.182122245347,0.2098875292347028,33.93468926664096,36.84472355630394,112.54509018036072,$HR$,[bpm],9.08871873770213,13.411036882020824,11.535746250004935,11.470992042441482,11.490256296601478,2.0960383870174186,4.156301683588679,13.607485093064732,11.608062895296353,12.202265974791379,16.251639169455146,9.740563060434157,8.518421919340607,1.16666206185899,0.19148570011501476,0.5175594172969646,6865.223322974253,2.1177480926424166,0.41277784584490324,1.7812271901444845,0.7975467783017076
154.51791382690024,126.59331286225664,139.93758588317374,364.5354780875707,60.83695715748254,179.73044688455133,31.76015665095993,18.594080018222222,24.791914479299,34.271874498701166,60.839925955257605,165.3947951292437,151.0252190312282,84.51480922846021,105.35170577704795,38.186669167099424,10.11274808355181,9.129784205582277,0.9829638779695333,2.488639304181256,0.9381022428034101,0.2366199428329576,0.08165805634164945,12.610089460628451,5.079007813643793,4.233649003948952,3.297432643035705,1.1889288176912234,129.34534842172616,0.2089882150377514,33.84899899378805,36.78466780512394,112.88577154308618,$HR$,[bpm],9.096851205006477,13.408490526742169,11.535744490447668,11.47122465098706,11.490375909484603,2.0947829053430373,4.148996614204937,13.609792658195168,11.611283140116212,12.204215477100755,16.259777571132588,9.736269690646767,8.51824447701058,1.1664092573657425,0.19090780966552864,0.5175605393532862,6867.626847056095,2.1260982545018288,0.4138464382346957,1.7882468848139212,0.7996097205397736
154.52445655429935,126.67366505616855,139.98246466588276,364.8366776472803,60.67543351524943,179.7062499485959,31.756083797307657,18.611708958844584,24.79847277836428,34.27206977676297,60.67831885565182,165.22463885727436,151.0176001294657,84.56539848398624,105.19960589522006,38.207578067828884,10.104815377383787,9.123350621662794,0.9814647557209917,2.4836487486504986,0.9404775203181169,0.23602294058160828,0.08164565930497371,12.577585198755756,5.066033807531185,4.222814598269468,3.2887367929551012,1.1889311661157815,129.50912419669498,0.20835940093940777,33.76367462601069,36.72473989068146,113.22645290581163,$HR$,[bpm],9.105072233621927,13.406076230777433,11.535806473698168,11.471519003073995,11.490558133656927,2.0935527227353643,4.14171858926815,13.612234781623922,11.614618339358383,12.2062912641869,16.268041895343163,9.732020462283137,8.51817315647378,1.1661698642558385,0.19033339678688904,0.5175616643870756,6870.0641154540945,2.1344573362487096,0.4149176044745853,1.7952741059198123,0.8016776222519361
154.53021066354506,126.75299092346549,140.0263965656304,365.1336871766383,60.51437786100484,179.68093316392617,31.75192122046152,18.629182195765065,24.804890313757486,34.272134467759116,60.51754548173104,165.05502430986866,151.0092815319362,84.61544007041977,105.04824587813629,38.22862623393139,10.096785245022136,9.116817326179374,0.9799679188427621,2.47864186893062,0.9428285888658741,0.23542777455278557,0.0816323550580933,12.545128652285067,5.053072081703315,4.211989697305697,3.2800668732760565,1.1889334707919395,129.67102661575558,0.2077343595037328,33.67879763057356,36.66507319893363,113.56713426853707,$HR$,[bpm],9.113161765746229,13.40358200865809,11.535835389591693,11.471778664100812,11.490706535794635,2.092313951114456,4.13447788661526,13.614569110845778,11.61786380598289,12.208284610992536,16.276179699139874,9.727937962877318,8.518056608928767,1.1659408917816758,0.18949813710455016,0.5175627806540978,6872.444475717723,2.142813513072815,0.41598644323912903,1.8022989222815837,0.8037410315969858
154.53532175115026,126.83139774284108,140.06955096009676,365.42784292598714,60.353990018604186,179.65510886658146,31.74761189456631,18.646558308851038,24.81114483562479,34.271993184437335,60.35706833599647,164.885317642166,151.0005081036627,84.66535071981139,104.89705133929832,38.249440459163225,10.087611946861067,9.11024191613227,0.9773700307287962,2.473634735475123,0.9451627914079144,0.23483173954184075,0.08117233799019027,12.51282345355524,5.040172698137693,4.201218694953499,3.271432060464048,1.188935736559068,129.8315672551189,0.207113056880305,33.59436333281526,36.60548385938361,113.90781563126252,$HR$,[bpm],9.12119780980443,13.401050734348829,11.535824673796107,11.47199717330918,11.490814443469564,2.091075816266392,4.127239327405481,13.61684334514829,11.621063794585773,12.210234913248764,16.284290345954034,9.723815705760742,8.517931294253307,1.1657068558254973,0.1891948789313728,0.5147374972929935,6874.791167650224,2.151167921376833,0.4147788420032991,1.8093222831391946,0.8058065405854882
154.5401954464873,126.90920094099769,140.11232211073863,365.7202087712307,60.194277891413876,179.6290291128981,31.743184041865533,18.66372256548399,24.81726129454686,34.271676937313515,60.197021850906786,164.71592390775265,150.99173463624066,84.71523839859574,104.74620917210679,38.26995432755331,10.079515438305553,9.10364802046263,0.9758674178429216,2.4686330201833226,0.9474840613055521,0.23423605927602023,0.0811572000097203,12.480733513444738,5.027364958780323,4.190527997809137,3.2628405568552767,1.188937963638732,129.9910209710156,0.20649545962246163,33.51032858591099,36.545963755525825,114.24849699398798,$HR$,[bpm],9.129189928724072,13.39849973168889,11.535823276175863,11.472222915764155,11.490929928012546,2.0898391443358606,4.120002324346938,13.619078294262712,11.624235641979801,12.21215961055025,16.2923358169018,9.719666476070257,8.51780944436101,1.1654709666586178,0.18836799560980277,0.5147374972929941,6877.1057767324755,2.1595245515779755,0.41584283800252214,1.8163475451391706,0.8078736058465543
154.54458466391176,126.98624118950325,140.15446827870525,366.0100890749163,60.03524526547999,179.60262804465995,31.73883263939662,18.680930808527055,24.823380300179515,34.271450996414785,60.03814696169432,164.54772733034562,150.9827245799223,84.76490853155639,104.5966920690709,38.290809771376054,10.030284354493705,9.055908373444705,0.9743759810490003,2.4636346186540576,0.9330761022584246,0.23364486714452862,0.08114211702173159,12.448684990060352,5.0145643876840005,4.179839735154984,3.254280867221368,1.1680176966934204,127.85892411575406,0.2061434704760565,33.42670757053268,36.48676766052313,114.58917835671343,$HR$,[bpm],9.137103558291875,13.395924021283037,11.535806529369378,11.472431709409385,11.49102980203446,2.0886068785275755,4.112827608891276,13.621281107348231,11.627373860363178,12.214061129034228,16.30032199112998,9.715671520365795,8.51768032553328,1.1652554954931558,0.18780796484286214,0.5147374972929938,6879.389427415123,2.129731019676077,0.41690450873735013,1.8233722191925708,0.8099361537285555
154.54948426592642,127.06333522977654,140.19689124593145,366.30111161801267,59.87730426467899,179.57739056164363,31.734662339158426,18.69803769748205,24.829600058678775,34.271378872238806,59.88019965438624,164.38062009000646,150.97505175202858,84.81532821280493,104.44857401131924,38.31196129582609,10.022196206615984,9.049299480846884,0.9728967257691004,2.4586798295747148,0.9353443496313356,0.23305805931845602,0.08112760156329211,12.416818988189164,5.001833379475948,4.169209300656212,3.2457763080570015,1.1680176966934162,128.01423815156502,0.20553240875014667,33.343453804183035,36.42777331147607,114.92985971943888,$HR$,[bpm],9.145072604692066,13.393447236201,11.535838769648725,11.472687687244969,11.491178002838165,2.087396289550087,4.105710813423983,13.623572218549922,11.630585963844469,12.216047222706388,16.308382510421378,9.71187902699898,8.517624358934293,1.1650569072091532,0.18725125422345001,0.5147374972929935,6881.6901795177155,2.1379425764676467,0.4179667969282432,1.8304025551325347,0.8119999011658025
154.55527601697253,127.14102575579048,140.2399910355731,366.59356535982766,59.72029225078911,179.5531790077426,31.730428212750287,18.71521211001057,24.835735995077094,34.271186238981585,59.72260773248141,164.2136547381005,150.9681288315036,84.86633374815844,104.30082538474744,38.33303024265802,10.014208984702776,9.04279283939648,0.9714161453062959,2.453761792466325,0.937617410540374,0.2324711928582778,0.08111260604672056,12.38527948090757,4.989242651732346,4.158698407435582,3.237338421739641,1.1680176966934204,128.1696929788288,0.20492495900244978,33.260503980391164,36.36884388678349,115.27054108216433,$HR$,[bpm],9.153057677673088,13.391039258237566,11.535808448034551,11.472883807607511,11.491268334767872,2.086190395400939,4.098583009230994,13.625927312826407,11.633851250918918,12.218091880640355,16.316564250918564,9.70804039748074,8.517613662900432,1.16485781400326,0.1864374468179848,0.5147385809496998,6883.990401333446,2.1461665398520426,0.4190314082059497,1.8374435129944486,0.8140664479294148
154.5590861535064,127.21653877654829,140.2810678746964,366.8792165375428,59.563577073034764,179.52686644431927,31.72611148152346,18.73210604957019,24.841732538642347,34.27090017949971,59.565855940786996,164.0474678497375,150.9598071307938,84.91628213978399,104.15376085295998,38.35417330306243,10.00603620623201,9.036096446282174,0.9699397599498347,2.4488046403498673,0.9398524516347567,0.23188682804143115,0.08109681421459922,12.353679637108161,4.976619125727794,4.148158802604757,3.2289017087756067,1.1680176966934204,128.3223640023142,0.20432108930180118,33.17808540456454,36.31013432974626,115.61122244488978,$HR$,[bpm],9.16087745222016,13.388486149683125,11.535792021389447,11.473088322895478,11.491366522909006,2.084978402883641,4.0914997897267815,13.62810418249873,11.636971745522965,12.219996605699855,16.324528446990517,9.704308035265429,8.517508894505784,1.164673420129843,0.18588805583238838,0.5147397095289082,6886.217958603959,2.1543763875190005,0.4200936797341362,1.8444723856649563,0.816128369265716
154.56414234110235,127.29270029244181,140.3230925361988,367.16860383895386,59.4082030244222,179.50280603916127,31.722311656960944,18.749268014544153,24.84809584547816,34.27119701941508,59.41090494083341,163.88385990240403,150.95372995408113,84.96760465029146,104.00913577087215,38.3757915648322,9.998116142991623,9.029620819434651,0.9684953235569731,2.4439191370145745,0.9421055863328448,0.23131309570937347,0.08108337728126594,12.322289942758061,4.964075487292078,4.137681697377667,3.220532758088316,1.1680176966934204,128.47608733109664,0.2034619106995599,33.095974561791195,36.25183405871313,115.95190380761524,$HR$,[bpm],9.168816734725429,13.386126431815708,11.53588199601879,11.473398039617956,11.491571438145476,2.0838103079855563,4.084517100105971,13.630460651076152,11.64025665682555,12.222082082023382,16.33271626502172,9.700839916541948,8.517548703620259,1.1645292919294883,0.18508303581448515,0.5147408330214144,6888.49424247108,2.1625984424790836,0.42115490082512114,1.8515117096267073,0.8181882489349745
154.5678669822556,127.36733715534476,140.36373246691946,367.4528821969603,59.2531556982397,179.47706545843025,31.718199936748768,18.766158909933655,24.854143653709293,34.27109478994709,59.25620025906803,163.7197760128673,150.94622653186448,85.01775036250055,103.86438131752732,38.39730117928418,9.99003017016431,9.022990384445642,0.9670397857186688,2.439002266770993,0.9443271578004065,0.2307365623782098,0.08106822856433847,12.291004567211996,4.951577662177508,4.127245443153153,3.2121814618813356,1.1680193862135677,128.62757036926843,0.20286586512280785,33.01433280452408,36.19367293442356,116.29258517034069,$HR$,[bpm],9.176588742232813,13.383627094367606,11.535898729214125,11.473632800780718,11.491701685827055,2.082629825981906,4.077515342093431,13.632654288587124,11.643399596525994,12.224027288479771,16.340685866919717,9.697307686307687,8.517503565410898,1.1643830502169583,0.1845408315048443,0.5147419601931379,6890.702655648998,2.1708138385799036,0.4222154578222256,1.8585426442425321,0.8202468236003236
154.5719712023882,127.44188757002898,140.4044998615415,367.7372928426669,59.099039535173056,179.45211709710222,31.714230320829618,18.78302911739985,24.86026413978589,34.2711225509869,59.102260295592096,163.55671720566863,150.939568015261,85.06810891620945,103.72072415344644,38.419027232007345,9.980919508774795,9.016441840709408,0.9644776680653866,2.434119432896263,0.9465479820262607,0.23016407783120493,0.08059920187017171,12.25988333432031,4.939142060731299,4.116860794632553,3.203880478956462,1.1680214677385519,128.77884643326345,0.20227330159925322,32.93304113163198,36.135636191127766,116.63326653306613,$HR$,[bpm],9.184391904217845,13.381197182148943,11.53594871818095,11.473899005940204,11.491864415432142,2.0814578072405574,4.070562801710798,13.634910813646444,11.646598278584452,12.226036096570802,16.34873979020599,9.693965390283847,8.517522821388068,1.16424290303592,0.18425913987921794,0.5118579018166587,6892.914029954052,2.1790345062481116,0.4209047117469565,1.8655774456500513,0.8223077347308775
154.57515323436616,127.51531234577473,140.44420534601636,368.0174785737237,58.94534154688474,179.4259301108721,31.709991519128828,18.79980147208938,24.866133873412494,34.27081757126759,58.948486259608494,163.39336199359423,150.9320100174523,85.1178187381217,103.57700158930886,38.44061162767387,9.972809313917736,9.009785468060166,0.9630238458575697,2.429217948179423,0.9487436242027582,0.22958954882355184,0.0805827462405009,12.228861963213427,4.926746010672254,4.106512184792315,3.195603767748858,1.1680235126408416,128.928232489804,0.2016841897049261,32.85218669924734,36.07765060977174,116.97394789579158,$HR$,[bpm],9.192084404241795,13.378670117045985,11.535958785689951,11.474123023916405,11.491985294366453,2.0802778326277562,4.063605227268675,13.63706598666356,11.649699294596148,12.227949550759666,16.35668782059752,9.690602121774488,8.517490077936833,1.1640951017418213,0.1834658977595702,0.5118579018166588,6895.0693108049345,2.18725058005229,0.42195960948952677,1.8726083476753201,0.8243686538625861
154.5789072672365,127.58893498531043,140.4842701325605,368.29883767211027,58.79263378819661,179.40078548239993,31.70582381759506,18.816403533182488,24.872023211152836,34.270558916061255,58.79549485539703,163.2307951804746,150.92535077497058,85.16822160697733,103.43429973611174,38.46216163387428,9.964811865145576,9.003234512195622,0.9615773529499536,2.424354866051707,0.9509437161416354,0.22901759442099154,0.08056669539606276,12.198098896623684,4.914458444104507,4.096256925466839,3.1873835270523383,1.168025527463288,129.07774651410656,0.201098499369261,32.771670218781985,36.01985445846193,117.31462925851703,$HR$,[bpm],9.19979586739713,13.376223071884457,11.536024992730663,11.474401412949584,11.492161220466627,2.079111487297807,4.0566745354559925,13.63928482383853,11.652859019982039,12.229929440551656,16.36468504027196,9.687258340583185,8.517529634083038,1.1639583488350589,0.18293311329392062,0.5118579018166587,6897.236035994047,2.195474810315788,0.4230154526736285,1.8796462566052896,0.826431420072416
154.5819805909301,127.66157338610965,140.52352434119254,368.5772282642243,58.64055096094092,179.3751385715072,31.701878923980914,18.83309997558424,24.878003128924917,34.27054871567962,58.64396037722578,163.06994037574142,150.9186434283749,85.2183337159155,103.29317151867927,38.484070454794356,9.9567944958308,8.996644938289252,0.960149557541548,2.419493124226336,0.9531267693871812,0.22845260731236153,0.0805512778671295,12.167343157198433,4.902165501214274,4.085989937480956,3.1791877185032034,1.1680275098545034,129.22593121644604,0.2005162008699802,32.69157109950557,35.962458956016,117.65531062124249,$HR$,[bpm],9.20745935708402,13.373754478330635,11.536049194737002,11.474637851952721,11.492296647528729,2.0779579198684313,4.049812517327291,13.641457339891488,11.655985699841874,12.231887152989794,16.372634213145982,9.684115673090616,8.517556114009684,1.1638548458313163,0.18214830460708126,0.5118584202705018,6899.372238310304,2.2036957207738443,0.42406814704109275,1.8866813514078533,0.8284871953791157
154.58530974633035,127.73412887833231,140.5628505790335,368.8558065801185,58.48930912680588,179.3500308607624,31.697965198561256,18.849709976242814,24.88397545878236,34.27051189700371,58.492788427393194,162.9096476906427,150.91257178036727,85.26891963652959,103.15281180908866,38.506083228901396,9.90716449303449,8.948438477355383,0.9587260156791073,2.414657686517033,0.938366084765643,0.22788943608447929,0.08053577354117408,12.136780664142817,4.889950253095734,4.075790330532402,3.171040080514682,1.1473159839583043,127.07949327022055,0.20019163793853448,32.611819940089,35.90504875344651,117.99599198396794,$HR$,[bpm],9.215103567248065,13.371335170625914,11.536121712977053,11.474920224277449,11.492478600615428,2.076817563106532,4.04298344484969,13.643669032447665,11.659150822088781,12.233888933359095,16.38060879189069,9.681083443058977,8.517635605585763,1.1637580518895314,0.18162240087435022,0.5118595564914888,6901.50405087441,2.172696090403631,0.42512368443233695,1.8937207541619947,0.8305475184371318
154.5882029312172,127.80593031013142,140.601613326702,369.1317150480925,58.338659839129356,179.3245317662947,31.69387375165306,18.866178686137342,24.889770734947174,34.27029110757999,58.34222311988782,162.74939586743506,150.9060877138275,85.3191788494981,103.01288221107366,38.528037869138906,9.899073771745327,8.941775218276444,0.9572985534688829,2.4098236387666545,0.9404914906140142,0.22732579236193462,0.08051914807257061,12.10633764591466,4.877780404475016,4.0656308886739625,3.162926352765684,1.1473159839583047,127.22332984610185,0.19961530299442698,32.53244788346048,35.84788920962235,118.33667334669339,$HR$,[bpm],9.222690200041637,13.368864495841688,11.53617926541433,11.475185627129218,11.492644195255044,2.075672121094001,4.0361640895762045,13.645818556644095,11.662259933619548,12.235838826791115,16.38856924293537,9.678117600367875,8.517694762876063,1.1636618249424415,0.18109952520714212,0.511860690840614,6903.602932866911,2.1807722391450897,0.42617728862975474,1.9007599210997679,0.8326040585962092
154.59130727720935,127.8777955176206,140.6404516640939,369.40622723565735,58.18858602665566,179.29889545339515,31.689432478165315,18.882480407366796,24.895266964636626,34.26957504418526,58.191057712152066,162.58812902252865,150.89941698195318,85.36955279675675,102.87223900922463,38.54951949642036,9.89096041294286,8.935106487264797,0.9558539256780625,2.404996426594283,0.9426078365214885,0.22675693594313195,0.08050075742193406,12.076176774658933,4.8657337996806955,4.055579831913412,3.154863143064826,1.1473159839583003,127.3663918922872,0.19904227696421667,32.45339904605298,35.79047133514216,118.67735470941884,$HR$,[bpm],9.230256469037345,13.366371540439921,11.536123770845983,11.47534013236281,11.492700357721148,2.0745047711438374,4.0292935048647625,13.64794353533467,11.665345590935459,12.237763718740531,16.39646611067711,9.674967234387921,8.517767513407243,1.1635438711087591,0.18032673885068168,0.5118618257692159,6905.667463924947,2.1888552478993355,0.42723606243825496,1.9078050672210372,0.834670688317522
154.59330176476368,127.9481578070971,140.67805337599958,369.6775878343331,58.03917895481682,179.2726623641638,31.685347229859808,18.89873645075182,24.900950425203114,34.2692749879687,58.04169857216656,162.42919296364832,150.89266052038244,85.41955958484178,102.73370418402641,38.57169643758712,9.881690489486854,8.928392501113628,0.9532979883732269,2.400169959497547,0.9447050409551477,0.22619764037244056,0.08002105408822073,12.045967438710022,4.853656862202627,4.045496976154704,3.146813600352696,1.1473159839583043,127.50800165915963,0.19847253143325322,32.374807284849425,35.73353872733721,119.0180360721443,$HR$,[bpm],9.23771714846629,13.363854067014563,11.536150029931743,11.475571614583682,11.492833500562247,2.073369498414466,4.022526832294562,13.650029111676297,11.668394659645388,12.239665761654134,16.404307445302166,9.67210122367206,8.517803562315219,1.1634704053255265,0.18006275405761474,0.5089199395250887,6907.709094442026,2.196929797342997,0.42582833357858385,1.9148428402116968,0.8367295138326789
154.59629649651393,128.0190514023222,140.71640430203132,369.95168339971036,57.890920251223775,179.24818066216415,31.681539094562986,18.915241362307544,24.90682742189953,34.26928791525896,57.89368404416116,162.27170063169217,150.88768903034185,85.47068582328424,102.59674589867723,38.59402753919599,9.873748422975217,8.921850489641248,0.9518979333339688,2.395400176861983,0.9468154693336466,0.22564425091777907,0.08000531547814323,12.016006732701472,4.8416813575503514,4.035498943237278,3.1388264319138433,1.1473159839583003,127.65034576329916,0.1976545693934946,32.29651762007727,35.67700579878827,119.35871743486975,$HR$,[bpm],9.245271647745321,13.361492394869199,11.536261119160356,11.475886439937595,11.493050999547085,2.0722593824866093,4.015813103666655,13.652257661929303,11.671569892581312,12.241705053749136,16.41229881319716,9.669368028867131,8.517945965220898,1.1634119461205772,0.17929733839384435,0.5089199395250884,6909.785992310397,2.2050149696938135,0.42687504703018797,1.9218898721225832,0.8387862488322569
154.59815486125467,128.0886459015263,140.75354581636077,370.22113818095073,57.74300858978513,179.22230252381613,31.67760147800195,18.931393092710017,24.91253919717123,34.26912080419712,57.745906691864015,162.11464836617026,150.88161149492825,85.52084341132519,102.46034798369439,38.616502759836315,9.865686041631832,8.9151881771554,0.9504978644764328,2.3906089734221205,0.9488984156654412,0.22509166154685858,0.07998877116713848,11.986055852855777,4.829704108077315,4.025497673451582,3.130854071326878,1.1473159839583043,127.79068078802163,0.19709201662609302,32.21865123739937,35.62041263626755,119.6993987975952,$HR$,[bpm],9.252704617617862,13.359017632425228,11.536311292143028,11.476139291897285,11.493207289522237,2.0711425252340026,4.009126573733732,13.654352372336936,11.67463547062005,12.24363842799023,16.42017566697514,9.666800823928458,8.518022622460256,1.1633627154942858,0.1787870328936442,0.5089199395250891,6911.803412961654,2.2130935659391344,0.4279232094878044,1.928931172303412,0.8408458310498332
154.59950028322308,128.1575514145967,140.79006560617853,370.4874571775608,57.595610591497056,179.19576934203076,31.673433032688852,18.947488993215288,24.91802876826894,34.268640079101225,57.598353185381185,161.95718330764612,150.87505702418,85.57046022049639,102.32372135786987,38.63875729309148,9.857558974193301,8.908470198471505,0.9490887757217954,2.385813461524656,0.9509630419190451,0.22453680825470998,0.07997082415252395,11.956283664310046,4.81780299754461,4.015564630096327,3.1229160366691073,1.14731760892596,127.92972020451644,0.19653265697957495,32.14116650352631,35.563938572560936,120.04008016032064,$HR$,[bpm],9.260053229896595,13.356494657417802,11.536340677099426,11.47636943882857,11.493341037902631,2.070017922338846,4.002420524702989,13.656385460268728,11.677648409719925,12.245520430200143,16.42798216276353,9.66415713903164,8.518086316266931,1.1633041772512636,0.17827962395220984,0.508920137875436,6913.78171228592,2.2211713512661837,0.4289714001688552,1.9359690237348417,0.8429051402046324
154.60114158145652,128.22622011372167,140.82661171351828,370.75454741173195,57.4491293260508,179.1700274586493,31.669560891552287,18.96359093388093,24.923694662311043,34.26850580084309,57.45218871018824,161.80149919580577,150.86943059086184,85.62049798739956,102.18891377174612,38.66160425677244,9.849535211092226,8.901835126199572,0.9477000848926544,2.381051462600557,0.9530278569927658,0.2239891300441148,0.0799539938959887,11.926614713722524,4.80593794490882,4.005657386279341,3.115019382534363,1.1473194392273554,128.0686332110363,0.1959764633440409,32.06402886738939,35.50782223634521,120.38076152304609,$HR$,[bpm],9.267432801000835,13.354035579808372,11.536403656720733,11.476631833308506,11.493508342879936,2.068920424573885,3.995790133613473,13.658472141441836,11.680711886996614,12.247466048378024,16.435852695953862,9.661707579159245,8.518204391285897,1.1632774034512494,0.17752575305465282,0.5089212847403087,6915.769937105955,2.229252813984119,0.430017976737313,1.943009712696383,0.8449597012959316
154.60231100730803,128.29413960812542,140.86255398836045,371.01865908833713,57.30318613185203,179.14373773765018,31.66557677405284,18.979580822087417,24.929231417259874,34.26820186942711,57.30641833818793,161.64599425452823,150.86346759553032,85.67030234367904,102.05438942380435,38.68434995675191,9.841468557657446,8.895158083642405,0.9463104740150419,2.3762883061832065,0.9550767684681782,0.22344165338435118,0.07993658808517806,11.897094532684703,4.794135632995062,3.9958042651991494,3.1071546344904895,1.1473212395225527,128.20632705211756,0.19542340891561316,31.987267238875283,35.451802318066164,120.72144288577155,$HR$,[bpm],9.27473290689276,13.351543420399487,11.536448661744107,11.47687479855811,11.493656653737867,2.067815744163833,3.9891605532381593,13.660508275056973,11.683733070985742,12.249372074364851,16.443645033388076,9.659260004676067,8.518310171163458,1.163254152219103,0.17702476736376155,0.5089224332419007,6917.723311789111,2.2373333091308503,0.43106537152529356,1.9500495868636547,0.8470158581521987
154.60250592199267,128.36097677255768,140.89745630189583,371.2783671994447,57.15755369919434,179.1160560529228,31.661341436099114,18.995373372930025,24.9345199886225,34.26761426475348,57.160930149353156,161.49036727015528,150.85632064228489,85.71942761829689,101.91999489688031,38.70672772094748,9.833275427972849,8.88836142227921,0.9449140056936378,2.3715031928835706,0.9570990112949705,0.22289288629351192,0.07991768512666603,11.867633485207755,4.782353588762304,3.985970016476833,3.0993098799686187,1.1473230072995462,128.34208372837057,0.1948734671921294,31.910904560284752,35.39587599904912,121.062124248497,$HR$,[bpm],9.28191554372986,13.348934141197187,11.536454663050208,11.477076951328264,11.49376448102094,2.066704144820908,3.982538428167597,13.662417593652632,11.686641660020863,12.251166612236066,16.45126918567009,9.656832465405289,8.51835403757409,1.1632294224005357,0.1762786707043308,0.5089235777017451,6919.614867672004,2.2454089691067307,0.432111920769385,1.957085280100631,0.8490703510353461
154.603655030433,128.4282829653935,140.9330639969326,371.5407101803852,57.0130555441894,179.0901538930324,31.657362839993343,19.011204731351285,24.93997278999059,34.2672426462312,57.01628697912848,161.3359515765275,150.85093041602659,85.76955788275481,101.78696932802636,38.72945974971111,9.824112326280149,8.88173961972759,0.9423727065525593,2.366775659382501,0.9591347551409098,0.22234873374644232,0.07942878924240293,11.838412660792429,4.770669692768208,3.976218367481935,3.0915246005422876,1.147324754885862,128.47860049508708,0.19432661196890952,31.834835307720134,35.34010022067747,121.40280561122245,$HR$,[bpm],9.289190726182868,13.346471216541758,11.536538737452087,11.477355700257116,11.493949839400626,2.065616061997246,3.9759631333254415,13.66447751314918,11.689674376483769,12.253095296956015,16.459115601340915,9.654599826662977,8.518510583214246,1.1632234007898905,0.17603123119829972,0.5059237472795023,6921.5448995330535,2.253494384203045,0.4306062936073297,1.9641294887141405,0.8511288428796311
154.6037386740129,128.49436516782976,140.96753241840807,371.7987804744746,56.86892258942723,179.06297547372796,31.65328951219385,19.02699110932554,24.94529650517686,34.26677897100398,56.87228310173209,161.18198074659497,150.84461579285792,85.81909658511923,101.65446256364505,38.75232898282749,9.773755903592766,8.832763676175388,0.9409922274173792,2.3620298219226736,0.9439716724575653,0.22180602203084415,0.07941033057784655,11.809215669560896,4.758991029051081,3.9664690236288465,3.083755616880966,1.1268268468804772,126.31527581328702,0.19402936035919194,31.7591743569407,35.28451681651985,121.7434869739479,$HR$,[bpm],9.296328050670569,13.343915063401507,11.53656024142694,11.47757103220989,11.49407257511849,2.064520903117634,3.9694100630387292,13.666422333454927,11.69261314790572,12.254935278960518,16.466819912366105,9.65242147358255,8.518616332106228,1.1632239811337222,0.175538633514288,0.5059237472795023,6923.420936488385,2.221165270269616,0.43164644893135673,1.9711682202271985,0.8531847956385602
154.60418200423214,128.5604864249638,141.00218136792333,372.0569609529588,56.725609440420655,179.03651796539344,31.64932200466509,19.042654367279308,24.950664303593545,34.26639292072355,56.729049692468315,161.02889972820122,150.8391291708142,85.86910627841434,101.52289840060676,38.77549479799027,9.765633348369922,8.826012349205728,0.9396209991641942,2.3573126754849154,0.9459443770377389,0.22126652778177744,0.07939241496789497,11.780244771604815,4.747408571900969,3.956801729535718,3.0760344701681293,1.1268268468804772,126.44719326443405,0.19348791270224738,31.683820756269025,35.229110916252054,122.08416833667334,$HR$,[bpm],9.303489638020354,13.34141551412092,11.536637477687727,11.47784023688559,11.494249613285874,2.063443432970611,3.9628823117136913,13.668422196945258,11.695600489530605,12.256831112907125,16.474580156027955,9.650298282744135,8.518778926951967,1.16323458337671,0.17480293002706213,0.5059237472795027,6925.298851924702,2.229102419732352,0.4326874824451594,1.978212026012186,0.855242484211987
154.6053260999805,128.62711993635833,141.0373661724056,372.3153080029295,56.58296093706994,179.0105303954127,31.645064875901074,19.058225462085314,24.955789096695103,34.265635560951544,56.58553522511413,160.87508361390755,150.83384140555398,85.91938186456997,101.39150478950334,38.79823527404345,9.757550184895292,8.819313930757165,0.9382362541381266,2.352618305716743,0.9479158124772269,0.22072323220080253,0.07937280606672859,11.751441081382533,4.735887382426987,3.9471882862586227,3.068365412696921,1.1268268468804772,126.57888849795619,0.19294947850418906,31.60873319132958,35.17358558825473,122.4248496993988,$HR$,[bpm],9.310658818662137,13.338931689987872,11.536617342036699,11.477982502579428,11.494334091516455,2.062354966465601,3.9563532833850057,13.670433705082065,11.698593442888974,12.258732449101343,16.482325263441673,9.648157937828259,8.518974048389344,1.1632316267990026,0.17431649201585567,0.5059238738977218,6927.160488267741,2.2370495711373932,0.4337313628477094,1.9852647079988126,0.8573055853367243
154.60508691396794,128.69192208441683,141.07106605649662,372.5697357002524,56.4408876960091,178.98366835136636,31.641191486713215,19.07382289324156,24.961124969280323,34.26530682692975,56.44386656058737,160.72368759152974,150.82832178791116,85.96924548116759,101.26182903031618,38.82150903090595,9.749425263834347,8.812546043202728,0.9368792206316199,2.347917824552859,0.9498651198384942,0.22018964042653907,0.07935475820420071,11.722621729124747,4.724356756694386,3.9375605735177617,3.0607043989125966,1.1268268468804772,126.70897095657263,0.19241403267745527,31.534099292908046,35.11857362558548,122.76553106212425,$HR$,[bpm],9.31771562043843,13.336409149276529,11.536665032927893,11.478133463233437,11.494481385866093,2.061289004419443,3.949901515904213,13.672378848447803,11.701541421583483,12.260602022360391,16.490038591871695,9.646297219362376,8.519142809020781,1.1632718467536567,0.17358826327953397,0.5059250327113093,6928.995551618272,2.2449854374904197,0.4347710469831258,1.9923073750909184,0.8593586378858123
154.60446681742835,128.75615723895743,141.10427397377975,372.8217696756084,56.29931973577723,178.95628994737424,31.637098694170362,19.089212231947307,24.966250559258498,34.264731426048634,56.30236098535245,160.572039490244,150.82230699114592,86.01883344876772,101.13237200284719,38.84470303605259,9.741256065336533,8.80574052664853,0.9355155386880032,2.3432169269465004,0.9517995473008694,0.21965443602255033,0.07933562035468676,11.693950334543699,4.712887068788908,3.927987567337883,3.0530756984169063,1.1268268468804772,126.83792855376804,0.1916377364980716,31.45981611058946,35.06361453967411,123.1062124248497,$HR$,[bpm],9.324724557453553,13.33383689882224,11.536709949388626,11.478279113147138,11.494624329267696,2.0602191421479747,3.9434501057459164,13.674263714684082,11.704436774338474,12.26242014353704,16.497700727577858,9.644454210526124,8.519269036765156,1.1633106308207493,0.17310787902497562,0.505926191897209,6930.796014767125,2.2529211569347747,0.43581170147590087,1.9993499118092477,0.861413598378094
154.60448131637185,128.82059572771433,141.13790037071007,373.07538554198686,56.15873619989907,178.93020733299932,31.63330698175256,19.104812685826698,24.971583657979426,34.26445210110636,56.16197033723865,160.4219641960652,150.81776899252174,86.06871478535808,101.00446822012574,38.868383009150506,9.733235687225902,8.799064897827462,0.9341707893984401,2.3385614248643987,0.9537413791305052,0.21912556940511405,0.07931784091945511,11.665434165444816,4.7014766448833205,3.9184616885223678,3.0454958320391263,1.1268268468804772,126.96724802718492,0.19110886612137237,31.38583307813669,35.0089033123908,123.44689378757515,$HR$,[bpm],9.331778664373076,13.33137780505519,11.536810163404722,11.478480602631427,11.494822678955847,2.059177071238776,3.9370603753660207,13.676271701344568,11.707429093348766,12.264347651901815,16.505490416822642,9.642803021405784,8.519482676937095,1.1633742829264677,0.17263014624195216,0.5059273474593341,6932.621542913392,2.2608636984856707,0.4368526604299735,2.0063985027909803,0.8634691574269708
154.60328675237568,128.88377541136316,141.17027729384847,373.3235967312219,56.01833660468517,178.90234081219327,31.629089708709298,19.119979428795833,24.976524610726777,34.263662026496085,56.02122158444088,160.2708582582186,150.8116091721748,86.11767269970053,100.87587620671599,38.8916657675327,9.723862882069168,8.792234735313468,0.9316281467557004,2.333874623894049,0.9556516912740273,0.21859153511293775,0.07881828064141203,11.63701806158056,4.69010867550115,3.9089769857452867,3.0379324003341224,1.12682735133814,127.09436844717709,0.19058290680065626,31.31224351250477,34.9540909640497,123.7875751503006,$HR$,[bpm],9.338680965544782,13.328773884563127,11.536861183860688,11.4786283815544,11.494969160154017,2.058104815430875,3.9306382401055235,13.678118154099838,11.710280335882741,12.266130718843852,16.513059132027454,9.641037310375488,8.519613207075603,1.163419878171975,0.17215504303876075,0.5028695220844427,6934.3740522473,2.268799399454988,0.4352475769740923,2.0134401217371263,0.8655278513797159
154.60207005209153,128.94657107302592,141.20243211405824,373.57098073571854,55.87868464617534,178.8747964971923,31.625092146698805,19.135278561624457,24.98158321687218,34.2630899019439,55.881744253275976,160.12131980648576,150.80600887138513,86.16689218192037,100.74866405486824,38.915480435013,9.715723609506451,8.78544132986077,0.93028227964568,2.3292084224337564,0.9575563458023298,0.218063426666773,0.07879928863634895,11.608739192867732,4.678798197681497,3.8995366474644104,3.030404347721827,1.1268289691334812,127.22104897526967,0.19005983456694445,31.238992714690482,34.89962755791154,124.12825651302606,$HR$,[bpm],9.34558688510781,13.326204725839762,11.536912142821834,11.478777616255682,11.495116364128613,2.0570563684157834,3.9242590637578787,13.679983511448006,11.713154873131883,12.267946332543131,16.520653912857448,9.639377584586978,8.519778330967045,1.1634953230830132,0.17168254776403377,0.5028695220844424,6936.123701370943,2.2767366444080643,0.4362813550999405,2.0204811082899736,0.8675836095445046
154.60118268061822,129.0093194574372,141.23470344732297,373.8186916496138,55.73980473790196,178.84783389986563,31.621220677165496,19.150512114341616,24.986712854997634,34.262685779450194,55.743053202263425,159.9727304723076,150.80116163903824,86.21654922270857,100.62287910493923,38.939293955393815,9.707659886858782,8.778713129613035,0.9289467572457462,2.324570170081272,0.9594595574037016,0.21753910389901865,0.07878071611957731,11.580541362858252,4.6675107123516115,3.8901142491259635,3.022916401380677,1.1268305642673213,127.34750681025609,0.18953962571367794,31.16604966494025,34.845347102400645,124.46893787575151,$HR$,[bpm],9.35248545925326,13.32368566339841,11.537009658878196,11.478972557721765,11.495309216585255,2.0560248548954054,3.917943817627944,13.681900776229691,11.716075879152681,12.269816308139637,16.528354224419616,9.637972927267375,8.51999713948925,1.1635865508273684,0.17121263900344955,0.502869522084442,6937.874293128439,2.2846780215514877,0.43731529598398106,2.027525782491543,0.8696396913681854
154.59944156271052,129.07106246451636,141.2660476764234,374.06209202479477,55.60127722861631,178.819747462499,31.617122513242325,19.165580219455126,24.991607530715548,34.26194176415576,55.60444203665594,159.82389548314643,150.79535994785257,86.26557239199742,100.49666805011046,38.96288177917397,9.699495596193037,8.771891536777781,0.9276040594152548,2.319916579709381,0.9613401425580103,0.21701305165133403,0.07876095624104597,11.552499959204848,4.656293973969045,3.880754327274039,3.015451657961761,1.1268321332332285,127.47233796392904,0.18902225679313645,31.093477100607515,34.79106917558487,124.80961923847696,$HR$,[bpm],9.359282688780665,13.321075439910855,11.537058530272501,11.479116500626416,11.495452052376676,2.05497807619253,3.9115996852012778,13.6837074996595,11.718902566863655,12.271592471930228,16.535929944957747,9.636499223245144,8.520163636774516,1.1636636385946515,0.1705048092446994,0.5028698224862361,6939.574240076601,2.292615283634579,0.4383505855774104,2.034566832112215,0.8716979344876244
154.5971135563731,129.13194510084023,141.29670101608318,374.30297717943233,55.4632334767407,178.7910285750868,31.613027849316875,19.180568215902483,24.99644945321817,34.26123222395892,55.4666596088725,159.67577649179267,150.78914751471177,86.31435475205647,100.37136023936087,38.986787200151625,9.69128995975957,8.765023256938493,0.9262667028210778,2.3152610502532642,0.9632036883396193,0.21648945437676423,0.07874091262367389,11.524513482497412,4.645095095106316,3.871407852338425,3.008010535052669,1.1268336780306285,127.59591737021724,0.18850770461291497,31.02126203913404,34.73705331360858,125.1503006012024,$HR$,[bpm],9.366023299192161,13.318422431479316,11.53709727672881,11.479249454017799,11.495584123301798,2.053937458050251,3.9052905499186723,13.685453136299968,11.72168046912219,12.273326968637182,16.54342378416507,9.635123074820086,8.520313862513092,1.1637578275076834,0.1700406648480365,0.5028709944918391,6941.24034192877,2.3005495599842085,0.4393840667874594,2.0416052562476548,0.8737510645875798
154.59507257719181,129.19278348249387,141.32746935069667,374.5438048539179,55.32598062717041,178.76296911430018,31.60901931100925,19.19550278922115,25.001330161890397,34.2605512587097,55.32946177141149,159.5284449916854,150.7838205118403,86.36363900425931,100.24711601659094,39.01095702434509,9.68316314347002,8.758226214030229,0.9249369294397922,2.3106346035728005,0.9650671094476178,0.21596858552463985,0.07872122319072282,11.4966612891324,4.633947039674768,3.862103378205737,3.0006108712518946,1.1268352028545274,127.7193681592953,0.1879959462324583,30.94935203934504,34.68313238701427,125.49098196392787,$HR$,[bpm],9.372754536684678,13.31582295129074,11.537156678741695,11.479403640996662,11.495737025354327,2.0529121013382867,3.8990217106452643,13.68725846531366,11.724511013741326,12.275120069116623,16.550983824742502,9.633860220936924,8.520523237217015,1.163866555026505,0.16933985996511508,0.5028721634294474,6942.911637020864,2.3084881047110213,0.4404190240613076,2.0486474853315735,0.8758071257270896
154.59286100722534,129.2532112515369,141.3579363562307,374.78336010078056,55.18931387975237,178.7348150091176,31.60499138244884,19.21046610797144,25.006154356191118,34.25988274322579,55.19286644609178,159.38161948331717,150.77840294121287,86.41282927103454,100.12354815599454,39.035302070536375,9.632230432340847,8.708619330509126,0.9236111018317212,2.306018282675587,0.9495180305395052,0.21544941443915624,0.07870143996398245,11.468944905562621,4.62285434303322,3.8528462022978633,2.993244360231539,1.1065558328578007,125.54114199034689,0.18772549198631802,30.87776372887233,34.62937986514119,125.83166332665331,$HR$,[bpm],9.379454927524936,13.313217793082336,11.537231405515628,11.479571404244643,11.495904128898967,2.0518874686800896,3.8927741298478753,13.68905488296796,11.72732222400241,12.276898775452835,16.558497905916223,9.632646568394593,8.520735262999354,1.1639853953964092,0.16888138287968635,0.5028733315232714,6944.563163345995,2.2747364148044773,0.4414540371210942,2.055690591707174,0.8778632897152652
154.59019648537586,129.3129646211697,141.3878370699378,375.0204020747283,55.053176297729976,178.70629054052077,31.6009231726193,19.225184181634912,25.0108886067828,34.25908434771197,55.05677830925883,159.2351332111544,150.77280971535788,86.46187498517872,100.00038736613791,39.05934340245781,9.62279882441087,8.701711754486336,0.9210870699245335,2.301405021046293,0.9513233344359581,0.21493123590849736,0.07819358926407723,11.441339225104123,4.611806549545657,3.843627270467776,2.9859054050906932,1.1065558328577962,125.66043002968085,0.1872186093046523,30.80651281564537,34.57577307154356,126.17234468937876,$HR$,[bpm],9.386112264413455,13.310580755386733,11.537291333557212,11.479723178176991,11.496055604806305,2.0508639429263678,3.8865358518103257,13.690808942086166,11.730099853217459,12.278647838186982,16.566028590992918,9.63154294041671,8.520941455296882,1.1641088319852133,0.16866327064421663,0.49975752259869677,6946.188336082323,2.2825282477818134,0.43974635736415196,2.0627321098538203,0.8799194358846429
154.58877690029954,129.37371082765628,141.41878671306833,375.259545910812,54.917851157951176,178.67902617383163,31.596817449250587,19.239966106980475,25.015582476435007,34.25823781460245,54.920800305022276,159.08887073333224,150.76825749382317,86.51159583612557,99.87806782439678,39.08342173856726,9.614691875348232,8.694929213084016,0.9197626622642163,2.2968331613901847,0.9531380634407166,0.21441324113290308,0.07817320694198156,11.413938062041945,4.600838125798368,3.834474471789818,2.97862546445376,1.1065558328578005,125.78022682815177,0.1867144565471394,30.735477092047276,34.52208822142031,126.51302605210421,$HR$,[bpm],9.392796203340133,13.308022097000851,11.537286806251432,11.479820641385253,11.49614816003029,2.049847791039852,3.8803190161605032,13.692657594690116,11.73295322494235,12.280477681493753,16.573661883012015,9.630506590707814,8.521225896102754,1.1642371809552015,0.16797183638548246,0.4997575225986971,6947.823534271459,2.2903340931237604,0.44077766326522766,2.069786291043918,0.8819830484456159
154.586047833136,129.4328713353524,141.44834317880012,375.4946094350174,54.782978515186485,178.6507157600949,31.592897297209447,19.25469576854373,25.020357543425977,34.25757970295888,54.78619279842761,158.94414739297167,150.76340117985248,86.56083539292796,99.75691418928979,39.10808355186862,9.60651875414314,8.688063694063104,0.918455060080037,2.2922508089907994,0.9549295544494866,0.21390122443778684,0.07815367803377292,11.386557194688404,4.589876703054713,3.8253259395553294,2.97135455207836,1.1065558328577965,125.8983777920945,0.18597640052253614,30.66485252079988,34.46883304421072,126.85370741482966,$HR$,[bpm],9.399395579262565,13.305420131470651,11.537374612313709,11.479999395713143,11.496326571621562,2.0488464310361074,3.8741556303690015,13.694436992901048,11.735756878975875,12.282266489941897,16.581205760127947,9.629624436532968,8.521485278448758,1.1643946103058083,0.16752072718823868,0.49975752259869644,6949.423927878365,2.2981294775199923,0.4418054411839908,2.0768310186254517,0.8840396016184814
154.58306965763143,129.49143808561175,141.47751272357914,375.72831286381944,54.648756720541904,178.62245645161286,31.589053799519593,19.269378500819972,25.025139816866556,34.25703737217587,54.65223648702251,158.80026080179627,150.75852164186037,86.6096731760148,99.63672257970633,39.13301542504885,9.598370125640177,8.681214698780648,0.9171554268595274,2.2876833011872657,0.9567129178292583,0.21339225786805477,0.07813433841630593,11.359254581174365,4.578943181433229,3.8161988341469333,2.9641125655942027,1.1065558328577965,126.01588270508783,0.18547827561173055,30.594561180131198,34.41570952785508,127.19438877755512,$HR$,[bpm],9.405971141363668,13.302815328861909,11.537456247558401,11.48017220658252,11.496498784520028,2.0478539856886204,3.868030114084174,13.696196999027471,11.73854653091425,12.284048409176489,16.58872814801226,9.628854267730581,8.521724126092806,1.164561725671971,0.16683605707060242,0.49975823035373224,6951.0152085226355,2.305924055134447,0.44283384849930074,2.08387501711428,0.886096159308592
154.5806927028905,129.55027195391702,141.5071056777786,375.9632576243896,54.51532743069729,178.5951098776605,31.585060893399284,19.28407889878817,25.029786588239013,34.25621229507775,54.51821485742693,158.65588348319952,150.75455912455996,86.65911389308003,99.51649016019319,39.157740484117014,9.590305594049129,8.674457829879113,0.9158477641700149,2.2831489801835976,0.9585005441575054,0.21288071995234376,0.07811430613302817,11.33225531387642,4.568142224960949,3.8071902036283682,2.9569228852871023,1.1065558328577965,126.13355864229413,0.1849828119590908,30.52453534032419,34.36255476980153,127.53507014028057,$HR$,[bpm],9.412556017707574,13.300273190730035,11.537598402049792,11.480401651376404,11.49672920454953,2.0468602954975954,3.86188099693874,13.6980327487501,11.741395281571902,12.285890358236072,16.596324823741334,9.627996605111163,8.522031420216612,1.1647172075534684,0.16639039192757912,0.499759416316165,6952.61610759434,2.3137265166872867,0.4438660789251267,2.0909261403573693,0.8881595112243403
154.57733850609281,129.60796828991923,141.53565272032057,376.19348871102324,54.38219783773387,178.56648850596045,31.581190263848512,19.298556024706073,25.03446613304855,34.255594330971164,54.38537496679721,158.5130370995634,150.7496987110909,86.7079110979306,99.39786778030178,39.18281338742897,9.582154810811605,8.667599313610468,0.9145554972011365,2.2785986506354448,0.9602628589623066,0.21237514241553002,0.07809457189387504,11.305150631645958,4.557283087886507,3.7981256929330875,2.949741850826365,1.1065559014566846,126.24946491882669,0.18448998829457042,30.454873303911455,34.30971733425137,127.87575150300601,$HR$,[bpm],9.419043020003459,13.297641445135971,11.537698095649679,11.480590485656343,11.496918071221629,2.0458789769125927,3.8558112751061016,13.699756545602298,11.74415689000565,12.287653043059972,16.603860907861737,9.6274710838648,8.52228559553733,1.1649048141893368,0.16594710143035787,0.4997605917088519,6954.164416885367,2.321521930679063,0.44489456640761643,2.097970764624707,0.8902153827022858
154.5739395613009,129.66533284938214,141.563981751025,376.4231922724409,54.2497160769796,178.53803662516717,31.57736482542673,19.313112887011734,25.039136810575837,34.254963212068446,54.2532020967011,158.37084623477026,150.74527324714973,86.75690246738056,99.27952898004581,39.20794307630391,9.572811997629719,8.660762715273377,0.9120492823563422,2.274063993324806,0.9620184112578674,0.21187148880612885,0.07757943898100211,11.278267126981328,4.546523792409017,3.7891460930308685,2.9425972415414434,1.106557323904164,126.36489805913362,0.18399978357418784,30.385522940903915,34.257063965090964,128.21643286573146,$HR$,[bpm],9.425514468248648,13.29503618808431,11.537799289939406,11.48077974634133,11.497107792589501,2.0449027211587696,3.8497363898659067,13.701509158408086,11.746933760258308,12.289436091246065,16.61139622692105,9.62690712426053,8.52256898681192,1.165100966959486,0.16550616665006465,0.4965880705420734,6955.705079369048,2.329319067399792,0.4430919741430183,2.105014369415107,0.8922726912455651
154.56936201389186,129.7213903986867,141.59105196812004,376.6473222986431,54.11742501674437,178.50790296943825,31.573321189693267,19.327356995815997,25.04357321849984,34.25409593631335,54.121234539577664,158.22852525300436,150.73938781456093,86.80505926799309,99.16157029471046,39.23310392536393,9.564544151470876,8.6537869467099,0.9107572047609773,2.2695028605220005,0.9637438657828375,0.21136698786820363,0.07755870512406357,11.251352075219192,4.535742809994472,3.780147891258256,2.9354613739664623,1.1065587218250537,126.47824979729761,0.18351217697703104,30.316542918556184,34.20447384758143,128.5571142284569,$HR$,[bpm],9.431835730135935,13.292295915234302,11.537844649922416,11.480911787064947,11.497240583585839,2.043919429031328,3.8436810306061577,13.703110594849617,11.74958233204592,12.291092804367148,16.6187491156946,9.626424237045992,8.522776647534677,1.1653005633703615,0.16506756885847446,0.4965880705420733,6957.179989627557,2.3371076831198865,0.44411303735755914,2.112050302459576,0.8943288486023584
154.56422647047393,129.77675390005766,141.61748098509776,376.8682993460382,53.985519277342085,178.47697247271765,31.5690154483213,19.341459391462188,25.047773916357784,34.2528540152506,53.989137182159354,158.08563300530528,150.7329386226237,86.85284686447784,99.04331014436791,39.25801820703282,9.55620564611227,8.646750547039266,0.9094550990730035,2.2649351126810524,0.965451288554422,0.21085968564073757,0.0775366960962557,11.2245721438394,4.525018952312809,3.7712018457740046,2.9283513457525836,1.106560098817785,126.59031696809038,0.18302714790230934,30.24789054262696,34.15183034396775,128.8977955911824,$HR$,[bpm],9.438091001760917,13.289487025373253,11.53787198308327,11.481022620629002,11.497353390234363,2.042925529782393,3.837606855492778,13.70464088200452,11.752168559610512,12.292686406692239,16.625999328438965,9.625885273963716,8.522957377971048,1.1654884387212299,0.16439843055856285,0.4965880705420737,6958.6144286946765,2.344893939386831,0.4451364940988577,2.1190841255635764,0.8963898259032851
154.55962001738664,129.83228517815294,141.64425122354237,377.0906915423662,53.85445616079375,178.44709669079472,31.564866671027634,19.355624356559506,25.05206672534326,34.2518163475872,53.857855872602585,157.94385851249055,150.727456124872,86.90123460214757,98.92629610844219,39.28332192031055,9.547985719620394,8.639820836528465,0.9081648830919291,2.2604053665316433,0.9671640792116352,0.2103563333515783,0.07751557034432784,11.197973957562702,4.514370241814327,3.7623182332223473,2.921285482526029,1.1065614588350918,126.70263593137832,0.18254467596645274,30.17950819009983,34.09936693951502,129.23847695390782,$HR$,[bpm],9.444378784931844,13.286758480549976,11.537942937818414,11.481177369696342,11.497509871121794,2.041943673615813,3.831569673111971,13.706250204362414,11.7548234055796,12.294356631867982,16.63335597644546,9.625439155789799,8.523207480824304,1.1656972121411837,0.16396506518106313,0.49658821970469735,6960.067891401983,2.35268620210519,0.4461608111365545,2.1261233918104545,0.8984522657461947
154.55531607417376,129.88775035248625,141.67116181810422,377.3131290111459,53.72412715651868,178.41786472125898,31.56100455167717,19.369788395180574,25.05653062089361,34.25104738265733,53.727727972628585,157.80366498604477,150.72296554234765,86.95008675715529,98.8108210684823,39.309029424519636,9.539853351354271,8.632961036654342,0.9068923146999299,2.2559038879767193,0.9688770212323632,0.20985904260031082,0.07749555687120538,11.171476449292996,4.503757918136637,3.753461910143624,2.9142566210127363,1.1065628015189655,126.8148646028231,0.18206474100025577,30.11140573868627,34.0471990795524,129.57915831663325,$HR$,[bpm],9.450669147978758,13.284091463776017,11.538056554290256,11.481375181740205,11.497709103846343,2.040987432879442,3.82559454023564,13.707921813222795,11.757535610558262,12.29609395933172,16.64084630600504,9.625266404613921,8.52351480983053,1.1659352676741632,0.16353397855748164,0.4965894122102486,6961.52717823747,2.3604825488064884,0.447184204524389,2.1331663648608847,0.9005109523661327
154.55092352103034,129.94283299338483,141.69785032304165,377.53489644478424,53.594409447775135,178.3887546071682,31.55719814801083,19.384017128674763,25.06099676411296,34.250363626684766,53.59826878281795,157.66421148734463,150.71862778956495,86.99903662142123,98.69618003119211,39.33479848638841,9.531749743653576,8.62612276323872,0.9056269804148549,2.2514178308985526,0.9705832923692201,0.20936435339069848,0.07747588255029941,11.14509946820525,4.493194156842757,3.7446459066149327,2.9072594047475624,1.1065641261908803,126.92655709405014,0.18158732304606723,30.04360312161827,33.99520301861286,129.91983967935872,$HR$,[bpm],9.456948644960526,13.281437109325767,11.538185366870293,11.481587233961475,11.497922895150948,2.0400428962128534,3.8196457643393065,13.709594574083363,11.760250999134986,12.29784017295858,16.64833404786126,9.625185058652086,8.523841628044686,1.1661809114131332,0.1628741256329229,0.49659060518983716,6962.977083164854,2.3682797963793822,0.44820794880928727,2.140210169772717,0.9025703348494599
154.54676975193397,129.99807678059727,141.7246716693369,377.7548191126943,53.465097414698945,178.35940958923766,31.55296607545438,19.397904837327832,25.06511866353756,34.24910318186374,53.468123058232024,157.52342241262426,150.71402718724786,87.04788551504716,98.58096989462348,39.36003240878363,9.480259394970814,8.575917610435669,0.9043417845351442,2.246936106422327,0.9546564181450182,0.20886371560750724,0.07745408298401485,11.118874677929803,4.482690509762352,3.7358834257268194,2.9003007424406313,1.0865081562520897,124.73486023902102,0.1813428252587832,29.976045299672865,33.94296685490689,130.26052104208418,$HR$,[bpm],9.46318053277277,13.278746137895292,11.538162911559052,11.481657664670575,11.49799077385498,2.0390711058761712,3.8136661487575783,13.711235190177039,11.762929964703634,12.299548101776006,16.655746817160065,9.624975263372669,8.524166788270556,1.1664005014814274,0.16244814715049832,0.49659179223339606,6964.391446804472,2.3330147380359616,0.4492362454551933,2.147259295396085,0.9046388854611881
154.5424787109188,130.05274843239798,141.75118852130865,377.97486162720014,53.336603755343404,178.33073745649207,31.549324043485917,19.412048406730232,25.06963594801764,34.248572174232365,53.340070751144076,157.38559666863787,150.7105169140686,87.09709133186425,98.46839546638388,39.386481516411166,9.470913481533637,8.569060320715586,0.9018531608180513,2.2424848321087936,0.9563201763121767,0.20837489811338686,0.07693126482078037,11.092706949641077,4.47220568816241,3.7271318016078645,2.8933694598708004,1.0865081562520895,124.84350576735487,0.18063995938432623,29.908811299766036,33.891329244979836,130.6012024048096,$HR$,[bpm],9.469416622230336,13.276136299261832,11.538331960105836,11.48190954562676,11.498244255866359,2.038144613285407,3.807793453750032,13.712954609989398,11.765682295772807,12.301344088579434,16.663268950154944,9.625117402633412,8.524556845400697,1.1666797771864097,0.16225421288210473,0.49336155198864395,6965.824582636732,2.3406722021524984,0.44733028410105574,2.1543070695637008,0.9066987127350212
154.53739213563495,130.1064710050204,141.77683119343465,378.19166043412145,53.20848033252534,178.30116031916427,31.54537287536909,19.425993834654843,25.073869421859936,34.24761188460156,53.21171472394518,157.2470243379768,150.70621375589778,87.14550119453352,98.35507041426216,39.41251165178283,9.462724998691582,8.56213405479662,0.9005909438949631,2.2380250170760503,0.9579644360933074,0.20788229387179535,0.07691077275217342,11.066682639653523,4.461784696861436,3.718438421471074,2.886459521321012,1.0865081562520857,124.95078521245628,0.18016997479455982,29.841914790279887,33.83956863283803,130.94188376753507,$HR$,[bpm],9.475576138005527,13.273437309438568,11.538453846144394,11.48211110201953,11.498448537119021,2.0372048406978065,3.8018836465038954,13.714587631171414,11.768353358177759,12.30305738895114,16.670684915187888,9.625131414761354,8.5248970365548,1.166938814074626,0.16160283998748684,0.49336155198864406,6967.218647148709,2.3483246360651315,0.4483495984814158,2.1613502140339995,0.9087647723544856
154.53158510969556,130.15934032794874,141.80168366106017,378.4044832407366,53.08066805989949,178.2705468637657,31.541513074346753,19.439789432813743,25.078116977395872,34.246798554815435,53.08445223537834,157.10969239060418,150.70122609842164,87.193397444756,98.24327340669397,39.43908348313862,9.454469586977968,8.555128202858773,0.8993413841191942,2.233553842313207,0.959587703564343,0.2073944848505688,0.07689063064503862,11.040615941212657,4.45133581958666,3.709716479028035,2.87956364259796,1.0865081562520855,125.05660474349969,0.17970242944705445,29.77534370860696,33.788145993819676,131.28256513026054,$HR$,[bpm],9.481635263306998,13.27067030082448,11.538551774062721,11.482290124176378,11.498629563601149,2.0362732116245397,3.796037681056306,13.71613892654377,11.77095891893334,12.304711989838708,16.67806148584868,9.625434956812432,8.525180270136834,1.1672301840939594,0.16118347679411374,0.4933615519886437,6968.566261731495,2.3559726980522955,0.4493655998425869,2.168389334673044,0.9108241167786226
154.52542578107204,130.21161304254215,141.82606519522474,378.61583424187523,52.95341333683173,178.23980306757701,31.53756171426869,19.45361138003808,25.08225886427726,34.245825791275074,52.95735488859444,156.9723712326345,150.69627243971013,87.24129114399628,98.13143562041327,39.465273362532024,9.446212286051752,8.548122706186458,0.8980895798652944,2.229092608128769,0.9612011748738556,0.20690628332031663,0.07686996865744525,11.01470293709686,4.440954192531098,3.701052821871465,2.8726959226942967,1.0865081562520857,125.16169701229272,0.17923730440128713,29.709084292892324,33.7367362630403,131.62324649298597,$HR$,[bpm],9.487651647748336,13.267899588294668,11.538625879758571,11.482444191216908,11.498786007517358,2.035340352076054,3.7901814819405373,13.717669881182328,11.773548243338402,12.306352382529978,16.6853880251149,9.625702337841643,8.525471026285222,1.1675171773025033,0.16053824719911725,0.4933625324517141,6969.900176278774,2.3636190591936126,0.45038399667189916,2.1754268898881772,0.912886502413879
154.51912243750527,130.2635472169348,141.8502007378492,378.82525445223564,52.826600905578886,178.20871719668264,31.533467550381804,19.46715221385553,25.086238950859638,34.24467073836572,52.83043269230398,156.83495237795265,150.6910675970518,87.2891304567887,98.01992373351526,39.49149618517138,9.437931528487828,8.541097939131538,0.8968335893562913,2.224634894722529,0.9628032919163075,0.2064170476722875,0.07684863905791225,10.98894911610671,4.430639896954636,3.6924495226451235,2.865859696506948,1.0865081562520855,125.26596249027497,0.17877458091232404,29.64310710304706,33.68536916757512,131.96392785571143,$HR$,[bpm],9.493632276726919,13.265095999126736,11.538735139896142,11.482629725717924,11.498975433358936,2.034406606523786,3.7843260872334215,13.7191727828758,11.776111174827934,12.307968848310566,16.69267338256763,9.625959702037552,8.525764119364842,1.1678072781544275,0.1601237976619289,0.49336373365372155,6971.205750766272,2.371266754682411,0.45140392894600606,2.1824656732095833,0.9149515826853096
154.51305522004796,130.31533845745935,141.87440956072618,379.0349510977631,52.70053600460949,178.17835906099367,31.529721091659773,19.480897519709693,25.090452807576803,34.2438982530897,52.70478587446469,156.69946708968573,150.686922832885,87.33747544466966,97.91011912765721,39.51841367493623,9.429750519273208,8.534150601479745,0.8955999177934626,2.22020752801142,0.9644065376307526,0.20593517642823886,0.0768290177967459,10.963265591423411,4.420348844242523,3.6838601617351743,2.8590565854457113,1.0865081980682632,125.37021702944367,0.17831424042830257,29.57740563014678,33.63431085844058,132.3046092184369,$HR$,[bpm],9.499619869889615,13.262363728402935,11.538862339043934,11.482835599343158,11.499184026004661,2.0334992967830967,3.7785416337916837,13.720739488312105,11.778736051875658,12.309657992892397,16.700046177079546,9.626425131364636,8.526116532033827,1.1681315485564536,0.15971148252102418,0.4933649356113806,6972.5238216920225,2.378917303962109,0.45242284702227603,2.1895069988350393,0.9170145958217137
154.50613133834977,130.3661486853502,141.89766335844294,379.240482833162,52.57469803693313,178.14666164010032,31.52544887843697,19.494318625922812,25.094232304065283,34.24249424923237,52.57836666407754,156.56236553903514,150.6813439119441,87.38499936188612,97.79928835549212,39.5447113048401,9.420177750457801,8.527094214769585,0.893083535688217,2.215761666857376,0.9659839489026184,0.20544629271567594,0.07629498195433099,10.937703114098557,4.410109438422242,3.6753215953845713,2.852272080291744,1.0865094360424523,125.4727762002553,0.1778562645879519,29.51203101585301,33.5830175298216,132.64529058116233,$HR$,[bpm],9.50549090495008,13.259501376128116,11.538948185832142,11.48299584673635,11.499348710605643,2.0325603565529398,3.772706970283631,13.722179267430981,11.781244091404306,12.311225330434738,16.707255319446933,9.6267572923023,8.526400666687687,1.1684192825291522,0.15930128533068466,0.4900784185371904,6973.78609832586,2.3865619943667977,0.45042396224276343,2.196540513315477,0.9190854875577066
154.49963593644114,130.4170359407273,141.9211570704833,379.4466296921992,52.44958899268913,178.11574882232404,31.521543720681777,19.507813376758126,25.09824420388412,34.24148458691666,52.45333432892464,156.42715278900158,150.67696723517793,87.43316352206237,97.6904820942684,39.57177906984092,9.411969563014779,8.520120896590434,0.8918486664243452,2.211347428643726,0.9675635049296213,0.20496491282255222,0.07627438247189705,10.91219530693457,4.399883644876119,3.666789144226337,2.8455225178321153,1.0865106581337753,125.57539010369659,0.17740063521815158,29.446912661838347,33.532116000140256,132.98597194388776,$HR$,[bpm],9.511394743103647,13.256725318378539,11.539077031222018,11.48320078867375,11.499557085619708,2.0316517838179617,3.7669558890239028,13.723697864714522,11.783825875717683,12.312876706613388,16.714611522111138,9.627417201033788,8.526755398143171,1.1687448904375637,0.1588931898137134,0.49007841853719003,6975.0595702502005,2.3942111371206427,0.45143667620676137,2.2035781418223865,0.9211519200421671
154.49277216601476,130.4673822626201,141.94418570714294,379.65047050736706,52.32494426675102,178.0844762581167,31.51757763774747,19.521295547576287,25.102160834291666,34.240404956748385,52.32870435568807,156.29225746199256,150.6722579797729,87.4811376163553,97.58185100720272,39.598620277367175,9.403741217592993,8.513125934067398,0.8906152835255952,2.206936211703804,0.9691312411691225,0.20448417524291532,0.07625374488944046,10.88686098827221,4.389736529604377,3.6583243701541015,2.838800088513731,1.0865118641309925,125.67715313024034,0.1769473343315277,29.382091783739156,33.48131584087808,133.32665330661322,$HR$,[bpm],9.517238685132249,13.253912584415941,11.539201740077647,11.483399542551682,11.499760108610735,2.0307473085705725,3.7611965454947325,13.725190482690394,11.786374761992104,12.314498469634986,16.721926092770385,9.628039697528369,8.52710177560922,1.1690769775700527,0.15848717985928185,0.49007841853719014,6976.309703540972,2.4018592832042387,0.45245062943185466,2.210614869930831,0.9232208812262153
154.4858746481067,130.51742083927545,141.96704623568144,379.8539127695704,52.20089377812342,178.05338578600663,31.513705565612575,19.53464121268203,25.106122999881478,34.23941096352457,52.204719771544475,156.15827284698403,150.6679963194723,87.52930265354584,97.4742274895664,39.62571158268151,9.395551612150662,8.506161185290301,0.8893904268603601,2.202543037379345,0.9706932168037047,0.2040066051125139,0.07623340580633166,10.861587672269671,4.379608082325662,3.6498734777104738,2.8321061122335367,1.0865130555404643,125.77845998793634,0.17649634412408602,29.317551894722765,33.43064624100876,133.6673346693387,$HR$,[bpm],9.523062895220246,13.251118938898678,11.539334655294775,11.483606840396503,11.499971332393484,2.0298486093919523,3.7554778730556575,13.726696778728448,11.78893769352578,12.316141606138299,16.729255774932426,9.628814936129915,8.527475742494772,1.1694230185973697,0.15785868946467235,0.4900792168799501,6977.554338679023,2.409507785873355,0.45346506675217774,2.2176519403853763,0.9252893228958506
154.48025105827864,130.5685699902474,141.991016468447,380.05893756918425,52.0774968802877,178.0233672236272,31.50961146553243,19.547964315403497,25.109895403800977,34.238095165850474,52.080365329860726,156.0235509691727,150.66454501642298,87.57816811157662,97.36678053241775,39.65257376572943,9.387456056612514,8.499301886646139,0.8881541699663758,2.1981841607267283,0.9722637606741412,0.20352549182577107,0.07621197564023537,10.836540211065422,4.36957090384703,3.6415019875023704,2.8254673197160227,1.0865142293066685,125.8802391859866,0.17604764697288078,29.25318046302856,33.379810295530845,134.00801603206412,$HR$,[bpm],9.528944583412017,13.248392323606732,11.539381795874336,11.483738728936473,11.500102603481812,2.0289440427722303,3.7497494577663706,13.728287381529752,11.791565490382839,12.31784961060113,16.73666394287366,9.629527577235777,8.527924800765765,1.1697593777131639,0.15745737381925595,0.4900804231766258,6978.802036843363,2.4171714603593903,0.4544844893453203,2.2247029952859863,0.9273671582297083
154.4727931705047,130.61763730153612,142.013110324186,380.25832584699305,51.95439479552781,177.9917830449367,31.505795418226132,19.561237438674237,25.113801395422737,34.237135742829295,51.95760382466535,155.89079162544584,150.66017982345835,87.62609685549045,97.2606316568133,39.68022617431963,9.379253778595412,8.492313445920228,0.8869403326751846,2.193803123662494,0.9738039681749974,0.20305217826031005,0.07619185941252919,10.811448317178808,4.359514116020074,3.633110261799552,2.8188239393591803,1.0865153879269882,125.97997322286587,0.17560122543371925,29.189209696501067,33.3294887292011,134.34869739478958,$HR$,[bpm],9.534681528585823,13.245563442615916,11.539525908813186,11.483955229517896,11.500323739818498,2.0280635664610425,3.7440800265360528,13.729749401689428,11.794093425295403,12.319466590413208,16.743939354209974,9.63045224502919,8.528302533691912,1.1701338178670622,0.15683468225759659,0.49008163066603516,6980.005264713796,2.424818414662971,0.4554987456339933,2.2317386772491017,0.9294344393503533
154.46493710587396,130.6660776486905,142.03471223709815,380.45563224250844,51.83169250186888,177.95966843574476,31.501880511567222,19.57437926791573,25.11759657777867,34.2360464854621,51.83515787501808,155.75821686199728,150.65545773742113,87.67353211243623,97.15498357639821,39.707979597470334,9.325953848100413,8.441505962478708,0.8844478856217055,2.189422834728801,0.9575308085552268,0.20257921740755577,0.07565163040614564,10.786417504457058,4.349478523780369,3.6247359946928803,2.8122029859838067,1.066688698461633,123.77787600514979,0.17515706223890104,29.12552768695653,33.27924453638574,134.68937875751504,$HR$,[bpm],9.540355596204412,13.242696127876172,11.539633094386806,11.484135938842968,11.500508451571472,2.0271781218920353,3.7384284041958744,13.731168009043508,11.796587895625716,12.321051769017272,16.751216777502506,9.631487298807514,8.528676077822254,1.1705140513969543,0.15666083302028935,0.4867391883497613,6981.17846302727,2.3880732044527924,0.45339912563216267,2.2387723877611583,0.9315032290072335
154.457396535623,130.71453530199267,142.05647665918713,380.653237764753,51.709679267089356,177.92824315425477,31.49804284365237,19.587605048213245,25.121416759281683,34.2350075891462,51.713062722670884,155.62632701043816,150.65148643046467,87.721261964721,97.05014297966858,39.735735714974865,9.31772531366176,8.434485576437542,0.8832397372242191,2.1850709142537257,0.9590289135664131,0.2021082162263855,0.07563151435256536,10.761541548859835,4.339506829815664,3.6164161897508067,2.805618529293364,1.0666886984616333,123.87466651143205,0.17471514029499166,29.06209736599247,33.22899390872496,135.03006012024048,$HR$,[bpm],9.546054037310654,13.239879930848794,11.539783384899232,11.48435844918235,11.500735375994314,2.026303971133802,3.7328028965000675,13.73263852294504,11.799123668407155,12.322684336283427,16.758544572077096,9.632600529126748,8.529080867296804,1.1709058978753801,0.15626557713407013,0.48673918834976215,6982.361100233428,2.395579865649488,0.45440917971948647,2.2458097372779586,0.9335783733792071
154.44968456314905,130.762609298463,142.07795695444622,380.84936910667426,51.58818489787617,177.89675665666235,31.494327253650013,19.60070307096904,25.125285346850447,34.234112009361134,51.592003923604146,155.49534595109074,150.64767703931864,87.7691442928684,96.9462119133486,39.76375231603944,9.309514068391273,8.42747238377767,0.8820416846136021,2.1807298410050846,0.9605190954899037,0.20164078329914384,0.07561193402345866,10.736755623955847,4.329570595169662,3.608124649694964,2.7990603790912196,1.0666886984616368,123.97087014698882,0.17427544268062972,28.998946280645505,33.17913060872691,135.37074148296594,$HR$,[bpm],9.551714318106956,13.237062640467471,11.539946843003532,11.484593166044862,11.500974693006148,2.0254436612500495,3.727209139631197,13.734110603883243,11.801664250941753,12.324328779884498,16.765883675392857,9.633814996422036,8.529492364931242,1.1713097610492318,0.1556505862109441,0.48673918834976204,6983.530841385842,2.4030864895208315,0.4554164715756569,2.2528470518029566,0.9356478427794123
154.44130845384908,130.80991685798705,142.09870943413796,381.0422219935285,51.46696659852098,177.86426085245944,31.490320873124585,19.6136882836661,25.12889331219454,34.232853469610866,51.470636412083195,155.36376606287547,150.64310670590007,87.81650220728174,96.84194523778768,39.79149645990094,9.301216071728721,8.420383221254543,0.8808328504741785,2.17637789641817,0.961989266693433,0.20117036409196676,0.07559095723900013,10.712078015275182,4.319680325260555,3.599875360919469,2.792522329095156,1.066688698461637,124.06570882137537,0.17383795264436705,28.936092249141304,33.129112222506954,135.7114228456914,$HR$,[bpm],9.55728117808297,13.23416702212073,11.540080915434539,11.484796081740699,11.501183150303515,2.024568760072279,3.721594861119823,13.735498227228678,11.804126829453196,12.325893629875539,16.77310227247724,9.634968278707621,8.529862999163935,1.1717014483754655,0.1552598508350454,0.48673996504761663,6984.655266636957,2.410589102504842,0.45642737983267595,2.2598806061987515,0.9377232456924401
154.4328079822731,130.8568402028014,142.1192126754554,381.2339586651042,51.34630256112499,177.83186137682708,31.486399421079522,19.626612147580314,25.132528230075938,34.23165220702323,51.34978414956553,155.232963946124,150.63871921641524,87.86402116175053,96.73871282242536,39.81963427741183,9.292947723194938,8.413315950966807,0.8796317722281317,2.172041391493289,0.9634528975176087,0.20070267531423894,0.07557040282727805,10.687472158965415,4.309815818801048,3.5916460265318686,2.7860103136324974,1.066688698461637,124.16005362604122,0.17340265360254145,28.87351128396603,33.079175224269555,136.05210420841684,$HR$,[bpm],9.562834758902186,13.231277020228777,11.540224916361119,11.485008922657283,11.50140140638645,2.0237032732067495,3.7160192112740784,13.736900781815015,11.806598379915487,12.327472692997704,16.78033154727609,9.636241270484517,8.530256557543328,1.1721122721377173,0.15487107230150648,0.48674117836079894,6985.772506763078,2.4180914191092024,0.45743995136381493,2.2669138827443645,0.9398012161295621
154.42346819089076,130.90285559318932,142.13883056443515,381.42121222623086,51.225842440302365,177.7981516139408,31.482350018838314,19.639337803631207,25.136004421716162,34.230314615958754,51.22949484433677,155.10244259714736,150.63343066540818,87.91092213779784,96.63590058109317,39.84786809317333,9.28457756221744,8.406147182965256,0.878430379252183,2.1676873821502247,0.9648927735267089,0.2002356632464497,0.0755490437666328,10.662868688559954,4.299946078808142,3.5834116986478395,2.779510911103972,1.066688698461637,124.25279730774697,0.172969529137181,28.811234523703476,33.029457168122626,136.39278557114227,$HR$,[bpm],9.568272985147859,13.228289859455181,11.540323117894841,11.485175894798603,11.501573738762024,2.0228346470309835,3.7104616271355035,13.73819353040158,11.808977588479443,12.32896073426277,16.78747125137065,9.637636791643352,8.530597849516,1.172529134874823,0.1542641729327785,0.48674238810052806,6986.83534366128,2.425588167779746,0.45844981066521323,2.2739419394598386,0.9418736109141341
154.4152210286965,130.94949289178518,142.15931190923746,381.61290300057,51.10643982229507,177.7666623427553,31.478725515646154,19.652382008795936,25.139790259818504,34.229434558934386,51.11023452868815,154.97362646014713,150.6302725430949,87.95906018370876,96.53450516239181,39.87660995206108,9.275137582430506,8.399184597467281,0.8759529849632255,2.1633962973855883,0.9663535389832255,0.1997749468865877,0.07500268927732505,10.638527888755114,4.2901921087897295,3.575273013298428,2.773062766666957,1.0666886984616333,124.3468158119989,0.17253856299394021,28.749169922398483,32.979956458482704,136.73346693386773,$HR$,[bpm],9.57381922448308,13.2254787583684,11.540514180419038,11.485435223915442,11.501838551450941,2.022001971231251,3.7049421251595027,13.73967857323745,11.811522056043,12.330625579571603,16.794861344777615,9.639161223702562,8.53107394628422,1.1729750568878725,0.15409932725412978,0.4833444470494945,6987.960699549484,2.4330948554501513,0.45625402817938626,2.2809793137952377,0.943952146268613
154.4061321417135,130.9952196685107,142.17892193692938,381.79959364868256,50.98712902668314,177.73355343363144,31.474705623881746,19.665004287084592,25.143233121002684,34.22809919538704,50.990752609357784,154.84398059270853,150.62578447817728,88.00641486150421,96.43297912614368,39.90483718244082,9.266852452637066,8.392093229912724,0.8747592227243417,2.159080454012409,0.9677867126187796,0.19931065784383764,0.07498170911727688,10.614190379362523,4.28043104448775,3.5671317655265598,2.7666275693482136,1.0666889247566815,124.43900260292443,0.17210973908006635,28.68739640977389,32.93040673210315,137.0741482965932,$HR$,[bpm],9.579247256073206,13.222537854133531,11.540663630426927,11.485651374612573,11.502060728023368,2.0211434425550787,3.699422551987883,13.741021006339583,11.813942254872824,12.332164305026442,16.802064867821773,9.640688825130018,8.531478897332853,1.1734098032853038,0.15349736271644593,0.48334444704949436,6989.017285421097,2.4405963814475933,0.4572591591590123,2.2880113637669095,0.946031679789194
154.39848326973654,131.04204581111404,142.19972445936816,381.9892089800439,50.8686178889972,177.70209170128948,31.470968282697257,19.677822670659197,25.146854684215796,34.22702950993363,50.8721608531719,154.7156464980591,150.62286016527625,88.0547498175285,96.33291686870446,39.93362112695591,9.258736092996985,8.385155089769688,0.8735810032272966,2.154812207612415,0.9692345768468079,0.19885120536834247,0.07496221057771303,10.59002964217486,4.270740866587187,3.559044919052263,2.7602438565354093,1.0666900010279834,124.5321145691816,0.17168304146239666,28.625784537474907,32.881070534653446,137.41482965931863,$HR$,[bpm],9.584754173085498,13.21972700989814,11.540743734182051,11.485810641079828,11.502220544820164,2.0203113064087836,3.693947883451264,13.742503416464178,11.816482186762135,12.333832097223404,16.809435571740945,9.64233268883618,8.531989674784693,1.1738719083531854,0.15311680924318075,0.483344447049494,6990.102462221518,2.448112799937458,0.45826551269088617,2.295055543389531,0.9481137426700595
154.3887144143311,131.08666245073547,142.21840452477224,382.1716306851436,50.750157518291715,177.66821625565404,31.466926699667013,19.690328295966122,25.150186574033828,34.225647174457194,50.75371089206938,154.58690727473913,150.6180930712326,88.10189852571902,96.23228688026433,39.962222141447505,9.25041401195003,8.378020442662223,0.8723935692878066,2.150503749004205,0.9706427724032028,0.19838960292546828,0.07494111629721732,10.565889356122199,4.2610625741655115,3.55097273807601,2.753854043880679,1.0666910623409194,124.62260974106266,0.17125845436538462,28.564567477429527,32.83183018977635,137.7555110220441,$HR$,[bpm],9.590070246723633,13.216731449503081,11.540862850519673,11.48599529451062,11.502411391458448,2.019464126400871,3.688451224227946,13.743787874641741,11.818855133912388,12.33533056375665,16.816565051348114,9.643908372301661,8.532391847299898,1.174323608579323,0.15273813805360636,0.48334534994205897,6991.1138833815085,2.455610304187634,0.45927081756597654,2.302082009385778,0.9501918609975903
154.37892226670877,131.1310067397067,142.2369390448369,382.35348513349174,50.632243775622584,177.6345208000775,31.4629004593277,19.702813315877,25.153505685947092,34.22419762013721,50.635451844636854,154.45869947696863,150.61345333949706,88.1491388409824,96.13236592197909,39.99102234919844,9.242124988346829,8.370914536409376,0.8712104519374531,2.1462121120231,0.9720458296067278,0.1979295917090248,0.07492018550132193,10.541855577449807,4.251426555847898,3.54293662977068,2.747492391831229,1.0666921099474576,124.71270900285295,0.17083596216915595,28.503605913744494,32.782518573637944,138.09619238476955,$HR$,[bpm],9.595377667402683,13.213740357848001,11.541015425570418,11.486211360873932,11.502634441264671,2.018621268844124,3.682975834202963,13.745075891821337,11.821233667131397,12.336838376700358,16.82373237125173,9.64562371432319,8.532812687243164,1.1747796171378522,0.1521439866646427,0.4833465668722057,6992.120077310927,2.463108479954372,0.46027973287200735,2.3091091206024745,0.9522768225096402
154.36972928356076,131.17561151127222,142.25590256169258,382.53684337695347,50.51509569156748,177.60197881440385,31.459313462187808,19.715520506873155,25.15711166213885,34.22331861912842,50.51870363758164,154.33245993902253,150.6103261896235,88.19689249022417,96.03441819112801,40.02061315678316,9.233973571887455,8.363921951365606,0.8700516205218491,2.1419590553931607,0.9734563719912327,0.19747737923917885,0.07490132829002817,10.51788988963052,4.241811205377049,3.5349124380819497,2.741166246171522,1.0666931468799674,124.8032225957686,0.17041554940759318,28.442867601355022,32.73368652164413,138.43687374749499,$HR$,[bpm],9.600730769324809,13.2108588398079,11.541211227509905,11.486473261758746,11.502902059210916,2.0178109858545903,3.6775841231862003,13.74648163885881,11.823713800718764,12.338459032996147,16.831078167468235,9.647624330012563,8.533320200020933,1.1752740470375727,0.15176957326375984,0.48334778215808394,6993.151924596155,2.4706124156981866,0.4612859514208141,2.3161416410376536,0.9543561974386916
154.35911946389677,131.21881010878562,142.27344587518664,382.7138250103482,50.397976113981954,177.56738789858997,31.455343415329942,19.72781382068474,25.16036880256491,34.221938950805196,50.401837066599114,154.20546845685018,150.60527132629633,88.24332315920108,95.93596975606725,40.04969246448943,9.224323703489649,8.356760100314158,0.8675636031754912,2.1376708438227014,0.9748332619960625,0.19702167906999066,0.07434563929403018,10.493980973675612,4.2322222830894205,3.5269131492908934,2.734845541295299,1.0666941674610226,124.8915141279665,0.1699972007664482,28.382450578573927,32.68485713961731,138.77755511022045,$HR$,[bpm],9.605916811157073,13.207811089349535,11.541336229533375,11.486661904495152,11.503097438778795,2.0169826602045458,3.6721608941423884,13.747709913188359,11.826032875984568,12.339916482010402,16.838181632472313,9.649509634623145,8.533725516707054,1.1757601351995812,0.15161327956396972,0.4798948484691519,6994.107907601704,2.4781057446733015,0.45898894880471275,2.3231642398230816,0.9564364990973996
154.34802425181635,131.2613934808748,142.29042834834425,382.8883414034441,50.281176946772504,177.53208131544287,31.45119823155353,19.740036761451588,25.163455891139968,34.22037855185172,50.28500087819755,154.07839495630483,150.59979810905625,88.28948519986761,95.83762173179011,40.07869003152057,9.215936902854196,8.349549086919334,0.8663878159348628,2.1333789433237005,0.9761938562370043,0.1965650338674064,0.07432432220367607,10.470151451277067,4.222664969451087,3.5189420502146214,2.728544431611356,1.066695172727204,124.97869941779112,0.16936514929893642,28.322304664153524,32.63598435877911,139.11823647294588,$HR$,[bpm],9.61104017445392,13.204700529269745,11.54143407639066,11.486822564557995,11.503265109482443,2.0161488399934733,3.6667374154886705,13.748880207924538,11.828301908209177,12.341324605915386,16.84521582270124,9.65139745506541,8.534097878972199,1.1762439568543628,0.15102624778249107,0.47989484846915237,6995.0286646191325,2.4855961416753067,0.4599894399344908,2.3301841099743794,0.9585213123288172
154.33798680206945,131.30459527936287,142.30826019893036,383.0662972500751,50.165310985254266,177.4987011574306,31.447421453660013,19.752423745814895,25.166807326414048,34.21913179775973,50.16891587224144,153.95280966870982,150.5962162375174,88.33678160500297,95.74065935473018,40.10821570824158,9.207748976074356,8.34251899396189,0.8652299821124647,2.1291429946072498,0.977572043588641,0.19611386240126916,0.07430482951436689,10.446519359259355,4.2131898353081105,3.5110392035234024,2.7222903204278412,1.0666961694337806,125.06694899549063,0.16895141060974517,28.262353841542016,32.587203819274,139.45891783567134,$HR$,[bpm],9.616260643216073,13.201750707405125,11.541637959682262,11.487087890896337,11.50353785744719,2.0153399960378486,3.6613651663015276,13.750220344494732,11.830718378018227,12.342889800951717,16.852449116787312,9.6534246982769,8.534579768372321,1.1767527183701207,0.15065730882397657,0.4798948484691523,6995.999982893476,2.4930962559417438,0.46099333855276453,2.3372130953325905,0.9606132260500755
154.32742219119243,131.34709187467206,142.32549417992448,383.2412037274164,50.04976811024397,177.4645828073577,31.443607035679925,19.764685987396717,25.170078028866207,34.217936697177386,50.053592467772376,153.82765321841234,150.59224877611496,88.38378954323596,95.64448106444563,40.137984566992735,9.15527501106426,8.291199870483082,0.8640751405811777,2.1249027451610694,0.9609508607263627,0.19566424152324122,0.07428500261544894,10.422900477651432,4.203713559625567,3.5031337012491095,2.716053216776756,1.047102008829768,122.85501448188785,0.168754388662221,28.202679835319177,32.538748021270095,139.7995991983968,$HR$,[bpm],9.621396616909548,13.19874114446478,11.541809187301936,11.487321377677834,11.503778308295411,2.0145352740230016,3.65602062746615,13.751501089455164,11.833084927079542,12.344408371625873,16.85962455284956,9.655604222467117,8.535041285445764,1.1772742010180375,0.15007546777976144,0.4798960118472084,6996.937521784808,2.454657016817275,0.4619943768448235,2.344238666451016,0.96269684564896
154.3167725243057,131.3892938590785,142.3425339369554,383.41505641854417,49.934699378047654,177.4304553525724,31.439859306987824,19.77698886818161,25.173372034940318,34.216724391753715,49.93869724148091,153.7033063614101,150.58837018712399,88.43083457503342,95.54903746962715,40.16803973918025,9.146995793741327,8.284067479765492,0.8629283139758355,2.1206745814976853,0.9622796785695877,0.1952174095409625,0.07426564492075927,10.399372891936922,4.194274023158406,3.4952580871773358,2.7098407816011796,1.047102008829768,122.93992805249758,0.16834414633314085,28.143251551049854,32.490320750848134,140.14028056112224,$HR$,[bpm],9.626514081720249,13.19573500440294,11.541987399140316,11.487561494705863,11.504025299680096,2.013742353588072,3.6507050956383136,13.752780676950662,11.835452778042848,12.345933121367857,16.866853614477478,9.65789127670242,8.535516409630002,1.1778097854975165,0.14971063395275502,0.4798972307488159,6997.862780574895,2.462013981935467,0.46299754975270563,2.351264691667426,0.9647847915901899
154.30542320181644,131.43068916619512,142.35881122465497,383.5857004922237,49.81990924299502,177.39539718120255,31.435872698294325,19.788982889871374,25.176425708088736,34.21526416885009,49.82377281573665,153.57847805606713,150.5837711107613,88.47745771970584,95.45342674690757,40.197778315643276,9.138640464112209,8.276867731551109,0.8617727325611002,2.116437590716465,0.9635899424343927,0.19476806790911755,0.07424523801002893,10.3759532979104,4.184881867800775,3.487425175799247,2.7036462543103763,1.0471020088297642,123.02359860704078,0.16793589376714035,28.08410479337629,32.441897749206376,140.4809619238477,$HR$,[bpm],9.631553228118278,13.192653656870997,11.54213719012479,11.487771102250097,11.504242654782875,2.0129352489801398,3.645370480412877,13.753975286323417,11.837747165749818,12.347383613425025,16.873967831472445,9.660107469825483,8.535956569293253,1.178338149205711,0.1493475696478767,0.4798984483556271,6998.748773414731,2.469366172607764,0.4640023340521928,2.358286157207849,0.9668760873099249
154.29403673039525,131.47186668155317,142.37495081609595,383.7550301472439,49.705579266946806,177.36029147678644,31.43190130010935,19.801010192069604,25.17945373451436,34.21378554667845,49.709412955685096,153.4541540758002,150.57925207865756,88.52413695556467,95.35848585556585,40.22757213816167,9.128963751455238,8.269677197279458,0.859286554175779,2.1122115143295823,0.9648930374100351,0.19432038647362065,0.07368227782547651,10.352611845837153,4.175517812795046,3.4796162554622145,2.6974777775798913,1.0471020088297645,123.10675497063396,0.16752961652307582,28.02520161253369,32.393657411926846,140.82164328657313,$HR$,[bpm],9.636547831438973,13.189567574109867,11.542308661005864,11.488001338709928,11.504480940744067,2.0121340202156524,3.6400619369987477,13.755171987034041,11.840042317966487,12.348839286563095,16.881081497932108,9.662416624223242,8.536412303423353,1.1788712120526754,0.14898626202243004,0.47639111524223376,6999.621352882468,2.476719048167243,0.46160713697685873,2.365308276827022,0.9689667212667101
154.28504018960768,131.51500609273168,142.39321537356048,383.9311422693407,49.59234515688544,177.3283653247952,31.428391060195782,19.813273187284015,25.18285021091327,34.21283949270306,49.5959856915707,153.33165150564014,150.57782046848786,88.57263301906181,95.26557558522754,40.25801788957749,9.120932170873,8.262774023542978,0.8581581473300222,2.1080674086909874,0.9662309748630682,0.19387964761649037,0.07366431471278694,10.329462268555895,4.166226196984015,3.4718615611252726,2.691374510446606,1.047102008829768,123.19207638670112,0.16712530029921263,27.96639165203601,32.345562840133084,141.1623246492986,$HR$,[bpm],9.64173034805238,13.186727742340299,11.542438196987842,11.488204770458427,11.50468575749105,2.011370049374904,3.634826910012301,13.75664152156848,11.842569928745817,12.350540404731232,16.888539109501473,9.664938893792758,8.537055786971731,1.179435932255918,0.14862669835769673,0.4763911152422342,7000.570727156334,2.484094591554056,0.4626064440142964,2.3723520446018993,0.9710643822126519
154.27340694294537,131.55554672799124,142.40890000628775,384.0981057800721,49.47892988705858,177.29312809244584,31.424457388450268,19.82516512916122,25.185834961655424,34.21135104778958,49.48243887535103,153.20831389846913,150.57351786025106,88.61947376210665,95.1717649355303,40.28819329770475,9.112613871955194,8.25559841997035,0.857015451984845,2.103862556602965,0.9675189149296972,0.19343513314268992,0.07364431888366982,10.306322631983077,4.156944818233563,3.4641220210413395,2.685255792708175,1.0471020088297684,123.2741536422977,0.16672293093154703,27.907979524879728,32.29748935696985,141.50300601202406,$HR$,[bpm],9.646681649673239,13.183633221494649,11.542618551023407,11.488442745415307,11.504932089205813,2.0105822564040956,3.629553597251923,13.757838413134026,11.844860038303846,12.351998434375309,16.895647037434202,9.66736590165119,8.537540682799149,1.179987755200409,0.1482688660574445,0.47639143750592716,7001.4173132769665,2.4914474489178593,0.46360520430574226,2.3793741468438956,0.9731602371631085
154.26151386581748,131.5955649442028,142.42420924980624,384.26394114732216,49.36602644931533,177.2579129465142,31.420680053555596,19.837166022881682,25.188906320382355,34.21006780882081,49.36959147607389,153.08599853682864,150.56959478644382,88.66636612826328,95.07904061565317,40.318812206545076,9.104323939732717,8.24844025620235,0.8558836835303671,2.099672216273028,0.9687994325897161,0.1929944296215101,0.07362495392741965,10.283206782613407,4.147667461020993,3.456382100799659,2.6791572207927534,1.0471020088297684,123.35570374556639,0.16632249439215224,27.849829453995113,32.249579940648076,141.8436873747495,$HR$,[bpm],9.65159147081396,13.180551145058155,11.54278191302029,11.488665345613486,11.505162216042015,2.0098057967681555,3.624326354639484,13.759050922242755,11.847164732020182,12.353476578146369,16.9027965049294,9.669993239751573,8.538044399579507,1.1805606062153644,0.147701146419494,0.47639265673226483,7002.259222610298,2.4987975054507805,0.46460439605424875,2.386393574245372,0.975255158719541
154.24958571212568,131.63538669944768,142.43938393711682,384.42803376428344,49.253495278686124,177.222435461152,31.416706517997522,19.848867842277368,25.19178868094536,34.208516079103404,49.256832293125164,152.9634949583611,150.56532260124942,88.71311864421895,94.98634187830945,40.349309605306466,9.096016133979603,8.241269546404087,0.8547465875755154,2.0954862662396736,0.9700704599408495,0.19255220523868025,0.07360494418226095,10.260268932635348,4.1384689559384755,3.4487126517957343,2.673087324901138,1.047102480498917,123.43662397742101,0.16592397678754808,27.79190746957245,32.201691198631146,142.18436873747495,$HR$,[bpm],9.65646615004968,13.177433726707044,11.542964375064507,11.488904537837012,11.505409963478243,2.0090255429693653,3.619081744285875,13.760229578164795,11.849436245865459,12.354923036764562,16.9099299749767,9.672545935173886,8.538542701770519,1.1811316945043175,0.14734724656197018,0.476393875677121,7003.07713431419,2.50614952865765,0.4656052845024496,2.3934138017355617,0.9773536316785411
154.2376872475535,131.6748884161409,142.45442303743778,384.59165354503295,49.14152637498233,177.18729061063073,31.413209551695935,19.860816508704655,25.194993051386536,34.20753160557752,49.14554652355239,152.84332032676647,150.56196914806907,88.75998198786888,94.89579786910728,40.3805513190069,9.08642473123806,8.234140490253017,0.8522842409850422,2.091320681943019,0.9713380539321911,0.1921190155603626,0.0730371799620123,10.237318732501956,4.129256677825962,3.4410236669819785,2.667038387694016,1.0471034118720393,123.5173000860097,0.16552736435709414,27.734227554148276,32.15419975075341,142.52505010020042,$HR$,[bpm],9.661344895916663,13.174373664465143,11.543173558374567,11.48917224106664,11.505685204570746,2.0082820914279473,3.6139325690833903,13.761459190247585,11.851761845800356,12.356434485732883,16.917144415160557,9.675395299165851,8.539090274039527,1.1817516278649716,0.14720563318779747,0.47283403922894535,7003.898508594676,2.5135014965447158,0.46311622557276527,2.4004329162207685,0.9794477282726366
154.2251560447099,131.7136582212648,142.46876912814864,384.7522587486401,49.029809122477026,177.15121741849654,31.409295546165875,19.872482865179244,25.197839269931304,34.20603655299562,49.03380533500008,152.72187685675937,150.5575576629497,88.80615980789798,94.8045390651022,40.4112119271423,9.078102161234632,8.226944997394392,0.8511571638402402,2.087146959029251,0.9725867797489577,0.1916806669636002,0.0730173671177983,10.21443560919109,4.1200687387495725,3.43336032919215,2.6610065412493693,1.0471043301086533,123.59672402100858,0.16513264347140605,27.676811842986393,32.10660210847839,142.86573146292585,$HR$,[bpm],9.666127553177084,13.171215050803015,11.54333458913935,11.489390043626186,11.505911144628811,2.0075110958247095,3.608752197354967,13.762594355444623,11.85399979202697,12.357855117386851,16.9242313467102,9.678171805628555,8.539592005597795,1.1823442433497082,0.1466445103601036,0.47283403922894574,7004.679543770315,2.5208485660685023,0.4641086403783752,2.4074473704133426,0.9815465932511984
154.2137975605301,131.75319927647345,142.48408301617732,384.9168640327084,48.91901430589551,177.1172451974817,31.405802191917584,19.884360126508273,25.20100092109381,34.20501705770288,48.92303725941155,152.60218161040396,150.55538513293206,88.85357908728045,94.71470505987033,40.442521001574235,9.069991736196844,8.219940173738484,0.8500515624583598,2.0830305708778347,0.9738556786093544,0.19124870851359416,0.07299989411175535,10.191783301490728,4.110981199543059,3.4257797467001065,2.655022355247564,1.0471052416302877,123.67737766417349,0.16473980063079396,27.619565927277108,32.05919911703027,143.2064128256513,$HR$,[bpm],9.671016713849225,13.168232797458934,11.543593881073086,11.489705889511367,11.506235112369744,2.0067741796574867,3.6036193915354486,13.763920364131486,11.856402319706175,12.359451104282515,16.93154912219546,9.681069207000116,8.540213397410824,1.1829644264601327,0.1462956499240384,0.47283403922894574,7005.516557714014,2.528206657861224,0.4651037827893121,2.4144723542066693,0.9836512268612483
154.2000761015611,131.79055928250688,142.49711580677499,385.0710638149711,48.80784772467124,177.07954022544243,31.401807990835255,19.895859221293556,25.20368938390841,34.203385694177804,48.81213691664657,152.4816731891496,150.54988416881244,88.89906273306336,94.62428800160862,40.47365063638618,9.061558680827153,8.212628385217032,0.848930295610121,2.078843896751268,0.9750700809792331,0.1908128850315846,0.07297991806196046,10.16905035634085,4.101858017178202,3.418170070080487,2.649022269082162,1.0471061358733114,123.75451960356376,0.16413972726974965,27.562669104817694,32.01180567850693,143.54709418837675,$HR$,[bpm],9.675651393444666,13.164954993712467,11.54372290850567,11.489889636718798,11.50642780046302,2.006010523845169,3.5984604529297077,13.764919160158609,11.858530468624073,12.360766127638598,16.938476066319655,9.683948552659828,8.540636331882986,1.1835727756571544,0.14573935020001974,0.47283484955683236,7006.224714465332,2.5355455192712526,0.46609710445605856,2.4214790004611593,0.9857503204192991
154.18805202246207,131.82913743139892,142.51160264039615,385.23114261144946,48.69776551505626,177.04468569051602,31.398218965234236,19.90750893747161,25.20668881764455,34.20223282143361,48.70213957909431,152.3625554472232,150.5472175590721,88.9462269189668,94.53557044968727,40.505243418926426,9.053401927398792,8.205574905187605,0.8478270222111868,2.074732171094686,0.9763145383311704,0.19038243830692497,0.07296187966510215,10.146503145581962,4.092806182890429,3.410619601259824,2.6430773614317093,1.047107024407698,123.83351934825262,0.16375109560351206,27.505917686895536,31.964638185636247,143.8877755511022,$HR$,[bpm],9.68044068657145,13.161901188549864,11.54397027884288,11.490192400767075,11.506738979961098,2.0052776072009126,3.593366638564622,13.766170697340822,11.860872381432404,12.362306175050193,16.945757427922008,9.68703499633813,8.54123337114158,1.1842038381898514,0.14539428488617567,0.47283606698064645,7007.01315427062,2.5428994131150855,0.4670926839907424,2.428500004145699,0.9878533314377239
154.17499331662876,131.86667134538516,142.5250343292416,385.38652087043795,48.58776314315243,177.00819847273894,31.394295154377257,19.91894308894527,25.209380023337427,34.20065914361845,48.591938364494055,152.24287102245475,150.5430379962504,88.99247076021112,94.44644125772378,40.53643628524073,9.04510743004846,8.198393881669666,0.8467135483787938,2.070595839927978,0.9775317542466839,0.18994915247715255,0.07294253385569045,10.124039434506027,4.083793063175405,3.4031043725777295,2.6371419987528912,1.04710789838814,123.91074146607413,0.16336429990735257,27.44944220797515,31.917381771739635,144.22845691382767,$HR$,[bpm],9.685093780596299,13.158709053385712,11.544158245210095,11.490434306949284,11.50698989878922,2.0045266744021086,3.5882441171181565,13.76728424664705,11.863087664814008,12.363717986090483,16.95285834010669,9.69001114980404,8.541751011565118,1.184827727912076,0.14505084972665572,0.47283728282815385,7007.7381030314245,2.5502458530762206,0.4680905317971161,2.435513911223407,0.9899611320777282
154.1612090480818,131.90330594753007,142.53767095504566,385.53886027946794,48.47808170995691,176.9709719998539,31.39061943975968,19.93040791377507,25.21220856617284,34.19937075701247,48.48280832817627,152.12474629636148,150.53863770908922,89.03842443449075,94.3586655271184,40.568258783353684,9.035410889251079,8.191164343636233,0.8442465456148454,2.066456689731298,0.9787320678444068,0.1895218690335587,0.07236697064727278,10.101535412755304,4.074756750592556,3.3955633900466213,2.6312152721161253,1.0471087621647712,123.98684441564251,0.16297932720172117,27.393239220043913,31.870428387584354,144.5691382765531,$HR$,[bpm],9.689680554114334,13.155481574579852,11.544318989815483,11.49065029069802,11.507214268803828,2.003796920961481,3.5831832632764713,13.76835105217663,11.865266440632546,12.365099823976827,16.959913971740004,9.693196456297052,8.542249552826666,1.1854851752981264,0.14470903319694225,0.4692244817698359,7008.434498108801,2.5575856148238816,0.4655009387473996,2.442521452629602,0.9920644741118543
154.14954818483042,131.9418235621661,142.55223802278655,385.69573125380583,48.369162543456895,176.93587487760456,31.386668853919712,19.941735811383975,25.214831850258975,34.197712723533236,48.37306443425231,152.00543170794373,150.5359018479929,89.0857551549048,94.27052433882663,40.59942934873975,8.982697379003456,8.139562823612978,0.8431345553904777,2.062372323007178,0.9618402069167972,0.18908924407109293,0.07234756706324752,10.07933654445931,4.065847074399731,3.3881356335491035,2.625353836510474,1.0277523063549956,121.770894086239,0.1628032935012659,27.33711440764417,31.823247295000684,144.90981963927857,$HR$,[bpm],9.694392373763721,13.152393073189971,11.544442856317437,11.490837471447167,11.507406042566025,2.003055147021078,3.5780899828333395,13.769586475986054,11.867580198977379,12.36661692525418,16.967151659765737,9.696242342142625,8.5428819124736,1.1861130960884372,0.14436882388089356,0.46922448176983667,7009.166620275287,2.51753157762107,0.46649446737637545,2.449550890865615,0.9941818585782991
154.13477262502795,131.97718480150755,142.56375329164976,385.84226209209805,48.26005438138396,176.89722041723667,31.382629158285226,19.952900735520153,25.21730057505026,34.195972853732926,48.264058538808975,151.8869508623792,150.53037645485614,89.13106233930645,94.1827458194876,40.6310731858056,8.97421131491612,8.132182188900964,0.8420291260151558,2.0582252625987874,0.9629870093121744,0.18865953436076885,0.07232791523888796,10.05700465017467,4.056882592989985,3.380658769563747,2.6194632876209383,1.0277523063549956,121.84346619929958,0.16242144250933416,27.281409095946174,31.77630353679282,145.250501002004,$HR$,[bpm],9.698830195831986,13.149044002687283,11.544552366646187,11.490999883740413,11.5075775558525,2.0023109330878084,3.573016093288678,13.770528866213628,11.869650491389804,12.36789025338432,16.974042025131844,9.699430716521977,8.543332882457985,1.1867634753356335,0.14403021046947317,0.46922465465149915,7009.797077279978,2.5247270804216084,0.4674846414060411,2.4565520941283525,0.9962917267278925
154.12121258359375,132.01341154959704,142.57629370913585,385.99268561712023,48.151767245615005,176.86041360497902,31.378756700760572,19.96410838955658,25.219889488314788,34.19439345670808,48.155416219417845,151.76902319270397,150.52661124472291,89.17756885121914,94.09594794108406,40.66298003947727,8.965902297145584,8.124972217161014,0.8409300799845705,2.054130219628903,0.9641511694609407,0.1882317573551584,0.07230892556539868,10.034866937977462,4.04799677873186,3.3732505641873924,2.6136195950582075,1.0277523063549956,121.91709256334738,0.16204137856953255,27.225859232220763,31.72941039376264,145.59118236472946,$HR$,[bpm],9.703368948323378,13.145830473929731,11.544775361108853,11.491273721032078,11.50786118142214,2.00158127187359,3.567977378240946,13.7716344234668,11.871859498651204,12.369308831731882,16.981147903919926,9.702715447789185,8.543906132626912,1.1874257961006287,0.14348702224477689,0.4692258684058535,7010.472726240341,2.5319339151451374,0.4684784171203611,2.463564323319147,0.998407054393587
154.1067240710545,132.04858155736179,142.58785442864732,386.1393235290794,48.043717623779585,176.82252340210815,31.37508068326191,19.97532232337974,25.222568890851655,34.193047808193526,48.04793360667129,151.6525579869244,150.52229188038885,89.2235820388605,94.01021973487889,40.695361750333234,8.957532632248789,8.117685438052563,0.8398471941962264,2.050024738908157,0.9652945448530474,0.1878095535514551,0.0722909318941654,10.012689679367007,4.039089842895343,3.3658181966211167,2.607781639850547,1.0277523063549956,121.98936115830588,0.1616630891661156,27.17058703801237,31.68290350289642,145.93186372745492,$HR$,[bpm],9.707819758515022,13.142559483496713,11.54493295784203,11.491484716809222,11.508080792172048,2.000869195917919,3.562986739236427,13.772656830913768,11.874004617035235,12.370670198235839,16.988196992916258,9.70615010064491,8.54444081868895,1.1881116084883123,0.14315204842190388,0.46922708177757155,7011.109253233727,2.5391324233811243,0.46946858120195456,2.4705684508618204,1.0005146749489995
154.09217115772947,132.08354731790567,142.5992624232789,386.284464974318,47.93604942794969,176.7844590113955,31.371073696303927,19.9863994836661,25.224976801515048,34.191298834831706,47.93990359090285,151.53511112481053,150.51768461102705,89.2695086762233,93.92410221234043,40.72710476147745,8.94775833947866,8.110397012058366,0.8373613274202953,2.0459267187559713,0.9664297902108443,0.18738288911288925,0.07170708138316575,9.990659448449234,4.030244888395745,3.3584440948495904,2.6019704652038977,1.0277523063549956,122.06107355069146,0.1612865618999389,27.115533625531945,31.636168829161697,146.27254509018036,$HR$,[bpm],9.712225237444445,13.139254739419782,11.545111693651481,11.491713329449226,11.508319420919593,2.000141973257583,3.5579699500046695,13.773658559124888,11.876125116756127,12.372004926771863,16.99520693843365,9.709494691099964,8.544975742485876,1.1887754869267504,0.14302383415299927,0.4655633737605092,7011.727951394885,2.546331518915747,0.46678949218963645,2.477573149844355,1.0026336230430317
154.07773694324214,132.1184005595241,142.61067108642624,386.4295950509244,47.82892607535171,176.74684661321135,31.367327964874107,19.99744529620111,25.227534720395674,34.18983555898182,47.83290625959226,151.41912781078742,150.51375364008928,89.3154649572306,93.83908362911245,40.759409520421414,8.939439807690007,8.103159216706585,0.8362805909834228,2.0418496490228537,0.9675646667115305,0.18696155764922498,0.07168908909200379,9.968747454967456,4.021451198201746,3.3511103920593914,2.596185864706319,1.0277523063549956,122.13272055604091,0.16091178448710414,27.06069556082062,31.589738331714614,146.61322645290582,$HR$,[bpm],9.71663713713483,13.135991001067985,11.54531387915274,11.491965800548941,11.508581679492018,1.999433568404425,3.5529904229585476,13.774702192935287,11.87828374935133,12.373385358868308,17.002278906653903,9.712927035375735,8.545548529997793,1.189466315489232,0.14248677099621437,0.4655633737605096,7012.353169684832,2.553532570721489,0.467774956035758,2.4845797522729898,1.004750335614644
154.0640338181639,132.15370064586594,142.62265899398247,386.5764675290969,47.722440358237165,176.71029142290075,31.363841750752595,20.008660925286687,25.23027281167017,34.188678949488526,47.72677121129754,151.3044227577959,150.5109948337058,89.36205715884817,93.75578570361111,40.792338872332245,8.931240597963276,8.09602576282532,0.8352148351379562,2.0378077665402454,0.9687067711936251,0.18654504102727704,0.0716723716304288,9.94689507845895,4.012673164997583,3.343786977245676,2.59043493621569,1.0277523063549916,122.20478147038816,0.1605387447576236,27.006033419993887,31.543540064058334,146.95390781563125,$HR$,[bpm],9.721099613286906,13.132817915817727,11.54556712157208,11.492271297540478,11.508895982199437,1.9987475651406912,3.5480789768835836,13.775844031670623,11.880531903879163,12.374862407099375,17.009484195862935,9.71665230724669,8.546204480684086,1.1901874345311532,0.14215644573957512,0.4655633737605091,7012.999101141345,2.5607404096067965,0.4687605308571969,2.4915929585102794,1.0068672865540587
154.04926227996975,132.18785338894926,142.63354232960606,386.7192049619171,47.6161285872791,176.6724297395409,31.360069073542093,20.0196436610699,25.23275347663873,34.18714475471811,47.620370178959675,151.18904183583666,150.50721148798803,89.40795187018033,93.67169588870806,40.82492613778585,8.922932829296048,8.088794339491862,0.8341384898041855,2.033749495844872,0.9698254389079176,0.1861255184269315,0.07165435547720896,9.925132578485183,4.003937364140135,3.3365020434124357,2.584693170932613,1.0277523063549956,122.27532247569516,0.16016743065410255,26.951646421276436,31.497236572652266,147.29458917835672,$HR$,[bpm],9.725450542583726,13.1295370087483,11.54576517761374,11.49251875115694,11.509153295676013,1.9980485733191518,3.54313185422739,13.77688612336541,11.882684601698134,12.376241902552872,17.01654201760053,9.720257620194925,8.546791776175576,1.190891432367444,0.14162387316107033,0.46556420899833145,7013.598098527082,2.5679391858069214,0.4697492807436236,2.4985973467812683,1.0089892471637723
154.03498602535257,132.22217557821617,142.6447623796926,386.86289125294013,47.51041905384665,176.63541728109652,31.356615495703327,20.030738510011307,25.235441594176923,34.1860064968275,47.515006455944764,151.07521010328165,150.50440657981832,89.45442794912572,93.58932388242552,40.858205959330434,8.91472425225129,8.081644465750372,0.8330797865009181,2.029720594743165,0.9709478872691812,0.18571162442570563,0.0716378822819846,9.90342482976461,3.9952172435457154,3.3292264593841367,2.578981126834759,1.0277529919472888,122.34610181028769,0.1597978302304403,26.8974477401884,31.451226460953734,147.63527054108218,$HR$,[bpm],9.729824031171281,13.126331044670689,11.546010818507305,11.492815009890464,11.509458726487894,1.99737447219422,3.5382541175177824,13.778011793297527,11.884909842187913,12.377702633821277,17.0237328875197,9.724081437049662,8.547430065008886,1.191628894151535,0.14129706362615269,0.4655654190963981,7014.2135705348355,2.5751425528708745,0.4707374335320768,2.5056045305124717,1.0111091035191508
154.01971362343866,132.2554624612455,142.654945492088,387.001213963654,47.40474158056568,176.5966679932185,31.35266553942402,20.041534933384582,25.237699970714324,34.18422725732421,47.40913312168047,150.96017474474942,150.49998128301237,89.49997073003705,93.50597777256381,40.890686346035366,8.906364679289108,8.074361800810765,0.832002878478344,2.025665986464426,0.9720420626456411,0.18529256306068992,0.0716191761581491,9.881799124690486,3.9865337921033586,3.321987306540554,2.5732780260465744,1.0277537934620287,122.41506693955948,0.15922709458738038,26.843508498351774,31.405059779403455,147.9759519038076,$HR$,[bpm],9.73406830171101,13.122974302025561,11.546196860789353,11.49304904528175,11.509702984512831,1.996670143628981,3.5333319974252877,13.778974618058829,11.8869913078424,12.379015362752027,17.030742759449335,9.72773223547155,8.547982895064688,1.19234088880585,0.14097175890220298,0.46556662380900016,7014.761760138215,2.5823380290241995,0.47172768644784296,2.51260374367045,1.0132334714813458
154.00313309142564,132.28737012848754,142.66379841999418,387.1343317917626,47.29918147913807,176.55630467362772,31.34878741746033,20.052152839783226,25.23995673585335,34.18259970377036,47.30406055914535,150.84608118006236,150.49435027802164,89.54464476700639,93.42320636200579,40.92353879389894,8.896487047642655,8.066957202582506,0.8295298450601492,2.021589306195751,0.9731087436345359,0.18487696992768407,0.07102947115367736,9.860154372800725,3.977841929280726,3.314736712032606,2.5675757314873913,1.0277545836610649,122.48226236525744,0.15886135203799712,26.789856961818913,31.35915775145614,148.31663326653307,$HR$,[bpm],9.738190592157634,13.119500966443436,11.546323218969304,11.493223180236896,11.509887426524216,1.9959764406816618,3.528430769739602,13.779807660730727,11.88896786190009,12.3802261517548,17.037608649454796,9.731466390854203,8.54846283569099,1.1930729301810497,0.140647948619628,0.46185171554146387,7015.255353248514,2.5895218169743566,0.4689428841795571,2.5195916010901827,1.0153537778457307
153.989798586892,132.32215566559424,142.67562768685394,387.2770368101428,47.19473952591977,176.51989556532735,31.345038565531453,20.06299627279773,25.242333762046158,34.18098392639942,47.19885709105244,150.73213475846393,150.4922722155249,89.59169878708683,93.34143373873064,40.95638005851683,8.88836102257641,8.059896336783675,0.8284646857927356,2.017605113677257,0.9742226655030984,0.18446142242672625,0.07101202708251586,9.838829392831627,3.9692797975710365,3.30759740449544,2.561952190765149,1.0277553686083838,122.55239210741586,0.15849728584971914,26.736215413436902,31.313068820185418,148.6573146292585,$HR$,[bpm],9.742537265630414,13.116320537924988,11.54645958405725,11.493419333714874,11.510088524522917,1.9952982211137753,3.523553757352033,13.780975480060984,11.89122264410221,12.381722395066522,17.044865823563686,9.735269612718046,8.549176917072447,1.193801777555994,0.14032562250389147,0.46185171554146387,7015.843242550558,2.59673839369553,0.46993041465564084,2.5266113639587244,1.0174919759791423
153.9746051216374,132.35491118143528,142.68557424772771,387.41408721305925,47.09046794837183,176.48175066053565,31.34116708958884,20.07368757459875,25.24456274880786,34.17928364326701,47.0939225371618,150.61831288677686,150.4887288075939,89.63773516628673,93.25983986000958,40.98931429238777,8.880103977448485,8.052705248115398,0.8273987293330873,2.013598533094643,0.9753060393099907,0.1840460179169309,0.07099411595830783,9.81749221122899,3.9607131012945445,3.3004565737838214,2.5563225361506228,1.027756144881413,122.62056101499364,0.1581348845236337,26.68291071009988,31.26706283887495,148.99799599198397,$HR$,[bpm],9.746745350947961,13.113013223946545,11.546678067136696,11.493685042864753,11.510364429932164,1.9946139263849842,3.5186894806258877,13.781998028058108,11.893353795831251,12.383095044689682,17.051931030262338,9.739113220910797,8.54980546170459,1.1945326734557247,0.1400047703744273,0.4618520763409,7016.385354632156,2.6039359207351707,0.47091829602524393,2.5336126022731045,1.0196301373291912
153.95923045767506,132.3873052935223,142.6952512720839,387.5495576135266,46.98656840855996,176.44340608891338,31.337669083767633,20.084433839556382,25.24703952569464,34.1780065651613,46.99049879970814,150.5065257440174,150.48552639465703,89.68387014809372,93.17983344457154,41.02308034084401,8.87186822243899,8.045512354092384,0.826355868346607,2.0096001783692046,0.9763804533756674,0.1836384249706331,0.07097778167432912,9.796148617820677,3.952136779729586,3.2933021513545913,2.5507096867365,1.027756911054852,122.68812862459323,0.15777413666575638,26.629823947562247,31.22156900999092,149.33867735470943,$HR$,[bpm],9.750924253753942,13.109703431268406,11.546926799732402,11.493980968440205,11.510670563543306,1.9939563464486294,3.5138925280456483,13.783020534847239,11.895495076240488,12.384486393428192,17.05904139271792,9.74323724525406,8.550450474763021,1.1953019457552005,0.13948439598221007,0.46185327954714867,7016.911979570919,2.6111319208883117,0.47190108167272027,2.5406123693280174,1.0217553984577603
153.94337542677317,132.41910421944925,142.70438258531243,387.68259436977144,46.882980656748096,176.40451978948659,31.333978740020413,20.095103254038143,25.249319600293777,34.176497216445824,46.88684166985188,150.3943405253095,150.48188273646952,89.7298397293137,93.09952448051918,41.05657696552833,8.863592268112678,8.038286074404697,0.8253061937079804,2.005601088952072,0.9774420307246342,0.18322868564834682,0.07096082398904358,9.774931795881521,3.943618451001422,3.2861985609764375,2.5451147839036627,1.0277576688597587,122.75485257897058,0.157415030985837,26.57697246799356,31.175934882976136,149.67935871743487,$HR$,[bpm],9.75504112897871,13.106350256569737,11.54712854111752,11.494229814488394,11.51092954563104,1.9932932802506587,3.509074860095204,13.783999446307106,11.897597170339372,12.385838314877125,17.066112276029322,9.747228240398162,8.551084953671635,1.1960629439506176,0.1391669191135935,0.4618544803425624,7017.414479463958,2.61832440811977,0.47288847208890833,2.547608728645789,1.0238906240298067
153.92754285252727,132.45074416285416,142.71344186182512,387.8146441973013,46.77978906005535,176.3656315407707,31.33046569337884,20.10569281664418,25.251705385735217,34.175180931668784,46.78416216304581,150.28338061744614,150.47847078897576,89.77590053146392,93.02085503355336,41.09050607260328,8.853921832468465,8.03107432564747,0.8228475068209962,2.001614040253799,0.9784974742370425,0.18282369318834665,0.07036635023482257,9.753693007453046,3.935079657292167,3.2790742166267544,2.539539133534126,1.027758417053602,122.8211548494515,0.15705755629618176,26.524322596968787,31.130629328959024,150.02004008016033,$HR$,[bpm],9.759130362666662,13.10300035383462,11.54735909573056,11.494508147326572,11.511217453268829,1.992647023382558,3.5043270975847625,13.784975455536264,11.89970245406795,12.387199416408189,17.073212925060364,9.751456110972212,8.55173423281867,1.1968558539130234,0.13905095748515456,0.45809057659783364,7017.905829730949,2.6255175005551035,0.47001004151714215,2.5546056903936516,1.0260198867390649
153.9113994452424,132.48190442007925,142.72211282832882,387.9453476103068,46.67695156639438,176.3264434612401,31.326936888388595,20.116249000033914,25.254039172855112,34.17388154822364,46.681868093570515,150.1727852136233,150.4748478444831,89.82170836238541,92.94237953940512,41.12455381857014,8.800845851788518,7.979031465693411,0.8218143860951068,1.99763163984249,0.9613242405206853,0.18241968518369653,0.07035039046472089,9.732578761046014,3.9265973587964567,3.271997842543985,2.5339835597055727,1.008643482166012,120.60118941457252,0.15690132151241556,26.471895338066442,31.085438035370238,150.36072144288576,$HR$,[bpm],9.763183162376802,13.099625849356942,11.547584112896423,11.4947797806987,11.511499160589166,1.992001839438307,3.4995763297142215,13.785940022985177,11.9017867013647,12.388542160801164,17.080287389725523,9.755691841737242,8.552374484783886,1.1976545648466383,0.13853628133538984,0.45809057659783403,7018.380112277696,2.5837417690619016,0.47098655420186963,2.561600619788316,1.0281515889277006
153.8953547535611,132.5129517779071,142.73078074221888,388.0753892796903,46.57454346905564,176.2874081964587,31.323090046067577,20.126703848219723,25.25610931828327,34.172093626850625,46.57877696346612,150.0610619052819,150.47142822084118,89.86779749424454,92.86318368344111,41.15801694064674,8.792550138920628,7.97178470232485,0.8207654365957782,1.993664190423647,0.9623458511718208,0.18201064912765522,0.0703330242852627,9.711619568829738,3.918180447858658,3.2649831510989977,2.5284559698720805,1.0086434821660157,120.66525455426688,0.15654662437601777,26.419665446071967,31.03988227996581,150.70140280561122,$HR$,[bpm],9.767226985987989,13.096248943642074,11.547823314919235,11.495062603032675,11.511793158599863,1.9913400907105208,3.4947955548325216,13.786916481345232,11.90387764930852,12.389889302043558,17.087360034800472,9.759835311374706,8.553048276754378,1.1984248939234226,0.13822310091215817,0.4580905765978348,7018.849035817604,2.5907984398051584,0.4719707073913185,2.5685968190083748,1.030299970142519
153.87751290319403,132.54227452221448,142.73768641043588,388.19766947629086,46.47198828771437,176.2456922967709,31.319097814756397,20.13680922567656,25.257987721866858,34.17020742786667,46.47643499461001,149.94975134361349,150.4656810569898,89.91193732048393,92.78420273864364,41.191715439714514,8.784046727382766,7.964328443315004,0.8197182840677604,1.9896515166793916,0.9633275253185776,0.18160307504721832,0.07031492660634286,9.690599652231915,3.909736886707552,3.2579430301308236,2.5229197353935406,1.008643482166012,120.72678324886071,0.15619352730630937,26.36773000355811,30.99467293420723,151.0420841683367,$HR$,[bpm],9.771062224619037,13.09268235770014,11.547961531573632,11.495244578642733,11.51198623970351,1.990674570134784,3.4900246777580977,13.787663737320035,11.905773001207608,12.391041002945439,17.094137818319073,9.763990077601727,8.553579705942132,1.1992070611876589,0.13791133327045635,0.45809173095299904,7019.2259664229105,2.5978398535785656,0.4729497315244243,2.575577892001873,1.032434553098165
153.86224624204036,132.57354701483928,142.74686420275742,388.33003288922436,46.37079414810443,176.20844742364076,31.315985524797547,20.147558432043667,25.260572483047408,34.16930781935184,46.37554477416264,149.84145071822175,150.4644957018839,89.95885859022546,92.70805665386901,41.22664162589346,8.775967319023703,7.95725768263079,0.8187096363929136,1.985744915571488,0.964359833465419,0.181206765656466,0.07030121661707614,9.669818409506862,3.9013912765831122,3.250979631891436,2.517447501032315,1.008643482166012,120.79145173836626,0.15584201950061607,26.315874650787684,30.94974358021419,151.38276553106212,$HR$,[bpm],9.775167627683281,13.089465823445297,11.548273768187284,11.495603261783403,11.512354727900492,1.9900719051853324,3.485357499101966,13.788818408701696,11.908024063447021,12.392565971454951,17.101453621480037,9.76846645877279,8.554379899348291,1.2000418467874723,0.13740269658260426,0.45809292793991885,7019.739058011641,2.6049036674370614,0.4739330447473639,2.5825811731248782,1.0345783919404288
153.84524074011324,132.60322464969187,142.75435326168363,388.4539190498114,46.26933383906365,176.16817465188657,31.312273480974895,20.15777818272159,25.26261538988533,34.16770136245785,46.274274083356936,149.73173296316412,150.46038402427203,90.00404414296531,92.63114664881392,41.26080591592511,8.766190677113073,7.949949634827139,0.8162410422859336,1.9817859124274653,0.9653480854697454,0.18080484040899197,0.06969964832512739,9.648973300020119,3.893012647157237,3.2439922281762805,2.511968424686602,1.008643482166012,120.85332792987612,0.15549209025328936,26.264297697636472,30.90478762757724,151.72344689378758,$HR$,[bpm],9.779060479921707,13.08600516111021,11.548479188944025,11.49585364138314,11.512615451919242,1.989431140006502,3.480662352687093,13.789696275478198,11.91003367266142,12.393843018477396,17.108444046204234,9.77285201820755,8.555001085789385,1.2008516054113527,0.13729199826435473,0.4542810950646053,7020.142815542102,2.6119530562128754,0.4709619400827368,2.5895701527796873,1.0367192145994084
153.82833194017377,132.6328116819992,142.7618376651745,388.57790182738734,46.1683275801761,176.12820268725662,31.308601319710835,20.16800302245997,25.264669046049477,34.16611962949057,46.173179218246005,149.62243488348932,150.45679054299947,90.04955580672616,92.55436777323327,41.29500180007426,8.757891851908395,7.942676836961018,0.8152150149473767,1.9778434104111875,0.9663341655892265,0.18040389899633252,0.06968350545382057,9.628293195405073,3.88470834571014,3.2370689718399803,2.506515877854952,1.008643482166012,120.91503657609867,0.15514372895461964,26.212910184608674,30.859796697066834,152.06412825651302,$HR$,[bpm],9.782945255739138,13.08257285246997,11.548720801230504,11.496137785820164,11.51291092718146,1.9887991120218247,3.475968080178118,13.790606388046106,11.91207343743674,12.39515322861659,17.115491942560507,9.777215761615375,8.555659764826974,1.201664854171887,0.13678702820044708,0.45428109506460523,7020.546486540606,2.6190040426765977,0.47193843644947675,2.5965607164311577,1.0388687567603059
153.81264788142965,132.66346631247828,142.770408206456,388.703940798319,46.06786131106978,176.08936967618828,31.30472654202652,20.178200072248032,25.266565049533714,34.16425985718727,46.07176166233288,149.51248051242536,150.4540298532749,90.09569856749167,92.47755400574951,41.328811211381215,8.749691540114274,7.935511598111623,0.8141799420026494,1.9739344710330087,0.9673304062481388,0.18000009173397322,0.06966655135653466,9.607745479708848,3.8764530112327864,3.2301873892416406,2.5011050792344216,1.008643482166012,120.9773491015477,0.15479692508976384,26.16163678465328,30.814659421361185,152.40480961923848,$HR$,[bpm],9.786880300971923,13.079200802838775,11.548825348094867,11.496296748599086,11.513075893222652,1.988158972723768,3.4712639872362026,13.791604195492823,11.914178785609497,12.396530471584915,17.122638562881093,9.781596210665453,8.556386898732462,1.2024607115655874,0.13648125838066966,0.4542810950646053,7020.963632679071,2.6260682753353195,0.47291977081639885,2.6035644127655173,1.0410289487154267
153.79488062194145,132.6919074101608,142.7768939829709,388.8234503379507,45.96747400250914,176.0484516456374,31.30114353207483,20.18828636695729,25.268598976737202,34.162771084692345,45.97176027858015,149.40444926955672,150.44995785179051,90.1408142750125,92.40215253789395,41.363594742137586,8.741355067387023,7.92818904376617,0.8131660236208518,1.969995884568583,0.9682923446046571,0.17960356677867176,0.06965091436801595,9.587119483074215,3.868165058280701,3.223273824334763,2.495680600458751,1.008643482166012,121.03748565622281,0.154255164842983,26.110694852934962,30.77000752209027,152.74549098196394,$HR$,[bpm],9.79065837275044,13.075700947037468,11.549017665578086,11.496532805820186,11.513322469814872,1.9875401535736918,3.4666219002689704,13.792443367531572,11.916161600093833,12.397789801923539,17.1296116995041,9.786171301948592,8.557024658995113,1.2033023057423422,0.13617685253017478,0.4542819056422706,7021.324385713922,2.6331115268508327,0.47389573285240816,2.6105473077527415,1.0431754533177087
153.77725793797828,132.7203308991478,142.7834296302622,388.94233373170147,45.86748592900078,176.0076682261903,31.297387526867244,20.19829929131196,25.27048062521509,34.16106277634669,45.87168047000028,149.296090823814,150.44585777345,90.1858919776502,92.32697677561762,41.39821038000505,8.733037650561995,7.920891027366115,0.8121466231958805,1.9660710716944616,0.9692504841454224,0.17920548839352646,0.06963460233650624,9.566581594501175,3.859909781787449,3.2163908423027388,2.4902809704109856,1.00864359158194,121.09736160534001,0.15391188197842867,26.059936133041507,30.725305811345027,153.08617234468937,$HR$,[bpm],9.794427411167455,13.072192394345832,11.549229289660415,11.49678704697486,11.51358755530506,1.9869148944409196,3.461985285469752,13.79328511378286,11.9181386215083,12.399044963809196,17.136571193213275,9.790747259652633,8.557670605056133,1.2041373916168718,0.13567773545104794,0.4542830890649806,7021.677855944628,2.6401569467484896,0.47487464906239923,2.617532068594924,1.0453275952662047
153.7601104301985,132.74892457747902,142.79029175929608,389.0620889263008,45.76803547694608,175.96762537912943,31.293784241014208,20.208398497217647,25.272458810037605,34.15951902589028,45.772116211102805,149.18853885795951,150.4427736213885,90.23170733054705,92.25234249205414,41.433029878790364,8.724802497204077,7.913666539282566,0.8111359579215103,1.9621728257902475,0.9702119462758365,0.1788101057873324,0.06961914540027338,9.546193314215122,3.8517190433342487,3.2095623685696126,2.484911902311258,1.0086442921044982,121.15745093645688,0.1535701236198036,26.00934994623982,30.68071888195235,153.42685370741484,$HR$,[bpm],9.798211346284946,13.068752413069673,11.549483705693872,11.497083353787183,11.513894933105824,1.9863039921680046,3.457367481670136,13.794207403184053,11.920185616228775,12.400375345792902,17.143630458907815,9.795359025650516,8.55838859282516,1.2049836746647329,0.13537646566229822,0.45428427078316685,7022.045683597179,2.647206716956103,0.4758554010862041,2.624519602874871,1.0474837710446139
153.7424401698517,132.77680119858474,142.79654022646082,389.18012149676764,45.66891726828778,175.92714568972897,31.290466158994118,20.218484821202598,25.2746077148603,34.15830978061313,45.67368967806088,149.08258278131228,150.43959437594606,90.27739595798373,92.17929758452678,41.4684024588661,8.715108879747676,7.9064207595373075,0.8086881202103688,1.9582778563989358,0.9711614767463108,0.17842070262324985,0.06901349258421713,9.52575760350551,3.843501193659551,3.2027045820527036,2.4795518277932564,1.0086449843083625,121.21676543344677,0.15322987963419998,25.958994042244633,30.63650282009076,153.7675350701403,$HR$,[bpm],9.801947300861713,13.065297949001264,11.549712885351145,11.497356727213772,11.514178294128035,1.9857165419696388,3.4528184952501952,13.795108146726255,11.922217810641415,12.401696872062512,17.15070303946845,9.80018737592223,8.55910248672231,1.205867498697166,0.13527172813566954,0.4504244770336863,7022.396837666777,2.654250914716101,0.47278065596520147,2.631501624465169,1.0496335791490372
153.7243389606987,132.80418804470534,142.80230754413492,389.29517966088775,45.569989988548656,175.88584269689272,31.28669627896035,20.228356178861613,25.276378237874173,34.156560887359916,45.57457881290925,148.97532051360903,150.43551472063498,90.32254706892387,92.105296260217,41.50311696491024,8.706797648711522,7.899120309084662,0.8076773396268602,1.9543764987097916,0.9720951716498274,0.17802580054282174,0.0689975082485848,9.505455013407158,3.835342053935466,3.195902960269798,2.474209999201893,1.0086456668936483,121.27506263367052,0.15289113997831164,25.908844788082376,30.5920327311838,154.10821643286573,$HR$,[bpm],9.805612215403059,13.06175110311473,11.549930183297068,11.49761463571472,11.514447647748765,1.9851023399790777,3.4482225487386926,13.795922209246267,11.924167461841181,12.402932483438578,17.157677884815865,9.804907728286235,8.559772805327853,1.2067154035463856,0.13477792212100848,0.4504244770336858,7022.709879998781,2.6612922816999935,0.4737539372589321,2.638480855121346,1.0517943882155
153.70616074911223,132.83129588111308,142.80790245250188,389.4096439072265,45.47150354833693,175.84471359123722,31.283231227978938,20.23828989500085,25.27834315895684,34.15514824608196,45.47650469507979,148.8695808712506,150.4319052632404,90.36792433494163,92.03251517605051,41.538485563746605,8.698532154675505,7.891847983195861,0.8066841714796438,1.9504902643667066,0.9730251759568141,0.17763656901766026,0.06898301288463399,9.485205423995655,3.8272040718305904,3.1891145182250793,2.468886833939985,1.0086463439438682,121.33310146710919,0.152553894697446,25.85889710283727,30.547882535123144,154.4488977955912,$HR$,[bpm],9.809265836995175,13.058238767675947,11.550143793394248,11.497870724965994,11.514714308089365,1.9845119783879213,3.4436741868254215,13.796767079264418,11.926149303797628,12.40420676821829,17.16469308782318,9.809763158272078,8.560474233132702,1.2075929023704366,0.13448063073965943,0.45042499809780423,7023.023604148953,2.668332735866765,0.47472602993653346,2.6454591858563847,1.0539513391604711
153.68880188663627,132.8589598820989,142.81417330615602,389.5263179078015,45.37364103777838,175.80484184487287,31.27987939146735,20.248279613406247,25.280382647815028,34.153859425380425,45.3787019700486,148.76434644262363,150.42963106749812,90.41416033006698,91.9605867064197,41.57408589604728,8.690388875184597,7.884692730718316,0.8056961444662809,1.9466408015963204,0.9739659995086862,0.17724882995355157,0.06896911495144063,9.465092471097693,3.819120447232535,3.1823729235623137,2.4635991003028437,1.008647015125253,121.39178651468613,0.152218133924549,25.809096360278456,30.50374841498097,154.78957915831663,$HR$,[bpm],9.812972425514193,13.054824884094916,11.55042822452338,11.49819697611442,11.515051243744136,1.9839347819414155,3.4391600684294015,13.797726906870388,11.928229124257422,12.405583907816053,17.17184219240409,9.81467406033009,8.561264488132826,1.2084812230035549,0.13418464799463428,0.45042617433807214,7023.36680111824,2.6753812067586678,0.4757018804879829,2.6524454706550054,1.056115091861735
153.67101880566838,132.88608615013277,142.81995950230586,389.6405729025882,45.276040527538136,175.76439652030547,31.276504975372376,20.25824057035248,25.282369583208958,34.152523612801716,45.28135009842807,148.65960890259956,150.4269100381438,90.45988538250901,91.88914008467593,41.60986056464657,8.68221595907956,7.877503936885045,0.8047120221945143,1.9427906864628068,0.9748938407262359,0.17686266877896933,0.06895522642205273,9.445015228882834,3.811049444721652,3.1756412769921925,2.4583245071689883,1.0086476777511322,121.44963411913713,0.15188384787924253,25.759506147940233,30.459753279786984,155.1302605210421,$HR$,[bpm],9.81662445835351,13.051358857047088,11.550696442367064,11.49850656360573,11.515371578847043,1.9833616254393118,3.4346601020190217,13.798636658427442,11.930266455720508,12.406921582305516,17.178950944933717,9.81965826755876,8.562035412366221,1.2093783164427456,0.13369648265548612,0.4504273457901951,7023.6839623982505,2.6824261287880975,0.47667722535952634,2.6594282502774407,1.0582777218449746
153.65230128668378,132.91222731876437,142.82478380957198,389.75074410463856,45.17855598982774,175.72263515632423,31.272850736435014,20.267891509108715,25.28409152837878,34.150863307937094,45.183739473377315,148.55427311379606,150.4230223224008,90.50467348463172,91.81734085309002,41.64520857860322,8.67246815882361,7.870220402825822,0.8022477559977885,1.9389247939289234,0.9757989470571832,0.17647386328522022,0.06834229768949054,9.424972815259139,3.802992225820912,3.1689231489951424,2.4530574404430854,1.0086483318810615,121.50603828691504,0.15155102686687502,25.710151654416375,30.415644414863458,155.47094188376755,$HR$,[bpm],9.820172715383045,13.047787733151871,11.550912434761496,11.498762559261724,11.51563877310611,1.9827711459172548,3.430146019959474,13.79942720488606,11.932198710047889,12.408152360714041,17.185891763657256,9.824565196569454,8.562739579886948,1.2102643638705903,0.13359657400239172,0.4465219956601576,7023.952652687048,2.6894626360849814,0.4735129343141474,2.66640270060162,1.0604470528133452
153.63292189714466,132.937657460783,142.82890773144376,389.85756723501555,45.08122274186142,175.67980729842586,31.269013991358605,20.277422331366434,25.285627729680257,34.14895158345525,45.08626727052694,148.44864800555766,150.4182736592046,90.54901583382048,91.74509108782091,41.68025921262434,8.664112509613243,7.862863126472169,0.8012493831410747,1.9350480714565665,0.9766849067841523,0.17608380087025277,0.06832651747977764,9.405027061149557,3.794979329616522,3.162244640580844,2.44780309095219,1.0086489770218294,121.56122429796424,0.15121966127758413,25.66101559144035,30.3716253911851,155.81162324649299,$HR$,[bpm],9.823624492166356,13.044134385598758,11.55109661767932,11.498984976215858,11.515873087210528,1.9821720394861113,3.4256104583378524,13.8001296256136,11.934056606346275,12.409308179150496,17.19274833387761,9.829421742272022,8.563382586612795,1.2111407278645614,0.133304465737692,0.44652199566015727,7024.178493346142,2.6964935044915097,0.47448183572156755,2.673371575167078,1.0626169378735155
153.61642643240938,132.9656073050435,142.83568006317347,389.9725923711482,44.98486028364314,175.64051199448227,31.265436336724804,20.287186347408674,25.287391019534496,34.147339386189756,44.98906746424308,148.34385803434074,150.41675060931613,90.59543977915308,91.67420516030084,41.71555070205533,8.611075763163628,7.810814603170984,0.8002611599926446,1.9312520013267842,0.9593230406126403,0.1756964366835013,0.06831216493952492,9.385305503827217,3.7870537951369387,3.1556376890673747,2.442614019622906,0.9897791027228694,119.34366721570674,0.15108195781669068,25.611893163381538,30.327556570510904,156.15230460921845,$HR$,[bpm],9.827288872145244,13.040743792073862,11.551255986663522,11.499195752372819,11.516089963139631,1.9815971950121942,3.4211209556342546,13.801132805013031,11.93616741673799,12.410725615736638,17.200004138224685,9.834400191417863,8.56423215053867,1.212029570213483,0.1328214158413909,0.4465222762302586,7024.489605814576,2.652974055342372,0.4754571681958047,2.6803698401431943,1.0648005564466514
153.5971209142422,132.9907029898807,142.83969575362087,390.078252778702,44.8883337237993,175.59801395928181,31.2619304981716,20.296704027952604,25.289107821745464,34.14580640109562,44.8930051509151,148.24035423010963,150.41264885226585,90.64009292522225,91.604241785446,41.751571944607456,8.60275247145226,7.803467425270816,0.7992850461814422,1.9274034579590913,0.9601849262973383,0.17531376396021936,0.06829804343061079,9.365447350675526,3.7790695226446873,3.1489784155254217,2.4373994125054166,0.9897791027228693,119.39726621263509,0.15075305612852524,25.56312153633363,30.283930029760224,156.49298597194388,$HR$,[bpm],9.8307213386881,13.037123085462184,11.551477132882779,11.499456289361971,11.516361722212011,1.9810311759091006,3.416673844485574,13.801868953957783,11.938060266199361,12.41192602148589,17.206939161538624,9.839524612449033,8.564921185352901,1.2129526296701474,0.1325322669017951,0.44652344006413447,7024.7093797424595,2.659872984978544,0.47642592407556184,2.687340011181554,1.0669673332426455
153.57767843276295,133.01547162462398,142.84348186324468,390.1831506265545,44.79221910865197,175.5556197860504,31.258316859790387,20.30623333093648,25.290727229601252,34.14416705969641,44.79685218442916,148.13664072105277,150.4087358343858,90.6848400666438,91.53409581944503,41.78738789468045,8.594448018028519,7.796142570081172,0.7983054479473459,1.923568556265972,0.9610422445800328,0.1749299699086853,0.06828362681787803,9.345697608645704,3.771132163330605,3.1423603081022247,2.432205137212873,0.9897791027228694,119.45055731198738,0.1504255833513486,25.514545853468114,30.240224137918336,156.83366733466934,$HR$,[bpm],9.834140690410383,13.03350551433333,11.551678243645128,11.49969639255758,11.516613107418717,1.9804591634766264,3.4122175487503936,13.802626462595944,11.939958844056603,12.413133797167793,17.21387973132593,9.844591713355483,8.565627880489984,1.2138601414102765,0.13224437416766138,0.44652460004976013,7024.927990867943,2.666770249141654,0.4773987619488164,2.6943084995484385,1.0691432496566051
153.55776333617757,133.03973521915154,142.846759203167,390.2847047638837,44.6962400438304,175.51223826624073,31.254558522889543,20.315559182999156,25.292190673391506,34.142319994816305,44.70088181747883,148.03299890904546,150.40396794141336,90.72909659924369,91.46419539996273,41.82328176591703,8.584589271608829,7.7887504741087135,0.7958387975001151,1.919723722284847,0.961882161499183,0.1745461752019007,0.06766471809082902,9.325995349416567,3.763213207026407,3.1357587441916497,2.4270233981985117,0.9897791027228693,119.50274369262169,0.15009953019350425,25.466167194579953,30.196565729877552,157.1743486973948,$HR$,[bpm],9.837465413500663,13.029810802777831,11.551869508073537,11.499925634749214,11.516853998368727,1.9798836955401276,3.407769908475442,13.803296421992814,11.941782575346888,12.414267518033453,17.22070748593465,9.849648298302798,8.56629338562789,1.2147713586459163,0.13195772947037077,0.4425749900659234,7025.10241811146,2.673664352425034,0.4741396589347652,2.70127379439495,1.071320498395402
153.53791088788543,133.06385077024146,142.84999661436444,390.38636561426824,44.600702158188746,175.46915716801584,31.250783021843517,20.324844761801735,25.293617064589576,34.14044778154464,44.60505523442363,147.92938182698725,150.39961638849365,90.77366491367414,91.39458862654158,41.858886412902464,8.576256145095845,7.781398438170379,0.7948577069254663,1.9158972115892325,0.9627200396995397,0.17416235502342461,0.06764972096253728,9.306364690809643,3.75532052281288,3.129180241494864,2.421863926501898,0.9897791027228731,119.5547807051771,0.14977488744372186,25.417972524642906,30.15293830308306,157.51503006012024,$HR$,[bpm],9.840789235850172,13.026133026621958,11.55206789311769,11.500161509102373,11.517101610619589,1.9793099408670947,3.4033353212678676,13.803993313881815,11.943630258188731,12.415427295545802,17.22757495965776,9.854787334990432,8.566993518251074,1.2156818174218342,0.1316723247119743,0.44257499006592343,7025.28094114957,2.680558262987496,0.47510560988743833,2.7082388945304112,1.0735030685233011
153.5195842370543,133.08912899581384,142.85456865564277,390.49342823655985,44.506012030498,175.42852784534122,31.247489329640278,20.3344803505698,25.295415699643765,34.139112449519956,44.51023851481253,147.8275876461098,150.39773869447734,90.81973794634148,91.32671785343894,41.89516366579029,8.568157078572757,7.774258602513618,0.793898476059139,1.9121307237503369,0.9635841553202399,0.17378499605788195,0.06763714868160542,9.286903629292897,3.7474971823703918,3.122657908409149,2.416748538513358,0.9897791027228693,119.60842349731197,0.14926150392703016,25.369882867474523,30.109561566659202,157.8557114228457,$HR$,[bpm],9.844257506750685,13.022658373525392,11.552388223411233,11.500519504769935,11.517471025106401,1.9787734436765638,3.398966293520024,13.804916896955062,11.945674074137932,12.416793609167977,17.234745858063178,9.860133646257356,8.567847725849944,1.216624356956149,0.13138815186443037,0.4425750747284508,7025.528191667991,2.6874666599053993,0.4760734923535417,2.715218630613855,1.0756897971392636
153.49841977297157,133.11175645461202,142.8564050636806,390.58896274597487,44.410874222156515,175.3837234656965,31.24376911339958,20.343603579538875,25.296793370784037,34.137326322193836,44.41554545812535,147.72533018856774,150.39218023587966,90.86340809392965,91.2580916006303,41.931294272011506,8.559723887872238,7.766794208643456,0.7929296792287823,1.908291326796956,0.964389245822335,0.17340576317977954,0.06762256170996939,9.26731587788918,3.73962011698062,3.1160884994743556,2.411607261434206,0.9897791027228693,119.65838047276257,0.14894006415419517,25.322118463771176,30.06630305136567,158.19639278557113,$HR$,[bpm],9.847432680988836,13.018863015885795,11.552521120281174,11.500690136606215,11.517653012706766,1.9782097197515005,3.394572076886635,13.805473491878534,11.947406668233963,12.417843211795358,17.2414854702496,9.865385973451374,8.56847928782226,1.217559392997563,0.13091547040305054,0.44257622431870564,7025.640102398868,2.6943486830318957,0.47703764265461324,2.7221717205584337,1.0778654985114868
153.47850757393735,133.1353133776502,142.859321020263,390.6887013341074,44.3164913389608,175.34093709380156,31.24025288604426,20.352898823062976,25.298325584880782,34.13570996448107,44.321111904037515,147.6237697314635,150.38855151790267,90.90835074923214,91.19041033821158,41.967686527018,8.55147574231182,7.759506658051698,0.7919690842601232,1.904503141401569,0.9652150122779831,0.17302866970506797,0.06760916942506345,9.247925475311511,3.7318271726926406,3.1095909453497725,2.4065073572690983,0.9897791027228694,119.7095987617014,0.14862000586944973,25.27446931303496,30.023018640331617,158.5370741482966,$HR$,[bpm],9.850709661110825,13.015220455440618,11.552742917734058,11.500949374290295,11.517923651966706,1.977665529656499,3.3902049836277173,13.806210234286585,11.949292553732517,12.419052057042137,17.248455544093662,9.870687137340164,8.569239444674364,1.218507625020384,0.13063414528652267,0.4425773725294558,7025.806873397172,2.701242700963982,0.47800733097433806,2.7291369291722756,1.0800537050558865
153.45817902728183,133.1583517481261,142.86176541108426,390.78592590266965,44.22234187129463,175.297526552188,31.236705037417625,20.36215630022309,25.299797499630234,34.13409655980573,44.227166516446836,147.52254520770754,150.3844675447634,90.95291787122252,91.12311993343806,42.004197173033425,8.541694202778793,7.752183220678392,0.7895109821004005,1.9007137291214802,0.9660274174957519,0.1726528572761858,0.06698575333373315,9.22855273120872,3.7240370874145103,3.103095473784467,2.401420170009746,0.9897791027228694,119.75996694186402,0.14830132018582448,25.227019879330214,29.979937272758033,158.87775551102206,$HR$,[bpm],9.85392846426688,13.011527616044395,11.552953656488778,11.50119700728305,11.518182808212089,1.9771234384108727,3.3858588435889567,13.80689235994673,11.951130497328188,12.420215904005255,17.25536130879889,9.876049427935047,8.569973488882304,1.2194608019535034,0.13054294553936904,0.43858486404000674,7025.946419952382,2.708132628760712,0.47465354337787824,2.7360980054142123,1.082238769039192
153.43823236853794,133.18153577329886,142.86448557448352,390.8837437104166,44.12865122593589,175.25470186583593,31.233158655100333,20.371280273913836,25.30124154094356,34.13242219376167,44.13327678892834,147.42157249799558,150.38095119835145,90.99793603061954,91.05634556194144,42.04066221194457,8.533474341149189,7.744919539553156,0.7885548015960326,1.8969462553231562,0.9668421753895088,0.17227743071600424,0.06697248863197654,9.209302670702881,3.7162982752939984,3.096644589174485,2.3963598062343965,0.9897793243386775,119.81047313145125,0.1479839982924124,25.179724570082023,29.93678336291549,159.2184368737475,$HR$,[bpm],9.857169385585626,13.007877901050986,11.553198520014071,11.501478257589023,11.518475682560576,1.9765864385526717,3.38152685273079,13.807623256696367,11.953010132802442,12.42142418853995,17.26231926639244,9.881429263740248,8.570755380232837,1.2204185991858576,0.1300751067793179,0.4385848640400076,7026.094869540293,2.7150268545038743,0.47561622931252184,2.7430628098014913,1.0844337511591284
153.41772059258713,133.20398980533574,142.86656572962383,390.97942091887404,44.03522629486585,175.21128565062273,31.22975880900785,20.38048594095465,25.30276731910104,34.13093748352958,44.04021804973143,147.32156227179217,150.37727433672868,91.04258700734438,90.99052351438944,42.07746675838361,8.52523187293282,7.737622828226753,0.7876090447060655,1.8931792760287542,0.9676430118682998,0.17190562786509445,0.0669598374625745,9.190006883735368,3.7085326073515312,3.0901668197697543,2.3913074566140815,0.9897799265058402,119.86011889717304,0.14766803145355648,25.13264264419222,29.893939061331732,159.55911823647295,$HR$,[bpm],9.860347517647154,13.004200281792427,11.553407047714074,11.501724864374166,11.518733053572234,1.9760589676693994,3.377242103893148,13.808316045524572,11.954865841507829,12.42261196137097,17.269233865469918,9.887021287983433,8.571531910658791,1.2213930199667513,0.12979737796554647,0.43858486404000674,7026.221878952343,2.721914453092018,0.4765762061588802,2.7500198581527378,1.08662255639403
153.3986340188724,133.22760095588964,142.86989046614875,391.07907640664394,43.942464092525384,175.1696979603178,31.22657352832853,20.38978522779509,25.304445850442296,34.12971877879324,43.94767693075995,147.22262772835865,150.3752093727957,91.08803317056834,90.925577699865,42.11454811799594,8.517160173432606,7.730485097848202,0.7866750755844039,1.8894575181315056,0.9684632533515033,0.171537355161208,0.06694844792188297,9.170953307040874,3.700873759337177,3.0837810435995454,2.38629850410415,0.9897805237388615,119.91094519771401,0.14735341100804822,25.085653856913044,29.85117003335117,159.8997995991984,$HR$,[bpm],9.863622107575589,13.000648722644042,11.553732561685324,11.502086905136643,11.519106512754579,1.9755537531914067,3.3729772590988762,13.809166557133683,11.95684778088461,12.42393332800722,17.27636159634337,9.892627057490577,8.572391092892566,1.222381369370793,0.12952083260580033,0.43858592993574524,7026.39120228978,2.728817049158399,0.4775396996185418,2.7569920641097156,1.0888167335612053
153.38018448698918,133.25177412358423,142.8737629911583,391.1787371393656,43.85002780093813,175.12839220042733,31.222960220524993,20.3988260269267,25.30577768043107,34.127894253052375,43.85420124065629,147.12203095815218,150.37326195461225,91.13377992943514,90.85980746452815,42.15087633122474,8.509103363467332,7.723383308580959,0.7857200548863723,1.8857508787001533,0.9692829865766591,0.1711624682659786,0.0669351150211646,9.151994803754361,3.6932491809652905,3.0774260243261553,2.3813195984629134,0.9897811135468113,119.96171812322264,0.14704012836833624,25.038788542496043,29.808045032446774,160.24048096192385,$HR$,[bpm],9.866900916063939,12.997105380265182,11.553860212788832,11.50226295551023,11.519288660977649,1.9750231289322653,3.3686794370481423,13.810036116112087,11.958833025207603,12.425255361480664,17.28351361421432,9.898066311832247,8.573273800975734,1.2233348462713123,0.12905815088634864,0.43858706112676493,7026.549545016058,2.735727299143381,0.4785105424165804,2.763972015327807,1.091027494489347
153.35986624545436,133.27392400304464,142.87575316997032,391.2729425055777,43.75772512786857,175.0854007388972,31.219804784420802,20.408034524006492,25.307400389895108,34.1266819997015,43.7625068372141,147.0238905356706,150.3703859300137,91.17880411540979,90.79561444163025,42.188335915860165,8.499439474585431,7.716160727308169,0.7832787472772618,1.8820237180856927,0.9700741385436441,0.17079692861837048,0.06630825320165465,9.132966634811215,3.685595703539479,3.071041585646278,2.376329345625457,0.989781697423513,120.01070134700522,0.14672817501974497,24.992218050849342,29.76557529376257,160.5811623246493,$HR$,[bpm],9.87004885975455,12.993465067338645,11.554119258593152,11.502558647298102,11.519595438073768,1.974525849908834,3.364452914395017,13.810786203551418,11.960733613057597,12.426498437891402,17.29055069904995,9.90376449847554,8.57409410498901,1.224339543208264,0.1289712621192663,0.43455308453573804,7026.666361715648,2.742617469173972,0.4750625783053372,2.770931687576404,1.093221047580132
153.33855360034917,133.29507102660344,142.87673607999454,391.36242246022795,43.66546768652655,175.04089175413867,31.21611488960619,20.416867209620293,25.30857284995899,34.12481399152384,43.669968239976455,146.92429267784297,150.36589717539164,91.22272752400599,90.73046467474167,42.22511734331997,8.491160730305564,7.708828897967999,0.782331832337565,1.8782768388128885,0.9708405993854851,0.17042536463671276,0.06629489241107787,9.113991100043165,3.677965041068989,3.064681116068521,2.3713449429056594,0.9897822736809888,120.05813748841628,0.14641754251970318,24.94586679086324,29.722769083347195,160.92184368737475,$HR$,[bpm],9.873070769450173,12.989687992498137,11.554305695549878,11.502780150428698,11.519828568569936,1.9739966799013309,3.3601845661790395,13.811389270164158,11.962495292621954,12.427599178436287,17.297377298033997,9.909283211950076,8.574822357868197,1.2253142184668369,0.1286982220873824,0.43455308453573804,7026.727565587338,2.749498490438968,0.4760212917171396,2.77788212978761,1.0954272530954527
153.31822657218572,133.31693053097297,142.87855812152068,391.45486330605564,43.57383972692895,174.99791856863524,31.212806294639474,20.425853072409137,25.310014956956433,34.12338619884586,43.57847862485095,146.8262394546695,150.36308115838125,91.26785784635602,90.66670485197496,42.262333031251124,8.48303574252914,7.701632684363557,0.781403058165582,1.8745706228132946,0.9716215253019727,0.17005938749037722,0.06628331908099758,9.095141262922246,3.6703851059585304,3.058361556084071,2.366394600879643,0.9897828455115342,120.10644873067776,0.1461082224969823,24.899633140401626,29.68030699873995,161.2625250501002,$HR$,[bpm],9.87616916810519,12.986035350958732,11.55457675545914,11.50308651908873,11.520146356935852,1.9734961056816183,3.355969243164311,13.812133058123964,11.964386848897997,12.428836975618369,17.304396417966498,9.9150064096153,8.575665185743,1.2263175289479833,0.12824021057378449,0.43455308453573804,7026.827420492932,2.756388913241701,0.47697902187585817,2.7848420749474188,1.097631195934201
153.29771746638045,133.33844555421123,142.88012132779002,391.54654200996714,43.48257173772888,174.95493651536265,31.209647227620252,20.434933000971863,25.311548274906,34.12213358640071,43.48754704288653,146.72916499535853,150.36044454444726,91.31295352740366,90.60390458635314,42.299928378201265,8.474933754061144,7.694448972766731,0.7804847812944145,1.8708748399940052,0.9723971001550724,0.1696968635936363,0.06627255969677608,9.076327463906196,3.6628183173150783,3.052049615156509,2.361459531434609,0.9897834122259617,120.15440969133614,0.14580020665094454,24.85358378779482,29.637970777154067,161.60320641282564,$HR$,[bpm],9.879249973821942,12.982391949880018,11.55483005747475,11.503376922217083,11.520447329055013,1.9730121956854896,3.351792497102254,13.81288184357109,11.96628390622677,12.430084978074031,17.31142320624708,9.920824141493267,8.576516695112064,1.2273429172287185,0.1279698629076443,0.4345540128209529,7026.923015892699,2.7632774440312318,0.47793809071991383,2.7918001149532214,1.099835869924037
153.27756355505397,133.36012886064526,142.88193904939646,391.6388264312617,43.39172158607434,174.91242402835965,31.206553835766712,20.443957536400195,25.313105139554946,34.1209415863369,43.396971598534684,146.63241383031618,150.3583331750582,91.35833156669784,90.54147086940387,42.337535448017086,8.466887187607467,7.687317414658643,0.7795697729488242,1.867199281555485,0.9731736512325811,0.16933545969380567,0.06626200898457812,9.057592000596658,3.6552800576322406,3.045763156466784,2.3565487864976333,0.9897839734385843,120.20241152588477,0.1454934867508002,24.80768408940406,29.595756125759404,161.9438877755511,$HR$,[bpm],9.882344723865218,12.978785349778402,11.555131929603073,11.50371420322605,11.520795767542687,1.9725332019051804,3.347636323315913,13.813678184061754,11.968218729723414,12.43137427612663,17.318503321402208,9.926708969670083,8.577405085194249,1.2283681527939103,0.12770065270229472,0.4345551320931321,7027.024090923182,2.7701692196619643,0.4788981047192764,2.7987614408810715,1.1020422251431168
153.25630283071087,133.38064870630103,142.88263925154203,391.72633307954936,43.300919544608284,174.8683703596334,31.203040099628147,20.45270803678851,25.31429817526744,34.11923337716998,43.30587632202603,146.53472755407861,150.3547538480172,91.4028998975479,90.47831768160195,42.37475145414969,8.457187164125415,7.6800743828358895,0.7771127812895262,1.8635032230876025,0.9739253878212957,0.1689699665889139,0.06562872499219433,9.038934958753655,3.6477803052872027,3.039512109451496,2.3516425440149553,0.9897845272630001,120.24886191353308,0.14518805463487486,24.762007820828796,29.553319574736303,162.28456913827657,$HR$,[bpm],9.885312950070306,12.975040382726453,11.555358317781911,11.503974798240527,11.521068022971875,1.9720316867763237,3.343437928354908,13.814327654536598,11.970026638465598,12.432532616191333,17.3254351687421,9.932396989529382,8.578218708444737,1.2293704559783711,0.12743257279417677,0.4304811799661414,7027.071071587934,2.777050999798136,0.47536263083167574,2.8057126812007973,1.1042587991165245
153.234843544919,133.40083910841585,142.88307499182835,391.8122582510676,43.21039929320006,174.8240394164111,31.199704377436664,20.461536344647158,25.31559678606772,34.1177804435558,43.21564170384714,146.43812959412452,150.35118005322613,91.44749130132992,90.41610781174151,42.41242171411927,8.403907197126426,7.6277113936086876,0.776195803517739,1.85981279227169,0.9563300506586706,0.1686084790486383,0.06561745734068652,9.02027399408844,3.640272703829778,3.0332514472802057,2.346749842978453,0.9711624137040935,118.03142089543223,0.14506846769040713,24.716508918020008,29.511194812188496,162.625250501002,$HR$,[bpm],9.888240789382007,12.971293295915554,11.555585173095798,11.504236553770124,11.521341024818849,1.9715450458192052,3.339287457400969,13.814960575344601,11.97182764008528,12.433688366678464,17.332365149535736,9.938240542012036,8.579038669283447,1.2303929546868022,0.1271656160797589,0.4304811799661414,7027.10200930498,2.7315512660399466,0.4763142980029505,2.8126616387691374,1.1064695047537596
153.2134959510078,133.42100299722583,142.88353980689234,391.89769631672567,43.120228972210846,174.77984026322306,31.19629924411126,20.4701754919906,25.31680221754418,34.116176766779034,43.125444263138775,146.34152942855278,150.3477002007794,91.49203044615504,90.35410604816133,42.45003659533225,8.395726399477986,7.620448616014387,0.7752777834636007,1.856135000979047,0.9570554933357446,0.16824672367164079,0.06560603383388793,9.00171342491892,3.632806926184482,3.0270279091312573,2.341878589603181,0.971162413704086,118.07617991869948,0.1445810214502234,24.67116854396402,29.46904028647151,162.96593186372746,$HR$,[bpm],9.891160996656254,12.967544872721106,11.555828032686213,11.504513492925007,11.521629456434741,1.9710581056677108,3.3351419425978692,13.815602915109993,11.973628871918944,12.434847000998667,17.339293707259863,9.944103734428067,8.579866484951836,1.2314138200900395,0.12689977551490944,0.4304811799661405,7027.128296633639,2.738301320125052,0.47726896579981787,2.8196121281928184,1.1086871807900114
153.19184687555335,133.44071996217804,142.88363397136914,391.9816723769915,43.03036766625571,174.7354210284769,31.19291406498462,20.47885775791495,25.31800083488766,34.1146270405807,43.035560278583766,146.24529575970018,150.34420225430227,91.53668887436822,90.29245959757898,42.48753000863734,8.387545354097837,7.613182430376928,0.7743629237209093,1.8524638086217295,0.9577729516940945,0.16788609399944027,0.0655947693017424,8.983206950500664,3.6253633022907894,3.0208220733359705,2.3370215748739045,0.97116241370409,118.12042963676898,0.14427940439725326,24.62601309624737,29.426970662561843,163.3066132264529,$HR$,[bpm],9.89404953984705,12.963782304558482,11.556054747871068,11.50477424046815,11.521901584353849,1.9705768790672824,3.3310094253172715,13.816230375057692,11.975422284921708,12.435999573920467,17.346206097418005,9.949998679841004,8.580706223089823,1.2324412894734735,0.1264512486946627,0.43048199915051427,7027.143609465285,2.745048114692236,0.47822518302609146,2.8265592613107895,1.1109063421229937
153.17007988016232,133.46020518868878,142.88354519728756,392.0641515438036,42.94077315605132,174.6907343135845,31.189603688256515,20.487513113086564,25.31922048949023,34.11314582240501,42.94627525314007,146.1498199285229,150.34059735590097,91.58118368329069,90.23176552628047,42.52541700020415,8.379364629627592,7.605908896404854,0.7734557332227383,1.8487978060965282,0.9584822330924367,0.16752815479343072,0.06558393188247914,8.964726149367948,3.6179260671057594,3.0146203869849493,2.332179695277238,0.9711624137040935,118.1641587471524,0.14397904315861088,24.581025046794434,29.38510309088557,163.64729458917836,$HR$,[bpm],9.896896202097183,12.960009333150719,11.556303397494736,11.50505636522711,11.522195184735942,1.9701025697917727,3.3269159493062253,13.816845854104578,11.97719889559704,12.4371387143414,17.35309532082875,9.95600190235278,8.581540235239274,1.233487916029248,0.12618800215684625,0.4304831030017061,7027.141354555412,2.751793925967083,0.47918043500767016,2.8335053819386546,1.1131225166943917
153.15044003945957,133.48162429651197,142.88541443238609,392.1523094564304,42.85185462142535,174.64839815000636,31.18606408588953,20.496059669627527,25.32026801144999,34.11130644078087,42.856182928489304,146.05318360197953,150.33885309220415,91.62679887721956,90.17014220611021,42.5624210358182,8.3698257943608,7.598833235444612,0.7709925589161875,1.8451853888360772,0.9592183654097,0.16716517479057252,0.06494562151682078,8.946515875903998,3.610603900488737,3.0085197754128687,2.3273922000023917,0.9711624137040937,118.20952618223922,0.1436799299075176,24.536070800156832,29.34286119040027,163.98797595190382,$HR$,[bpm],9.899880307976058,12.956384441220711,11.556434823555847,11.505232580568505,11.522377834596412,1.9696157279158393,3.3227754572981407,13.817648497736508,11.979124043599779,12.438428265836613,17.360203792607933,9.96177827349331,8.582500068582032,1.2344933622815055,0.12610888115449637,0.42637073829990874,7027.18890515278,2.758562662609614,0.4755574047166104,2.840475108677474,1.115361261921553
153.12860208347143,133.50076112807665,142.88510226822004,392.2335672790868,42.76291815037438,174.60371814807175,31.182717355202197,20.504617172883304,25.321412341927463,34.10978309560302,42.767279948239505,145.95823652499627,150.33543020449525,91.67105491741296,90.109787009936,42.60034865258669,8.361676342246263,7.591587232247487,0.7700891099987754,1.8415400812120448,0.9599181432788034,0.16680854829687494,0.06493499235303375,8.928217653193029,3.6032447582408573,3.002385129636437,2.3225877653157343,0.9711624137040897,118.25263697540272,0.1433820568820996,24.491413243622635,29.301039096149495,164.32865731462925,$HR$,[bpm],9.902689243376287,12.95260946889134,11.556687934820985,11.505518126612847,11.5226751455438,1.9691490156181484,3.318694161771942,13.818266472930466,11.980902739102268,12.439573893236537,17.367113414278233,9.96774466558394,8.583337083878856,1.2355414356422878,0.12566478361131786,0.4263707382999092,7027.172922506411,2.7653079371143767,0.476506977246559,2.847420676596487,1.1175883672190092
153.10672397979187,133.51970905966724,142.8846719218592,392.31414292539523,42.674326543397484,174.55910901162773,31.179422802163785,20.513120271170656,25.322551783769956,34.10829880865833,42.678822298506375,145.8637581400101,150.33208734493397,91.71526684411643,90.05001362218282,42.638451756546075,8.353550248701904,7.584359989651559,0.7691902590503452,1.837906302649786,0.9606140183467826,0.16645349600543127,0.06492465808007496,8.90997173609228,3.5959051965580175,2.9962660512325554,2.3178004883017067,0.97116241370409,118.29549175124293,0.1430854163847166,24.446920464376834,29.2593738449686,164.66933867735472,$HR$,[bpm],9.905486078650904,12.948834437435497,11.556928272210815,11.505792068045036,11.522960226807092,1.9686889016045497,3.3146344721260945,13.818888095509777,11.982681437121627,12.440723071710933,17.374045928950576,9.97378488019039,8.58418097932299,1.2365984724506123,0.12540479805437585,0.4263707382999087,7027.1531304027485,2.7720529258017184,0.4774566049448174,2.8543659502110366,1.1198156019069372
153.08468224432048,133.53835471860185,142.8840088506505,392.39339202031783,42.58602394864362,174.5143067209666,31.176066127919754,20.521549797508083,25.323624388050767,34.10671794895232,42.59039420933102,145.76924183790294,150.32872658460357,91.75957484177543,89.99035333212865,42.67641112628303,8.345421816544604,7.57713190248954,0.7682899140550652,1.8342796196402211,0.9613024545425182,0.16609811751496545,0.06491404267002036,8.891777249541253,3.5885842901008114,2.9901637129788887,2.3130292464615536,0.9711624137040897,118.33787314008929,0.14279000078129908,24.402597557078813,29.217682463281264,165.01002004008015,$HR$,[bpm],9.908245604740186,12.94504553379117,11.557172868241619,11.5060691014624,11.523248788678602,1.9682252012056205,3.31058395068873,13.81949631295861,11.98445181841668,12.441865115296984,17.380966402745774,9.979861222423375,8.58503600726391,1.2376458515330055,0.12514588603507487,0.42637146988412417,7027.120665193017,2.778796003186355,0.4784092166684974,2.8613092557688766,1.1220479100032552
153.06313819699054,133.55720240780292,142.88372305717616,392.4744755778891,42.49826999985104,174.470570007085,31.173192865846694,20.530240174145515,25.325048635912133,34.10572764770477,42.503270785652646,145.6769002140599,150.32661885957,91.80461254494422,89.9326254644496,42.715183404415924,8.337416106407698,7.570001797292641,0.7674143091150576,1.8306841745016769,0.9619994829343562,0.16575050234665614,0.06490572087084699,8.873629572232621,3.581279627038031,2.9840688240547846,2.3082811211398067,0.9711624137040897,118.38076802205505,0.14249580250069285,24.35841758190235,29.17639702876549,165.3507014028056,$HR$,[bpm],9.911053059209001,12.941355577721747,11.557451994496821,11.50638339760564,11.523573381516023,1.9677991847333378,3.306608102887412,13.820204075492228,11.986316236653035,12.443109596528249,17.38802603853081,9.986170312342548,8.585966934183846,1.2387400769888879,0.12470651760251719,0.4263725587671518,7027.118752881181,2.785543223817581,0.4793597452440273,2.868256827602399,1.1242743825495876
153.0394993050082,133.57411258231355,142.8814104723704,392.5462027716629,42.41018358759808,174.4234856814272,31.169583328412124,20.538345395501505,25.32582230469976,34.10384585108039,42.41538828084968,145.58249359500607,150.32118289015852,91.8475912177537,89.87314683743959,42.75296420803522,8.329130442503514,7.562618834958778,0.7665116075447365,1.8270337911526746,0.9626486620826009,0.16539514937704144,0.06489412198260752,8.855455809146845,3.573964033919207,2.977970394218342,2.3035213810092956,0.9711626308503154,118.42071754323042,0.14220281403401266,24.314491492881547,29.134951073749615,165.69138276553107,$HR$,[bpm],9.91362199319769,12.937390334216778,11.557599790544305,11.506563434455144,11.523764900002153,1.967325877865769,3.3025653893851867,13.820596542062765,11.987903384427936,12.444068262658776,17.394669191201263,9.9922250427206,8.586708477151213,1.2397887592630958,0.12445010603995757,0.4263736404131345,7027.001961969157,2.7922708068130118,0.48031064091331277,2.8751835358082083,1.1265017238118098
153.01791985559,133.59270238450907,142.8809505994039,392.6252850082345,42.32301324819955,174.37960688927566,31.166398415877552,20.546752509540493,25.326952517388552,34.10245074003152,42.32799304352891,145.48960151917817,150.31877006827594,91.8925094146714,89.81515080425436,42.79136154674134,8.319572750697883,7.555499704959873,0.7640730457380114,1.823454394280355,0.9633341036708128,0.16504482467994688,0.06425316139241546,8.837535646872439,3.5667588221446405,2.971964755893552,2.298812068834248,0.9711631513301369,118.46290175899806,0.1419110279340032,24.27062086168885,29.093483384068048,166.0320641282565,$HR$,[bpm],9.916386051869486,12.933673256644829,11.557894268372227,11.506890366009458,11.524103107411829,1.9668897429189311,3.2985702641636863,13.821267490387145,11.989730833265712,12.445277029397548,17.40165819451283,9.998359599745074,8.587640527631075,1.2408664589511278,0.1243755251192283,0.4222234049614262,7026.977249726117,2.799018611087138,0.4765829773458453,2.88213016242792,1.128745995000882
152.99513326535006,133.61003039149668,142.8792519278169,392.69928865099496,42.23584200425801,174.3339687448864,31.16310830172639,20.555034842640296,25.32794681480502,34.10095566638235,42.24115628829261,145.3968703208372,150.3148005312465,91.93631444985716,89.75744802147862,42.829803247737516,8.311446338422266,7.548257352493064,0.7631889859292029,1.8198527861102778,0.963991666122675,0.16469534070402253,0.06424327146232015,8.819506658052672,3.5594979328486667,2.9659097968764927,2.294098928327512,0.9711636646044396,118.50335698727577,0.14162043681440817,24.226972120427266,29.052314671617058,166.37274549098197,$HR$,[bpm],9.919008812704497,12.929825912918544,11.55810459115498,11.507133900754505,11.52435736021478,1.9664442990615656,3.2946012029121614,13.821782248914012,11.991424179696478,12.446351803855283,17.408447896318947,10.004612291544017,8.588477564712642,1.2419460580435238,0.12394043323757759,0.4222234049614262,7026.892992371744,2.8057533924700455,0.4775259521893389,2.8890633934629797,1.130979350216185
152.97304894712917,133.62782097803347,142.87812370679177,392.77576777500656,42.149224253667704,174.28955964110938,31.16004412004867,20.563387250616557,25.329095161576763,34.099671999389386,42.15460062011958,145.3050502227827,150.31206450082368,91.98092395403273,89.70036835815685,42.86853648594034,8.303438991914726,7.541124213955531,0.7623147779591959,1.8162843166539722,0.964660485766975,0.16434864731757878,0.06423459575526512,8.801656452587935,3.5523177702917423,2.9599228013105514,2.2894158809856426,0.9711641744362816,118.54448992689927,0.14133103334934688,24.183447557306263,29.011104951608946,166.71342685370743,$HR$,[bpm],9.92169054905805,12.926078787473541,11.558381557784474,11.507443015980412,11.524677590584513,1.9660194923607892,3.2906514589651814,13.822401931359163,11.993211042550614,12.447525664530296,17.415413472663342,10.010899038721693,8.589396111269723,1.243039253178453,0.12368715912229464,0.4222240732253554,7026.841614554342,2.812495176980247,0.4784745196973438,2.896003838499065,1.1332241575954993
152.95163181752906,133.64603149594083,142.877538154042,392.8543517854914,42.06314422386209,174.24630353170843,31.157206458349783,20.57187911149282,25.330418662734054,34.09869064802853,42.06881188662856,145.2142418633598,150.3104798333996,92.02623397832097,89.64414940226173,42.907425197618515,8.295548355046819,7.534096405784474,0.7614519492623442,1.8127488488252488,0.9653391210058385,0.16400557952935135,0.0642269201707885,8.783883371692212,3.5451656645500758,2.95395808964512,2.2847596174970164,0.9711646808075446,118.58621132633942,0.14104281027269872,24.140049671818524,28.970169417827112,167.05410821643287,$HR$,[bpm],9.924430592052614,12.92242873218527,11.558699360605639,11.507793739421796,11.525038966569198,1.9656127859375652,3.2867438846623434,13.823132225327404,11.995085388323753,12.448793501388643,17.422508832480464,10.017299519332257,8.59038879619344,1.244145104832097,0.12343491803483314,0.4222251438834478,7026.8210470964805,2.819242677038546,0.47942220934341234,2.902950171843445,1.1354657965982087
152.93136196805008,133.6654079160467,142.87802273941588,392.933486816105,41.977305538307284,174.2034340556578,31.1538286142624,20.580079733996833,25.331283978492934,34.09694459192005,41.98192850529599,145.1215977420332,150.3088210968021,92.07169847694219,89.5868533074843,42.94522476668173,8.2876749919957,7.527109235889406,0.7605657561062955,1.8092271693377768,0.9660204875278356,0.16365520905179284,0.06421704952800206,8.76629104471447,3.5380889997180205,2.9480622819689293,2.2801397630275213,0.9711651797865098,118.62808534633638,0.1407557603774951,24.096715294886543,28.92879430663565,167.39478957915833,$HR$,[bpm],9.927187306778796,12.918774375239298,11.558862170951976,11.507999485285037,11.525250913809627,1.965174398164585,3.2827798681799547,13.823864549667439,11.996948086376339,12.450046890775317,17.429579431116217,10.023421826027844,8.591399371659115,1.2452087274926602,0.12300439696683013,0.42222620797330146,7026.782227684986,2.8260052384276975,0.4803780818639127,2.9099120286097313,1.1377268222400072
152.90883290090423,133.68237362740712,142.87625128666713,393.00641977519285,41.89155017532158,174.15858572199264,31.150839012426754,20.588279648325564,25.332406380670147,34.09581221619263,41.8965904592473,145.03126162256234,150.30575354416058,92.11600715545472,89.53129646043027,42.984159252473845,8.278120972937398,7.519981408987276,0.7581395639501214,1.8056805461001244,0.9666696201548658,0.16331346531145824,0.06357253629428214,8.748564178634082,3.530953413986395,2.9421102144060494,2.2755005502416386,0.9711656747372239,118.66796589411331,0.14046987651531856,24.053680731073797,28.887972145123708,167.73547094188376,$HR$,[bpm],9.929785636713735,12.914995503015128,11.559119505929601,11.508289872116732,11.525551751071715,1.9647664774548375,3.2788973728058015,13.824436290880387,11.998687844209115,12.451181807081042,17.436471368630812,10.02981585699888,8.592311320877046,1.2463197807781847,0.1229335097656355,0.41804088053940325,7026.698897143119,2.832742292836442,0.47655525794747344,2.9168476260272684,1.1399728594308012
152.88604545644932,133.69901083681646,142.87417165951925,393.0771711166769,41.805980108994454,174.11317684064116,31.14760788244081,20.596360666914773,25.333309892683165,34.09430686620072,41.811100803935894,144.9401978802495,150.30218542450586,92.16008453067865,89.47512745361401,43.022681082048564,8.270093377914748,7.5128235331833935,0.757269844731354,1.8021334067431984,0.9673070539004573,0.1629689747194245,0.06356348248844297,8.730915106689997,3.5238496474727747,2.936188549299647,2.2708769099175754,0.9711661638544278,118.70711489156322,0.1401851515957096,24.010807721495887,28.84713931360883,168.07615230460922,$HR$,[bpm],9.932322859342072,12.911172932575742,11.559359501292251,11.508561502475269,11.525834293697597,1.9643423010568857,3.2749963623027054,13.824955584708551,12.000380363516012,12.452268559164375,17.443270238877645,10.036094491615298,8.593205381231677,1.2474100082458035,0.12268433012261465,0.41804088053940286,7026.588280042815,2.8394769021579207,0.4774956479923093,2.9237807162560308,1.1422223763766628
152.86271899158754,133.71497466511363,142.87150843934822,393.14551108053627,41.72061235479464,174.06713650674428,31.144329007641407,20.6043787095198,25.334129493081353,34.09278177322231,41.72579952358298,144.84943874802977,150.2980297459438,92.20363007630273,89.41918994906851,43.06129282480465,8.262030144532906,7.505628515705036,0.7564016288278705,1.7985839062265787,0.9679317505640862,0.16262514480970156,0.063554379104067,8.713323135414697,3.516771833373293,2.930288376007841,2.2662629260335634,0.9711666477587417,118.74546941539994,0.13972336001413366,23.968115516841493,28.80632461142383,168.41683366733469,$HR$,[bpm],9.934802057541665,12.907299906826953,11.559576961000763,11.508809966778678,11.526093929891253,1.9639208770910255,3.271099971397398,13.825412076474837,12.00201927280993,12.453302431944277,17.450002482420633,10.042413266356975,8.594047794765364,1.2485053217651563,0.12225794001236695,0.41804150061593437,7026.453431456797,2.8462062926013934,0.4784378973092902,2.9307084414089672,1.1444746433173953
152.84046971323735,133.7317752231098,142.86978879500205,393.2170721911457,41.635818159049236,174.02261992975377,31.141250354326335,20.61241635525981,25.33510204235182,34.09145517957236,41.640935859932874,144.75958413687817,150.29527482587847,92.24779305590043,89.36428464545799,43.100140782170214,8.254110236325863,7.498566738294808,0.7555434980310547,1.7950733063531545,0.9685717092138404,0.1622844087378244,0.0635462815187019,8.69583500292496,3.5097329547360347,2.924420903729427,2.2616811444595,0.9711671287119056,118.78474727419204,0.1394412917181783,23.92552081784311,28.76558129688952,168.75751503006012,$HR$,[bpm],9.937365785565387,12.903543919449552,11.559870189652342,11.509134574622406,11.526429391755737,1.9635176068361506,3.2672481453720117,13.825994477319277,12.0037650010376,12.454449774960896,17.456903042647582,10.04883392149245,8.594977551758063,1.2496128416142838,0.12201113025340601,0.4180425526218445,7026.357208764602,2.8529461537283387,0.47938300801862915,2.937646950131339,1.1467325634964065
152.817207189884,133.7475120666187,142.86703606803127,393.28484113222794,41.551109046186674,173.9768163245884,31.138016080022897,20.620345977273015,25.335905001298336,34.08995768007104,41.55621828307914,144.66954998721528,150.29135727864798,92.29124680029203,89.3091586983879,43.138732013054,8.200998373432057,7.446316250503302,0.7546821229287553,1.7915486661019262,0.9508563137774647,0.16194294490704106,0.0635375928688757,8.67836193740892,3.5027009393507713,2.9185590943869424,2.2571019036712046,0.9527963445381884,116.5749638492131,0.13933786044479932,23.88312990431139,28.724923998693257,169.09819639278558,$HR$,[bpm],9.939825266596198,12.899689498081298,11.5600977454168,11.509393115817257,11.526698849417222,1.9631051791946441,3.263389570799728,13.82645775711835,12.005410181769713,12.455495955926034,17.46367283119593,10.055187910419868,8.595845142959496,1.2507157050183115,0.1217653149874297,0.41804360068659513,7026.217597830124,2.8055800801762643,0.4803280518453531,2.9445747732545122,1.148990323154001
152.79396526830612,133.7631056482732,142.86422371113753,393.3522971968437,41.466750139907184,173.93120352918692,31.13500734461236,20.628359985592816,25.336856611769004,34.088721980085495,41.47228792581772,144.58069703928797,150.28775458170236,92.33475304903544,89.25497990667581,43.17767560975636,8.191422483003258,7.439166004911884,0.7522564780913736,1.7880380427222315,0.9514603332582091,0.16160576050686004,0.06288874278231625,8.660917339396113,3.4956776340124587,2.9127012826558083,2.252538422727847,0.9527963445381922,116.61198435869119,0.13905770152965305,23.840891857537663,28.68452620237966,169.43887775551102,$HR$,[bpm],9.942270175488297,12.895860309617053,11.560326047123157,11.509653624386043,11.526969549654783,1.9627100801260564,3.2595758257020773,13.826939386421701,12.007072832119942,12.456564898995635,17.470468290019515,10.061651841901902,8.596728192763765,1.2518390341681764,0.12152048821572228,0.41382491830977086,7026.079607874052,2.8121804569986057,0.47641407254158025,2.951502147462197,1.1512454940786285
152.77187103852563,133.77962301141292,142.8624266030966,393.4231314265329,41.38296617355903,173.88718907440867,31.132079303379967,20.636374655941005,25.33786696391784,34.0875639053933,41.38848240170996,144.4921921096882,150.28560591524658,92.37931429310652,89.2012583160602,43.21667129472738,8.183563803949978,7.432152259925358,0.7514115440246194,1.7845665553230885,0.9520807048091707,0.16126934155042325,0.0628816926059261,8.643657701652245,3.4887336815643124,2.9069130528639513,2.248010967223981,0.9527963445381886,116.64999486037628,0.13877866695387353,23.798743538174456,28.64409612547837,169.77955911823648,$HR$,[bpm],9.944806592578077,12.892147693119089,11.56064176888213,11.510000284708541,11.5273269104117,1.9623259858266147,3.2557723787561956,13.827554662263108,12.008850176460005,12.45775236448194,17.47742995316377,10.06810374358894,8.597714222611097,1.2529651507507555,0.12127664398771623,0.41382491830977036,7025.981751951746,2.8187925044123077,0.47735198106499616,2.9584417704483843,1.1535119320863911
152.74760187555847,133.79406868755913,142.85851212020975,393.48506160120223,41.29891256073092,173.84001542077812,31.128584988414943,20.644005261764594,25.338372406767178,34.08573507497181,41.30425399875698,144.4022886041089,150.28042265966923,92.42197062759107,89.14625906026184,43.25494828870399,8.175454930797978,7.4249071035197165,0.7505478272782611,1.7810458603771147,0.9526562142243963,0.1609277747559681,0.06287215503194289,8.626334637265314,3.4817621062775,2.901103605272638,2.243468925715176,0.9527963445381924,116.68524556337144,0.13850074996268305,23.756850493119945,28.603600675607083,170.12024048096194,$HR$,[bpm],9.94711547112571,12.888184241860468,11.560805763709917,11.510194234006631,11.527531870040885,1.9619060737838228,3.2519263435994703,13.82787436246105,12.010371737749082,12.458677876177642,17.483993483575123,10.074396563175915,8.598524483093675,1.2540583985554743,0.12103377640051029,0.4138255046983683,7025.780936433764,2.825383002319573,0.47828946861685806,2.965358776317512,1.1557757150939176
152.7244213194883,133.8093520855239,142.85555091362681,393.55045431834657,41.21544826564485,173.79449005132386,31.125593488309065,20.651876587012772,25.339253436890143,34.08451001785553,41.22116179158154,144.3144806241397,150.2769256730294,92.46559486798225,89.09335906727279,43.29420842497124,8.167509814272853,7.4178016151595605,0.7497081991132919,1.7775653560311435,0.9532483086678647,0.16059365578771323,0.0628649617380152,8.609090818125049,3.4748195770336006,2.8953144148760295,2.238956826215417,0.9527963445381885,116.72150101042767,0.1382239438553041,23.715048879555027,28.56342732434462,170.46092184368737,$HR$,[bpm],9.949518437624867,12.884360638197165,11.56107033057738,11.510489841491571,11.527837950959539,1.9615253347584782,3.248163240867012,13.828347065928654,12.012025872872004,12.459744798759482,17.490763095524112,10.08095745995144,8.599435988880606,1.2551934691996467,0.12061579814125264,0.4138265380310061,7025.623305562627,2.8319842661451995,0.479226769646777,2.9722870814726265,1.1580377902464796
152.70115606032488,133.8244064463161,142.85243300726717,393.61518577856435,41.132306056427126,173.74902802353537,31.122481201736594,20.659634748495375,25.3400214610646,34.083115111469,41.1379103212768,144.22634208098938,150.27343448024828,92.5091817785512,89.03990466274513,43.33305559587891,8.159578303371704,7.4107142220360975,0.7488640813356071,1.774096170902849,0.9538364396809306,0.1602581519371262,0.06285732828060021,8.591944786637782,3.467919199547803,2.8895631495834255,2.234462437506552,0.9527963445381886,116.757502621347,0.13794824198442057,23.673402104359113,28.52316000510924,170.80160320641284,$HR$,[bpm],9.951896616072355,12.880535288697804,11.561323515035705,11.510772877431462,11.528131829640607,1.9611363055683992,3.2443841456105518,13.82882223764063,12.013673371235464,12.4608063465956,17.497508271947975,10.087413952132534,8.60035269771906,1.2563075711000957,0.1203752175278065,0.41382756774623813,7025.463818014598,2.838583921387093,0.4801680310665114,2.979213698351171,1.1603094343897207
152.67996535398697,133.84138869135955,142.85124388130723,393.684792428892,41.04972635962786,173.70565066506305,31.11937127399382,20.66743830104758,25.3407880070561,34.08166927051207,41.05461259603188,144.1382779562939,150.27169883868268,92.55413529835458,88.98704966345242,43.37171340023383,8.150230726922928,7.403798898306669,0.7464318286162588,1.7706728794683706,0.9544486239083239,0.15992246184686232,0.06220429775324288,8.574971035359473,3.4610880346159316,2.883869137245954,2.2300138634975872,0.9527963445381924,116.79496482844831,0.137673637755646,23.631773752011906,28.482796643706678,171.14228456913827,$HR$,[bpm],9.954402955693183,12.876862005829125,11.561466529158954,11.510959001170132,11.528322986390895,1.9607531395879523,3.2406177652294677,13.829461610052276,12.01545952215445,12.46201138607615,17.50450056935123,10.093840944880734,8.601397675601902,1.2574233723636314,0.12031097515971102,0.40957732157954724,7025.343950124688,2.845206903579153,0.4761721479381354,2.9861647978489954,1.1625940276716573
152.65719506235635,133.85658731776576,142.84844931322775,393.7502090094371,40.96731194942202,173.66099168461702,31.116485238467305,20.67526963572686,25.34168850532707,34.08055569722513,40.97238424953656,144.05158802781463,150.26906066885715,92.59827660769984,88.93518047582376,43.4108780479052,8.142402881278691,7.396800215981902,0.7456026652967884,1.7672381884346033,0.9550383221271456,0.15959181691432409,0.062197884425833794,8.557940901548383,3.454230806025985,2.878152082576485,2.225558012945912,0.9527963445381924,116.83103966056186,0.13740012462699738,23.590393877182336,28.442854959450557,171.48296593186373,$HR$,[bpm],9.956801583973443,12.873105883344596,11.561761054769947,11.511284395611636,11.52865860191528,1.9603880147298043,3.2369038060696718,13.82999749779069,12.017163186100767,12.463137061799927,17.511371619643505,10.10043778614119,8.602377912049207,1.2585651746557656,0.11989692403757096,0.40957732157954674,7025.19615934277,2.8518112148729875,0.4771031910977574,2.993096301450676,1.164867208120301
152.63393702435593,133.8712335462158,142.8451319664367,393.81323436441824,40.88504580177732,173.61557583813766,31.113516906922214,20.6829538370379,25.342477120234726,34.07930016877158,40.89027036869578,143.96496528696446,150.2657140501332,92.64192573046147,88.88328140451154,43.45002348874753,8.134528004472275,7.389755152980228,0.7447728514920462,1.763798340071091,0.9556143237420098,0.15926118407388506,0.062191194581418266,8.540969486389399,3.4473999439864826,2.8724574256617377,2.221112116741178,0.9527963445381886,116.86626585112893,0.13712769610837608,23.5491807716,28.402931426538018,171.8236472945892,$HR$,[bpm],9.95913535639581,12.86929561749763,11.562023709679352,11.51157776885411,11.528962184837185,1.960021177009662,3.2331901380299595,13.830462878485347,12.018805221475418,12.464201858552602,17.51813945920891,10.106988976826562,8.603320024221071,1.2597059480446877,0.11965919978883771,0.40957788533416933,7025.0176894677115,2.8584110292484644,0.47803590563459625,3.000023085346648,1.1671428628149025
152.61012863976376,133.88523869837582,142.84122259450774,393.8737201839499,40.80295762991437,173.56947430041814,31.110492097955657,20.690593688360245,25.34319026559273,34.07801322719694,40.80839005566846,143.8785286797685,150.2618089172285,92.68526340496376,88.83154073012454,43.489175435442725,8.126615241071674,7.382671150991083,0.7439440900805905,1.760356027627142,0.9561769605806154,0.15893117724057854,0.06218430653201921,8.52400732318385,3.4405703830103613,2.866763274085153,2.2166736660883375,0.9527963445381886,116.90066445168816,0.1368563457610542,23.50814150608744,28.363085465306636,172.16432865731463,$HR$,[bpm],9.96140000490073,12.865426777060378,11.562252261979786,11.511836872512408,11.529231464033225,1.9596512291698178,3.229485849477301,13.830860241608802,12.020393186292877,12.465212675833023,17.524827538623065,10.113595205186424,8.604235486849333,1.2608469642215516,0.11942241636474157,0.4095788995368552,7024.81380758706,2.865004677160544,0.4789691309971888,3.006943397278864,1.169418472335364
152.58706201129235,133.89976444654036,142.83793710708753,393.93669520102236,40.72139196350376,173.52462445917234,31.107650246186115,20.69829660712854,25.34402604081348,34.0768757632671,40.72695009881084,143.79284646608616,150.2590143444858,92.72923578082953,88.78056674454962,43.52856281775704,8.118820015991718,7.37569623256634,0.7431237834253779,1.7569463717363427,0.9567512837784299,0.15860365293960815,0.06217837284306581,8.50716247719526,3.433789661662963,2.8611098858238933,2.2122629297084053,0.9527964648613353,116.9357744823543,0.13658606719716734,23.467212270547154,28.323349248403932,172.5050100200401,$HR$,[bpm],9.963727195619594,12.861659480869678,11.562529690648832,11.512145221467899,11.529549621492409,1.959297444100731,3.2258121337260093,13.831362683896243,12.022068436520861,12.466316557842159,17.531638957319224,10.120239168954049,8.605212766083056,1.2619998188213877,0.1190125732010987,0.40957991163990715,7024.644128694196,2.8716055332086166,0.47990460011951114,3.013870893849857,1.171699554790255
152.56251990101316,133.91286914058892,142.83320085392958,393.9931695250036,40.639702574605586,173.4775352478677,31.10441841546325,20.705678948787202,25.34452521435093,34.07537055148139,40.64530516182078,143.7064567153756,150.2541692109997,92.77193095626107,88.72898973938814,43.567639417558375,8.109254625732286,7.368559962253483,0.7406946634788021,1.753504267301306,0.9572924653220611,0.15827334222362524,0.0615212364262943,8.490308891323888,3.4270061356939645,2.8554555066240095,2.2078472490059133,0.9527969124263037,116.96886934514382,0.1363168540792135,23.426492955724136,28.28356226354025,172.84569138276552,$HR$,[bpm],9.965890372722038,12.85771570587046,11.562720435338155,11.512365505816849,11.529780333904728,1.9589240488169715,3.222113983534891,13.831659935873688,12.023567858341165,12.467240486853967,17.538186035687524,10.126764090974682,8.606060423749232,1.2631386298693927,0.11895164973791242,0.40529994085945614,7024.397489097659,2.878192061824631,0.4758150889909956,3.0207823139301486,1.1739826262545439
152.53899326987494,133.92675940236947,142.82935296404605,394.05264333193026,40.55854819547963,173.43187928038208,31.101382641964918,20.71319582395891,25.345162455170033,34.07402367560298,40.56414075116259,143.62087017479018,150.25061260219275,92.81525109909107,88.67825636728723,43.60671403379862,8.101421479191927,7.361548645921185,0.7398728332707423,1.7500988766688876,0.9578477273641142,0.1579458034188934,0.06151469791067659,8.473552051089923,3.4202584534282803,2.849831693910455,2.203461903751187,0.9527973572874151,117.00281469405226,0.13604870011955758,23.385866752853353,28.24390403831631,173.18637274549098,$HR$,[bpm],9.96813250814874,12.853882193187413,11.562987084703755,11.51266161946158,11.53008673523947,1.9585652731662548,3.21845520208753,13.832073319549137,12.025168267974168,12.468271330335487,17.54488257032099,10.133379289775846,8.606996837284697,1.264283247800683,0.11871765551834004,0.4052999408594557,7024.187845798296,2.884788038519894,0.47674180673315275,3.027703652256968,1.1762691248417199
152.51560464823967,133.94057245818047,142.82553054349194,394.11269066892027,40.47780138657218,173.3867583855565,31.0986351362946,20.720823487792657,25.345994082121628,34.07303253245343,40.48364256004829,143.53644400708427,150.24776271554148,92.85882907680181,88.62831711024343,43.646188905993995,8.093655533442588,7.3545915345947455,0.7390639988478427,1.7467132377011596,0.9584052722967045,0.15762226401459734,0.06150944283411917,8.456871584623661,3.4135443368254563,2.8442331071494564,2.1990941406487465,0.9527977990480785,117.03688942782308,0.13578159907994183,23.34538217535767,28.204434657758558,173.52705410821645,$HR$,[bpm],9.970391948840495,12.85010402111998,11.563264444122103,11.51296926309482,11.530404217792512,1.9582272276545314,3.2148311453167597,13.832539918023018,12.026818269061177,12.469357215474526,17.55167984588844,10.14005199038713,8.607973566744151,1.2654457944542037,0.1183116098989557,0.4053004906688231,7023.9936313893495,2.891384547053192,0.47766968573963425,3.034625552181079,1.1785568898556924
152.4917100923688,133.95383114335314,142.82116442556512,394.1698358759281,40.3971716620411,173.34078044906605,31.095562817523682,20.728180607840397,25.346542536509784,34.071643316775926,40.40294450854745,143.4513546549721,150.2438511917322,92.90166471316181,88.57816510642338,43.685276546721255,8.085826528425118,7.347580637922949,0.7382458905021685,1.7433206290014867,0.958947922999712,0.1572961724402429,0.06150297004031338,8.44021355777201,3.4068363831771338,2.838642202838337,2.1947349717565383,0.9527982355651408,117.0700447998916,0.1355155447710024,23.305059292675384,28.16490970456448,173.86773547094188,$HR$,[bpm],9.97256975570433,12.846246166612158,11.563507232969728,11.513241710657763,11.53068665082067,1.9578724347487806,3.211199312933336,13.832913124455267,12.02837845805374,12.470352457764557,17.558339666603768,10.146706660155328,8.60889146326618,1.266592935925747,0.11807978678135747,0.4053014847239081,7023.764756309992,2.8979762687172377,0.47859915304561634,3.041542438413877,1.18084727316417
152.4678755312484,133.96705178975307,142.81679368386028,394.2260289853528,40.316782365644684,173.29468875446034,31.09235181244697,20.735506692583893,25.34696433619335,34.070067740091915,40.3220146228326,143.36586745848075,150.23993507997235,92.94471516941924,88.52759793425847,43.724102621734254,8.077997298216815,7.340574882668172,0.7374224155486433,1.739935713583569,0.9594849704278829,0.15696842463782035,0.06149597192666878,8.423660841144516,3.40017393568346,2.8330927410439948,2.1903941644170617,0.952798667583672,117.10284860593788,0.13507823738166103,23.264869024791153,28.125254174959036,174.20841683366734,$HR$,[bpm],9.974725001672528,12.842373122909784,11.563761097273431,11.513523365002133,11.530979108423058,1.957510155644519,3.2075498545836396,13.833276232343193,12.0299299837606,12.471337887101981,17.564993402755707,10.153292595567462,8.609826145920396,1.2677262112670324,0.11784887036869407,0.4053024739392885,7023.5228277464785,2.904568314601545,0.4795330453766635,3.048459672983825,1.1831485771993937
152.4434884130694,133.979642374383,142.81183745438432,394.2801891921343,40.23657098285729,173.24795545401227,31.089279449987668,20.74276051121395,25.347446117246147,34.068682448683845,40.241939980120144,143.28148272645663,150.2354439430411,92.98722014847955,88.47787658289721,43.76338782792957,8.068532843483135,7.3335306521023655,0.7350021913807689,1.7365472748680078,0.9600099007833601,0.156644445216317,0.06083612038562156,8.407122520583943,3.3935175735227987,2.8275448330446684,2.1860601140164753,0.9527990953829933,117.13490377011182,0.1348145944384362,23.22484607533384,28.085932120724454,174.54909819639278,$HR$,[bpm],9.976823589056657,12.838461988196064,11.563986130129797,11.513777417252758,11.531243327140189,1.9571626389308268,3.2039358405984073,13.833582828262575,12.03143071093739,12.4722762715572,17.5715590345127,10.159917459286731,8.61072209617406,1.2688821662136873,0.11779081274276632,0.40099467087407314,7023.2571795728845,2.9111552229442443,0.4753559647940877,3.0553715227595357,1.1854421001603952
152.41925764418113,133.99211537197152,142.80693377134355,394.33535945365173,40.15680639897221,173.20192482054208,31.08646828920121,20.750144079316822,25.348120330437684,34.06760163071767,40.162468034125304,143.19820369937165,150.23176088808742,93.03013608986063,88.42900587679833,43.803023476232596,8.060759079397716,7.326556553792733,0.7342025256049827,1.733183570992835,0.9605386053456744,0.15632446002152753,0.06083103819188008,8.390601324956611,3.386863690291952,2.8219954942850936,2.181742140379568,0.952799520635151,117.16718022703692,0.13455197863627588,23.184965433022448,28.046768043572555,174.88977955911824,$HR$,[bpm],9.978948934101291,12.834611836989426,11.564203513656643,11.514025756307264,11.531500864541183,1.9568336281655163,3.2003663920062713,13.833952911491819,12.032989262827247,12.473277786412469,17.578203898952896,10.166670988368065,8.611665278011992,1.270053556850231,0.11738973646328149,0.4009946708740724,7023.015018914438,2.9177414922625857,0.47627668577654464,3.062282703834248,1.1877381929749227
152.39532515594428,134.00483055285756,142.80227142445935,394.38997752396307,40.0772744721498,173.15592117014762,31.083567760749244,20.757474661518614,25.348690559415665,34.06640421565878,40.08307913764699,143.11484575783615,150.22806623336857,93.0732050317487,88.38037397859276,43.84247251982748,8.052994435818418,7.319593667428261,0.7334007683901569,1.7298273638605663,0.9610643708663692,0.15600389796801944,0.06082568267838576,8.374197260666461,3.380260358365577,2.8164915947057856,2.1774453075950975,0.9527999413728445,117.19926834217053,0.13429038398430687,23.145194343523954,28.0076318605488,175.2304609218437,$HR$,[bpm],9.981056566492956,12.830765439598812,11.564475385146666,11.514326392245119,11.531811577801344,1.956501978394086,3.1968003203593236,13.834316764902846,12.03454382192728,12.4742761278689,17.584840197920066,10.173378997653316,8.612623733482044,1.2712266392542861,0.11716150847610447,0.4009952104774198,7022.759278246051,2.924332302677263,0.4771993171261825,3.0691986593363243,1.1900374484723522
152.37327852821412,134.01927371961392,142.7993558084297,394.4492416273913,39.998283441270274,173.11192074292558,31.08065790121499,20.764783870237196,25.34926779888334,34.06515291204074,40.003573597570686,143.03148129581513,150.22601054737203,93.11736323534802,88.33169162190411,43.88155351903451,8.045393660388436,7.312795132442231,0.7325985279462057,1.7265151568516603,0.9616129457671324,0.15568303204781417,0.06082043459698488,8.357955271629375,3.373722594272256,2.811042004461969,2.1731906728951516,0.9528003581848278,117.23273784476585,0.13402980453815538,23.105447198329266,27.96836978485598,175.57114228456913,$HR$,[bpm],9.983283297439526,12.827058283154328,11.564612878518389,11.514505103479063,11.5319947660237,1.9561736063100437,3.193232659108755,13.834833852456821,12.036223307288571,12.47540489413753,17.59167116202367,10.180039578017697,8.613690776491783,1.2723847526637206,0.11693416620420699,0.4009961846524126,7022.544313205789,2.9309442245665216,0.4781276850084027,3.0761367786954232,1.1923497113142072
152.3481240001154,134.03063408510044,142.7934056217643,394.4981216469326,39.91901863825287,173.06425780742828,31.077315639560684,20.771696190925844,25.349421814124355,34.06341034039821,39.92396792107279,142.9472811658415,150.22051709029265,93.15916419292937,88.28250435541864,43.92030991843032,8.03751585543043,7.3057314295736155,0.7317844258568138,1.7231480781034352,0.9621086005850263,0.1553591893759535,0.06081334146014964,8.341580789472653,3.367126337337174,2.805546849502136,2.168907602633344,0.9528007698806402,117.26297257122702,0.13377023439949642,23.06600978387547,27.92915513709887,175.9118236472946,$HR$,[bpm],9.985242696153563,12.823062464601549,11.5647951112788,11.514715011067015,11.532214946851001,1.955817817607963,3.189652156842321,13.835026068040015,12.037619569044923,12.476244122794501,17.59810784000966,10.186686419310302,8.614548338441779,1.2735263342923637,0.11653707920262252,0.4009971548781425,7022.227366865405,2.9375214264124816,0.47905368158943357,3.083038468556729,1.194656061175824
152.32584726848205,134.04433601333614,142.79007290730158,394.5587384737728,39.84092856165946,173.021452916525,31.07524168397655,20.77941929526359,25.350592416944338,34.06314641150337,39.84663968983017,142.86743939195563,150.22003684784616,93.20408904751174,88.23707263063972,43.96100537502741,7.98342739826182,7.254022649064057,0.7294047491977633,1.7198798904199772,0.9443569587930539,0.15505078700553238,0.060154395595184464,8.32534957518169,3.3605852222859376,2.8000876133504247,2.1646767395453286,0.9346835135371135,115.06630960765533,0.13368196321014403,23.026583056657664,27.89063754443813,176.25250501002003,$HR$,[bpm],9.987510377442922,12.819479035682303,11.565153653561014,11.515106713269414,11.532614392925257,1.9555512111505,3.186225991487881,13.835664212728455,12.039416433658346,12.4775027968072,17.605132311805278,10.193814844556123,8.615704890628782,1.2747538523606077,0.11648211826208726,0.3966634474192649,7022.063460917734,2.8881432677848853,0.4747892453966617,3.0899691991520353,1.1969573916772307
152.3013133196658,134.05602273504903,142.78457882578698,394.6087167666605,39.762369025174834,172.97474704283317,31.072179418159642,20.786450040844002,25.350938901893592,34.061766438625895,39.767888551769474,142.78474973907888,150.21564518181677,93.24671060217517,88.1890671926921,44.0003395837391,7.975639132623154,7.247032350522616,0.7286067821005386,1.716548107001852,0.9448471574382359,0.15473194152586311,0.06014886420606313,8.309157126663099,3.354067025532488,2.7946565526958995,2.160433548434709,0.9346835135371173,115.09617015493073,0.13342406564153614,22.98738382622326,27.851635853576994,176.5931863727455,$HR$,[bpm],9.989502848652183,12.81557387059676,11.565393351859846,11.515374158737206,11.532891924762042,1.9552216414196923,3.182695540662713,13.835935499204114,12.040891269144765,12.478427715962981,17.611669033759117,10.200514358235255,8.616645352736555,1.2759187502612959,0.11625740241886717,0.39666344741926435,7021.763443884582,2.894600421872742,0.4757075831480025,3.0968775847117733,1.199272547654713
152.2775264466166,134.06818698674164,142.77970530777918,394.661883632349,39.684384247810776,172.92957169267643,31.069521996895922,20.793691641975848,25.351580174703304,34.06078925675432,39.69005495791032,142.70354875416928,150.2128340926428,93.29020636203441,88.14239496202408,44.04024438199138,7.967997582049779,7.240171899110761,0.7278256829390177,1.7132542076125779,0.945352255440577,0.15441829191889483,0.06014499382867332,8.293031035788655,3.3475736641853318,2.7892425504966116,2.1562148211067114,0.9346835135371134,115.12693019785627,0.13316716122247327,22.948292683183354,27.812941797462287,176.93386773547095,$HR$,[bpm],9.991573005401463,12.811796911818794,11.565662847055775,11.515673887361663,11.533200557422992,1.9549212437401897,3.179220848931603,13.836344904947191,12.04248667973329,12.47948061357639,17.618382325820306,10.207366884103504,8.617661593202039,1.2771103382864604,0.11586391224834297,0.396663982776691,7021.5115936657585,2.9010637907077355,0.4766254487371121,3.1037926193105396,1.2015848915766996
152.252920779071,134.07951429124674,142.77400091868356,394.7111231890923,39.6064393070604,172.88313139201716,31.066753529762977,20.800824403758426,25.352102668610154,34.059761587827026,39.612496773291184,142.62252496274957,150.20878850097674,93.33287913166498,88.09581884482849,44.079967478811476,7.9602735538818745,7.2332281599510635,0.7270453939308115,1.7099463481339416,0.9458374567242143,0.1541053495522065,0.06014074554161932,8.276894042821523,3.341073390358659,2.7838223041891403,2.1519983482737235,0.9346835135371134,115.15647081001414,0.1329112442271328,22.909371775116526,27.774362278074417,177.2745490981964,$HR$,[bpm],9.993543751258702,12.807921143753887,11.565900104309407,11.515940541064825,11.533476378467993,1.954617128428034,3.1757559464783256,13.836632555476545,12.043978422971929,12.480429895432971,17.624936461675752,10.214218132658806,8.618602927871027,1.27830295686467,0.1156412481619512,0.3966649392263462,7021.213669544214,2.9075188990666447,0.4775423537312514,3.110698816184047,1.2038935295432165
152.22826163269627,134.0907255092674,142.76819338665385,394.7593281835498,39.528686955809576,172.83639491221095,31.063678213192286,20.80772348881856,25.352354449877907,34.05829407491677,39.53442477629303,142.54058419854493,150.20433030330838,93.37526998230535,88.04841433045783,44.11905227939507,7.95252734723934,7.226274190681935,0.7262531565574049,1.7066416305535956,0.9463153575284917,0.15378864860364372,0.06013539877741514,8.260889093425192,3.334632426858437,2.778457293824454,2.1477993727422984,0.9346835135371172,115.18555953965856,0.13265630897362254,22.870580571810375,27.735556858126447,177.61523046092185,$HR$,[bpm],9.99548020513543,12.80400971185667,11.566151099166529,11.516217900994958,11.533764179973419,1.954296113815884,3.172256238978099,13.836881006331923,12.045428082198107,12.48133622879647,17.63142419961134,10.220942942734967,8.619525717317972,1.27946829214596,0.11541943825348305,0.396665888785901,7020.8968434737535,2.913973835468613,0.4784646998409038,3.1176048290841027,1.2062158944530605
152.20373473558254,134.10184634107688,142.76242950784174,394.80827366117944,39.45133405757058,172.79023826318632,31.060827413139567,20.814723923585664,25.352782619337344,34.05716064857518,39.45700639072646,142.4598050184549,150.20049794241882,93.41778112837831,88.00217620496791,44.15863653047437,7.943226347332928,7.219377907248169,0.7238484400847593,1.7033574574320065,0.9467961634005823,0.15347602897278942,0.05947049138686889,8.244884814141306,3.3281862554695687,2.7730836332072744,2.143614925464465,0.9346835135371172,115.21481768289581,0.13240234982356042,22.831922945484965,27.696939768810598,177.95591182364728,$HR$,[bpm],9.99743851050526,12.800154637853568,11.566381804429733,11.516478190101124,11.534033364539491,1.9539941518562263,3.1688092470490936,13.837183950957535,12.046926280881623,12.482296244013463,17.637988225463676,10.227806845828214,8.620493742624406,1.2806570892548659,0.11519847761718699,0.3923082440776084,7020.598124874283,2.92042893948187,0.4741198623289781,3.12451102130828,1.2085391257676077
152.17977739788287,134.11334405505679,142.75714099745088,394.85873358599514,39.374389454436624,172.7449223357343,31.058340654829387,20.821902083694603,25.353442619283758,34.05638680633928,39.38057710480608,142.38040588998328,150.19760091507652,93.46076824122889,87.9571986848956,44.19880513643106,7.935642507034515,7.21255801444784,0.7230844925866757,1.70009753236644,0.9472837743196736,0.153168349576447,0.05946762301976265,8.22893336409666,3.3217586900230063,2.7677228922694517,2.139451781804202,0.9346835135371135,115.24448234242828,0.1321493611816586,22.793370086972203,27.658705464876455,178.29659318637275,$HR$,[bpm],9.999431886384311,12.79637120021954,11.566664645313637,11.51679125627998,11.53435499436923,1.9537154193788275,3.1654134516373804,13.837564903530055,12.048491875998915,12.483329296555922,17.64468174501584,10.234832906843891,8.621515695932413,1.2818728058006734,0.11497836138480613,0.3923082440776084,7020.319498519492,2.926889380108033,0.4750285715300778,3.1314229230724684,1.2108554400812064
152.15791961015796,134.12681595685714,142.75381589717006,394.9143088359237,39.297974952158064,172.70174504592194,31.05556598190906,20.8289602324236,25.35390619076829,34.05524446520113,39.303271261486834,142.29985102894628,150.19635233801262,93.50512769145325,87.91139801667072,44.238198557717055,7.928215383911924,7.205908758664268,0.7223066252476555,1.696881833723078,0.947796523457519,0.15285588307707668,0.05946388328375886,8.213241244385655,3.3154437980467635,2.7624611089597537,2.1353363373791354,0.9346835135371135,115.27566809500424,0.13189733749531263,22.75482215985056,27.620036828774936,178.6372745490982,$HR$,[bpm],10.00155716566509,12.792737291431898,11.566842338677095,11.517009022925638,11.534576851461107,1.953424332467899,3.161977595890764,13.838110108222969,12.05019082211127,12.484497815489263,17.65156647681655,10.241589296746048,8.622665336874872,1.283052812469316,0.11475908472522102,0.39230877688341503,7020.083140752245,2.933374257460913,0.47594826515917427,3.1383609692228056,1.2131981061963724
152.13364828830854,134.13780933175556,142.74810655624898,394.9622247775322,39.22146490359419,172.6559567610912,31.052864443164424,20.83591208448691,25.354378113373315,34.054261843413585,39.22685422798737,142.2204374142603,150.19293118553915,93.54774572849203,87.86642326182796,44.278147783057285,7.920618979958416,7.199078711484285,0.7215402684741314,1.6936315144891432,0.948270400748371,0.15254777477484446,0.05946046444228213,8.19740572266494,3.309063925223333,2.7571428259689506,2.1311989714726542,0.9346835135371173,115.30448213559208,0.13164627325419515,22.716543141263298,27.5817280140457,178.97795591182364,$HR$,[bpm],10.003485539054884,12.788910897186888,11.567122692640327,11.517317579877982,11.534894616662033,1.9531409750374347,3.1585869325814264,13.8384340457003,12.051703467141584,12.485479695974917,17.658178646206753,10.248542412354883,8.6236665266437,1.2842538040144609,0.11454064284409587,0.3923097124648223,7019.777616312619,2.9398310955240676,0.4768623098290636,3.145269016673764,1.2155251187461307
152.10813488491888,134.14760545899418,142.74116959960875,395.00478937486656,39.144900504426516,172.6083527885126,31.049757629328717,20.842603750549202,25.354461214512288,34.05273923222301,39.150060829013654,142.1398257920884,150.1876773965612,93.58930915815353,87.8202194532813,44.31724528129014,7.9128810473591225,7.1921222259329065,0.720758821426216,1.6903563182721002,0.9487177573103822,0.152235156850863,0.05945542096467192,8.181631006757664,3.302715125105616,2.751853778888171,2.127062102763875,0.9346835135371172,115.33167698133062,0.13139616298985432,22.678450881452175,27.543343753832556,179.3186372745491,$HR$,[bpm],10.005278940844557,12.784941206213272,11.567301470789138,11.517523909526492,11.535110295916038,1.952831930206678,3.1551484448774025,13.838582799140418,12.05306346975435,12.486305283839664,17.664532810608378,10.255246748159186,8.62457110955089,1.2854240192074788,0.11415564733640848,0.3923106416668487,7019.410214701573,2.9462759004404386,0.4777779838291336,3.152164190091322,1.2178562931638852
152.08308168494256,134.1576792578913,142.73460041076586,395.0484658719067,39.06871302332017,172.5614357053877,31.046873689208933,20.8493510130476,25.35472877263899,34.0515416091335,39.07385868408789,142.06046493839088,150.18316129122397,93.63119683328054,87.77526153519865,44.356788620891834,7.903590063889075,7.18523203049636,0.7183580333927142,1.6871035134335628,0.9491696696950389,0.15192691075648224,0.05878773696413324,8.165873167177406,3.2963669529515522,2.746562881081945,2.1229433331439074,0.9346835135371134,115.3591422667417,0.13114700127531695,22.64046590920915,27.505089963652825,179.65931863727457,$HR$,[bpm],10.007101424661505,12.78102588582515,11.567532952381136,11.517783174082853,11.535378739400054,1.9525413973955608,3.1517639240248743,13.838790912603649,12.054475882476426,12.487188100259596,17.670975024777817,10.262172028389692,8.625516254926618,1.286617787305674,0.11410624442170887,0.3879310688033379,7019.058361804917,2.952724401182185,0.4733497501051332,3.1590633176017193,1.2201903589864271
152.0588837896522,134.1683971819466,142.7287758153884,395.095098898782,38.99303435822237,172.51592603799222,31.04436188491163,20.85626941174198,25.35524621349028,34.050721631899805,38.99856444597892,141.98236813798303,150.18006692655334,93.67410323932887,87.73167630395581,44.39699266299326,7.896062472559671,7.178457911344827,0.7176045612148441,1.683884074620299,0.9496354015361346,0.1516230795885132,0.05878527862890311,8.150199435118163,3.290051866522283,2.741297232102378,2.118850336493503,0.9346838501579399,115.38746137676122,0.13073203268300818,22.602570819829786,27.467188325862306,180.0,$HR$,[bpm],10.008995574648747,12.777231675342716,11.56781880242704,11.51809831948871,11.53570238088213,1.9522770531137636,3.148432877586334,13.839122839923595,12.056001310739129,12.488190306003245,17.67758778300096,10.269238795952791,8.626558530709186,1.2878420786914668,0.11389027847256962,0.38793106880333744,7018.746184480026,2.959181383954792,0.47425372666544646,3.1659703796687606,1.2225206094690768
