STK_syst_list,DTK_syst_list,MAP_syst_list,Plvmax_list,SV_lv_list,EDV_lv_list,STK_pulm_list,DTK_pulm_list,MAP_pulm_list,Prvmax_list,SV_rv_list,EDV_rv_list,maxVla_list,minVla_list,maxVra_list,minVra_list,Eout_total_list,Eout_lv_list,Eout_rv_list,SW_lv_list,PE_lv_list,SW_rv_list,PE_rv_list,Ein_total_list,Ein_LAD_list,Ein_LCX_list,Ein_RCA_list,Ees_lv_list,Pes_lv_list,LVET_list,EF_lv_list,EF_rv_list,var,var_name,var_unit,Plvmin_list,EDP_lv_list,Pv_syst_max_list,Pv_syst_min_list,Pv_syst_mean_list,Prvmin_list,EDP_rv_list,Pv_pulm_max_list,Pv_pulm_min_list,Pv_pulm_mean_list,Plamax_list,Pramax_list,Plamin_list,Pramin_list,RVET_list,Ees_rv_list,CO_list,Ea_lv_list,Ea_rv_list,VAC_lv_list,VAC_rv_list
78.75021395480042,56.560979264500936,67.47508473672002,130.9569829200604,47.05559010247635,89.79033196660046,16.333630513986044,7.237850144183118,11.418457321437025,16.577093826294345,47.05654964430836,128.64189940531543,72.09094017511829,36.137890911595484,69.34949474868881,23.731534065251687,3.295110843216824,2.827099981782445,0.46801086143437914,0.7097651898876887,0.15490959945476862,0.08800348062154005,0.02094402402658155,9.334946417382032,3.7073821913102627,3.0934154923786594,2.5341487336931077,2.2401933216164527,72.14890024754955,0.31944543700421635,52.40607654728322,36.57948915698613,2.0,$icP_{v}^{syst}$,[mmHg],3.1698813820501215,6.355473147695741,5.719073235456889,5.662064016021526,5.686182687443061,1.1774896161722554,2.894580140721415,5.864917042480396,4.987503222802613,5.381827687696052,6.774395203561692,5.262764119091583,3.851247560666852,0.560797085379481,0.3293075108983063,0.5548887488541913,3293.8913071733446,1.5332694817008072,0.2805826057962439,0.684436234545351,0.5056556046155711
80.3053668797179,57.700723612909464,68.81237642083838,134.25564779491873,47.98624309040769,91.57560177796657,16.663151468000265,7.402756909569375,11.662346472632123,16.92661702645237,47.98707662144518,130.0366937177021,73.66457502467158,36.93804845766614,70.57394796991557,23.95517413620945,3.401843722655572,2.9229919526731205,0.4788517699824516,0.741779703507504,0.16187556180677276,0.09153668594187565,0.02181769209977133,9.525517886352125,3.78384295495375,3.1572345735804306,2.5844403578179467,2.2200704873899357,73.42125896336772,0.3198742228256985,52.40068550873925,36.90271972434241,2.241206030150754,$icP_{v}^{syst}$,[mmHg],3.250994590245353,6.49781413923366,5.837534636856986,5.779421709490579,5.80401011845241,1.200469345398492,2.948733334571031,6.001785370960462,5.103485166678196,5.5063429225824585,6.9295760883688065,5.366626188907321,3.9418150031514787,0.5751417538922913,0.3288787250768241,0.5548884823038738,3359.0370163285384,1.530048077009063,0.2808217665303212,0.6891889630080577,0.5060868543610078
81.85583954935943,58.83753083581544,70.14566663844143,137.57218378398508,48.91395569237331,93.36610223889792,16.99238409109635,7.568146874800701,11.906355414986981,17.276305066148364,48.914797798652565,131.42749947288135,75.24383985730331,37.742260949460594,71.80111030442755,24.179865569393243,3.5109219587993543,3.021026505286172,0.48989545351318237,0.7745386567789406,0.16896805268698314,0.09513468734533718,0.022708992944574336,9.715703276873072,3.8601761799272056,3.2209482261341758,2.63457887081169,2.1997218345136744,74.66790793524994,0.3207317944686629,52.389415986560174,37.2180844913249,2.4824120603015074,$icP_{v}^{syst}$,[mmHg],3.332722032253389,6.640567327029022,5.955821247090744,5.8966042209102625,5.921661547327383,1.223446020688153,3.0027133641960355,6.139267847380254,5.219953501209092,5.631352137701091,7.085363404832755,5.470400489690297,4.03281315211907,0.5895174827809134,0.3288787250768241,0.5548882932547188,3423.9768984661314,1.5265154264939609,0.281066611102556,0.6939583917124915,0.506528276986975
83.40226255484639,59.97155329161821,71.47548568353604,140.90789603591065,49.83925199015875,95.16265623230404,17.321390734397763,7.734108839572171,12.15060940557242,17.626256963956337,49.840186700787434,132.81451890163066,76.82930430715332,38.550824601894504,73.03122107327661,24.40529774520887,3.6223903524718555,3.121246551687496,0.5011438007843596,0.8080596299960716,0.17618693573055288,0.0987980986569808,0.02361808052365318,9.905582039322969,3.9364145082843667,3.2845820605788725,2.68458547045973,2.1791410196294554,75.8887361378599,0.32116058029014505,52.372699505670425,37.52615836955421,2.7236180904522613,$icP_{v}^{syst}$,[mmHg],3.4150505010355516,6.783799691091728,6.0739566247765335,6.013634367517135,6.039160320900797,1.246387094055645,3.0565095153090818,6.277424617904671,5.336963610523938,5.75690675304362,7.241828486104094,5.574040955831025,4.124278963150475,0.6039222629323843,0.3288787250768241,0.5548882232156871,3488.7476393111124,1.5226700463491079,0.2813151968885292,0.6987478243184212,0.5069763334645164
84.94484780917821,61.10307856228921,72.80202258317638,144.26308306687957,50.76225674693098,96.96536439945653,17.649819256923344,7.90060113156339,12.395109447939557,17.97601121404588,50.763252788099514,134.19515315358845,78.42065448582896,39.36374215897754,74.26393878745908,24.631018144601235,3.740604689248679,3.2280191542799157,0.5125855349687629,0.8423481246242307,0.18530193809118242,0.10252335473337099,0.02454393590433749,10.095172564590044,4.012563722175659,3.348141926204923,2.734466916209461,2.179192741308817,77.82795223107757,0.32116058029014505,52.35091628987421,37.82793312214501,2.964824120603015,$icP_{v}^{syst}$,[mmHg],3.497991373671459,6.927513869179526,6.191908418332857,6.130481308151797,6.156475783526477,1.269209755927041,3.110040299964652,6.4162599494252595,5.454503057499828,5.882999634538708,7.398964727884026,5.677391840602021,4.216214053761941,0.6183394128375628,0.3288787250768241,0.554888372919891,3553.3579722851687,1.533185425917514,0.28156150282961795,0.7035565954559334,0.507420080453311
86.48243841949606,62.23137095186527,74.12429122324205,147.6349624412792,51.68225604884482,98.77276665978113,17.97800552428972,8.067520530393935,12.63967452713132,18.32593409883775,51.68302602097288,135.57256600914957,80.01704028943915,40.18035217990152,75.4991315471256,24.857758224548064,3.8570197374234434,3.332789904771956,0.5242298326514874,0.8773789250897192,0.19286087359806808,0.10631317499633065,0.02548756998394873,10.284332729443506,4.088567392486439,3.411580388111641,2.784184948845425,2.1583606534657584,79.01906262180745,0.3220181519331094,52.3243985124587,38.12203865602491,3.2060301507537687,$icP_{v}^{syst}$,[mmHg],3.5815115226091923,7.071600543848594,6.309677839134076,6.24714477264249,6.273606871464662,1.2920521839476742,3.1634254303792075,6.555653562528335,5.572489644560516,6.009541225899662,7.556648496662902,5.780708001935779,4.308539616105653,0.6327741532528075,0.32844993925534194,0.5548885748051604,3617.7579234191376,1.528939885037655,0.28181686183763816,0.7083801692653081,0.5078800945515832
88.01531493417188,63.3563293383365,75.44255519200931,151.02360845168474,52.599264003381975,100.5849767453922,18.306098532398533,8.23480358091216,12.884276039142762,18.67626085270927,52.59998121209498,136.94754370003446,81.6184615255502,41.00058506763109,76.73691656346153,25.085628246816967,3.975742536714593,3.4396634947290003,0.536079041985593,0.9131556366836252,0.200528710767188,0.11016824471385149,0.026449252028259488,10.473127029132451,4.164452801407535,3.4749228148815625,2.833751412843354,2.1373125122220626,80.18074661823955,0.32244693775459154,52.293360007951236,38.40885333971985,3.4472361809045227,$icP_{v}^{syst}$,[mmHg],3.6656127966181926,7.2160541664663524,6.427306703454056,6.363667467947652,6.39059587967088,1.314937651062713,3.2166934391349677,6.695594692207357,5.690905725572996,6.136525329995477,7.714877498722304,5.884061566495616,4.401249619878368,0.6472443684231938,0.32844993925534194,0.554888789130892,3681.9484802367383,1.5243701245151295,0.28207973352480614,0.7132181727277281,0.5083536359900519
89.5435381073312,64.47828952785083,76.75685654380798,154.42939262956492,53.51348382979784,102.40206545277982,18.634174779926177,8.402330298593249,13.128998254356423,19.026991037298576,53.51419053091518,138.32107175957924,83.2251732068852,41.824500348759514,77.97778066228919,25.314313723050386,4.0967690482236865,3.548631377579321,0.548137670644365,0.9496824065351864,0.20829782825315554,0.11409000915845348,0.02742936915226404,10.661490952091981,4.240188942415472,3.538139149479536,2.8831628601969754,2.116080438394878,81.31230234598394,0.3228757235760737,52.25820748163939,38.68838626693849,3.6884422110552766,$icP_{v}^{syst}$,[mmHg],3.7502374724961367,7.3608986234969525,6.5448023205530115,6.480053685001733,6.507447828042312,1.3378859513705117,3.2698816298211297,6.836099425518931,5.809770709443963,6.263967177465672,7.8736769918033875,5.98753307090154,4.494349307747538,0.6617564253724381,0.32844993925534194,0.5548890066783555,3745.943868085849,1.5194731594115896,0.2823513122673824,0.7180602078454843,0.5088428656346564
91.06657237095925,65.59678168749501,78.06675082561247,157.85064582447856,54.424557461577685,104.22323900603247,18.962051559550975,8.570177437412708,13.373698788133028,19.377930890780526,54.42510769962024,139.6919290073686,84.83636791605993,42.65168491104918,79.22104695688144,25.543993801181763,4.22549183865657,3.665094190269052,0.5603976483875175,0.9869448990911199,0.21837794248166553,0.11807576005161345,0.028427349049003386,10.849392129316751,4.3157653001463885,3.6012228750257926,2.93240395414457,2.1161332948232388,83.25756327400606,0.32330450939755584,52.21921519674473,38.96081046797584,3.92964824120603,$icP_{v}^{syst}$,[mmHg],3.8353842720410585,7.5060617379967365,6.662122722480201,6.59626349300348,6.624122292491368,1.3608698841075455,3.322954348095128,6.97709181998505,5.929020362117724,6.391798768084278,8.032949568474308,6.091151191182618,4.587790932571325,0.6763019195411174,0.32802115343385974,0.5548892341060544,3809.719022310438,1.5297793341320916,0.2826310254997812,0.7229125584264645,0.5093467454907635
92.5853044042208,66.71231436892691,79.37301110675693,161.2890383960528,55.332992560464376,106.0495011126624,19.289954312340846,8.73844315454315,13.618535049053985,19.729379652501574,55.3334969194723,141.06115348260175,86.45284003156112,43.48254757264958,80.46729908139706,25.77491289553589,4.351364029319132,3.778496566854204,0.572867462464928,1.0249647544344518,0.22645661420546873,0.12212827177178542,0.029443867441599953,11.036946714881982,4.391229063067849,3.664212521352144,2.9815051304619877,2.0946669892570795,84.35246924374825,0.32373329521903804,52.17657035621601,39.22660176339551,4.170854271356784,$icP_{v}^{syst}$,[mmHg],3.9211159964984104,7.651627557385353,6.779330116181577,6.71235794382196,6.740680624406276,1.3839136329036767,3.3759368830875762,7.118654187105645,6.048719373831695,6.520091575018116,8.192785944874059,6.194886091110809,4.681623268103677,0.6908890207912172,0.32802115343385974,0.5548894699848137,3873.3094792325064,1.5244516036535207,0.2829178521567351,0.7277775472053444,0.5098634367029492
94.09918746358883,67.82473843614117,80.67517465878144,164.74321137616909,56.238473595974135,107.88007439174261,19.61773022252508,8.906909419983988,13.863393779236166,20.08110399792224,56.23909026186221,142.4281065529753,88.07386197060285,44.316749619763314,81.71606726153014,26.00693043859758,4.479476909847193,3.893936452435465,0.5855404574117284,1.0637281545869484,0.23461999680958223,0.12624527094470475,0.030478492230794605,11.22407762335652,4.466547843568246,3.7270817741732523,3.030448005615021,2.0730220401560078,85.41463178699055,0.32416208104052024,52.130547659576656,39.48594952425658,4.4120603015075375,$icP_{v}^{syst}$,[mmHg],4.007391313940706,7.797530523611873,6.896385682032438,6.82829901340924,6.857084551929894,1.4070020928069769,3.428816852199227,7.260717499323129,6.168819261682765,6.648788058086903,8.353106290701781,6.298705585608819,4.775805761884975,0.7054997072077848,0.32802115343385974,0.5548897086157074,3936.6931517181893,1.518793564715544,0.2832106551236894,0.7326470897536841,0.5103908952109055
95.60802723230444,68.93362329794338,81.97299859991276,168.21224414629955,57.14077366593275,109.71445628175563,19.94520572067393,9.075616682188606,14.108154823357582,20.432970666665042,57.14115550605018,143.7922102922669,89.69877538195205,45.15382245860004,82.96676068242728,26.23943880936426,4.609773788589896,4.011364834370602,0.5984089542192941,1.1032251524325025,0.24285811357180725,0.1304241872108981,0.03153067222783933,11.410791786218699,4.54172711585691,3.789838391315491,3.0792262790462974,2.051213162812601,86.4429355854257,0.3250196526834846,52.08135336257841,39.738700302267496,4.653266331658291,$icP_{v}^{syst}$,[mmHg],4.094100359668731,7.943724507443505,7.0132698019568975,6.944069776628395,6.973316468496907,1.43011964099397,3.481560876261934,7.4032217741665525,6.289271215024851,6.777837111627353,8.513848951270326,6.402552293583196,4.870301145227816,0.7201395851503488,0.3275923676123776,0.5548899549985867,3999.8541566152926,1.5128065309511702,0.2835102918412446,0.7375179519991119,0.5109306616335606
97.11245907919174,70.0395101829294,83.26705617174053,171.69760103418335,58.04047286889594,111.55348307416045,20.272697074998376,9.244708433343645,14.353050442790318,20.785233294101307,58.040788370248386,145.15488617809467,91.32857329379864,45.994183742524775,84.22065514254075,26.473209003682737,4.7490210968331965,4.137534313751504,0.6114867830816924,1.1434761376316025,0.2538955346251065,0.13466957922541076,0.032601470807797545,11.597074401350355,4.616754437597936,3.8524647811554082,3.1278551825970102,2.051238310173125,88.38598210062445,0.3250196526834846,52.02927893368492,39.98541826489843,4.894472361809045,$icP_{v}^{syst}$,[mmHg],4.181363726810891,8.090291050255388,7.130030563666626,7.059712896231786,7.089420515404037,1.453301646500468,3.5342396138892074,7.546252123946356,6.410129464347542,6.907310687784281,8.675107696873535,6.506564507751998,4.965154847540402,0.7348242285648695,0.3275923676123776,0.5548902053686864,4062.8331008227156,1.5228335975186507,0.28381583627739554,0.742397209512981,0.5114810705458739
98.61271402058263,71.14273888629369,84.55760318227333,175.19965105394255,58.93766676557888,113.39743299554158,20.60016992414231,9.414140458842683,14.598043862987488,21.137898207213915,58.93787912276905,146.51570013678065,92.96345827811214,46.83803861362182,85.4773062900915,26.7081588700109,4.884154508655247,4.25938392923498,0.6247705794202674,1.1844883909934738,0.2624156452809082,0.1389802291803637,0.03369073806364741,11.783030555559,4.691676596126195,3.9150044235425874,3.176349535890216,2.0292299311866606,89.37340266145316,0.32544843850496674,51.97442764678467,40.22632323208176,5.135678391959798,$icP_{v}^{syst}$,[mmHg],4.269191158569403,8.237241050511377,7.246682358791637,7.175245257712942,7.20541296118559,1.4765175785912592,3.586826200436293,7.68981818106331,6.531412931645381,7.037218102060505,8.836887046425701,6.610694524537557,5.060377801158953,0.7495491343083416,0.3275923676123776,0.5548904599645502,4125.636673590522,1.5164055105359129,0.28412679273584107,0.747281265287243,0.5120412283786476
100.10829480702687,72.24268587536682,85.84425206862116,178.71691237712477,59.83192785403651,115.2454234730035,20.927511416806848,9.583757484112347,14.843056614178375,21.490876364359224,59.83222738129309,147.87435239565121,94.60254308390006,47.684938490207045,86.73648996615321,26.94426188684853,5.0214632701758815,4.383206798458461,0.6382564717174206,1.2262442011830343,0.2709943347756897,0.1433549302140786,0.034798107069425745,11.968579848238456,4.766458979609953,3.9774278628787303,3.2246930057497707,2.0070817482362107,90.32551320108209,0.32630601014793104,51.91696646249234,40.46153130138927,5.376884422110553,$icP_{v}^{syst}$,[mmHg],4.357505374192245,8.384515437991796,7.363198042921342,7.290640409814835,7.321267118881852,1.4997847019062305,3.6393171747899196,7.833851372205502,6.6530683035682205,7.167501003480575,8.999117609169176,6.7150026230327935,5.155923172595592,0.7643123330304242,0.3275923676123776,0.5548907139111395,4188.234949782555,1.5096540666621419,0.28444229158733797,0.7521637162954624,0.5126095724011137
101.59962123155394,73.33981627771755,87.12720949785155,182.24985316728046,60.72356349643511,117.09781161931484,21.254738179546234,9.753720227656528,15.08811288641119,21.844123945972726,60.72387833384034,149.2312298413232,96.24602303174753,48.535028156822,87.99826149697236,27.18096730682899,5.168397664678784,4.516759459202046,0.651638205476738,1.2687532308096285,0.28277500463835753,0.1477935714079742,0.035799195045984375,12.153760399586261,4.841117992614281,4.039749239461117,3.272893167510864,2.0070987106328197,92.26833336842051,0.32630601014793104,51.857129229577325,40.69113308146541,5.618090452261306,$icP_{v}^{syst}$,[mmHg],4.446294626045159,8.532132434782831,7.479588938422957,7.405909066958132,7.436993866159242,1.5230922318601137,3.6917144866269416,7.978366343828052,6.775101983275242,7.298174860857079,9.161819793040497,6.819462112822778,5.251804328490015,0.7791070513903718,0.3275923676123776,0.5529670803247111,4250.649444750457,1.5194815332904055,0.28377528530824664,0.7570537140205361,0.5131865809111263
103.0861876321511,74.43380722896134,88.40612917247732,185.79743960484876,61.61229820871954,118.95395372836266,21.58174303053354,9.92397058225129,15.333123682805464,22.197486887416392,61.61245478750086,150.58548254857664,97.89328521250901,49.387968450511885,89.26221039274182,27.41872101225524,5.310383511335084,4.644870462033088,0.6655130493019958,1.312002035568992,0.29160384330624706,0.1522942577492109,0.036938689121519104,12.338524483670694,4.915634052411617,4.101952685223904,3.3209377460351726,1.9847782630528785,93.175218596295,0.32673479596941324,51.795082279832684,40.91526868642573,5.85929648241206,$icP_{v}^{syst}$,[mmHg],4.535583649075481,8.680037811863148,7.595825491401077,7.521022865863778,7.55256458531474,1.5464282784793126,3.744002965913716,8.123318047408924,6.897472482343697,7.429191173829921,9.324930788212876,6.923999564704456,5.347984832104055,0.7939299042030117,0.3275923676123776,0.5529670803247111,4312.860874610367,1.5122827958900678,0.28409897496048475,0.7619404263144016,0.5137719496677041
104.5682497880068,75.52461224240614,89.6813042980709,189.3600723037397,62.49832723882432,120.81419628001888,21.908642502652445,10.094422846680613,15.578176799863355,22.551179323256612,62.498467465819985,151.93774167916138,99.5448040570303,50.243961221567595,90.52873694386419,27.657628585891953,5.462987595109669,4.783397982773006,0.6795896123366632,1.3559997159764279,0.3039181631995908,0.15685874709721226,0.03809637986891097,12.522894760265423,4.990014951632186,4.164042906313905,3.36883690231933,1.9848187262565504,95.12322223198031,0.32716358179089544,51.73094649735359,41.13426116191366,6.100502512562814,$icP_{v}^{syst}$,[mmHg],4.62538695114876,8.828273979215991,7.711928907582496,7.6360014074921345,7.667999324826484,1.5698147133149836,3.79620047451398,8.268732045941874,7.020209917451683,7.560583228069118,9.488491419673274,7.028665194570675,5.444486697936163,0.8087921815642356,0.3275923676123776,0.5529670803247111,4374.882906717702,1.522012291120797,0.28442641402918745,0.7668268497201125,0.5143640989661947
106.04631639284878,76.6128471546297,90.95305602653362,192.93845679500703,63.3818774125704,122.67890259322623,22.23542681789717,10.265156339703902,15.823277498868267,22.905120327326518,63.38186271947968,153.28790941743446,101.20083136167567,51.103025626627726,91.79786925542415,27.897682060198623,5.609674228934372,4.915807337042168,0.6938668918922035,1.400756283055234,0.31298653688060685,0.161486590828355,0.03927230831481711,12.706940192054457,5.0642898212731895,4.226046392497176,3.4166039782840905,1.9623293552719514,95.98349944239106,0.3275923676123776,51.66485522187093,41.34824655144709,6.341708542713568,$icP_{v}^{syst}$,[mmHg],4.715645740051099,8.976855249992541,7.827927294779626,7.750874286977805,7.783327346346085,1.5932335013037016,3.8483099428758254,8.414624188485844,7.14332405917191,7.6923611358786514,9.652532243938884,7.133437799729127,5.5413173978703005,0.8236941857232779,0.3275923676123776,0.5529670803247111,4436.731418879927,1.5143681973572285,0.2847578174043119,0.7717196877724729,0.5149634174191664
107.51990830378138,77.69800454807987,92.22097701192551,196.5314032642318,64.26268702092689,124.54741845407368,22.562089142174766,10.436196412558198,16.068396527300553,23.259317396408466,64.2626462154272,154.63623922356595,102.86076947119236,51.96495789945845,93.06942097992363,28.13854799832208,5.758454068795567,5.050109962979505,0.7083441058160624,1.4462576866994494,0.3220796966255525,0.16617760657040928,0.04046633888327467,12.890567859249726,5.138418835252872,4.287927278440306,3.464221745556546,1.939745118686165,96.8058960196903,0.3280211534338598,51.59696428764076,41.557300240934616,6.582914572864321,$icP_{v}^{syst}$,[mmHg],4.806373725108431,9.125737252367273,7.943782929305512,7.865602328491073,7.898509870728377,1.6166878273612293,3.9003295556574598,8.560957216395284,7.266780131739518,7.824490161781322,9.81701938969996,7.238328130583429,5.638449124013572,0.8386341451140925,0.3271635817908954,0.5529670803247111,4498.388091464883,1.5064090922336602,0.28509249958983796,0.7766015636394469,0.5155686653578493
108.98943083691267,78.78048615947822,93.48558208499928,200.13958926187468,65.14095129854208,126.42015006670081,22.888616951791853,10.607556844963504,16.313541100771147,23.613741675296353,65.14073378902438,155.9825112285837,104.52483527941851,52.82989476489784,94.34348209085952,28.380291312129746,5.919017144129326,5.195997420203986,0.7230197239253404,1.4925151166235175,0.33512611110167984,0.17093115694900413,0.04167848692308551,13.073869641294507,5.212439927671472,4.34971960239447,3.5117101112285662,1.9397588427961865,98.74743071326685,0.32844993925534194,51.52734849956507,41.76156241872799,6.824120603015075,$icP_{v}^{syst}$,[mmHg],4.897618164160833,9.274950051613603,8.059522905936687,7.98021244361838,8.013573876955098,1.6401866263180531,3.9522603680744095,8.707745946448968,7.390598040071653,7.956989147305329,9.981955986408172,7.3434039021657345,5.735898099358113,0.8536119470591981,0.3271635817908954,0.5529670803247111,4559.866590897946,1.51590403186938,0.28543075435430515,0.7814909763134191,0.5161803740408845
110.45484774726206,79.86011864317616,94.74657588853508,203.76291918750962,66.01677787126323,128.29704637403458,23.215103663397812,10.779098747759283,16.558768822973363,23.968483170241655,66.01654097268599,157.32715122751966,106.19310949899054,53.69779443546204,95.62023930649107,28.6232611705731,6.072434875289108,5.334536297526566,0.7378985777625424,1.5395286645924642,0.34442917993053024,0.1757488467637096,0.0429091116763483,13.25678957272078,5.286329888970542,4.411401244625952,3.559058439124288,1.917035844118958,99.52057726301058,0.3288787250768241,51.4561946179176,41.96131466031298,7.065326633165829,$icP_{v}^{syst}$,[mmHg],4.989349532095239,9.42449265171986,8.17515069255706,8.094708704672435,8.128523152068004,1.6637256560583076,4.004116323587375,8.855004982150508,7.5147781800204925,8.089863154403265,10.147348028028304,7.448677522183686,5.833662889797653,0.8686325322831048,0.3271635817908954,0.5529670803247111,4621.1744509884265,1.5075043113597852,0.2857718434513265,0.7863725219246552,0.5167972084043714
111.91616795962645,80.93699290285656,96.00415365830813,207.4009731833265,66.8900896083123,130.17799989159178,23.541471017661998,10.950936980726986,16.804034997823287,24.32351122170646,66.88983773076545,158.66977675958847,107.86546320492776,54.56860713299949,96.8995345770553,28.867351698268156,6.238434246656918,5.48545781733682,0.752976429320098,1.5872971846777795,0.3580108711501962,0.18062924121404791,0.04415792517623585,13.439352404615272,5.360097578635928,4.472981341647426,3.6062734843319215,1.9170608932720046,101.46443986466306,0.3288787250768241,51.38355917591013,42.156634424534964,7.306532663316583,$icP_{v}^{syst}$,[mmHg],5.081495098519636,9.574356443081143,8.290666606281434,8.20909185754166,8.24335852661722,1.6872915984623336,4.05589336351705,9.002709584860202,7.6393133063625696,8.223099321026535,10.31318423964794,7.554077079950496,5.931736606786917,0.8836833430185719,0.3271635817908954,0.5529670803247111,4682.306272581861,1.5168830010365884,0.2861156587848528,0.7912544699858751,0.5174189729646133
113.37314126999419,82.01085865981331,97.25810098127634,211.05350519367124,67.76084893920653,132.06272021219408,23.8676755059586,11.123071725909016,17.049307575239357,24.67868621414629,67.76055822168145,160.0102451254972,109.54175648320697,55.44214349889988,98.18112666369781,29.112549777256515,6.396413088725753,5.62816198631766,0.7682511024080934,1.6358143995134358,0.36750348110349934,0.18557151772332503,0.04542486536939587,13.621552801425825,5.433743481884405,4.534460515505763,3.6533488040356596,1.8942120016174049,102.18633464708597,0.32973629671978844,51.309596554069614,42.34763728318543,7.547738693467337,$icP_{v}^{syst}$,[mmHg],5.174120518161592,9.724512663997299,8.40605110383318,8.323343053240757,8.358060961307288,1.7108966813649225,4.107573911529629,9.150841191745878,7.764173662284793,8.356672979220173,10.479432360748625,7.65956654422197,6.030099140723969,0.8987727093080496,0.32673479596941324,0.5529670803247111,4743.259425744457,1.5080438962440568,0.28646217758448544,0.796132584397305,0.5180456265430309
114.82623926054687,83.08214616663233,98.50865810600293,214.7204658333638,68.62912695746319,133.95138965727548,24.193758267878028,11.295527027354343,17.294613221828442,25.03412632715736,68.6287713135221,161.34894057414013,111.22198785051907,56.318515844713424,99.46512018650733,29.358445102299413,6.567815207664545,5.78409158645289,0.783723621211655,1.6850861453284642,0.38161775160360484,0.19057603413521676,0.04670999074756976,13.803407427198369,5.507272309401304,4.59584279207385,3.7002923257232165,1.8942440182275389,104.13100201680756,0.32973629671978844,51.234352352040446,42.53437987836496,7.788944723618091,$icP_{v}^{syst}$,[mmHg],5.267229074088246,9.874979687697335,8.521321992521449,8.437479610421505,8.472647980639634,1.7345423684233046,4.159172538602146,9.29940927122981,7.8893827702549695,8.490600542568048,10.64611457997789,7.765172280141045,6.128762983827654,0.9139013941040929,0.32673479596941324,0.5529670803247111,4804.038887022423,1.5173004033892006,0.28681120007406696,0.8010057779192314,0.5186768078592433
116.27506791034924,84.15057976834437,99.75575833282443,218.40179449902325,69.49490845170574,135.84383690560938,24.519711040872963,11.468105340204447,17.53993735253414,25.38975038271723,69.4944426285315,162.6856171737346,112.90602531259375,57.19764690881413,100.75152672503009,29.605362534957067,6.7303124785828325,5.930919795991282,0.7993926825915505,1.7351093057165603,0.39128085525550527,0.1956422905496315,0.04801327147945409,13.984899621452328,5.580676724261428,4.657121601423606,3.7471012957672993,1.8712842220292318,104.80016790577147,0.33016508254127064,51.15793990712588,42.71701692861838,8.030150753768844,$icP_{v}^{syst}$,[mmHg],5.360768726136162,10.025744311982871,8.636474094294321,8.55149585959432,8.587113788461767,1.758207956446827,4.210690645596419,9.448408673643616,8.014922809794234,8.624871003757612,10.813223463414154,7.870900459493384,6.227720082315366,0.9290706522473506,0.32673479596941324,0.5529670803247111,4864.643591619401,1.5080265625301241,0.28716268993749616,0.8058778804295219,0.519312451238272
117.72004321282192,85.21619700870389,100.99942500295762,222.09718077019193,70.35820048760634,137.74002199491133,24.84553887000604,11.640967777180547,17.785290803960944,25.745604044524086,70.35765589292382,164.02032894656637,114.5938125196454,58.07924782707497,102.04026389536732,29.853377467181048,6.907109844380398,6.091850881072182,0.8152589633082152,1.7858836401121518,0.40592566113670264,0.2007705072355535,0.049334762401932346,14.166036327883488,5.653959941144455,4.718299584794937,3.793776801944094,1.8713193523175073,106.74437747690548,0.33016508254127064,51.08043360861787,42.895692469830706,8.271356783919597,$icP_{v}^{syst}$,[mmHg],5.454730393313649,10.176802992563756,8.75150748343342,8.665392552027336,8.701459307021763,1.781905431021795,4.2621247059634335,9.597831052244326,8.140796124270363,8.759480366074557,10.980752125850502,7.97682760700751,6.3269644746416525,0.9442793112164967,0.32673479596941324,0.5529670803247111,4925.074034132444,1.5171561628513879,0.2875163844628496,0.8107414487925263,0.5199520815850655
119.1607767646727,86.27916703864796,102.23964177551034,225.80648097952252,71.21902660474862,139.63983700489874,25.171213191625178,11.81412705055371,18.030655414172898,26.101632114306643,71.21845034197142,165.35295431237597,116.28528309107317,58.963487830064196,103.33130590580718,30.10247745799215,7.074058138268315,6.242737719722055,0.8313204185462597,1.8374076504820611,0.41573776403909934,0.20595994620242106,0.05067437027979831,14.346811474472126,5.727118691944213,4.77937406374113,3.8403187187867838,1.848263278032081,107.35924691682823,0.33102265418423493,51.00194051519136,43.070564198949434,8.512562814070352,$icP_{v}^{syst}$,[mmHg],5.549160253004076,10.328145816111752,8.866417500351332,8.779165262465067,8.815679924448698,1.8056391641044656,4.313477735325854,9.747666617284793,8.266988165452654,8.89442134141748,11.148694710089881,8.082893501282502,6.426492508551078,0.9595268667345316,0.32630601014793104,0.5529670803247111,4985.331862332403,1.5074517588207237,0.2878717847765633,0.815604452427236,0.5205947967237405
120.59797718350639,87.33956627106107,103.47677521230932,229.53069021485533,72.07763941686515,141.54379779281277,25.49685366350761,11.9876339902928,18.276114965684314,26.45798064642357,72.07711201844712,166.6840353795115,117.98113803390713,59.8506224406198,104.62498961279891,30.352780373344622,7.256283540390673,6.408700696473167,0.8475828439175068,1.8896962781138757,0.43091376110285884,0.21121248495192824,0.052032573551123264,14.527269675974887,5.800170868204725,4.840359005130426,3.8867398026397355,1.8482981339483997,109.3022231148401,0.33102265418423493,50.92249928348684,43.24176088870159,8.753768844221106,$icP_{v}^{syst}$,[mmHg],5.644072441688345,10.479817167641766,8.981233332190373,8.892841142313747,8.929803354037743,1.829416068819856,4.364766969167022,9.89796587190065,8.39354225724242,9.029731453738078,11.317140820878997,8.189104442915863,6.526329663088601,0.9748178016986843,0.32630601014793104,0.5529670803247111,5045.434759180561,1.5164512045501994,0.2882290272499016,0.8204581158726286,0.5212408432716265
122.03102066805266,88.39713535886811,104.71046580834029,233.26823884076316,72.93376496906914,143.4512143399224,25.822313188755025,12.16125994272292,18.52156802090661,26.814464930606125,72.93321411029936,168.01309831796593,119.68049567126234,60.74027795081479,105.92085842942544,30.60383584382476,7.427666870491315,6.5636286567260465,0.8640382137652687,1.9427319593831673,0.44085692546481897,0.21652542280354423,0.05340881043436987,14.7073731792713,5.873101726525629,4.901243851520727,3.9330276012249414,1.8251600646864674,109.86190201957113,0.33145144000571714,50.84220813652026,43.40924299382466,8.99497487437186,$icP_{v}^{syst}$,[mmHg],5.7393522475621825,10.631757966250426,9.095923803269717,9.00639160724049,9.043800337221718,1.8532079954077842,4.415968646283684,10.04865908771354,8.520402312020716,9.16536023425487,11.485996046139133,8.295404986490468,6.626439330686957,0.9901357109955286,0.32630601014793104,0.5529670803247111,5105.363547834841,1.506324293914664,0.2885881799556357,0.8253107894804973,0.5218903443332867
123.46071703669,89.45266668588054,105.94130715000682,237.02075848711706,73.78763105463607,145.36265464554407,26.147632007009655,12.335158752915515,18.767051043938157,27.171115152487058,73.78677205043277,169.34012551914216,121.38380521269944,61.632765277361436,107.2190188259666,30.855708369479306,7.615294524863321,6.734607264240284,0.8806872606230367,1.9965312039697631,0.45656117986775085,0.22189887742851222,0.05480326103613686,14.887203120106717,5.9459436541179,4.962055789078915,3.9792036769099015,1.8251916551828054,111.80250369121364,0.3318802258271993,50.76106461770505,43.5731176082611,9.236180904522612,$icP_{v}^{syst}$,[mmHg],5.835097276483949,10.784006934138729,9.21050113618391,9.119825496941592,9.157680962356055,1.8770269379298061,4.467091218206029,10.199797296684899,8.64761371650757,9.301344261252835,11.655302725341144,8.401796298202933,6.726852115792123,1.0054911634365202,0.32630601014793104,0.5529670803247111,5165.134173824525,1.5151930220991843,0.2889496207801701,0.8301555717705862,0.5225439832882895
124.88604313881663,90.50502724401545,107.16846534235022,240.78602211472423,74.63906819972475,147.27733023448698,26.47283768685241,12.509350871112993,19.012566595379393,27.527978850986383,74.6381091460826,170.665377493114,123.09054627826197,62.52770979525272,108.51953219628439,31.108738891623204,7.791040076572003,6.893507470495182,0.8975326060768205,2.0510734963263366,0.46661246728959127,0.2273338381821916,0.0562160016864346,15.06662622235745,6.0186417980087645,5.022747059573323,4.02523736477536,1.8019855795869246,112.30565517938818,0.33230901164868143,50.67926481345667,43.73359743050057,9.477386934673365,$icP_{v}^{syst}$,[mmHg],5.931276884612523,10.936516405457374,9.324967325096436,9.233149711993349,9.271450221843306,1.9008799197885153,4.518144626857305,10.351331119227025,8.775122689924167,9.437640101760804,11.82501463274436,8.508317853726615,6.827528138452581,1.020890567525739,0.3258772243264489,0.5529670803247111,5224.734773980732,1.5046497482909673,0.28931222666811696,0.8349954435461594,0.5231997291741639
126.30788306171473,91.55488810225422,108.39263268847071,244.5656269519137,75.48834754157639,149.1959621389048,26.798028842795336,12.683889055114197,19.25819141225635,27.885159754610854,75.48752966560797,171.98923397155104,124.80137494899122,63.42547400400109,109.82267756769318,31.362958321426856,7.984054754160776,7.069475966709521,0.9145787874512548,2.1063798978209585,0.48283797482518825,0.23283172312399403,0.05764745876675995,15.245731432279284,6.0912314324829895,5.0833465862802,4.071153413516092,1.8020112795297651,114.24238559103678,0.33230901164868143,50.59677652086525,43.89084591079372,9.71859296482412,$icP_{v}^{syst}$,[mmHg],6.0279035610008584,11.089340949508628,9.439341282753821,9.346379447695885,9.385124726382852,1.9247735476844774,4.56913967095412,10.503312245187209,8.902985807432236,9.57430031647225,11.995199783317672,8.615115315881393,6.928507974208697,1.0363361326319704,0.3258772243264489,0.5529670803247111,5284.184327910347,1.51337775049475,0.2896758633778502,0.8398270131192886,0.5238573392248738
127.72559004135499,92.6020871911136,109.61335878682165,248.35809212547804,76.33512883936554,151.11771882943466,27.122984343495123,12.858574678733683,19.50376883997464,28.242424270624337,76.33430855982424,173.3106562291619,126.51565572985123,64.32559184479442,111.12757654618552,31.618122871317226,8.164102407405567,7.232289484242781,0.9318129231627854,2.162427408192531,0.4929748211744531,0.23838818848810286,0.05909673962685057,15.424497049298322,6.163706303049917,5.143852764016427,4.116937982231979,1.778750902687987,114.68793596418139,0.3331665832916458,50.513685245291704,44.04478652419985,9.959798994974875,$icP_{v}^{syst}$,[mmHg],6.124877083175942,11.242405625684183,9.553583830410455,9.459479510953567,9.498668195515393,1.9486906298508822,4.620042368101242,10.655673960981483,9.031140223899834,9.711254710092264,12.165768944649304,8.721955594252506,7.0297414330155625,1.0518147853381268,0.3258772243264489,0.5529670803247111,5343.459018755588,1.5024267032485514,0.29004102037194035,0.8446526722646415,0.5245176985972179
129.14016599017677,93.64722429971731,110.83140113162072,252.16499993727936,77.17980252421759,153.0434857443073,27.4478265584588,13.033483795817851,19.749399590084867,28.59986154775886,77.17866730852772,174.63011171252882,128.2339593855522,65.22850230734633,112.43487625887795,31.874297402335774,8.362489110753629,7.4132485661360885,0.9492405446175409,2.219242818308916,0.5097200134537212,0.244004931155666,0.06056439592463517,15.60299991341118,6.236095495129196,5.204287912945684,4.162616505336298,1.778768389882966,116.62008281925614,0.3331665832916458,50.42998213799401,44.19550932635093,10.201005025125628,$icP_{v}^{syst}$,[mmHg],6.222323819386183,11.395775823749469,9.667711800474878,9.572459352464586,9.61209215622667,1.9726189604174507,4.670870837561767,10.808477951926486,9.159641860664657,9.848567821811615,12.336808839032594,8.828903153950657,7.131278298819214,1.0673304543029585,0.3258772243264489,0.5529670803247111,5402.586176695231,1.511018155075778,0.2904081896660342,0.8494743687092366,0.5251816970650439
130.54984657352182,94.68876822609359,112.04536316134005,255.9827886370416,78.02174732177508,154.97150738969026,27.772439468536376,13.208609840647366,19.99497133380496,28.957368200596168,78.02063774523236,175.94759915931294,129.95492366965678,66.13345201445651,113.74387746389979,32.13125153302022,8.546711425229322,7.57985469853961,0.966856726689711,2.2767749968453876,0.5199139049999822,0.24968052003779817,0.06204985666533641,15.781048715582362,6.308322191615499,5.264587905106659,4.208138618860205,1.755467175883808,117.00646914950408,0.333595369113128,50.34586591816659,44.343110174858396,10.442211055276381,$icP_{v}^{syst}$,[mmHg],6.320150186883383,11.549332544714417,9.781703378369787,9.685308795872182,9.725383137129525,1.9965686871412802,4.721615230160243,10.961602670381689,9.288388785218855,9.98612980041761,12.508182447879184,8.935907876701311,7.2330310959207305,1.0828863218975404,0.32544843850496674,0.5529670803247111,5461.5223125242555,1.4996648135416568,0.2907758507370291,0.8542824577660559,0.5258465848749638
131.95758251600734,95.72937324517413,113.25763488176196,259.8174562892993,78.86203352676348,156.90460215392287,28.09690572799462,13.384122206752858,20.24060086010106,29.315005656074888,78.85973980651403,177.26264621527457,131.68058976368246,67.04164497696105,115.05516827348806,32.38884333766889,8.750483677110777,7.765822915704815,0.9846607614059615,2.3351088317979056,0.5371769062934826,0.255414175885011,0.06355361330440422,15.958997770050306,6.380529411714411,5.3248749355493015,4.2535934227865955,1.7554744198913008,118.93336882801452,0.333595369113128,50.26113475588186,44.487511323025004,10.683417085427136,$icP_{v}^{syst}$,[mmHg],6.418435487989627,11.703256345633415,9.895581064645855,9.798034409123296,9.838552934829465,2.020548672574316,4.77227693872223,11.115239109029922,9.417544782258886,10.124108936746477,12.680100649155834,9.04298393749951,7.335139595405634,1.098463393531267,0.32544843850496674,0.5529670803247111,5520.342346873444,1.5081194778936557,0.29114693562340344,0.8590951031841516,0.5265176644013552
133.36091261191544,96.76691127301184,114.4663041243098,263.66438919220604,79.70007644531086,158.84080987091406,28.42141426987642,13.559928560354848,20.48635796073096,29.673001263288377,79.69736890987181,178.5768316605419,133.40979233687747,67.95225666260316,116.36918334310118,32.647770173107034,8.9390308684757,7.936362187338284,1.002668681137415,2.394187283119882,0.5474233621395836,0.2612117713342538,0.06507631042892309,16.1365089912827,6.452577077517802,5.385024646929449,4.298907266835449,1.7321455824213774,119.26188247143835,0.3344529407560923,50.176070312208246,44.62917623119732,10.924623115577889,$icP_{v}^{syst}$,[mmHg],6.517095641073085,11.85744383840021,10.009369235789228,9.910673467025044,9.951634425974193,2.044568289116137,4.8229027977304755,11.269277128386458,9.54700566071907,10.262405514178754,12.852488966120468,9.15029775529081,7.437508197631909,1.1140897877731817,0.32544843850496674,0.552967309404282,5579.00535117176,1.496383539271437,0.29151775224317034,0.8638901686194488,0.5271880403874611
134.7608063165562,97.80151517709173,115.67181004475206,267.5246418660134,80.5360708962508,160.7806065876368,28.74592872922266,13.735879980837275,20.732233287528054,30.03132976244968,80.53321561626046,179.88979805053577,135.1430541975833,68.86552505937382,117.68555194073399,32.90782340613283,9.148144033277488,8.127267186569341,1.020876846708146,2.4540255647641205,0.5651887387193519,0.2670718728467839,0.06661790223782828,16.31369517676347,6.524514330731044,5.44508154126801,4.344099304764415,1.7321455824213774,121.18161785085469,0.3344529407560923,50.09066242846456,44.768083842996234,11.165829145728642,$icP_{v}^{syst}$,[mmHg],6.616194159476998,12.011922719849668,10.12307279507469,10.023230238709493,10.06463246589717,2.068623362360708,4.873472347847048,11.423742478476171,9.67679645188692,10.401046838669776,13.025342050879752,9.257803668445636,7.540163046439346,1.129760828892343,0.32544843850496674,0.5529676003188352,5637.524962737556,1.504687483537219,0.2918892360553144,0.8686841907559564,0.5278595633578065
136.15479540734947,98.83204982499801,116.87245231178922,271.39266724513504,81.36882056184992,162.7211332430025,29.070259436509403,13.911960181567395,20.978044387202704,30.389769580547572,81.36749034708927,181.2013006742298,136.87798129794604,69.78001540879045,119.00371431383144,33.169064997942044,9.359954665165445,8.320676116190576,1.0392785489748682,2.514534654563313,0.583301165026352,0.27299282919099,0.06817731266871245,16.49026730202079,6.596220568391704,5.504944424144982,4.389102309484106,1.7321760176364955,123.10912190138502,0.3344529407560923,50.00507244522219,44.90447366786548,11.407035175879397,$icP_{v}^{syst}$,[mmHg],6.7155903891738875,12.166489404463695,10.236681070058632,10.135703969822837,10.177542002174176,2.0926894781978573,4.923984392982112,11.57844155023144,9.806734473448241,10.53984666254668,13.198434156455438,9.365446499449643,7.642949686460142,1.1454791821077728,0.32544843850496674,0.5529678876678485,5695.817439329494,1.5129766051826639,0.2922582469935898,0.8734543082100149,0.5285266170268836
137.54594358308185,99.86081416452524,118.07059079635938,275.27467363031695,82.19958075654002,164.665572051273,29.39438782566339,14.088342604469894,21.22384890649931,30.748284442418353,82.19901058136598,182.5103886579073,138.61662628161423,70.69719155996465,120.32381764804181,33.43117349451183,9.554787518779571,8.49692242849104,1.0578650902885312,2.575810495722775,0.5936701662654528,0.2789708349522761,0.06975481150647636,16.66661443134913,6.667855960561048,5.564750254672975,4.434008216115112,1.7087973262282166,123.35753751781293,0.3353105123990566,49.919105574142115,45.03798999378477,11.64824120603015,$icP_{v}^{syst}$,[mmHg],6.8153368885083285,12.321337484585145,10.350167301830615,10.248038298268995,10.290313255132489,2.1167673890148184,4.9744149338287835,11.733563624268243,9.937003421705931,10.67898243416594,13.371980028972825,9.47313330379763,7.746025703245629,1.1612280850696928,0.32501965268348454,0.5529681797736805,5753.970652957801,1.5007076238402624,0.2926296757815134,0.87822446864002,0.5291980379436684
138.9339627934691,100.88740706822311,119.2661903929278,279.1704397200688,83.02834066996253,166.61376489034436,29.718430901059286,14.265052665166182,21.46972275067895,31.106961300777304,83.02835881080259,183.81775346231746,140.35918764132637,71.61708209876598,121.64609465039756,33.69428843279626,9.772007997475816,8.695363945242114,1.076644052233701,2.637852340749016,0.6122956044713558,0.2850085117914191,0.07135085903528868,16.842722204651636,6.739415267175509,5.6244930088663345,4.478813928609793,1.7088126641693637,125.27822713217274,0.3353105123990566,49.832821870754216,45.168846450853486,11.889447236180905,$icP_{v}^{syst}$,[mmHg],6.915518378254706,12.476479555910274,10.463539437381081,10.360259534519637,10.40297185589372,2.140874304933626,5.024777637390039,11.889112544428524,10.06761264228826,10.818468276949865,13.545990553468526,9.580894714880012,7.849397573545344,1.1770154978132072,0.32501965268348454,0.5529684704310228,5811.983846897378,1.5088610240948137,0.29300237131301043,0.8829879692097528,0.5298717503452297
140.3186662093274,101.91182416500456,120.45901972932053,283.0793687266776,83.85499824916606,168.56540602620893,30.042236077619037,14.441925438587894,21.715559915057057,31.465710874528494,83.85460966961227,185.12271152822623,142.10516647398063,72.5394954155979,122.97012115861367,33.957860254969034,9.970938275429816,8.875333855910702,1.0956044195191146,2.7006514832936497,0.6226549621985058,0.29110209614207483,0.07296474106081723,17.01857034708012,6.810888913867114,5.684167658362298,4.523513774850709,1.685433611235715,125.46637573667051,0.33573929822053883,49.74626776986975,45.29677043803817,12.130653266331658,$icP_{v}^{syst}$,[mmHg],7.016128169497793,12.631868766503858,10.576794452874493,10.472363969176323,10.515513306625332,2.1649990485220303,5.075058102137008,12.045047673441077,10.198539941183295,10.958265742074769,13.720420276232822,9.68870324007395,7.953039333170679,1.1928317004537325,0.32501965268348454,0.5529687572342337,5869.849877441624,1.4962301396019442,0.2933780916401135,0.8877419612540824,0.5305509358385697
141.69995073501696,102.93389589405555,121.64885185538043,287.0011138209485,84.67960816284044,170.5202821567877,30.36604330191388,14.619004337249876,21.96151260068059,31.82470000509928,84.67963583114718,186.42657269066828,143.85481232472333,73.46414728783915,124.29666611052491,34.222536465379136,10.193474857661574,9.078710492701363,1.114764364960211,2.7642027099062543,0.6417771651756011,0.2972578992854862,0.07459753362516867,17.194072961144514,6.882240558984769,5.743737447694476,4.5680949544652725,1.685433611235715,127.3783903540993,0.33573929822053883,49.65955198513006,45.42251386643975,12.37185929648241,$icP_{v}^{syst}$,[mmHg],7.117134761401848,12.78752819485673,10.689948119575897,10.584366261784396,10.627952342674755,2.1891560717723313,5.125294270349482,12.201389176184886,10.329764853857606,11.09838389994083,13.895285267039592,9.796787321328488,8.05694705484443,1.2086959986736228,0.32501965268348454,0.5529690425486361,5927.57257139883,1.504239250955771,0.293752426698032,0.8924939202161175,0.5312276169098474
143.07779546077305,103.95379547899341,122.83597751881533,290.9355457348441,85.50208809510582,172.47841645630814,30.689623572533073,14.796357059244302,22.207437329181136,32.183765743091676,85.50208096814403,187.7280050524237,145.6079963166135,74.39115083887722,125.62480384965768,34.4880012496385,10.418976010740174,9.28486954146316,1.134106469277015,2.828506371512589,0.6612779949358504,0.303469850992279,0.07624822594959708,17.369333745747394,6.953514885165885,5.803246235416285,4.6125726251652175,1.6854637105331454,129.30030213135146,0.336168084042021,49.57263050751919,45.545725020764635,12.613065326633166,$icP_{v}^{syst}$,[mmHg],7.218461838630877,12.943429416872439,10.802984180955866,10.696251629410424,10.740273919197254,2.213328816735681,5.175444760657102,12.358112520618583,10.461294279199945,11.238804462839566,14.070557214308375,9.904896724922732,8.161116355207076,1.224586888445627,0.3245908668620024,0.5529693299674842,5985.146166657407,1.5122473031012755,0.2941280949341314,0.8972292275713976,0.5319067062027234
144.4521599190591,104.9708826088662,124.01991830675033,294.8818793933357,86.32246833973089,174.43952421624712,31.01314411039638,14.973997097644682,22.45342293963456,32.5430276706325,86.32271449595967,189.0280604338573,147.36443384270476,75.32048007907795,126.95504875471957,34.7545675905408,10.62416815031498,9.47052532158667,1.1536428287283078,2.8935546443046167,0.6716995514623231,0.30974214666821676,0.07791753980670513,17.544235913815807,7.024662327165605,5.862647175807279,4.656926410842923,1.6620656207789615,129.40748990169413,0.3365968698635031,49.485613267736085,45.66661388675932,12.854271356783919,$icP_{v}^{syst}$,[mmHg],7.320186304366943,13.09957021017267,10.915910767822785,10.80802617639921,10.852484065976952,2.2375294273940334,5.225541355112019,12.515203629805608,10.593107202789916,11.379519021908498,14.246237006681671,10.013107662767561,8.26553233656343,1.2405107675417664,0.3245908668620024,0.5529696133813096,6042.572783781162,1.499117117369695,0.29450383973059147,0.9019602467122224,0.5325859371001483
145.8235916289286,105.98636983899377,125.20154441726001,298.84212323496837,87.14097692959206,176.40430340596626,31.33654997831235,15.151944864578274,22.69946386887624,32.902438008057175,87.14143295403922,190.32624864550553,149.1246249899654,76.25243231052424,128.2876021374068,35.02205620737322,10.8549865806421,9.681618506376735,1.173368074265366,2.9593709918774285,0.6916934416090492,0.31607277841128123,0.07960530055837979,17.718911154778013,7.0957352822974515,5.921987454744837,4.701188417735722,1.6620771697614054,131.31980283067583,0.3365968698635031,49.39844167466315,45.785294237761995,13.095477386934673,$icP_{v}^{syst}$,[mmHg],7.42234715252344,13.255997755571464,11.028743814377505,10.919708246784314,10.964601912269162,2.2617432593707942,5.275583761001449,12.672710526684138,10.725242597395603,11.520569277311582,14.42241278484533,10.121414486917812,8.370234346226075,1.2564701896302801,0.3245908668620024,0.5529698959181223,6099.868385071444,1.5069810720251537,0.2948796764397449,0.9066853810653593,0.5332653343635319
147.19119528982503,106.99916894890856,126.37992940096439,302.81353357097606,87.9572507662138,178.37177808062162,31.659824957125004,15.329960895334295,22.945517445935735,33.26198300634563,87.95750541529378,191.62268612786795,150.88778897380334,77.18654207212114,129.6218836146152,35.29048867012765,11.064075422478878,9.870794118323115,1.1932813041557633,3.025923968557226,0.7020411201920076,0.3224615406631499,0.08131134720504658,17.893238943399894,7.166686987380693,5.981226580824331,4.745325375194871,1.6387044971531772,131.3649179959903,0.3374544415064675,49.31119245021952,45.90140509595017,13.336683417085426,$icP_{v}^{syst}$,[mmHg],7.524835124594985,13.412634369197908,11.141468966056683,11.03128050284884,11.076608674829638,2.2859705312148524,5.325557617847159,12.830555914558001,10.857655749447353,11.661892760365813,14.598950460892596,10.22977914202011,8.475166823716656,1.272465330661713,0.3245908668620024,0.5529701759673669,6157.007553634966,1.493508685772274,0.2952577663370548,0.9113959767406855,0.5339488080356782
148.55561787632607,108.00941000302599,127.55549935067434,306.7972779020064,88.77152930264893,180.3423595767183,31.98302069522404,15.50822581665012,23.191626920595706,33.62171380433894,88.77202557829256,192.91764091343552,152.6542689591873,78.12299135472637,130.95824713574478,35.559951698546804,11.300092270063953,10.08670563441177,1.213386635652184,3.0932272376792507,0.7225067600491113,0.32890978266578574,0.08303600418469563,18.06726580990596,7.237534595033219,6.040378339616944,4.789352875255801,1.6387044971531772,133.26591369055433,0.3374544415064675,49.22389255136988,46.015504418346914,13.577889447236181,$icP_{v}^{syst}$,[mmHg],7.62765691423963,13.569522007552372,11.254095513949725,11.142753977027954,11.188516115620045,2.3102232748973637,5.375480466457179,12.988788491368977,10.990349876753953,11.803514795951475,14.775893898809873,10.338321781215948,8.580351565786323,1.2885017652001391,0.3245908668620024,0.5529704556783029,6214.007051185425,1.5012235875334603,0.2956350054654455,0.9161039041153825,0.5346307427994573
149.91716687869544,109.01804815852347,128.72882574181452,310.7945971407496,89.58401821926664,182.31662980381043,32.306115921410736,15.686807998336493,23.437799922258446,33.981604624444365,89.58441620219669,194.21079871093133,154.42468437635262,79.06202527804048,132.29680384238623,35.83030693670105,11.539161419021838,10.305481221259747,1.2336801977620915,3.161302350470647,0.7433648126430717,0.3354160576638028,0.08477914467851082,18.241069724245932,7.308309176510905,6.099469723469335,4.833290824265693,1.6387243794696493,135.176674567415,0.3374544415064675,49.13650406749364,46.12741248005297,13.819095477386934,$icP_{v}^{syst}$,[mmHg],7.730907904371893,13.726692853889247,11.366618786909044,11.254125484293358,11.30032223488066,2.334498646149921,5.425348550998683,13.147429362022953,11.12337012682684,11.945468590336649,14.953281436858598,10.447018681258657,8.685817244373792,1.3045725562692077,0.3241620810405202,0.5529707291925401,6270.8812753486645,1.508937389217744,0.29601309248045865,0.9207999881627995,0.5353142162021911
151.27474645981349,110.02379863043122,129.89865615429017,314.8019266945501,90.39417527021138,184.29302268106423,32.628994564782246,15.865603521415608,23.683921804299768,34.34150667908027,90.39466410977585,195.50205969716606,156.19767765516528,80.00300520576509,133.63669331116967,36.101229063975744,11.754272557332687,10.500116389081962,1.2541561682507254,3.23009486469782,0.7536922853354981,0.3419785687666515,0.08654019881494422,18.414514266216123,7.37895871100026,6.158458496903691,4.877097058312171,1.6153613214054738,135.1386810436637,0.3378832273279496,49.049157670307835,46.23719271796817,14.060301507537687,$icP_{v}^{syst}$,[mmHg],7.834499833223181,13.884031773778638,11.479021468094341,11.365374157539751,11.41200357953767,2.358785872308742,5.475133573123332,13.306365657041987,11.256622041209967,12.087654958525883,15.130983075323828,10.555721486475633,8.791485924111004,1.3206754669512741,0.3241620810405202,0.5529710081461632,6327.5922689147965,1.494993240877518,0.29639108123094204,0.9254853518324758,0.5359975059535109
152.62919235471236,111.02737473189809,131.06584130792476,318.82163192732236,91.20237127222165,186.27248043896174,32.95178015936786,16.044670631540193,23.930096610685588,34.701609110668734,91.20291976767693,196.7917414960797,157.97393825974422,80.94635165952927,134.97871161883654,36.37306651579176,11.998463050205878,10.723641668790526,1.274821381415352,3.299638326452206,0.7750127584219917,0.3485994619485136,0.0883197987894344,18.58767253000881,7.449509478293033,6.217364591344897,4.920798460370876,1.6153613214054736,137.03675526654405,0.3383120131494318,48.96180641246525,46.34489185080655,14.301507537688442,$icP_{v}^{syst}$,[mmHg],7.938426631889357,14.041615003614222,11.591333457829847,11.47653229150146,11.523593897668807,2.38309526804052,5.524868968713892,13.46566703502053,11.39015536720779,12.230136134313192,15.309082318682693,10.664524846052384,8.897405114842206,1.3368184604022098,0.3241620810405202,0.5529712867609516,6384.165989055516,1.5025569330595092,0.29676958196972103,0.9301677049888647,0.5366817212301548
153.9802148433887,112.02855169853936,132.23026809353405,322.85330902486646,92.00862041205171,188.25492997270723,33.274466559565916,16.22377699223056,24.176305662131483,35.06182386580563,92.00936639262784,198.0797999168183,159.7533258181124,81.89182428818921,136.3224386606845,36.6456889002951,12.245631618723014,10.949956857178028,1.2956747615449853,3.369931047290857,0.7967180816433014,0.3552784077724332,0.09011783675804864,18.76054213986738,7.519960862729173,6.276188011655451,4.964393265482755,1.6153859521413119,138.94351732471554,0.3383120131494318,48.87448122893298,46.45065596353908,14.542713567839195,$icP_{v}^{syst}$,[mmHg],8.042683433395082,14.199432528345788,11.703537478533953,11.58758135515813,11.635074698876581,2.4074238046484977,5.5745456369399635,13.625326873144203,11.52397057978677,12.37290124675078,15.487562111742479,10.773380024684837,9.003562440338888,1.3529912784415707,0.3241620810405202,0.552971561849201,6440.603428843619,1.5101141252033823,0.2971478132479634,0.9348317801090296,0.5373654519488609
155.3287597746294,113.02811433534211,133.39244882040168,326.8978965919927,92.81305068849794,190.24082464293272,33.597005989293194,16.403180466378213,24.422538716831326,35.42214541318174,92.81349146599925,199.3658414063602,161.5361804702941,82.83983442446161,137.66796944538933,36.91905898044696,12.466730338936399,11.150019399979769,1.3167109389566303,3.440988886303395,0.8069864795420398,0.3620133552416865,0.09193418091954533,18.93320743457078,7.590347616556745,6.334959198831006,5.007900619183029,1.5920470934388122,138.8221880824132,0.338740798970914,48.78713644282232,46.55435997023224,14.78391959798995,$icP_{v}^{syst}$,[mmHg],8.147349067598482,14.357510438272879,11.815624315603879,11.69851537830252,11.74644109743636,2.4317690408793897,5.6241520433753465,13.785377714524612,11.65808912416287,12.515978220373322,15.6664573922867,10.88230324315942,9.109988540268551,1.369191307718594,0.3241620810405202,0.5529718360725755,6496.913548194856,1.4957184043904834,0.29752721869647264,0.9394938193440877,0.5380513062105089
156.6744327783775,114.0257290926103,134.5522419150329,330.9558491652792,93.61594362069818,192.23047100323285,33.91970373241409,16.58295878062117,24.66899536726544,35.78289796721609,93.61660799062629,200.6515480251114,163.32306487192662,83.79047930198374,139.01633485691153,37.193534046946965,12.71926270691545,11.381308867959396,1.3379538389560537,3.512825607236885,0.8291698675433573,0.3688124732785983,0.09377038808565119,19.105596983952548,7.660637618883709,6.393646548918535,5.0513128161503005,1.5920494104301999,140.7174082884676,0.338740798970914,48.69984614412341,46.656309862563454,15.025125628140703,$icP_{v}^{syst}$,[mmHg],8.252434646792143,14.515899361250975,11.927679694226867,11.809415217682393,11.857772532835176,2.4561510509436,5.673750170952904,13.945862880932996,11.792544224834854,12.659407965871766,15.84586894155738,10.991528108849602,9.216700623378612,1.3854280500643537,0.32373329521903804,0.5529721061559473,6553.116053448873,1.5031350734294735,0.2979060812491952,0.9441510191717604,0.5387361820474553
158.0158527502621,115.0202893266567,135.70856020008677,335.02271300281365,94.4163720734202,194.22166285003675,34.242037004174406,16.76287857531815,24.915295738224064,36.14347924197987,94.4171065323628,201.93455656796425,165.11208511773032,84.74271880657504,140.3652813370734,37.468532149231606,12.974600352338571,11.615234210484374,1.359366141854198,3.5853602916746476,0.8517267857580252,0.3756633310862191,0.09562371844800774,19.277622307713134,7.730799562181904,6.452229668068667,5.09459307746256,1.5920734375485626,142.6196945676939,0.3391695847923962,48.612688557980974,46.756289828276735,15.266331658291456,$icP_{v}^{syst}$,[mmHg],8.35775307791798,14.674401991984352,12.039564167610422,11.920143896262342,11.96893161390625,2.4805193555943457,5.723241711498246,14.106579974394352,11.927180977989183,12.80301649782198,16.025540800782647,11.100706340065159,9.323577741904197,1.4016776218641305,0.32373329521903804,0.5529723783693357,6609.146045139414,1.5105398718009388,0.29828515977604236,0.9487878110238638,0.539421445707031
159.35496885780347,116.01307597902236,136.86271625260528,339.1028943031473,95.21522810510493,196.21659310612856,34.56443132002817,16.943124605506263,25.1617598422652,36.50443978949993,95.21625186310655,203.21669230160214,166.9050084678713,85.69759232078968,141.71658942137705,37.74447009060999,13.201544196989854,11.82056714563562,1.3809770513542345,3.6586739041251386,0.8618818461332437,0.38257555282599326,0.09749641926922412,19.449419366257512,7.800884681646119,6.510746932589919,5.1377877520214685,1.5687727125027369,142.41367083523315,0.3395983706138783,48.52557400872078,46.85454269760096,15.507537688442211,$icP_{v}^{syst}$,[mmHg],8.463450041254271,14.833209940811372,12.15138074051568,12.030804842876144,12.080023095112063,2.504914920144453,5.77270347032641,14.267720297386038,12.062149045644148,12.94696972794699,16.20566842194249,11.209999898387048,9.430739111612793,1.417965894303985,0.32373329521903804,0.552972646118822,6665.065967357345,1.495702669304404,0.2986639994406379,0.9534221607655574,0.5401062810916353
160.69116193633317,117.00418919080509,138.01452537577117,343.19514065164594,96.01216917384431,198.21446982318062,34.886567330409584,17.12338842027566,25.408170798688264,36.86528944706096,96.01280608271854,204.4963488140013,168.70090578552708,86.65473428292819,143.0691311160196,38.020921736156005,13.46215806437633,12.05939689879005,1.4027611655862804,3.7327377095021212,0.8849033062661921,0.3895404214273499,0.09938688165650396,19.62100902469338,7.870904134526963,6.5692128597597055,5.180892030406712,1.5687756643573418,144.30325643239823,0.3395983706138783,48.43852684392467,46.950865694940376,15.748743718592964,$icP_{v}^{syst}$,[mmHg],8.569525188969315,14.99223049402053,12.26306306801756,12.141332442645666,12.19098147326329,2.529317967876063,5.822078801436828,14.429191549900862,12.197389806892543,13.091194693321526,16.38615849475801,11.319281788736248,9.538140962115474,1.4342686290344735,0.32373329521903804,0.5529729128885971,6720.851842169102,1.502968401548305,0.2990440044801304,0.9580518334748677,0.5407932242431129
162.0241277604039,117.99309890220522,139.16369704830652,347.29957786062613,96.8074563696339,200.21554884655035,35.208795107704326,17.30398872125805,25.654750217481567,37.22654604802744,96.80825741874153,205.77543948571585,170.5002947467024,87.6142078166208,144.42402196615282,38.298328335566104,13.725817318617313,12.301070253947056,1.4247470646702562,3.8075627927400197,0.9083194243116295,0.3965677224723185,0.10129693796274507,19.792303683841325,7.940820419219266,6.627590336436184,5.2238929281858795,1.5687981640130941,146.20109926254653,0.3395983706138783,48.35161750790359,47.04558408947614,15.989949748743719,$icP_{v}^{syst}$,[mmHg],8.675983221604344,15.151520159988229,12.374688878376533,12.251801678995907,12.301880642403136,2.5537501175695847,5.871429114037374,14.591055077323007,12.33292377462424,13.235729765039318,16.567061930377534,11.428682788309976,9.645795337485213,1.4506111281986906,0.32373329521903804,0.5529731792882656,6776.521945874373,1.5102256039484805,0.2994232987765062,0.9626640562130816,0.5414788817821062
163.35383582345025,118.97932997599726,140.30991130699712,351.41408058957074,97.60060272118974,202.2187641299587,35.530779554666154,17.484780602398924,25.901263404706423,37.58774454184302,97.60143983395243,207.05237368468687,172.30206247240588,88.57559042631298,145.7800606881318,38.5763523427002,13.958390958601875,12.511482259407662,1.4469086991942133,3.8831086488148765,0.9183069037898649,0.4036486942769869,0.10322476068001035,19.963277436892454,8.010623017451833,6.6858744116951945,5.266780007745422,1.5455489581425879,145.9093453877588,0.3404559422568427,48.264859663797246,47.138527367276836,16.231155778894472,$icP_{v}^{syst}$,[mmHg],8.782692487442354,15.310979200543366,12.486185344213533,12.362140565198775,12.412648505872715,2.578188703407128,5.92070366113167,14.7532107927792,12.468675482466706,13.380486726384351,16.748272826561845,11.538216591244032,9.753646848033238,1.466973708661569,0.3233045093975559,0.5529734465802386,6832.042190483282,1.4949635690731335,0.29980278126608884,0.967270277138133,0.5421648781151488
164.68043310467547,119.96351944911477,141.45355377717536,355.53988892715165,98.39188467218192,204.22475427766952,35.85266426169859,17.665838500680547,26.14780806583113,37.9490570417959,98.39280160909756,208.3276741371861,174.10686954560234,89.5390687171689,147.13750731240108,38.854753478857745,14.22708414675114,12.757829227796575,1.4692549189545656,3.9593999280847423,0.942156668580532,0.4107862850284828,0.10517099909938946,20.133998140408824,8.080340862103553,6.744088600875752,5.309568677429519,1.5455501704943766,147.79199714835727,0.3404559422568427,48.17823628687326,47.229827730090626,16.472361809045225,$icP_{v}^{syst}$,[mmHg],8.88972855166553,15.470654899705101,12.59757455942443,12.472372153915389,12.5233084832571,2.6026399367828317,5.969910792446486,14.91569656677055,12.604697365822016,13.525513978514406,16.929842160287546,11.647818471810092,9.861727491732937,1.4833598212879409,0.3233045093975559,0.5529737115025122,6887.431927052734,1.5020750709346065,0.30018204835008905,0.9718707937213945,0.5428504865709611
166.00473143488273,120.9462924135419,142.59537475414277,359.67972783922636,99.18186861839803,206.23489096275028,36.17470161281723,17.847277753807862,26.39457847417528,38.31084065893335,99.18310546959812,209.60260659669427,175.9161353218375,90.50527238835488,148.49754521594852,39.134030017249955,14.498951969035264,13.007146677341675,1.4918052916935889,4.036490085346463,0.9664150680444622,0.41798685461463875,0.10713724769982827,20.304534417065923,8.149999139392357,6.802250748325654,5.352284529347909,1.5455712829733483,149.68358193462916,0.3404559422568427,48.091701726800466,47.31959543825749,16.71356783919598,$icP_{v}^{syst}$,[mmHg],8.997196076878886,15.630662349540485,12.708918655679408,12.582558819283522,12.633924121262375,2.627124793099048,6.019104775323371,15.078631041017198,12.741068941010044,13.670907835748407,17.111895682210797,11.75755202588553,9.970105959141529,1.4997857696634669,0.3233045093975559,0.5529739707223761,6942.730803287862,1.5091829184075602,0.3005610408502326,0.9764563660268165,0.5435356034165505
167.32539898069498,121.92653684751382,143.7339927163326,363.82834705348273,99.9695508072262,208.24650706067158,36.496390253058145,18.028613625505766,26.64121096433734,38.67239320061066,99.97083730702415,210.87495171814302,177.727278809399,91.47319305863142,149.85834754162536,39.41380457496195,14.736104965611673,13.222542128958274,1.5135628366533997,4.114276724311888,0.9761875557524518,0.4252379210413979,0.10873071174453698,20.474730717600757,8.219537478757664,6.86031581225097,5.394877426592125,1.522386471675678,149.30587347078387,0.3408847280783248,48.00539140764583,47.40763969001207,16.95477386934673,$icP_{v}^{syst}$,[mmHg],9.104955764142781,15.790788977718995,12.820111423197753,12.692592635357915,12.744385563383785,2.651606522245883,6.068203353181898,15.24179820289135,12.877619621006325,13.816482568375053,17.29424264613312,11.867248015537355,10.078654333454475,1.5162246051449373,0.3237332952190381,0.5509978598642041,6997.868556505834,1.4935134975117987,0.2998648375256403,0.9810343991482668,0.5442214196613092
168.64411739304555,122.90531131541117,144.8709835545433,367.990820068092,100.7558491247611,210.26210739891283,36.81803293014124,18.210290805172523,26.88794357786407,39.03417124205159,100.75666436899058,212.1457751408861,179.54226637101686,92.44372497106917,151.22103045881033,39.69414820877145,15.013036265923462,13.47658799649218,1.5364482694312827,4.192857339613929,1.000877618309722,0.4325457669627654,0.11072588727759342,20.644781987159885,8.28903192940287,6.918344496393395,5.437405561363617,1.522386471675678,151.18223027007144,0.341313513899807,47.919166401963906,47.494070670074876,17.195979899497488,$icP_{v}^{syst}$,[mmHg],9.213058225656342,15.951210034250199,12.931200495534522,12.802525614166717,12.854747751290951,2.6761078056561622,6.117252152262804,15.405374333737036,13.014508508613085,13.962397689391716,17.477058832622035,11.977002110858113,10.1874891610774,1.5326835402680719,0.3237332952190381,0.5509978598642041,7052.909438733277,1.5004809307186702,0.30024346271936997,0.985611051224794,0.5449085823915293
169.95912218906093,123.88151129721376,146.00490750108514,372.16293699739145,101.54016387187869,212.27976815407183,37.13959432481352,18.392195032679364,27.13471053973716,39.39610446876198,101.54115979794932,213.41539663457095,181.35970850551573,93.41595603137232,152.58514061298098,39.97529349580128,15.292878782967554,13.733356575476163,1.55952220749139,4.27215796707653,1.0259544619788212,0.43991161369681986,0.11273969016146883,20.8145070227854,8.358412133299433,6.976277864694328,5.479817024791634,1.5224037794275913,153.06530810880318,0.341313513899807,47.83318012585224,47.57911631456339,17.43718592964824,$icP_{v}^{syst}$,[mmHg],9.32144140239378,16.11181315660745,13.042207594435322,12.912373893422116,12.965023279440315,2.7006224479184584,6.166247427640576,15.569242719056392,13.151610634666287,14.108538828415337,17.660184915410476,12.086839506041462,10.296513218639594,1.5491650945911062,0.3233045093975559,0.5509978598642041,7107.8114710315085,1.5074360949617716,0.30062082055857725,0.9901683872123285,0.5455934450138638
171.2713444413391,124.85585642910877,147.13646852754763,376.3464851852062,102.3227571433719,214.30032276085328,37.461059857260565,18.574370252735328,27.381519993506604,39.758140145804354,102.32375628480412,214.68347283146377,183.18017581526692,94.39011321091557,153.95076236407218,40.257056766615456,15.536472261102661,13.953692657799515,1.5827796033031465,4.352210705318616,1.0354692368763083,0.4473335075408004,0.11477202225722667,20.983987682208593,8.42770860775213,7.034141909841146,5.52213716461531,1.499295738259248,152.60193997039784,0.34174229972128917,47.74736492467076,47.66261460896568,17.678391959798994,$icP_{v}^{syst}$,[mmHg],9.430183357375615,16.272636098239932,13.153119075565241,13.022125683984163,13.075201951075632,2.7251505236706026,6.215187048228799,15.733454776168024,13.28898383511494,14.25495260041605,17.843676402726427,12.196838623792475,10.405769088627624,1.5656645385358778,0.3233045093975559,0.5509978598642041,7162.593000036033,1.491378303621902,0.30099847781956013,0.9947192308793337,0.5462788510535096
172.58162196268148,125.82882684244684,148.26624611497897,380.5437131940326,103.10408283315236,216.3249478166952,37.782717584455405,18.75692960180899,27.628571068639843,40.12064817910145,103.10543822308361,215.9512517659847,185.004845196562,95.36711565414355,155.31905494622367,40.53979267354279,15.821574801975881,14.21533277110747,1.6062420308684122,4.43305904684563,1.0609786649866748,0.45481860757072196,0.11682449440830739,21.153261908867275,8.496934520391823,7.0919436385654,5.564383749910045,1.499295738259248,154.47022519722805,0.34174229972128917,47.66167003563477,47.74477451735899,17.91959798994975,$icP_{v}^{syst}$,[mmHg],9.539341655078648,16.433785518828564,13.263984981800862,13.131832444470458,13.185336205280077,2.749711113900558,6.2641218504138045,15.898110904133427,13.426703602464977,14.401728834290479,18.027647485745042,12.306993913501882,10.515322365475082,1.5822048491069474,0.3233045093975559,0.5509978598642041,7217.285798320665,1.4981969768083643,0.30137563583917265,0.9992671482864619,0.5469633510254432
173.88829975927493,126.79909210130398,149.3930761489099,384.7502238597626,103.88333984210806,218.3513705144636,38.10407077051931,18.93944086198435,27.875512970998614,40.482989807041704,103.88479176576638,217.21658928861282,186.83179589083568,96.34569604452675,156.68799596858415,40.82290922026856,16.10955248002171,14.47968075819793,1.6298717218237793,4.5146168923828345,1.0868793507870564,0.4623543140250369,0.11889435338300344,21.32225366453907,8.56606465216221,7.149668814674808,5.60652019770205,1.4993064353423395,156.34488323370613,0.3421710855427713,47.57622523611631,47.82544100613605,18.160804020100503,$icP_{v}^{syst}$,[mmHg],9.648728317029208,16.59507128051481,13.37470850648476,13.241395963336622,13.295326188269781,2.7742687992420905,6.312962620552718,16.063010007308694,13.564608728222227,14.548694944022902,18.211877472591368,12.417083423949322,10.625046715322807,1.5987531232074772,0.3233045093975559,0.5509978598642041,7271.833788947564,1.5050043969642697,0.3017528621238623,1.0038003982959154,0.54764797489092
175.19239842430844,127.76790647451955,150.51786920888773,388.9682965674241,104.66087578383086,220.38068652141854,38.42520196543213,19.122148372438375,28.12242645292831,40.84532649957736,104.66179729193037,218.47972027344125,188.66164045016419,97.32641496724872,158.05808346373556,41.10645297497865,16.40056676429944,14.746893822077297,1.6536729422221437,4.596928646379441,1.1131907934893794,0.46994187836150586,0.12098208189139803,21.491054912085566,8.635133509829751,7.207344936606448,5.648576465649367,1.4993246059545926,158.22694326399318,0.3421710855427713,47.49094734018763,47.904582247239915,18.402010050251256,$icP_{v}^{syst}$,[mmHg],9.758427977227628,16.756565915693407,13.485293828258936,13.350823174030797,13.405180770415114,2.798821236850018,6.361725150605405,16.22822903759258,13.70278004806316,14.69592414381701,18.39646250749691,12.527165732274147,10.73500174518668,1.615313175032011,0.3233045093975559,0.5509978598642041,7326.261304868161,1.5118060314228499,0.3021308660085125,1.0083246986134204,0.5483340100140752
176.49354561298657,128.73440899742826,151.63992162133292,393.19653778521075,105.43664579566054,222.41238003046362,38.74632713779277,19.30512156802723,28.36942553848894,41.207909817197645,105.43765259771493,219.7419842308142,190.49426488476834,98.30910143116692,159.42974225954282,41.39076794906756,16.651467980838824,14.973801640600533,1.6776663402382908,4.679974422722762,1.1223839677652592,0.47758846217936984,0.12308891190123622,21.659564497988427,8.70410040680311,7.264935563813417,5.690528527371898,1.4762870696109553,157.6536159683109,0.3425998713642535,47.40592487757155,47.98247952788328,18.64321608040201,$icP_{v}^{syst}$,[mmHg],9.868455269012685,16.918268732134884,13.595817277492374,13.460186226548398,13.51496926883757,2.823392093088599,6.41045119972301,16.393767498801083,13.841193820608568,14.843404217208892,18.58138261108001,12.637306784487507,10.845165133819126,1.6319027794145613,0.32287572357607375,0.5509978598642041,7380.565205696238,1.4952449860160428,0.3025077426306141,1.012841619218465,0.5490179992807385
177.79235487316703,129.69941000010968,152.76004376093323,397.4374791650982,106.21106580760541,224.44756403585947,39.06751890467164,19.48843245154631,28.61658929947167,41.57074067448388,106.21221578912242,221.0034607997575,192.33052905906905,99.29427689217053,160.80358416527795,41.67586185450537,16.947595726125456,15.245740565760652,1.7018551603648033,4.763800710705174,1.1491019583032216,0.485294886271262,0.12521534151930858,21.82785945466124,8.772993697043985,7.322462901584801,5.732402856032454,1.4762898027184796,159.51917443860273,0.3425998713642535,47.3211042694303,48.05907355693272,18.884422110552762,$icP_{v}^{syst}$,[mmHg],9.978867511840866,17.080249463567583,13.70627645732032,13.569484738855634,13.624693825442685,2.8479861216860374,6.459150739414659,16.559696304808195,13.979910774154598,14.991204710964453,18.766786462218487,12.747685218396212,10.95559473448263,1.6485231615824325,0.32287572357607375,0.5509978598642041,7434.774606532378,1.5019072939872533,0.3028845069800038,1.0173526168246918,0.5497017847848829
179.08832486592092,130.6622971941154,153.87786064001986,401.68944734896786,106.98384382528177,226.4854777085615,39.38868304807929,19.67201352150627,28.863823746726077,41.93380440329995,106.98523922513048,222.2637051962517,194.16975313027473,100.28154026221314,162.17904583188843,41.961639512793035,17.246747471463806,15.52051707040426,1.7262304010595442,4.848376842830734,1.1762235922929491,0.4930582628701207,0.12736059934920624,21.995896922148784,8.841796390850014,7.379913580099431,5.774186951199342,1.4763069919843892,161.3916576972239,0.3430286571857357,47.23651375252729,48.134372245196744,19.125628140703515,$icP_{v}^{syst}$,[mmHg],10.089570928778803,17.242451573044598,13.816643376292419,13.678690255786973,13.73432520826541,2.8725945794248835,6.507809803084281,16.725953649531863,14.118890152806944,15.13927132489295,18.952564889146615,12.858160033090796,11.066248421235017,1.6651689081539098,0.32287572357607375,0.5509978598642041,7488.869067769724,1.508561030586983,0.30326091568176095,1.021847785574218,0.5503849248280219
180.38081099290036,131.62278128062232,154.99274330531608,405.94980820161686,107.75449822676879,228.5248472800012,39.70946887946056,19.855584017751756,29.1109084988462,42.296643778519474,107.75594107111213,223.52136775978406,196.01066390282824,101.27024368447412,163.55476862230586,42.247516964906296,17.502719909613063,15.751952871515844,1.7507670380972207,4.933648565800625,1.1850314632708567,0.5008702599227488,0.12952284499482059,22.163663403745097,8.91050779998432,7.437292421604872,5.815863182155907,1.4533705874383978,160.7314731304009,0.34345744300721787,47.152202270041144,48.20834005763434,19.366834170854272,$icP_{v}^{syst}$,[mmHg],10.200487328466007,17.404760588812046,13.926860339011908,13.787745766985468,13.843805094381864,2.8971938899405467,6.556364583345299,16.89242732223128,14.258034490614023,15.287501940326205,19.138568965520633,12.968534790154523,11.177054537805294,1.68181687206628,0.32287572357607375,0.5509978598642041,7542.814875873815,1.491645135706004,0.3036370200410739,1.0263350232889095,0.5510675125233818
181.67096073986121,132.58154653847407,156.1054635472277,410.22139846527165,108.52358853824518,230.56709490552106,40.03024561545829,20.03931670320221,29.358084576451933,42.65969150223569,108.52515748296328,224.77788179143414,197.85499585845628,102.26116605282465,164.9322004940844,42.53394266244023,17.80671668931476,16.03122565124169,1.7754910380730724,5.019676500489655,1.2125290487955855,0.508739356046782,0.13170415536503616,22.331203304533375,8.979142642438097,7.494606840410313,5.857453821684964,1.4533705874383975,162.5855933954919,0.34345744300721787,47.06811636877961,48.28106600971581,19.608040201005025,$icP_{v}^{syst}$,[mmHg],10.311752359450335,17.567299368601258,14.036993275656075,13.896717548773841,13.953201224241079,2.9218087980024823,6.604875978579506,17.0592506757236,14.397452261769695,15.436011456735356,19.324949020366958,13.078974665186353,11.288095567262639,1.6984911001560445,0.32287572357607375,0.5509978598642041,7596.651197677163,1.4981590231712119,0.3040129412148391,1.0308169410609547,0.5517497677572912
182.95877270191846,133.5388540956138,157.21630421631014,414.5053840559132,109.29134470550652,232.61270829904873,40.351080742116004,20.223378320133083,29.605417539421172,43.02302978403686,109.29303151499946,226.03362242727235,199.70290022350156,103.25449922549971,166.31175934817765,42.82109505963431,18.11384734855055,16.31343850839042,1.8004088401601297,5.106482074227459,1.2404441486954754,0.5166676195977226,0.13390507965436277,22.498523509056,9.047700384801942,7.551854899902509,5.898968224351549,1.4533805056604319,164.44704493977449,0.34345744300721787,46.9842535709617,48.35255496122712,19.849246231155778,$icP_{v}^{syst}$,[mmHg],10.42339318968849,17.730113930517486,14.14706330983575,14.005625149389047,14.062533714875396,2.9464462770083784,6.6533719590232145,17.226457707284165,14.537168849095677,15.584832469510026,19.511743400282604,13.18952328002476,11.399395278032031,1.715193950474984,0.32287572357607375,0.5509978598642041,7650.394129385456,1.504666681363369,0.30438889968246624,1.035287507643865,0.5524320906754234
184.24376514233415,134.49433728793764,158.32488627522093,418.79921419776224,110.05723358925057,234.66049580191304,40.67153803729823,20.40761181202535,29.85259561767612,43.38609803313594,110.05821194107362,227.28634472107214,201.55298696640838,104.24961286840968,167.6913063110383,43.10833040332883,18.423921145587148,16.59844092114741,1.8254802244397368,5.194013666389556,1.2687671958654887,0.5246414864156768,0.1361228324622651,22.665691952842394,9.116216733304404,7.609074577842354,5.940400641695632,1.453396336155449,166.31476336928725,0.34345744300721787,46.9006226263813,48.422711921447835,20.09045226130653,$icP_{v}^{syst}$,[mmHg],10.535311176146147,17.893073587648658,14.256959099910192,14.11436140498729,14.17169496976199,2.971071648377391,6.70174567984648,17.393915918234786,14.67710178840203,15.733859181828494,19.698819823987893,13.299958553943965,11.510885707594527,1.731886989197222,0.32244693775459154,0.5509978598642042,7704.00635124754,1.5111661264356133,0.3047654932570931,1.0397481325933284,0.5531155662423152
185.526614205925,135.4480190286987,159.43156478238262,423.105910019692,110.82200968833587,236.71195514939583,40.99235544250607,20.59224698029579,30.100115456860085,43.74982756551841,110.8232699794403,228.53986444533038,203.40710699918128,105.24726912428005,169.07403795638575,43.39672754736959,18.687042787201296,16.83627009798084,1.8507726892204568,5.282338820937211,1.2771205684858955,0.5326837929776536,0.13836201564854841,22.832594063283548,9.184635006093385,7.666205929653278,5.981753127536885,1.4305562076293548,165.5450555248737,0.3443150146501822,46.81724233927807,48.49187700728274,20.331658291457284,$icP_{v}^{syst}$,[mmHg],10.647535684683263,18.05634846924945,14.366867371926025,14.223107723036772,14.280865805421639,2.9957382987281265,6.750152662885246,17.56180213239412,14.817355169338844,15.883234641926133,19.886360924178284,13.4107667302183,11.622650717694697,1.7486233311526282,0.32244693775459154,0.5509978598642041,7757.540678183511,1.4937922168207847,0.3051407692083318,1.0442037921014102,0.5537966504689058
186.8065467343488,136.3996364060819,160.5356566843167,427.4217559548377,111.58492554197102,238.7652865307508,41.31294681763574,20.777041797308843,30.34758019758112,44.113500446313545,111.58631909888764,229.7913972389276,205.26342892660975,106.24672173539695,170.4575730443315,43.68560074270004,19.002143167956817,17.125908179443584,1.8762349885132328,5.371378755332133,1.3058196915961535,0.5407773201774901,0.14061901661650703,22.99923214093362,9.25296205294385,7.723263073383925,6.023007014605844,1.4305562076293548,167.3947645475655,0.3443150146501822,46.7341493243407,48.55983315287683,20.57286432160804,$icP_{v}^{syst}$,[mmHg],10.760050883295392,18.2197754116181,14.476653566292955,14.331731075860322,14.38991311601499,3.0204053956890977,6.798489195557256,17.729947548453104,14.957816074102263,16.032814550439337,20.074181773327965,13.521555434652594,11.734598892930155,1.7653731167983664,0.32244693775459154,0.5509978598642041,7810.944787937971,1.5001557220612425,0.3055159114783525,1.0486520655816973,0.5544774920789134
188.0838720342308,137.34956878585027,161.63762956915266,431.74845050292794,112.34630387427856,240.82134227529556,41.633464227220706,20.961854139887883,30.59510358245654,44.47728371682117,112.34790236415147,231.0416144810178,207.12260489945334,107.24807485772924,171.84247941599773,43.97492070496224,19.320279804244958,17.418399778092837,1.9018800261521203,5.461170842497348,1.334926628272098,0.548926345364944,0.14289480347738132,23.165660416460316,9.321218298934426,7.7802617428847824,6.064180374641103,1.430570317803808,169.25094570372698,0.3443150146501822,46.65130706972374,48.62669550527309,20.814070351758794,$icP_{v}^{syst}$,[mmHg],10.872897739989702,18.383417842727766,14.586352688401027,14.440266838910714,14.498872424504848,3.0450818646143216,6.846774303093998,17.898410820168593,15.09852819665465,16.182651568581857,20.26242085982667,13.63236759251497,11.846762219587944,1.7821372855252677,0.32244693775459154,0.5509978598642041,7864.241271199499,1.5065110276625364,0.3058905121348977,1.0530842202676982,0.5551573507205378
189.3590176622345,138.29812362668054,162.7378466996422,436.08768095340514,113.10648789624389,242.88085774872098,41.954093268481174,21.14700824791807,30.842812841404808,44.84143258648872,113.10826100203245,232.291271013168,208.98556669963884,108.25191124427018,173.22956242327706,44.26499666277639,19.588278350618726,17.660556767066875,1.9277215835518493,5.551748151007087,1.3427871201583101,0.5571351573628556,0.14519068960944093,23.331906092675574,9.389415129153736,7.837209163992144,6.105281799529698,1.4078536252497225,168.395366016395,0.34474380047166436,46.568712308016174,48.69242847942428,21.055276381909547,$icP_{v}^{syst}$,[mmHg],10.986123027850976,18.547337000668055,14.69599625381188,14.548747172261256,14.607776696187738,3.0697820774100495,6.895040604525699,18.06726393846941,15.239539396026009,16.332807604342893,20.451090028186293,13.743275402713369,11.959189837736517,1.79893110533507,0.32244693775459154,0.5509978598642041,7917.454152737072,1.4888214562092081,0.30626531542451774,1.0575115406227857,0.5558375771187173
190.63114820793766,139.24424480099069,163.83543785881386,440.4353553861451,113.86472823420972,244.94198359327476,42.27448077220654,21.332336070870994,31.090438387233203,45.20547337342465,113.86668254257623,233.53881604737202,210.85070124753796,109.25735446172331,174.61711374073678,44.55546531445268,19.911314352687864,17.957585156513872,1.9537291961739913,5.643029284716762,1.3722492341913173,0.5653939484705025,0.14750409875469733,23.497893899810045,9.457523301651726,7.894084980079666,6.146285618078648,1.4078536252497227,170.232725051157,0.3451725862931465,46.48640733769906,48.75706936849377,21.2964824120603,$icP_{v}^{syst}$,[mmHg],11.099506641762142,18.711389360718805,14.805507077325126,14.657095075495944,14.716547615437047,3.0944773103620262,6.943225362693027,18.23635435748398,15.380747284656561,16.483149460943242,20.640014336788756,13.854133753921001,12.071784611053111,1.81573422678981,0.3220181519331094,0.5509978598642041,7970.530976394681,1.4950435283260262,0.3066395249013803,1.061931085385981,0.5565167258126066
191.90061389419986,140.18847437044275,164.93066102729713,444.79277953525633,114.62131658606364,247.00526878466988,42.59470303079201,21.517874683698707,31.338053366280004,45.56951323212447,114.62325172321988,234.7846957527036,212.71817497902956,110.26456950640117,176.00572764570308,44.84635319345744,20.23733147825239,18.25742120256566,1.979910275686732,5.735038728404759,1.4021243620690866,0.5737050373896342,0.1498357250846472,23.663619652988515,9.525538462386839,7.950883866804265,6.187197323797413,1.4078554725883563,172.07592204331146,0.3451725862931465,46.40440147290392,48.820580641232006,21.537688442211053,$icP_{v}^{syst}$,[mmHg],11.213189659198862,18.875607742556575,14.914910209542874,14.765333775018558,14.825209078552186,3.1191762495756383,6.991354787119393,18.40571815915075,15.52215930531094,16.63370564886262,20.829234319804094,13.965070111503408,12.18456692989101,1.832549291649915,0.3220181519331094,0.5509978598642041,8023.492161024455,1.5012558498585027,0.30701367427426285,1.0663423050793905,0.5571957654244387
193.1682404073796,141.13174050663272,166.0244529213505,449.1626031728501,115.37662327454309,249.07196912694272,42.91483035662572,21.703709214887756,31.585731212557103,45.93368572692948,115.37804050219921,236.02892716166141,214.58906596330215,111.27418311981727,177.3955881499814,45.13762057954717,20.56649776502184,18.560230121824908,2.006267643196933,5.827832515587985,1.4324236314953118,0.5820690020870707,0.1521861374238776,23.82924543029995,9.593528568504139,8.007663525195616,6.228053336600194,1.407869412558165,173.92608703686057,0.3451725862931465,46.32260453834527,48.883008489537495,21.77889447236181,$icP_{v}^{syst}$,[mmHg],11.327241406761402,19.040075554685288,15.024197161828534,14.873459726186548,14.93375928062345,3.143883505244084,7.039419750108696,18.575449287291743,15.663873207418293,16.7845649884321,21.018860254263473,14.076091949965408,12.297608787404407,1.8493745655861171,0.3220181519331094,0.5509978598642041,8076.363629218016,1.50746383539928,0.3073881671044327,1.070741236333949,0.5578754283731516
194.43317427978502,142.07309876485027,167.1160150925136,453.54299250407996,116.13051926367899,251.14133199561334,43.23509233628359,21.889689503400025,31.833589647891653,46.29817511377788,116.13201898696288,237.2729846366098,216.46300932481984,112.28581778440561,178.78754655056076,45.42970294385157,20.84095791401348,18.80813158708906,2.032826326924417,5.921378924906792,1.439650175535916,0.5904946813826236,0.15455667102567594,23.99460182972318,9.66142103765652,8.064359361159257,6.2688214309074,1.3852723003909317,172.95927788199384,0.3456013721146287,46.24110190898702,48.94447598609774,22.020100502512562,$icP_{v}^{syst}$,[mmHg],11.441618033884685,19.204784407188647,15.133468556636634,14.981567029181553,15.042289303876712,3.1686133600555957,7.087485440562601,18.745522975515524,15.805845266897697,16.93569437798672,21.20885005508768,14.187244848005935,12.410868923322832,1.8662337588344873,0.3220181519331094,0.5509978598642041,8129.1363484575295,1.4893524887224767,0.30776176081840456,1.0751333786881994,0.5585534595256937
195.69522734315632,143.01232258864397,168.2051055588175,457.93249648668655,116.8827260615099,253.21262351633183,43.555236640927596,22.07575861899343,32.081448449695586,46.662741083168726,116.88448651701283,238.5154899132987,218.33926130019242,113.29918809080266,180.18042382558497,45.72227809082023,21.17493306500578,19.1153725223893,2.0595605426164822,6.0156440859074145,1.470279703681732,0.5989732856435168,0.15694563411928072,24.159702713545016,9.729225692147951,8.12098180437355,6.309495217023514,1.3852723003909317,174.7895069040948,0.3456013721146287,46.15991273988405,49.004987709393966,22.261306532663315,$icP_{v}^{syst}$,[mmHg],11.556210954069753,19.36964228190396,15.242612553150096,15.089547151466254,15.150691919605256,3.193346030497073,7.135480573517785,18.91585602720181,15.948024353978946,17.08703468047866,21.399133167592606,14.298385111255305,12.52431270492371,1.8831076262206559,0.3220181519331094,0.5509978598642041,8181.790824305693,1.4954263370971623,0.30813462547104664,1.0795179667384849,0.5592301675127881
196.95500740092436,143.94969985970783,169.29211520702708,462.33202029180586,117.63337059175065,255.2863123020427,43.87526137806201,22.262065181303033,32.32932263281579,47.027378642425894,117.6350739288825,239.75643964480614,220.21812864338074,114.31451315707689,181.57435925052943,46.015292068919415,21.511931998986253,19.425462561302705,2.0864694376835464,6.110649040182982,1.5013276107530782,0.6075044125139902,0.15935308247932128,24.324624980082966,9.796974333283732,8.17756026825241,6.350090378546825,1.3852746847443882,176.6255331373406,0.34603015793611086,46.07899637508665,49.0644064047482,22.50251256281407,$icP_{v}^{syst}$,[mmHg],11.671068837486658,19.53469217792559,15.351675272164497,15.197444704288362,15.259011225958512,3.2180833056750875,7.183418423927989,19.0864869198126,16.090438867183323,17.238612467600838,21.589762655522964,14.409514453542211,12.637961440169516,1.8999943843476177,0.3220181519331094,0.5509979921712835,8234.335941422545,1.5014917301853368,0.3085078461788267,1.083894585471612,0.5599073872540061
198.21138694323975,144.8848012572384,170.37631118101802,466.73883693702754,118.38202992261377,257.36103626719057,44.19498609790996,22.448486078194726,32.57708380584787,47.39183790406228,118.38387032509426,240.99534342713252,222.09862938275353,115.33099353285984,182.96877302502483,46.308599422549435,21.85172408221561,19.738183014600402,2.1135410676152078,6.206331449575148,1.5327673368477797,0.6160844393644578,0.1617777832433503,24.489199018327863,9.86459288739905,8.234029884247063,6.390576246681745,1.385287634591628,178.46616788161373,0.34603015793611086,45.998427594031874,49.12288704071532,22.74371859296482,$icP_{v}^{syst}$,[mmHg],11.78616039865962,19.699825243640227,15.460582206086752,15.305187039021497,15.367174805550457,3.2428133626568845,7.231286430531635,19.257298514040937,16.23298901307571,17.390326205617065,21.780641115457836,14.520620082981486,12.751735683704945,1.9168869119760767,0.32158936611162725,0.5509982451235085,8286.742094582964,1.5075444136097085,0.3088800185430889,1.0882537142216828,0.560582581299968
199.4668774368409,145.81942556076368,171.45984036591608,471.16188139186823,119.13026557396287,259.4410383647849,44.51515218031793,22.635436104020744,32.82527895418508,47.75700284355329,119.13227135060872,242.2349344551416,223.98459970954764,116.35085664018406,184.36653454784863,46.60283615255701,22.132588880807432,19.99175395831022,2.140834922497212,6.302889142131984,1.539287263685179,0.6247323576090233,0.1642249279589489,24.653714257001255,9.932198407925526,8.290484669711532,6.431031179364197,1.3628214449034177,177.38917684417382,0.34645894375759306,45.918049944920725,49.18046673101575,22.984924623115578,$icP_{v}^{syst}$,[mmHg],11.901719769311173,19.86538596286703,15.569519614447355,15.412959635953847,15.475370021176124,3.2675874185381204,7.279189233565424,19.42865431904179,16.375970128926593,17.542496780346802,21.972125012820776,14.632041918919915,12.865876294018873,1.9338216133418302,0.32158936611162725,0.550998493393407,8339.1185901774,1.4890353512562304,0.30925243271989555,1.0926122103704916,0.561258218357945
200.71883404851457,146.7516875555264,172.54044813380165,475.59105968507606,119.87631868268664,261.52164333433944,44.8348750699617,22.822436133085727,33.07323816209321,48.12186321391003,119.87831537515441,243.47166892994392,225.87143672095849,117.3716695528744,185.76377616024598,46.89687654264552,22.477336048552353,20.309061300390393,2.168274748161959,6.400103381232178,1.571059749007819,0.6334234212380003,0.16668826500669828,24.817976681404303,9.999720586215737,8.346876169828901,6.471379925359663,1.3628214449034177,179.21057424685011,0.34645894375759306,45.83801063433671,49.237069718221704,23.22613065326633,$icP_{v}^{syst}$,[mmHg],12.017462968926734,20.03098301782889,15.678297113296795,15.520571630607828,15.583402837371146,3.2923405647770245,7.326973568961375,19.600141435033603,16.519059469607647,17.69476393404571,22.163751764205784,14.74336161600639,12.980116205971294,1.9507457724608865,0.32158936611162725,0.550998745226199,8391.342307788065,1.4949622762542585,0.3096242643758253,1.0969612210352366,0.5619327939643796
201.96940369966416,147.68266813559518,173.6196486487067,480.033289800744,120.62144482520583,263.6061368807364,45.154796234322966,23.009585251751545,33.32145934558543,48.48708567015007,120.62347158392257,244.70823100197694,227.7623551185754,118.39516482883768,187.16338746257787,47.19170287823386,22.825365599643394,20.629447962539874,2.19591763710352,6.498125087050884,1.6032765237376845,0.6421760902125894,0.16917254275632113,24.982080794579996,10.067189693610597,8.403220460997643,6.511670639971753,1.3628224891398637,181.03880051902803,0.3468877295790752,45.75820815574514,49.292772494827965,23.467336683417084,$icP_{v}^{syst}$,[mmHg],12.133499512271396,20.196892125541275,15.787045453609862,15.628153480444425,15.691406268976632,3.3171216747786096,7.374758117543545,19.772054517653157,16.6624858146488,17.847383466280114,22.355850549773546,14.854827869691897,13.094644929173159,1.9676930533889472,0.32158936611162725,0.5509989925585085,8443.501137764408,1.5008840325314774,0.30999616308331795,1.1013055951833832,0.5626074952403849
203.21736650566626,148.61196753443582,174.69672771263026,484.48404836901926,121.36475288837823,265.69231983017903,45.47433221342348,23.19682026945678,33.56952324750141,48.85213756676324,121.36633918292011,245.9420682527746,229.65502929960994,119.42026105481868,188.563076908306,47.48662994048625,23.176273371017864,20.95256354448444,2.2237098265334243,6.59685252278596,1.6358968855410496,0.6509727841965934,0.17167348675195293,25.14598132413714,10.134590725036807,8.45951021273911,6.551880386361226,1.3628345667655852,182.87205027302645,0.3468877295790752,45.67868313466879,49.34753132928121,23.708542713567837,$icP_{v}^{syst}$,[mmHg],12.249798596798101,20.362909268742293,15.895595605354242,15.735541797282053,15.799217358957836,3.3418879503297463,7.4224440897117345,19.944176396489585,16.80609376353687,18.000171701576537,22.548187610531986,14.966174572772909,13.209334468746782,1.984636022675081,0.32158936611162725,0.5509992394339517,8495.532702186476,1.5067970388504626,0.31036780322161117,1.105634591017561,0.56328172710448
204.46284397893868,149.53945348474846,175.77173080428838,488.945605971558,122.10686862296646,267.7812960685925,45.79408680067772,23.384389377911532,33.81780851367656,49.217545202584326,122.10843181639521,247.1759309980995,231.55090021614663,120.44726137215072,189.96496335092513,47.78228282227615,23.53032921106072,21.278623039918926,2.2517061711417945,6.696342664286821,1.6689512543794094,0.659831813552423,0.1741950852857048,25.309623997854402,10.201897570199936,8.515719046390382,6.592007381264087,1.3628463684342558,184.7111353543875,0.3468877295790752,45.59947629489725,49.40142485691056,23.94974874371859,$icP_{v}^{syst}$,[mmHg],12.36642221132762,20.529170497778214,16.004145775749983,15.842926071081706,15.907022907071177,3.366677685284981,7.470134326808199,20.116650817196565,16.949952147691615,18.153240007715837,22.740909358733273,15.077677991974149,13.324246458105044,2.0016083561314044,0.32116058029014505,0.5509994836697251,8547.480803607652,1.512700615759187,0.3107389486269628,1.1099568159667883,0.5639550631833677
205.70537480449326,150.4649651600797,176.84430381275445,493.41513538852513,122.8472216307528,269.87177021292086,46.113621735090106,23.57212694490909,34.066032992553346,49.582876719987375,122.84885707845477,248.40799828882572,233.44866775666608,121.47585839992692,191.3673456657525,48.07830213597855,23.818622882834802,21.53875408760405,2.279868795230751,6.796531488414985,1.6745067585785318,0.6687404655080251,0.1767346545044752,25.47304273857918,10.269130656803213,8.571868540364239,6.632043541411732,1.3405100100474943,183.4958658494202,0.34731651540055736,45.520589846737195,49.45446922993902,24.190954773869347,$icP_{v}^{syst}$,[mmHg],12.483297976740964,20.69555688986647,16.112573505589797,15.950187927790209,16.01470520355195,3.391464097366349,7.517748895612402,20.289352357673145,17.093997949557945,18.306485634109887,22.933878223722864,15.18911848716641,13.439318336196516,2.0185897364107683,0.32116058029014505,0.5509997298623639,8599.305514152697,1.4936916229246247,0.3111094701542419,1.1142711443622142,0.5646272643944036
206.94623866969133,151.3893348076379,177.91542004057152,497.8968755247675,123.58654053173353,271.9656627526211,46.43328297154706,23.760215368576393,34.31446641617958,49.94861651112705,123.58830146411646,249.63965503793952,235.3503680570536,122.50697516418951,192.7718308460226,48.37500543618793,24.177442779672653,21.869214425920394,2.308228353752261,6.897513334708184,1.7078583831456347,0.6777088273399737,0.17929456849427866,25.63628623040681,10.336301891174154,8.627963768437274,6.672020570795373,1.3405100100474943,185.31422581355343,0.34731651540055736,45.44196472484373,49.506678514410645,24.4321608040201,$icP_{v}^{syst}$,[mmHg],12.60046182572471,20.862214804581345,16.220958079213382,16.057405805026807,16.122344304036062,3.416271127936457,7.565353700289824,20.462432820838934,17.23835117028903,18.460049394900945,23.12732636792287,15.3007947555223,13.55465432677821,2.035597834623425,0.32116058029014505,0.5509999699671269,8651.057837221348,1.4994693193630577,0.31147973154911435,1.1185812176888792,0.5652989991409573
208.18445282143918,152.31161983232724,178.9841510690678,502.3866520108562,124.32413573262863,274.0610424682643,46.75273283259189,23.94843385683771,34.562830475043754,50.314260152296804,124.32608602103018,250.86944845125558,237.2539177858223,123.53912751011285,194.17671308114808,48.67192591729087,24.5391361188545,22.20238392388699,2.33675219496751,6.999193796947304,1.7416126761774902,0.6867261579382679,0.1818722953005573,25.799295541343486,10.403393423108877,8.683994898115719,6.711907220118893,1.3405194408175507,187.13720892757476,0.34774530122203956,45.36366592381517,49.558081619168135,24.673366834170853,$icP_{v}^{syst}$,[mmHg],12.717834045090996,21.028990953092567,16.32922337503646,16.16450434208012,16.229863112286896,3.4410724960041668,7.612889480374644,20.63573832289973,17.382866000983988,18.613781355173693,23.321043513812036,15.41246284962065,13.670136049363652,2.0526085173427653,0.32116058029014505,0.5510002123142022,8702.689501284005,1.5052363551517611,0.311849244619166,1.1228754386685758,0.5659693728780947
209.41998799875506,153.2319975624724,180.05067685930175,506.8852778794891,125.06015686936944,276.1582654570015,47.07201779044873,24.136577895544534,34.81116359309169,50.67982826977349,125.06200110928579,252.09748452932823,239.15966343997223,124.5730070323527,195.582238191845,48.96917975349022,24.90378954307525,22.53834755764374,2.365441985431508,7.1015895223353045,1.7757875336174362,0.6957927122262881,0.1844682574613168,25.96210259470304,10.470418447193193,8.73997298436116,6.751711163148689,1.34053047382012,188.96512015667608,0.34774530122203956,45.28568307105101,49.60858746479736,24.914572864321606,$icP_{v}^{syst}$,[mmHg],12.835476270639115,21.195913479041938,16.437381115936496,16.271495344495367,16.33727370294704,3.4658730882670277,7.6603569360297845,20.809293505103696,17.527583199735442,18.767713483094763,23.51503920090643,15.52409046285719,13.785798647463016,2.0696263646301296,0.32116058029014505,0.551000455379796,8754.21098085586,1.5109937880060238,0.3122189285688894,1.1271610884757681,0.5666400554128068
210.65365140631062,154.15114167559443,181.11567930870848,511.39557155458795,125.79510870946434,278.25871694448955,47.39142645819542,24.32506008295104,35.05970319582978,51.045824149654955,125.79713968896228,253.32522373836795,241.06890620717533,125.60915770392427,196.98977652693915,49.26711195507043,25.19793670992186,22.80360663330416,2.3943300766177003,7.204770877927543,1.780435070570083,0.7049194880617683,0.18708460812428862,26.124723781643116,10.537377762607592,8.795893245530875,6.791452773504647,1.3183466750873116,187.64011277054513,0.34817408704352176,45.20796692042517,49.65835530807009,25.155778894472363,$icP_{v}^{syst}$,[mmHg],12.953462269083456,21.363098192094057,16.545490248175025,16.378438083678066,16.444636650711285,3.490692861871503,7.707817389039148,20.983224072311312,17.672597466310204,18.921950992688714,23.70944875088165,15.635835424787938,13.901710161582384,2.0866714013486103,0.32116058029014505,0.5510006945291795,8805.657609662505,1.4916328201911067,0.31258788137693094,1.1314420162604943,0.5673094144537001
211.88492559819588,155.06871030142977,182.17872255332205,515.915430013668,126.52864471604573,280.36141604733217,47.71078836549464,24.51378391162552,35.3083003077234,51.41190024812906,126.53090263899851,254.55188833228564,242.98069197862426,126.64706505238367,198.39844736706084,49.565488673310284,25.567415490289125,23.144017469316257,2.423398020972867,7.308688439101419,1.8148958980190109,0.7141001810852321,0.18972015264357564,26.28714859017361,10.604271318181084,8.851758433667616,6.831118838324915,1.3183466750873116,189.4473237990693,0.34817408704352176,45.13054845417262,49.70731251218543,25.396984924623116,$icP_{v}^{syst}$,[mmHg],13.071734419442143,21.53046344047662,16.653514208897437,16.48529455781443,16.55191325491931,3.515520152352346,7.755235922443449,21.157438665035986,17.817831292740138,19.076417011277204,23.904178829030812,15.747588716457049,14.017814501766493,2.1037311860020553,0.3207317944686629,0.551000933070865,8857.005130123202,1.4972682606711312,0.31295658541351545,1.1357166434025936,0.5679783220498933
213.1146486774118,155.98516342320042,183.2403426637295,520.4471691620176,127.26116578161273,282.4674069716414,48.03027347086032,24.702853797361115,35.55708143031552,51.77824001738842,127.26366792717914,255.77790991632727,244.89608029317054,127.68752142159335,199.80893801754212,49.86445895429961,25.9401119379244,23.487454263486466,2.452657674437934,7.413395938879428,1.8497968511557201,0.7233385811981518,0.19237592060588637,26.449426679024988,10.671116066800444,8.907582444942364,6.87072816728218,1.3183511904850995,191.26053962877754,0.34817408704352176,45.05339824724955,49.75553517065291,25.63819095477387,$icP_{v}^{syst}$,[mmHg],13.190248395908995,21.698095098689688,16.761499829999117,16.592112268067016,16.659151357894178,3.540364454023903,7.802636626509489,21.33202707040939,17.963367199185353,19.231196574517302,24.099329884058996,15.859444727997893,14.134182350013914,2.12081228144578,0.3207317944686629,0.5510011675067574,8908.28160471289,1.5028979064751875,0.31332495071420874,1.1399829706393956,0.5686466185398167
214.34097276300474,156.89929453826335,184.2990340129298,524.9831186857906,127.99133879896203,284.5730903151929,48.348947251830175,24.89185914978748,35.80539317583517,52.143856154641405,127.99271514096678,256.9992682888563,246.81128557730565,128.72834343223323,201.2175233279871,50.16280957339909,26.31534371199229,23.83332595489072,2.4820177571015685,7.518710591449765,1.8850804471237,0.7326043709529957,0.19504512380373942,26.611460858167995,10.737880663391904,8.963348461005552,6.910231733770546,1.3183615297438138,193.0767617186529,0.3486028728650039,44.97661344479161,49.802754689989385,25.87939698492462,$icP_{v}^{syst}$,[mmHg],13.308905599663245,21.865672059920378,16.86919929745758,16.698647872817812,16.766107204418294,3.5651608888172155,7.84986323352208,21.506688199127158,18.10894210260891,19.385988500833598,24.294523470008,15.971054033240089,14.250596266081695,2.137851034772141,0.3207317944686629,0.5510014061297943,8959.393715927343,1.5085142755004817,0.31369417277680317,1.144234143265405,0.5693164650525576
215.56551553039026,157.81189072144196,185.35624286699843,529.5313363135137,128.72068577686034,286.68236356829647,48.66805714458696,25.081233176785037,36.05411371026924,52.510149023703946,128.72211094789657,258.2219697882992,248.73084688087334,129.7717861513893,202.62938613450928,50.46235675096347,26.61494228159662,24.103332489814697,2.511609791781921,7.624831999557306,1.8887177930502952,0.7419417131603346,0.1977370639867876,26.77326200819671,10.80455656450808,9.019033393480134,6.949672050208497,1.2963398368486319,191.6420334950789,0.34903165868648606,44.900106227216575,49.849403229875506,26.120603015075375,$icP_{v}^{syst}$,[mmHg],13.427924329042114,22.033564195110795,16.976954858825614,16.805236216165373,16.87311508980688,3.5899980520981405,7.897145659001303,21.681749761288966,18.254846831968244,19.541135875525033,24.49019825510198,16.083023910836516,14.367288181886405,2.1549441500758393,0.3207317944686629,0.5510016388455807,9010.448004380223,1.4888207931652404,0.3140618132349152,1.1484803219382078,0.5699834466788793
216.78826330534216,158.72332998569408,186.41199759730773,534.0910634117198,129.44901052491326,288.7948306159212,48.98735164789563,25.270693373023896,36.30303087788308,52.87680031293706,129.45081565356193,259.4444493899378,250.65403628274078,130.8174555247133,204.04296907069502,50.76252613345292,26.995222651344875,24.453822453317045,2.5414001980278296,7.731737768988102,1.9242876185391529,0.7513386991127894,0.20044999927250703,26.934974456282646,10.871214444403918,9.074703069564691,6.989056942314038,1.2963398368486319,193.43819334699592,0.34903165868648606,44.823866912310564,49.89538838003851,26.36180904522613,$icP_{v}^{syst}$,[mmHg],13.547284133171607,22.20171441789389,17.084674133650033,16.911787706693815,16.980086134270575,3.6148572474458995,7.944399903500771,21.857175448685847,18.401040962192788,19.696585055864247,24.686357865504178,16.195033252941318,14.484225956047402,2.1720621428823588,0.3207317944686629,0.5510018738541624,9061.430736743929,1.4943195978293518,0.3144289874863103,1.1527221144896724,0.5706495792599291
218.00818075333444,159.63285610365975,187.46540364557958,538.6582001310816,130.17565798941362,290.9085394454953,49.30638754697403,25.46030277444215,36.55187539598254,53.24337208919304,130.1776058215636,260.66497489922756,252.57889397501606,131.8645391523027,205.457176573044,51.06295191104401,27.378372786383196,24.807023431460916,2.5713493549222792,7.839331803775522,1.9602712171435492,0.7607828405464717,0.20318031186095886,27.09636146316678,10.937746209812325,9.130266585245726,7.028348668108733,1.2963398368486319,195.2384342992597,0.34903165868648606,44.74796726061847,49.94058211000152,26.603015075376884,$icP_{v}^{syst}$,[mmHg],13.666835673890075,22.369968470176023,17.192258101033378,17.01820358864548,17.086921719905856,3.6397075480259273,7.991607769984235,22.03280494087853,18.547392615105164,19.852191847520942,24.882754190631985,16.307060624978842,14.60130888363224,2.1891842139385225,0.3207317944686629,0.5510021043495978,9112.296059258953,1.4998075470848569,0.31479582303092374,1.1569555331500494,0.571315101241779
219.22561881781664,160.5405630077509,188.51659443715624,543.2332349593551,130.9007326358289,293.0238215591039,49.625224573947676,25.650092181617143,36.80066957566848,53.609885435782864,130.9027823453425,261.8838077441922,254.50562221435064,132.9129947438647,206.8714012298869,51.363519120441865,27.764417243963244,25.16295480935994,2.6014624346033073,7.9476275398928,1.9966630330177448,0.7702753696074642,0.20592887210119717,27.25760975723481,11.004242887220709,9.18580559760153,7.06756127241258,1.2963481421409169,197.0430015490391,0.34903165868648606,44.672385998974406,49.98506149460305,26.844221105527637,$icP_{v}^{syst}$,[mmHg],13.786557495698036,22.538339785034324,17.299733926857602,17.124510984465562,17.19364733049551,3.6645523008380922,8.038721863298267,22.208661887233344,18.693928112519863,20.007972361695554,25.079398636400025,16.41896306267828,14.718544689958117,2.20629967510621,0.3203030086471807,0.5510023391238799,9163.051284508023,1.505285704528642,0.3151623027998765,1.1611739590590728,0.5719799725369582
220.44128165289132,161.4470405000045,189.56620684360595,547.8187703489984,131.62464518453058,295.14176396577346,49.94408902733199,25.840166953508568,37.04956887880575,53.97650982057172,131.62657489992503,263.10154383820816,256.43540671121707,133.96371057665846,208.28714724660963,51.66458478150855,28.153594224934842,25.521839775132037,2.631754449802806,8.05668338080192,2.033495389576957,0.7798212416178519,0.2086968274076789,27.418667954239375,11.070670628938885,9.241287002848598,7.106710322451891,1.296357661009729,198.8528484285404,0.3494604445079682,44.597092399229076,50.02881130217448,27.08542713567839,$icP_{v}^{syst}$,[mmHg],13.906590242951664,22.706935582030447,17.407151289158154,17.230759742137323,17.30031457290552,3.689405802454319,8.085818281491814,22.384855125522996,18.840714241700773,20.164022221638188,25.27641452973124,16.530955140100456,14.836012178265852,2.223425601863141,0.3203030086471807,0.5510025697329637,9213.72516291714,1.5107569570254837,0.3155287639454454,1.1653859135207794,0.5726448137952648
221.65528337159068,162.35218609178315,190.6144658971685,552.4161482329785,132.34761862380023,297.2629888901854,50.263156108052016,26.030589549944526,37.29872071264876,54.34362471246515,132.3499102382221,264.3194497204434,258.36874640607243,135.01653515602112,209.70526212893648,51.96637161221731,28.460111681477862,25.79785881872195,2.662252862755914,8.166532749840602,2.035848883786207,0.7894297991792911,0.2114859986889665,27.579526576030048,11.137024165257372,9.29670097205801,7.145801438714663,1.274497600255235,197.28318975418787,0.3498892303294504,44.522064155350314,50.07195285031108,27.326633165829143,$icP_{v}^{syst}$,[mmHg],14.026959917716528,22.87579192209894,17.514533627522763,17.33697388440408,17.406948139097636,3.7142841571322385,8.132929578313334,22.561421974953706,18.987796500281362,20.3203807890014,25.473854505831138,16.64313834020631,14.953724680490675,2.2405828634115896,0.3203030086471807,0.551002795951186,9264.333303666017,1.490644046380372,0.3158943522808752,1.16959345084828,0.5733080750262848
222.86719170603862,163.2559041475261,191.66100581262353,557.0235142158456,133.06938329735186,299.3867084141819,50.58216096630272,26.221232353872168,37.54794217983225,54.710806585231836,133.07181280264174,265.5361158916249,260.3049815679068,136.0716573807145,211.12415533835258,52.26855567017863,28.8540798796818,26.16115335814342,2.692926521538382,8.277133043930034,2.072929296778672,0.7990901066753735,0.21429465817762716,27.740288618626796,11.203357274942539,9.352100820825248,7.184830522859011,1.274497600255235,199.07171448782708,0.3498892303294504,44.44732500056719,50.11439304812053,27.5678391959799,$icP_{v}^{syst}$,[mmHg],14.147628318609076,23.044850581050866,17.6218365077363,17.443108182163126,17.5135016182315,3.7391678146649623,8.179978653079756,22.73829320087456,19.135136868637606,20.476994565207715,25.67164704476306,16.755389862563277,15.071661356039883,2.2577501455079934,0.3203030086471807,0.5510030248423593,9314.85683081463,1.4959993768287696,0.31626009129862,1.1737953657419016,0.5739716063974445
224.07635663580123,164.15778952204911,192.70527684201258,561.6378036400151,133.789447216501,301.5115237109228,50.90094947361961,26.411733837490313,37.79706505346291,55.07784689648066,133.7919255183147,266.7508831204959,262.24259050337736,137.1275847342527,212.5433809065548,52.57057292303748,29.250890571487822,26.52713357606693,2.723756995420893,8.388412504233113,2.110422282785965,0.8087967843408974,0.21712069347247365,27.900796840096696,11.269598408507408,9.407426186027486,7.223772245561793,1.274498605970555,200.86402695572914,0.3498892303294504,44.37291336989593,50.15613217590684,27.809045226130653,$icP_{v}^{syst}$,[mmHg],14.268453541483776,23.213992157557048,17.729025660672058,17.54912755634341,17.61993927089261,3.7640405973060505,8.226960793243684,22.915360358631393,19.282610530196095,20.633742541342073,25.869640615434452,16.867610008980748,15.189714336352043,2.2749142111051275,0.3203030086471807,0.551003252623385,9365.26130515507,1.5013443222520129,0.3166252800299229,1.177988202747943,0.5746341396760115
225.28413190801305,165.05888314171213,193.74837905349867,566.263750647996,134.50854685003557,303.6395217076897,51.21960328799343,26.60254240823686,38.046236019995185,55.444922433053094,134.51000964571654,267.9637255949417,264.18389969246437,138.18612301941292,213.963405349371,52.87268243116426,29.650888118560292,26.896139709218076,2.754748409342215,8.500480178009159,2.1483571021607917,0.8185501139204899,0.21996549963325593,28.061229414413532,11.335821535589814,9.46273846363402,7.262669415189698,1.274507578389173,202.6619644520657,0.3498892303294504,44.29876127242929,50.19709639693697,28.050251256281406,$icP_{v}^{syst}$,[mmHg],14.389562595088323,23.38337184691816,17.836076355137084,17.65501246305939,17.726244645617506,3.7889140630276184,8.273882231215184,23.09279162661686,19.430373436972484,20.79078399210093,26.06804062519315,16.979773662751096,15.308029181552405,2.2920744277679335,0.3203030086471807,0.551003477517347,9415.59827950249,1.5066846620387238,0.3169915254577074,1.1821700298895006,0.5752985931885116
226.4886204971943,165.95733714765035,194.78847791720682,570.8941886302335,135.22570483386596,305.767620594394,51.538184435134625,26.793458634678487,38.295404423512764,55.81211319569084,135.2275734515775,269.1761043047415,266.1261148415246,139.2452985251718,215.38414735109714,53.175438127765815,30.05359019663354,27.26766496543311,2.7859252312004297,8.613173766539605,2.186690040547026,0.828359798658266,0.2228293197158923,28.221295565772348,11.401909512126823,9.517934753682004,7.301451299963522,1.274516360944378,204.4627143145789,0.3498892303294504,44.22499170153964,50.237584722038605,28.29145728643216,$icP_{v}^{syst}$,[mmHg],14.510828093672064,23.552784428720745,17.943046065662585,17.760813749352177,17.83246376260161,3.8137891115917144,8.32076193877757,23.270332505649375,19.57822768636503,20.947917343097263,26.26666740697696,17.09196295329583,15.426417687300129,2.309260147691093,0.31987422282569855,0.5510037059032844,9465.799338370618,1.512010712503036,0.3173554588759161,1.1863407633172178,0.575958846512042
227.6917529531878,166.85493621254508,195.82749267191915,575.5369330108664,135.94207084524263,307.89925245761776,51.85688619800536,26.98472684549027,38.544751543882214,56.179503500788265,135.94382990336933,270.3876720769571,268.07207162620324,140.30700357458417,216.80674612309153,53.47859808430508,30.36640963729603,27.549122599940304,2.817287037355727,8.726676058114409,2.187601421536122,0.8382243439213583,0.22571347614194526,28.38125764912033,11.467964042286985,9.573104783498364,7.340188823334978,1.25282776985403,202.7578069061009,0.35074680197241476,44.15147804360292,50.27737724102944,28.532663316582912,$icP_{v}^{syst}$,[mmHg],14.632446282808159,23.722473768497654,18.050002756945858,17.866600804984984,17.93866892052952,3.8386801432251394,8.36763515278184,23.448271349513426,19.726395348246953,21.105374780604212,26.46573741767433,17.204246592206935,15.545078993315789,2.326459779789488,0.31987422282569855,0.5510039300310795,9515.944959166984,1.4915015318320535,0.3177198822070063,1.1905080392701002,0.5766199928720749
228.8919936919074,167.75032108529567,196.86409737130904,580.1858043585717,136.65670716630413,310.0316787095617,52.17537234031412,27.17612213833431,38.794034239335744,56.546909313618464,136.65860790995015,271.5977161211355,270.0193783108226,141.36983631594723,218.2295508161928,53.78203396088756,30.773565716955375,27.924753777725783,2.8488119392295923,8.84084058343446,2.226132496941875,0.8481373489904688,0.22861547183456862,28.54094123892375,11.533917311780707,9.628189579621264,7.378834347521779,1.25282776985403,204.53563875624295,0.35074680197241476,44.07830442847243,50.316552680067076,28.77386934673367,$icP_{v}^{syst}$,[mmHg],14.754259131564432,23.892231819581458,18.156819754002942,17.972248698461105,18.04473461520635,3.863562523903927,8.414442186525907,23.626376030194407,19.87468907005979,21.26296211045549,26.665004409330255,17.316485842795437,15.663857721196386,2.3436643813714158,0.31987422282569855,0.5510041534412241,9565.96950164129,1.496711306729597,0.31808343602316097,1.1946664519608967,0.5772795613909852
230.09050911795097,168.64458648716987,197.8992942633228,584.8454129124126,137.37032948650972,312.16697026987185,52.49384767376408,27.36779896632787,39.043422460526784,56.91441864939067,137.37209301945006,272.8066643890474,271.9698370896675,142.43485411279875,219.65358971680675,54.08582849634197,31.181798124773408,28.303382216623636,2.8784159081497713,8.955777864287228,2.2651092156410786,0.8581025860741254,0.23068436845830206,28.700528341641842,11.599845359842385,9.683255834478576,7.417427147320885,1.2528293311317102,206.31857557458213,0.35074680197241476,44.005401778334054,50.355108929283645,29.015075376884422,$icP_{v}^{syst}$,[mmHg],14.876318090419494,24.06222368932411,18.263590770747236,18.077849179921202,18.150752673066442,3.8884536997865795,8.46121514638234,23.80482309375977,20.023258442529464,21.42082646993427,26.86465138580204,17.428860132686534,15.782871644786415,2.3608801181094026,0.3203030086471807,0.5489747679922597,9615.92306405568,1.5019151249458376,0.3172740564189474,1.1988186160912455,0.5779392331259582
231.28715916990885,169.53760745332204,198.93296118599775,589.5153693030474,138.08287328371483,314.3048663217643,52.812496017401855,27.559472270543857,39.293000301913686,57.282234206943755,138.0850161192889,274.01547768170593,273.92338230457415,143.50190128305186,221.07939537861148,54.39026528027689,31.59523587991668,28.684947120358487,2.9102887595581906,9.07147536027918,2.304519404094188,0.8681274016653692,0.23361599652901702,28.85991572063029,11.665700991515257,9.738257341305598,7.455957387809436,1.2528376314375336,208.10637318456537,0.35074680197241476,43.93278249225541,50.393144682026794,29.256281407035175,$icP_{v}^{syst}$,[mmHg],14.998633983630649,24.232429336696892,18.3703012307731,18.183389892437326,18.256711608698453,3.913362172848493,8.50797993837393,23.983591514474234,20.17208884614781,21.578959732759607,27.064678954006517,17.541385189428162,15.902105633399579,2.378121495400529,0.3203030086471807,0.5489747679922597,9665.801129860038,1.5071121293730274,0.3176352746448553,1.2029588603941708,0.5785972200626419
232.48181410570103,170.4290995127019,199.96477123900343,594.193869797779,138.79410651953495,316.4446786108724,53.130995983491594,27.751366043608762,39.54258340975248,57.650126412283534,138.79630565158453,275.2227798145526,275.8791829434437,144.5705815432255,222.50568384370283,54.69486133358011,32.01168699166012,29.069360479054392,2.942326512605726,9.187895638522253,2.3443647188169314,0.8782007009349758,0.23656617410800213,29.019146497168908,11.731507232992312,9.793220709601291,7.4944185545753115,1.2528457679367717,209.89843215367117,0.35074680197241476,43.86046468811318,50.43052967676099,29.497487437185928,$icP_{v}^{syst}$,[mmHg],15.121204498253315,24.402786579101402,18.476925839718508,18.288844205139107,18.362583395734923,3.9382676482788708,8.554687476547771,24.162619356908902,20.321120930723357,21.737297143093596,27.264991299215414,17.65385321088269,16.02151728743595,2.3953628986919875,0.3203030086471807,0.5489747679922597,9715.587456367446,1.5123007555376888,0.31799655084479617,1.2070925202774132,0.5792553126035107
233.67411877429794,171.31893614733772,200.99454988258358,598.8799630130205,139.5038891489569,318.58592696052483,53.449365439087096,27.943438244005396,39.792158477354704,58.01797277970448,139.50615569814838,276.4287025895748,277.83694601435013,145.64068956351363,223.93271462549313,54.9997636778371,32.330329950120166,29.35579947751201,2.974530472608152,9.305012619364268,2.3436863552341096,0.8883231363438006,0.23953477935057008,29.1781252834967,11.797220009271154,9.848105258682473,7.532800015543081,1.2313378423333041,208.0588339417085,0.35160437361537905,43.78846563622456,50.46731920066888,29.73869346733668,$icP_{v}^{syst}$,[mmHg],15.24400401456193,24.573258789031033,18.583441000184852,18.39418958946413,18.468346251491134,3.9631710999020155,8.601350856605544,24.341869998866507,20.470321001379272,21.895809112292078,27.465568714338954,17.766349452829285,16.14108258136621,2.4126120187487796,0.31987422282569855,0.5489747679922597,9765.272240426983,1.4914195956182361,0.3183573724682386,1.211218842094623,0.5799125770981286
234.8646143304665,172.20753558566798,202.02284775509474,603.5759523164355,140.21258277867258,320.7297315027904,53.76784058020718,28.135802374779615,40.04188449277544,58.386042680315065,140.2152355443389,277.6341739307837,279.7980224588884,146.71279905525367,225.361149687021,55.30518023195808,32.75112292459832,29.744198807765745,3.0069241168325775,9.42288723620746,2.3836976449981284,0.8985023159240177,0.24252374782906252,29.336978362302183,11.862895569660665,9.902958232810427,7.571124559831097,1.2313378423333041,209.82730279797863,0.35160437361537905,43.7167399859382,50.50359383326335,29.979899497487438,$icP_{v}^{syst}$,[mmHg],15.36709690242194,24.743938992064844,18.689908920707754,18.4994875292658,18.574061687917666,3.988087432021205,8.647985941821434,24.521439533127047,20.619782714743323,22.054584397300175,27.666520444971223,17.878876660131922,16.260862488165948,2.429880862097111,0.31987422282569855,0.5489747679922597,9814.88079450708,1.4964940994574916,0.3187175090676999,1.2153399725145568,0.5805685937685822
236.05309750051262,173.09458379758158,203.04948248312522,608.2812275817814,140.9201252657581,322.87576484846073,54.08620194458286,28.328412016713283,40.291648535027605,58.7542194363465,140.9226402322712,278.8382132118102,281.761646207328,147.7867258190307,226.79039571838015,55.61075809452861,33.174983941220816,30.135500058328873,3.0394838828919437,9.541502490335024,2.4241479398799646,0.908730129189056,0.24553161182392902,29.4956757827128,11.928519574369185,9.957770635918585,7.6093855724250306,1.231338426157126,211.60020175418396,0.35160437361537905,43.64530900357228,50.53921362106275,30.22110552763819,$icP_{v}^{syst}$,[mmHg],15.490397053453469,24.914795386510477,18.796295881647662,18.604703384954725,18.67969487318121,4.013003602780632,8.694576418918052,24.70129676117268,20.769469198366558,22.213586957702812,27.867865772966926,17.991383269970708,16.38083818471034,2.4471493380374345,0.31987422282569855,0.5489747679922597,9864.408768603065,1.501561266392092,0.31907804988696314,1.2194545662627474,0.5812253467566691
237.23988951202568,173.98070687624696,204.07477292810853,612.9959155966707,141.62644611678348,325.0240546851158,54.40438618576381,28.52123198974109,40.54138642609339,59.122267389760914,141.628229743286,280.0402652613519,283.7277781602427,148.86258820307273,228.2201574477596,55.91642774636389,33.601880141015464,30.529683001369833,3.07219713964563,9.660859100782098,2.4650282981487286,0.9190023189156598,0.24855749394841753,29.654234881588494,11.994097244420235,10.012544317495518,7.647593319672741,1.231346126368447,213.3776019049811,0.35160437361537905,43.57414292120366,50.574237819375455,30.462311557788944,$icP_{v}^{syst}$,[mmHg],15.61393020525208,25.085815149823567,18.90251830732006,18.70975935243505,18.785170512893846,4.037913943394862,8.741101896672177,24.881448972298493,20.919378359400497,22.372814459481674,28.0695282486781,18.103851770288067,16.501016594681705,2.4644146617870026,0.31987422282569855,0.5489747679922597,9913.851228174844,1.506622581837805,0.31943874938262734,1.2235573325602753,0.5818823887860931
238.42414446636363,174.8648892843498,205.0979095222467,617.7186272774187,142.33148627751626,327.17398515709436,54.722702852445714,28.714032371661165,40.791280640777934,59.49059415264065,142.33337375254337,281.242369420378,285.69624004945524,149.9399465324915,229.65136194835551,56.22276893743073,34.03177625357108,30.92666734884436,3.1051089047267193,9.78092435561987,2.5063387943168625,0.9293345811190641,0.25160399803813893,29.812549038382556,12.059587102220318,10.067243427459278,7.685718508702962,1.231353682380947,215.15879133374787,0.35160437361537905,43.503301831646255,50.608794843352754,30.703517587939697,$icP_{v}^{syst}$,[mmHg],15.73769822040114,25.25698979007217,19.008740780069076,18.814811036069806,18.890639431496687,4.062838320428244,8.787620899404807,25.06184831473283,21.069484243844464,22.532248210982935,28.271491639481404,18.216558948409713,16.621359889794007,2.4817073623847947,0.31987422282569855,0.5489747679922597,9963.204039426138,1.5116738886168433,0.3197982023977472,1.2276520631293104,0.5825371602547973
239.60666812239316,175.74773735999057,206.11938009208762,622.4500953821208,143.0353132760075,329.3259535501912,55.0409395660935,28.90701248748551,41.04122747773748,59.859064540326365,143.03725125854183,282.4433011905305,287.6671942227439,151.01921189253935,231.08349631036194,56.52944508327746,34.35616050495196,31.217968451199056,3.1381920537529044,9.901717450047046,2.503960782147691,0.9397172561849079,0.2546697575357849,29.97070316706909,12.125023687018249,10.121899286343428,7.72378019370741,1.2100350000338103,213.1869068757126,0.35203315943686125,43.43274853805536,50.64281951656265,30.94472361809045,$icP_{v}^{syst}$,[mmHg],15.861726190291963,25.428326248398083,19.11489154352252,18.919790867428294,18.99603621507749,4.0877656025050255,8.834098663683918,25.24251846278438,21.219812015250582,22.69190322514072,28.473767890682666,18.329270850487998,16.741896729918377,2.4990065285727017,0.31987422282569855,0.5489747679922597,10012.471929320525,1.4904494700853161,0.3201573854281649,1.2317407926577915,0.5831914399254848
240.78740659758535,176.62931638113207,207.13933770042354,627.1912177086709,143.7381020219018,331.4803949061522,55.35931904797396,29.100284524739102,41.29133932450293,60.22781046441118,143.7404105533742,283.6439566908612,289.6410341573455,152.10010338692138,232.51706678064255,56.83657502137557,34.79043668833934,31.618968816997192,3.1714678713421476,10.023267165244235,2.5454193457302354,0.9501577422501823,0.2577560265880888,30.12867065877026,12.190393438042172,10.176496505014137,7.761780715713961,1.2100350000338103,214.94454978679045,0.35246194525834346,43.36247459298356,50.676352223514655,31.185929648241206,$icP_{v}^{syst}$,[mmHg],15.986035922151848,25.599867420676826,19.220984340632253,19.024712712872578,19.10137544992518,4.1127060859462725,8.880566187376784,25.42350648595533,21.370382331449726,22.851811982591,28.67640786845132,18.442069658254784,16.862635584901163,2.5163149586054154,0.31944543700421635,0.5489747679922597,10061.667141533126,1.4953902045682967,0.32051586122548,1.235823926189336,0.5838444313163753
241.96568564486543,177.50925024082292,208.1572570644106,631.9390609399923,144.43939733039514,333.63593752814427,55.677446702278836,29.29370808271754,41.54137008765434,60.59635754296409,144.44169662176498,284.8426437824406,291.6165357932956,153.1826417074372,233.95071313846958,57.143822407787766,35.22756352602058,32.022670344923355,3.2048931810972268,10.145493620495126,2.5872992026444503,0.9606413594227168,0.2608599337062373,30.286447361444672,12.255698821364234,10.231043221304816,7.799705318775626,1.2100350000338103,216.70558016459813,0.35246194525834346,43.29251770673259,50.70929503522227,31.42713567839196,$icP_{v}^{syst}$,[mmHg],16.110501259662847,25.771495897703485,19.326960307567305,19.129517882056202,19.2065974412639,4.13763555458728,8.926960901035665,25.60468430513404,21.521106449482115,23.011874528856374,28.87927651008193,18.554791486035057,16.983523187858527,2.533620431265312,0.31944543700421635,0.5489747679922597,10110.75781312766,1.5003218247227874,0.3208744237059971,1.2398995274358726,0.5844975806074229
243.14181476140658,178.38751874873512,209.17339260324846,636.6949691422793,145.1394315988696,335.79323838578773,55.99547844489586,29.48733549884355,41.79142561202404,60.96501709361915,145.1418227144541,286.0401708103367,293.5941659601731,154.26639278236144,235.3849578119681,57.451293715693524,35.66765675625691,32.42916857457081,3.2384881816861024,10.268433975312483,2.6296020306106094,0.9711749317625612,0.2639828656708138,30.444073931572895,12.320958101944882,10.285552963509037,7.837562866118977,1.2100405004066097,218.47048232740957,0.35246194525834346,43.222857105931695,50.74176200611088,31.668341708542712,$icP_{v}^{syst}$,[mmHg],16.23515258184818,25.943257683536938,19.432852837123747,19.234238722804683,19.311734519722734,4.162565142667525,8.973302114149018,25.786121280563883,21.672023848060636,23.172130246170845,29.082431379586907,18.667465460166333,17.10457075660239,2.5509310763429958,0.31944543700421635,0.5489747679922597,10159.760211920873,1.5052455416196566,0.3212323610201958,1.2439629426567533,0.5851495911096682
244.31565609744663,179.26418102202206,210.18762069522137,641.458498485567,145.83812771129556,337.9519818529543,56.31345767504257,29.681158360585307,42.0415041062506,61.33372236392196,145.8406883818144,287.2365364892143,295.57413558282684,155.35172895962955,236.81989636389577,57.759038507450796,36.11068477858285,32.838432840649496,3.272251937933352,10.392072184720929,2.6723314090390256,0.9817583704209756,0.2671245311779479,30.601457807394134,12.386126184794435,10.3399856426116,7.875345979988104,1.2100475320404638,220.23897349602498,0.35246194525834346,43.15350568790301,50.773724737239576,31.909547738693465,$icP_{v}^{syst}$,[mmHg],16.360026907730226,26.11513833135598,19.538645035430672,19.338859207091563,19.416771240755537,4.187493396082459,9.019605466324595,25.967778831492062,21.82312185851906,23.332566414532952,29.285850004347562,18.780166834750773,17.22577756546912,2.568247626071,0.31944543700421635,0.5489747679922597,10208.668939790688,1.5101604563383797,0.3215897320638934,1.2480174673732405,0.5858005701063982
245.48821509243155,180.14003526369237,211.20081640482124,646.2335281508867,146.5360447123271,340.1139384456043,56.63158175152699,29.875176585099865,42.291809576458085,61.70271567666588,146.53872472979114,288.4326652031469,297.55785128847987,156.43956456205498,238.256702227904,58.06735567921619,36.44038168842504,33.13417084217555,3.3062108462494897,10.516508838211676,2.66811345535562,0.992399699169764,0.2702876367040122,30.758749597857708,12.451267358999026,10.394395154933946,7.91308708392474,1.1889261054474174,218.13601702547055,0.3528907310798256,43.08439853480547,50.80517653109159,32.15075376884422,$icP_{v}^{syst}$,[mmHg],16.485226159001588,26.28729514011434,19.644423425552645,19.443465522774947,19.5217941209045,4.212440970300446,9.065909812201436,26.14982003795619,21.974526726903104,23.493323696362896,29.48978755144252,18.892988128710194,17.347249991117987,2.5855863941329473,0.31944543700421635,0.5489747679922597,10257.523129862897,1.4886167935930388,0.32194721730845044,1.2520683890886908,0.5864517571288262
246.65866332224277,181.0142567611051,212.21204885880456,651.0155482286365,147.23257840156066,342.277182758842,56.94960283409722,30.069195175726417,42.5421087449411,62.07173393423267,147.23546121644154,289.6275524634897,299.5433409807379,157.5286919182777,239.69399371421423,58.37590966109549,36.88772610819782,33.54739103458956,3.340335073608261,10.64163359115685,2.7109643903836202,1.0030896651378887,0.27346930787359947,30.915825731390875,12.51633201263107,10.448740531822276,7.950753186937522,1.1889261054474174,219.88071424130496,0.3528907310798256,43.01559841495371,50.8361376409456,32.391959798994975,$icP_{v}^{syst}$,[mmHg],16.61064013120113,26.459547260514697,19.750093971163405,19.547964514571333,19.62670941179927,4.237385357890747,9.112161572209423,26.33206883806148,22.126091487886253,23.654242888493915,29.693977878594353,19.005914672235594,17.46886408055119,2.602930128030315,0.31944543700421635,0.5489747679922597,10306.280488109245,1.4934243265210265,0.3223041277480497,1.256111981794714,0.5871018970995657
247.82785134294207,181.88778687964802,213.2222248898619,655.8077598402302,147.92812638459037,344.44308754874663,57.26744770920821,30.263463369676902,42.792403093167685,62.44067595533599,147.9301583323042,290.8203428345431,301.53171732769175,158.62008611718903,241.1317703758378,58.6844262903901,37.33822285920938,33.96361551071377,3.3746073484956107,10.767525019453494,2.754269903600884,1.0138216095669321,0.2766691825044543,31.072835894658738,12.58138157780288,10.503075672209173,7.98837864464668,1.1889261054474174,221.6299664892114,0.35331951690130775,42.94704458647472,50.866509849507445,32.633165829145725,$icP_{v}^{syst}$,[mmHg],16.736317911657753,26.631995047375884,19.8556114595099,19.65231508429339,19.73147883211041,4.262322932295997,9.158345811601977,26.514642629665648,22.27791930060621,23.81541758742088,29.898524083165356,19.118755161730842,17.590709035213685,2.6202639572353292,0.31944543700421635,0.5489747679922597,10354.968846921325,1.4982273615296633,0.32266188324218986,1.260151791322514,0.5877535764025119
248.99387398898068,182.75893143287357,214.22970620840513,660.6040187912345,148.62195919819348,346.6090087286969,57.58510305649296,30.457823332946163,43.04263168541786,62.809552388781654,148.62378003258692,292.011991311058,303.52081815345696,159.71182600846942,242.56990445289347,58.99317631617553,37.791370765251855,34.382326798513745,3.409043966738113,10.894031835154875,2.797970928468598,1.0246025368534017,0.2798868805198148,31.22949030644105,12.646293403846936,10.557296220911125,8.025900681682993,1.1889278329163384,223.38147121241525,0.35331951690130775,42.87885065172242,50.896464684653786,32.87437185929648,$icP_{v}^{syst}$,[mmHg],16.862052398875473,26.804448677126373,19.961072096803715,19.756604292671273,19.83618402228979,4.287252699526139,9.20449146844949,26.697331271432375,22.42982398998362,23.976668832932237,30.10321043282628,19.23163227404003,17.712617755666763,2.6376036557495226,0.3190166511827342,0.5489747679922597,10403.537143873544,1.5030179417465954,0.3230181764258523,1.264179288375999,0.5884025919938213
250.15884242600677,183.62933644007967,215.23634243630508,665.4126021526916,149.31519049265688,348.77858103308415,57.90311151333259,30.65261002897652,43.29318260327479,63.17893083626879,149.31712095130288,293.2041000331802,305.51415755461346,160.80653116773317,244.00994002156614,59.30270700295054,38.247901893893456,34.80420842796129,3.443693465932165,11.021363138403826,2.842136222556047,1.0354468882981487,0.28312769134907273,31.38617108363658,12.711235401938325,10.611542513077033,8.06339316862122,1.18893439795452,225.13820122790722,0.35331951690130775,42.81088306810138,50.92600033028376,33.11557788944724,$icP_{v}^{syst}$,[mmHg],16.98813749398294,26.977214682714983,20.066546977709496,19.860906715855208,19.94090212719284,4.312210410260953,9.25062794610615,26.880430141550647,22.58207364747725,24.138280901208148,30.308394381396596,19.344556551981427,17.834822642412114,2.6549747191751374,0.3190166511827342,0.5489747679922597,10452.063334485982,1.5078050698329934,0.32337434291961614,1.2681987100609324,0.5890513768096817
251.32089120081068,184.49754479292346,216.24052338796952,670.2257993417135,150.00673095035248,350.948224901136,58.220812772292135,30.84745350576232,43.54359652052499,63.548175859485376,150.00885600136772,294.3943292711134,307.5081105727586,161.90156094105157,245.44992695939354,59.61214655896154,38.70709639388559,35.22860771976137,3.4784886741242182,11.149311394888551,2.886708003388428,1.0463337078609838,0.28638526536024295,31.542483109595675,12.776031067646503,10.665664577036951,8.100787464912225,1.1889408462527755,226.89731305241622,0.35331951690130775,42.743265332830845,50.95507660516846,33.35678391959799,$icP_{v}^{syst}$,[mmHg],17.114363267158954,27.149985058007697,20.171859297309904,19.96504656941322,20.045457749510263,4.337151692476965,9.296709958223353,27.06364900525612,22.73438820161845,24.299961884944846,30.5137085724822,19.457464831202408,17.957092183767788,2.6723353067715943,0.3190166511827342,0.5489747679922597,10500.471166524674,1.5125808796374085,0.32372961343946227,1.2722086926398903,0.5896985295397523
252.48060906404663,185.36417471814912,217.24276294575398,675.0453301465525,150.69684156964564,353.1188959397192,58.5382844001981,31.04244194642104,43.793936254242084,63.917204677681205,150.6987946122025,295.58253709881325,309.50376546582976,162.99838068844034,246.88959602912195,59.92151978199541,39.042178597930445,35.52874991974528,3.5134286781851607,11.277929993778269,2.8800984288824134,1.0572621042738537,0.2896601226306832,31.698691976809307,12.8408051411192,10.719775363146981,8.138111472543125,1.1680176966934204,224.63435534939813,0.3537483027227899,42.6759494613313,50.98365962053567,33.597989949748744,$icP_{v}^{syst}$,[mmHg],17.240781020048654,27.322845941648513,20.27707297413653,20.069087402745225,20.149912751397736,4.362076999910009,9.342701985982341,27.24705523758035,22.88687005720928,24.461799630089363,30.719258241393664,19.57022344443271,18.079515485757724,2.6896935942047806,0.3190166511827342,0.5489747679922597,10548.778909875195,1.4906374480687554,0.32408473056122916,1.2762113556058696,0.5903454028433572
253.6385184723303,186.22951326500012,218.24343380321824,679.8732609403412,151.3858569940197,355.2914942402395,58.855804731469185,31.237331917084727,44.044366785172585,64.28648803263816,151.38796747434566,296.7702014516309,311.5019517937735,164.09663497541212,248.3307998187356,60.231210880305504,39.50527564658177,35.95672443070786,3.548551215873912,11.407273621535907,2.924728179564846,1.068244419152758,0.2929552620967997,31.854603557753002,12.90545533478187,10.773776669579036,8.175371553392097,1.1680176966934204,226.36812165477298,0.3541770885442721,42.60891674813252,51.01184914585154,33.8391959798995,$icP_{v}^{syst}$,[mmHg],17.36744738182326,27.495860453543507,20.382204842225157,20.173047410355178,20.254288114847927,4.387015504211116,9.388706768031433,27.430733147328915,23.03954374845723,24.623849317519774,30.9251200621729,19.683126108739984,18.202113186804286,2.707064914599127,0.3190166511827342,0.5489747679922597,10597.009989581378,1.4953056127542705,0.3244391734840388,1.2802080113917624,0.590991048041416
254.79551558843022,187.09405992250078,219.24317035964708,684.7126946397079,152.07424278094672,357.46751671915916,59.173524162619124,31.43261816002607,44.29507616953191,64.65617214320109,152.07647865953024,297.95795678266757,313.504289230006,165.19738351014476,249.77368439411936,60.541461955503976,39.9717362250705,36.38786016883298,3.5838760562375196,11.537432108705556,2.969828122527362,1.07928679763373,0.29627257482054625,32.010498839177316,12.970116115664087,10.82778727960588,8.21259544390735,1.1680176966934204,228.10676749215506,0.3541770885442721,42.542115204392786,51.03957628842777,34.08040201005025,$icP_{v}^{syst}$,[mmHg],17.494350531036257,27.669153397857986,20.487327298524903,20.2769973398606,20.35865371024634,4.411974020339086,9.43469324092988,27.614811188506955,23.192551255171416,24.786235401238446,31.131481509348905,19.796223920953473,18.324983124447545,2.7244575667376014,0.3190166511827342,0.5489747679922597,10645.19699466627,1.499969773452881,0.3247937555808039,1.2842012391586144,0.5916369467555991
255.95000083178746,187.95690668747935,220.2408159597169,689.5578025153484,152.76106542808375,359.64405402197224,59.49101571046586,31.627987093769068,44.545666134636505,65.02564423093514,152.76334802954966,299.14385286339257,315.5076194386974,166.2988212815196,251.21653207903725,60.851681299166515,40.44091374643156,36.82156773977263,3.619346006658928,11.6682307489112,3.0153333729475946,1.0903711324191339,0.2996069190682351,32.166144112185954,13.034683468623976,10.88172130219622,8.24973934136576,1.1680209824477248,229.84803247220813,0.3541770885442721,42.47562658682268,51.066851806348424,34.321608040201006,$icP_{v}^{syst}$,[mmHg],17.621403322265184,27.842469845909665,20.592324734481927,20.380822511365697,20.462893995674996,4.436917534789525,9.480612925609883,27.79903937696802,23.34566463754447,24.948721134069004,31.3380606425303,19.909277881471713,18.447945352004467,2.7418431449125706,0.318587865361252,0.5489747679922597,10693.274579965862,1.504624439664013,0.32514774341161273,1.2881827144157088,0.5922817629683795
257.102237396946,188.81818990041947,221.2365812927038,694.4094853853865,153.44656308241755,361.8217540757159,59.80831194325356,31.823540493174676,44.796221449865975,65.39499020825423,153.4485714459535,300.3280894685034,317.51277317253874,167.401860943999,252.65951746475736,61.162040933966054,40.912947838353034,37.2579794780848,3.6549683602682363,11.799708090599093,3.0612591769150503,1.1014993310995358,0.3029593519363325,32.32160581048906,13.099187935656074,10.935605512538677,8.28681236229431,1.168027012897702,231.59239523814634,0.3541770885442721,42.40943540677957,51.09364619124188,34.562814070351756,$icP_{v}^{syst}$,[mmHg],17.748659450712626,28.015899705134256,20.697223035780173,20.484548317447103,20.56703423441606,4.461852969566747,9.5264818534071,27.983473073882564,23.49894881463872,25.111372580784867,31.54488426376653,20.022268953605916,18.57106116367016,2.7592269157780964,0.318587865361252,0.5489747679922597,10741.25941576923,1.5092706580450155,0.32550174776655283,1.2921538983081724,0.5929266092811432
258.2541938794922,189.67925689495908,222.23215307987874,699.2761028358199,154.1319492085083,364.00445181449146,60.12617094867603,32.0196379961251,45.0472955598749,65.76508725022805,154.13402890817648,301.5138822414164,319.52339029113637,168.50821591383786,254.10572034235165,61.47334589637548,41.38872230231699,37.69788879326331,3.690833509053685,11.93209755165815,3.107694640725308,1.112700609555188,0.30633740225525313,32.477107600524846,13.163722856025117,10.989510255034924,8.3238744894648,1.1680329543288073,233.34286098846155,0.3541770885442721,42.34342421917932,51.12004388068749,34.80402010050251,$icP_{v}^{syst}$,[mmHg],17.876336140908833,28.189725367098845,20.802173119567783,20.588325269192033,20.671227060147903,4.486831607604176,9.572382436082403,28.168447186799312,23.652688765409525,25.274484560997884,31.752339370195156,20.135456501888022,18.694539534079247,2.776654437746545,0.318587865361252,0.5489747679922597,10789.23644459558,1.513916239862752,0.3258558145788243,1.2961245949885902,0.5935715693647666
259.4039240247556,190.5387012368982,223.22587748655602,704.1493249045515,154.8160196887797,366.1882220930091,60.44387557706042,32.21589224149106,45.29831280894951,66.1353055328516,154.8183375558688,302.69800144341303,321.53573470970395,169.6160545670255,255.55231986045592,61.78482407353394,41.72969204564566,38.0028405736886,3.7268514719570627,12.065160653280072,3.098595677487649,1.1239458807849225,0.30973357936022494,32.632365097923184,13.228161982343522,11.043336543112979,8.360866572466682,1.1473159839583043,230.92543925403783,0.3546058743657543,42.277716853890944,51.146138004750206,35.04522613065326,$icP_{v}^{syst}$,[mmHg],18.004210808323467,28.36365520241973,20.907034392487144,20.692012816546416,20.775329961332094,4.511799525414134,9.618254327191814,28.35362532902909,23.80654740863865,25.43775212844886,31.96003331558079,20.248666328435167,18.818164408683327,2.79408288937434,0.318587865361252,0.5489749510024323,10837.121378214579,1.491612041946678,0.3262089041712997,1.3000882606032675,0.5942145512753175
260.5519587474932,191.39713278770012,224.21822533828683,709.0305294938615,155.4988359443834,368.37364464485626,60.7612297905929,32.41212826641974,45.54923002728435,66.50501022353308,155.49993147154106,303.8796951580921,323.54989589183697,170.7250780517504,256.99835135435507,62.09595000043617,42.20920318536272,38.44620394685045,3.7629992385122635,12.198932205509367,3.1450531387387826,1.135227246406641,0.3131464277853359,32.78756517244846,13.292596737182102,11.097162662006992,8.397805773259366,1.1473159839583043,232.650139282081,0.3546058743657543,42.212258722878396,51.171543854104144,35.28643216080402,$icP_{v}^{syst}$,[mmHg],18.132262247575504,28.537684067257235,21.011693041778162,20.795503069515153,20.879237549895908,4.5367461693059585,9.664016391603823,28.539049245842357,23.960620680019698,25.601191248195295,32.1679818476275,20.36164395531419,18.941941954730286,2.811486699929265,0.318587865361252,0.5489751731405871,10884.918516106836,1.4961535748427852,0.32656353017112477,1.304046658254487,0.5948602890416961
261.69811401363535,192.25400413481063,225.20885457168623,713.9203333105248,156.18074513475474,370.56109169589143,61.07891574480239,32.608499402887276,45.80038887841107,66.87539811328486,156.18211605719745,305.0620213733711,325.56692910904786,171.83598570348752,258.4465696931094,62.4078617397901,42.691830397272064,38.89246783741537,3.7993625598566965,12.333437603410818,3.1919558264328267,1.1465735808418458,0.3165819312950226,32.94249745282277,13.35692309334206,11.15089443892731,8.43467992055339,1.1473159839583043,234.37849395606375,0.35503466018723645,42.14709764049586,51.196840352029014,35.527638190954775,$icP_{v}^{syst}$,[mmHg],18.260506425172103,28.711898461459956,21.116397727051613,20.899034197803335,20.98318422756537,4.561719179709278,9.709816135167552,28.724754019472062,24.11489230707741,25.764874726177673,32.376291078363664,20.474864837953216,19.06591676923785,2.8289242999824635,0.318587865361252,0.5489753955568935,10932.652159432831,1.5006875127522217,0.3269158676404539,1.307998436119373,0.595501857253225
262.84179469296714,193.10904786193208,226.1972743047846,718.8141076998195,156.8609921976454,372.7486129345732,61.39631672370362,32.80495045942971,46.0514476977744,67.2455893986196,156.86255049937355,306.24272300428794,327.584852456645,172.9477680295398,259.89465708708536,62.71989580939406,43.177082070408204,39.341209149423385,3.835872920984817,12.468554203701498,3.239254393625081,1.1579624411584806,0.32003468119307105,33.09719160287691,13.421166393281078,11.204557876565302,8.471467333030537,1.147319347980726,236.10897072543648,0.35503466018723645,42.08224705726228,51.22164176197494,35.768844221105525,$icP_{v}^{syst}$,[mmHg],18.388883682880607,28.886120192291038,21.22097220358475,21.00243557274557,21.087000382046497,4.5866763266867885,9.75554210172728,28.910579655817184,24.2692746667977,25.928648342245133,32.584756876420094,20.58806480961586,19.189979338243305,2.84636001024207,0.318587865361252,0.548975618289314,10980.269453835179,1.5052115087219284,0.32726802769370916,1.3119377018883975,0.5961431014250193
263.98454104167683,193.9634588236043,227.18493695726846,723.7197686696742,157.54074132469606,374.9397358799653,61.714076429333936,33.00181921860666,46.30284586606173,67.61627971481954,157.54288877933428,307.4240712052741,329.607044700428,174.06227661040785,261.3451374252451,63.03270336405469,43.66576658703018,39.793166066028604,3.8726005210015715,12.604501796658834,3.287029124491005,1.1694161705709247,0.3235108704866245,33.25179934121288,13.485382595019624,11.258194670972358,8.508222075220896,1.147324920203579,237.84432328452456,0.35503466018723645,42.01761676578653,51.24611360511822,36.01005025125628,$icP_{v}^{syst}$,[mmHg],18.517602987261913,29.060656508233716,21.32555069315258,21.10584110256995,21.19082170726323,4.611664146049181,9.80130100896503,29.09681820042934,24.423991827034516,26.092777621396223,32.79371920724184,20.70151404137668,19.314328991921254,2.863820294144359,0.31815907953976985,0.5489758377953122,11027.851892728724,1.509732157438059,0.32761973189643195,1.315871494511054,0.5967835182184944
265.124999644254,194.81633980083856,228.1706982720241,728.6313960874419,158.21905553299692,377.1315415499687,62.03150707981948,33.19877744593759,46.55409503508819,67.9866487554928,158.22123763567032,308.6031198527333,331.63061594414165,175.1773886570606,262.79519429650514,63.34527720376448,44.157216530474656,40.24775707275954,3.909459457715116,12.741097440025655,3.3352265732912283,1.1809067601947867,0.3270035884698946,33.40623461872599,13.549539554453919,11.31178724870114,8.544907815570934,1.1473304021387258,239.58229625775078,0.35503466018723645,41.95328104425692,51.270135477299824,36.25125628140703,$icP_{v}^{syst}$,[mmHg],18.64648665255349,29.235223007415104,21.430015076863164,21.209132135036256,21.29452752543435,4.636631729165729,9.846977736499928,29.28322901890478,24.5788284992024,26.257016732740258,33.00290469816802,20.814832897714993,19.438782745385748,2.8812632313706765,0.31815907953976985,0.5489760587765681,11075.333887309784,1.5142442574357637,0.3279714088750901,1.3197979018189336,0.5974238833037593
266.2638611187012,195.66809645005713,229.15512894500003,733.5519921569811,158.89647539578544,379.3256327980935,62.349040109963134,33.396043775961445,46.805514425462,68.35737543858465,158.8989076450343,309.78183502823714,333.65716298184924,176.29467720998645,264.2464459527825,63.65833860857385,44.50302429661382,40.5565173717553,3.9465069248585265,12.878442120252043,3.3233942097297833,1.1924527905343894,0.3305175041235482,33.56055179385956,13.61366129264759,11.365349578500608,8.581540922711362,1.1268268468804772,237.0103563421857,0.3554634460087186,41.88920063842942,51.293810571736856,36.49246231155779,$icP_{v}^{syst}$,[mmHg],18.77563191960427,29.409984704615194,21.534431846368502,21.312375058767895,21.398185250491455,4.661611045535659,9.892632015145562,29.469937567903454,24.733918669816536,26.42151324001608,33.212499967615365,20.92820019949934,19.563454431356835,2.8987236204830404,0.31815907953976985,0.5489762786186797,11122.753277704982,1.491602351479674,0.32832270038491634,1.3237192170288152,0.598063546955132
267.4020504612624,196.51921495953283,230.1390273743052,738.4849563973091,159.57347383403388,381.5236880532082,62.66701540497844,33.593763281933036,47.05733184021997,68.72862019592971,159.57630878008445,310.96163858418674,335.68822200341964,177.41444887052546,265.7003022859157,63.97214062802765,44.99898671140557,41.01520385475242,3.9837828566531472,13.01664384402399,3.3716504058753674,1.2040671594486994,0.3340559530119295,33.71482067362486,13.677772231460942,11.41889760777318,8.618150834390727,1.1268268468804772,238.72486847868538,0.3554634460087186,41.825312249492455,51.317040103929834,36.733668341708544,$icP_{v}^{syst}$,[mmHg],18.905047940711402,29.58507977164774,21.638865493182138,21.41563482675026,21.501861060741852,4.6866262804374745,9.93832229095975,29.657105747204934,24.889400508351045,26.586394029555017,33.42261996284317,21.04173404495215,19.688422432680575,2.916217395073844,0.31815907953976985,0.5489764981875878,11170.143168382372,1.496018496952531,0.32867439335777276,1.3276383155887073,0.5987039416857937
268.5372311245001,197.3682690736025,231.1203884722019,743.4213492894975,160.24883431983773,383.7212626574296,62.98450742448108,33.79119353692139,47.30888911576122,69.0995424414924,160.25210246394252,312.1384679560892,337.71942519437073,178.5348570658859,267.15297411375724,64.28559449354896,45.497453016772575,41.47628142013533,4.021171596637243,13.155418424216839,3.4203057303097157,1.2157123713526972,0.3376094158982147,33.868815717513506,13.741781978823838,11.472367418848439,8.654666319841226,1.1268268468804772,240.44118395443675,0.35589223183020074,41.761781249766514,51.340068243843106,36.97487437185929,$icP_{v}^{syst}$,[mmHg],19.03455369529356,29.760118344157537,21.74314060781287,21.51873477275907,21.605375512267113,4.7116101497117535,9.983908679103028,29.844337922935154,25.04486124790251,26.751300369304072,33.63283078596915,21.15511386081463,19.8134442830988,2.9336844703840574,0.31815907953976985,0.5489767180917848,11217.418402388641,1.5004239186822699,0.32902454977139545,1.331547897386421,0.5993415365865934
269.66969534247266,198.2153649217713,232.09940367909218,748.3605342164129,160.92235139737912,385.91827419899573,63.301596256160714,33.98857308476124,47.56020344676286,69.47001398141005,160.92541303873108,313.3127565932033,339.75080495976357,179.65577846915065,268.6047673146976,64.59889923447577,45.99838124885851,41.93970237499838,4.058678873860128,13.29476248534122,3.4693441711621893,1.227390638205028,0.3411780097055931,34.02253237894916,13.805686597393034,11.525751814975903,8.691093966580217,1.1268290736085,242.15894488092312,0.35589223183020074,41.69855696297004,51.362547375519796,37.21608040201005,$icP_{v}^{syst}$,[mmHg],19.164145678206772,29.935113828721164,21.847247537136305,21.621667692668485,21.70872237222769,4.7365652511886625,10.029411420021528,30.031631983914668,25.200396164933835,26.916240730603487,33.8431169798072,21.2683644077204,19.938513830165455,2.951136613750183,0.31815907953976985,0.5489769357431733,11264.564597816538,1.5048185834852714,0.32937507662408655,1.3354452939932735,0.5999798082194429
270.80243900212093,199.0626735000016,233.07854211560584,753.3147695215766,161.59579506697588,388.1203521705302,63.61896824530601,34.186452617149,47.811879517463574,69.84085347033161,161.59752567922158,314.48706550607676,341.7874874232132,180.78003505326276,270.0588520911946,64.91254964417068,46.50304613892412,42.40665805320512,4.096388085719003,13.435033769803132,3.5188922680851284,1.2391273747302862,0.3447702210904466,34.17630916067387,13.869625642951139,11.579162465758522,8.727521051964203,1.126834229688371,243.88259196004066,0.35589223183020074,41.63548604531174,51.38447440411474,37.4572864321608,$icP_{v}^{syst}$,[mmHg],19.294157647613087,30.110501380275718,21.95130440217136,21.724554981805476,21.81202742851797,4.761548940186326,10.074922855275235,30.21947178890303,25.3563929864407,27.081631594774183,34.05401821290953,21.38169801032101,20.063950953253528,2.968601324704547,0.31773029371828765,0.5489771523570683,11311.705654688312,1.5092137258829026,0.32972744931738845,1.339339617239245,0.6006214428081071
271.931818335383,199.9075001345352,234.05481150659406,758.2705381452421,162.26742991225905,390.3213838602785,63.93615766607184,34.38435235520286,48.063436655537295,70.21181369762485,162.2697427729089,315.6603109679678,343.82409319567773,181.9044309124076,271.5124694753022,65.22655278446359,47.01013648648421,42.875878147975044,4.13425833850916,13.57584054994828,3.568825363862712,1.2509120994673906,0.3483799080566586,34.32977665181737,13.933451649358293,11.632480873177592,8.763844129281486,1.1268393036998632,245.60739718208316,0.35589223183020074,41.57277480096893,51.406444565460596,37.698492462311556,$icP_{v}^{syst}$,[mmHg],19.42423553642115,30.285822152943656,22.05529733353755,21.827374097512045,21.915260180391854,4.786517859572071,10.120369675145776,30.407327577413,25.512356618646095,27.2470272221997,34.26498166973968,21.495075077237313,20.18940133056786,2.986076294396281,0.31773029371828765,0.5489773683948296,11358.720093858134,1.5135963964850343,0.33007605791358463,1.3432229347301725,0.6012562209598974
273.05995880261014,200.75145408579823,235.0300584480718,763.2365491991111,162.93835439420715,392.52520253098874,64.25348240006129,34.582596046529915,48.315190160409294,70.58289307433196,162.9406922074293,316.8331737554062,345.8640802990074,183.03102060491867,272.967521190759,65.54085716965028,47.360194512663945,43.187879854286074,4.17231465837787,13.717429691077514,3.554066184648533,1.262750813183417,0.3520112430677493,34.483154041573236,13.997251181011265,11.685776981190394,8.80012587937158,1.1065558328577962,242.8830581300013,0.35632101765168295,41.510291146552206,51.427914026836966,37.93969849246231,$icP_{v}^{syst}$,[mmHg],19.5545893656269,30.461360596720777,22.159257682862176,21.930160169558917,22.018460433520406,4.811501644721265,10.165802358430497,30.595539546414937,25.668616901925187,27.412715073627748,34.476358031625665,21.608571551056418,20.31509270553447,3.003560907909058,0.31773029371828765,0.5489775858072279,11405.6848075945,1.4906438636441537,0.3304256994472979,1.347102260348138,0.6018928786708717
274.18601381555186,201.5939551413284,236.0035663003856,768.2082072379982,163.60792229523443,394.7298257032692,64.57067299655536,34.78097519763941,48.56693282685373,70.9539280442882,163.60986376873996,318.00497899678265,347.90555228005536,184.15871850941227,274.42331263782603,65.85535386480558,47.87108813091051,43.66055761343525,4.210530517475254,13.859675185960302,3.60396612031419,1.2746357478190415,0.3556612105042323,34.63625408871224,14.060940303744793,11.738977881543322,8.836335903424134,1.1065558328577962,244.58218287985548,0.35632101765168295,41.44807704959788,51.44883714867724,38.18090452261306,$icP_{v}^{syst}$,[mmHg],19.685021211017258,30.636976805132132,22.263117948817918,22.032846772069608,22.12156167897589,4.8364820391045065,10.211220663892519,30.783927183806842,25.8250371100419,27.578542274331234,34.68795498578247,21.72212414768894,20.44090412827257,3.0210499765902976,0.31773029371828765,0.5489778010170455,11452.55456066641,1.4949287262416366,0.3307759769196567,1.3509745119510388,0.6025306967000407
275.30995199156433,202.43499963470668,236.97529396865127,773.1863672667959,164.276362408221,396.93559380282136,64.88780686962215,34.97952368571263,48.81868402326837,71.3251775959284,164.27897077407934,319.1755173231197,349.9491712986903,185.28789942491073,275.8789033385321,66.17005953769232,48.384862772947805,44.1359538926688,4.248908880279002,14.002593751576022,3.654298074712111,1.286567731836235,0.3593301869763674,34.7892542516316,14.124606196549491,11.792163222602046,8.872484832480064,1.1065558328577962,246.28414342461951,0.35632101765168295,41.386150542555185,51.46979071323015,38.42211055276382,$icP_{v}^{syst}$,[mmHg],19.815648342938037,30.812689742598295,22.366888441762917,22.135442804252218,22.224570964708473,4.861455598878295,10.256564337941894,30.972530315388862,25.98159036363221,27.744536655991457,34.89982453587685,21.835539526691413,20.566867975062813,3.038541344162938,0.31773029371828765,0.54897801661956,11499.345368575468,1.4992062145411527,0.33112361618890657,1.354840099364255,0.6031637081351003
276.4322288514494,203.27472873606058,237.9456457182079,778.1718220776679,164.94372311294765,399.14298070385854,65.20485324553539,35.17794165496941,49.07048977369144,71.69630795197361,164.94625756504007,320.34510007835,351.99513106044236,186.41860087210696,277.3355917093209,66.48492313962738,48.90162623455681,44.614174950832094,4.2874512837247165,14.146220481542903,3.7050701488766458,1.2985470007480049,0.3630185617417172,34.94204972337161,14.188192236329716,11.845280816146278,8.908576670895627,1.1065559140494585,247.9891615864614,0.35674980347316515,41.32447044968243,51.490176539206466,38.66331658291457,$icP_{v}^{syst}$,[mmHg],19.946489102813697,30.988527152576243,22.470592812797484,22.23797234860845,22.32751423810495,4.886430714166622,10.301894533450845,31.16138384137315,26.138359638181456,27.910730293217785,35.112059248253686,21.949028124982007,20.693000239513406,3.0560357041553514,0.31773029371828765,0.5489782309069738,11546.060617906336,1.5034774097868953,0.3314723537774016,1.3586999000212256,0.6037987211802041
277.5527314900738,204.11320498320646,238.9145121768354,783.1651359911729,165.61006964852376,401.3520241962878,65.5219259713431,35.37658835564106,49.32235787666842,72.06759464718805,165.61269857143137,321.5138100432689,354.04329859719013,187.5508069013673,278.7928347681334,66.79997759890271,49.42135147158926,45.09518799253297,4.326163479056289,14.290554554951875,3.756269832256648,1.310575482112607,0.3667267451460473,35.09471773810594,14.251738698627499,11.89836611682838,8.944612922650068,1.1065606924980431,249.69728009970046,0.35674980347316515,41.263045821223876,51.51029081741261,38.904522613065325,$icP_{v}^{syst}$,[mmHg],20.07754519776674,31.1644911457402,22.574221062943906,22.340425807365616,22.430381397881668,4.911407269445826,10.3471826688949,31.350483381868738,26.295316636374892,28.077119618591063,35.324590593491735,22.06249034346286,20.819298533959845,3.07353365343358,0.31773029371828765,0.5489784450072726,11592.704875396663,1.507742135666243,0.3318204175698119,1.3625480697877848,0.6044325065721226
278.67233107307857,204.95095098026127,239.8824824678685,788.1680795633084,166.2756918703365,403.5638028338744,65.83915039037923,35.575578451584555,49.57445464580206,72.43909038440138,166.2778973495465,322.68247988507915,356.09489737735845,188.68526652077986,280.2518649077215,67.11552722877978,49.944344451465454,45.57927518748999,4.365069263975461,14.435668884961832,3.8079389148308445,1.322660384406697,0.3704572025751978,35.24727612805914,14.315247739500661,11.95141806032005,8.980610328238436,1.1065654038244022,251.40929579426228,0.35674980347316515,41.201834927396426,51.52988083169717,39.14572864321608,$icP_{v}^{syst}$,[mmHg],20.208881573533816,31.34068651299342,22.67783335747636,22.44286300973227,22.53323301594391,4.936402112540283,10.39248023755189,31.539935827641738,26.45258079472075,28.24380460406358,35.537536082260765,22.17607363644646,20.945838797154405,3.091051093058954,0.3173015078968055,0.5489786588016106,11639.298430923554,1.5120027044621402,0.3321697115493011,1.3663925324580957,0.6050685326719418
279.7896861562471,205.7870503263014,240.8484792328322,793.1764221230396,166.94009910108693,405.7762850956225,66.15624612851252,35.77471059265594,49.82650886055943,72.81073953722601,166.94299303853393,323.84981411924235,358.1478759248223,189.8207765692712,281.7105917684401,67.43116613918048,50.47012865645302,46.065996820365726,4.404131836087296,14.581426465797774,3.860035656302115,1.3347906220007155,0.37420605933558354,35.39967665278517,14.378707589736223,12.004431190954778,9.016537872094167,1.1065700481393472,253.1237609285049,0.35674980347316515,41.1409205596495,51.549510223607875,39.38693467336683,$icP_{v}^{syst}$,[mmHg],20.340362158398136,31.51693140697363,22.78133079462815,22.54518583920385,22.635969149613732,4.9613873339044465,10.437702861928209,31.72955764050306,26.60993436143037,28.410613910818945,35.75069878536421,22.28952960115422,21.072493919544826,3.1085666826993448,0.3173015078968055,0.5489788738804467,11685.806937076086,1.5162550057864248,0.3325162157423772,1.370229574111414,0.6056994750854303
280.9054470862406,206.62205630434718,241.8131573009101,798.1925531900794,167.60344938279727,407.9903824636743,66.4733327127724,35.974071249361955,50.07864708431905,73.18234927905733,167.60653492941347,325.01639137113347,360.2031939409662,190.9579307690801,283.1703655653716,67.74709360692313,50.82438648107755,46.38102199112186,4.4433644899556946,14.72789247918903,3.841628655413354,1.3469700919637737,0.37797482265236215,35.55188153706674,14.442091488191629,12.057379230392568,9.052410818482548,1.0865081562520855,250.21998143906544,0.3571785892946473,41.08024516919096,51.568640652964795,39.62814070351759,$icP_{v}^{syst}$,[mmHg],20.471979432726563,31.693312476738598,22.88476744675288,22.647447949495785,22.738645009480486,4.986376326818614,10.482918073079304,31.919433749910525,26.76751436510802,28.57763055213724,35.96416549558969,22.4031522549898,21.19932430733038,3.1260906232689942,0.3173015078968055,0.5489790861301217,11732.24145679581,1.4929285904347736,0.3328635106521587,1.3740610982476533,0.6063318604695658
282.0201568803374,207.45653201427058,242.7770075808288,803.2180686304579,168.26601306386576,410.20699057149506,66.79025746099794,36.17367281001187,50.330784830083594,73.55392883324502,168.26823923102543,326.1810286981296,362.26126133143333,192.09703146463264,284.63025547141626,68.06278495071899,51.35395965476867,46.87122272446649,4.4827369303021785,14.875122004316005,3.893667721076878,1.3591877885005967,0.3817621831669555,35.70407075441667,14.505482161711413,12.110335623518043,9.088252969187204,1.0865081562520855,251.90903245395708,0.3571785892946473,41.019781947021364,51.58737769104054,39.86934673366834,$icP_{v}^{syst}$,[mmHg],20.603863270261204,31.869869263540053,22.98805079439504,22.749561844635263,22.841175065704306,5.011357734435178,10.528062880572202,32.10962984454943,26.92533303685987,28.74488966181298,36.17798874483774,22.516699075675344,21.32636950516828,3.1435975792645965,0.3173015078968055,0.5489792996818197,11778.620914470603,1.4970880207302733,0.3332115815780277,1.3778893532603425,0.6069656574868164
283.1324507491837,208.2891288904093,243.73878986714246,808.2481870834049,168.92731475076764,412.42414470188515,67.10725756748519,36.373378957916465,50.583014624412264,73.92568637700025,168.92955859807992,327.345531971221,364.320928242805,193.2372364511891,286.0909899171648,68.37898695819588,51.886310039420536,47.3640133253777,4.52229671404284,15.022988632314512,3.9461224755625985,1.3714611329511814,0.38557005161907854,35.85600318658306,14.568775917503036,12.163210884904544,9.124016384175487,1.0865081562520855,253.6001911663241,0.35760737511612944,40.95960843244866,51.60588494390434,40.11055276381909,$icP_{v}^{syst}$,[mmHg],20.735896604647348,32.04649363273101,23.09133881525169,22.85167530466777,22.943701872982512,5.0363457020655185,10.573197540792137,32.30000010924234,27.083290397173567,28.91229166080839,36.39203806805297,22.630349676539325,21.453531925717346,3.161123355368413,0.3173015078968055,0.5489795104652826,11824.912032553735,1.5012385151595011,0.3335583895267803,1.3817093838835317,0.6075971564841753
284.24311904189534,209.12058078223077,244.69921795229283,813.2858906544058,169.58758933608271,414.642888125629,67.42427756929405,36.573025792986286,50.83535374045519,74.2974383615893,169.58948878156752,328.50957316385507,366.3829096508842,194.37901213007112,287.55282425689245,68.69553548551873,52.42164747226643,47.8596143898803,4.562033082386132,15.17156131103188,3.999013644204014,1.3837857524337296,0.3893984273980313,36.00775175540772,14.63200146832644,12.216026849936094,9.15972343714518,1.086509731512033,255.2942623028562,0.35760737511612944,40.89967395864291,51.62391072755105,40.35175879396985,$icP_{v}^{syst}$,[mmHg],20.86813921337328,32.22324883741536,23.19456777301961,22.953729312208605,23.04616954332339,5.06133958059936,10.61832347600576,32.49062214614623,27.241469239759994,29.07989855249902,36.606395105136315,22.744049784134642,21.580864002076623,3.178661244528198,0.3173015078968055,0.5489797220061264,11871.13125352579,1.505382931040567,0.33390591933203556,1.3855218111536034,0.6082299690630636
285.3517164791061,209.9505261061496,245.65790779834134,818.3296258194769,170.24673554382773,416.8625617627843,67.74116607098908,36.77283565161208,51.08764841765504,74.66940372394002,170.24918927694856,329.6720776230224,368.4464924026156,195.52201909754,289.01432006724616,69.01187503828346,52.95978867866317,48.357867777506414,4.60192090115676,15.32079029023252,4.052326692493666,1.3961535800788918,0.39324516022873396,36.15938141966811,14.695192238309913,12.268817741136255,9.195371440221942,1.0865141129435005,256.990880320501,0.35760737511612944,40.84001566941064,51.64198026853437,40.5929648241206,$icP_{v}^{syst}$,[mmHg],21.000557748386655,32.40007690607998,23.297697728897216,23.055683711037457,23.148536679599616,5.086312806128129,10.663374283786602,32.68143812826081,27.399756164624115,29.2476474349553,36.820985501418804,22.857642450842317,21.708328562604542,3.1961921902107275,0.3173015078968055,0.548979933647574,11917.271488067941,1.5095201649510757,0.3342509704806895,1.389324028991763,0.6088582660204608
286.4589750765262,210.77947047073965,246.61548790650815,823.3814929291204,170.90503524013184,419.08437595570445,68.05808963290407,36.97291978315527,51.34008487031508,75.04144572513707,170.90742616072097,330.83412523265173,370.5130347699917,196.66699872225723,290.47708975859047,69.32850116455721,53.50106265153549,48.85907632797555,4.64198632355994,15.47076246763991,4.10609782828511,1.4085726475846176,0.3971128497974717,36.310873445460494,14.75833416206952,12.321566669091283,9.230972614299686,1.0865184365461207,258.6908079150618,0.35760737511612944,40.780579054132005,51.65955175891669,40.834170854271356,$icP_{v}^{syst}$,[mmHg],21.133199639332442,32.57707646829219,23.400783580359917,23.157593966644512,23.250860240812983,5.111294853029533,10.708421731651232,32.87254410742008,27.558293976395998,29.415639954205965,37.03593859112718,22.97128181763987,21.835996833769393,3.213734118708942,0.31687272207532335,0.5489801444676087,11963.352466809229,1.5136523482271056,0.33459708715423647,1.3931216418552268,0.609488504322361
287.56483933593,211.60733663866426,247.57175496956,828.4412158412451,171.56237229766685,421.30785048436917,68.37512485638852,37.17325966932305,51.59264232475142,75.41365239649147,171.56508720813872,331.99572244396245,372.58216705531174,197.81335897960355,291.9408180208463,69.6454518025341,54.04536915315164,49.363135947732445,4.682233205419197,15.621443471169732,4.160319109209309,1.421044613032321,0.40100140543076707,36.46221793583791,14.82142442604025,12.3742708941014,9.266522615696267,1.0865227006306521,260.39373141322875,0.35760737511612944,40.72138036365215,51.676896902518735,41.075376884422106,$icP_{v}^{syst}$,[mmHg],21.26597922048035,32.754213255952955,23.503815210260022,23.25945009136983,23.353129691889098,5.136283665814854,10.753447807288506,33.06392242558385,27.71703822278244,29.583844243448862,37.251277500447884,23.084989261324026,21.96383680738378,3.2312876365492613,0.31687272207532335,0.5489803557736465,12009.366060836679,1.517778799196343,0.3349424827454114,1.396914025188223,0.6101174281061409
288.6688496487043,212.43379855732297,248.526379647823,833.5068965214754,172.2185919369434,423.5323822013595,68.69206173029349,37.37377454174987,51.845225421156,75.78585391400401,172.22162883414924,333.15641207732097,374.65309656885626,198.96113971536226,293.40492826819184,69.96258948640705,54.399458097414794,49.68059489008657,4.718863207328228,15.772793078678868,4.138017852250628,1.4335634904378391,0.40337277270371696,36.61337367890658,14.884447217198952,12.42691844771018,9.302008013997455,1.0666886984616368,257.31365152003923,0.3580361609376116,40.66243790895444,51.69392591314706,41.31658291457286,$icP_{v}^{syst}$,[mmHg],21.398935471298415,32.93143996407172,23.60675249509916,23.36121229829964,23.45530519565962,5.161270934516608,10.798437928826537,33.255497732472875,27.875944840245797,29.75220914904205,37.46686585928791,23.19867306668547,22.091818584996076,3.248843930323121,0.3173015078968055,0.5468972345391693,12055.301435586038,1.4941107613645614,0.33401522447286414,1.4006999075919213,0.6107458648137334
289.77114213457696,213.25906476557105,249.47956779559445,838.5790667610066,172.87378678059108,425.7582958525566,69.00892448514662,37.57449547731591,52.09782223601523,76.15812066551797,172.87678640591727,334.31575512462723,376.7260924008412,200.11041881746465,294.8692544046314,70.27976505359506,54.94703985182091,50.18765121323734,4.759388638583572,15.924832457314448,4.192098930180405,1.4461253999485417,0.4072846157358371,36.76440368583462,14.947427973129908,12.479533286413588,9.337442426291124,1.0666886984616368,258.989650432674,0.3580361609376116,40.603738897070976,51.710630969656734,41.55778894472362,$icP_{v}^{syst}$,[mmHg],21.532087753733332,33.10877282444443,23.70961471178068,23.462899147196808,23.557404860017915,5.186252185221707,10.843381658818533,33.44731014878038,28.035039541354998,29.920757742098818,37.68273570548829,23.31233903412327,22.219962005404632,3.2663927393580274,0.3173015078968055,0.5468972345391693,12101.165074641376,1.4981429819743577,0.3343589761780244,1.4044800363357726,0.6113744138051174
290.87196419129094,214.0833478607048,250.43154167973327,843.6592907990566,173.52805365204674,427.98593188157804,69.32584465848768,37.77534895910352,52.350548499294746,76.53056595840859,173.5314002338705,335.4748023351068,378.80153689867495,201.26134895131392,296.3348568773656,70.59735190680178,55.49766163130869,50.69756355490299,4.8000980764057,16.077585120038854,4.246627707157484,1.4587411132589552,0.4112174543856381,36.915264085539256,15.01034541111088,12.532092891172795,9.372825783255582,1.0666886984616368,260.6686137766613,0.3584649467590938,40.54527046932497,51.727104100214795,41.79899497487437,$icP_{v}^{syst}$,[mmHg],21.66545655942803,33.28624865412509,23.81243170329615,23.564541020043894,23.659459890164648,5.211243205570113,10.88832301024025,33.63938209206758,28.194336555860403,30.089519725276784,37.89892916255002,23.426202016620056,22.348282912249566,3.283951871116516,0.3173015078968055,0.5468972345391693,12146.963755643272,1.5021698698894312,0.3347020433046394,1.408255165781581,0.6120017110466257
291.97092397122316,214.90628373757326,251.38194116834924,848.745677010743,174.18127854688555,430.2147728743788,69.6426372297414,37.976114377199934,52.603256118821406,76.90287850122502,174.18443961730227,336.6323432782325,380.878805366942,202.4136036091459,297.80022668700013,70.91483035384292,56.05114951401209,51.2101966032447,4.84095291076739,16.231015183373444,4.301585061847976,1.4713974295084078,0.4151687943807752,37.06601578382149,15.073232239766455,12.58463089675747,9.408152647297573,1.06669046725297,262.35011905679573,0.3584649467590938,40.48705193992626,51.743227617714616,42.040201005025125,$icP_{v}^{syst}$,[mmHg],21.799008465299792,33.463814178436806,23.91515410199181,23.666087974757563,23.76141933054588,5.236225135195924,10.933200198283123,33.83167048688248,28.353798428063712,30.258445760377203,38.115374562531755,23.539940226786218,22.476749706110223,3.3014983587802726,0.3173015078968055,0.5468972345391693,12192.689498281989,1.5061901097836825,0.3350454005959863,1.4120217214114124,0.6126295388535011
293.0679339703951,215.7278630215339,252.33070763046294,853.8370918285744,174.83331458992154,432.4443688302369,69.95937785172707,38.17705027177198,52.855993466007305,77.27528756633436,174.83669875617588,337.7890858391148,382.957710231605,203.56707609831656,299.266256971325,71.2325794676718,56.60741967414126,51.72544506601015,4.881974608131112,16.385091303050565,4.35695953679096,1.4841021428920416,0.41913956773036143,37.216547506861524,15.136035406899381,12.637097011213294,9.443415088748841,1.066694496478877,264.0338397399591,0.3584649467590938,40.42908803803969,51.75913198079131,42.281407035175874,$icP_{v}^{syst}$,[mmHg],21.93271962884503,33.64144955481429,24.017786417770502,23.767545479561754,23.863289393333762,5.261205361955283,10.978048378060775,34.024143084540526,28.513407374308596,30.427518536479486,38.3320551788412,23.653722649399434,22.605344338025134,3.319052994091836,0.3173015078968055,0.5468972345391693,12238.332021294507,1.5102032490733297,0.33538790571820637,1.4157786077067618,0.6132558084716108
294.1649746742832,216.54969104882323,253.2795721983446,858.9431038312547,175.48522484614844,434.6784712635299,70.27625369311383,38.37841503592562,53.108966099991264,77.64794603704458,175.48765847763292,338.94500310800146,385.04127291558905,204.72355413989234,300.7337343758991,71.55036496822288,57.16737485174092,52.244205129404016,4.923169722336904,16.54007187541979,4.412857038972085,1.4968551753098316,0.4231325166970398,37.36719253290486,15.198897534287887,12.689614280967891,9.478680717649087,1.0666984789881124,265.7226457364844,0.3584649467590938,40.37127128381706,51.77467048296196,42.52261306532663,$icP_{v}^{syst}$,[mmHg],22.06671790528134,33.81941253450924,24.1203547908368,23.868942669603125,23.965102368841958,5.2862017264154435,11.022871818077018,34.21711075069302,28.673413115537116,30.59698797334637,38.54929053537195,23.76747771760909,22.734270895285967,3.3366058693357443,0.3168727220753233,0.5468972345391693,12283.96573923039,1.5142166297444644,0.33573165084861606,1.419535754078205,0.6138843454410824
295.25896753333257,217.36907824287266,254.225822577825,864.0496834739679,176.13545664640094,436.91144584039364,70.59301807854868,38.5798258408777,53.36187421270978,78.02055784400237,176.137880393483,340.10026033810834,387.12490719737247,205.88022078713715,302.2011524331767,71.868474363086,57.72970216657365,52.76517296222683,4.964529204346826,16.695569730940555,4.469134725249213,1.50965680504475,0.4271436845271304,37.517478745194694,15.261618930328886,12.742013211836563,9.513846603029243,1.0667024050881706,267.4121659423163,0.3584649467590938,40.3137657123188,51.7899869345518,42.76381909547739,$icP_{v}^{syst}$,[mmHg],22.200760628633077,33.9973144340965,24.22287484164618,23.97028634371958,24.066858600311267,5.311188139823153,11.067664500795235,34.41010199710914,28.8334322943193,30.76647501819645,38.76659689623218,23.881284700376387,22.86321584130101,3.3541680431628844,0.3168727220753233,0.5468972345391693,12329.481965248066,1.51821882449913,0.3360739834104837,1.4232824612161985,0.6145102995330904
296.35117906798536,218.1871253496469,255.17053345780238,869.1620351745572,176.78460537115654,439.1454412145073,70.90969731543623,38.78142833864277,53.61480821967346,78.39315989953907,176.78712719464315,341.2545070457875,389.2103605502618,207.03827034038892,303.6688889351348,72.18677441924528,58.09027986045752,53.08423084210601,5.006049018351509,16.851731150455308,4.442671630888599,1.5225042199887344,0.4311742427557814,37.66760128864878,15.324283468518235,12.79436466642704,9.548953153703506,1.047102008829768,264.15838740356793,0.358893732580576,40.2565047429932,51.80506734550554,43.00502512562814,$icP_{v}^{syst}$,[mmHg],22.33497542370543,34.175302948714815,24.32530394436015,24.07153972257729,24.168524420183015,5.336172093123843,11.112420793524365,34.60329636874713,28.99360769369867,30.936124255281182,38.98415527179851,23.995032117622912,22.992303333662978,3.3717332918059935,0.3168727220753233,0.5468972345391693,12374.922375980957,1.4942386349137782,0.33641583580924733,1.4270229856437064,0.6151353756482616
297.4422078606637,219.00420764202443,256.11407881212443,874.2825592404294,177.4329127833338,441.3812855625727,71.22641200437101,38.98325814327311,53.86783172738694,78.76595435426938,177.43536520766523,342.4080534833348,391.2982667526838,208.1979374148872,305.1374699852015,72.50523922580076,58.655923254086986,53.60818520434977,5.047738049737216,17.00861408326706,4.498778276224718,1.5354000958439604,0.4352251276264526,37.817605737590064,15.38690722326717,12.846682776633367,9.584015737689517,1.047102008829768,265.82118644636097,0.358893732580576,40.199464405742205,51.81985744862193,43.246231155778894,$icP_{v}^{syst}$,[mmHg],22.46941168313774,34.3534313864509,24.427686918315814,24.1727466134026,24.270143727698045,5.36115994941057,11.157152051601162,34.79676136911238,29.15399710124087,31.10598769609734,39.20203885021568,24.108833879866545,23.121571374909557,3.3893029675848103,0.3168727220753233,0.5468972345391693,12420.303894833365,1.4981503841452433,0.3367576425300213,1.430758771840733,0.6157603682413618
298.5317155501863,219.82022569435136,257.0563529340273,879.409935098869,178.08032334494047,443.6187384756808,71.54316014577039,39.18525877375273,54.120978650669414,79.13892067552078,178.08296323089922,343.56113911546083,393.38886270161106,209.3592966096956,306.60694053940625,72.82406945845891,59.2245774848693,54.134971515848555,5.089605969020749,17.16620218235649,4.555330954167313,1.5483476872215258,0.4392970156324372,37.96746634112477,15.449480859945574,12.898957626406938,9.61902785477226,1.047102008829768,267.4867443191889,0.35932251840205814,40.14265131289147,51.83443147539768,43.48743718592964,$icP_{v}^{syst}$,[mmHg],22.604053653831468,34.53170156411184,24.530013025371073,24.27389689221912,24.371706534807302,5.386154514401426,11.201869428741643,34.99048694489365,29.314597303011354,31.27606468701824,39.420254377179404,24.222647464746256,23.251019052384912,3.4068847067651946,0.3168727220753233,0.5468972345391693,12465.622634145833,1.5020567084274032,0.3370989638118973,1.4344893771200846,0.6163844732108514
299.6197156528902,220.63518939104046,257.9973670129999,884.5447572123663,178.7268489730778,445.85782706256117,71.85996253576553,39.38718616372116,54.374212358447465,79.5119521607101,178.7296270621498,344.7135278654731,395.4818817043248,210.52219859695606,308.0770342073717,73.1430345675427,59.796231365528314,54.66458819043653,5.131643175091785,17.32449650877673,4.612327958880397,1.5613438774147692,0.4433891205900213,38.11721627113348,15.512019838619516,12.951204220110865,9.65399221240311,1.0471029138827954,269.1550763546037,0.35932251840205814,40.08606289376625,51.84874181436253,43.7286432160804,$icP_{v}^{syst}$,[mmHg],22.73890398797349,34.710095716952594,24.632278005648192,24.374985990129318,24.4732080735858,5.411152456155255,11.246554318418944,35.18446744442349,29.475400329972864,31.446344947908226,39.638833999140296,24.3365160846528,23.38063752162167,3.4244687345627742,0.3168727220753233,0.5468972345391693,12510.879428115446,1.5059577108929356,0.3374400539479065,1.438213656868403,0.6170081555307969
300.7062045958751,221.44905227659854,258.9371168425377,889.6860664304925,179.37237028116155,448.0983417667018,72.17671958700704,39.589340163967535,54.62752254938957,79.88498847217447,179.3750243181648,345.865265191532,397.5771267073465,211.68669740699826,309.54778564960515,73.4622874711483,60.37081668467046,55.196966607715154,5.173850076955308,17.483485608678308,4.669752849742485,1.574388581454667,0.4475016937304173,38.26683946043348,15.574516271529607,13.003415155946152,9.688908032957718,1.0471066321558038,270.8259056278016,0.35932251840205814,40.02968847730084,51.86268826932683,43.969849246231156,$icP_{v}^{syst}$,[mmHg],22.873881485658128,34.88860936089102,24.734482692170364,24.476015402088162,24.574649839857294,5.436152897697027,11.291212720878725,35.37868568215347,29.63642188092825,31.61682260619532,39.85770778233773,24.450485502119427,23.51042206352978,3.4420618215760914,0.3168727220753233,0.5468972345391693,12556.065919681309,1.5098529678973913,0.33778163490853524,1.441928569193451,0.6176327353221294
301.7909373630529,222.26176752412394,259.8753934923984,894.8340918284833,180.01702937616867,450.3401342601811,72.49347245756901,39.791693931589926,54.8808652424182,80.2583116941266,180.0201261197393,347.01585266698896,399.67426796244297,212.85247343987476,311.0190658805256,73.78154850834318,60.948330581145626,55.73211548117092,5.216215099974702,17.643152051991702,4.727626598890787,1.5874782351421246,0.4516335941158842,38.416263587990045,15.63693542282551,13.05556205073231,9.723766114432216,1.0471103055282225,272.49943219247945,0.35932251840205814,39.973570126477995,51.876628902165514,44.211055276381906,$icP_{v}^{syst}$,[mmHg],23.00902354457002,35.067223246195276,24.836616356330605,24.576972501732776,24.676019252317253,5.461151855490242,11.335847198340328,35.573128735703094,29.79754639247883,31.787463608067593,40.076849765104335,24.56446664238952,23.640353613492454,3.459650124785902,0.31644393625384115,0.5468972345391693,12601.192056331807,1.5137425227868688,0.33812144977954894,1.4456380715527868,0.6182540858237461
302.87351774759395,223.0729074853366,260.8118516454723,899.9860572957143,180.66031435586913,452.582008047425,72.81001390103555,39.994152533597756,55.134152326661216,80.63141734511413,180.6636374761238,348.16528985340034,401.77242597688206,214.01917670742372,312.48998974732535,74.1009118242668,61.5284663584382,56.269738025523125,5.258728332915074,17.803415498025156,4.7859089025940005,1.6006100512925636,0.4557835799737265,38.56550400012281,15.699291464349091,13.107656354443499,9.758556181330215,1.0471139310726145,274.17445174114835,0.35932251840205814,39.917696935256465,51.8901920269521,44.45226130653266,$icP_{v}^{syst}$,[mmHg],23.144273451234195,35.2458460485995,24.93862665743913,24.67780744068342,24.777266178859133,5.486139625519524,11.38041940409824,35.76769332337794,29.958803225172062,31.95820305733731,40.296160305722026,24.678350261113454,23.770374984257646,3.4772365387468316,0.31644393625384115,0.5468972345391693,12646.22200491084,1.5176241263539083,0.33846148239855584,1.4493400205260618,0.618875834476934
303.9549391127399,223.883267089353,261.74735334579566,905.1461114757703,181.30288121629775,454.82606132092553,73.12662537272911,40.196886294460796,55.38754390463045,81.00457876959095,181.30601892327596,349.31386565314597,403.87333735244675,215.18769109219676,313.9617778024983,74.42037996655384,61.89134419839218,56.589936961329045,5.301407237063138,17.964423946780343,4.755062622865608,1.6137885586468819,0.45995422064707653,38.71466997915848,15.761625551317458,13.1597346678741,9.793309759966924,1.0277523063549956,270.7510511964925,0.3597513042235403,39.862025647727855,51.90347041743405,44.69346733668341,$icP_{v}^{syst}$,[mmHg],23.27975957935622,35.424637916346285,25.040609047416808,24.778613565899075,24.878484178180727,5.51113115751532,11.424971916667609,35.962560426402035,30.120300353836303,32.129181635895414,40.515819177161184,24.792258745180064,23.900598075391176,3.494824084384252,0.31644393625384115,0.5468972345391693,12691.201685140843,1.4933632018427847,0.33880182964303507,1.4530380448759241,0.6194981584218813
305.0349433667212,224.69260345430672,262.6816672859549,910.3136295782145,181.94462780485273,457.07185778636386,73.44330321433227,40.39987754439187,55.64108695111334,81.37802854287341,181.94803744393286,350.4622782570286,405.9767942142172,216.35790329968833,315.4346178147683,74.74024201010914,62.474964915095896,57.1306921637683,5.3442727513275905,18.126146609773,4.8131591478563935,1.6270213465575765,0.46414643853494003,38.86370735247061,15.823916036693198,13.211774522130444,9.82801679364697,1.0277523063549956,272.4000243092468,0.3597513042235403,39.80656973413881,51.91658239192647,44.93467336683417,$icP_{v}^{syst}$,[mmHg],23.415459847220653,35.60357880739509,25.142539726613332,24.87936767951129,24.979650448986227,5.536134565793962,11.46951278702212,36.15769392778652,30.282008317928263,32.30038061300141,40.73580891268196,24.906217186843648,24.03100329573514,3.5124265152368808,0.31644393625384115,0.5468972345391693,12736.12394633969,1.4971589301411707,0.3391413935473183,1.4567312774524075,0.6201190500315625
306.1136983793716,225.5010888881794,263.6149257836316,915.4882918330092,182.58542157318223,459.31911048940066,73.75965934401948,40.60299774215079,55.8944836434703,81.75110666551215,182.5875040196514,351.6077858649448,408.0820781904096,217.52977002567252,316.9064867359543,75.05953545105963,63.06148172158797,57.6742451784401,5.387236543147866,18.288561217554687,4.8717010501038915,1.6402782143962022,0.46835452672081634,39.01269795384195,15.886198126426876,13.263812779426175,9.8626870479889,1.0277523063549956,274.0516026126355,0.3597513042235403,39.75132264334462,51.929311966312554,45.175879396984925,$icP_{v}^{syst}$,[mmHg],23.55135068510243,35.7825973741813,25.24428075548217,24.979936893995397,25.08063370699037,5.5611096550228645,11.51395467311764,36.35305729827243,30.44389031099669,32.47174474229396,40.95605407503486,25.01995364057347,24.161573181748658,3.5299931772632043,0.31644393625384115,0.5468972345391693,12780.979510122756,1.5009500772370956,0.33948217338110953,1.4604200525322422,0.6207421649648066
307.19084461846364,226.30809139919614,264.54662235570197,920.6687183790077,183.22532936576675,461.56765676100366,74.07641457355506,40.80603039341052,56.14821818848132,82.12483249217546,183.2279670932339,352.7552369805206,410.18987165530024,218.70280101184767,318.38082502400306,75.3798868973422,63.65100951556625,58.22055830994634,5.430451205619913,18.451660129517126,4.9306806468838245,1.653611475376184,0.47258820170508137,39.161412192077854,15.948370966330174,13.315751254496499,9.89728997125118,1.0277523063549956,275.705524493769,0.36018009004502244,39.69631032025268,51.94195518161844,45.417085427135675,$icP_{v}^{syst}$,[mmHg],23.68741270601534,35.96176081487419,25.34607982658183,25.080559834942584,25.181669191682058,5.586108489058872,11.558457548858167,36.548665641438824,30.605968103916954,32.64332289134386,41.17662559421659,25.133963686364943,24.29229443241178,3.547610541225445,0.31644393625384115,0.5468972345391693,12825.773055603673,1.5047347735606307,0.3398210982229591,1.464102551029334,0.6213618880506897
308.26632332829155,227.11393163954853,265.476924939777,925.8551618395809,183.86416128849038,463.81713160202986,74.39302808725057,41.009226176333705,56.401906264461516,82.4982581308911,183.86643121225015,353.9010373702384,412.299290507344,219.8773473716533,319.8551498627514,75.70021592028156,64.24331227696878,58.76951239722529,5.473799879743492,18.615414285754433,4.990078558646091,1.6669812128816044,0.47683987644501835,39.310016181149514,16.01050993161585,13.367665364101004,9.931840885432656,1.0277549318965808,277.361563725706,0.36018009004502244,39.641520064906054,51.95419391209521,45.65829145728643,$icP_{v}^{syst}$,[mmHg],23.82355855623266,36.141005544134806,25.44779983736852,25.181103472942922,25.282624843811494,5.611097731448542,11.602910446036342,36.74445792433928,30.768223505241416,32.81505006027933,41.397423530580475,25.24789954506689,24.423155577426304,3.5652204078014003,0.31644393625384115,0.5468972345391693,12870.491290194326,1.5085134687586799,0.34016098577421616,1.4677754608045763,0.6219833714479197
309.3401735560754,227.91865693896494,266.405862701537,931.0475096687663,184.50205848530487,466.06779444286997,74.70956206417145,41.21261882887649,56.65563125470436,82.87192773941678,184.5043870410264,355.04593409251635,414.4105838070312,221.05296165006806,321.32973131354316,76.02056626397969,64.83850732340161,59.321196518672565,5.517310804729047,18.779840574654386,5.049914107732835,1.6803972498601805,0.4811112073467491,39.45847357184615,16.07259622167532,13.419536081280857,9.966341268889966,1.027758329730399,279.01997751265174,0.36018009004502244,39.586957237810374,51.966342752977155,45.89949748743718,$icP_{v}^{syst}$,[mmHg],23.959881447119763,36.3203265029662,25.549446848282123,25.2815740538909,25.3835071316954,5.636083393252865,11.647325371772798,36.94047490972129,30.930622396521766,32.98694130244107,41.6184902147245,25.361848659014175,24.5541549821871,3.582827175564063,0.31601515043235895,0.5468972345391693,12915.144093971341,1.512286528417649,0.3404996772020277,1.4714417627871246,0.6226026677369143
310.4127682162966,228.72251535075193,267.3337502009927,936.2482234554792,185.13928349351966,468.3205120747471,75.02624047221708,41.416307874671205,56.9095241313537,83.24594388398855,185.14217427226265,356.19057188604353,416.52481124677695,222.2307752852643,322.80519753102556,76.34132021432318,65.43684396725105,59.87583619989926,5.561007767351794,18.945002699383743,5.11021526805498,1.6938670149470823,0.4854044351959232,39.606856659395845,16.134662859145692,13.47139089419423,10.000802906055926,1.0277616894332382,280.6813851671598,0.36018009004502244,39.5326018656151,51.9784039459347,46.14070351758794,$icP_{v}^{syst}$,[mmHg],24.09643568563531,36.49982400138343,25.651059410716258,25.382010057169403,25.484354653627545,5.661079406770902,11.691720924277547,37.13677879189346,31.093230797808456,33.159078270905226,41.839919357112706,25.47592129188095,24.68536631707388,3.6004471167990304,0.31601515043235895,0.5468972345391693,12959.749844546375,1.5160552632093576,0.34083734612449534,1.4751038872108475,0.6232200943778666
311.4829116307008,229.5245975581339,268.25955984469596,941.4505823161032,185.7749948124017,470.57251253188537,75.34250224864152,41.62000892603516,57.16319079640324,83.619410237267,185.77767368498743,357.33282932119107,418.6393148862188,223.40859742004645,324.2796557894114,76.66161661113934,66.03755705816396,60.43274798694412,5.604809071219828,19.110698590457957,5.170906282283555,1.7073640998203625,0.4897127583990796,39.75499853077767,16.196637822042785,13.523172020673654,10.035188688061236,1.0277650062284447,282.34366486733654,0.36018009004502244,39.47850540883725,51.99009395187697,46.381909547738694,$icP_{v}^{syst}$,[mmHg],24.23304734029083,36.679254216067,25.75252049949889,25.482294617502813,25.585049972241176,5.6860474484277,11.736033876197219,37.33314253876528,31.25589001882955,33.33123111924735,42.06142829049327,25.5898490988376,24.816602562638817,3.6180395122706552,0.31601515043235895,0.5468972345391693,13004.249636868119,1.5198152213781586,0.3411755133806025,1.4787575099052792,0.6238384322204269
312.5518262416191,230.32581201858898,269.1843494521542,946.6598330456361,186.40989079102607,472.82629760836613,75.65895702815418,41.823965520333154,57.41704434823875,83.99317977447184,186.41298656935206,358.47537904915964,420.7564821074733,224.58827731046404,325.7553894594336,76.98250757507537,66.40185802488288,60.753047916607,5.648810108275886,19.277112308110336,5.134695788071372,1.7209199285983645,0.4940435300503698,39.90302970788007,16.258577328676328,13.574920880092714,10.069531499111033,1.008643482166012,278.7237673083094,0.36060887586650464,39.424603016777674,52.001615024106925,46.62311557788944,$icP_{v}^{syst}$,[mmHg],24.369865832533947,36.85884241312848,25.853945692426212,25.58254428433382,25.68571079822322,5.711029662913632,11.780350171201542,37.52976946887727,31.418782983467644,33.503613757137714,42.28332163875922,25.703837645192138,24.948026204323053,3.6356570478165104,0.31601515043235895,0.5468972345391693,13048.692355371824,1.4952198412088087,0.34151289633116444,1.482406685460256,0.6244553359625828
313.6196142128962,231.1262410704528,270.1081953939421,951.8785154844702,187.04421744997066,475.08240082506774,75.97551632159949,42.028236333830634,57.67107606383269,84.36725569943623,187.04741582513003,359.61753785306746,422.8766832623405,225.77009634284244,327.23244638528547,77.30369815328073,67.00601104012357,61.313021143293305,5.692989896830264,19.44428130643521,5.1951581827084095,1.7345264140499634,0.49839630823876174,40.050947883572796,16.320476844761483,13.626635132274494,10.103835906536814,1.008643482166012,280.3599875416962,0.36060887586650464,39.37090010598879,52.01287371628518,46.8643216080402,$icP_{v}^{syst}$,[mmHg],24.50693231155799,37.0386147488092,25.955338296130023,25.68276085508578,25.786339200696283,5.736024108586227,11.824661756250217,37.72671369567992,31.581921301625,33.67625500101772,42.50559713804965,25.8179188863596,25.07966959896835,3.653284515132847,0.31601515043235895,0.5468972345391693,13093.095221497946,1.498896845697382,0.3418506110252747,1.4860521801802309,0.6250728462968504
314.6856753248605,231.9254727384677,271.03058906716586,957.1021705960414,187.67755523061876,477.33936558051835,76.29204680127052,42.232342222614434,57.925135619439416,84.74131122711962,187.6808384682032,360.7588062246993,424.9984994116603,226.95296180319278,328.7100154951481,77.62495103857624,67.61297663733427,61.875648104396454,5.737328532937809,19.612097794807386,5.256051841126131,1.748177786017327,0.5027687720874733,40.19866182858824,16.382297296713205,13.678282577481026,10.138081954394002,1.008643482166012,281.9982831552262,0.36060887586650464,39.317426712203776,52.02391049916765,47.10552763819095,$icP_{v}^{syst}$,[mmHg],24.644112204163516,37.21845336765181,26.056658532016222,25.78290427671243,25.886894470085668,5.7610188351615434,11.868953773052123,37.923854828295326,31.7451882501922,33.84904053448336,42.72810995465027,25.932017921084274,25.211437454908776,3.670910302242841,0.31601515043235895,0.5468972805851031,13137.428866143313,1.502567969881672,0.3421880945618101,1.4896918449866763,0.6256898812802963
315.750223657603,232.72360483196164,271.95171033739064,962.3322145023898,188.30994715390295,479.5975594342295,76.6085437300547,42.43658087428685,58.17925184398722,85.11541635802746,188.31347048126796,361.89939213661154,427.12228862323434,228.1370040796409,330.18775072902224,77.94629428972334,68.22284795195489,62.441015002506276,5.781832949448613,19.780590680207087,5.317382898047494,1.7618765947633208,0.5071611895653831,40.346277220726975,16.444088735848833,13.729906333208081,10.17228215167006,1.008643482166012,283.63878180537097,0.36103766168798684,39.26415876178519,52.03475733117078,47.346733668341706,$icP_{v}^{syst}$,[mmHg],24.781419113408223,37.398392005789944,26.157903344448652,25.88297290634772,25.987374653770626,5.786011292755499,11.913203799508997,38.121221602370284,31.908635706527647,34.02200051134346,42.95088539568536,26.046065032762062,25.343348566853788,3.6885362187302198,0.31601515043235895,0.5468975012201812,13181.696300773207,1.5062336647227519,0.34252509013871163,1.4933261269761935,0.6263058239880508
316.81363959432645,233.52074674554328,272.87174742515174,967.5690252419183,188.94153538642917,481.8573665286279,76.92503732868981,42.641048973315804,58.43343606942281,85.48960443648721,188.94530260377758,363.03907216534304,429.248397364077,229.3228883149007,331.66604476222494,78.26782839500487,68.83568138572824,63.0091829496439,5.826498436084341,19.949786155217158,5.379150003174673,1.7756206747273344,0.5115738114858124,40.49382417366587,16.505863161088676,13.781518797986857,10.206442214590334,1.00864660640668,285.28185150508125,0.36103766168798684,39.21109201828584,52.04544554304172,47.58793969849246,$icP_{v}^{syst}$,[mmHg],24.91892441822178,37.57844623330801,26.259107392490552,25.982999689253155,26.087812518402234,5.81100521562071,11.95741686688047,38.318832612683316,32.07228523200889,34.195162072059965,43.17396183358064,26.160086260176676,25.475438060586505,3.7061665599822624,0.3155863646108768,0.5468977227466534,13225.907477050041,1.509894851450285,0.342861650262513,1.4969513027256496,0.6269209689529852
317.875127311414,234.3164254183959,273.79008907777325,972.8091759677951,189.57185663208986,484.11721715280686,77.24127078546198,42.84562553068197,58.68751910514869,85.86348933507625,189.57492447745358,364.17696586451115,431.37547523127574,230.50993759787085,333.1438235314743,78.58925819492413,69.45108641160869,63.579799862318794,5.871286549289897,20.11956945626631,5.441324796708811,1.789397564077324,0.5160034722193816,40.6411851927901,16.56757018778995,13.833077463391158,10.240537541608989,1.0086497203157718,286.92626976639326,0.36103766168798684,39.158255462799076,52.05571528320747,47.82914572864321,$icP_{v}^{syst}$,[mmHg],25.056533508598992,37.75853182368263,26.360197765755256,26.082912900451923,26.188136285890824,5.835981942278193,12.001578190207399,38.516559415616925,32.236062153123015,34.368417697859954,43.39719701131846,26.274023824092293,25.607624672784098,3.7237842928279745,0.3155863646108768,0.5468979426355035,13270.02996424629,1.5135488719891752,0.34319927851460236,1.50056936665321,0.6275380683655959
318.9363887363935,235.11211158618394,274.7082833532779,978.0620655116691,190.20206940494916,486.3810076055286,77.55774316333543,43.05059486497816,58.94185808310285,86.2379172925009,190.2045664771362,365.3147176015271,433.50665680881474,231.69909210510156,334.6231875079983,78.91077150577091,70.0701280051394,64.15385847048046,5.91626953465894,20.29022979222592,5.504021618538494,1.803230082726726,0.52045671998016,40.78851509381548,16.62926757237528,13.884623626978154,10.274623894462035,1.008652803728717,288.5750081264627,0.36103766168798684,39.105570824264056,52.06594678854546,48.07035175879397,$icP_{v}^{syst}$,[mmHg],25.19447972349067,37.93888340198582,26.461190725235515,26.182734198450632,26.288372069599742,5.860978487582146,12.045736325174575,38.71473911824319,32.40013125163586,34.542018027506025,43.62093078417327,26.38802778391994,25.740087676427827,3.741404232003698,0.3155863646108768,0.5468981625032846,13314.14485834644,1.5172022524743036,0.34353611813755364,1.5041868191568166,0.6281537253025428
319.9950242680751,235.90582470400167,275.6242390399718,983.3150902287075,190.83070806956152,488.64362920509274,77.87399746642323,43.25559484620034,59.196087275569965,86.61205428841305,190.83300369043656,366.4513246070392,435.63791215523065,232.88875290755038,336.1020755029315,79.23247289354474,70.6914526476436,64.73005904461283,5.961393603030776,20.46138411429729,5.567095172130691,1.8171025578884075,0.5249273620428021,40.93562875756481,16.69088794737637,13.93610967921272,10.308631130975712,1.0086558493937967,290.22420461328386,0.36103766168798684,39.05314561861736,52.07594866659975,48.311557788944725,$icP_{v}^{syst}$,[mmHg],25.33245736587086,38.11917300094951,26.562162515189417,26.282528983001345,26.388577314896807,5.885960943729697,12.08984373691223,38.91293751775293,32.56424031412241,34.71563786085752,43.84472670835749,26.50204283480313,25.87257984235562,3.7590269628061708,0.3155863646108768,0.5468983821602149,13358.149564869307,1.5208464484001782,0.34387233670764383,1.5077952002302952,0.6287682463959197
321.05240620506544,236.69859694249323,276.5391327998842,988.5760828171686,191.45866499117287,490.9081482387989,78.19050763567145,43.46088022606655,59.45055086198987,86.98663627836729,191.46141866813159,367.58853442268094,437.7718875328678,234.0799985713063,337.5826457039898,79.55477319254634,71.05665033293694,65.04992208621914,6.006728246717803,20.633265190870283,5.525239722226929,1.8310369932399408,0.5294216436372151,41.08256065682223,16.752439125009257,13.98753206460158,10.34258946721139,0.9897791027228693,286.4128533116894,0.361466447509469,39.00091405654141,52.08579722673691,48.552763819095475,$icP_{v}^{syst}$,[mmHg],25.47064830435053,38.29962536503319,26.66309810259072,26.382288168135386,26.488747938502698,5.910962023349347,12.133974638193592,39.111414195164855,32.728567638927096,34.88949006615561,44.06887186757123,26.616250290241467,26.00525436061693,3.77667033816647,0.3155863646108768,0.5468986021376611,13402.1065493821,1.4959513758486427,0.3442078583120062,1.5113992321451324,0.6293814922301901
322.10788668096666,237.49004604103902,277.4524265886254,993.8403068795294,192.08545456423377,493.17289196056595,78.50673005094833,43.666072707386604,59.7048923278405,87.3609876986678,192.0881065373984,368.7237294510956,439.9068932623932,235.27240335273012,339.0624529147519,79.87665926958468,71.68074333633899,65.62856370991467,6.05217962642432,20.805742457487977,5.58798262784319,1.8450022494759049,0.5339325580136561,41.229362960406185,16.81394755593203,14.038923635593912,10.376491768880248,0.9897791027228693,288.03447035003524,0.361466447509469,38.94890771482081,52.09540129770123,48.79396984924623,$icP_{v}^{syst}$,[mmHg],25.608897911983764,38.48009353523196,26.7639239723892,26.481937468549894,26.588807952663164,5.935944206279857,12.178029424816343,39.31002094364435,32.89300418716976,35.06343903354263,44.29317836698946,26.73032672881471,26.13803123353734,3.7942914692043,0.3155863646108768,0.5468988219625291,13445.981819496365,1.4995121364263213,0.3445434684289299,1.5149967627131984,0.6299948995913843
323.16270156094276,238.28105226804308,278.3651799173098,999.1152113183816,192.71184436472063,495.4405768611092,78.8232614391627,43.87141194584061,59.95952334367906,87.73575287851386,192.71473306248146,369.85946930907454,442.04547772840067,236.46688028291578,340.5441084392886,80.19897991845579,72.30822758126321,66.210384619803,6.097842961460217,20.979025028317047,5.651212622009373,1.859029105635649,0.5384680331693174,41.376121632267626,16.875446342967763,14.090305111182316,10.41037017811755,0.9897791027228694,289.65949216423564,0.361466447509469,38.89706523144653,52.10485307365177,49.03517587939698,$icP_{v}^{syst}$,[mmHg],25.74739239267017,38.66079588266604,26.86476394031985,26.581600390418668,26.68888210995019,5.960951565864123,12.222103500586762,39.50899636404925,33.05773422014093,35.23769182771044,44.51792449317156,26.844524770444497,26.27104850003582,3.8119346835495387,0.3155863646108768,0.5468990404122154,13489.829105530443,1.5030705202324504,0.3448787429511752,1.5185918919661194,0.6306076944132669
324.2151642245441,239.0703342945,279.2759329604352,1004.3906020480861,193.33678014498543,497.707489999975,79.13937320665399,44.076762227913896,60.21392265369114,88.11008648492502,193.3395465437647,370.9928668182635,444.18426857289614,237.66167685814128,342.02427213300393,80.52091520117415,72.93803915690543,66.79443021349022,6.143608943415213,21.15282951957299,5.714825038756366,1.8730828653794371,0.5430183311308121,41.52269054155153,16.936877210406887,14.14163462505121,10.444178706093432,0.9897791027228693,291.28519436597105,0.36189523333095114,38.845463254932156,52.11408731437282,49.27638190954774,$icP_{v}^{syst}$,[mmHg],25.88592975351059,38.84142815920218,26.96545470259262,26.681114859193308,26.78880645940316,5.985927768101994,12.266085196752732,39.708013506274916,33.22250239062196,35.411958883582415,44.74272236677621,26.95852091258358,26.404096044799374,3.8295527573715673,0.31515757878939465,0.5468992591164386,13533.57461014898,1.5066206965251672,0.3452136964996012,1.522178728951211,0.631219901554306
325.2660432313029,239.85847705526018,280.18534398561087,1009.6726364057765,193.96087081380307,499.97551624791913,79.45559783764887,44.28231646601195,60.46843886664224,88.48468180041426,193.96393919807258,372.1262096060434,446.32494668069427,238.85730873304675,343.5054171975625,80.84310234791116,73.57071264452811,67.38115377235823,6.189558872169877,21.32729748806938,5.778862581994941,1.8871898106149918,0.5475902187223562,41.66904931839082,16.99822692296153,14.192892072281374,10.477930323147916,0.9897817344418934,292.91303730475863,0.36189523333095114,38.79407381173144,52.12315988261488,49.517587939698494,$icP_{v}^{syst}$,[mmHg],26.024636530125278,39.022140981081286,27.066079936155536,26.78056358930458,26.88866566873711,6.010912682254251,12.310060416231542,39.90723736044468,33.387399218026474,35.58638174998567,44.967789120799075,27.07261270616877,26.53726505302211,3.8471796508400224,0.31515757878939465,0.5468994779742978,13577.260956966215,1.5101656126608487,0.34554801366991217,1.5257561946345506,0.6318309444174521
326.3164008804305,240.64636414456905,281.09434991798685,1014.9647088437388,194.58464230045195,502.2466543921729,79.77191580247519,44.48822469331035,60.72314265489913,88.85945674345277,194.58723523374124,373.2588341069779,448.46924858024084,240.05573061858675,344.98806416674626,81.16549208527167,74.20679004175568,67.97111219820773,6.235677843547954,21.502582459965225,5.843398108411904,1.9013431942240833,0.5521843844539471,41.81539505720187,17.05957699834753,14.244152318270947,10.511665740583396,0.9897846012176202,294.5444780705449,0.36189523333095114,38.74284489479407,52.1319838817188,49.75879396984924,$icP_{v}^{syst}$,[mmHg],26.163630098231526,39.20312021208643,27.16671594569362,26.880021764572618,26.988534887180045,6.035900263953645,12.354046434621662,40.106826210833674,33.552591851957565,35.76111170221523,45.193324180650336,27.186761858271957,26.67070260947195,3.8648117573922316,0.31515757878939465,0.5468996964021136,13620.924961031636,1.513708762358276,0.34588310983364223,1.5293314934341582,0.6324434116696386
327.3647218099423,241.43262109076008,282.0015023971729,1020.2589519016816,195.20703560677399,504.5172995738621,80.08813130505094,44.6942070734876,60.977801578442666,89.23405956947327,195.2096145412082,374.390760205716,450.6141069135176,241.2550225546095,346.47037547364374,81.48822460838576,74.84531811835836,68.56336546829955,6.281952650058818,21.67840897351425,5.908324956688817,1.9155412689447116,0.5567972066889545,41.96155613299214,17.12086624208028,14.295360445503409,10.545329445408449,0.9897874342999279,296.17674487543906,0.36189523333095114,38.69184184004287,52.1406068979765,50.0,$icP_{v}^{syst}$,[mmHg],26.302688236491665,39.38407569059129,27.267230991166617,26.97936086958684,27.0882842950663,6.060875305473196,12.39797101910982,40.306466896227654,33.71787983179664,35.935898593245426,45.41896101304966,27.300816661929513,26.8041980491183,3.8824543431033858,0.31515757878939465,0.546899914616137,13664.492492474179,1.5172442117919303,0.3462175261243286,1.5328990439902586,0.6330546355402795
