STK_syst_list,DTK_syst_list,MAP_syst_list,Plvmax_list,SV_lv_list,EDV_lv_list,STK_pulm_list,DTK_pulm_list,MAP_pulm_list,Prvmax_list,SV_rv_list,EDV_rv_list,maxVla_list,minVla_list,maxVra_list,minVra_list,Eout_total_list,Eout_lv_list,Eout_rv_list,SW_lv_list,PE_lv_list,SW_rv_list,PE_rv_list,Ein_total_list,Ein_LAD_list,Ein_LCX_list,Ein_RCA_list,Ees_lv_list,Pes_lv_list,LVET_list,EF_lv_list,EF_rv_list,var,var_name,var_unit,Plvmin_list,EDP_lv_list,Pv_syst_max_list,Pv_syst_min_list,Pv_syst_mean_list,Prvmin_list,EDP_rv_list,Pv_pulm_max_list,Pv_pulm_min_list,Pv_pulm_mean_list,Plamax_list,Pramax_list,Plamin_list,Pramin_list,RVET_list,Ees_rv_list,CO_list,Ea_lv_list,Ea_rv_list,VAC_lv_list,VAC_rv_list
80.21467080531433,55.42875987877756,68.80472739211095,85.49622923999002,47.92416872723604,86.95830483976805,16.347894639909242,7.088659121014943,11.35494674569957,16.6109837635195,47.92500667768761,129.44095805624102,70.10269300070792,34.885832681000636,65.47697175650462,24.101366424948683,2.757388181794745,2.2861367662157734,0.47125141557897177,0.5046661099054947,0.14010493327164902,0.08950155932153063,0.02076324375935221,9.171299326757504,3.6055688562017942,3.00582935660924,2.559901113946469,2.954055717001742,78.79231414901218,0.2911455727863932,55.11166393542576,37.02460751013956,2.0,$icP_{v}^{syst}$,[mmHg],2.905204799731484,6.129464127125604,5.757281349557697,5.713794412647398,5.730456168866054,1.1549453771007403,2.919362655214753,5.654005553775232,4.819753094082022,5.2068730941620025,6.524297386163433,5.365119537872693,3.7118328383992347,0.5949191331161373,0.33102265418423493,0.5529670803247111,3354.6918109065227,1.6441039300538418,0.27383115541169845,0.5565581991535851,0.4952033586717322
81.86650926571295,56.59592277651717,70.23997855014004,87.3061871790127,48.920851886649395,88.4927478908137,16.675811104422245,7.239684817919531,11.591501560298719,16.960995845819237,48.92171089842375,130.89176499763767,71.49465401679753,35.572815688462974,66.56408818720404,24.3485015779542,2.8348757841336547,2.3525115717083054,0.48236421242534916,0.5258145289417366,0.14593814248440387,0.09316697664199201,0.021615223530914142,9.362553901761215,3.6807575814308295,3.0685157527493505,2.6132805675810338,2.9540562515465303,80.41583736582065,0.2911455727863932,55.282328837850216,37.3756980810112,2.241206030150754,$icP_{v}^{syst}$,[mmHg],2.963487025454202,6.251798963652285,5.88140453506513,5.837111738498237,5.854032680741743,1.1768218191579405,2.975241777034047,5.7718590955915605,4.920551067878003,5.315564557522865,6.657129433108029,5.477576028874033,3.789800194045577,0.610887353372255,0.33102265418423493,0.5529670803247111,3424.4596320654578,1.6437947064402267,0.2737005488890667,0.5564534208106751,0.494967166451112
83.51664716811149,57.76186367589539,71.67366895694454,89.11614076584182,49.91652402713426,90.02581006163435,17.003374002850546,7.390777409018174,11.827966759532845,17.31124122400399,49.91748370769255,132.33996798385053,72.88686953381134,36.26052897197666,67.65237008322437,24.59733626838956,2.913890366550643,2.4201965236582357,0.4936938428924075,0.5473826084752303,0.151884271060638,0.09690415746688512,0.022483583546288637,9.553581956826102,3.7558575039899376,3.131127579680301,2.666596873155866,2.95405677157589,82.03772725536172,0.2911455727863932,55.44690349685265,37.71912935159845,2.4824120603015074,$icP_{v}^{syst}$,[mmHg],3.02175769085034,6.374018755166876,6.005531847251795,5.960431873885036,5.9776101009778495,1.1986523818836192,3.0309790126785328,5.889780778626068,5.021402374108644,5.424299862449059,6.7899440759298875,5.590074443070424,3.8678323256714116,0.6269342696440243,0.33102265418423493,0.5529670803247111,3494.156681899398,1.6434983976601938,0.27357570119829966,0.556353017136987,0.49474138865129486
85.16598275964331,58.92723915392523,73.10657514496211,90.92695774672,50.91130731925762,91.55828262344242,17.330410030511135,7.542051569157847,12.064414880257011,17.661469915087288,50.912139689894566,133.78468996889086,74.27990699152176,36.949332609016395,68.74192916930825,24.847654812805395,2.9944591384699977,2.489223193912209,0.5052359445577888,0.5693802311540643,0.15794627043626455,0.1007116754908036,0.023367976768460086,9.744490320778509,3.8309100997114562,3.193700582632919,2.719879638434133,2.9540573191110293,83.65886104399445,0.2911455727863932,55.605354164017896,38.05528099047301,2.7236180904522613,$icP_{v}^{syst}$,[mmHg],3.080043948604187,6.496180222770613,6.1296930119532025,6.083784718918283,6.101218893086223,1.2204076047228918,3.0865414566163576,6.007825392102205,5.1223472822499785,5.5331240231307985,6.922804253476426,5.702565414027232,3.9459697865073156,0.6430526839821055,0.33059386836275273,0.5529670803247111,3563.7915123480334,1.6432275156358007,0.2734554895866482,0.5562612157201813,0.4945239948571094
86.81419218165422,60.09184514914227,74.53842007965123,92.73826688436722,51.905394269694334,93.08983315176337,17.65680447774886,7.693502024481345,12.300826617576925,18.011600644643238,51.90619493521805,135.22452441917474,75.67339811761467,37.63903770641918,69.8323015007272,25.099596557232076,3.0765633836427084,2.55957797280153,0.5169854108411784,0.591803240785923,0.1641227644179512,0.10458805209244156,0.0242678059730781,9.935250469091933,3.9059048426354743,3.2562256354158627,2.773119991040598,2.9540578313251773,85.27892346800391,0.2911455727863932,55.75839220280212,38.38519318752937,2.964824120603015,$icP_{v}^{syst}$,[mmHg],3.138326012972976,6.618266334803176,6.2538466196618385,6.207130185255486,6.2248188334737,1.242028586186148,3.141883008128895,6.125967590189103,5.2233669575505415,5.642009642005903,7.055674317534956,5.8149516611159955,4.024191282321425,0.659224763926217,0.33059386836275273,0.5529670803247111,3633.3775988786033,1.6429684172112178,0.2733339032888908,0.5561734099410605,0.4943041150449404
88.46020649745292,61.254799339507464,75.96827321868032,94.54902590183143,52.89820070116491,94.61945692260949,17.98296683927742,7.844883766842467,12.537040828313948,18.362106479244634,52.89891416246154,136.66331868827362,77.0666482491716,38.329096900264396,70.92392686035903,25.35345789683343,3.160165514025696,2.6312111654611323,0.5289543485645634,0.614635777352272,0.17040941185957034,0.10853698316372652,0.025184296740567495,10.12573752146539,3.9807936109570523,3.31866290177284,2.8262810087354997,2.9540583714458615,86.89686850405774,0.2911455727863932,55.90626116616908,38.70747079040495,3.2060301507537687,$icP_{v}^{syst}$,[mmHg],3.19654466063777,6.740192507091292,6.37801491594204,6.3304890123692665,6.348429359997155,1.2636837116763866,3.197142626650185,6.244112014627251,5.324390260681931,5.750888616000521,7.188458630258073,5.927581319284589,4.1024329383772375,0.6754767461100349,0.33059386836275273,0.5529670803247111,3702.8740490815435,1.64271879482177,0.2732219559799468,0.5560888067413992,0.4941016666299674
90.10435657351792,62.416456448180995,77.39644535212398,96.35941850774354,53.889497879285685,96.14740102501864,18.30896250388805,7.996218433616259,12.773093858015454,18.712993356943816,53.890171661231456,138.10156270811726,78.45985295476734,39.01960630802807,72.01714108302099,25.60918111035655,3.245275588785603,2.7041310434651242,0.5411445453204786,0.6378803490704371,0.1768070669722962,0.11255903340944422,0.026117611029774744,10.315966199027901,4.0555799057698465,3.381014367680728,2.879371925577327,2.9540589065575187,88.51302564896562,0.2911455727863932,56.04883471084469,39.02213023840311,3.4472361809045227,$icP_{v}^{syst}$,[mmHg],3.2547280854134817,6.861979964153725,6.502221064703091,6.453882924774137,6.472072746157168,1.2853742524032246,3.252346908220782,6.362273772175041,5.425424872312487,5.859775327140386,7.321175760196348,6.040508452468909,4.180704785737282,0.691818321594917,0.33059386836275273,0.5529670803247111,3772.2648515499977,1.6424911927596324,0.27312068781879834,0.5560116587768699,0.4939185306626527
91.74650970816299,63.57673138210028,78.82281525255263,98.1691572395762,54.87922192877062,97.67355773265612,18.634761756993935,8.147451597149363,13.008975126640943,19.06421473528391,54.8800058112799,139.5388871140412,79.85284171948997,39.71045733543999,73.11199861627786,25.86712344221849,3.33188290994218,2.7783275052819443,0.5535554046602358,0.661533807646611,0.18331477173629332,0.11665403266110053,0.02706767655037744,10.505917680898516,4.1302563017352325,3.4432734807723215,2.9323878983909633,2.9540594199636097,90.12725532941008,0.290716786964911,56.18636527910801,39.32954242814623,3.6884422110552766,$icP_{v}^{syst}$,[mmHg],3.312879209033167,6.983623770629551,6.626456284456438,6.577303335416399,6.595740386959096,1.3070976492759443,3.307492845398359,6.480439923117997,5.526455578139179,5.968656844085886,7.453819872196214,6.153677432168456,4.258995268557439,0.7082490834125433,0.33059386836275273,0.5529670803247111,3841.545535013943,1.6422837671858566,0.2730290010234679,0.5559413450140036,0.49375272188561553
93.38673979651256,64.73568261326078,80.24743718434803,99.97873174260849,55.86798194029816,99.19798603175498,18.96034355309746,8.29859003338086,13.244662573341182,19.41584347250713,55.86864567571706,140.97521496153476,81.24573588064912,40.40163845758038,74.20810285239142,26.127131154745044,3.4199872034516807,2.853801816570072,0.5661853868816088,0.6855968179000018,0.18993237582766961,0.12082147659397395,0.028034371731883306,10.695636621782144,4.204842960166021,3.505458966408838,2.9853346952072872,2.9540599523757116,91.739623598349,0.290716786964911,56.31967358935479,39.63011916027997,3.92964824120603,$icP_{v}^{syst}$,[mmHg],3.37099344014569,7.105123269236022,6.750721446240496,6.7007524393705875,6.719434033109113,1.3288509331884464,3.3625628498397737,6.5986054985396,5.627490491396861,6.077530430875457,7.586384678502542,6.267060459123738,4.337303020346497,0.7247580055624276,0.33059386836275273,0.5529670803247111,3910.758735820871,1.6420787079151011,0.27294472778761564,0.5558718287333708,0.49360031998168524
95.02490924734478,65.8932019199861,81.67019814003154,101.78749836111788,56.85514650188066,100.7205550065135,19.28569634331433,8.449648704011793,13.48014554076718,19.76777617512899,56.85573127254061,142.41075400675558,82.63826100994606,41.093043224780686,75.305716693581,26.388815873834204,3.5095750513412054,2.930541116073514,0.5790339352676912,0.710065063920891,0.19665896700330163,0.12506115880209115,0.029017676672580095,10.885084048285258,4.279322916551507,3.5675557035618457,3.038205428171903,2.9540604878792704,93.35001018970551,0.290716786964911,56.448404695748444,39.92376254804712,4.170854271356784,$icP_{v}^{syst}$,[mmHg],3.4290688186274263,7.226470326031545,6.875014664239811,6.824227881011826,6.843151455777231,1.3506348562246973,3.4175699849987944,6.716753953799373,5.72850806698018,6.1863824870977755,7.718841588448825,6.380691285773172,4.415616131321705,0.7413493495310117,0.33059386836275273,0.5529670803247111,3979.860255131646,1.6418919998142592,0.27286919430617246,0.5558085240810281,0.4934637232761475
96.66136587569603,67.0495476165982,83.09140678370828,103.59619379885126,57.841071072523754,102.2415647756818,19.610879256799162,8.600653100833586,13.715473152281191,20.120067881252393,57.841630208209736,143.84550252400714,84.03058766588008,41.784766989856266,76.40506701908502,26.65276176073194,3.6006621184140934,3.008558480732736,0.5921036376813573,0.7349428283013116,0.20349557850061373,0.1293739747671835,0.03001774786751458,11.074288971751454,4.3537065788523135,3.629571551195802,3.091010841703339,2.9540610071323066,94.958756706489,0.290716786964911,56.57295171433182,40.21094103971463,4.4120603015075375,$icP_{v}^{syst}$,[mmHg],3.4871080649990787,7.3476890913351935,6.999354639398061,6.947746913688854,6.966910365861668,1.3724504428264352,3.47252726788119,6.834904122736812,5.8295248114010265,6.295230761364644,7.851212074776804,6.494647332645937,4.493945704887532,0.7580330701801686,0.33059386836275273,0.5529670803247111,4048.874975076663,1.6417185046145741,0.2728010061609868,0.5557496953010778,0.49334041006707613
98.2957915902189,68.20451149211394,84.51079580316777,105.40425924630692,58.825616815195325,103.76068957790216,19.93582115318376,8.751574193368306,13.950592452504706,20.472696909717154,58.82612664824475,145.27926502019568,85.42241289829146,42.47665181052875,77.50585759472126,26.91892469655658,3.6926146942975713,3.087223129695693,0.6053915646018784,0.7602239780276872,0.2101919283526758,0.13375892844514395,0.031034390498709083,11.263236990142937,4.4279900463971495,3.6915042432320826,3.1437427005137053,2.9505726453907344,96.45149734505638,0.29114557278639314,56.69354844739137,40.49175678309439,4.653266331658291,$icP_{v}^{syst}$,[mmHg],3.54510111992066,7.468758455284291,7.123724118448123,7.071293650900344,7.090694455064459,1.394300142799888,3.5274200300532956,6.953026979333385,5.930517119729855,6.404051215192927,7.983462921320848,6.6089266149459105,4.572274303373485,0.7748063915658543,0.33059386836275273,0.5529670803247111,4117.793177063672,1.6396172716397572,0.2727399749551887,0.5556945951495555,0.49323003965268863
99.92831335685408,69.35816250673831,85.92845965295058,107.21180742160722,59.8088081259981,105.27805978006083,20.260529826766515,8.902412577889335,14.185516600088732,20.825615524158938,59.80932292396467,146.71235564008694,86.81373646593734,43.16867757362279,78.60820806067663,27.186820304478083,3.7866367437994803,3.1677386926203344,0.6188980511791458,0.7859090002598055,0.21723680974846074,0.1382161846979964,0.03206757594393276,11.451933216384198,4.502174613166332,3.753354633623257,3.1964039695946114,2.9505726453907344,98.05453060999336,0.29114557278639314,56.81032520066028,40.76638444187224,4.894472361809045,$icP_{v}^{syst}$,[mmHg],3.603049618991456,7.589681581813628,7.2481269694679105,7.194871692974141,7.214507466539688,1.4161700988728392,3.582253667609544,7.071131447268304,6.031486504059439,6.512844495251256,8.115599654152899,6.723472879546534,4.650600400671669,0.7916656715058671,0.33059386836275273,0.5529674673405804,4186.616568819867,1.6394663876836288,0.2726853283404374,0.5556434579723828,0.4931308701610952
101.5590226422042,70.51056507879564,87.34448719466356,109.01892578642651,60.79073997771032,106.79376574962716,20.585032002087356,9.053181679477333,14.420254262357876,21.178869433002756,60.791223787643624,148.14444894186465,88.20473030240164,43.86087723226152,79.71218115181803,27.45679711744954,3.8821386487924987,3.2495154862408038,0.6326231625516949,0.8119984499191287,0.22438995912184845,0.14274574074423646,0.03311733346376959,11.640385908984115,4.576263285419261,3.815124918264931,3.248997705299924,2.9505726453907344,99.6558199108486,0.29114557278639314,56.92349132086163,41.03510068845004,5.135678391959798,$icP_{v}^{syst}$,[mmHg],3.660955819192867,7.71047045462287,7.372569508841091,7.318486992191441,7.338355494676182,1.4380802098009333,3.6370339603443633,7.189213941645795,6.132438119216469,6.621615735960005,8.247622977687804,6.838286509249585,4.728927616757551,0.8086066371707669,0.3301650825412706,0.5529680083612125,4255.351798439722,1.6393256595887573,0.2726368770142321,0.5555957627918925,0.4930427671977343
103.18778555552169,71.6616295160039,88.75876108006554,110.82545076915368,61.77129892345556,108.30767010444883,20.909290651718567,9.203861689186574,14.654784178340671,21.532391964843733,61.77176415029906,149.57548162251956,89.59524615556113,44.553167242016634,80.81768729011964,27.72899682918398,3.9791081213826236,3.332542345471177,0.6465657759114465,0.8384887185214008,0.231650446304281,0.14734721105391707,0.034183592162118095,11.828589529289562,4.650254761534201,3.8768146735069973,3.3015200942483656,2.9505726453907344,101.25524469683182,0.29114557278639314,57.03317120928285,41.29805465456641,5.376884422110553,$icP_{v}^{syst}$,[mmHg],3.718808444339023,7.831113136398794,7.497046233449486,7.442134931688129,7.462233682451401,1.4600033927949423,3.6917543956769996,7.3072618337124915,6.233360643104618,6.730353688358095,8.37952239952072,6.9533570507047315,4.807246833315901,0.8256386987074421,0.3301650825412706,0.5529685520827402,4323.990924641889,1.6391956533454661,0.27259435760715967,0.5555517014319751,0.4929653894067589
104.81480999181505,72.81151667759858,90.17146662307532,112.63179416875705,62.75065329778127,109.81994231825644,21.23332988144599,9.354471717694834,14.889132274703233,21.886243767063313,62.751087885328104,151.0059779870653,90.98528141551692,45.24556946163483,81.92491484813814,28.00343839653363,4.077552386172769,3.4168253922615097,0.6607269939112597,0.8653818098040092,0.23901875615595383,0.1520209832679324,0.03526641263095361,12.016558734148157,4.724153887461201,3.9384272417171085,3.3539776049698484,2.9505726453907344,102.85299627198305,0.29114557278639314,57.13957954551723,41.5553666959484,5.618090452261306,$icP_{v}^{syst}$,[mmHg],3.776619348852546,7.951622417278702,7.621567520249553,7.5658249153843355,7.586151769332812,1.4819631251016383,3.746427123459149,7.425290046874697,6.334256823776046,6.839066351995043,8.511307043855417,7.068803906329777,4.885562461606057,0.8427654909196177,0.3301650825412706,0.5529690963092868,4392.5457308446885,1.6390745094540666,0.27255717190093726,0.5555106436760887,0.4928976568854953
106.4399940864725,73.96014178002491,91.5825116276564,114.43764592408927,63.7287217407576,111.33050023176875,21.557120193619667,9.504999958221624,15.12327955522103,22.240350586401835,63.72910929438494,152.43541350544174,92.37472650595066,45.937930997125875,83.03373827441861,28.27952011214061,4.1774612422683814,3.502355975684001,0.6751052665843806,0.8926750140159464,0.2464940817905582,0.15676653823697845,0.036365683951794146,12.204286327663112,4.797958224505729,3.9999609284692186,3.4063671746881625,2.9505726453907344,104.44898046713581,0.29114557278639314,57.24282349229243,41.807286003202854,5.85929648241206,$icP_{v}^{syst}$,[mmHg],3.8343721317911896,8.071991592754777,7.746125573034853,7.689549634727875,7.710102318780818,1.5039488371211231,3.801045369327388,7.543284281174166,6.435122922190646,6.947745702639466,8.642966515631763,7.1845692127871,4.963868463341799,0.8599859274819102,0.3301650825412706,0.5529696420628312,4461.010521853032,1.6389624272086354,0.2725250807662425,0.555472657068436,0.4928391362491412
108.0632680697404,75.10745305455602,92.99184371689125,116.24286018978262,64.70545568897289,112.83927062233006,21.880661868628234,9.655409580256473,15.35721925501876,22.59474134316494,64.70580806563994,153.86382567442445,93.76350748304264,46.6302203290202,84.14419318517935,28.557816325220433,4.278827189716416,3.5891267529923345,0.6897004367240812,0.9203660790958186,0.2540756904132605,0.16158382573829655,0.037481392442224266,12.391765636161798,4.871665187656924,4.061413722514554,3.458686725990321,2.9505726453907344,106.04312415863551,0.29114557278639314,57.34302901118554,42.05394463709573,6.100502512562814,$icP_{v}^{syst}$,[mmHg],3.8920596360195154,8.192218456100658,7.8707192099370396,7.813308232650783,7.834084347843131,1.525953073112857,3.8556113865311747,7.6612362418576545,6.535952086260903,7.05638546541662,8.774497483349547,7.300610194656178,5.042158722467385,0.8772877625714612,0.3301650825412706,0.5529701861386357,4529.381898228103,1.638859088920803,0.2724979581688874,0.5554376339389449,0.49278960240465686
109.6848594492662,76.25362495321052,94.39965159794025,118.04775870672636,65.68101050787187,114.34644872949725,22.20398506699428,9.805716972644234,15.59098452923467,22.94940772995204,65.68136586372145,155.29151092032734,95.15178350225635,47.32259152004435,85.256315286968,28.838383836666676,4.381658662045072,3.6771449361884656,0.7045137258566063,0.9484572559866418,0.2617642627891573,0.16647326484649322,0.03861361558302157,12.579018795474905,4.945283419006899,4.12279228755454,3.5109430889134643,2.9505726453907344,107.63564908629452,0.29114557278639314,57.4403588722284,42.29552888916086,6.341708542713568,$icP_{v}^{syst}$,[mmHg],3.9496977047718893,8.312316322399923,7.995358055701262,7.93710966416053,7.958107186468295,1.5479912143037942,3.9101304193617366,7.779168731871099,6.636757328404246,7.164999208917788,8.905949341470752,7.416920533164269,5.120441507103118,0.8946808733217767,0.3301650825412706,0.5529707332364392,4597.670735551032,1.6387635977889587,0.27247517048042424,0.5554052703460697,0.49274790527461665
111.30455530673841,77.39850141047282,95.80576514113653,119.85206947111587,66.65529400501913,115.85183930946997,22.527042724951034,9.955928243888788,15.824528180250631,23.304339885984742,66.65555369916426,156.7182472927742,96.5394408114422,48.01490393340469,86.37008436557858,29.121156123542768,4.485938856883039,3.7663966185086455,0.7195422383743937,0.9769442472464357,0.2695584432042332,0.1714338732864476,0.039762158573062034,12.766033163274809,5.018808442715375,4.184093830472333,3.5631308900870993,2.9505726453907344,109.22635138438987,0.29114557278639314,57.534946706340804,42.5320949223234,6.582914572864321,$icP_{v}^{syst}$,[mmHg],4.007280636405146,8.432266793863388,8.120030383823053,8.060943098356683,8.082159681492925,1.5700486967453031,3.96459839978618,7.897050945191471,6.737519059469971,7.273568203147802,9.037273844047375,7.533520333196863,5.198703751948074,0.9121673273084367,0.3301650825412706,0.5529712783734531,4665.870580351339,1.638674812178687,0.2724568456435638,0.5553751793702008,0.49271428064941586
112.92255345496054,78.54223423445909,97.21035281999022,121.65612297116265,67.62838787671095,117.3556014653425,22.84988914513353,10.106070933844645,16.057902762964407,23.65952463834434,67.62862722377207,158.14412849475283,97.92666985163274,48.707265185825506,87.4856225139543,29.40559805010971,4.591676361050436,3.8568874394072568,0.7347889216431793,1.0058287655409957,0.27745881145382434,0.17646666668355268,0.04092720390310559,12.95281180418268,5.09224009759185,4.245316861842344,3.6152548447484865,2.9505726453907344,110.81542532544418,0.29114557278639314,57.626893844247384,42.76391913343527,6.824120603015075,$icP_{v}^{syst}$,[mmHg],4.064811168748516,8.55208879865796,8.244749031378094,8.18482035709725,8.206253963131152,1.5921274397526022,4.019026338693864,8.014911891767385,6.838251577782329,7.382110095566975,9.168489246124208,7.650546033971101,5.276957211446197,0.9297510343970088,0.3301650825412706,0.5529718219808571,4733.987151369766,1.6385933304733629,0.2724424438986472,0.555347563813793,0.4926877520136616
114.53874105074308,79.68469978589594,98.61329978547185,123.45968861657745,68.60021269736706,118.85769181390826,23.172469397302887,10.25612619457781,16.291067952209406,24.014977153075336,68.60040669166676,159.5688894883887,99.31317380059497,49.39952991224217,88.60274803919684,29.692239694580653,4.698859529934717,3.9486087575530204,0.7502507723816971,1.035108198955169,0.28546446671679054,0.18157062162413248,0.04210855414078501,13.139358877115317,5.165581504507569,4.306465243615813,3.6673121289919317,2.9505726453907344,112.4027626203853,0.29114557278639314,57.71625853610909,42.9910911278596,7.065326633165829,$icP_{v}^{syst}$,[mmHg],4.122290916785492,8.671771547011806,8.369502072874507,8.308730575513716,8.330378989814365,1.614235798858104,4.073403928455393,8.132725996086918,6.938942901461577,7.490608991651112,9.299580473732249,7.767818374357636,5.355189263595205,0.9474284066934741,0.3301650825412706,0.5529723669168927,4802.014888815694,1.6385191561468648,0.27243191930633637,0.5553224248542036,0.4926682337225735
116.15327226687667,80.82604773275129,100.01476294607335,125.26286450222243,69.57087051208312,120.35819329089658,23.494820336832632,10.406116035606196,16.52405674168772,24.370668721901477,69.57101018738935,160.99299793993575,100.69915662113716,50.091823994097346,89.72167261817181,29.981147109049488,4.8074944348392386,4.0415650332099,0.7659294016293381,1.0647839839757376,0.2935757856217828,0.1867462818919801,0.0433063203963687,13.32568577696241,5.238836409069408,4.367541363347996,3.719308004545007,2.9505726453907344,113.98850893784252,0.29114557278639314,57.80318614781432,43.21368697870035,7.306532663316583,$icP_{v}^{syst}$,[mmHg],4.179718857377102,8.791324776152951,8.49429997958295,8.432683412548469,8.454544706497424,1.636364023074552,4.127740876764922,8.250517102470278,7.039608089354042,7.599080859789629,9.430569536956193,7.885368343233992,5.433412447685879,0.9651891383940846,0.3301650825412706,0.5529729110819364,4869.960935845818,1.638451669482056,0.2724250643923308,0.5552995524585979,0.49265535242822117
117.76596218119008,81.96615725798584,101.41457037891593,127.06546100522947,70.54023008601854,121.85691466323486,23.816904402603026,10.55601400869312,16.7568368338285,24.726596322501106,70.54036000559928,162.41608794322815,102.08438513311526,50.784001997006214,90.84216177109568,30.27227814494469,4.917563095880181,4.135740238272662,0.7818228576075186,1.0948509046032193,0.3017914686783506,0.19199300428590402,0.0445203524651198,13.51177421632784,5.311998024985767,4.42853992539036,3.7712362659517162,2.9505726453907344,115.5724809433589,0.290716786964911,57.887753256320586,43.43187974719374,7.547738693467337,$icP_{v}^{syst}$,[mmHg],4.237084116759863,8.910734918244856,8.619130397493702,8.556667328725732,8.578739312807096,1.6585067409450827,4.1820320096163,8.368262115837931,7.140229787262232,7.707507817450569,9.561439066596764,8.003172209988692,5.511611867388953,0.9830429614522732,0.3301650825412706,0.552973453872341,4937.816106021298,1.6383910401543473,0.2724216178087841,0.5552790041329013,0.49264863602598025
119.37699536665755,83.10511946536025,102.81289155006799,128.86756628777508,71.5084323349865,123.35406901306463,24.138750377314004,10.705846167555888,16.98943588396703,25.082760607805362,71.50847741858566,163.83818994857177,103.46906415282781,51.47618272376549,91.96450914628456,30.565309107929675,5.029076220044133,4.231144061998391,0.7979321580457421,1.125312318544519,0.31011209690198155,0.19731110087734005,0.0457507519867828,13.697641054389166,5.38507237833954,4.489465627781354,3.8231030482682744,2.9505726453907344,117.15486035359037,0.290716786964911,57.97006366073981,43.645793109062005,7.788944723618091,$icP_{v}^{syst}$,[mmHg],4.294396961011783,9.030017438288137,8.744007635109815,8.680692837792556,8.7029735970775,1.6806794968464458,4.236286992839109,8.48598086879474,7.240820803803532,7.815905771591526,9.692208427255997,8.121409288651803,5.5898003147658315,1.0009948183403192,0.3301650825412706,0.5529739950995606,5005.590263449055,1.6383362986447505,0.2724217274069473,0.5552604512903939,0.4926483520403142
120.98615200651832,84.24281319307217,104.20952030956724,130.66930608435584,72.4753629416787,124.84941008734464,24.460315699368188,10.855584029240324,17.221822689046764,25.439113244310896,72.47536615659295,165.2591394270104,104.85295042231047,52.16817805446836,93.08832134891556,30.860220264958865,5.142012229075395,4.327757052684529,0.8142551763908663,1.1561617813848148,0.3185362075113351,0.2026998994335664,0.04699732674158251,13.883274947114414,5.4580563030939775,4.55031679820043,3.874901845820003,2.9505726453907344,118.73543821363805,0.290716786964911,58.050224579335165,43.855587296340104,8.030150753768844,$icP_{v}^{syst}$,[mmHg],4.351650867635542,9.149152539192228,8.868914989634153,8.804746247635038,8.827233475510265,1.7028751680782164,4.290491877462873,8.603650833045322,7.34136392464025,7.924256476984583,9.822861075618455,8.239896459663695,5.667961747838343,1.0190379847834885,0.3301650825412706,0.5529745377815054,5073.275405917509,1.6382869073616793,0.2724247291257869,0.5552437117320074,0.49265329687463655
122.59370146285427,85.37940569573684,105.6047119287444,132.47058783775753,73.4411261089435,126.3432163028227,24.781658900510415,11.005259410509314,17.45404197019645,25.79574327973942,73.4411092346068,166.67948872209183,106.23647207228281,52.86018079903223,94.21398134881255,31.15743351160821,5.2559640410357655,4.425593948564654,0.8303700924711124,1.1874043044003801,0.3270647803819994,0.20816028326076702,0.048087721808790916,14.068684433117298,5.530951228703768,4.611092989095397,3.926640215318135,2.9505726453907344,120.31446575410013,0.290716786964911,58.12827016601976,44.0612758040413,8.271356783919597,$icP_{v}^{syst}$,[mmHg],4.408853297389905,9.268162670145752,8.993861974522341,8.928839837133621,8.951531936198212,1.7250777338172567,4.344667659810483,8.72130073638308,7.4418796921260775,8.03258061734641,9.953423668554198,8.358654460518435,5.746112572055177,1.0371821386907054,0.3305938683627528,0.5509978598642041,5140.878827626045,1.6382437488175785,0.2714567408452142,0.5552290845564426,0.49266387515936255
124.19958358242657,86.51485588932833,106.99839388218638,134.2714847916377,74.40577015858946,127.83543389075975,25.10275420311154,11.154867062230371,17.68607579302329,26.152575103829797,74.40568001419449,168.09886040889464,107.61944940523188,53.552098863506686,95.34135756031851,31.456810905450755,5.37175961436283,4.524646823905139,0.8471127904576901,1.2190372482139311,0.3356972330483207,0.21369165430618325,0.04936232555466633,14.253880756143506,5.603763128896717,4.671800431846308,3.9783171954004786,2.9505726453907344,121.89189747818644,0.290716786964911,58.20433966858675,44.26304844256841,8.512562814070352,$icP_{v}^{syst}$,[mmHg],4.4660008612642,9.38704129853597,9.11884614906093,9.052970822783287,9.075865694255967,1.7473061943622576,4.398804001378157,8.838915676586755,7.542364618244578,8.140873423209891,10.083920509994627,8.477655253461615,5.824247990264274,1.0554078795199728,0.33016508254127064,0.5509978598642041,5208.403911101263,1.6382049029044978,0.2714653931065448,0.5552159190059718,0.4926795780539849
125.8037168512313,87.64914029709432,108.3905193338987,136.07177326057231,75.36916989877237,129.3259295424578,25.423591928856517,11.30439500597965,17.917919230263994,26.5096322242591,75.36905333621057,169.5171984257048,109.00176604127782,54.243897397144565,96.47036978808589,31.75836842291564,5.488975600064666,4.624906058807801,0.864069541256866,1.2510575209829287,0.34443274682512015,0.2192938809872459,0.05065308700335005,14.43885121164083,5.6764864773144375,4.732434267926052,4.029930466400339,2.9505726453907344,123.46764781506712,0.290716786964911,58.278467562863035,44.461006928003805,8.753768844221106,$icP_{v}^{syst}$,[mmHg],4.523085836805515,9.50578249503804,9.243863986359676,9.177133986745854,9.200229707315641,1.7695594211829784,4.452903250769595,8.956503851444447,7.6428125375644305,8.24912891719234,10.21433939304413,8.597046626922298,5.902363565403063,1.0737252965706692,0.33016508254127064,0.5509978598642041,5275.841892914066,1.6381717880254667,0.27147675895340795,0.5552046958018649,0.492700205805363
127.40633163618514,88.78232750153776,109.78126858557987,137.87175404706196,76.33151635922867,130.81500241306273,25.744215319463176,11.453870564048943,18.149603681179197,26.866938791663433,76.33134224593485,170.9346752163341,110.38362168162392,54.93567170814611,97.60115663540611,32.06180325162881,5.607626873237164,4.726384670639787,0.8812422025973774,1.2834695324980339,0.35327220353439975,0.22496757341597282,0.0519601512171074,14.623612982321717,5.749127506762196,4.792999095365256,4.081486380194264,2.9505726453907344,125.04193639232074,0.290716786964911,58.350735734578464,44.65527088013609,8.99497487437186,$icP_{v}^{syst}$,[mmHg],4.580120558237718,9.624402477663489,9.368925183709225,9.301339142332088,9.324634094634067,1.791832864775648,4.506974152485947,9.074070239480541,7.74323690056247,8.357363336421699,10.34468840502215,8.71673519198106,5.9804705168560055,1.0921407959537053,0.33016508254127064,0.5509978598642041,5343.206145146007,1.638142963174645,0.2714907647632233,0.5551949265623695,0.49272562479667964
129.00716852990521,89.91427715139199,111.170436388381,139.67117676041,77.29256118862767,132.30233179788476,26.06456951624575,11.603271104540541,18.38110136765601,27.2243945707838,77.29238749706278,172.3511871386739,111.76482871294317,55.62732609331293,98.73366794852403,32.36715743182537,5.727688636458585,4.829060529873875,0.8986281065847102,1.316265915636785,0.3622139745558468,0.23071182824729225,0.053283337031045236,14.808146973045735,5.82167949492946,4.853489832241107,4.132977645875168,2.9505726453907344,126.61453308740252,0.290716786964911,58.421163208752624,44.84586893786421,9.236180904522612,$icP_{v}^{syst}$,[mmHg],4.637092344407104,9.742883058613977,9.494015821396566,9.42557230686731,9.449064564593185,1.8141124410149558,4.561008436918223,9.19160682892574,7.843620574928206,8.465562309932631,10.474953225808282,8.836653373052332,6.058558313022966,1.110651148122275,0.33016508254127064,0.5509978598642041,5410.4792832039375,1.6381205531332783,0.27150744478917677,0.5551873314125257,0.49275589719366786
130.60644594695896,91.0451700459611,112.55819936959989,141.47044859557224,78.25254296679398,133.78815338681156,26.384699396651015,11.752617401231316,18.612428929983896,27.582147862674066,78.25234513572885,173.76693980051135,113.1455625411142,56.318936525598524,99.867851971562,32.67467583758121,5.849174157489009,4.932945607564103,0.9162285499249061,1.3494508976186923,0.3712586989520812,0.2365270987989086,0.05462271824373613,14.992477903758957,5.894151803431231,4.913914353226184,4.184411747101545,2.950572645390734,128.18561049461772,0.290716786964911,58.48988941535678,45.03293044440124,9.477386934673365,$icP_{v}^{syst}$,[mmHg],4.694013337280716,9.861237137412537,9.61914486280822,9.549842732952158,9.573530516645867,1.8364173519231404,4.61501216628316,9.30912867642077,7.9439861041988395,8.573739378441315,10.605158407043964,8.956808375320009,6.136636834182767,1.129257587617699,0.33016508254127064,0.5509978598642041,5477.678007675579,1.6381015317165162,0.2715263924654192,0.5551808847260523,0.492790285124407
132.20373697048564,92.17470986521728,113.94418544447355,143.26882864259284,79.21124623287899,135.2720507231659,26.704501424297128,11.901843639371322,18.843524795415973,27.939982301468046,79.21092393589399,175.18130863403533,114.52543679667725,57.01029995507548,101.00335111202351,32.984243597103664,5.972045661705948,5.038007657997178,0.9340380037087703,1.3830138049933576,0.3804039421599667,0.24241150231102163,0.05597793009091755,15.17656735002363,5.966530488909768,4.974261858073756,4.235775003040106,2.950572645390735,129.7548085896761,0.290716786964911,58.55699370965013,45.21653854143226,9.71859296482412,$icP_{v}^{syst}$,[mmHg],4.75086876193675,9.979433631676708,9.74428740910236,9.67412450160391,9.6980057310637,1.8587394310317333,4.668968703044013,9.42659708379685,8.04430060183269,8.68186470388149,10.73526789594242,9.077306602954867,6.214684432971506,1.1479460503324743,0.33016508254127064,0.5509978598642041,5544.787236301529,1.6380856855628851,0.2715476793673187,0.5551755141910626,0.49282891849025123
133.7996781534059,93.30333004702945,115.32895173833312,145.06690494911146,80.16890909220119,136.75463533566634,27.02414042406979,12.051012275435856,19.074507382977863,28.298099304049206,80.16857845109244,176.5950657707505,115.90508932107655,57.701734457437,102.14085929241352,33.29602109023973,6.096350372532391,5.144284787587044,0.9520655849453463,1.4169671400837036,0.38965269226875354,0.2483681058111681,0.057349611646289746,15.360460991246203,6.038831306002149,5.034543408579013,4.287086276665037,2.950572645390734,131.32269827290477,0.290716786964911,58.62244368933117,45.396839431043034,9.959798994974875,$icP_{v}^{syst}$,[mmHg],4.807673098798443,10.097523714146066,9.869478097579545,9.79840280022853,9.822526752559739,1.8810855937876299,4.72291041205241,9.544078901099853,8.144609214815347,8.78998822464655,10.865347141835988,9.19810336180399,6.29273611606416,1.1667249331392566,0.33016508254127064,0.5509978598642041,5611.8236364540835,1.6380751560667028,0.2715712647863352,0.5551719455630547,0.4928717234097155
135.39389710104527,94.43076991531508,116.71217946467205,146.86435698019446,81.12539774644324,138.23556556530565,27.34351698163332,12.200109197326423,19.305304182739025,28.656415713255225,81.1250584252251,178.00776582842144,117.28429081275218,58.39300266861158,103.28004642864622,33.60990808066105,6.22205563126732,5.251750123086779,0.970305508180541,1.451302368006972,0.3990025600770846,0.25439498542832817,0.05873733497026574,15.544127959705978,6.111042848217416,5.094750484435476,4.3383346270530865,2.950572645390734,132.8889279915246,0.290716786964911,58.68634270398218,45.5738872108648,10.201005025125628,$icP_{v}^{syst}$,[mmHg],4.8644194190375005,10.215475590785031,9.99469482172089,9.922474167068668,9.94707097325565,1.9034342349602158,4.776821602911733,9.661528368856118,8.244881994436671,8.89807681979019,10.99535958808895,9.319118633709548,6.3707676054627385,1.1855977751088926,0.33016508254127064,0.5509978598642041,5678.777842251027,1.638068122721171,0.27159692797744134,0.5551695618408499,0.4929182992550599
136.98686638513726,95.55747520754613,118.09428071416635,148.6620468630137,82.08094590596275,139.71511850721737,27.662681417570443,12.349160976822922,19.535954536618362,29.014958600765784,82.08059075327591,179.41966866263994,118.6631635609103,59.08411541284493,104.42086228608736,33.92551302504852,6.349186481649715,5.360426068894938,0.9887604127547776,1.4860260978745354,0.40845604395267526,0.26049301607994596,0.060141298048012416,15.727643639959865,6.183196681397072,5.154910476569858,4.389536481992937,2.9505726453907344,134.45396695769708,0.290716786964911,58.74879310339105,45.747822056014826,10.442211055276381,$icP_{v}^{syst}$,[mmHg],4.921118838685799,10.333314618566225,10.119959663225183,10.04658844925322,10.071660841679513,1.9258050945700886,4.8307042325877205,9.778970405189714,8.345143125540343,9.006154817703855,11.125329608865478,9.440348377645115,6.448797213220828,1.2045657568213513,0.33016508254127064,0.5509978598642041,5745.666213417392,1.638065515372304,0.2716243388336759,0.5551686781653128,0.4929680469187647
138.57809844639942,96.68288573034957,119.47482035307331,150.459014203454,83.03541925866577,141.19313982186276,27.98160655240808,12.498161400598716,19.766436858255073,29.373684430726925,83.0348875129125,180.83075965908702,120.04150927743146,59.77512421890034,105.56332169273746,34.24304950985341,6.477716014768549,5.470288104903937,1.0074279098646122,1.521131503212564,0.4180100028459467,0.2666613548574303,0.061561372729810375,15.910920928898975,6.255255719332795,5.214990705367994,4.440674504198184,2.9505726453907344,136.01734523815836,0.290716786964911,58.809811413945425,45.918563672162215,10.683417085427136,$icP_{v}^{syst}$,[mmHg],4.977756062363324,10.451024390341587,10.245247267016499,10.170719285126449,10.196270012204979,1.9481976257645963,4.88456311956265,9.896395729011765,8.445372604566746,9.114206181056012,11.255256206148301,9.561967093855852,6.526813821117879,1.2236262229061974,0.33016508254127064,0.5509978598642041,5812.4793481066035,1.638064171320039,0.2716541243630812,0.5551682226428002,0.49302210435087995
140.16768397697746,97.80719565194133,120.85388160680829,152.25559960430215,83.9886923442602,142.66953133134547,28.300307572023872,12.647097171190367,19.996755359081757,29.732652140579102,83.9882225831311,182.24097595188073,121.41930153397688,60.466010303918395,106.70729054001406,34.56252982708226,6.607640847846461,5.581331536015365,1.0263093118310966,1.556616616552437,0.4276644956489309,0.2729005390859545,0.06299755515432864,16.093996416399346,6.327236690745916,5.275006213400108,4.4917535122533225,2.9505726453907344,137.5791289191989,0.290716786964911,58.86939668232254,46.08635469846668,10.924623115577889,$icP_{v}^{syst}$,[mmHg],5.034337810474714,10.568606146794744,10.370558844684062,10.294867997951165,10.320900276057683,1.9706087427929981,4.938386776137912,10.013795808706973,8.545576304056784,9.222229198503427,11.385135573257662,9.683787646115414,6.604813894871655,1.2427734916733069,0.33016508254127064,0.5509978598642041,5879.208464098214,1.6380672811915862,0.27168534592234034,0.5551692766319476,0.4930787680178983
141.75624724650808,98.93080851346464,122.23199798244633,154.05211895489427,84.94120729643838,144.1449070666862,28.61885473207216,12.796023584569776,20.226977548249494,30.091849287810394,84.94066045498887,183.6506111748696,122.7969971070862,61.157066554322206,107.8531170791067,34.883967854211484,6.739005658091642,5.693597339172198,1.0454083189194443,1.5924946617339633,0.4374229558157109,0.2792117240385026,0.06445019422143418,16.27690659004702,6.3991508695266575,5.334965111889875,4.542790608630493,2.9505726453907344,139.1399177720187,0.290716786964911,58.92765067109986,46.251226669814635,11.165829145728642,$icP_{v}^{syst}$,[mmHg],5.090876736207655,10.686101561305058,10.495920732095282,10.41906332452757,10.445579045885836,1.9930350374749606,4.992200873600079,10.131206643919581,8.645780508887604,9.330259423601394,11.514995176308396,9.80585043150904,6.682826229229343,1.2619938754148707,0.33016508254127064,0.5509983002412057,5945.884510750687,1.638073229715595,0.2717186275283467,0.555171292689413,0.4931387763072932
143.34281444372098,100.05304966014099,123.60834651345483,155.8477575001021,85.89235264718513,145.61838225450134,28.937084460018006,12.944853224420354,20.456974873949417,30.4511972842008,85.89180925864702,185.05894522535465,124.17378461811595,61.84779961619918,108.99984251725205,35.2070946272089,6.871732119207822,5.807017018705025,1.0647151005027973,1.6287436200104601,0.44727955832491595,0.2855916836582294,0.06591851979819233,16.459586908817084,6.470976323335305,5.3948511282758504,4.593759457205931,2.950572645390735,140.6988287305309,0.290716786964911,58.98455354150869,46.41321669376894,11.407035175879397,$icP_{v}^{syst}$,[mmHg],5.147346396362356,10.803440492115218,10.621275871067592,10.543244810912576,10.570246917852295,2.0154616690165867,5.0459611736121035,10.248564110410316,8.745931841708218,9.438233541936048,11.644749758471166,9.92804933452258,6.760801785400685,1.281285919917122,0.33016508254127064,0.5509988392214191,6012.464685302959,1.6380833030441142,0.2717534806853964,0.555174706714326,0.4932015484268419
144.92812110561462,101.17445144135037,124.98355155238924,157.64334694442604,86.84268862956489,147.0906137124251,29.25511169880201,13.093645557828108,20.686837380737533,30.810769227855154,86.84202622159613,186.46648615487254,125.5502457227106,62.53858880373819,110.14804250134412,35.532067935893814,7.005873562880857,5.921637193696424,1.0842363691844328,1.6653786269859168,0.45723811841913364,0.2920426209542154,0.06740305757604183,16.64210388833618,6.542738171587195,5.454684468430707,4.6446812483182764,2.9505726453907344,142.25651703429185,0.290716786964911,59.040265342389475,46.57245814642969,11.64824120603015,$icP_{v}^{syst}$,[mmHg],5.2037664321314745,10.920675260659793,10.7466647525147,10.667455531347905,10.694946392904319,2.0379076080139584,5.099695413384016,10.365918480281188,8.846072702070957,9.546197114563611,11.774451720003762,10.050616081696202,6.838776167069443,1.3006602730708279,0.33016508254127064,0.5509993743450499,6078.988204069542,1.6380943436827422,0.2717898317142283,0.555178448577332,0.493267042339737
146.51216352752047,102.29499632705297,126.35761294326545,159.43896918427598,87.79210804747206,148.56160700634285,29.572986913454486,13.242411690887993,20.91659816901485,31.170592296190023,87.79148719751781,187.8735230220305,126.9264492426972,63.22939397889016,111.29789763021388,35.858866873709275,7.141430750141754,6.037455190243475,1.1039755598982788,1.7023988171390696,0.46729841466722066,0.29856570510895314,0.0689040346870951,16.82444408484605,6.614430150788348,5.514458712511388,4.695555221546317,2.950572645390735,143.81298833912575,0.290716786964911,59.09474851313621,46.729036526995436,11.889447236180905,$icP_{v}^{syst}$,[mmHg],5.26013876596247,11.037813346097655,10.872087926975487,10.791696120358731,10.819677895021535,2.060375451737829,5.153409427690174,10.4832679296033,8.946199102792173,9.654155169692197,11.904111969020088,10.17337925456221,6.916749852142377,1.320116170469167,0.33016508254127064,0.5509999066780319,6145.447563323044,1.6381083851108962,0.2718275582475196,0.5551832074597054,0.49333503500275133
148.09488332281512,103.41463684324944,127.73047982637036,161.23433546287848,88.7406836617762,150.03131685672722,29.890638634994563,13.391133447590096,21.146210541678265,31.53064586200288,88.73993103248883,189.27986867075006,128.30221571991692,63.92016139528545,112.44905988407825,36.18705418113561,7.278393289138497,6.154465645884773,1.1239276432537235,1.7398025092487523,0.4774599484279849,0.30515921082717284,0.07042113195889359,17.006615525268874,6.686056279912059,5.574178621276544,4.746380624080266,2.9505726453907344,145.36820582806925,0.290716786964911,59.14810688925656,46.8829208598252,12.130653266331658,$icP_{v}^{syst}$,[mmHg],5.316459941695086,11.154840394906078,10.997537843531001,10.915957900215638,10.944432881322566,2.0828602444641477,5.207094638112329,10.600598162092455,9.046304129947709,9.762093574857566,12.033711086324018,10.296302752644243,6.994714807960556,1.3396490807955066,0.33016508254127064,0.5510004367941443,6211.847856324334,1.6381235734234552,0.27186680700655264,0.5551883550410005,0.49340579217748065
149.67658641161168,104.53376301183945,129.10244343294139,163.02975784918604,89.68814050559774,151.49979318332038,30.208024743421994,13.539803425808394,21.37565108464605,31.89083992559981,89.68712093831945,190.68506744625583,129.677798021686,64.6109666800636,113.60140778378859,36.516744293654696,7.416766269037779,6.272677075235137,1.1440891938026416,1.777591485886594,0.48772439835533166,0.31182193481353115,0.07195416022819306,17.18865744107427,6.7576317278532345,5.633857150049614,4.797168563171417,2.9505726453907344,146.9224621569224,0.290716786964911,59.20017355870036,47.03416063955693,12.37185929648241,$icP_{v}^{syst}$,[mmHg],5.372734386873764,11.271760920042134,11.122991626033302,11.040223854179283,11.069192376455316,2.105354788350486,5.260743813824678,10.71792125366888,9.14639684326026,9.870017873818822,12.163249945471902,10.419421229783712,7.072678433960223,1.3592531036815145,0.33016508254127064,0.5510009643148303,6278.169835391842,1.6381481579245414,0.27190791647591145,0.555196687152777,0.493479928504352
151.25679703855133,105.6517039196427,130.47303936310257,164.82482180110242,90.63472690003998,152.96707150691302,30.525320289205975,13.68846377412082,21.60502375739602,32.25134364545595,90.63381487642215,192.09004252765362,131.05315947866316,65.30178788181843,114.75536480721553,36.848287437274365,7.556544396022052,6.392072267165709,1.1644721288563435,1.8157621354133915,0.49808837969462005,0.31855801704303943,0.07350382395547415,17.370496566051706,6.82912766951322,5.6934681468730615,4.847900749665425,2.950572645390734,148.47528302988954,0.290716786964911,59.25113555955338,47.18298443990106,12.613065326633166,$icP_{v}^{syst}$,[mmHg],5.428960774389133,11.388591610403065,11.24849512604943,11.164530936404555,11.193996704868603,2.1278568256307615,5.31438127375559,10.835245874841752,9.24648050016461,9.977938556495785,12.292746020012403,10.542875754772135,7.150640083787929,1.3789237308192939,0.33016508254127064,0.5510014885038512,6344.4308830027985,1.6381721235133335,0.2719498937195145,0.555204809504494,0.4935556425772046
152.83605520507493,106.76922000354695,131.84278504342836,166.62003296538893,91.58045847721344,154.43315169135013,30.842280902565975,13.837056213302548,21.834176544736696,32.61194378187851,91.57900759598947,193.49343250553997,132.42799860789532,65.99259295713692,115.9102115705939,37.1812858908408,7.69772550030312,6.512667050153909,1.1850584501492114,1.8543173860263575,0.5085553985890525,0.32536123150928337,0.07506903277901393,17.552231727912027,6.900584340036463,5.753048430887478,4.898598956988088,2.9505726453907344,150.02723018784818,0.290716786964911,59.30103573891052,47.32925888498435,12.854271356783919,$icP_{v}^{syst}$,[mmHg],5.485138079470423,11.505306328947352,11.3739749347564,11.288816578456887,11.318778878611086,2.15036535768303,5.367964498702127,10.952539778721185,9.34654472610203,10.085833805812705,12.422185408427293,10.666414008182027,7.228594303336512,1.3986562168663408,0.33016508254127064,0.5510020126140038,6410.632093404941,1.638201344287626,0.2719937162190294,0.5552147129292878,0.49363470548622207
154.4147914213576,107.88646453940517,133.21203027539178,168.41589657424964,92.5257374286787,155.89864280259314,31.15909539929442,13.985659234300767,22.063249073243107,32.972781152768825,92.52332003279098,194.89619047969674,133.80295637447134,66.68367508329747,117.06656362784999,37.51595911738115,7.840361372818434,6.634500246330386,1.2058611264880472,1.8932706763064808,0.5191277978115625,0.33223591786173057,0.07665071892202845,17.73387853205892,6.972005806434026,5.8125989391358175,4.949273786489079,2.950572645390735,151.57867249785008,0.290716786964911,59.34993131777262,47.47312905658336,13.095477386934673,$icP_{v}^{syst}$,[mmHg],5.541289431864819,11.621959520138915,11.499483340604948,11.413131991828912,11.44359069233889,2.172894356448656,5.421532866481771,11.069859818513292,9.446628008946455,10.193753342776514,12.551639182330028,10.790113589405447,7.306574585172525,1.4184628674060589,0.33016508254127064,0.5510025314242699,6476.801620007509,1.638232525460183,0.27203921068265463,0.5552252807668924,0.493716807397361
155.9909856796752,109.00166737613868,134.5790064561384,170.21036512539393,93.46971452216157,157.3621077195142,31.475751623821477,14.134186950064848,22.292196931609077,33.333880760262645,93.46718488510842,196.29865056861354,135.17701257948855,67.37437646652224,118.22418563175762,37.85242109567021,7.984320356693684,6.7574376417059545,1.2268827149877293,1.9325809999801637,0.5297920251035577,0.3391833034449223,0.07824869451756927,17.915206431446666,7.043301618812201,5.8720439085185205,4.999860904115941,2.9505726453907344,153.1276667884486,0.290716786964911,59.39785369980181,47.61478727151934,13.336683417085426,$icP_{v}^{syst}$,[mmHg],5.597355299992833,11.738468717257467,11.625036418581772,11.537475269178316,11.568437187993725,2.1954400018046902,5.47508332509036,11.18712786696858,9.54664498198027,10.301614374148976,12.680982232429184,10.914080582624585,7.384507775572315,1.4383489338451303,0.33016508254127064,0.5510030499072015,6542.880016551309,1.63825970338384,0.2720847433618739,0.5552344918343438,0.49379897880365214
157.5659813649867,110.11605345146879,135.94489948194962,172.00456086884998,94.41276820701601,158.82439760700456,31.792220699581268,14.282682668297193,22.521024665810486,33.69522150396647,94.41013635632132,197.70042537039922,136.55073634857482,68.0650712669171,119.38304181151999,38.19047675816481,8.129678579752342,6.8815597008117955,1.2481188789405473,1.9722726880272954,0.5405564586441662,0.3462016990004101,0.07986288593477173,18.09637328007473,7.1145340584307055,5.931435992973225,5.0504032286708025,2.9505726453907344,154.6754852829916,0.290716786964911,59.44475132884255,47.75413921312529,13.577889447236181,$icP_{v}^{syst}$,[mmHg],5.653370490003291,11.854882517848115,11.750610220101121,11.661836013948404,11.693302932748102,2.2180013106063003,5.528611132154521,11.304386119088662,9.646648186192511,10.40946351746509,12.810265990588,11.03828374212646,7.462436366393582,1.4583049299425708,0.32973629671978844,0.5510035630792074,6608.893774491121,1.6382899073972637,0.2721315402011414,0.5552447284958512,0.4938834491021652
159.13971642498547,111.22958146634952,137.30964146642182,173.79869247089832,95.35514675948575,160.28545273840513,32.10850576740923,14.431142739557183,22.749735034428817,34.0568159668695,95.35239376889777,199.1015233933834,137.92410826352506,68.75579802974931,120.54331663478236,38.53018398570064,8.276430929612038,7.0068609405779725,1.2695699890340661,2.012343640990814,0.5514209690002313,0.3532912201329292,0.08149332825490264,18.27737543114668,7.1857020232655024,5.990774117161478,5.100899290719701,2.950572645390735,156.22214459540825,0.290716786964911,59.49083034697522,47.891343141810715,13.819095477386934,$icP_{v}^{syst}$,[mmHg],5.709336393216843,11.971198567555168,11.876203672815477,11.786211823221256,11.818185584272685,2.240576496125348,5.582116139238835,11.421631305468976,9.746632894809647,10.51729929063944,12.93949181153118,11.162614713955307,7.540360113909351,1.4783332494619734,0.32973629671978844,0.5510040776556341,6674.860273164002,1.6383189571240167,0.27217901291922725,0.5552545739496814,0.49396914461553837
160.71105887809463,112.34124703908006,138.6722544795596,175.59124743082327,96.29614344579936,161.74449464018707,32.424616581002,14.5795180177068,22.97830971484637,34.41861517109605,96.2941150899245,200.50238865072265,139.29646905145614,69.44604784149118,121.70478594251672,38.871392580472914,8.424497986691884,7.133259463203622,1.2912385234882622,2.052769208858947,0.562376914394558,0.36045297363619366,0.08313992209074221,18.458075740746654,7.256750650460983,6.050012886064234,5.151312204221435,2.9505726453907344,157.76646666119348,0.29028800114342884,59.5359635949387,48.02641790850178,14.060301507537687,$icP_{v}^{syst}$,[mmHg],5.765201124786819,12.087365381837397,12.001850156635667,11.91062402425363,11.943111797579448,2.2631482996722196,5.635605897215819,11.53881029662912,9.846545311436333,10.625068342342562,13.068595598599462,11.287081478691785,7.618228972847476,1.4984192683098783,0.32973629671978844,0.5510045894523011,6740.730041205955,1.6383466774034716,0.2722265437001825,0.5552639688308745,0.4940549478376865
162.28255263716844,113.45327088987861,140.03496410139988,177.3851276924403,97.2368174285968,163.20333560357116,32.74057878137336,14.727924820041407,23.206801484277428,34.7806630427195,97.23477626416864,201.9023868338437,140.66923651794338,70.13678675005333,122.86750709504274,39.213801097082474,8.574050205316873,7.260929690851635,1.313120514465238,2.09360267844807,0.5734419113290173,0.3676850998311616,0.08480291417909776,18.638782337424576,7.327802849008556,6.109254471584687,5.201725016831333,2.9505726453907344,159.31096653765007,0.29028800114342884,59.580165484356115,48.15930004046379,14.301507537688442,$icP_{v}^{syst}$,[mmHg],5.821055356475369,12.203500535354733,12.127490606220107,12.035039418919656,12.06803747503855,2.2857369291137735,5.6890700761961375,11.656034768568935,9.946506504003928,10.732884916497119,13.197708976613777,11.41183496152515,7.6961457156516655,1.518568269015099,0.32973629671978844,0.551005097142993,6806.5772200017755,1.6383811271346447,0.2722760103617948,0.5552756444394134,0.494144267945194
163.85279083909668,114.56445423136404,141.39654535447096,179.1790351931503,98.17661515984355,164.66093909537324,33.056301688341016,14.876287200286157,23.435142663688232,35.14287674115778,98.17440460342063,203.30140423599016,142.0415578094221,70.8274919588664,124.0312173876914,39.557672773372985,8.724199461005893,7.389770943971556,1.3344285170343368,2.134813070240463,0.584606012674804,0.3749867027609291,0.08616310091156558,18.819335445732374,7.398794973172395,6.1684470931244215,5.252093379435561,2.9505726453907344,160.8542706330864,0.29028800114342884,59.62350008399909,48.290076978248905,14.542713567839195,$icP_{v}^{syst}$,[mmHg],5.876854861131844,12.319530802713953,12.2531445521742,12.159464025137432,12.192974301461927,2.3083355678616995,5.742505094322487,11.77324778684657,10.04644685598426,10.840680855836418,13.326749634454233,11.536722619675324,7.774053458697076,1.5387800220788836,0.3301650825412706,0.5489747679922597,6872.3630611890485,1.6384173600932967,0.271322854198824,0.5552879244145256,0.49423556421567544
165.42202775029776,115.67494253879013,142.75720288431367,180.97313091087156,99.11571603602842,166.1175938934598,33.37191156474124,15.024639201872798,23.663414603443883,35.50538790222404,99.11354624254412,204.7001248367945,143.41385849634136,71.51828120386591,125.19626699208939,39.90315047554908,8.876529101417423,7.5198039595333395,1.3567251418840842,2.176407235616321,0.5958707967143049,0.3823612031279214,0.08785226918268205,18.99975568452946,7.4697357686797226,6.2275960948396625,5.302423821010074,2.9505726453907344,162.39662810918946,0.29028800114342884,59.66599546318777,48.41889877769563,14.78391959798995,$icP_{v}^{syst}$,[mmHg],5.932613477653316,12.435486281496633,12.378823038525711,12.283910428125871,12.317934237227554,2.3309515687462863,5.795924018325682,11.89046399130634,10.146387073827487,10.948479584691752,13.45575018414475,11.66172736614028,7.851964881042561,1.5590627166856428,0.3301650825412706,0.5489747679922597,6938.100122521989,1.6384548748067211,0.27137352093391276,0.5553006387984547,0.49432785759242576
166.99013302351284,116.78468131143488,144.11684926451835,182.76681726197518,100.05391603667083,167.57310219761897,33.687312484022236,15.172957880205036,23.891558848091204,35.86804680338445,100.05167723719225,206.09801884374102,144.78585212792467,72.209074894055,126.36263431048671,40.25008394440395,9.030245572951554,7.65101202047329,1.3792335524782642,2.2183795882266137,0.6072350542422034,0.38980574984049937,0.08955748287424221,19.180012954480766,7.540610652065543,6.286690084429836,5.352712217985385,2.9505726453907344,163.93790245669146,0.29028800114342884,59.70762295650363,48.54567637210003,15.025125628140703,$icP_{v}^{syst}$,[mmHg],5.988320215884101,12.551345204418743,12.504517308180766,12.408369284373547,12.442907955157803,2.353580493631222,5.849328003011028,12.007661897706942,10.246300563629587,11.056262390972094,13.584711221609282,11.786870003430638,7.92987053553211,1.5794081054929259,0.3301650825412706,0.5489747679922597,7003.774122566958,1.6384956126715366,0.27142544520785494,0.5553144455640259,0.4944224416734612
168.55610775886072,117.89279207364044,145.47458953836747,184.5594394052497,100.99113068605389,169.0267837715744,34.002551091532816,15.321156116812308,24.11957935445648,36.23100182104066,100.98942074697013,207.4955597452514,146.15698136249932,72.89944484005947,127.52999445576475,40.598528196242874,9.185282280356383,7.7833227024970615,1.4019595778593215,2.2607083702611592,0.6186911022986218,0.39732264522373306,0.09127880919062527,19.360013744385324,7.6113857826451286,6.34570150095235,5.402926460787843,2.9505726453907344,165.4770964892995,0.29028800114342884,59.748596306804835,48.67064185419577,15.266331658291456,$icP_{v}^{syst}$,[mmHg],6.043948952044726,12.667072497974424,12.630256439581414,12.532858356673366,12.567918078513765,2.3762206934089414,5.902711768330011,12.12480456802064,10.346155703157534,11.163990009030655,13.713587629936352,11.91231707322505,8.007730197859289,1.599819748718665,0.3301650825412706,0.5489747679922597,7069.379148023772,1.6385309815345064,0.27147703331210105,0.555326432682196,0.49451641339539437
170.12197723608023,119.0010108459922,146.83220126808428,186.35302711391446,101.92788048541027,170.48012141203753,34.31762488600679,15.469373360690426,24.34750638782979,36.59412672943242,101.92608978757121,208.89215923157536,147.52835848689506,73.59024469006543,128.69842115101238,40.94837029636896,9.34177904692746,7.916881878240173,1.4248971686872878,2.303437929530467,0.6302538908923677,0.4049093321778678,0.09301634615029797,19.539992544477716,7.68215283513873,6.404706129477635,5.453133579861349,2.950572645390734,167.01624859888457,0.29028800114342884,59.78871884954745,48.79364077738177,15.507537688442211,$icP_{v}^{syst}$,[mmHg],6.099559764483202,12.782754883955338,12.755981942365665,12.657341354618122,12.692919112870888,2.3988727711994664,5.9560672459530295,12.241978519185738,10.446046192977446,11.271752214406442,13.842456230866436,12.037837761215435,8.0856275200268,1.620288633603885,0.3301650825412706,0.5489747679922597,7134.951633978719,1.6385727614810053,0.2715302798109611,0.5553405926272372,0.49461340601138437
171.68678072740497,120.10853043958387,148.1888506538583,188.14645977926247,102.86373546713884,171.93238726803838,34.6325390940649,15.617568124591022,24.575339900079,36.95744843244001,102.8620435285078,210.28823007928065,148.8995003022094,74.2811224347621,129.86798217128788,41.29970367795205,9.499665939290187,8.051615141847158,1.4480507974430297,2.3465453911715044,0.6419160486037632,0.41256757260698607,0.09477014993083087,19.71983326609383,7.752866057263039,6.46366577635489,5.503301432475897,2.9505726453907344,168.55439214255054,0.29028800114342884,59.828015594744684,48.91478875908929,15.748743718592964,$icP_{v}^{syst}$,[mmHg],6.155125019516059,12.898358200408152,12.881727461920704,12.781841059488954,12.817938306616506,2.421526572596913,6.009407802934445,12.359156563179775,10.54593067134644,11.379509606058772,13.97127070640272,12.163452913414153,8.163525445042241,1.64080713343803,0.3301650825412706,0.5489747679922597,7200.4614826997185,1.6386182300019372,0.2715842802925681,0.555356002693823,0.4947117720652642
173.25058174382048,121.21533523909024,149.5445718369244,189.9404210165185,103.79911249761683,173.3837212250625,34.94727902382601,15.765741017131973,24.803065938787064,37.32108839399763,103.79729722002557,211.6836374158789,150.2703513168001,74.97185491034426,131.03861765983717,41.65236541283645,9.658951439721683,8.18753272132704,1.471418718394643,2.390034432902353,0.6536780554419719,0.42029673981791743,0.09654013757827888,19.89954614868067,7.823529267966149,6.5225842997062875,5.553432581008231,2.9505726453907344,170.09161693267208,0.29028800114342884,59.86670015167073,49.03416177420593,15.989949748743719,$icP_{v}^{syst}$,[mmHg],6.210645370283159,13.01387362063383,13.007489562554714,12.9063540655052,12.942972204317691,2.444187204952881,6.062724271421424,12.476325650860552,10.645800864945162,11.487258258438908,14.100028909178498,12.289234075506483,8.241418600770073,1.6613830385124517,0.3301650825412706,0.5489747679922597,7265.937874833178,1.638661572723729,0.2716388633760573,0.5553706922903864,0.49481119937353346
174.8132710632478,122.32142821865376,150.89930167358474,191.73412247584275,104.73368849420278,174.83390852739313,35.261825696845854,15.913881185309757,25.030677225900007,37.684874681991204,104.73174000052092,213.0783488756015,151.64085776424446,75.66252723178262,132.21036089480484,42.006468212957614,9.819615631403872,8.32461585041519,1.494999780988681,2.433898984679318,0.6655383528878326,0.42809648417062063,0.09832619102803021,20.079117789484066,7.894137377005018,6.581457033320807,5.60352337915824,2.9505726453907344,171.62774670248703,0.29028800114342884,59.904677174103796,49.15175124698612,16.231155778894472,$icP_{v}^{syst}$,[mmHg],6.266114672258607,13.129302220468805,13.133265638823639,13.030877581240794,13.068018040014426,2.466858259974767,6.1160235485835965,12.593479743883421,10.745656578422954,11.59499325180217,14.228724690733767,12.415239893621939,8.31930728763022,1.6820205251454232,0.3301650825412706,0.5489747679922597,7331.358194594195,1.6387062192695234,0.2716941465035042,0.5553858237754099,0.4949119018660161
176.37506817192337,123.42689088129798,152.2532046194739,193.52792320218546,105.66757673354363,176.28326012766883,35.57628326688969,16.06202584939078,25.258227884073786,38.04892159189548,105.66561002327167,214.47268648038983,153.01132604935177,76.35333842659585,133.38326538972686,42.36198469869198,9.981685953315809,8.462886276586776,1.5187996767290326,2.4781460615403543,0.6774987663404494,0.43596868402390043,0.10012874554074704,20.258564005603525,7.964695893531879,6.640287804862833,5.653580307208813,2.9505726453907344,173.1630438723838,0.29028800114342884,59.941923389104836,49.26763018512996,16.472361809045225,$icP_{v}^{syst}$,[mmHg],6.321545974592414,13.244664288436116,13.259061853115941,13.155419128747788,13.19308304170858,2.489543339986695,6.16930909274211,12.710645531305822,10.845516496230582,11.702738926291305,14.357384600944023,12.541344059836325,8.397206993174628,1.702719195658091,0.3301650825412706,0.5489747679922597,7396.730371348054,1.6387528627541064,0.2717501020721035,0.5554016320574584,0.49501382926206733
177.93508257191843,124.53101275234302,153.60550762396574,195.32080554250788,106.60044331758596,177.73103223880713,35.890581875326696,16.210107946963547,25.485664132044484,38.413233651346665,106.59898856708652,215.86672134979935,154.38104692922855,77.04382198992646,134.55726727711928,42.71857170163539,10.145084429800063,8.602267871388676,1.542816558411387,2.522751975001235,0.6895520377583899,0.4439129362123827,0.10194745338574214,20.437783225641855,8.035164866583148,6.699044157214134,5.7035742018445745,2.9505726453907344,174.69661099119548,0.29028800114342884,59.97852033760371,49.38185371998545,16.71356783919598,$icP_{v}^{syst}$,[mmHg],6.376906781074966,13.359910109258644,13.384899758619074,13.279990008364216,13.318182376797015,2.51223972030291,6.2225864165095315,12.827766648748328,10.945322167766726,11.810438596487066,14.485947404723907,12.66754588204399,8.475069235894102,1.7234805083802227,0.3301650825412706,0.5489747679922597,7462.031032231017,1.6387981658831963,0.2718060377946941,0.5554169860698942,0.49511572050707875
179.49465696745966,125.6349757107853,154.9573955362212,197.11431566649262,107.53273255206001,179.17818849063457,36.2046596858735,16.358186622752424,25.71298180081827,38.77771533572917,107.53130042949235,217.25975161760203,155.75079094389756,77.73457634916967,135.731973183481,43.07633506109993,10.309905675243963,8.742863219451033,1.5670424557929292,2.56774816866157,0.701708424611208,0.45192619355316654,0.10378212180981283,20.616954061324538,8.105616183963935,6.757786466646512,5.753551410714092,2.9505726453907344,176.22978127952425,0.29028800114342884,60.01440993342815,49.49434933478049,16.95477386934673,$icP_{v}^{syst}$,[mmHg],6.432238223331918,13.47509335016108,13.510712639690247,13.404541907303589,13.443260636960177,2.5349425510810595,6.27582646752398,12.944897605074502,11.045148377501983,11.918154733100925,14.61447853819242,12.793928661740607,8.552954059316422,1.7442924157435253,0.3301650825412706,0.5489747679922597,7527.291278644201,1.6388477917103597,0.2718631644530668,0.555433805119322,0.4952197811337295
181.05331189673686,126.73832481576805,156.30844064246912,198.90806568131188,108.46463428598122,180.62443096459623,36.518574038947406,16.506249202834738,25.94020648710317,39.14239506240837,108.46296786341884,218.65219688730852,157.1203197597082,78.42537102211263,136.9076417771785,43.43541210574322,10.47612133407699,8.884638000268856,1.5914833338081331,2.6131245556423517,0.7139640623531186,0.4600106091002143,0.10563302252910807,20.79601353623293,8.176024934169753,6.816493836236953,5.803494765826219,2.9505726453907344,177.76208391035505,0.29028800114342884,60.04981369726286,49.60524952754979,17.195979899497488,$icP_{v}^{syst}$,[mmHg],6.487526236802121,13.59020032236515,13.636545762606731,13.529109780871586,13.568356218816607,2.557655640694262,6.329047996232552,13.062034650900488,11.144968766899831,12.02586749011822,14.743010847468733,12.920456114158412,8.63083991697138,1.7651607052189304,0.3301650825412706,0.5489747679922597,7592.524400018685,1.6388944201080513,0.27192075813974664,0.5554496082881627,0.49532469248856364
182.61094862723257,127.84096936416843,157.6585630512344,200.70156094620953,109.39540778330134,182.06968487540928,36.83237130874744,16.65429683564439,26.16735113796942,39.50726047580406,109.3938598382935,220.04418222835747,158.48960095156664,79.11618275694035,138.08472178072537,43.79583842074842,10.643715934516925,9.027575379780087,1.6161405547368368,2.658875289385711,0.7263179544273325,0.4681666553520826,0.10750023681736331,20.97490515052663,8.24636470281775,6.8751419888221506,5.853398458886725,2.9505726453907344,179.29341812832803,0.29028800114342884,60.08436157736027,49.714497666094495,17.43718592964824,$icP_{v}^{syst}$,[mmHg],6.542769823870807,13.705228802069279,13.762386324434893,13.65368442968483,13.693459055501748,2.580381905473975,6.382266435923262,13.1791666938322,11.2447732100067,12.133574319705279,14.871492825352213,13.047098762005591,8.708723758866695,1.7860696260973898,0.3301650825412706,0.5489749485980033,7657.678544831094,1.638948304699279,0.2719792855841635,0.5554678707062434,0.4954311417647678
184.16780621909982,128.94312257295252,159.00796764630599,202.4956631912728,110.32579782423782,183.5141390173329,37.14605589185481,16.80234833670875,26.394431090467616,39.87249834777921,110.32430574898923,221.4357540314374,159.85901086996654,79.80727938064933,139.26279873126052,44.157682073488665,10.812716963656738,9.171701075272976,1.641015888383763,2.705009153651165,0.7387717712565487,0.4763949902350455,0.10938382618111836,21.153712512700174,8.316673197124652,6.933764741037445,5.903274574538077,2.9505726453907344,180.82401296587562,0.29028800114342884,60.11841834912652,49.822263902931596,17.678391959798994,$icP_{v}^{syst}$,[mmHg],6.597976566216148,13.820197441848732,13.88825728718407,13.778285830429192,13.818590093915125,2.60311972299903,6.43546831480176,13.296312513722496,11.344592352396903,12.241294824324209,14.999943773542245,13.173814212920234,8.78662374267711,1.8070392533349047,0.3301650825412706,0.5489754426232656,7722.805847696648,1.639000274930709,0.2720380242007672,0.5554854843147445,0.4955376927259993
185.7237601692549,130.04462814549507,160.35653757978622,204.2896385917741,111.2556541080407,184.9577368422455,37.459566231973,16.950383822690053,26.621417956433437,40.23788138825323,111.25401575092867,222.82668381629355,161.22822271565553,80.49820589951405,140.44173162810955,44.5206421558403,10.983108344953813,9.31700307056575,1.666105274388062,2.7515222973984748,0.75132447925427,0.48469415272203975,0.11128360109424568,21.332400782732336,8.386934997990352,6.992349177898669,5.953116606843315,2.9505726453907344,182.3537616103519,0.29028800114342884,60.15193308887267,49.928497720968885,17.91959798994975,$icP_{v}^{syst}$,[mmHg],6.6531400006902315,13.935083208665647,14.014142119503553,13.902898075225199,13.943733177051634,2.6258578885663573,6.488648349241776,13.413449463849375,11.444399138035402,12.349008668533562,15.128342974478256,13.300801158426205,8.864518323563711,1.8280565698055826,0.3301650825412706,0.5489759370925182,7787.895787562849,1.6390516335760124,0.2720973704871529,0.5555028906461505,0.49564535000975213
187.27879210084322,131.1455244521301,161.70426902595378,206.08369727076962,112.18480626430069,186.40042580735528,37.772935712382534,17.098406615130457,26.848325923252922,40.60349749849447,112.18313430406803,224.21717364674112,162.5972710813036,81.18928156000692,141.6217160313537,44.88497963933955,11.154886802073902,9.463475195161477,1.691411606912424,2.7984125602084116,0.7639757305076367,0.4930651581601954,0.11319972269851364,21.510966861157755,8.45714886615083,7.050893181120324,6.002924813886608,2.9505726453907344,183.8826433107232,0.29028800114342884,60.18484441674163,50.03324789064326,18.160804020100503,$icP_{v}^{syst}$,[mmHg],6.708261407839817,14.04990172646957,14.140040218527515,14.027521969930307,14.06888867541435,2.648601184857984,6.541816367434875,13.530585187502538,11.544202789607201,12.45672291297306,15.256693468674063,13.427887487930757,8.942417325487904,1.8491325613469762,0.3301650825412706,0.5489764270621041,7852.9364385010485,1.6391047008407422,0.2721571578872692,0.5555208760581731,0.49575381468334123
188.8326025058802,132.2455845119338,163.05090305221668,207.87736119137773,113.11298765460161,187.8419371606494,38.08613046453426,17.24639169519202,27.07510632309756,40.96930758311231,113.111382982857,225.60687687763212,163.96589020207173,81.88022845747646,142.80240093105346,45.25045990476396,11.32801564694568,9.611086959413727,1.7169286875319516,2.8456702664770024,0.7767228064554073,0.501505914739049,0.11513176311946789,21.689380051922775,8.527302644154906,7.109387494980763,6.052689912787106,2.9505726453907344,185.41035504165959,0.29028800114342884,60.217110920157936,50.136496080395624,18.402010050251256,$icP_{v}^{syst}$,[mmHg],6.763329924577728,14.1646293077714,14.265934145183174,14.152137907968148,14.194037538209578,2.67135010156644,6.5949614569904105,13.647703178768126,11.643981830127574,12.564416620596912,15.384976246494714,13.555031341066766,9.02030386649141,1.8702560307733178,0.3301650825412706,0.5489769129730362,7917.909135822113,1.6391606205984324,0.2722175410620571,0.5555398282292975,0.4958633680746925
190.38524110547527,133.34489720082016,164.39648512633673,209.6707477686913,114.04046226141558,189.28223774067573,38.399052557559685,17.39433060473937,27.30172422539659,41.335182498677085,114.03853313790879,226.99541448357868,165.33401771538516,82.57126976721263,143.98373226875307,45.61713937900498,11.502488251652156,9.75983804475456,1.7426502068975962,2.8932950901647114,0.7895659036379552,0.5100142310055327,0.11707934903414062,21.867665584359983,8.597407902974988,7.167843222836729,6.102414458548263,2.95057277437444,186.93695283964303,0.29028800114342884,60.24889795399376,50.23825410629983,18.64321608040201,$icP_{v}^{syst}$,[mmHg],6.818345253956178,14.279254528457704,14.391823125669145,14.276746384868028,14.31918035513833,2.6941001298216314,6.64807286127707,13.764790582284352,11.743738877076998,12.672085047607172,15.513180450322592,13.682229589207187,9.098181053920595,1.8914283419230984,0.3301650825412706,0.5489773958271201,7982.832358299091,1.6392160215128417,0.2722786317354231,0.5555585802693435,0.4959742127910255
191.93741915036696,134.44383919643525,165.74161223619157,211.46546165603218,114.96791947886722,190.72217376319563,38.712038919761866,17.542318050955632,27.528399778852165,41.70157905532211,114.96604748282795,228.3845773624497,166.70248267074916,83.26235972407218,145.1665366348759,45.9852093119622,11.678415766289692,9.909808250964494,1.7686075153251997,2.9413141004967223,0.8025103917652677,0.518600860172838,0.11904447126017,22.04587184381134,8.667482443089481,7.226270652761554,6.1521187479603086,2.9505732798426383,188.46310239537434,0.29028800114342884,60.28031099394538,50.33879643298993,18.884422110552762,$icP_{v}^{syst}$,[mmHg],6.873312515485016,14.393851539333928,14.517756674048647,14.401397268586305,14.444366080268864,2.716871821631301,6.701190124649653,13.881932932148027,11.84352465450174,12.779793138503528,15.641388475225332,13.809755361905895,9.176079600172644,1.9126634266819014,0.3301650825412706,0.5489778767114444,8047.754363520705,1.6392668776616124,0.2723392500304757,0.5555757211185206,0.4960841986235879
193.48878545886905,135.54228651839816,167.08600779428113,213.25989349146582,115.89448060672021,192.1612279175371,39.02483039096251,17.690290990451388,27.754966675087683,42.06806903617752,115.89255428611453,229.77288343447526,168.07077592225514,83.95365799711145,146.35034506694242,46.354493958973066,11.855720921011123,10.060946159057327,1.7947747619537955,2.989708591731306,0.8155540745521606,0.5272568112692603,0.1210256122891932,22.22397069384224,8.737513985585784,7.284663536664259,6.2017931715921994,2.9505738251982114,189.9885484380459,0.29028800114342884,60.31106371596171,50.4378726305029,19.125628140703515,$icP_{v}^{syst}$,[mmHg],6.928232534190662,14.50837973686942,14.64371414961347,14.52606916752783,14.569574133724675,2.739650005963858,6.754294762844706,13.99907518390447,11.943307852598554,12.887501191475483,15.769590740228962,13.937366234741962,9.253986953197751,1.9339440271211745,0.3301650825412706,0.5489783570196255,8112.613642470415,1.639323524670331,0.27240088984379146,0.5555948170726438,0.4961960455465704
195.03838330241683,136.63940294794804,168.42882425834878,215.05314426568705,116.81986961709336,193.59872031610473,39.337474647566225,17.838205273446675,27.981420816086224,42.43479428789951,116.8184541368689,231.16071183560246,169.43835372286335,84.64463278271148,147.53513419816804,46.72497539499375,12.03432489023888,10.213168046939224,1.8211568432996557,3.0384534819887654,0.8286880005068541,0.5359840322718082,0.1230228145979705,22.401823412389625,8.80744608306142,7.342972785011601,6.251404544316607,2.950574356774022,191.5122717489149,0.29028800114342884,60.34124059619395,50.53560062574481,19.366834170854272,$icP_{v}^{syst}$,[mmHg],6.983083487176932,14.622789721817597,14.769690758379722,14.65075076515574,14.694795696585071,2.7624352106504344,6.807391646601409,14.116171154443535,12.043036556748932,12.995165256297255,15.897718534398296,14.065068788967363,9.33185927310536,1.9552627714212671,0.3301650825412706,0.5489788347557074,8177.390873196535,1.6393809749715076,0.272462649857225,0.555614187864056,0.49630811355135285
196.58772623459888,137.7364758709322,169.7713768080516,216.84733810996227,117.74502458960426,195.0357906066094,39.6499654724897,17.986144696654495,28.207806429492425,42.80172977511277,117.74363311880562,232.547869054832,170.80617122793174,85.33604503671698,148.7206218390994,47.096677104072434,12.214361378918351,10.366608405354865,1.8477529735634861,3.087590729654975,0.841924882277897,0.5447819450315345,0.12503633690484195,22.579659726195548,8.877374800170662,7.4012796446738935,6.301005281350994,2.9505748840106527,193.03577079437866,0.29028800114342884,60.37098330690392,50.63199830527928,19.608040201005025,$icP_{v}^{syst}$,[mmHg],7.037912787413817,14.737158398039174,14.895657002852076,14.775426203385864,14.820009197671588,2.7852278028888477,6.860457878145836,14.233297913779529,12.142802681924357,13.10286181778434,16.025838002081638,14.19289376924398,9.409765301321421,1.9766321753749292,0.3301650825412706,0.5489793088080855,8242.151721272297,1.6394388762259586,0.27252508118718244,0.5556337123013482,0.49642140753696945
198.13601280890532,138.83281175338124,171.1129588161551,218.64155517614705,118.66961502122969,196.4718563264319,39.9622185274753,18.134045965900487,28.434054231945492,43.16878224570549,118.66797129311433,233.93409663601165,172.17357228113315,86.02725927975659,149.90653442752182,47.46903270144794,12.395753455981021,10.521196288146283,1.8745571678347372,3.1370985141372705,0.855257700556341,0.5536486973010482,0.12706559856673125,22.75738828549262,8.947263362245497,7.4595550947495175,6.350569828497606,2.950575407338039,194.55825246467018,0.29028800114342884,60.400312411190235,50.727094938090644,19.849246231155778,$icP_{v}^{syst}$,[mmHg],7.09269218032016,14.851437062117173,15.021622870804412,14.900098214824723,14.945220835834355,2.808021314691827,6.913488874824362,14.350405326703529,12.242554519085411,13.210539892021243,16.153891860865365,14.320901266361268,9.48765891958053,1.9980431350116588,0.3301650825412706,0.5489797801067438,8306.873051486078,1.639495100998383,0.2725878228148638,0.5556526692796876,0.4965352690437192
199.6834702284606,139.92859651135007,172.45379593155872,220.43545606921714,119.59331145958099,197.9070732368741,40.2743772859687,18.28194606366996,28.660238184472764,43.5360421155888,119.59159055197668,235.31987111473708,173.54083056269485,86.71855969585049,151.09373214173726,47.84256581518253,12.578522687043689,10.676945034141864,1.9015776529018253,3.1869803153207537,0.8686883977450454,0.5625869623083263,0.1291112705785946,22.934967650778034,9.017089551147476,7.517776843305533,6.400101256325025,2.9505759386214554,196.07996007164974,0.29028800114342884,60.429023330783274,50.8208635273586,20.09045226130653,$icP_{v}^{syst}$,[mmHg],7.147430385686979,14.965651035821057,15.147602172124897,15.024781956973651,15.07044446440691,2.830825325551973,6.966522208560057,14.46751605173752,12.342291017487135,13.318219311351124,16.28190689219548,14.44903564812493,9.565557235122437,2.0195044092836687,0.3301650825412706,0.5489802496363148,8371.53180217067,1.6395562400487504,0.2726513150508845,0.5556732902847337,0.49665049923291227
201.2304402894574,141.02405566213727,173.79416453027093,222.2303782203029,120.51679695150168,199.34181210881954,40.58655851233445,18.429885482917076,28.88645385572153,43.903773206357556,120.51531185610357,236.70602691216007,174.9084176913135,87.41015973152074,152.28237500985514,48.21752900258597,12.762725852098319,10.833895919257358,1.92882993284096,3.2372501752986387,0.8822197105783365,0.5716021161555848,0.13117427930822018,23.11247656475925,9.086889353958474,7.575974919121113,6.44961229167966,2.950576464352947,197.6012175537449,0.29028800114342884,60.45735998713218,50.91349528705745,20.331658291457284,$icP_{v}^{syst}$,[mmHg],7.20214326347311,15.079831629153098,15.273628947274561,15.149510959285129,15.195714311761726,2.8536478424196035,7.019558866684769,14.584669720454254,12.44206070054287,13.425937392032687,16.40992589712721,14.577294417053835,9.64348307454181,2.0410287953522452,0.3301650825412706,0.5489807159529018,8436.175786605118,1.6396155768499516,0.2727146447352085,0.555693301515409,0.4967654360351071
202.77596282732546,142.11850440092223,175.1332265798194,224.0246580938205,121.4392497384702,200.77518430866775,40.8983762586749,18.577762489385435,29.11245336985821,44.27144141964707,121.43758923508778,238.0905408783484,176.27531642801702,88.10165111233894,153.47108729889734,48.593372029878175,12.948223410215974,10.991946295359629,1.9562771148563454,3.2878748324708638,0.8958431737728881,0.5806815460934058,0.13325224043356385,23.289832381156444,9.156630265960422,7.634126744400816,6.499075370795207,2.9505769941029447,199.12109475136106,0.29028800114342884,60.485189022051614,51.004793717166585,20.57286432160804,$icP_{v}^{syst}$,[mmHg],7.256795438703633,15.193894458247753,15.39961708586076,15.27419888627365,15.320944335792348,2.876462376847669,7.072542167997206,14.701779729087335,12.541795830864027,13.533615038176267,16.537852178959763,14.705666211750856,9.721388402864365,2.062585808755478,0.3301650825412706,0.5489811798244824,8500.747481692913,1.6396765887485747,0.2727788234987047,0.5557138797006993,0.49688192150032584
204.3210708894202,143.21271591706096,176.4718964279498,225.81965728631275,122.36164483043673,202.20808905969068,41.21023567049705,18.72567288044898,29.33848574117157,44.639514855931495,122.36002165010889,239.4754619440988,177.64248313530717,88.79331125359694,154.66118012423868,48.97060926974531,13.13515859137516,11.15120203842113,1.9839565529540277,3.338888509200998,0.9095676039783237,0.5898380459205501,0.1353475447111685,23.467123756829505,9.226347134339944,7.6922568678098635,6.5485197546796945,2.950577514824285,200.64059503039104,0.29028800114342884,60.512734875960504,51.09501435210577,20.814070351758794,$icP_{v}^{syst}$,[mmHg],7.311422115336303,15.307923865298697,15.52566197170258,15.398940185441573,15.446228834367876,2.8992949152311587,7.125531279026369,14.818934903795252,12.641558302435435,13.641326517741636,16.66578143257199,14.834301208942641,9.799315377704433,2.0842051284799115,0.3301650825412706,0.5489816412696207,8565.31513813057,1.63973437353208,0.2728427118196037,0.5557333658559147,0.49699787990834243
205.8649965949414,144.3061010593479,177.80951082222745,227.61389604308673,123.2828245233384,203.63986871736017,41.52185765869533,18.873542713722127,29.56436918056339,45.007682899793856,123.28125650591141,240.85929163432735,179.00929566795693,89.48483944479902,155.85205527082218,49.34881254416139,13.322132547129348,11.311576720339263,2.010555826790086,3.3902630325162084,0.9233860407924354,0.5990618847139486,0.13693641885925698,23.644238410016825,9.295990778434714,7.7503260664421765,6.597921565139932,2.9505780384987554,202.15896536574854,0.29028800114342884,60.53963072154968,51.18393219103088,21.055276381909547,$icP_{v}^{syst}$,[mmHg],7.365995311012779,15.421860954582545,15.6516953989541,15.52366768834914,15.571500315564647,2.92211872063564,7.178505526170068,14.936066717196788,12.74128836839639,13.749013067190704,16.793673218670364,14.963020823639194,9.8772289039815,2.105862843694143,0.33059386836275273,0.5468972345391693,8629.797716633688,1.6397982942666784,0.27187113204218033,0.5557549310239571,0.49711557285760727
207.40788391613066,145.39885151645498,179.1461867808019,229.40832710195897,124.2036468456572,205.07065507564675,41.83329347216894,19.02138480561414,29.79015145828359,45.37605582718528,124.20199599010272,242.24255203641104,180.37587973147689,90.17646076074772,157.04338018740637,49.72819541427448,13.511718631289577,11.473086367618547,2.03863226367103,3.4420037908165537,0.9372996106544007,0.6083563218317876,0.13905516746537908,23.82126503878004,9.365604676754954,7.808372025036785,6.647288336988298,2.950578569962927,203.67635359324896,0.29028800114342884,60.5662700983916,51.271750130602214,21.2964824120603,$icP_{v}^{syst}$,[mmHg],7.420520931019447,15.535712412987797,15.777735092017732,15.648398336082096,15.696776731907535,2.9449446559322046,7.231441096387166,15.053187857692357,12.841015789797677,13.856690643281476,16.921543856641165,15.09178933065477,9.955139823085775,2.1275528364366902,0.3301650825412706,0.5468972345391693,8694.255279196004,1.6398580779705225,0.271935342897578,0.5557750926087445,0.4972329822196271
208.95041605889477,146.4913078016836,180.4825130759221,231.20291736544308,125.12378275203142,206.5011485735684,42.14467685863839,19.169270193669213,30.015922643864755,45.74466391468484,125.12213415114755,243.62559786781387,181.74275149650802,90.86823977473217,158.2361582007227,50.10869347863573,13.702731738903523,11.635801837300608,2.066929901602916,3.494133595075518,0.9513143062661934,0.6177238624710818,0.1411907316764449,23.998189539109596,9.435173344149275,7.866378815740127,6.696637379220191,2.950579094336817,205.19342729876732,0.29028800114342884,60.59229385228074,51.35836925438196,21.537688442211053,$icP_{v}^{syst}$,[mmHg],7.47502458752645,15.649529951582048,15.903814747281793,15.773166919438232,15.822091123532733,2.9677851819318795,7.284389210003321,15.170347496323561,12.940764996042642,13.964403642562603,17.049416662161924,15.22086430495225,10.033078902767487,2.149290133583544,0.3301650825412706,0.5468972345391693,8758.6647926422,1.6399234644737108,0.2720004457428151,0.5557971544031108,0.49735202258246963
210.49177786462315,147.58299318286052,181.81777522898156,232.99796463047258,126.04360858831032,207.93048841337887,42.45590587120909,19.317125451429728,30.241588277266075,46.11346474707579,126.0417998661942,245.0080227463897,183.10928274437254,91.56004225229941,159.42935849459775,50.490382116695685,13.895080201764907,11.799639850235991,2.0954403515289166,3.546626122305342,0.9654225973027846,0.6271619769021981,0.14334223103638583,24.175018065202696,9.504710259081662,7.92436075534205,6.745947050778991,2.9505796199713203,206.70938752661803,0.29028800114342884,60.61814674225538,51.44394801988233,21.77889447236181,$icP_{v}^{syst}$,[mmHg],7.529478543813839,15.763257971858058,16.02989765911763,15.897934623098235,15.947406798643264,2.9906269077805496,7.337293886837552,15.287499997138209,13.040508222273488,14.07210297985163,17.17723596121299,15.35007614346511,10.1110102257112,2.17107647491035,0.3301650825412706,0.5468972345391693,8823.052601181722,1.639983096658095,0.2720652963429979,0.5558172657188067,0.49747060171596524
212.0324176052238,148.67418472727394,183.15238640329426,234.79276974793603,126.96243639411293,209.3591048898881,42.76695736998727,19.464987828161714,30.46716948171692,46.48246356818398,126.96049627632848,246.3897012731068,184.4757362915803,92.25194172772096,160.62370301442633,50.87308142168958,14.088798428263448,11.964637063037008,2.124161365226441,3.5994924348191812,0.979628322512936,0.6366695849989626,0.14550983175975332,24.351722621606527,9.574194607298153,7.982298797074238,6.795229217234136,2.9505801452569966,208.22466651957635,0.29028800114342884,60.64337945124885,51.52832915512208,22.020100502512562,$icP_{v}^{syst}$,[mmHg],7.5838954481098115,15.876926514472233,16.15599809208631,16.022718244546553,16.072738973820368,3.013475399563178,7.390196439621558,15.404669466594754,13.14024421286126,14.17980919061999,17.30502477068309,15.479416794534515,10.188952253213658,2.1929037669206175,0.3301650825412706,0.5468972345391693,8887.370547587905,1.6400493912483822,0.2721311284676086,0.5558396350916722,0.49759097556401766
213.57173360051598,149.76449061957362,184.4858180558674,236.58723777109512,127.88062756116265,210.78642270210193,43.07786796172683,19.612804538500683,30.692664805463586,46.85166976090491,127.87886465319718,247.7710449431202,185.84176309636453,92.94372825956835,161.81874453023846,51.25698805130472,14.283834016761418,12.13073448417474,2.153099532586679,3.65271419143178,0.9939258427855943,0.6462493180896764,0.14769358133580263,24.52825781270068,9.643613616269153,8.040180427130512,6.844463769301014,2.9505806760101723,209.73868427119325,0.29028800114342884,60.66834187982424,51.61170655859074,22.261306532663315,$icP_{v}^{syst}$,[mmHg],7.6382552854402865,15.990499046488786,16.282080977176,16.14748177123091,16.19805183565289,3.036328140594878,7.443072983631542,15.521809559289617,13.239958252810093,14.2874942731991,17.432755830903737,15.608850770213701,10.266877443356059,2.2147816310826247,0.3301650825412706,0.5468972345391693,8951.643929281387,1.6401130356580365,0.2721966046956864,0.5558611052370297,0.4977106986562965
215.110386206726,150.85436307679376,185.81863430534494,238.38171126656127,128.79822277263648,212.21306671055294,43.38865149237585,19.76062474810998,30.918082382510544,47.22100020408844,128.79646299694525,249.15173146073604,187.20774782070598,93.63562097163141,163.0146681908079,51.64198279203933,14.48024600314551,12.29799607304699,2.18224993009852,3.706311493751463,1.008321056267639,0.6558991868052245,0.14989346770636885,24.704712180560833,9.713001305752442,8.098037404591532,6.893673470216857,2.950581201858186,211.25208539882428,0.29028800114342884,60.69288040039035,51.693986729224214,22.50251256281407,$icP_{v}^{syst}$,[mmHg],7.692569132616277,16.104008601281066,16.408198190957428,16.27227569452074,16.323396784155182,3.0591860799301864,7.495932996319352,15.638965881346243,13.339680303511436,14.395189480152712,17.56046388021904,15.738554393784847,10.344814391719288,2.236704666300253,0.3301650825412706,0.5468972345391693,9015.875594084553,1.640178574294003,0.2722626589039347,0.5558832182829161,0.49783147858363325
216.64786765719262,151.94338468795863,187.1503701801566,240.17633958955955,129.715438914729,213.63863770472554,43.69927272547209,19.908433316388926,31.143413700088466,47.5905938947161,129.71361697454722,250.5318964944899,188.57350667112843,94.32754256928727,164.2111260519325,52.02811126564022,14.677990542567743,12.46637564273525,2.211614899832494,3.760270592852018,1.0228089367151567,0.6656201595753968,0.15210947450285275,24.881029536731656,9.78233698711108,8.155850364135304,6.94284218548527,2.950581726193624,212.7643604028167,0.29028800114342884,60.71721871490842,51.775290407942165,22.74371859296482,$icP_{v}^{syst}$,[mmHg],7.746812617937681,16.217440439734187,16.534300115642885,16.397052934278758,16.448726058659194,3.082047848540082,7.548761470844674,15.756114598700956,13.43939757618925,14.502879211088166,17.68812970098395,15.868425423870478,10.42274944424261,2.2586739447095603,0.3301650825412706,0.5468972345391693,9080.08072403103,1.6402392975186366,0.27232858415081446,0.5559036995849002,0.49795202270548333
218.18513092380013,153.03231661361934,188.48189909211905,241.97110254142748,130.631876614716,215.06388301757582,44.009822599542275,20.056278202105194,31.36872909872171,47.96045519092565,130.63012727917655,251.91178862224774,189.93955377147154,95.01967735842645,165.4090729858256,52.41537506836046,14.877157500436725,12.63595782694386,2.241199673492865,3.8146169831071894,1.0373983936992586,0.6754137340193866,0.15434223081511128,25.05727995600482,9.851642671569108,8.213638544501373,6.991998739934343,2.950582254668565,214.2764534801847,0.29028800114342884,60.74096439709511,51.85550386252938,22.984924623115578,$icP_{v}^{syst}$,[mmHg],7.801032928524266,16.33083402269268,16.660470281104946,16.521893972777942,16.574120504638966,3.104922195267848,7.601602299155925,15.873311710477035,13.539139494171577,14.610604970431552,17.815846776648264,15.998484139173001,10.500714097294345,2.2806919760897255,0.3301650825412706,0.5468972345391693,9144.23136303012,1.6403075499877335,0.2723953573145449,0.5559267318822763,0.4980741172408245
219.7199903744225,154.11948374236627,189.81129113709807,243.76442418104216,131.5471087175603,216.4869720093932,44.320101620913974,20.20397721953923,31.593842270102673,48.33032193611417,131.5458145008274,253.29061662579764,191.30440578554138,95.71132325182393,166.6071575419785,52.80366286620441,15.077504998951758,12.806519218068013,2.270985780883745,3.8692807837658436,1.0520684918715597,0.6852741664788345,0.15658997209179337,25.233252564654762,9.920841028457922,8.271337788250488,7.041073747946353,2.9505827787720773,215.78622117736464,0.29028800114342884,60.7644457754495,51.93473656987791,23.22613065326633,$icP_{v}^{syst}$,[mmHg],7.855165458355273,16.444070940060413,16.786610047472653,16.646694386680366,16.699478685236503,3.1277890665268746,7.654395834736979,15.990410397252763,13.638801498989462,14.718248640504225,17.943460253784746,16.12860351240601,10.578617465631837,2.302749688915969,0.3301650825412706,0.5468972345391693,9208.29761022922,1.6403722079568537,0.27246178886190936,0.5559485467611641,0.4981955871316358
221.25528181233628,155.20705547348922,191.14102609232302,245.55939490641762,132.46241605657323,217.91032880732632,44.63034958237105,20.35175249421727,31.818987099534063,48.70049552651268,132.46109247979015,254.66931339698186,192.67009305133848,96.4035555793647,167.8065149305426,53.19314108910794,15.279354055789327,12.978357952759524,2.3009961030298025,3.924356259661285,1.0668461601596595,0.6952085675821329,0.15885488893404698,25.409265326364622,9.990055663133784,8.329050193952309,7.0901594692785315,2.950583303961055,217.2964546384105,0.29028800114342884,60.787580277433705,52.01297742272861,23.467336683417084,$icP_{v}^{syst}$,[mmHg],7.909299240757205,16.55731491051556,16.912789734065598,16.77153976709464,16.824879919075688,3.1506702197061833,7.707185755095806,16.107606786987116,13.738539908300302,14.825971735127812,18.071135773234435,16.259044568351943,10.656586230688713,2.3248426460750498,0.3301650825412706,0.5468972345391693,9272.369123960127,1.6404385568930404,0.27252893853759885,0.5559709345236276,0.4983183701179972
222.78947402323996,156.29392182060838,192.46977055980298,247.35429607845546,133.37722345547013,219.3325661772764,44.94040034285216,20.499495761046013,32.04401538367346,49.07083105259679,133.37570007489862,256.0472279068273,194.03544916898497,97.09573889178405,169.00641721664456,53.58342231701248,15.482522429526021,13.151307258623255,2.331215170902767,3.9797905506026856,1.0817164650978255,0.7052120737403589,0.1611355567079203,25.58517240651669,10.059231999633472,8.386732338672266,7.1392080682109516,2.9505838325494467,218.80563397421312,0.29028800114342884,60.81049694538634,52.0902730192543,23.708542713567837,$icP_{v}^{syst}$,[mmHg],7.963384693519753,16.670466408497422,17.038975356721867,16.89638635120134,16.950284403555568,3.1735506058940093,7.759935343836383,16.224791019470864,13.838270412423707,14.933681955966502,18.19876533018413,16.389648158275023,10.734548207460412,2.346976480102754,0.3301650825412706,0.5468972345391693,9336.40564188291,1.6405022409786816,0.27259610404740187,0.5559924184771285,0.49844118205698895
224.32228111147663,157.37985224035071,193.79729960871651,249.1480532881482,134.29057945629378,220.753419813681,45.250249201668375,20.647181291554645,32.268906442634986,49.44125006303243,134.2893004052101,257.4242498063933,195.4002140136002,97.78762322749147,170.20731277875646,53.97461234212994,15.686962619545207,13.325323352495586,2.361639267049622,4.035568778153381,1.0966764870887276,0.7152833668482314,0.16343178235893185,25.76085216668274,10.128313415090009,8.44433338411587,7.188205367476859,2.9505843631872803,220.31348754562282,0.29028800114342884,60.83284216826037,52.16653073912345,23.94974874371859,$icP_{v}^{syst}$,[mmHg],8.017410264749868,16.783514002287777,17.16514338547987,17.021212536072937,17.07566913687458,3.1964323664802414,7.8126776676151355,16.341940618647953,13.937952120747749,15.041357952617826,18.3263287664107,16.52040903866079,10.812488150248155,2.369151361896602,0.3301650825412706,0.5468972345391693,9400.340561940566,1.6405729161167708,0.2726638181317082,0.55601627141567,0.49856499706286184
225.85485823669154,158.46559676983165,195.12457196266507,250.9426855388943,135.20394438214092,222.17410188690002,45.560052613003805,20.79494233235606,32.493814156620495,49.811978167569464,135.20259707503902,258.8011511486533,196.7655881984311,98.47994878525424,171.409212069107,54.36704424049189,15.892838960720185,13.500551708587953,2.3922872521322325,4.091739346433538,1.1117369578705076,0.7254286782836011,0.1657450014449485,25.936515804340452,10.197391265382391,8.501932084004101,7.237192454953969,2.950584865235122,221.82111188136628,0.29028800114342884,60.854952595225456,52.241883961860644,24.190954773869347,$icP_{v}^{syst}$,[mmHg],8.071422490723984,16.896543302086965,17.291361827906627,17.146087344307738,17.201103567800143,3.219325558799985,7.865405272886557,16.459159824682725,14.037694434793583,15.149094924421506,18.453934023805775,16.651326971508155,10.890478726689121,2.3913788841754062,0.3301650825412706,0.5468973882902292,9464.276106749865,1.6406408325959063,0.2727318834376326,0.5560391947801743,0.49868931407823514
227.38610525200266,159.55045814042114,196.4506587274085,252.73701116022016,136.1168187563402,223.59346702543368,45.86964998986552,20.942644374006704,32.71858583063819,50.18280948415399,136.1152873299392,260.1772749857835,198.13035120404575,99.1719124418309,172.6114093919783,54.76044703132133,16.100006164804014,13.676863431619482,2.4231427331845325,4.148259937841862,1.126887798588822,0.73564285572735,0.16807370247774447,26.112043316826448,10.26641905189034,8.55948990804767,7.286134356888437,2.950585396437053,223.32751505553225,0.29028800114342884,60.876921212039235,52.31636288656523,24.4321608040201,$icP_{v}^{syst}$,[mmHg],8.125375686559853,17.009464344002375,17.417568577464984,17.270946661951033,17.326524447117723,3.2422157256660844,7.918089414110866,16.57634666740584,14.13740593869668,15.256797195691146,18.58147427193026,16.78247763560018,10.968440697573838,2.413645704438861,0.3301650825412706,0.5468978349268337,9528.177312943813,1.6407047791449347,0.2727996962324154,0.5560607671705248,0.4988129021737884
228.91687441260746,160.63502565558042,197.77630969951946,254.53124650967806,137.02873493408546,225.01229939334758,46.17913848139208,21.090381655494546,32.94330912685326,50.55381645950184,137.02707165845982,261.55276543662774,199.49537469550881,99.86429885516436,173.81492893617198,55.154969808629865,16.30854984886553,13.854339398196556,2.454210450668972,4.205155685244836,1.1421367530464475,0.745926925349747,0.17041878630430668,26.287474603641325,10.335404909410983,8.617013233607423,7.335056460622926,2.950585932689371,224.8334829427013,0.29028800114342884,60.898331026137974,52.38983859708433,24.673366834170853,$icP_{v}^{syst}$,[mmHg],8.179304072673807,17.122337801222894,17.543826016315165,17.3958517319416,17.45199237194099,3.265114442161755,7.970775463372557,16.693573512514714,14.237140331800289,15.364532427420224,18.709028964934593,16.91391702122095,11.046437454285432,2.4359580643119085,0.3301650825412706,0.5468982795248213,9592.011445385982,1.6407761704204034,0.2728685209533637,0.5560848617362196,0.4989383422278245
230.44629799104598,161.71866839389202,199.10074339333806,256.3256362986265,137.94021329449407,226.4298470615818,46.488460146996395,21.23807021801525,33.16794393284289,50.92507703265164,137.93861423378746,262.9279092638613,200.86005695587716,100.55639657469003,175.0189940265625,55.55062147902367,16.518387314826604,14.032892865768893,2.48549444905771,4.262400395844048,1.157474752842495,0.7562828634275849,0.1727799207422159,26.46273884795287,10.40432715181696,8.674481619145979,7.38393007698994,2.9505864488824143,226.3381366438935,0.29028800114342884,60.91962481296853,52.46252275765795,24.914572864321606,$icP_{v}^{syst}$,[mmHg],8.233176544138104,17.235112445743198,17.67006187104441,17.52073370494849,17.577438233828026,3.288014347836923,8.02342748155414,16.81077729720133,14.336855797307447,15.47224545665489,18.836588838047856,17.045483451905202,11.124412519095774,2.4583179446677006,0.3301650825412706,0.5468987218635559,9655.814930614584,1.6408422985447702,0.27293676000526046,0.5561071763093969,0.4990627132483126
231.97482204074979,162.80170602002443,200.42438459608036,258.1194398942938,138.85056779451153,227.84648797152977,46.797645107352864,21.385759961381073,33.39249445356758,51.296417037154775,138.8492100049455,264.30230931192904,202.2247142271203,101.24861423911577,176.2241326535917,55.94733736741119,16.729549141863334,14.212561863904236,2.5169872779590974,4.320004860714651,1.1729064660756898,0.7667076688495247,0.1751570782883197,26.63785894195748,10.473189268848905,8.731899441360866,7.43277023174771,2.9505869772911986,227.84195681508365,0.29028800114342884,60.94040291367643,52.53424019124855,25.155778894472363,$icP_{v}^{syst}$,[mmHg],8.287008527821083,17.347813872197467,17.7963147873186,17.645630059885423,17.702899562286763,3.3109189361255984,8.07607100027817,16.927991624332822,14.436565328412097,15.579962850813802,18.964144471007348,17.17723350095515,11.202397245683773,2.4807204100193343,0.3301650825412706,0.5468991615734625,9719.539745615808,1.6409148369653968,0.2730057931561661,0.5561316611218311,0.4991885384697092
233.50241381358703,163.8840897733546,201.74716536430273,259.91340022368115,139.7606358702532,229.26226389774035,47.106666206892726,21.533449544377554,33.61695946935922,51.66791204815114,139.75920891851584,265.676033136071,203.58929947084016,101.94090862417747,177.42974489406532,56.34511988166423,16.94204524387326,14.393354329974969,2.548690913898291,4.377972943818344,1.1884312553584724,0.7772021727226882,0.17755023130100725,26.812895912383762,10.542022728975075,8.789294821521358,7.481578361887324,2.950587504219489,229.34489784185413,0.29028800114342884,60.96102930074516,52.60512484652145,25.396984924623116,$icP_{v}^{syst}$,[mmHg],8.340800964659007,17.4604449142714,17.92257828553047,17.770532973984082,17.828369260223603,3.3338239504454186,8.128676113330785,17.04522095051156,14.536288228128663,15.687687721650068,19.091685979407124,17.30921740838637,11.280390705901489,2.50316630144119,0.3301650825412706,0.5468995988720603,9783.244510917724,1.6409835030713977,0.2730749047851495,0.5561548338168953,0.49931450918659687
235.02914024656133,164.96592309651908,203.0691646655817,261.7071000970555,140.6699813026601,230.67712466087303,47.41551440166806,21.681129905905724,33.841346051616846,52.039583334635964,140.66852677413,267.0491591286877,204.9537724277709,102.63323936038665,178.6363713989037,56.74396472811152,17.15586986547343,14.57526384236479,2.5806060231086403,4.436301074931545,1.2040500805012968,0.7877665267246504,0.17995949892926832,26.98781854242688,10.610811016972285,8.846652940131813,7.530354585322776,2.9505880482911087,230.8470696365057,0.29028800114342884,60.98133116123423,52.6751431208752,25.63819095477387,$icP_{v}^{syst}$,[mmHg],8.394553969948944,17.572998052339578,18.048867705876237,17.895456752174272,17.953861602248285,3.356732676078637,8.181260560627463,17.16246639631933,14.636010380775485,15.795416446107795,19.219216423332107,17.441488017851878,11.358389998831973,2.525652500862174,0.3301650825412706,0.5469000346669635,9846.898691186207,1.6410542426946377,0.2731443521671588,0.5561787060193261,0.499441094995525
236.55480054922916,166.04703233893824,204.39021139928738,263.50053956076124,141.5786424570346,232.09092478586567,47.72422987462907,21.828791226556977,34.06563506133488,52.41142229953121,141.57714527737335,268.421564737613,206.31803649840134,103.3256081706361,179.8437110734649,57.14389801530888,17.37099953290444,14.75826953487296,2.6127299980314818,4.494984388803797,1.219759324559195,0.7983999756758281,0.1823845763694897,27.16260369671236,10.679545055484937,8.903965844535342,7.579092796692089,2.9505885722278915,232.34814119178736,0.29028800114342884,61.00136943642216,52.744326043910675,25.87939698492462,$icP_{v}^{syst}$,[mmHg],8.448248780240906,17.685466299724744,18.17516054735774,18.020381279519597,18.07935605285839,3.3796419882559587,8.233820151139783,17.279710477279536,14.735728669115337,15.903141329927273,19.346722967247448,17.573908984741177,11.436390516996102,2.548169169837732,0.3301650825412706,0.5469004669951032,9910.50497199242,1.6411242342735342,0.273213938203598,0.5562023284847117,0.4995679372971614
238.0793779367746,167.1273880248128,205.71026543068845,265.2936643210262,142.48658546082592,233.50369780283813,48.032740351733416,21.976439593311067,34.28982352619824,52.783359775197766,142.4850007475206,269.79318839681036,207.6821169099351,104.01795943646367,181.0515821504136,57.544813914350264,17.58742903905812,14.942367531259539,2.64506150779858,4.554020462765381,1.2355598344945946,0.8091019583228393,0.18482548387170544,27.33725914171876,10.748229208853878,8.961237515612025,7.627792417252859,2.9505890963185446,233.84821462330706,0.29028800114342884,61.02112591858666,52.812675365974926,26.120603015075375,$icP_{v}^{syst}$,[mmHg],8.501870812433708,17.797849771511864,18.30144998217724,18.145299512388284,18.204845642287314,3.40255034932904,8.286345632489926,17.396960560340876,14.835442375210276,16.010864614904477,19.474213603400052,17.706460376152698,11.514392967713794,2.5707247302025293,0.3301650825412706,0.546900897169246,9974.060982257815,1.641194599947792,0.27328380499605154,0.5562260776993697,0.4996952947244483
239.60345680519504,168.20743876582162,207.02987032567472,267.08717659696765,143.39404836793275,234.9159222896378,48.34121203206769,22.124127335006964,34.514014184251735,53.15555507238662,143.39253271482792,271.1647513342455,209.04652258264352,104.71064758183054,182.2608156707838,57.94701065787621,17.805240525511632,15.127624014618814,2.6776165108928187,4.613431174784625,1.2514566360360309,0.8198778369080345,0.1872833463817291,27.511823727568185,10.81687603680112,9.018476729585013,7.676470961182057,2.9505896021335802,235.34778085402516,0.29028800114342884,61.040582932959374,52.88022577022857,26.36180904522613,$icP_{v}^{syst}$,[mmHg],8.555465627081071,17.910190942217294,18.427787230319435,18.270262412536677,18.33038091020177,3.425466223465269,8.338876031393047,17.514252279704966,14.935186773481174,16.11862605376607,19.60173485471731,17.839302065576767,11.592426757841448,2.5933347323048017,0.3301650825412706,0.5469013238980154,10037.583385755293,1.6412660325353925,0.27335393688457355,0.5562501919442094,0.49982313982393617
241.12616217902783,169.28653097250677,208.3482333982718,268.8802964240386,144.30069652734846,236.32685151611935,48.649458629091754,22.27176553589048,34.738056166724085,53.52782105292711,144.29915612602392,272.5352410826561,210.41042831343094,105.40304219036473,183.47025509577927,58.350023650149744,18.024308083328133,15.313936059591859,2.7103720237362747,4.6731826462539345,1.2674417682143007,0.8307199531655729,0.1897564792475467,27.68623386910594,10.885463825224958,9.075667805295444,7.7251022385855395,2.950590138456572,236.84610762307898,0.28985921532194664,61.05979731105842,52.94697139085217,26.603015075376884,$icP_{v}^{syst}$,[mmHg],8.60900811023114,18.02242790852921,18.55410063160486,18.395197258982,18.455889797146753,3.448375458964708,8.39136058915945,17.6315283985829,15.034907085089726,16.22636147257439,19.729214896114183,17.972391741384918,11.670442247361699,2.615975672675696,0.3301650825412706,0.546901750677074,10101.048756914392,1.6413372445377692,0.27342421467470557,0.5562742256694243,0.4999512514564116
242.64807372701196,170.36512130652403,209.6658938405956,270.67331503663854,145.20671759394958,237.7369455239026,48.9575642877305,22.41941679399148,34.962046502526,53.90030823978882,145.2052061985425,273.90526686679664,211.7744212078307,106.0956467436315,184.6806285639686,58.75415268165843,18.244709316181208,15.501367409008711,2.743341907172497,4.733295928205953,1.2835200917162881,0.8416328653684775,0.192245958685383,27.86054022422336,10.954010558716607,9.132824813501236,7.7737048520055225,2.950590672231814,238.3436683250582,0.28985921532194664,61.07873442806986,53.01292956486211,26.844221105527637,$icP_{v}^{syst}$,[mmHg],8.662512506726447,18.134594260735597,18.680444418179956,18.520158885993798,18.581427128756637,3.471289947178794,8.4438286487948,17.748829062599963,15.134644620500586,16.334116017583277,19.85677063066231,18.105653565607206,11.748476633214423,2.6386624186727436,0.3301650825412706,0.5469021751135315,10164.47023157647,1.6414093801882716,0.273494783957109,0.5562985729046303,0.5000798980189359
244.16921275347082,171.44319479426082,210.9828616653139,272.4663125988629,146.1122115325754,239.14627500631315,49.26556876466587,22.567080475067932,35.18597851713204,54.27295212081541,146.11064690258752,275.27477073891396,213.13848767226463,106.78839375752152,185.8918279447462,59.159357576903126,18.466448533906146,15.689923634332457,2.776524899573688,4.793773020210846,1.2996918717942187,0.8526161479123526,0.19475169744280518,28.03474629784168,11.022517976269894,9.189948892161125,7.822279429410656,2.9505912062379,239.84050189800507,0.28985921532194664,61.09742312679477,53.07811046772864,27.08542713567839,$icP_{v}^{syst}$,[mmHg],8.715980688464555,18.24669391099746,18.806801698370307,18.645132383470187,18.706977179403193,3.494208625749567,8.49627935759585,17.866156796593955,15.234398760434335,16.441889317387822,19.984339334184412,18.239071165478066,11.826528394387026,2.6613932457315435,0.3301650825412706,0.5469025963738561,10227.854807280279,1.6414815666829679,0.27356564439710324,0.5563229373193688,0.5002090796623263
245.6892158029154,172.5204656223582,212.29877943162015,274.2589437348372,147.01700620559137,240.55454284854932,49.57334789972091,22.7147278976782,35.409786459574256,54.64563285389929,147.01513081955187,276.64322955652943,214.50235526636664,107.48119620975308,187.10337611753715,59.56544282223163,18.689464786088774,15.879555720148046,2.8099090659407273,4.85459803264299,1.3159530731082483,0.8636657395047047,0.1972729051866478,28.208824114860814,11.090976291733064,9.247033814473756,7.870814008653986,2.9505917266637858,241.33625128589068,0.28985921532194664,61.1158718786499,53.14250092265884,27.326633165829143,$icP_{v}^{syst}$,[mmHg],8.769407119290388,18.35870831618747,18.93315681826319,18.770098220932454,18.832521547139184,3.5171234630760044,8.54869234204841,17.98348985503202,15.334152973064509,16.54965997530608,20.111896885004835,18.372607808313653,11.904584599998557,2.684157492074041,0.3301650825412706,0.5469030148255108,10291.190434391396,1.6415532972314881,0.2736368896075708,0.556347149758866,0.5003389672204944
247.20811774292008,173.5970271516763,213.6137349140929,276.051054244218,147.92097434533477,241.96167637896406,49.881020393585395,22.862360207891523,35.63355386891762,55.01856388664656,147.9193289981072,278.0115388935109,215.86610597603888,108.17397486550591,188.31603868996368,59.97271177375368,18.913775819430853,16.070262624719046,2.8435131947118073,4.9157703647426345,1.3323038729480343,0.8747882176123318,0.1998106420266142,28.382733739858935,11.159366856936591,9.304059111268044,7.919307771654299,2.9505922558376385,242.83095358266135,0.28985921532194664,61.13405087905686,53.20618330693318,27.5678391959799,$icP_{v}^{syst}$,[mmHg],8.822786451486946,18.470641352950466,19.05950822632488,18.895059263881897,18.958061523988814,3.540044589989161,8.601096069163997,18.10082710558441,15.433904078788762,16.657433626441982,20.239453093773957,18.50653853688249,11.982641722737739,2.7069714072880604,0.3301650825412706,0.5469034326360336,10354.468204173434,1.641626244400951,0.27370800877895435,0.5563717728713798,0.500468624707112
248.7264706706486,174.67323901679003,214.92817925654748,277.84348751740123,148.8245743317087,243.36824397119992,50.18858130388757,23.01002244285002,35.85725165430423,55.391677012777635,148.82272057058623,279.37905100304295,217.23008595647866,108.8669663724464,189.5293769324253,60.38089047315758,19.139440572798506,16.262115611183628,2.8773249616148795,4.97731322685771,1.3487500297210009,0.8859790595806325,0.2023644207506192,28.556596746096876,11.227740770506815,9.361073339797606,7.96778263579246,2.9505927809916526,244.32514906091959,0.28985921532194664,61.15201059236001,53.26910519463583,27.809045226130653,$icP_{v}^{syst}$,[mmHg],8.87613863406223,18.58251401181934,19.185897313930152,19.020053548149633,19.083636736086557,3.5629667417813025,8.653471655781123,18.21821353983012,15.533689451324381,16.765238690905804,20.36703928959081,18.640601166812132,12.060728246719608,2.729821638900445,0.3301650825412706,0.546903847468872,10417.72020321961,1.6416989610623964,0.27377962859504595,0.5563963186104741,0.5005992001375134
250.2436139351761,175.7485829726759,216.2415355919726,279.635645360279,149.7273807318893,244.77369295834396,50.49601843173685,23.15768205289731,36.080903711554505,55.76497699009346,149.72572077072837,280.746300505908,218.59396746808335,109.5599588203791,190.74357306996473,60.790187185120836,19.364414390720633,16.455032159761213,2.9093822309594186,5.039200363635828,1.3652842541532826,0.8972419664808,0.20413292415311005,28.730282260174928,11.29604394776159,9.418025838478759,8.016212473934583,2.9505933076701636,245.81819097945552,0.28985921532194664,61.169719230150356,53.331324580562935,28.050251256281406,$icP_{v}^{syst}$,[mmHg],8.92944574383373,18.69430403866058,19.31227362658162,19.145033903161927,19.209198647377793,3.585893740531217,8.705833189823137,18.33560654178256,15.633471399986762,16.873048527003057,20.494634412392802,18.774823357506218,12.138817671576495,2.7527175748717037,0.3305938683627528,0.5447647184230222,10480.916651232252,1.6417717973683925,0.27277992358123143,0.5564209046026618,0.5007297909653019
251.75969700650236,176.82315657596047,217.55395414759872,281.4275451129733,150.6295370599163,246.1782078222809,50.80339298066901,23.30535412957373,36.30452557141675,56.13849360796345,150.6283802381684,282.113353026903,219.95790070104061,110.25304752321034,191.95879412417432,61.20057911244904,19.59263818206835,16.649032054809204,2.9436061272591436,5.101438877486977,1.3819074862566014,0.908577559566002,0.2067094840352759,28.9038364864112,11.364295222779578,9.474936148271992,8.064605115359633,2.950593814088885,247.31018343801793,0.28985921532194664,61.187193778198925,53.39285738233175,28.29145728643216,$icP_{v}^{syst}$,[mmHg],8.982709877575946,18.80602313672134,19.438720368766962,19.27007318842696,19.334823966781748,3.6088276241604293,8.758190318898276,18.453019683548586,15.7332631159528,16.98087443479201,20.622245628653623,18.909234808827243,12.21691967332786,2.7756501866709904,0.3305938683627528,0.5447647184230222,10544.06759419414,1.641843879130059,0.27285108361439553,0.5564452386805551,0.5008604162256346
253.2751396398207,177.89739603388975,218.8657864521254,283.2194894638825,151.53110487172827,247.58207303983772,51.1105478269316,23.453030501533767,36.52803287832645,56.512044845930085,151.52990807713437,283.4792281729509,221.32193320136534,110.94636727414887,193.17441823464253,61.611475971697985,19.822180628610855,16.844152548005216,2.9780280806056387,5.164037893108014,1.3986257442924808,0.9199782205066788,0.20930148705658894,29.077305827713158,11.432513023523223,9.531818546826612,8.112974257363323,2.9505943489307374,248.80168263789827,0.28985921532194664,61.2043929559253,53.45361953105285,28.532663316582912,$icP_{v}^{syst}$,[mmHg],9.035946210796977,18.9176711285573,19.565124687497374,19.39507420515608,19.46040912736008,3.631757556973008,8.810509112374351,18.57047254151192,15.833078976648942,17.088721855707824,20.749899389076724,19.043909110562844,12.295047509666258,2.798608001921581,0.3305938683627528,0.5447647184230222,10607.177341020979,1.641918224304574,0.27292296743067396,0.5564703344936545,0.5009923701019549
254.78977040086434,178.97105891232601,220.1768636387047,285.0114407421202,152.43224521123213,248.98513344047598,51.4175535073642,23.600723146686995,36.75148620039485,56.88583727193819,152.4309064183486,284.8445785996501,222.68606848311174,111.63978136085748,194.3906110426408,62.023317511473806,20.053043517081726,17.040380862183365,3.012662654898359,5.226996234421333,1.4154350103686542,0.9314491324616166,0.21190967034259406,29.250688288031565,11.500698697009035,9.588675189140366,8.161314401882164,2.9505948751827775,250.29234063146694,0.28985921532194664,61.221424389851606,53.51371164153021,28.77386934673367,$icP_{v}^{syst}$,[mmHg],9.089145873989867,19.029248493092897,19.69154675968276,19.520089288208705,19.58601004409099,3.6546888321880058,8.862800680582172,18.68796232682988,15.932916357782458,17.19659057312477,20.877630125275385,19.17877385902993,12.373193355764386,2.821603960227327,0.3305938683627528,0.5447647184230222,10670.25716478625,1.6419907761945363,0.27299496880063795,0.5564948241472227,0.5011245397662687
256.3030529072709,180.0438011850627,221.4867518312563,286.8025229841024,153.3323124442176,250.38684206661648,51.724399538265565,23.748379503078073,36.97482123909237,57.25966281194462,153.33105333900707,286.20905162389874,224.0498891490497,112.33316827039626,195.60734962360655,62.43610443336472,20.28513708187088,17.237637152097797,3.047499929773082,5.290286812212441,1.4323299162825984,0.9429869770266869,0.21453331962903746,29.423888981364357,11.568811630371208,9.64547034222169,8.209607008771462,2.9505954003317214,251.78170084691052,0.28985921532194664,61.238166981403474,53.57309717111818,29.015075376884422,$icP_{v}^{syst}$,[mmHg],9.14229300890946,19.14071915293745,19.817942405424965,19.64507627039066,19.711583680458787,3.677617144715028,8.915064887365684,18.805448084122784,16.032740254664503,17.304446766995156,21.005352190951672,19.31375918749889,12.451334837525213,2.8446367439908626,0.3305938683627528,0.5447647184230222,10733.261871095232,1.6420655035676768,0.273067204779538,0.5565200513032276,0.5012571400916149
257.8155638917411,181.11599941933093,222.7959243867914,288.593546824669,154.2318781218177,251.78780242398096,52.03110117085054,23.89606173816691,37.19810844242811,57.63363997916859,154.23058338664566,287.5730044249095,225.4139597556424,113.02671075363706,196.8247773764147,62.849825742283336,20.518550418613337,17.43600096527339,3.082549453339946,5.353935281081802,1.4493171438260795,0.9545948173105661,0.21717325315282648,29.596996175239457,11.636888608571917,9.702236237340397,8.257871329327145,2.9505959309876655,253.27037029242706,0.28985921532194664,61.25470600124997,53.631801668963,29.256281407035175,$icP_{v}^{syst}$,[mmHg],9.19538152390615,19.252127451005094,19.944359860853105,19.770080955650847,19.83717659915685,3.7005491039900633,8.967307873903005,18.92297974884976,16.132593284359825,17.412333491557376,21.133114043687648,19.448894529183658,12.52950194678423,2.867707047098581,0.3305938683627528,0.5447647184230222,10796.231468527238,1.6421402201455741,0.2731397795451703,0.5565452737528495,0.5013903623124709
259.3275328272522,182.1878406155637,224.10460633843581,290.38487227400384,155.1311299473757,253.1882231478657,52.33777182668185,24.043794019674905,37.42139753284066,58.00787651865821,155.12979615710933,288.9367924965865,226.77861823885925,113.72057207909026,198.04315148480035,63.264656644185585,20.753325436344742,17.635505094771727,3.117820341573015,5.417953157923442,1.4663985066179106,0.9662757953540946,0.2198300345536351,29.770035053791915,11.704939501654936,9.758980120545335,8.30611543159165,2.950596453481391,254.75851804067983,0.28985921532194664,61.27106862185167,53.68987272845912,29.497487437185928,$icP_{v}^{syst}$,[mmHg],9.2484305824424,19.363487050075175,20.070813352531076,19.895118183189965,19.9628031825941,3.723488286278822,9.019541614652313,19.040569931644345,16.232491688114756,17.520267400300277,21.26094226236525,19.5842522906616,12.607706818501219,2.890823754836492,0.3305938683627528,0.5447647184230222,10859.1790963163,1.6422140296863703,0.27321250906348654,0.5565701903249872,0.5015238686058424
260.83826548804774,183.25885780216998,225.41217733098125,292.1758718332311,156.02939041003708,254.587408329431,52.644166926241844,24.191496411427526,37.64452946053633,58.38214002124974,156.02774328506004,290.2991799448743,228.14304014021315,114.41454347033694,199.2618363264531,63.68028171002326,20.989325509837016,17.83604356607065,3.153281943766368,5.482305151681254,1.483566216640149,0.9780194257727804,0.22250168957940153,29.94292678946586,11.77293210617239,9.815677596059567,8.354317087233904,2.950596977021176,256.2454809902075,0.28985921532194664,61.28715926442763,53.747221509440216,29.73869346733668,$icP_{v}^{syst}$,[mmHg],9.301432775505504,19.47474342166922,20.197252233720576,20.02013698602788,20.088413020691807,3.7464194479226656,9.071736505392412,19.15816598587845,16.332387615917707,17.628195510661733,21.388771127586494,19.719874680991545,12.685918272681867,2.913969601522675,0.3305938683627528,0.5447647184230222,10922.057328702596,1.6422898296071515,0.2732858318907786,0.5565957812595445,0.5016584640097157
262.3481271916234,184.32925599007032,226.71896469983935,293.9668384688497,156.92718210791185,255.9857897195916,52.95057919414975,24.3392398604554,37.86770894921181,58.75677156072102,156.92587455364296,291.6620229765896,229.50781745268645,115.10862244096444,200.48175845354265,64.09711368168435,21.226657488363387,18.03767919308456,3.1889782952788277,5.5470123107700395,1.5008247595895388,0.9898409189814481,0.22519090836766895,30.11568427780714,11.840872187729602,9.872327167860472,8.402484922217061,2.950597504264404,257.73166492664,0.28985921532194664,61.30308337810894,53.804013615526046,29.979899497487438,$icP_{v}^{syst}$,[mmHg],9.354403634245315,19.585943069417635,20.323698241441214,20.145162784772904,20.21403010608409,3.7693628524584306,9.12392653839249,19.275809150204356,16.432316784288727,17.73616392652397,21.516664487545235,19.855689447307753,12.764154187756771,2.937167079702999,0.3305938683627528,0.5447647184230222,10984.90274755383,1.6423647035821327,0.2733588609419594,0.556621057670006,0.5017925201420441
263.85687417327426,185.39893446104594,228.02476598707617,295.75723108517377,157.824173915677,257.3830256009473,53.25678629349015,24.486963718125107,38.09075166732225,59.13136930334743,157.82287119435304,293.0236635701353,230.87241839604252,115.80267314352633,201.70198307644708,64.51467736826609,21.46523265881379,18.240363368326665,3.2248692904871255,5.612058995586645,1.5181700159282596,1.0017264520465827,0.22789521075306154,30.288312802659853,11.908761329549003,9.928936477985193,8.45061499512566,2.9505980286371583,259.21673127934326,0.28985921532194664,61.318796586209736,53.86011125227028,30.22110552763819,$icP_{v}^{syst}$,[mmHg],9.407327785680966,19.697042961568943,20.450139991445855,20.270180128800988,20.339640508793426,3.792299791835992,9.176082649285554,19.39346952286564,16.53224624919355,17.844131795857837,21.644566949360566,19.991605226769344,12.842396132017113,2.96039171734682,0.3305938683627528,0.5447647184230222,11047.69217409739,1.6424399687834814,0.27343238252432933,0.5566464672051932,0.501927480391641
265.3648657992463,186.4680713631757,229.32987052261214,297.5475626732172,158.72068004271244,258.77954839553286,53.56286484830258,24.634724078297353,38.31376454884987,59.50613341742549,158.71932782254405,294.3848528269688,232.23736144502323,116.49706554687582,202.92298013325845,64.93325828363002,21.705125973551883,18.444151768124584,3.260974205427298,5.677463069050515,1.5356067553903738,1.0136824895363457,0.2306159679544257,30.46084107822726,11.976611181457105,9.985512787088155,8.498717109682003,2.950598556989355,260.70110433027924,0.28985921532194664,61.33432144340675,53.91558916784174,30.462311557788944,$icP_{v}^{syst}$,[mmHg],9.460222397119864,19.80808683909294,20.57659539116787,20.395207837609313,20.46526215574826,3.815240390028538,9.228223965192697,19.511181230902572,16.63221042709068,17.952139446340915,21.772559184116894,20.127667350287712,12.920673419685977,2.9836570888258964,0.3305938683627528,0.5447647184230222,11110.44760298987,1.6425150412669818,0.2735061896696188,0.5566718106657393,0.5020629648361975
266.8718464347059,187.53655134540452,230.63407503945785,299.3375402360766,159.61646232676327,260.1750629524903,53.86881806096612,24.782489062548137,38.536702943388725,59.881098643027514,159.61507570295373,295.7453584513384,233.6023473614495,117.19146530808678,204.14450131099113,65.352700796509,21.946288901314535,18.649002241322073,3.297286659992463,5.743210556643852,1.5531318178773161,1.025706957235934,0.23335266064718102,30.633248948304626,12.044414276679948,10.042050707202527,8.546783964422152,2.950599081623509,262.1845287947161,0.28985921532194664,61.34963916811286,53.97044151048498,30.703517587939697,$icP_{v}^{syst}$,[mmHg],9.513078717982532,19.919041195086272,20.703055637834094,20.520236371824193,20.590886387772088,3.838180465441244,9.280334748114807,19.62892629565188,16.73219132600128,18.060163211753782,21.90062740343785,20.26402942590756,12.998965149275644,3.0069568588090414,0.3305938683627528,0.5447647184230222,11173.152362873429,1.642590776495082,0.2735802598386615,0.5566973794322742,0.5021989321015834
268.37778738073314,188.60433594489373,231.93735653807656,301.1271003541221,160.51151200321408,261.56955106361926,54.174570537800086,24.93026282242122,38.75954689033983,60.25611920452118,160.50989062757736,297.1048932300359,234.96744419629232,117.8862269018976,205.36642733436813,65.77306179850612,22.188710546599918,18.854910695808243,3.3337998507916744,5.809300442318081,1.5707445559779525,1.0377974162593198,0.23610496211127965,30.805544059104836,12.112174124014567,10.09855396836696,8.594815966723305,2.9505996071442886,263.6669665498148,0.28985921532194664,61.36475417361338,54.02465401446662,30.94472361809045,$icP_{v}^{syst}$,[mmHg],9.565895088408586,20.02991697243536,20.829510308389708,20.64525648906637,20.71650360406306,3.8611172193425114,9.33241669744605,19.746701032589318,16.832197299573206,18.168208619038136,22.028735325536168,20.40054697697904,13.077283910870397,3.0302883460041907,0.33016508254127064,0.5447647184230222,11235.805840224986,1.6426670165846742,0.2736547846630463,0.5567231191271372,0.5023357339572552
269.8820056442846,189.67096295523504,233.23912171858444,302.9154311997915,161.4054647340336,262.96235128178427,54.48010535673436,25.077965881146845,38.98226116887528,60.63117370717624,161.40403066279157,298.4636781708564,236.33196022114657,118.580550603634,206.58873279824175,66.1942459241613,22.432293812063435,19.061777747812506,3.3705160642509298,5.875700579764622,1.5884367160941206,1.0499550936029731,0.23887257479171384,30.97760841943748,12.179842169612288,10.154979048311104,8.64278720151409,2.9506001300746436,265.1477451348725,0.28985921532194664,61.379685703021146,54.0782823732392,31.185929648241206,$icP_{v}^{syst}$,[mmHg],9.618647949867244,20.140654119727778,20.955923474459784,20.770232097533427,20.8420776988286,3.8840489093369253,9.384463255511841,19.86445262305583,16.932168177001905,18.276220890970716,22.156835527907067,20.537188794813602,13.155574682456784,3.0536389471594854,0.33016508254127064,0.5447647184230222,11298.38253138235,1.6427432960326778,0.2737291550854063,0.5567488726407397,0.5024722523841005
271.386602727423,190.73783480204764,234.54117324030364,304.7055252023944,162.29966134780383,264.35552598499623,54.7857946671457,25.225839621656693,39.20511623294893,61.006660372116606,162.29817769833218,299.8229040073976,237.69801784781922,119.27586170448521,207.81249294516684,66.61668706087912,22.677373565533287,19.269902557950267,3.407471007583019,5.94250802904698,1.6062328481685757,1.062191392235789,0.2416586108467389,31.149709212133757,12.247525413988406,10.211416289544946,8.690767508600407,2.9506006539801155,266.62892996376274,0.28985921532194664,61.39446517831267,54.13134738176232,31.42713567839196,$icP_{v}^{syst}$,[mmHg],9.671413490933116,20.25142127717088,21.08241983081302,20.8952902582676,20.967734599805866,3.906999864526559,9.436523077662436,19.982362454675,17.0322684339952,18.38436799210753,22.285110252861326,20.674058869611404,13.233972788425342,3.077043240069313,0.33016508254127064,0.5447649451537397,11360.976294346268,1.6428187696115033,0.2738040524088441,0.5567743528408282,0.502609528833712
272.8891721187974,191.8033364991293,235.8414412603738,306.49382198387,163.19235012334235,265.7467051357466,55.0910371123335,25.373598138786193,39.4277130694375,61.38196701570276,163.19076926617913,301.1802659237131,239.06308274646108,119.97072155894966,209.0359578395091,67.03964541035049,22.923533481965208,19.478933010118947,3.4446004718462597,6.0096080519774695,1.6241045537619407,1.0744851101885948,0.24445817104972206,31.321573240032883,12.315115289169823,10.267777770700997,8.738680180162067,2.95060117929137,268.1081703235598,0.28985921532194664,61.40898343028628,54.183752300528965,31.668341708542712,$icP_{v}^{syst}$,[mmHg],9.724103822608754,20.36202126333535,21.208850483372352,21.02027647643966,21.09332157562399,3.9299322703608373,9.488524668581752,20.100216653271946,17.132312182056644,18.492449780613235,22.41333229806858,20.810991398280024,13.31232844152238,3.1004630896713845,0.33016508254127064,0.5447653485154589,11423.464508633964,1.64289668064049,0.2738793118773289,0.5568006588525312,0.5027473069344038
274.3918264898149,192.86885779253316,237.14172821604078,308.28332319275415,164.08529860497936,267.13798753365387,55.396510511139546,25.52150838508766,39.650470463179694,61.75785396688125,164.08378857247504,302.5384603861974,240.42946359347053,120.66621601276861,210.26100218373512,67.46392673282907,23.171159362986156,19.689181213216923,3.4819781497692333,6.077103004204002,1.642076350762228,1.0868608503553008,0.24727660890048495,31.493418402786887,12.382697838028855,10.324130334673576,8.786590230084443,2.9506017158079554,269.5875112926467,0.28985921532194664,61.42342394651303,54.23567911432426,31.909547738693465,$icP_{v}^{syst}$,[mmHg],9.776798167119864,20.472630238721173,21.33535421327972,21.145335078179407,21.218981320267236,3.9528862672951584,9.540543782662025,20.21821032832616,17.232458822384267,18.600648284138384,22.541723339374908,20.94837032482323,13.390769008282515,3.12394105789454,0.33016508254127064,0.5447657512711929,11485.970902348556,1.6429717566694044,0.2739545653883244,0.5568260019192437,0.5028850744545899
275.89327742246724,193.93361901668897,238.44097256016028,310.07191256691783,164.977160634446,268.52802314081885,55.70165226613357,25.669393510449936,39.87306750623702,62.133612536194796,164.97540957495875,303.8951483524717,241.79573730796437,121.36194810381714,211.48617151274064,67.88892332915407,23.419986719612673,19.900445205685337,3.519541513927335,6.144926951486763,1.6601320752145938,1.099297432320935,0.2501096871617214,31.66514017971477,12.450232435802668,10.380446493986,8.834461249926107,2.9506022195144803,271.06562960468807,0.28985921532194664,61.43759548996132,54.28695076882656,32.15075376884422,$icP_{v}^{syst}$,[mmHg],9.829442427414829,20.583127092311496,21.461851738503366,21.27038237984061,21.34463197811661,3.9758295213120345,9.592518338477527,20.336222321124897,17.3326222785326,18.708851361282534,22.67014291572381,21.085833882205442,13.46922674005184,3.147443821594191,0.33016508254127064,0.544766150830798,11548.40124441122,1.6430494291589328,0.27403049780845096,0.5568522311453068,0.503024090961855
277.39310022989616,194.99722619345295,239.73874432088644,311.8597035876417,165.86826358531826,269.91651843883216,56.00668911058865,25.81724159401376,40.09559024086793,62.509532687715264,165.86675277360817,305.2514696959372,243.16168441976103,122.0573721380037,212.7119308788285,68.31483673130997,23.66999465501661,20.11267673946764,3.5573179155489667,6.213063938549271,1.6782680693644036,1.1118045550578188,0.252958825246639,31.836632791258303,12.517676401294553,10.436683448418927,8.882272941544818,2.9506027474760974,272.542250742531,0.28985921532194664,61.45169052441929,54.337740925155586,32.391959798994975,$icP_{v}^{syst}$,[mmHg],9.882030620873238,20.693509153118292,21.58829789803819,21.39537771860142,21.470231056408483,3.9987726920044437,9.644467681311994,20.45423039273831,17.43276260138367,18.817041415872747,22.798599755410827,21.22342566786451,13.547670035736928,3.170983454461569,0.33016508254127064,0.544766548715462,11610.778450972279,1.6431247596822067,0.2741060317838683,0.5568776620599678,0.5031623774077161
278.89226195660075,196.0604047579309,241.03594313401433,313.6472723841154,166.75874341840884,271.30436876671183,56.31159431270036,25.965146391388004,40.31807263202721,62.88557013813549,166.75719905723307,306.60705776521377,244.52820064245893,122.75334770484145,213.93837547045084,68.74169741486732,23.92130920282558,20.3260082441942,3.5953009586313813,6.281557390563041,1.6964947412232194,1.124379457174143,0.2558241845459306,32.00805842002228,12.585094628055478,10.492900716109245,8.930063075857566,2.950603271771008,274.01823820665993,0.28985921532194664,61.46555773372035,54.38791927122839,32.633165829145725,$icP_{v}^{syst}$,[mmHg],9.934550815662904,20.803840016129634,21.714767906745365,21.52039367354139,21.59585209340538,4.021716834019938,9.696395364618727,20.572314000748204,17.53296297149205,18.925289130175692,22.92719391141333,21.361159130996466,13.626167573892184,3.1945601243855006,0.33016508254127064,0.5447669449202434,11673.112039288619,1.643201625231307,0.27418227919994465,0.5569036138989388,0.503301974829046
280.39062641117283,197.12309725467478,242.33239898597887,315.4346506761124,167.6485692359993,272.69136055287817,56.616379080750384,26.113083379198958,40.540514110556714,63.26182002135375,167.64700003996188,307.96205589978393,245.89506967444407,123.44954211898667,215.16549967708934,69.16946575842977,24.173898270029625,20.540404748511772,3.633493521517853,6.350393658443607,1.7148115238782533,1.1370232081171951,0.2587058656705499,32.17938401286602,12.652474307075662,10.549086323250734,8.977823382539624,2.950603805059609,275.4935572327044,0.28985921532194664,61.47923751456372,54.43755060997418,32.87437185929648,$icP_{v}^{syst}$,[mmHg],9.987049249617947,20.914095295167748,21.8412533724695,21.645420517093356,21.721485441523264,4.044662768003185,9.748301356800777,20.690460461239034,17.63320236358031,19.03357852673378,23.055880093906566,21.499135677675078,13.704700245328837,3.218172894639055,0.33016508254127064,0.5447673408257916,11735.399846519951,1.643280097695862,0.2742588712001911,0.5569301086367521,0.5034422048584131
281.888039268649,198.18508711323568,243.62802086937805,317.22222667067825,168.53792715551438,274.077507850992,56.92108839921509,26.261052272271822,40.76292231706503,63.63822940745528,168.53627837372233,309.316604698225,247.26223784379656,124.14592059528661,216.39318986660936,69.59810535037805,24.427766407680465,20.755867533073626,3.671898874606839,6.419577571197728,1.733214108913503,1.1497371309011415,0.261603875036598,32.350587777070324,12.719805681902153,10.605231340814461,9.025550754353715,2.950604323389259,276.96787315286093,0.28985921532194664,61.492797594738626,54.486657299936894,33.11557788944724,$icP_{v}^{syst}$,[mmHg],10.03950739920186,21.024274759627676,21.96774218497701,21.770448147023302,21.847120657140252,4.067610014658945,9.800185883175821,20.80866052173009,17.733478345868427,19.14190423615786,23.184638777997588,21.637385793559645,13.783263186827021,3.2418202718403535,0.33016508254127064,0.5447677335280329,11797.654900886007,1.6433563520530035,0.2743356045693955,0.5569558544418235,0.5035826971482675
283.38440269210844,199.24640457206536,244.9226970602898,319.00952590438465,169.4266218869219,275.46258583595926,57.225636073660425,26.409001948359286,40.985277379226055,64.01476166174672,169.42495440604287,310.67056688789694,248.6296944888339,124.84260991599218,217.62131196090553,70.02772739858439,24.682877012944143,20.972363874402628,3.710513138541515,6.489095303918134,1.7517030190097638,1.1625197957370963,0.2645180654586414,32.521682998146474,12.787097303341442,10.661343830477684,9.073241864327349,2.9506048471883872,278.44124438763896,0.28985921532194664,61.50621921040745,54.53524487473529,33.35678391959799,$icP_{v}^{syst}$,[mmHg],10.091930255202577,21.134381447564785,22.094232156658506,21.89547355648644,21.972755381367,4.090556998963158,9.852041871925943,20.92691144128269,17.83379637626492,19.250266022607427,23.313476983408606,21.775759103004287,13.861859045127401,3.2655063797967765,0.33016508254127064,0.5447681243403069,11859.863532084533,1.6434326629818259,0.2744125291412517,0.5569816183782937,0.5037235419630226
284.8796513212731,200.30694791087802,246.21639523822833,320.79584899671835,170.31427942373674,276.8465905765451,57.53002724505091,26.5569276266764,41.20752738738857,64.39124799606229,170.31246508424724,312.02343029355416,249.99715681360425,125.5393509653551,218.85026197712554,70.4580966896173,24.93920259641163,21.18988036019628,3.7493222362153498,6.558942945252557,1.770276713363817,1.1753662223378127,0.2674476948228985,32.692586214180146,12.854307150503779,10.71738735704416,9.120891706632198,2.950605377799845,279.9135641152648,0.28985921532194664,61.51937037369679,54.583229510686394,33.597989949748744,$icP_{v}^{syst}$,[mmHg],10.14431340697776,21.244373291640006,22.22070630110624,22.020481736237954,22.098373118547475,4.113501778222082,9.903879579292196,21.04520305316385,17.93411725406951,19.358640663645236,23.442367904314192,21.9143088862726,13.940472306443182,3.2892205733810873,0.33016508254127064,0.5447685138657958,11921.999559661572,1.6435120123947353,0.2744901691805573,0.5570084108028841,0.5038657011080089
286.37419126237404,201.36701549089295,247.5094521627222,322.5823272414116,171.2015991337312,278.2298960380654,57.83441179205961,26.704930173535747,41.429835408664914,64.76817896495578,171.20002069286917,313.37654824673035,251.36535249696726,126.23645151758717,220.07997786772967,70.88939689047673,25.196846658744718,21.40848357749422,3.788363081250497,6.629143853504307,1.7889389015746453,1.1882892696823835,0.2703949096877372,32.86341126175616,12.921489236271803,10.773406233670471,9.168515791813888,2.9506058849345096,281.3851391555385,0.28985921532194664,61.532423931290495,54.63076980415219,33.8391959798995,$icP_{v}^{syst}$,[mmHg],10.196671675010798,21.354333310371686,22.347204975194305,22.14551195946643,22.224014236457286,4.136455632134562,9.955710659833658,21.163582224246483,18.034510466735938,19.467086951556777,23.57138756416754,22.0530258111345,14.019137491289369,3.312980627502246,0.33016508254127064,0.5447689008529738,11984.111939361184,1.6435894324546543,0.27456766950908484,0.55703455376628,0.5040076059392883
287.86756868764553,202.42629428637173,248.80146311847184,324.3682351931948,172.08820019364885,279.61207442747326,58.138586098604904,26.85292127311514,41.65201259770423,65.14508016199865,172.086472730009,314.72838754429586,252.73352104802564,126.93355732902874,221.30975900766745,71.32113174986085,25.4556968338182,21.62810244191974,3.827594391898461,6.699672647913445,1.8076860683140932,1.2012746791440931,0.2733571874812975,33.03411779713943,12.988626267037738,10.829390185697063,9.216101344404636,2.9506064211849505,282.8557085924393,0.28985921532194664,61.54533939423481,54.677772816342795,34.08040201005025,$icP_{v}^{syst}$,[mmHg],10.248989111926802,21.464181690713588,22.473688308791157,22.270521390560464,22.349636246427654,4.1594001051034795,10.007491429555001,21.281998106429143,18.134920605868825,19.575544421347804,23.700454085052815,22.191962134289433,14.097817946048696,3.3367502649240297,0.33016508254127064,0.5447692884299906,12046.17401355542,1.6436670746404756,0.2746455868014583,0.5570607665052074,0.5041502754183866
289.35921505351035,203.4844410186572,250.09196276207342,326.15279635022466,172.97356019866558,280.9925074219256,58.442464000912686,27.000871767395754,41.874034398679996,65.5218963708474,172.9717495160394,316.0789099231218,254.10162899723517,127.63095224525706,222.53971788632612,71.75373925707316,25.71565153371452,21.84863858518435,3.8670129485301694,6.770498385405039,1.8265091695479485,1.214321486630338,0.27633418350387706,33.204612875611225,13.055679845797565,10.885304642474647,9.26362838733901,2.950606948412734,284.324582317107,0.28985921532194664,61.558068500003216,54.724229958307056,34.321608040201006,$icP_{v}^{syst}$,[mmHg],10.30124758323512,21.573898594569087,22.60012227718192,22.395478775258162,22.47520746382813,4.182335559121617,10.059229757455686,21.40040836004995,18.23532928484534,19.683994891860994,23.82955509126244,22.331086337082876,14.176507732568663,3.360548226408709,0.33016508254127064,0.5447696718524403,12108.14921390659,1.6437459111701884,0.2747238662516497,0.5570873857171773,0.5042936133310724
290.8503609892646,204.5420843180517,251.38197655770503,327.93751550902283,173.85873203922122,282.3726451173457,58.74651966659219,27.14893356107707,42.096197310831464,65.8991899968273,173.85746994296494,317.4303568213947,255.47071731333565,128.32850736919139,223.77122926346783,72.18754825152246,25.97698298092662,22.0703017070961,3.906681273830522,6.8416913506195804,1.8454231644601342,1.227450966868259,0.2793300387539045,33.37500938946665,13.122693301363345,10.941183432698411,9.311132655404895,2.950607463381105,285.7929446441231,0.28985921532194664,61.5706709008483,54.77027203191771,34.562814070351756,$icP_{v}^{syst}$,[mmHg],10.353490373752969,21.68358244761447,22.726649392918453,22.520521385656373,22.600867194375628,4.205290765850002,10.110989419312922,21.518935358821096,18.335815622555554,19.792534651543402,23.9588575736485,22.470482793644116,14.255253266652145,3.384399550047857,0.33016508254127064,0.5447700544105716,12170.111242745486,1.643822782393526,0.2748019941354623,0.5571133411659807,0.5044366736214817
292.3406852221767,205.59935180505556,252.6712479002976,329.72230039518297,174.74310981850311,283.75173047783244,59.0503244769203,27.29700919189248,42.31823707184213,66.27646030155783,174.74189791053,318.7803737480236,256.84011462913594,129.02669070936108,225.00292051574542,72.62213308047104,26.23953289090169,22.292996840106685,3.9465360507950047,6.91321540042015,1.8644255914931371,1.2406411468910197,0.28234098757849424,33.54531927616136,13.18967403872222,10.997036251942415,9.358608985496721,2.9506079931140787,287.2606150849803,0.28985921532194664,61.58309925519717,54.815764175197565,34.80402010050251,$icP_{v}^{syst}$,[mmHg],10.405706395228751,21.79319258203081,22.853133371233657,22.645523475139576,22.726485502597512,4.22823826150896,10.1627065494586,21.637513878600803,18.436343000036477,19.90111192411782,24.088261858096644,22.609971841113314,14.334046050122144,3.4082783107856343,0.33016508254127064,0.5447704355149673,12232.017687295218,1.6439023855266366,0.2748808484475503,0.5571402196981301,0.504581068515048
293.8294697549957,206.65550175852619,253.9591644291645,331.50620837361225,175.6266127842916,285.1295234436919,59.35385802902488,27.445048878017772,42.540131529915335,66.65373212769913,175.6252261227879,320.1291171551747,258.209313455722,129.7246990787103,226.23463098219864,73.057338074106,26.503229259176138,22.516650031469155,3.986579227706983,6.985051769641866,1.8835051537195797,1.253893162995908,0.2853666856654671,33.715456041772654,13.25658725684607,11.05283469142679,9.406034093499791,2.9506085161900133,288.72673730376954,0.28985921532194664,61.595379763953076,54.8607473395361,35.04522613065326,$icP_{v}^{syst}$,[mmHg],10.457868160643356,21.902676409453527,22.979585138017658,22.770488717289837,22.852068950090974,4.251174564190755,10.214377166094458,21.756116326728854,18.536872363599937,20.009687147736628,24.217706891876656,22.74954662472363,14.412841439406208,3.4321788148690793,0.33016508254127064,0.5447708150765617,12293.862894900412,1.6439805603857425,0.2749599605286177,0.5571666154168564,0.5047259378055615
295.31780855763975,207.71138879116722,255.24667183448022,333.290288050974,176.5094660524974,286.506812923787,59.6573859974598,27.593173143973612,42.76205027263632,67.03121494175473,176.50811745471475,321.4776046612538,259.5793127205719,130.42315639585814,227.4672410774341,73.49347554558219,26.759607319535803,22.735624499057284,4.023982820478518,7.057245423132844,1.9003255114432887,1.2672168426609156,0.28724771850921366,33.8855431033421,13.323482349427488,11.108618214520824,9.453442539393789,2.946962799511107,289.83386426445776,0.29028800114342884,61.607423659921935,54.90526086279144,35.28643216080402,$icP_{v}^{syst}$,[mmHg],10.510010964958997,22.012104312996215,23.106067245476215,22.89548157191025,22.977680855450103,4.274117244059181,10.266027476098586,21.87482191558657,18.63747562200168,20.118338587719045,24.347289190248496,22.889445971580827,14.491698540412854,3.45611710525874,0.33059386836275273,0.5425767096540455,12355.662623674818,1.642030145727456,0.27393150638541325,0.5571940528057783,0.5048714799425796
296.8052898547272,208.7666461756556,256.53340984851076,335.07417725947954,177.39212415687507,287.88334999586516,59.96093687673041,27.741375078099463,42.98403715098114,67.40903601308187,177.39098477322875,322.82643006786947,260.9500851236888,131.12205549524805,228.70115941952344,73.93089737276115,27.02583005543452,22.96138275184303,4.064447303591488,7.129783577194026,1.9195590048559863,1.2806176714167719,0.29029586662854867,34.05546631821779,13.390309787944151,11.164340431314724,9.500816098958921,2.946962799511107,291.29689874849254,0.29028800114342884,61.61944557037528,54.949337554528896,35.527638190954775,$icP_{v}^{syst}$,[mmHg],10.562130539675616,22.121487861022235,23.2325615099148,23.020485809002363,23.103304252395,4.2970729010053486,10.317689309161722,21.99361269893189,18.738146905167618,20.22706335746146,24.477011248411717,23.029663521848775,14.570611445384326,3.480109737173744,0.33059386836275273,0.5425767096540455,12417.448690981255,1.6421072814421391,0.2740105321906092,0.5572202274540283,0.5050171290347538
298.29139821286947,209.82100271534185,257.81892873031325,336.8571020206827,178.27370443922447,289.2585045389333,60.26425486908501,27.889551381593925,43.205873479316914,67.78675033345493,178.27266630022504,324.17384120302046,262.32073280406007,131.82072654615286,229.93493539591523,74.36881696303621,27.2931943147759,23.188098296793886,4.105096017982013,7.202630774479098,1.9388725982013442,1.2940786968975397,0.2933587087862054,34.22525705617919,13.457087550898306,11.220024388459489,9.548145116821393,2.946962799511107,292.7586691709502,0.29028800114342884,61.6312750158844,54.99292158758058,35.768844221105525,$icP_{v}^{syst}$,[mmHg],10.614194687832125,22.2307579109452,23.359029923777708,23.145459010272873,23.22889883224105,4.320017108271234,10.369301012202422,22.11243622898391,18.83882697693375,20.33579241223111,24.606784816965387,23.16994626135053,14.649533894791183,3.504118358163704,0.33059386836275273,0.5425767096540455,12479.159310745714,1.6421864912262198,0.27408994739526604,0.5572471059012533,0.5051634958124717
299.77623062377705,210.8745024749719,259.103335265315,338.63928444742663,179.15456896038475,290.6324032757349,60.567285849913844,28.03773239652537,43.4275896476795,68.16452293978047,179.15316195008995,325.5199444924399,263.6915550969813,132.51988776976523,231.16891170605126,74.80759615905878,27.56172666854238,23.415794262303503,4.145932406238878,7.275796893743862,1.958265814509595,1.307601104702819,0.2964364588089201,34.394910884438936,13.523812010640782,11.275666230140153,9.595432643657997,2.946962799511107,294.2191585414586,0.29028800114342884,61.64301259636679,55.03600162792812,36.01005025125628,$icP_{v}^{syst}$,[mmHg],10.666177306732912,22.339912259132138,23.485483434097315,23.270413439838034,23.354476365179522,4.342952743367482,10.420864170214475,22.231297696816547,18.93954087981478,20.44454704689632,24.736632008412002,23.310352530727755,14.728492319328181,3.5281577214179767,0.33059386836275273,0.5425767096540455,12540.819827226933,1.642264332128294,0.2741698569596332,0.5572735198424429,0.5053107737234939
301.2604548847251,211.92763404584272,260.3871664859398,340.4215860661041,180.03497377338917,292.0056522941275,60.8704264099989,28.185983079750933,43.649375164387415,68.54265494522906,180.03379089333714,326.8664249186821,265.0631784915239,133.21940660905813,232.40395872952186,75.247522074719,27.831566311717406,23.6445630006872,4.187003311030207,7.34930909025515,1.9777490401055018,1.3212009333952823,0.2995321198690295,34.564479456690336,13.59050458693449,11.331279452925628,9.64269541683021,2.946962799511107,295.6791622368163,0.29028800114342884,61.65461947703874,55.078704072504834,36.25125628140703,$icP_{v}^{syst}$,[mmHg],10.718147988204697,22.44902515585943,23.611974469399247,23.395402673028403,23.480090190113167,4.36589990773498,10.472425030950424,22.350254462621812,19.040330940703715,20.553378762942728,24.866631220816526,23.450974340771495,14.807505564084801,3.552246630203267,0.33059386836275273,0.5425767096540455,12602.448164137242,1.642342907267501,0.27424962885625936,0.557300182934091,0.5054577979049724
302.7433628072467,212.9797937495716,261.6698618002651,342.20288778110313,180.91444917195966,293.37770775997484,61.17326697939865,28.33424647627335,43.871030582251194,68.9206493937806,180.91293140959613,328.2113964289516,266.43488793600505,133.91905431822812,233.63937035019862,75.68802984274073,28.102563859918064,23.874308070520097,4.2282557893979655,7.423139289612479,1.9973111455582921,1.334859819190622,0.302642534223185,34.73384792339634,13.657113205783364,11.38682244661571,9.689912270997263,2.946962799511107,297.13785956053107,0.29028800114342884,61.66605177785822,55.12085606349705,36.49246231155779,$icP_{v}^{syst}$,[mmHg],10.77006604701584,22.558031412065798,23.73842088892989,23.520346531132592,23.605658575924974,4.388839257650748,10.523959952745207,22.46926260100137,19.141134216469542,20.662229857646217,24.99670108967009,23.591886662579284,14.886545598912345,3.5763541503090903,0.33059386836275273,0.5425767096540455,12664.011442037176,1.6424219343481004,0.27433027983464353,0.5573269993841027,0.505606442284558
304.2252193984706,214.0312754830452,262.95160177172244,343.9842311019077,181.79324006961508,294.74870374039637,61.47613870430449,28.482541509900507,44.09270627448839,69.29892744175254,181.79206408913262,329.55651810043514,267.80706825818817,134.61887284351909,234.87556747601838,76.12966023906779,28.374787703570078,24.105052602473574,4.269735101096505,7.4972931369811056,2.0169558884146563,1.3485937168425453,0.30577014539180647,34.90308979105789,13.723674648526146,11.442324470922552,9.73709067160918,2.946962799511107,298.5955477970237,0.29028800114342884,61.67736711396423,55.16263648401879,36.733668341708544,$icP_{v}^{syst}$,[mmHg],10.821958958177586,22.666955500578656,23.864885894276405,23.64530390495287,23.73124246646597,4.411785771317381,10.57547304265524,22.588336567111092,19.241990150357957,20.771131133009344,25.126918789294212,23.733051619130553,14.96562019394726,3.600509049049924,0.33059386836275273,0.5425767096540455,12725.526804873056,1.6425008305186752,0.2744106698594577,0.5573537714120997,0.505754605711745
305.7064513854155,215.0823460805647,264.23277018341224,345.76543558856355,182.67175202875063,296.1190740970557,61.77881593864719,28.63090591474309,44.31432445320611,69.67725479651891,182.67005194336372,330.90052643236504,269.1799730706898,135.31936411291798,236.1121903640593,76.57209313073112,28.648277899246096,24.336869121199594,4.311408778046502,7.571794119944216,2.036689262657245,1.362390835048026,0.3089135462716904,35.07227291140869,13.790213762479112,11.497811155106584,9.784247993822982,2.946962799511107,300.0526831813806,0.29028800114342884,61.68861380705193,55.20391699367722,36.97487437185929,$icP_{v}^{syst}$,[mmHg],10.873829155540871,22.775822355559157,23.991374266574397,23.77028008752995,23.85684696929281,4.434728954813582,10.62695674393132,22.707507338747863,19.342920840528855,20.880102696473877,25.257299338250803,23.874375258088705,15.044763457459506,3.624693711961552,0.33059386836275273,0.5425767096540455,12787.022642012544,1.6425784493168676,0.27449187833355065,0.557380109986243,0.5059042775879019
307.18630552989515,216.13251379154568,265.51273920324667,347.5458180038362,183.54894361921197,297.4880490548515,62.08138904187457,28.779258899062775,44.53588415188903,70.05576738230897,183.54759450324076,332.2440233658435,270.552942096084,136.01983472036412,237.34933570989273,77.0153634261509,28.922919043798565,24.569629022580788,4.353290021217779,7.646600484155864,2.056500744535514,1.376256308587301,0.31207296833049514,35.2412736370636,13.856680533877805,11.553235518342172,9.831357584843628,2.946962799511107,301.5085022739247,0.29028800114342884,61.699602455414535,55.24481453233885,37.21608040201005,$icP_{v}^{syst}$,[mmHg],10.925654162059132,22.88457740780508,24.117833740282062,23.895225689416918,23.982421658681115,4.457670849330625,10.678412990546343,22.826715480562815,19.443864595032164,20.989093147901396,25.387753178986795,24.015851937603284,15.123921312788884,3.648903544561899,0.33059386836275273,0.5425767096540455,12848.426053344838,1.6426599702988756,0.27457295235086426,0.5574077726978394,0.5060537016525015
308.66479603446305,217.1817127412702,266.7914931690762,349.325227517083,184.42547246510517,298.85575046534126,62.383798718816806,28.927632586390942,44.7573757194652,70.43432890961276,184.42431874841236,333.58675455937845,271.92612862524953,136.7205061851135,238.58685320032228,77.45951270384235,29.19871612168318,24.803343758342553,4.395372363340626,7.7217171458511595,2.076390072987277,1.3901877426429678,0.3152481774141972,35.41010335007592,13.923080296424812,11.608603599093108,9.878419454558005,2.946962799511107,302.96300500447063,0.29028800114342884,61.71053164543115,55.28526424618122,37.4572864321608,$icP_{v}^{syst}$,[mmHg],10.977434886795148,22.993228546178635,24.244273751314562,24.020148419347983,24.107975050648243,4.480610169862642,10.729834345328737,22.94597109771627,19.544840083373778,21.098112977209887,25.518302089790183,24.15749313627502,15.203107564074841,3.673138029026302,0.33059386836275273,0.5425767096540455,12909.783072557362,1.6427394814552732,0.27465434829415386,0.5574347534104601,0.5062037190451417
310.14259866687195,218.23041622122636,268.0696046488044,351.10454821764125,185.30157130958924,300.22279744048063,62.686121519491735,29.076063710373337,44.978845398821846,70.81300583711385,185.30036393317425,334.92888844468894,273.2999613792677,137.42148619053165,239.82497850106057,77.90450451530603,29.47577850325105,25.038116462990704,4.437662040260345,7.797176669928592,2.0963666077099057,1.404187012337378,0.31843983329690856,35.578852902947624,13.989449467091797,11.663947388681919,9.925456047173913,2.946962799511107,304.4168898111664,0.29028800114342884,61.72135257194298,55.32528555349601,37.698492462311556,$icP_{v}^{syst}$,[mmHg],11.029192665293795,23.101825013303653,24.370736030585256,24.145089717089316,24.233548631809047,4.50355101988361,10.781238587123658,23.065323902067043,19.64588140621674,21.207197582163516,25.64897868028639,24.29940146059809,15.282347276668066,3.6974059672388506,0.33059386836275273,0.5425767096540455,12971.109991671246,1.6428187179404292,0.27473614269699514,0.5574616409182255,0.5063544708215927
311.6190728463851,219.27824491061028,269.34655530678174,352.8829510638157,186.17702272282332,301.5885219793948,62.98822765105609,29.22450584544771,45.20020970292303,71.19163555033838,186.17528552949747,336.2698302256963,274.67401305990046,138.12282940429765,241.06326003261094,78.35028371116286,29.753978748562634,25.27383806257468,4.480140685987956,7.872944767677045,2.116420298410223,1.4182480203388945,0.32164656746108733,35.747449551122926,14.055758586401012,11.719242382620063,9.972448582101855,2.946962799511107,305.8694392617798,0.29028800114342884,61.73213141564564,55.36484953304941,37.93969849246231,$icP_{v}^{syst}$,[mmHg],11.080908907506647,23.210304763785487,24.49717466290058,24.270004026729527,24.359096734354846,4.526483884693105,10.83259390141943,23.184724755608972,19.74695858937672,21.31631147871346,25.77974349547434,24.44155314797511,15.36162220999426,3.7217016790548327,0.33059386836275273,0.5425767096540455,13032.391590597632,1.6428957493704912,0.2748183999554164,0.5574877801793232,0.5065060756674287
313.0942835986391,220.32526924627908,270.6223915489947,354.6607105169582,187.05145125846056,302.95294833014486,63.29020863528164,29.372944998676633,45.421522616580624,71.57048993713995,187.0497882605035,337.6103033164059,276.04829153923555,138.82437984176937,242.30214050137482,78.79705484724879,30.033339044742036,25.51051142456245,4.522827620179586,7.949020644271675,2.1365531055504587,1.4323775902524096,0.324869409820593,35.9159056908343,14.122014900348589,11.774493054018729,10.019397736466978,2.9469627995111076,307.32081328699456,0.29028800114342884,61.742740016056906,55.40405207515299,38.18090452261306,$icP_{v}^{syst}$,[mmHg],11.132580786644672,23.31869059955758,24.623607438275165,24.394907999418656,24.484636283642235,4.549415746000359,10.883921271038128,23.304170087684362,19.848073939170575,21.425457190412686,25.91060290164528,24.583852934903742,15.440924344633798,3.7460373360569537,0.33059386836275273,0.5425767096540455,13093.601588092239,1.6429747602564728,0.2749005214224378,0.5575145911339762,0.5066574302419251
314.5689841447866,221.3718686712201,271.89775005667303,356.43885277033104,187.9255173602619,304.31697437426806,63.59217832826806,29.521497425786613,45.642868771262236,71.94953998702006,187.92364780247306,338.95038172810916,277.4235507091384,139.52649431324645,243.54200419483962,79.24474095915737,30.314001370296126,25.748272592713217,4.5657287775829065,8.025449881636124,2.156774749548111,1.4465770571754952,0.32810943777690577,36.084275953602244,14.188235677724302,11.829713677114757,10.066326598763183,2.946962799511107,308.7717242679851,0.29028800114342884,61.753215622188506,55.4428193425718,38.42211055276382,$icP_{v}^{syst}$,[mmHg],11.184243065119,23.42703552677909,24.750070782420647,24.519839400419116,24.610204236989237,4.5723547408508685,10.935239632025562,23.42373891345881,19.94927280863594,21.53469300883546,26.04162590200768,24.72638868287061,15.520301834542437,3.770408929098411,0.33059386836275273,0.5425767096540455,13154.786215218333,1.643053740679907,0.27498328899744223,0.5575413917516995,0.5068099756304973
316.04254857710964,222.41773137432594,273.17211282892407,358.21612122317737,188.79869847842366,305.6798243200686,63.894071469632394,29.67007938776046,45.86420979849986,72.32872405581652,188.797078805479,340.2901872149318,278.7992825773266,140.22907484202582,244.78296705893678,79.69355847995766,30.59584061712961,25.986996496089688,4.6088441210399225,8.102190169603045,2.1770766987260974,1.4608468279922056,0.3313662293410961,36.25246411902421,14.254382264461837,11.884869170738973,10.113212683823399,2.946962799511107,310.22157084357315,0.29028800114342884,61.76354585991189,55.48119984025054,38.66331658291457,$icP_{v}^{syst}$,[mmHg],11.235868179726506,23.53529604366694,24.87652843689051,24.644764127626743,24.735765972357775,4.595299317625406,10.986550469381935,23.543368886149953,20.050513971872867,21.643978528109066,26.17277138175418,24.869164948653577,15.599724442962144,3.794826408087234,0.33059386836275273,0.5425767096540455,13215.908893489655,1.6431340541207489,0.2750661997741953,0.5575686447054371,0.5069627849481069
317.5144523929962,223.4624606585286,274.4450077019434,359.9923935790002,189.67082441591523,307.041085561871,64.19569148361045,29.8186183904319,46.08537709900144,72.70779716272341,189.66927412646453,341.62852614514077,280.17472571669526,140.93131339496594,246.02362984536757,80.14287347270546,30.878748231736587,26.226610425264457,4.652137806472131,8.179219492528198,2.1974514120508517,1.4751749740954274,0.3346371423566583,36.42047235356997,14.32045929843986,11.939969282458769,10.16004377267134,2.946962799511107,311.6698330871209,0.29028800114342884,61.77376036461908,55.519155928414364,38.904522613065325,$icP_{v}^{syst}$,[mmHg],11.287439123321208,23.643417440087056,25.002949602820472,24.769646448974807,24.86128794862853,4.618229662836478,11.037803094035826,23.663021967097325,20.151757598855497,21.75325476770963,26.30395637116912,25.012071570736776,15.679142352780417,3.81925963416716,0.33059386836275273,0.5425768741208589,13276.957709114067,1.643214416591995,0.2751493745406406,0.5575959142967803,0.5071159270959844
318.9857348234755,224.50679686572434,275.7173623383323,361.76863297514575,190.54231353469507,308.4017066057372,64.49718181306285,29.96724527154702,46.30652979290369,73.08697487608949,190.54059378386887,342.96606561615874,281.5510950719894,141.63449998956472,247.26496406583007,80.5931908815116,31.162910383761275,26.46727742996002,4.695632953801254,8.25659073678498,2.2179122835239697,1.4895688266537963,0.33792424399711984,36.58841957092439,14.386513090980708,11.995051810107645,10.206854669836037,2.946962799511107,313.11747844445085,0.29028800114342884,61.783806461968005,55.55668997209723,39.14572864321608,$icP_{v}^{syst}$,[mmHg],11.338991443926789,23.751484303723807,25.129398213956534,24.894552934404775,24.98683562721956,4.641160548905997,11.089029609634117,23.782778126455447,20.253092106906966,21.8626168111341,26.435322824761343,25.155345232332834,15.758643179795582,3.843730945540103,0.33059386836275273,0.5425772485684839,13337.961947428656,1.6432962980027876,0.27523315698614165,0.557623699313546,0.5072699928209427
320.45593472727643,225.55043852790976,276.9887384851406,363.54423752742326,191.41325932592284,309.7612102936703,64.79859264669251,30.115850587143097,46.5276251381957,73.46636829664273,191.41153175788745,344.3032474288818,282.9275732251162,142.33742953088822,248.50701614516547,81.0443822401936,31.44825164931184,26.708914042040206,4.739337607271633,8.334275092725013,2.2384541926571844,1.5040316649411432,0.341227525006675,36.75621225543284,14.452505787588127,12.050081751185715,10.253624716658997,2.9469627995111076,314.56415564815404,0.29028800114342884,61.79381180246965,55.59387928730612,39.38693467336683,$icP_{v}^{syst}$,[mmHg],11.39046577065301,23.859461965237067,25.255842502775835,25.019452765705875,25.112377735458445,4.66409267892108,11.14023538662778,23.902564703252015,20.354428841614986,21.971987716852624,26.566750086971847,25.298806584296702,15.838146444473054,3.86823866195121,0.33059386836275273,0.5425776206404858,13398.928152814598,1.6433770406288308,0.275316771874578,0.557651097903734,0.5074237517381942
321.9248572408344,226.59315345432236,278.2589914191574,365.3191574461592,192.2835201069025,311.1195682595025,65.09983423039716,30.264475549600803,46.748663601620756,73.84585810002255,192.28196106238457,345.6398355943628,284.3042437976506,143.040781975974,249.74932646976353,81.49661852454015,31.734752856666795,26.951505869122908,4.783246987543888,8.412271978105927,2.259071871131028,1.5185619217140705,0.34454660980783514,36.92388315083032,14.518454399143266,12.105075247347896,10.300353504339155,2.946962799511107,316.00950951637105,0.29028800114342884,61.8037371235101,55.63072923343346,39.62814070351759,$icP_{v}^{syst}$,[mmHg],11.441892796778387,23.967349654859646,25.382279204733006,25.14434043541947,25.23790984946829,4.687020616428288,11.191394506835593,24.02236811692537,20.455794351008965,22.08137907196166,26.69822327600658,25.442424560468567,15.917675160467589,3.892786108803223,0.33059386836275273,0.542577992307358,13459.846407483175,1.6434560244199892,0.27540025358729503,0.5576778996642353,0.5075772653736517
323.3937233511839,227.6358192142834,279.5291697532367,367.0945373479079,193.15361255675674,312.47788290626187,65.40109165264886,30.41319993633997,46.969729390428014,74.22550695143678,193.151739918606,346.97605535889033,285.6818352639252,143.7444776558172,250.9928108764506,81.94955465446222,32.02261431995936,27.195244276043105,4.827370043916255,8.490639972524791,2.279784529931756,1.5331618298433307,0.3478829034559598,37.091524684717754,14.584389422853306,12.160058404428469,10.34707685743598,2.946962799511107,317.4548956706368,0.29028800114342884,61.81353085226182,55.667166922749736,39.86934673366834,$icP_{v}^{syst}$,[mmHg],11.493312851377384,24.075222990187047,25.50878550092011,25.269292784938383,25.363508028072648,4.709955412962335,11.242556430576014,24.142297768051275,20.557238071875304,22.190856094521173,26.829814948154844,25.58629400579836,15.997271604079764,3.9173693855087657,0.33059386836275273,0.5425783626197682,13520.752878972971,1.6435358959561528,0.27548436438611634,0.5577050026653919,0.5077319395045102
324.8609557405136,228.67743394162997,280.7979227699713,368.868680504352,194.02253900938874,313.83452366854823,65.70206185613213,30.56185809813471,47.19065126831038,74.60508868090986,194.0206538052624,348.3112455427711,287.0589770613651,144.44819677582854,252.23661688055498,82.4031018382823,32.31152948108831,27.43984812923457,4.871681351853735,8.569288270893525,2.3005686922099597,1.547823625923774,0.3512338341793702,37.25895478439534,14.650240442562222,12.214970916579848,10.393743425253277,2.9469627995111076,318.8986865270266,0.29028800114342884,61.82319801574884,55.70324136475161,40.11055276381909,$icP_{v}^{syst}$,[mmHg],11.544675906348456,24.182978803817612,25.635255137698028,25.394205288015932,25.48906789157933,4.732877899195436,11.293680322611193,24.262200295390194,20.658660220433916,22.300307864691366,26.96139696932383,25.730332557649557,16.076858260383244,3.941984325871272,0.33059386836275273,0.5425787314867795,13581.57773065721,1.6436167063641771,0.27556838597134803,0.5577324242562031,0.5078864503520676
326.32682417883285,229.71811725660132,282.06546903334845,370.64231859835206,194.89086671593967,315.1898415090954,66.00291031359629,30.710496235073826,47.41148099152929,74.98475865922572,194.88890105500147,349.6457051344495,288.4359597937038,145.1519257711211,253.48082575791466,82.8575531822295,32.60156715274551,27.685376102445957,4.916191050299553,8.64823625996623,2.3214288223288744,1.5625505755869982,0.3546002578681049,37.42621964955483,14.71602774366422,12.269829193226144,10.440362712664474,2.946962799511107,320.3412116816382,0.29028800114342884,61.83285152301322,55.73896610000135,40.35175879396985,$icP_{v}^{syst}$,[mmHg],11.595991283879632,24.290621009946914,25.761699483891505,25.519089971425448,25.614601196176736,4.755795782946841,11.344760071920748,24.382108185102496,20.760081809152066,22.409757166332582,27.093000208923762,25.874707477715614,16.156448262351006,3.966634302219201,0.33059386836275273,0.5425790998773874,13642.360670115777,1.6436953515556316,0.27565238105832696,0.5577591111188496,0.5080409125980325
327.7920696842094,230.75836762834703,283.33243966671796,372.41585172816565,195.75845614670848,316.5445316385946,66.30352314083812,30.859176458527447,47.63223023653427,75.36447006744159,195.75605053725374,350.97902648583,289.81338735784414,145.85606451800342,254.72553184875218,83.31278246180206,32.8928318804062,27.931942373523903,4.960889506882293,8.727521026131251,2.342374247658955,1.577338841465822,0.3579820962912078,37.59342450718227,14.781791888730723,12.324671940724386,10.486960677727154,2.946962799511107,321.78312882992543,0.29028800114342884,61.84231176996289,55.774287283561364,40.5929648241206,$icP_{v}^{syst}$,[mmHg],11.647281406354557,24.398210675958232,25.888181095555794,25.644005975914045,25.74016841797154,4.778709353062143,11.395814112406091,24.50208889471071,20.86155681899226,22.519254463005332,27.224671952399007,26.019312012335938,16.236086402207754,3.9913118565460612,0.3301650825412706,0.5425794664382857,13703.091930269593,1.6437763924168338,0.2757369307862368,0.557786610909894,0.5081963985778658
329.2557516332979,231.79745786917653,284.5980327142645,374.1880614471832,196.62474147839913,317.8977967170719,66.60417812737525,31.007852458546868,47.85298155074612,75.74440342199874,196.62319198633372,352.31255521173455,291.19071881971803,146.56016219698924,255.97166459124804,83.76924541515613,33.18520638979672,28.179392833499175,5.005813556297543,8.807093078183378,2.3633918134829544,1.5922017382355376,0.3613810082268783,37.760353847309986,14.847441873623573,12.379413471913274,10.533498501773135,2.946962799511107,323.22354657366935,0.29028800114342884,61.85155842819338,55.80930599199513,40.834170854271356,$icP_{v}^{syst}$,[mmHg],11.698520810541552,24.505701612035732,26.01467142738544,25.768925917435485,25.865741525419512,4.801631497877271,11.446874179429832,24.622069071245146,20.963021050284187,22.628753367224398,27.356371270680366,26.164215911591512,16.31572341115987,4.016025764115218,0.3301650825412706,0.5425798320873679,13763.731903487938,1.6438599951531438,0.2758211372868816,0.5578149800282024,0.5083512526180074
330.7189574809902,232.83639097925237,285.8632044261014,375.96059156630054,197.49131262915284,319.25043404830177,66.90464345636406,31.15655866153296,48.07368184500933,76.12443105907533,197.48975218674292,353.6454358807471,292.5685485669451,147.2646807269442,257.21787879056905,84.22664717487959,33.47884479700393,28.42790448929579,5.050940307708135,8.887009078961954,2.3844968109956852,1.6071310426939083,0.36479591165899217,37.92730726523376,14.913110058881855,12.434173478646692,10.580023727705205,2.946962799511107,324.6635258654836,0.29028800114342884,61.86093786148867,55.843998578660724,41.075376884422106,$icP_{v}^{syst}$,[mmHg],11.749739411187095,24.613139958235625,26.141176498992866,25.893858794735266,25.99132901674421,4.824549769139145,11.497879252752504,24.742117315974262,21.064553238635497,22.738303995409915,27.488153577688532,26.309256943159266,16.39540702872416,4.040777340696352,0.3301650825412706,0.5425801967899252,13824.391884040699,1.6439382651485712,0.2759053912431847,0.5578415395746753,0.5085061947994557
332.1809467635964,233.8744104457049,287.12729002865996,377.73212761632516,198.35643442253658,320.6019558348041,67.20486821885426,31.305243770910668,48.294214861186916,76.50424805265285,198.35476207138385,354.97661784290364,293.9461530279754,147.96920475785828,258.46456483822925,84.6845629140951,33.77358479059677,28.677348879500478,5.0962359110962945,8.967227131166995,2.4056789174104365,1.622114946942347,0.36822485431630947,38.09406279793048,14.97869400726817,12.488864084342488,10.62650470631982,2.946962799511107,326.1023728604662,0.29028800114342884,61.87000135605639,55.878261299781315,41.31658291457286,$icP_{v}^{syst}$,[mmHg],11.80091354622509,24.720475245449226,26.267656300453503,26.018762705290126,26.11688836096298,4.847456791838771,11.548855141554899,24.862183120646275,21.166074319817458,22.847848215636866,27.6199438854994,26.454491413928377,16.47509882212627,4.065544326099124,0.3301650825412706,0.5425805605622832,13884.950409577561,1.6440221554184962,0.2759903098601785,0.5578700062624594,0.5086623626437449
333.6419889904506,234.91186062294105,288.3905412407166,379.50320009494214,199.22115901312986,321.9524748594788,67.50496285250863,31.453945450147792,48.51472851698515,76.8843209422892,199.21953226478843,356.3075779361496,295.32405753685333,148.67399961984697,259.7120771025905,85.14360122863474,34.06951331030863,28.92776796057588,5.141745349732749,9.04776111529103,2.4269413077072963,1.6371692202403663,0.3716703528217265,38.26071968544673,15.044242315769296,12.54352456572033,10.672952803957104,2.9469627995111067,327.5403167287112,0.29028800114342884,61.87905811256243,55.91223555186037,41.55778894472362,$icP_{v}^{syst}$,[mmHg],11.852054998181536,24.827739644714466,26.39415571250649,26.14368162791085,26.242464749891376,4.870365913332721,11.599800850066575,24.98229209301798,21.26763461927604,22.957426900056593,27.75179614465057,26.599988771575678,16.5548206042298,4.090357191645924,0.3301650825412706,0.5425809230414498,13945.48113091909,1.6441040617935787,0.2760750152910466,0.557897799750418,0.5088181385801436
335.1017134649285,235.94837964389185,289.65263152433243,381.2735460622052,200.08540760829922,323.30180348895254,67.80499784182996,31.602649299019937,48.735183112951084,77.2645377729843,200.08382570391865,357.6380881619495,296.7019918357748,149.37890891583817,260.9600017404566,85.60369382398578,34.366578986698705,29.179117752223394,5.187461234475308,9.128598789836122,2.4482783452140393,1.652291440649184,0.3751318253976892,38.42722979579426,15.109735921704036,12.598138184504341,10.719355689585893,2.946962799511107,328.976990611075,0.29028800114342884,61.888119846240286,55.94589399921928,41.79899497487437,$icP_{v}^{syst}$,[mmHg],11.903151614908676,24.934914885615555,26.520641470793713,26.268583963618287,26.368026193244916,4.893272928891312,11.65070886047581,25.102418422951985,21.36921016937379,23.06701849350204,27.883702745594366,26.745817323137207,16.63455523925122,4.115212051578932,0.3301650825412706,0.5425812837598695,14005.978532580946,1.6441828244421637,0.27615962089133256,0.5579245264700758,0.5089737319681538
336.56139943899797,236.9849030002512,290.91468330545734,383.04438190624535,200.94906236086584,324.6509965859444,68.10490960629944,31.751438191738167,48.95564430387666,77.64483040423744,200.9472988074355,358.9679869652951,298.0807741659713,150.08440231686046,262.2094309409728,86.06469656654443,34.66496859871372,29.431586876910732,5.233381721802987,9.209798713385522,2.469708147147297,1.6674800597035675,0.37861007111065476,38.59367781295769,15.1751985684056,12.652726494168064,10.765752750384024,2.946962799511107,330.41362299549854,0.29028800114342884,61.896949177443496,55.979169760021804,42.040201005025125,$icP_{v}^{syst}$,[mmHg],11.954241524295567,25.0420642085247,26.64719892099546,26.393554694433284,26.49365706832051,4.9161871429905775,11.701625422282977,25.222654742701394,21.470852575286543,23.176688602909934,28.01575364710125,26.891973088768445,16.714360813235402,4.14010356652332,0.3301650825412706,0.5425816440812344,14066.43436526061,1.6442655621957531,0.27624489308629996,0.5579526020717099,0.5091305540829189
338.01947117630357,238.0203514249433,292.1752919628681,384.81461965327856,201.81195800816732,325.9986323625984,68.40459187597752,31.90017434385833,49.17593262820574,78.02502534689896,201.8097999869896,360.29655843439383,299.4591735258315,150.78984175450054,263.4583398191928,86.52644073135045,34.96439973372959,29.684919624402934,5.279480109326661,9.291278344169406,2.491209308026908,1.6827269213777596,0.38210239135665536,38.76001823752539,15.240627640050121,12.707291169197767,10.8120994282775,2.946962799511107,331.84878873434576,0.29028800114342884,61.90576829895961,56.01213646445002,42.281407035175874,$icP_{v}^{syst}$,[mmHg],12.005278154415782,25.14908983955362,26.773732719804123,26.51849429511709,26.619260638396494,4.939085254631985,11.752459444167618,25.342881773686432,21.572497107256613,23.286339665145782,28.14779971206925,27.038200940833356,16.794159712914304,4.165021048554727,0.3301650825412706,0.542582003276665,14126.837060571712,1.6443465095409056,0.27633005230578944,0.5579800701297275,0.5092871688279855
339.47657111438156,239.05509215463482,293.4350475384602,386.584176165174,202.67410686746598,327.3453667540969,68.70428542410835,32.0489565888918,49.396289660043934,78.40553502398024,202.6724870637644,361.6256786385122,300.83796270767994,151.49549058668865,264.70895857959414,86.98955759598714,35.265038167304866,29.939222177890187,5.325815989414682,9.373073535156383,2.5127891387827184,1.698052217250667,0.3856128190967648,38.92614432035643,15.305966624025539,12.761772858714288,10.858404837616607,2.946962799511107,333.2829916162065,0.29028800114342884,61.914457160994594,56.04482729954573,42.52261306532663,$icP_{v}^{syst}$,[mmHg],12.056282257908517,25.256064438416892,26.900271288130458,26.643439837544513,26.744869704085126,4.961997980464763,11.803314272630217,25.46315315511228,21.674167121410644,23.396031977275904,28.279924206237315,27.184785734197888,16.87398670871286,4.1899966415350125,0.3301650825412706,0.5425823620101372,14187.18748072262,1.6444280760252674,0.2764149774771038,0.5580077482817474,0.5094433524397158
340.9325432671681,240.08913990970328,294.69383412631373,388.3528283283065,203.53522381087424,328.6908841288678,69.00362799741451,32.19769108119566,49.616408984513015,78.78581329548659,203.53320661970852,362.9524754194209,302.2164593333112,152.20123068289686,265.95952935878967,87.45305632974508,35.56277526617924,30.19444629812221,5.368328968057031,9.455166923548543,2.534445392761298,1.713424451125165,0.3875222838573678,39.092156893638396,15.371259456846381,12.816222659128051,10.904674777663967,2.946962799511107,334.7160956639894,0.29028800114342884,61.922990152375334,56.077095598951196,42.76381909547739,$icP_{v}^{syst}$,[mmHg],12.107238092950299,25.36291832494742,27.026815778789178,26.76838319828614,26.870479939349273,4.984891104874837,11.854112446782015,25.583440829992686,21.775832875656462,23.50571247020567,28.412045222397918,27.33150116277266,16.95382475086605,4.2149812822095925,0.3305938683627528,0.5403327313615437,14247.465666761196,1.6445118903596212,0.27535407293186753,0.5580361892021308,0.5096009494705671
342.38796236230263,241.1228072748696,295.95211604881564,390.12162128593604,204.3961867837548,330.0358817641463,69.30305957260435,32.34651297770806,49.83665594540236,79.16655278072088,204.39449398299675,364.2802145322888,303.5958280719887,152.90763163425342,267.21170899784215,87.91818621208968,35.86574549685542,30.45071904681953,5.4150264500358904,9.537601186241002,2.556187044173442,1.7288799194989906,0.3910495317351112,39.258067926772185,15.43651344519822,12.87063425741507,10.950920224158892,2.946962799511107,336.14870500433227,0.29028800114342884,61.931504444665975,56.10913956593153,43.00502512562814,$icP_{v}^{syst}$,[mmHg],12.158145306492031,25.46974860334301,27.15339595959963,26.8933622531028,26.99612608104714,5.007802359557561,11.904913533414055,25.703803302919336,21.877574256339557,23.615471931098504,28.544286779911644,27.47866991470625,17.033722436576312,4.2400362445879445,0.3305938683627528,0.5403327313615437,14307.733074862837,1.6445938170068102,0.2754388089512345,0.5580639895690721,0.5097577713961119
343.84191384798,242.15540781513593,297.2090713847546,391.8891721325313,205.25616191658375,331.37952927235006,69.60225549805538,32.49521405948501,50.05672850408968,79.54712012824945,205.2545146362612,365.60648558540845,304.97479342984803,153.61359307064964,268.4636192805693,88.3837775502703,36.16976267621332,30.707866809920095,5.461895866293225,9.620319492641674,2.578000348789259,1.7443913284701835,0.3945907309986072,39.42383617976515,15.501714272036304,12.925004815972205,10.997117091756646,2.946962799511107,337.5799260578062,0.29028800114342884,61.939903882200994,56.14082975240662,43.246231155778894,$icP_{v}^{syst}$,[mmHg],12.208993667039799,25.576463374315402,27.279957252163154,27.01831421899023,27.1217483934922,5.030698938711691,11.955654309233568,25.82417575938172,21.979305634063497,23.725211405633456,28.67652361880761,27.62605153645384,17.113606859961095,4.265105335845302,0.3305938683627528,0.5403327313615437,14367.931334160863,1.6446762080399755,0.2755238259774944,0.5580919475172278,0.509915113384345
345.2948082718025,243.1873642339102,298.46510705234306,393.6561124332033,206.11537180461633,332.72202534098903,69.90120400740753,32.64390784799603,50.27670751132084,79.92766210789186,206.11367612601867,366.93180364042837,306.35387620044463,154.3201494015839,269.7162709024939,88.85048220258817,36.474901276073915,30.965947065378952,5.508954210694962,9.703339913144244,2.5998906012374436,1.7599644230940508,0.3981470446681289,39.58947106708282,15.566862083708703,12.979331656839557,11.043277326534568,2.946962799511107,339.010121601561,0.29028800114342884,61.94821986713374,56.17220259489907,43.48743718592964,$icP_{v}^{syst}$,[mmHg],12.259803424432384,25.68309271988543,27.406524926829604,27.143269394032384,27.247375481308218,5.053591141326721,12.006364302906482,25.9445649027026,22.081059984347892,23.834970031719124,28.80879876307775,27.773655627043606,17.193523478936292,4.290217435746248,0.3305938683627528,0.5403327313615437,14428.076026323142,1.6447590426342393,0.2756089891128251,0.5581200559800417,0.5100727257783159
346.74649614568045,244.21842145924487,299.72006574128517,395.4225776180866,206.97410732210128,334.0634837561106,70.20009032739551,32.79260505484887,50.49662897594802,80.30832932293188,206.97243630360205,368.256657636768,307.732963795866,155.02637006641953,270.9691287748095,89.317960950358,36.78118061150985,31.22496315734092,5.556217454168931,9.786666478768485,2.621855129906687,1.7756049642161937,0.4017192041451604,39.75497885710035,15.631962878578276,13.033619205128046,11.089396773394029,2.946962799511107,340.4391311103285,0.29028800114342884,61.95651945999781,56.20331147081404,43.7286432160804,$icP_{v}^{syst}$,[mmHg],12.3105682854126,25.789634067022817,27.533087002857133,27.26821429732733,27.37299461522626,5.076479714320538,12.057026629060134,26.06499305695443,22.18283258701022,23.94474069278384,28.941114024548153,27.921460131204327,17.273443345734734,4.315359847667254,0.3305938683627528,0.5403327313615437,14488.187512547089,1.6448392289984548,0.27569394260407243,0.558147265812561,0.5102299501815707
348.1977277312008,245.24925562810208,300.97462374973605,397.18884396115385,207.83199861730932,335.40432838090743,70.49880096935188,32.94134329433825,50.71650854551283,80.68910152329539,207.83020043618495,369.58068821937707,309.1125676153801,155.73338134689797,272.2236050949883,89.7866131446067,37.08867409223049,31.484999600392037,5.603674491838454,9.870320870316673,2.643906609517488,1.7913082664892108,0.4053073805995915,39.92036872421298,15.697011260696911,13.087862501172047,11.135494962344024,2.946962799511107,341.86778890427007,0.29028800114342884,61.96461435681936,56.23405309338575,43.969849246231156,$icP_{v}^{syst}$,[mmHg],12.361320730581845,25.896123830288552,27.65970258503551,27.393209691869142,27.498665291558268,5.099373493451205,12.107697923184746,26.185479754413127,22.284644351093437,24.05456241959938,29.07350441943031,28.069583351811875,17.353421072717296,4.340548905863246,0.3305938683627528,0.5403327313615437,14548.239903211652,1.6449237421508276,0.27577953744463685,0.5581759438645496,0.5103883615373823
349.6471638760144,246.27884800148826,302.22760773763486,398.95411983374436,208.68901006606222,336.74348358352995,70.79727292510655,33.09001520853635,50.93621227142852,81.0697472371815,208.68697459772613,370.90341412912716,310.4916305042247,156.4400879594927,273.4777100063338,90.2559210160449,37.39715759888633,31.745850757285012,5.651306841601316,9.954241350921674,2.6660231845600384,1.8070690044376578,0.408909386457186,40.08558510164369,15.761995348850636,13.142054512098259,11.181535240694801,2.946962799511107,343.294692247704,0.29028800114342884,61.97269442165656,56.264506242876855,44.211055276381906,$icP_{v}^{syst}$,[mmHg],12.412007183692898,26.00247336731766,27.78627861545005,27.518159037978382,27.624293136254003,5.122251187375567,12.158293670342797,26.305947579657605,22.386434344112352,24.164351888794148,29.205878537763173,28.217833798830128,17.43337888014881,4.3657602436265215,0.3305938683627528,0.5403327313615437,14608.230704624355,1.645006088912067,0.27586502072870117,0.5582038867898057,0.5105465664342963
351.0961411337042,247.3081452278135,303.4801653279093,400.7196501827388,209.54573207089402,338.08217246585366,71.09570529831048,33.23875849852203,51.15595495501696,81.45064989066714,209.54365556745876,372.22621793508847,311.8713666439578,157.14719390918074,274.73285643467295,90.72642001296634,37.706911511087675,32.00774842730806,5.699163083779619,10.038501844448916,2.6882251585218406,1.822903365079808,0.4125287827980857,40.250737783843626,15.82695576504517,13.196225132317611,11.227556886480837,2.946962799511107,344.72116472581115,0.29028800114342884,61.98071035291225,56.294706141306925,44.45226130653266,$icP_{v}^{syst}$,[mmHg],12.462677447090693,26.1087991785881,27.91289434933774,27.64314626071943,27.749959969891695,5.14513675506371,12.208882146634142,26.42649334909786,22.488292185705014,24.27420619138251,29.338350365142485,28.36651009144936,17.513386732424767,4.391009632502365,0.3305938683627528,0.5403327313615437,14668.201244962582,1.6450879782613956,0.2759504145150059,0.5582316745003741,0.5107046056966774
352.54364696869067,248.33644995599434,304.73146474559155,402.4835383428255,210.40097043722994,339.41941001012253,71.39395860563609,33.38746340341984,51.37557032482124,81.83141763703928,210.39920951219074,373.5478813638272,313.25093242029357,157.854286216178,275.9888315659957,91.19781046108471,38.017689317677224,32.27049007456619,5.747199243111031,10.12303501237528,2.710497538261383,1.8387961969987396,0.4161628449163136,40.41567659903609,15.89182853325865,13.250321707751466,11.273526358025975,2.946962799511107,346.1462543111433,0.29028800114342884,61.98849100319723,56.324562394523845,44.69346733668341,$icP_{v}^{syst}$,[mmHg],12.513296960941913,26.21500736138295,28.039499285050287,27.768117903266916,27.875613199590067,5.168016886140744,12.25943897435528,26.54703803509816,22.590126907734735,24.38404648294562,29.470847345705796,28.515519328658765,17.59339412452437,4.416286788448288,0.3305938683627528,0.5403327313615437,14728.067930606096,1.6451742289582785,0.27603616636103684,0.5582609421575353,0.5108633076243116
353.990504521435,249.36432699959724,305.98217689392317,404.2474597398152,211.25612863749487,340.75600183079024,71.69212875680515,33.53620788006731,51.595189829393796,82.21240794470036,211.2545582684484,374.8694092719432,314.6311145536688,158.56178763365472,277.2457579858633,91.67041799719,38.32969441481108,32.53424316243333,5.795451252377752,10.207897889651935,2.7328513633697433,1.85476001613168,0.4198136636966748,40.58053226296725,15.956669591369835,13.304391114107426,11.31947155749,2.946962799511107,347.5706800356352,0.29028800114342884,61.99630454121793,56.354173758466665,44.93467336683417,$icP_{v}^{syst}$,[mmHg],12.56389144664778,26.321157151595084,28.16614208582647,27.893122979879795,28.001301355877352,5.190901410298353,12.309972725364306,26.66764538524166,22.692019205989443,24.49393849813816,29.603455580584672,28.664784740013744,17.673445231415297,4.44161449969642,0.3305938683627528,0.5403327313615437,14787.92900462464,1.6452572631966071,0.2761217615421144,0.5582891183660516,0.5110217196103148
355.4358440450544,250.39113812486988,307.231541743486,406.0102118425412,212.11028450232374,342.09118713386323,71.99003308380888,33.6849215406749,51.814632481787314,82.59331605905675,212.10858020795118,376.1893472300606,316.0109375080054,159.26921179753387,278.5026079005741,92.143602873993,38.64271183886276,32.79884249539538,5.843869343467385,10.293035364625627,2.755274592852167,1.870777589114756,0.4234782415630426,40.745229343351696,16.021450059154287,13.35841250434257,11.365366779854837,2.946962799511107,348.9936874494158,0.29028800114342884,62.004018951626236,56.38346268168913,45.175879396984925,$icP_{v}^{syst}$,[mmHg],12.614435215360913,26.427201551651812,28.29275390638926,28.018091357883037,28.1269554589459,5.213770894563142,12.360448279415545,26.788250521905045,22.79390254690532,24.60381115739853,29.73605866446065,28.81419726083282,17.75349300042181,4.466959991953027,0.3305938683627528,0.5403327313615437,14847.719915162661,1.6453407163554696,0.2762076817251567,0.5583174367278837,0.511180733081192
356.88013026266896,251.41729443491604,308.4799814008181,407.77238721466506,212.96382214646124,343.4252509172961,72.2878318584029,33.83362073548136,52.03404586447249,82.97436467103658,212.96239302918823,377.50913121002174,317.39086085531534,159.97688186098273,279.76081918361615,92.6181545526587,38.95686298721669,33.06436328154294,5.892499705673752,10.378470124439772,2.7777751119597935,1.886865029549447,0.4271592410496391,40.9097689210417,16.086167996721272,13.412379208616692,11.41122171570374,2.946962799511107,350.41579119321506,0.29028800114342884,62.01169587199262,56.41251440636271,45.417085427135675,$icP_{v}^{syst}$,[mmHg],12.664942655935025,26.533161623140984,28.419392027676974,28.143082623657882,28.25263424372783,5.2366455072359335,12.410917221437977,26.908873637492047,22.895802004775437,24.713705573957792,29.868709911049454,28.963906361938882,17.833558902495522,4.492362665074516,0.3305938683627528,0.5403327313615437,14907.467550252286,1.6454240333469607,0.27629334479901235,0.558345708883713,0.5113392707171405
358.32437522655505,252.4434561292917,309.7283807611584,409.5352907541391,213.8173479582008,344.7592477503875,72.58562848283508,33.98243350921383,52.25348941127667,83.35558834222365,213.81568753773172,378.82852726914507,318.7718496699728,160.6851713063446,281.0197867156728,93.09374255010677,39.2723428031817,33.331002188978026,5.941340614203674,10.464270010211328,2.8003650259585995,1.9030210642709149,0.4308572341858631,41.0743390826583,16.15090104536794,13.466361428091503,11.45707660919885,2.946962799511107,351.83776267818627,0.29028800114342884,62.0193219916203,56.441284683353,45.65829145728643,$icP_{v}^{syst}$,[mmHg],12.715444492497078,26.63910966298849,28.546109574600294,28.26814781654275,28.37838964862072,5.259524323300147,12.461354841099842,27.029623998307954,22.997806169061274,24.82369254679107,30.00149153601505,29.11389346813114,17.9137044959823,4.517807253335713,0.3305938683627528,0.5403327313615437,14967.214357074055,1.6455061576526855,0.2763793351643477,0.5583735763226025,0.5114984140751945
359.766453623907,253.46808355290992,310.9748875295426,411.2957832836731,214.66912104315327,346.09117494090765,72.88302333781546,34.13112295678207,52.472686963531174,83.73647367775727,214.66743842096042,380.14613225267954,320.15173038125164,161.3929173202086,282.2789555473103,93.56985984589514,39.58868005820665,33.59834489594143,5.9903351622652155,10.550297353956687,2.823013579352836,1.9192268757572843,0.43456790565133996,41.23859196074363,16.215503600155042,13.520233544068553,11.502854816520047,2.946962799511107,353.25767921291083,0.29028800114342884,62.02675381127713,56.46971525104798,45.89949748743718,$icP_{v}^{syst}$,[mmHg],12.765870933631799,26.744877161954776,28.67274939395665,28.393131607903193,28.50406500398982,5.282386094157471,12.511740123376704,27.150305919964662,23.099725887381616,24.933602261991595,30.134202387496288,29.264228871031783,17.99379922789748,4.5432664279337835,0.3305938683627528,0.5403327313615437,15026.838473020729,1.6455914921359285,0.2764655929825926,0.5584025330787777,0.511658052411424
361.2073404790261,254.49194602109065,312.22032807979417,413.056437231686,215.52052306949713,347.42187640327944,73.1803049124837,34.27979875497497,52.69181924010077,84.11751394755152,215.51891140300367,381.46330581102274,321.53161537489376,162.10087491874134,283.53842277271445,94.04695416809707,39.9061180658797,33.86658485326954,6.039533212610158,10.636617422373478,2.845734143996253,1.9354998037530147,0.43829418511290347,41.40275170932985,16.280076186517828,13.574081596921653,11.54859392589037,2.946962799511107,354.67639877543536,0.29028800114342884,62.0342407049019,56.49794046239717,46.14070351758794,$icP_{v}^{syst}$,[mmHg],12.816255221172478,26.850571525284668,28.799398325455908,28.518119555019876,28.629747314272564,5.30524367768755,12.56208242980915,27.270995806796446,23.201671833064996,25.04352258822677,30.266946456898705,29.414810315786305,18.073906426488342,4.56877322060037,0.3305938683627528,0.5403327313615437,15086.436614864799,1.645673431578791,0.27655143024051604,0.5584303377877059,0.5118169124118299
362.64790878015765,255.51553680463357,313.4654701479091,414.81686873770866,216.3713528946534,348.75230436598923,73.47746930729883,34.42855504930254,52.910926075403886,84.49864511881822,216.369337341064,382.7795880648196,322.9121848497897,162.80916547212118,284.7991638612263,94.52457289522991,40.224801351712685,34.13587882783162,6.088922523881066,10.723278552719966,2.8685421090002023,1.9518343150886086,0.4420366295784913,41.56681523768424,16.344604819300887,13.627893197077121,11.59431722130624,2.946962799511107,356.09489085991385,0.29028800114342884,62.04155504807446,56.52582950803118,46.381909547738694,$icP_{v}^{syst}$,[mmHg],12.866628070848444,26.956212971787984,28.92609882252701,28.64315491062154,28.75547855842314,5.328104822158449,12.612410530366054,27.391790985958128,23.30367037215352,25.15350745899497,30.399788449498494,29.565732555032795,18.154072274628064,4.5943107775522884,0.3305938683627528,0.5403327490548306,15145.994702625738,1.645758027095615,0.2766380156468767,0.5584590437886224,0.5119771402543744
364.0862393379781,256.53764838004463,314.7086671066888,416.57532443822237,217.22084328743398,350.0805067483774,73.77439630740454,34.57719379575107,53.12987069850981,84.87972830778479,217.21925343698416,384.09511636405034,324.29183672675657,163.51703798485576,286.06007119016,95.00322811396121,40.54435589870425,34.40585743938496,6.138498459319284,10.810161520963968,2.891406543826665,1.9682308179577983,0.44579294599313024,41.73062870156217,16.40903837095605,13.681625337411198,11.639964993194914,2.946962799511107,357.5112459583787,0.29028800114342884,62.04882565585489,56.55350567672954,46.62311557788944,$icP_{v}^{syst}$,[mmHg],12.916920726790579,27.061701629309024,29.052777134759122,28.76815900632704,28.881182728131694,5.350955074093511,12.66269103466784,27.512513028440523,23.40561146443589,25.2634313259691,30.532577012144227,29.716837742154453,18.23419060529185,4.619888172671508,0.3305938683627528,0.5403331097322581,15205.459030120379,1.6458422706945655,0.27672402793792983,0.5584876303723977,0.5121359823295857
365.52482576609464,257.55994368662294,315.95206858427576,418.3347848942861,218.0706364573854,351.40894162407767,74.07149936832124,34.72600175784991,53.34898123774635,85.26123535053024,218.06937690744022,385.4113273965858,325.6730840481066,164.22622966515345,287.32296043805974,95.48363216030725,40.86532997702292,34.67700869574023,6.188321281282689,10.897426880993583,2.914365271746344,1.9847080962299606,0.4495688473808884,41.89443686523685,16.473469809138404,13.735351496462009,11.685615559636432,2.946962799511107,358.9278184985698,0.29028800114342884,62.05608640734819,56.580946486569715,46.8643216080402,$icP_{v}^{syst}$,[mmHg],12.967186063676209,27.167224732577615,29.17953055068583,28.893239067786343,29.006962359131776,5.373827161231401,12.712990113385686,27.63337653467557,23.507684609520926,25.37348947799214,30.665549028715404,29.868321560675998,18.314423500866535,4.645540409135125,0.3305938683627528,0.540333469572066,15264.944552016977,1.645924569806583,0.2768102438223861,0.5585155571287284,0.5122952017790322
366.96172481354,258.58112633473365,317.1940033706741,420.0923479876614,218.91885436833746,352.735690213396,74.36809145442703,34.87468423692533,53.56777729291822,85.64225814194833,218.9174448027405,386.72499347120635,327.05331869457257,164.93471761059948,288.585198966446,95.96411968934771,41.18720214120664,34.948930827598396,6.2382713136082435,10.984940672312634,2.9373889324021616,2.0012260116438916,0.45335582315620726,42.05806517877292,16.537829453313396,13.789023217102551,11.731212508356972,2.9469627995111067,360.342805036598,0.29028800114342884,62.06314258585435,56.608041501987906,47.10552763819095,$icP_{v}^{syst}$,[mmHg],13.017389406802849,27.272580403616374,29.306231261666277,29.018259825231148,29.13268548081388,5.396671024455958,12.763202408828752,27.754205256390936,23.609700089177135,25.483478632437453,30.79845689927828,30.019932656140693,18.39461294267365,4.671187941754796,0.3305938683627528,0.540333827886575,15324.319805783622,1.6460108293382103,0.2768969095507206,0.5585448277838048,0.5124552549925596
368.3975672835912,259.60165555668755,318.43502663461146,421.84938279684843,219.76649436620428,354.0613120694819,74.66463325374065,35.02340060074659,53.786557526334775,86.02344682759725,219.76514561547035,388.03834463860187,328.43391399085783,165.64377028070638,289.84848101078006,96.44596570034228,41.5101860038306,35.22175690182646,6.28842910200414,11.072747982044211,2.9604865308933737,2.0178118945114427,0.45715928516503673,42.22156779731804,16.602141407231155,13.8426540344238,11.776772355663088,2.946962799511107,361.7567743727614,0.29028800114342884,62.07018018480278,56.634904424238755,47.346733668341706,$icP_{v}^{syst}$,[mmHg],13.067553107874751,27.37788168713701,29.432966243473118,29.14330955151859,29.258440249177212,5.419518491835241,12.813402324839931,27.87507055391819,23.711756917304825,25.593507230670895,30.931425073144705,30.171938244702268,18.47484160225317,4.696890390721416,0.3305938683627528,0.540334185761456,15383.6546056343,1.6460961231422018,0.2769835524185177,0.5585737707361913,0.5126152661027429
369.83261352612266,260.6214833548747,319.6752856484542,423.6065614980031,220.61402672445735,355.3864122081091,74.96113644539092,35.17216463354341,54.00535434973165,86.40497703864516,220.61280981295664,389.35174035049783,329.8149235494662,166.35291215588717,291.1125947814734,96.92899220934176,41.83438171652888,35.495574093834946,6.338807622693933,11.160879176596577,2.983663137970472,2.0344703511839777,0.4609799019436371,42.38496901078676,16.66641620028802,13.896251691474024,11.822301119024715,2.946962799511107,363.1700469930081,0.29028800114342884,62.07722612514206,56.6615702332187,47.58793969849246,$icP_{v}^{syst}$,[mmHg],13.11769894001654,27.483111697847068,29.559713757637503,29.268370160570974,29.38420703896218,5.44237133401328,12.863558378959253,27.995996017182584,23.81385924497051,25.703576644818902,31.064477738587122,30.32432169311494,18.555099648933492,4.722642626520892,0.3305938683627528,0.5403345433589033,15442.981870712014,1.646178406627791,0.27706995676819957,0.5586016921899684,0.5127748358375137
371.266697134158,261.64077569372085,320.9147445142638,425.36281600388304,221.4606379798779,356.7103819845797,75.25744929254738,35.320922872080594,54.2240347159727,86.78637007177413,221.45928372188976,390.66387737651115,331.1959703346504,167.06231601281013,292.3774504997826,97.41287710906232,42.1596514774517,35.770291457161676,6.389360020290026,11.249301938395492,3.0069141011011222,2.051184998966272,0.464815009281706,42.54823798982355,16.730636264176464,13.949804735712807,11.867796989934284,2.946962799511107,364.58234894457996,0.29028800114342884,62.08415823160747,56.68793470466002,47.82914572864321,$icP_{v}^{syst}$,[mmHg],13.16780273417652,27.588260202168833,29.68647911297299,29.393443855353976,29.509988932491492,5.465217796476959,12.913693329475388,28.116951011079816,23.915975681800976,25.81366088629388,31.19756721340063,30.47695423223893,18.63538146432412,4.748426153655401,0.3305938683627528,0.5403348996674366,15502.244658591453,1.6462625244387954,0.27715676994079097,0.5586302360898162,0.5129351631948527
372.69930260469914,262.6590988082512,322.15289807386694,427.1183517462514,222.30611254641013,358.03285959028426,75.55345140004614,35.469617251004074,54.44255454517747,87.1676151727825,222.30471811962087,391.97476343517263,332.5766102124428,167.77159528179476,293.6425806926712,97.89756270486754,42.48589810380548,36.04581426943681,6.44008383436867,11.33798432424206,3.030232858455829,2.0679553612672525,0.4686640835980603,42.71133909601411,16.794790952904588,14.0033057042211,11.91324243888841,2.946962799511107,365.993295193784,0.29028800114342884,62.09098036442986,56.71403846803701,48.07035175879397,$icP_{v}^{syst}$,[mmHg],13.217858215970407,27.69329113999388,29.813245943297247,29.51851121090882,29.635768069575658,5.488053419459143,12.963779042825115,28.23789656603811,24.018075887485203,25.923723198819527,31.330686657202975,30.629807957810293,18.71565426718848,4.774238703405755,0.3305938683627528,0.5403352552457777,15561.427878248709,1.6463483212472474,0.2772436510598536,0.5586593497279205,0.5130956167828548
374.13076256385244,263.6765225869642,323.3900454686132,428.87292067847704,223.15090057415503,359.3543721342366,75.84937909656293,35.618317266273124,54.66101275575742,87.54887311287378,223.14948116984712,393.2850269912311,333.9571883363538,168.48078884418982,294.9085972037465,98.38315170441541,42.81324004654236,36.32223731325321,6.491002733289154,11.42696140878915,3.053622864891017,2.084789410894179,0.4725287733697049,42.87425563660332,16.85886958416418,14.056740916503646,11.9586451359355,2.946962799511107,367.40310919887696,0.29028800114342884,62.09772800281866,56.73988732218442,48.311557788944725,$icP_{v}^{syst}$,[mmHg],13.26786680650351,27.798240658512427,29.94000894933826,29.643571787719775,29.761541673672326,5.51088831096173,13.013847516636847,28.35886345519415,24.12017382721195,26.033790903652964,31.463835843861464,30.7829423550547,18.79593290433758,4.800077546642717,0.3305938683627528,0.540335609964387,15620.563040190853,1.6464334593925856,0.2773306336842303,0.5586882398602806,0.5132562588323744
375.5621141523778,264.6939817568592,324.62708716642567,430.6283634396254,223.99581213899665,360.6756659986073,76.14526260167473,35.76711472698148,54.87952420927394,87.9304272747166,223.99416431025384,394.59532611082113,335.33881402809425,169.1906374086921,296.1754734840134,98.87008022235024,43.14188881197135,36.59974498826782,6.542143823703526,11.516290889111454,3.0771013825421307,2.1016962157920114,0.47641102961592574,43.03722041083124,16.92297458070384,14.110200158004591,12.004045672122807,2.946962799511107,368.8128384414456,0.29028800114342884,62.10449810047945,56.76553914562729,48.552763819095475,$icP_{v}^{syst}$,[mmHg],13.317877514054372,27.903159987180015,30.066855978985714,29.76871126368701,29.88739706461688,5.533730224062463,13.063875549624363,28.479944418453528,24.222381530675076,26.143951623795036,31.597116860580616,30.936353600222077,18.876287047520876,4.825965308336119,0.3305938683627528,0.5403359640546886,15679.706849729766,1.646516668858904,0.27741755396836326,0.5587164755293336,0.5134167858948682
376.9918397429274,265.7103417172293,325.86270232662605,432.3818293507142,224.8391637082643,361.99527442520105,76.44093081873376,35.91583935907725,55.09786482136172,88.31186792072054,224.83756201301048,395.90421609604937,336.71990395831085,169.90051491669428,297.4433274731136,99.35790178566151,43.47145463056195,36.87800571094131,6.593448919620638,11.605862424773314,3.1006439617881947,2.11865592785848,0.4803070475970639,43.1999005654636,16.98695931101261,14.163556571343268,12.049384683107734,2.946962799511107,370.221024233965,0.29028800114342884,62.111077020350095,56.79089862444485,48.79396984924623,$icP_{v}^{syst}$,[mmHg],13.36783113867473,28.00795958480343,30.193667143073906,29.89381124841805,30.01321376144347,5.5565631002292415,13.113885772795156,28.60099651241238,24.324546196258982,26.25407930726664,31.730381513611036,31.090139336032735,18.956630418879694,4.851885015636679,0.3305938683627528,0.5403363178084856,15738.741459578501,1.6466038128230105,0.27750479556929436,0.5587460463010179,0.5135779077275571
378.4197516825143,266.7254218400291,327.0967282497281,434.13390772909395,225.68168652763754,363.31320153199107,76.73632056006318,36.064496032248826,55.31606862655272,88.69326299218956,225.68032317985086,397.2122572734403,338.10048340941165,170.61046702515895,298.71131717488,99.84680551885675,43.80196528821255,37.157027278574766,6.644938009637783,11.695683512481805,3.1242462755567164,2.135676090653422,0.48421740919933537,43.36239124736574,17.0508737472218,14.216854081466474,12.094663418677463,2.946962799511107,371.6274267705424,0.29028800114342884,62.117667504511374,56.81605213519201,49.03517587939698,$icP_{v}^{syst}$,[mmHg],13.41771657402119,28.112633491328804,30.32043894074635,30.018867569942117,30.138989090135446,5.579379185797536,13.163840413592917,28.722004118965934,24.42668753151372,26.364175678155444,31.86362400403466,31.244206917180104,19.036958569155136,4.877845439660194,0.3305938683627528,0.5403366703487118,15797.718056934627,1.64668845083729,0.2775917321880543,0.5587747667226988,0.5137384660732125
379.847221419813,267.7402669779083,328.3303518782603,435.8860617820492,226.52376744098575,364.6306031316816,77.03155508233749,36.213201882643986,55.53418012551272,89.07456639919823,226.52190349688962,398.51901265492097,339.48141869811485,171.32040095635986,299.9797480669844,100.33633718022107,44.1336492153289,37.437048420017035,6.696600795311869,11.785827940671574,3.147931579660553,2.1527520537196168,0.4881425785209801,43.524865258420064,17.11478375150888,14.270152802542407,12.139928704368769,2.946962799511107,373.0334441434076,0.29028800114342884,62.124178688089884,56.840927610406325,49.27638190954774,$icP_{v}^{syst}$,[mmHg],13.46758745366575,28.21724276593504,30.44727034860211,30.14397500797123,30.26481929560753,5.602188321824073,13.213747251238383,28.843095859862572,24.528873543918525,26.474311822229144,31.996934385232777,31.39852770407742,19.11732174406509,4.903828010829051,0.3305938683627528,0.5403370218133896,15856.663720869003,1.6467739714800158,0.277679172487163,0.5588037866488206,0.5138999573918925
381.2735770229191,268.7543605006885,329.5629976349623,437.63769184733457,227.36512797419226,365.94690554021105,77.32680233424115,36.361914446019945,55.752338070897146,89.45617215626277,227.36378591844496,399.82630929351933,340.862669183823,172.03074216001704,301.2499220013977,100.82749870636485,44.4664423286003,37.71794437822593,6.74849795037437,11.876256572771688,3.1716882964258457,2.1699054875575507,0.4920855491799977,43.68713097073817,17.178608537725665,14.323373860477956,12.185148572534535,2.946962799511107,374.43839728226254,0.29028800114342884,62.13063275902162,56.865639062169194,49.517587939698494,$icP_{v}^{syst}$,[mmHg],13.517422984625387,28.321791158235513,30.574119384190006,30.26909922212649,30.390667070648163,5.625010298672788,13.263663002083291,28.964212654433656,24.631085223072034,26.584482507643465,32.13030951757936,31.553229526029817,19.197712543411253,4.929879737825002,0.3305938683627528,0.5403373721583122,15915.558958193458,1.646859395803055,0.2777661489844173,0.5588327738905507,0.5140605912097364
382.6988157172049,269.7676750226628,330.79465159107394,439.3882556653877,228.20581881939304,367.2621501260191,77.62184964735845,36.51064167493855,55.9703790350019,89.837660724117,228.20452839497324,401.13233904519825,342.2439895004139,172.74136802193817,302.5202772616767,101.31948947092334,44.800289127621994,37.999721874969055,6.800567252652941,11.966970246002948,3.195518321057643,2.1871142252376985,0.4960431945399202,43.84930251123208,17.242399964154778,14.37656999339829,12.23033255367902,2.946962799511107,375.84240957463055,0.29028800114342884,62.137037192939296,56.8900849375946,49.75879396984924,$icP_{v}^{syst}$,[mmHg],13.567229661756537,28.426263674229382,30.70097171231407,30.39422096062639,30.51651511593985,5.647823827725366,13.313526876707689,29.08535892455919,24.733323005818953,26.694668259159275,32.26372271973362,31.708133838199256,19.278127990444226,4.955961045475658,0.33016508254127064,0.5403377228932279,15974.407317357513,1.6469449005245578,0.27785354036016907,0.5588617884140856,0.5142219922614465
384.1231171694969,270.7803470202651,332.025506516704,441.13836557783304,229.045729041543,368.57648254186057,77.91669668949805,36.659344047922886,56.18832201228352,90.21921787736461,229.04443681249398,402.4374660405759,343.6252197162816,173.4517800084374,303.79140835522765,101.81230237267744,45.13522055475802,38.282401490219385,6.852819064538636,12.057980334644745,3.2194186451192337,2.2043825929154286,0.5000154007994642,44.01133497092228,17.306133764173673,14.429718685049842,12.27548252169877,2.946962799511107,377.2453152639028,0.29028800114342884,62.14333792051679,56.91429256474856,50.0,$icP_{v}^{syst}$,[mmHg],13.61699046092086,28.530634257471736,30.82785042942386,30.519363658319882,30.64238648310804,5.670631382485442,13.363356800271646,29.20653615804625,24.83556705627895,26.804856509548994,32.39715848354724,31.863320104590034,19.358547472645352,4.982074868645504,0.33016508254127064,0.5403380727689464,16033.201032908011,1.6470305595415848,0.27794094416660037,0.5588908552950932,0.5143834169269255
