STK_syst_list,DTK_syst_list,MAP_syst_list,Plvmax_list,SV_lv_list,EDV_lv_list,STK_pulm_list,DTK_pulm_list,MAP_pulm_list,Prvmax_list,SV_rv_list,EDV_rv_list,maxVla_list,minVla_list,maxVra_list,minVra_list,Eout_total_list,Eout_lv_list,Eout_rv_list,SW_lv_list,PE_lv_list,SW_rv_list,PE_rv_list,Ein_total_list,Ein_LAD_list,Ein_LCX_list,Ein_RCA_list,Ees_lv_list,Pes_lv_list,LVET_list,EF_lv_list,EF_rv_list,var,var_name,var_unit,Plvmin_list,EDP_lv_list,Pv_syst_max_list,Pv_syst_min_list,Pv_syst_mean_list,Prvmin_list,EDP_rv_list,Pv_pulm_max_list,Pv_pulm_min_list,Pv_pulm_mean_list,Plamax_list,Pramax_list,Plamin_list,Pramin_list,RVET_list,Ees_rv_list,CO_list,Ea_lv_list,Ea_rv_list,VAC_lv_list,VAC_rv_list
41.508675072234155,14.480381363730489,26.191117518570305,230.40531296032586,107.38590715712633,163.05200781068606,35.05453301443098,15.22174656110999,24.601112547773482,37.618670660745636,107.38634540089001,215.13804012501728,142.6425964589363,70.15735197136607,135.59398198810192,42.35173676443208,8.7137375922763,7.205744083207473,1.5079935090688268,2.551604077429742,0.09300733850825511,0.43561817871216135,0.09608649977110163,4.278204885075264,1.8133975365224817,1.522283935678564,0.9425234128742193,0.6803541554810036,30.808739514123275,0.40477381547916813,65.8599109566368,49.91508955761032,0.1,$R_{a}^{syst}$,[mmHg*s/ml],5.226105952557804,12.191374222517831,14.065883946137566,13.584417227481286,13.824526945683836,2.46711914768417,6.197146661878107,11.671384740461034,10.00469002935951,10.824826143518807,13.156599042940188,12.588986037131015,7.707215292195996,1.6636110513013798,0.33273779747016363,0.5489798865912517,7517.013500998843,0.2868974181970092,0.2619438109124783,0.4216883455267141,0.47714646257616194
43.405928171323865,14.828991761118488,27.324920612140136,231.2655323058671,107.15801784185935,163.39906138254648,35.02630047918502,15.234643749533454,24.59299783624061,37.57819385686468,107.15836556758126,214.88168986933096,142.87731119371196,70.31713992669923,135.53189497155313,42.27835308712792,8.751642050576683,7.247046081744039,1.5045959688326436,2.560016385199487,0.10138446103792742,0.4343498519781369,0.09597371258797835,4.4273039113159935,1.8720344517908298,1.5712375050091119,0.9840319545160512,0.7229363524774627,33.15763382988301,0.40305867219323943,65.58055899169655,49.868541909151965,0.1096989966555184,$R_{a}^{syst}$,[mmHg*s/ml],5.264779803447782,12.218911756259095,14.020843005032617,13.564177793172101,13.793852277746216,2.46575524878613,6.18749249365124,11.697983489774039,10.025425659077305,10.845945374101683,13.188386852348094,12.565320652236318,7.724853430726738,1.660047603372652,0.33230901164868143,0.5489795033144895,7501.061248930155,0.30942746513672986,0.2623468975020723,0.4280148094314792,0.47788104276779114
45.205913696405055,15.248747045315882,28.454433030153297,232.09971358276863,106.93788390430069,163.7215266891375,34.99814489864977,15.246053698215764,24.584288931562437,37.53825546547151,106.93839714086162,214.63258281770064,143.09308754542047,70.46546897757216,135.47515182526064,42.2065575249989,8.784884760185804,7.2836096284253555,1.501275131760449,2.5681780865991084,0.10808598999656473,0.43311471521735556,0.09585891557957497,4.57747935185133,1.9310801185784638,1.6205188173788891,1.0258804158939776,0.7526211865430998,34.93178055712923,0.40177231472879293,65.31693544939057,49.82393434257386,0.11939799331103679,$R_{a}^{syst}$,[mmHg*s/ml],5.301311247418797,12.244485960995197,13.977739492305771,13.5442629749146,13.764025272107093,2.464403304185202,6.178120527221296,11.722665825976424,10.04463052735243,10.865469850173016,13.217938981870228,12.542185271844948,7.741219974156382,1.6565435813940306,0.33230901164868143,0.5489791328455774,7485.651873301048,0.3266548699279469,0.2627291767209873,0.43402295307194433,0.4785777108852159
46.91918486686828,15.734780981779057,29.5796219349269,232.9178791530996,106.72432829783554,164.02433870702495,34.97012084264771,15.256482275649995,24.57515151919748,37.49879399932454,106.72479245049675,214.38964880356173,143.29460414535018,70.60473365828125,135.423052732129,42.13596434740801,8.818481503594546,7.320459922574464,1.498021581020081,2.57620198690276,0.11504188406246912,0.431907980835475,0.09574306835967998,4.728394191471307,1.990411330346943,1.6700274969142297,1.067955364210134,0.7833644055575407,36.766959011250634,0.40048595726434644,65.06615368129187,49.780758094475544,0.1290969899665552,$R_{a}^{syst}$,[mmHg*s/ml],5.335959702832036,12.268497235859613,13.93639277181464,13.52451839293602,13.734925057121986,2.4630685077289867,6.168991556045708,11.745825439191867,10.062618494494462,10.883729944294496,13.245710709543978,12.519482790017978,7.756578021183801,1.6530804323677573,0.33230901164868143,0.5489787815214424,7470.702980848488,0.34450400951360494,0.26309581042274865,0.43977490816475445,0.47924586391773405
48.55550573464727,16.281219067763853,30.700346781390497,233.7260158533589,106.51600841670357,164.31079882462728,34.94218781575947,15.266099391899358,24.56564990839058,37.45972547093504,106.51661440990198,214.15168071727945,143.48364307000924,70.73650092569399,135.37491354369553,42.06618807064032,8.846680362168925,7.351857414238728,1.4948229479301975,2.5841425345509044,0.11986454440792785,0.4307245435117822,0.09562624832976152,4.879735909696081,2.049909919227903,1.7196655655889377,1.110160424879242,0.7991139182700017,37.90508876271838,0.39962838562138203,64.82593303583812,49.738864552981944,0.1387959866220736,$R_{a}^{syst}$,[mmHg*s/ml],5.3692323732019105,12.291227383900335,13.896581047120817,13.504786917250895,13.706400768557177,2.4617460434225364,6.160058964440662,11.76773487914589,10.07959712425702,10.900948074097697,13.272022788938969,12.49711286541839,7.77110471039405,1.6496367311593778,0.33230901164868143,0.5489784463190354,7456.12058916925,0.35586283532545704,0.26344905955084646,0.44532178352726354,0.4798896228391173
50.124095152290394,16.88191995233836,31.816604081347794,234.52963569535171,106.31224149360278,164.5843526563536,34.9144241036296,15.275108531045532,24.555920496425134,37.42107742147976,106.31292136725239,213.91815876934768,143.6633933654295,70.86241799508716,135.3302749229305,41.99708778715849,8.881194018944724,7.389517987661836,1.4916760312828878,2.5920583541778246,0.12725790096926332,0.4295624907224582,0.09550906670961,5.03125304168054,2.1094793667954193,1.7693532268864915,1.1524204479986295,0.8314431442106857,39.83881914575475,0.3983420281569356,64.59437958575506,49.697941483257544,0.14849498327759197,$R_{a}^{syst}$,[mmHg*s/ml],5.401243977392292,12.312953183598086,13.858160730094871,13.485005723022109,13.678381646829534,2.4604413744648834,6.151311448749656,11.788665666039732,10.095794686571029,10.917355044122653,13.297190264124756,12.475049529408226,7.784982302559534,1.646204911957632,0.33230901164868143,0.548978112694056,7441.8569045521945,0.37473407188157165,0.2637919658018393,0.4507031833635698,0.4805145409300676
51.63303043073154,17.530889567492913,32.928279746058,235.33117338434766,106.1120981144891,164.8473569625582,34.88672458287111,15.283528084572126,24.545956269204222,37.38269077404701,106.1126478433553,213.68794707453733,143.83509751837008,70.98342322706785,135.28844229157073,41.92837732111132,8.91000919665618,7.421442600672081,1.4885665959840988,2.5999623259358096,0.1323314141747925,0.4284161963557551,0.09539136298737454,5.18277968133641,2.169059011155803,1.8190428986002123,1.1946777715803962,0.8479885526888625,41.02742617100509,0.39748445651397124,64.36991169873009,49.6577599701221,0.15819397993311038,$R_{a}^{syst}$,[mmHg*s/ml],5.432390373562211,12.333833318481046,13.820957992295211,13.46509709165934,13.650768261344457,2.4591458487686713,6.142696858536476,11.80877208585766,10.111337535190724,10.933077997662085,13.32139375692543,12.453176938567207,7.7983153618503,1.6427701461447535,0.3318802258271993,0.5489777937076394,7427.846868014237,0.3866423046949723,0.2641268580334011,0.4559522690123343,0.4811248488751496
53.08961981089317,18.222460211659158,34.03537525294902,236.13365511676787,105.91517777874297,165.10174330063987,34.859218629023886,15.29139965711762,24.53589499832378,37.34469433472974,105.915776866272,213.46111040083954,144.00070314187906,71.10064789198427,135.2490947321037,41.86011168242301,8.939146240760191,7.453646576067105,1.4854996646930863,2.6078808120023442,0.13750397501680417,0.4272869315457568,0.0952739077603758,5.3341358472662455,2.228577743905622,1.8686735226217044,1.2368845807389186,0.864806381180655,42.23425816572599,0.3966268848710069,64.1514593736773,49.61830127622883,0.16789297658862878,$R_{a}^{syst}$,[mmHg*s/ml],5.462649038154164,12.354061791655074,13.784851293838475,13.445034494910837,13.623509067544024,2.4578673316651747,6.134219307542126,11.828243091430135,10.126367391081763,10.948274470183668,13.344851388288971,12.431515072607272,7.811225730470475,1.6393355076127245,0.3318802258271993,0.5489774776661084,7414.062444512008,0.3987554857713919,0.264454765864937,0.46109221028989295,0.4817224323832463
54.500119723851505,18.95142905286378,35.13787580640157,236.93811256714378,105.72103943622442,165.34905979758105,34.83184317952123,15.29897107696457,24.525735522270683,37.30696838863927,105.72160368680157,213.2369110208847,144.16119520885877,71.21465332241706,135.2120820557012,41.79206768512012,8.975551850006344,7.493085861316767,1.4824659886895777,2.6158205158046908,0.1455965009907428,0.42617107571671564,0.09515656196197454,5.4852121702010095,2.287993028914843,1.9182124339236832,1.2790067073624822,0.899244916247228,44.31617469190051,0.3953405274065604,63.93809530314066,49.57941060984844,0.17759197324414716,$R_{a}^{syst}$,[mmHg*s/ml],5.4923579605658714,12.373740153886843,13.749734731301189,13.42480911648033,13.596564794538747,2.4566013861320255,6.1258556803565885,11.847183860651324,10.140970280327075,10.963031655783691,13.36768732144622,12.410014461585213,7.823783970346753,1.6358919959383404,0.3318802258271993,0.5489771668791438,7400.472760535709,0.4191802779108502,0.26477719116380943,0.4661469532240376,0.4823100251491873
55.87004330738144,19.71307957369091,36.23574939726799,237.74509441786992,105.5292803699593,165.5905629842157,34.80466457417536,15.306323202065878,24.515550031893085,37.26959972143087,105.52982271062696,213.015406686422,144.31765125771105,71.32611461454684,135.1768635413422,41.72435041219368,9.00564491930709,7.5261771974889475,1.4794677218181413,2.623781221646992,0.15108755782006006,0.4250690515461418,0.09503977846123271,5.6359112468016725,2.3472680610918206,1.9676281011341104,1.3210150845757425,0.9168413241476728,45.58366513692161,0.3940541699421139,63.72904256628349,49.54093431653816,0.18729096989966554,$R_{a}^{syst}$,[mmHg*s/ml],5.5214700396979755,12.392982550171679,13.715502157493656,13.404407837395485,13.56989026789308,2.455350916197365,6.117595849519805,11.865699612997064,10.15523943420939,10.977438532368726,13.39002500407287,12.388707116320658,7.836059193096207,1.6324452554898357,0.3318802258271993,0.5489768606033115,7387.049625897151,0.43195277156365197,0.2650954781119561,0.4711314381092171,0.48289007631509817
57.20399230265448,20.503192295396975,37.32895688283579,238.5545684427151,105.33951490004713,165.8270713045222,34.77757907351691,15.313472384487298,24.505295626392957,37.23243835934487,105.34001922992817,212.7957683079447,144.4704258101206,71.43539494384942,135.1431717071214,41.65681764484383,9.03609722437165,7.559603172826361,1.476494051545289,2.631753593107206,0.15670298121245307,0.42397692345167737,0.09492309750169219,5.786161971556947,2.4063737788862407,2.016898744410904,1.3628894482598015,0.9346982786662894,46.87293539707178,0.39319659829914955,63.52371423517654,49.50287313866444,0.19698996655518394,$R_{a}^{syst}$,[mmHg*s/ml],5.550161375305594,12.411835185900328,13.68205858000828,13.383824588839312,13.543447396341088,2.4541081997310314,6.109418633592457,11.883838791141926,10.169208905028889,10.991534671702727,13.411919691847213,12.367510154708825,7.848088127218311,1.6289887358518653,0.3318802258271993,0.5489765579458797,7373.766043003299,0.4449701087151181,0.2654099855931526,0.47605748172559065,0.483463240372675
58.506074724790636,21.317774025556705,38.417525844427495,239.36718771170155,105.15161793139907,166.0596159816245,34.75067226783989,15.320481875363063,24.495046733323587,37.19559909536264,105.15230677221022,212.5782435689742,144.62044900665086,71.54281525940229,135.11078557746814,41.58948937578415,9.066936241689518,7.5933861683708015,1.4735500733187166,2.63974013368317,0.1624493656545543,0.42289623984434943,0.0948070419925272,5.935902498473882,2.465285877835976,2.0660031842408504,1.4046134363970553,0.9528136161521129,48.18488072820456,0.3923390266561852,63.321607309410346,49.465225136311744,0.20668896321070235,$R_{a}^{syst}$,[mmHg*s/ml],5.5784786038174685,12.430379361178097,13.649335866841085,13.363070902929088,13.517218199301903,2.452878315787158,6.10132504125331,11.901678421183245,10.182934733986112,11.005383431650065,13.433460371689401,12.346425444865666,7.8599155370433555,1.6255258042232361,0.33145144000571714,0.5489762586086057,7360.613255197935,0.45824193365850424,0.26572112131296194,0.48093554278652095,0.48403026022735285
59.779871160382775,22.153834627884326,39.50148517484835,240.18297517067808,104.96548521143427,166.28898828166555,34.72393765455885,15.327262823941966,24.48481630178672,37.159051969569994,104.96620334299463,212.36262353440873,144.76791686521779,71.64872296653407,135.0796999023451,41.52237109693399,9.098172252094994,7.627539244424836,1.4706330076701581,2.6477403543548474,0.16833250923248455,0.42182584140031065,0.09469164139243656,6.085101911053712,2.5239925619882726,2.1149326798054817,1.4461766692599578,0.971184884181959,49.52024181876169,0.39148145501322085,63.12233076650897,49.42781436583032,0.21638795986622072,$R_{a}^{syst}$,[mmHg*s/ml],5.606437530427409,12.448667019114772,13.617275506800953,13.342163840761474,13.49119013468987,2.4516605070767574,6.093307173888016,11.919270642057276,10.196467513936003,11.019029056061614,13.454709545202082,12.325437052539279,7.871577040743895,1.6220579570779923,0.33145144000571714,0.5489759620154775,7347.5839648003985,0.4717764293568689,0.26603011283366446,0.4857740653101824,0.48459337246202444
61.028289098585,23.008516342413373,40.5808110542388,241.00115468309315,104.78083948702097,166.51541527868835,34.697331804347115,15.33385156312161,24.474591624416366,37.12270849827764,104.7815296177435,212.1485280363344,144.91359151651716,71.75336382071771,135.0495207703751,41.45541515999041,9.121694385148315,7.653956383271743,1.467738001876571,2.6557397151740374,0.17107182274130528,0.4207639260136968,0.0945767251556412,6.233716254701957,2.5824748687880277,2.163672413035549,1.4875689728783792,0.9711624137040935,49.92096538911209,0.3906238833702565,62.92560920660386,49.390646537881096,0.22608695652173913,$R_{a}^{syst}$,[mmHg*s/ml],5.63418782888555,12.466723022971228,13.585814503526933,13.321110017709994,13.46534249275106,2.4504510487172504,6.085355867151913,11.93664147430072,10.209826495414703,11.03249397548532,13.475698533572793,12.304533609143917,7.883095297302462,1.6185821085330157,0.33145144000571714,0.5489756677994501,7334.658764091468,0.476432195366174,0.2663371515833916,0.4905793188072655,0.4851529260868607
62.253940043186354,23.879042641088283,41.65554940627126,241.82193362288666,104.5977171961501,166.73954738760085,34.67080115741622,15.340368766878006,24.464351325368423,37.08648906642811,104.59787297238587,211.93551010439256,145.0570886324915,71.85696311183732,135.02014667043335,41.38856000179444,9.15343481916644,7.688575897976448,1.4648589211899923,2.6637413357610544,0.17714317561148532,0.4197082221304506,0.09446207103621293,6.381730972438685,2.6407272327001934,2.2122192063005772,1.5287845334379142,0.9897791027228693,51.28367675302003,0.38976631172729215,62.731198947663835,49.35363258420656,0.23578595317725753,$R_{a}^{syst}$,[mmHg*s/ml],5.661595376621054,12.484585159722581,13.554892977740614,13.299910753923955,13.439651771300397,2.449247618544707,6.0774612989229375,11.953823428981353,10.223035895421996,11.045807439823614,13.496464039574278,12.283692205035852,7.894496652762198,1.6150893308794352,0.33145144000571714,0.5489753754219122,7321.840203730507,0.49029441681646585,0.266642953755364,0.49535741406104894,0.48571022616531195
63.45901147500597,24.76330417833693,42.72564904707778,242.64413653891873,104.41575277833282,166.96119515191543,34.64448071894808,15.346832125016089,24.454170067227547,37.05061851832028,104.41607977421073,211.72440594886382,145.19934086458568,71.959322908844,134.99151579574485,41.32195799806032,9.185515304570435,7.723506787776981,1.4620085167934547,2.6717231191378237,0.18336094093411986,0.4186632793980178,0.09434831279444349,6.529109880153332,2.698734584714286,2.2605573746369956,1.569817920802049,1.0086470472751192,52.67091054016424,0.38890874008432785,62.538934680796054,49.316978506214134,0.2454849498327759,$R_{a}^{syst}$,[mmHg*s/ml],5.688825088537678,12.502257839382354,13.524477236597386,13.278592157730746,13.414118930486874,2.4480556295433438,6.0696299219892005,11.970824791986665,10.23609715475802,11.058967911522489,13.517014807883083,12.26293181909714,7.9057666579972725,1.6115977168905877,0.33145144000571714,0.5489750853556291,7309.1026944832975,0.5044345238977573,0.2669462372688324,0.5001100486641958,0.486262936861521
64.64544010376433,25.65956245755822,43.79117840984577,243.46811245807353,104.23503348518409,167.18088807443357,34.61830124140337,15.353261320237031,24.444027592765973,37.01494280202629,104.23527849849368,211.51464353048158,145.33981361073901,72.06090318310028,134.9636765371661,41.255531079622116,9.217945407971948,7.758767201153834,1.4591782068181136,2.6796889889615962,0.18972857248305156,0.4176258653658295,0.09423519431633046,6.675843234903133,2.7564923289889536,2.3086850700300485,1.61066583588413,1.0277695886852516,54.08315914794755,0.3876223826198813,62.34865401526983,49.280407615594825,0.25518394648829434,$R_{a}^{syst}$,[mmHg*s/ml],5.7158590259534945,12.519777472452816,13.494530991145236,13.257168215889786,13.38873718044518,2.4468723526561527,6.061858061405003,11.98767982937577,10.249044955133513,11.072011369454485,13.537391876423543,12.242253373341379,7.916944021351832,1.6081071583246902,0.33145144000571714,0.5489747969685873,7296.4523439628865,0.5188577903189804,0.26724884596325227,0.5048386292327603,0.4868144174176805
65.81492535648422,26.565654478011243,44.85217196458593,244.2934232591976,104.0555391870568,167.39887809910925,34.592293659378264,15.35966318627513,24.433942706978563,36.97950636237219,104.05584684924395,211.3063586137417,145.4793445054919,72.16161700690289,134.93653182562676,41.189298590135095,9.241796943648403,7.785426291110861,1.456370652537541,2.68763611681376,0.19261847306870372,0.41659694246751533,0.09412283498676961,6.821921170855349,2.81399583561666,2.3565983375820907,1.6513269976565992,1.0277523063549956,54.49303528023567,0.38719359679839915,62.1602368956441,49.24406796458655,0.2648829431438127,$R_{a}^{syst}$,[mmHg*s/ml],5.74266235405848,12.537158006748216,13.46502271959501,13.235653775459275,13.363501981778942,2.445699530939068,6.054145570656862,12.004403159054695,10.261884244328217,11.084946311338232,13.557611931016789,12.221654918952478,7.92803060915092,1.6046164035059312,0.33102265418423493,0.5489747679922597,7283.887743093976,0.5236918255959018,0.2675500304498492,0.5095506206677521,0.4873630739502795
66.96879912566625,27.48064066889186,45.90861291398495,245.119241851916,103.8770745958377,167.61510211850296,34.56639095180527,15.365915815552034,24.4238752494594,36.944264698396054,103.87742154095129,211.09916635245858,145.61747277054937,72.26158470388185,134.90975570526922,41.12329208465844,9.274657986131013,7.821077938900426,1.4535800472305866,2.695552068884584,0.19919506074973567,0.4155744624522614,0.09401092260082271,6.967356652807614,2.8712514037345613,2.4043039486850435,1.6918013003880106,1.047102008829768,55.934734386116,0.3863360251554348,61.97357713172956,49.20787861734797,0.2745819397993311,$R_{a}^{syst}$,[mmHg*s/ml],5.769355487928417,12.55440449198412,13.435914373791178,13.214054895015618,13.338400134114945,2.444531368852706,6.04647798395695,12.020994134717396,10.274620103207731,11.097774197649363,13.577673382729257,12.201104296251888,7.939031864559447,1.601126746382985,0.33102265418423493,0.5489747679922597,7271.395221708639,0.5384704431054249,0.26785020884962835,0.51424831445717,0.4879098721225834
68.1084928128251,28.40271558640077,46.96056284866367,245.94575139426095,103.69975044054938,167.82990864843055,34.540620165856666,15.372047989187474,24.41384795364469,36.90920320830959,103.70004223081506,210.8931304296935,145.7544852212076,72.36081184519234,134.8834139328381,41.0574225645819,9.30785420279354,7.857046527084666,1.450807675708874,2.7034404893147195,0.20592801763026677,0.41455876518009954,0.09389963957960527,7.112136072302696,2.9282518055522426,2.4517955760681573,1.732088690682296,1.0667069040024395,57.40213865407234,0.38547845351247045,61.78859970529997,49.171844535441636,0.28428093645484953,$R_{a}^{syst}$,[mmHg*s/ml],5.7958304694408955,12.571524857818774,13.407183702295907,13.192386711135265,13.313430820190765,2.443370946642985,6.038857647322326,12.037469711619336,10.287263003630802,11.110508299789844,13.597598909656593,12.180617971194117,7.949956071970427,1.5976352207082998,0.33102265418423493,0.5489747679922597,7258.982530838457,0.5535417241624003,0.26814951903335144,0.518925791222904,0.4884550887721896
69.23496353999741,29.331174231196066,48.00799428665297,246.772400767577,103.52336466631398,168.04311310944365,34.51498656105542,15.378160123371817,24.40386447019694,36.874350441809014,103.52370077288134,210.68833046367718,145.8905980746262,72.45936285756687,134.85752027083828,40.99183539455849,9.331795936760884,7.8837414559970185,1.4480544807638656,2.7112879178890528,0.20893218617477602,0.41355024529858264,0.09378897452412689,7.2562407183877955,2.984989209649539,2.4990656835776726,1.7721858251605829,1.0666886984616368,57.81883305841883,0.3846208818695061,61.605240911533784,49.13594433305783,0.29397993311036785,$R_{a}^{syst}$,[mmHg*s/ml],5.822160192838407,12.588528817749335,13.378796451828558,13.170649960888618,13.288579801196644,2.442216841991551,6.031286515228275,12.053831144222034,10.299815853120784,11.123148163075813,13.617386179138318,12.160197520466314,7.960802995590612,1.5941493782299294,0.33102265418423493,0.5489747679922597,7246.635526641979,0.5585099870428846,0.2684479537068226,0.5235922981544284,0.4889987106121562
70.3492278145374,30.264576104518355,49.050987178017756,247.59899555386613,103.3479961621083,168.2550231055697,34.48949666783544,15.384268729673519,24.39393299992151,36.83971666046056,103.34835042308355,210.4847300392821,146.02543188203433,72.5573526148588,134.83202496825203,40.9265367140993,9.365373942175124,7.92005382360762,1.445320118567504,2.719098290419665,0.21588293868912348,0.4125486942391383,0.0936789962354568,7.399694667869747,3.041473992404504,2.546124060707379,1.8120966147578654,1.0865158648186928,59.31642902121407,0.3837633102265418,61.42342395166638,49.1001653202092,0.3036789297658863,$R_{a}^{syst}$,[mmHg*s/ml],5.8484088152559295,12.605425166719092,13.350747145008908,13.148871484295652,13.263859350012812,2.441070308501257,6.023761243599317,12.070094158236946,10.312294368302446,11.135709655729093,13.63705786030809,12.13983957541442,7.971585688753898,1.5906701869137108,0.33102265418423493,0.5489747679922597,7234.359731347581,0.5739485159264457,0.268745721039322,0.5282467882070186,0.4895411168389276
71.45213369632364,31.202537912691664,50.08956855377632,248.4253812741657,103.17365550089082,168.46572386884708,34.46412698425741,15.390374417028477,24.384044628075017,36.8052365653357,103.17396554837578,210.28213419242056,146.15990472166862,72.65476082165519,134.80693154290955,40.86139955431056,9.389319584565541,7.94671725461714,1.4426023299484008,2.7268696443020723,0.21895037790001706,0.4115532910077625,0.09356960734524598,7.542485772653755,3.097699232175568,2.5929650610947608,1.8518214793834287,1.0865081562520855,59.73613860223328,0.3833345244050596,61.243114107421015,49.064541761767316,0.3133779264214047,$R_{a}^{syst}$,[mmHg*s/ml],5.874411757879835,12.622225155421162,13.323010781152838,13.127053983765924,13.239260482725024,2.439929675935357,6.016283465034232,12.086262125714237,10.324688622021903,11.1481940794621,13.656614210552451,12.119546910140507,7.982306099997702,1.5871921044452397,0.33102265418423493,0.5489747679922597,7222.155885062357,0.5789863537569192,0.2690427374797846,0.5328872594515398,0.4900821552577767
72.54449048636002,32.143711441977615,51.12377807504164,249.25124084832672,103.00029365875989,168.6752918850363,34.438932273364415,15.396488051356771,24.374230511715925,36.77104004002783,103.00069127165786,210.08087854068205,146.29331730119796,72.75166831967465,134.78221084380073,40.796602099705346,9.423285717922873,7.983380088243319,1.4399056296795552,2.734599572524786,0.22612404058225402,0.4105656150937277,0.0934610636377988,7.684632612724532,3.1536739857626155,2.639596068367535,1.891362558594382,1.10655707963547,61.26438527382857,0.3824769527620953,61.064245099372116,49.029065370988455,0.32307692307692304,$R_{a}^{syst}$,[mmHg*s/ml],5.900345516609484,12.638937305842292,13.29558185939357,13.105218897035678,13.214792264348075,2.4387984897772443,6.0088526842733705,12.102349702690177,10.337026742259193,11.160615282948704,13.676072329410971,12.09932556715456,7.99297202565924,1.583724898547665,0.3305938683627528,0.5489747679922597,7210.0205561131925,0.5947981612246424,0.26933898126638794,0.537521445726582,0.4906217862278608
73.6268390111525,33.08785299177687,52.153567778379674,250.07599392788532,102.82775555026717,168.88345753203544,34.41381766983214,15.40251437936874,24.364430402894754,36.73698552230275,102.82821671792809,209.88048593888004,146.42584066442433,72.84801109357763,134.75765574100404,40.73200878742893,9.457532369679,8.020310048568724,1.4372223211102766,2.7422752069907594,0.233460585110348,0.409583017011055,0.09335288587930136,7.8261259159827645,3.2093934110865066,2.686013747652251,1.9307187572440059,1.1268539854604969,62.81862242588788,0.38119059529764876,60.886813340354436,48.993700513859594,0.33277591973244147,$R_{a}^{syst}$,[mmHg*s/ml],5.926163484307654,12.655541307834989,13.268420074115985,13.083349974845655,13.190427839609088,2.4376694873479696,6.001456351327193,12.118332918224477,10.349284700093639,11.172951262088397,13.695406870068915,12.079186171553305,8.003571259934404,1.5802610166788935,0.3305938683627528,0.5489747679922597,7197.942888518702,0.6109111502990952,0.26963456393729773,0.5421386960347324,0.4911602129245755
74.69982570281566,34.03417306396315,53.179052612721094,250.90017095591904,102.65622564774404,169.0906361730725,34.388868310154606,15.408401007693712,24.354704334145236,36.70313777984153,102.65671025458747,209.68137567118362,146.5577083519892,72.94376127112939,134.73349884319546,40.667677743216984,9.481500211206532,8.046941311910501,1.4345588992960308,2.7499076134553997,0.23665389545130835,0.40860767754567534,0.09324553355027215,7.9669633101612165,3.2648554828232252,2.7322152751120896,1.9698925522259032,1.1268268468804772,63.246023138179424,0.3807618094761666,60.7107690710149,48.95843034508263,0.3424749163879599,$R_{a}^{syst}$,[mmHg*s/ml],5.95178599395669,12.672057421128105,13.24153294612958,13.061475534430365,13.166186452478199,2.4365491596818645,5.994109238512344,12.134235665868813,10.361472237470473,11.185222441345514,13.714644048056826,12.059135549824742,8.01411306127593,1.5768057775014226,0.3305938683627528,0.5489747679922597,7185.935795342082,0.616095348714677,0.26992969836171693,0.5467524583925949,0.49169782310563825
75.76381729618669,34.982015407452614,54.20018549567808,251.72267307343844,102.48548637827847,169.29651281721993,34.36399805294966,15.414276033540611,24.34498974715996,36.669446671887236,102.48596153900804,209.48306646529088,146.68831890429706,73.03899436973026,134.70951419287013,40.60362964863029,9.516091685796887,8.084183191178834,1.431908494618054,2.757482748465781,0.244217735753258,0.40763729119311404,0.09313851962723314,8.107165887595976,3.3200699511967344,2.778210307355748,2.0088856290434935,1.1473426660274382,64.83103771411825,0.37990423783320226,60.53608823527651,48.92326776970724,0.3521739130434782,$R_{a}^{syst}$,[mmHg*s/ml],5.977332174244873,12.688471382337381,13.21489141967754,13.03958678671273,13.142050113403041,2.435431572284811,5.986794317712948,12.150040044559022,10.373585835602302,11.197414869390228,13.73376617102522,12.039125966583622,8.024592930538667,1.573358721687052,0.3305938683627528,0.5489747679922597,7173.9840464794925,0.6325875009737869,0.2702242239423037,0.5513501063845724,0.4922343242305696
76.81953662358174,35.9311791204694,55.217037728379424,252.54377974730536,102.31565040599715,169.50130720238397,34.33926018322234,15.420151123038261,24.335326649965843,36.63592818269013,102.31611006126093,209.28583461106413,146.8186913916326,73.13371227979655,134.68573977219168,40.53979723525459,9.539983165357052,8.110708131749242,1.42927503360781,2.765005927735081,0.24747705265078962,0.4066731314664738,0.09303216674808305,8.246722559607523,3.375030712073407,2.823992962216866,2.0476988853172515,1.1473159839583043,65.26146077984892,0.3794754520117201,60.362750054684014,48.88821560780964,0.36187290969899666,$R_{a}^{syst}$,[mmHg*s/ml],6.002755827260448,12.704803089755936,13.188493306911594,13.017699612138527,13.118026498087097,2.4343206475735397,5.979523703107286,12.165763303008797,10.385632357838862,11.209540496332982,13.75278825374494,12.019185240632387,8.035017332026753,1.5699125461168597,0.3305938683627528,0.5489747679922597,7162.0955284198,0.6378443622347698,0.27051823205854775,0.5559448060979427,0.4927698827541777
77.86722927830903,36.88101899229472,56.22966769382972,253.36354005008351,102.14673941183784,169.7051395234078,34.31467835634202,15.426042867975282,24.32573551791603,36.60263026607836,102.14732228621368,209.0897485985924,146.9481430975947,73.22805509940726,134.66237637301418,40.47631498519357,9.574926969233388,8.148266533982245,1.4266604352511438,2.772478940157141,0.25527168341287687,0.4057158596820569,0.09292659367206664,8.385649439335777,3.429744587714391,2.869568913730241,2.086335937891143,1.1680471908968664,66.87739017591852,0.37861788036875577,60.19071649727409,48.85333832521589,0.3715719063545151,$R_{a}^{syst}$,[mmHg*s/ml],6.028013843630701,12.721057652509876,13.16233668404455,12.995828013435533,13.09412264040337,2.4332172294745087,5.972296578180927,12.181416655371557,10.397627070735199,11.221612815573856,13.771725298969937,11.999310811083829,8.045397325153674,1.5664764486437055,0.3305938683627528,0.5489747679922597,7150.271758828649,0.6547187953428503,0.27081144559697823,0.5605242668664225,0.4933039938928423
78.90722556089818,37.8310877421557,57.23800851581692,254.18132880518658,101.97855618898578,169.90764944531958,34.290165358625245,15.431907685764777,24.316148412737476,36.56945298508222,101.9791380291556,208.8944563911387,147.07661879370187,73.32169790350858,134.63903569807692,40.413027755016856,9.598731431645595,8.174673615969944,1.4240578156756512,2.779888001519301,0.2585972082245791,0.4047631678942505,0.09282131002268092,8.523942948717366,3.484210022592267,2.9149376419366715,2.1247952841884263,1.1680207026153187,67.31083642445319,0.3777603087257914,60.01999116691032,48.818498963997186,0.3812709030100334,$R_{a}^{syst}$,[mmHg*s/ml],6.053193326908168,12.73720256448767,13.136391093472668,12.973957872636936,13.070316741989252,2.4321157306959345,5.965098944219534,12.196967172648346,10.409539354578198,11.233599579964146,13.790541471955978,11.979484723053414,8.055706488487596,1.5630461247498006,0.3301650825412706,0.5489747679922597,7138.498933229004,0.6600489253810705,0.2711043604689821,0.5651003650047923,0.4938375609875107
79.93994990482805,38.781288347594355,58.24216473905444,254.9973550068515,101.81125591193931,170.10916392150128,34.26578514150115,15.43778242444868,24.306619495609173,36.53645004663295,101.81185234053763,208.70017628634093,147.20463562855969,73.41498882565642,134.61595176137,40.35005017795127,9.622429746013298,8.200957943448547,1.4214718025647506,2.787242647587589,0.26192724812320234,0.4038165434542077,0.09271670962089425,8.661612046800961,3.5384303059807376,2.9601012849277177,2.1630804558925063,1.1680176966934204,67.74275464298525,0.3773315229043092,59.85054159629003,48.7837883763211,0.39096989966555185,$R_{a}^{syst}$,[mmHg*s/ml],6.078245843585353,12.753276738959615,13.110662071620304,12.95210750059854,13.046621540522025,2.4310203626905604,5.957944730404758,12.212446680689295,10.421390195973254,11.245529712756458,13.809270523161286,11.959720097256746,8.06597043517823,1.5596271534528146,0.3301650825412706,0.5489747679922597,7126.787913835752,0.6653758863516889,0.2713967604384506,0.5696625044597554,0.4943701901473861
80.96569285196277,39.7312857190424,59.24215668750454,255.8114344349108,101.64481433940502,170.30968670888794,34.24151845291402,15.443454280272885,24.297131333349594,36.5036171517408,101.64544207489973,208.50683870516883,147.3315915080532,73.50774738909438,134.5931557518024,40.28733768342539,9.657713701224846,8.238812675469944,1.4189010257549015,2.7945414796740273,0.2700165184844871,0.40287558244409755,0.09261263940748848,8.798661886577273,3.592407029979446,3.0050613240961574,2.20119353250167,1.1889359298585136,69.39404342272692,0.3764739512613449,59.68234473541574,48.74921259471379,0.4006688963210703,$R_{a}^{syst}$,[mmHg*s/ml],6.103140838113487,12.769258956528912,13.085138540748568,12.93027846775725,13.02303281517276,2.429929905876846,5.9508258738135265,12.227844664281651,10.43317925396936,11.257395119001238,13.827903034628868,11.940014535998829,8.076179889986372,1.5562181813104796,0.3301650825412706,0.5489747679922597,7115.137003758351,0.6827111040904787,0.27168847411432095,0.5742202644777697,0.49490156917039146
81.98468416340005,40.68048008116417,60.238014172563474,256.62332838886766,101.47918445716492,170.50917012448252,34.21736127267619,15.449126462501075,24.287680995910435,36.47096178248933,101.47974840892711,208.31441901517812,147.45821845860397,73.60008313459865,134.5704849400531,40.22490943120017,9.681327719103765,8.264982961866451,1.4163447572373131,2.801781946827881,0.2734143791340913,0.40193999470115266,0.09250909360669823,8.93511398289,3.6461498675445925,3.049826839406495,2.2391372759389108,1.1889261054474174,69.82901370683847,0.37604516543986277,59.51538230059924,48.71470198207121,0.4103678929765886,$R_{a}^{syst}$,[mmHg*s/ml],6.127971697588403,12.785168185377868,13.060280880951755,12.908482988146883,12.999556976281783,2.428844184687929,5.943742869158858,12.243167748347238,10.44491618971245,11.269201147555167,13.846443704063802,11.920365109827866,8.086340846816586,1.552820082682,0.3301650825412706,0.5489747679922597,7103.542912001544,0.6881116958159413,0.27197990891572826,0.5787674210055223,0.4954324402019931
82.99730361639057,41.62894228916474,61.22978178155738,257.4334905883601,101.31441865876832,170.70771802566975,34.19336314067627,15.454811929275142,24.278304780293947,36.43851398020733,101.31504636007175,208.1231838878909,147.58410038427465,73.69197536933315,134.54821852516483,40.16282036684534,9.716941623549252,8.303134373015892,1.4138072505333592,2.808966708193539,0.28173832148771827,0.4010112617305072,0.09240631978711847,9.070941640719758,3.699645932564635,3.094384814253928,2.2769108939011935,1.2100544227221377,71.51105975871532,0.3751875937968984,59.3496414986541,48.68032694264702,0.42006688963210703,$R_{a}^{syst}$,[mmHg*s/ml],6.152677342778608,12.800998221459418,13.037544784062641,12.886720563021516,12.976189382168398,2.4277662437587355,5.9367041761644845,12.258422719528564,10.456592945270586,11.280952299152931,13.86490080262324,11.900797078461038,8.096454069098886,1.5494362256525929,0.3301650825412706,0.5489747679922597,7092.009306113782,0.705832996975168,0.2722706840935652,0.5833068196943791,0.4959621096782431
84.00354087643478,42.576433153448264,62.21745343929172,258.2413043491958,101.15044427234285,170.9052162483954,34.16947207482275,15.460495468961758,24.26896499706711,36.40622668923312,101.15120086440011,207.9328535553618,147.70903280536766,73.78339567909117,134.526143996177,40.10101866794778,9.740472220042983,8.329187905119825,1.4112843149231586,2.81609109757571,0.28520479881446315,0.4000879156443687,0.0923040822918747,9.20617247604758,3.7529079575391218,3.138747647942795,2.314516870565663,1.2100350000338103,71.9490694716235,0.3747588079754163,59.1851123638788,48.64608893441111,0.42976588628762546,$R_{a}^{syst}$,[mmHg*s/ml],6.177226102345356,12.81674911054171,13.01486736272153,12.864990894980819,12.952924641602367,2.4266928412264175,5.929700828123241,12.27359720392604,10.468204338116834,11.292639116879117,13.883262351102163,11.881284346004804,8.106514459331024,1.5460638655190644,0.3301650825412706,0.5489747679922597,7080.531099064,0.711307498342805,0.2725608056436063,0.5878404329816328,0.4964905885209086
85.00378064237421,43.52272007981523,63.20102112905414,259.0464233064611,100.98719253193693,171.10154979281,34.14564389735759,15.466165078394672,24.259633854410126,36.374039361009096,100.98792051720208,207.74319793506325,147.83354498503152,73.87427866816684,134.50411772002323,40.03942677600693,9.763860535999651,8.355088357250654,1.4087721787489969,2.823150568493862,0.28867396697388414,0.3991686790844594,0.09220212528505158,9.340803657354206,3.805933862040444,3.1829139192793505,2.351955876034413,1.2100350000338103,72.38533312018099,0.37433002215393407,59.02178715167932,48.61190234915372,0.4394648829431438,$R_{a}^{syst}$,[mmHg*s/ml],6.201702476104131,12.832404120997097,12.992243860111618,12.843290526498523,12.929754843023359,2.425620613230147,5.922726351821662,12.288680755755005,10.479746113448499,11.304252690044844,13.9015169196771,11.86181052142894,8.116516324607387,1.5426989329796967,0.32973629671978844,0.5489747679922597,7069.103477235585,0.7167773586466355,0.2728506729573234,0.5923608479313471,0.49701860425244615
85.99815060919082,44.467603474154984,64.1805828568798,259.8491815454409,100.82475957532888,171.29693855079447,34.121933949791575,15.471837763889251,24.250350370553424,36.34204996675582,100.82554706242743,207.5544835155639,147.95713896572016,73.96477015980274,134.48234146377007,39.978137311608315,9.799799098437592,8.393523810554814,1.4062752878827787,2.8301521689640343,0.29729653451353244,0.3982550632187511,0.09210074486367925,9.474849049359575,3.8587291853825607,3.226888012133327,2.3892318518436855,1.23134591803083,74.10248325831935,0.3734724505109697,58.85963895696329,48.577869942697156,0.4491638795986622,$R_{a}^{syst}$,[mmHg*s/ml],6.226064036270675,12.847983641473146,12.9696942910135,12.82163943104693,12.906696590943719,2.42455356949411,5.915787558957561,12.303694485077347,10.491235459552982,11.315810687768801,13.919685535606373,11.842404616943151,8.12647233267302,1.5393468151919432,0.32973629671978844,0.5489747679922597,7057.733170273022,0.7349631535987488,0.2731397937406879,0.59687789014975,0.4975452601212066
86.98667193133569,45.41074310154576,65.15608346749981,260.64934286155085,100.66303228128528,171.4911669611599,34.098310594752725,15.47738886611278,24.24108775874466,36.31019793821575,100.66384443902854,207.36659692783599,148.07990048971212,74.05468258527534,134.46061748667543,39.91710319971596,9.823075188809204,8.41928391906394,1.4037912697452646,2.8370879984512096,0.30083229385120497,0.3973462781761025,0.09199976643579368,9.60830372809883,3.911292580380004,3.270668417508761,2.4263427302100644,1.2313378423333041,74.541588249162,0.3726148788680054,58.69866889650584,48.54390530122832,0.45886287625418065,$R_{a}^{syst}$,[mmHg*s/ml],6.250253297728254,12.863469739236281,12.947197967753304,12.800018326436255,12.883726651544873,2.4234891456873666,5.908876616882455,12.318618944760582,10.502653464183338,11.32729615893891,13.937748598203296,11.82304434343231,8.136368154168885,1.536004911915384,0.32973629671978844,0.5489747679922597,7046.41225968997,0.7405060880827485,0.27342853959546876,0.6013833593220349,0.4980712330285532
87.96977659937114,46.35224151531814,66.1276316427576,261.4471298140154,100.502110067257,171.6844734232807,34.07480396449241,15.482851742083312,24.231872123011414,36.27850369676477,100.50286997314137,207.17964338250115,148.2022620236922,74.14419411131772,134.43925817346917,39.85639382404059,9.859319253141752,8.457997322722305,1.4013219304194475,2.843965840897347,0.3096916073637523,0.39644289207357936,0.09189935606440745,9.74117218808356,3.9636243368963875,3.3142553183343404,2.4632925328528317,1.2528512662357418,76.28906236567767,0.3717573072250411,58.53884632856307,48.51001205151706,0.468561872909699,$R_{a}^{syst}$,[mmHg*s/ml],6.274380864658988,12.878879538342368,12.924778448492324,12.778451063198347,12.860865979135152,2.422430755478016,5.902006250244162,12.333473899845485,10.514012389865009,11.33872657906448,13.955727452680492,11.80375734838719,8.146218659425235,1.532677359360113,0.32973629671978844,0.5489747679922597,7035.14770470799,0.7590792105222893,0.27371699495720725,0.605881345199884,0.49859667678035524
88.94751007401213,47.291947230007075,67.09524208650386,262.2423601979481,100.34198201715883,171.87684205899703,34.051438660571975,15.488328604142035,24.2227193583596,36.247013494010496,100.34292010002113,206.99374749838796,148.32376584910637,74.23331800748167,134.41819665518483,39.79600507790125,9.882510693947967,8.483641138735118,1.398869555212849,2.850785138358591,0.31329662535487224,0.39554570993788435,0.09179963770961522,9.873463611756563,4.015728766460365,3.357651860102103,2.500082985194093,1.2528287086290686,76.73111477788913,0.3713285214035589,58.380163851693446,48.476304870417685,0.4782608695652174,$R_{a}^{syst}$,[mmHg*s/ml],6.2984155959726715,12.894223863491627,12.902430580911862,12.756933362761771,12.838106943536612,2.42137849017978,5.895173135866999,12.34826221827324,10.52532142494814,11.350104827817308,13.973625416780571,11.78453542567962,8.156024347590172,1.5293638269473375,0.32973629671978844,0.5489747679922597,7023.938741201118,0.7646960248878465,0.27400452892847144,0.6103755602189461,0.49912044214814394
89.91989480327396,48.22971146445008,68.05890472552196,263.03476670194124,100.18258511897123,172.06815973000784,34.0281389593845,15.49379209101944,24.213578710484462,36.21561515766292,100.18348323155774,206.8085351895939,148.44463374963732,74.32190970754105,134.3973228617503,39.73585797913163,9.906395194488345,8.509132991901032,1.3972622025873132,2.857541666574102,0.3169026390767241,0.39465260882036546,0.0920393434509001,10.005178822692912,4.067605750972772,3.400859202844935,2.5367138688752053,1.25282776985403,77.17140631665178,0.37089973558207673,58.22261670966188,48.44262502981972,0.4879598662207357,$R_{a}^{syst}$,[mmHg*s/ml],6.322262816687105,12.909477529738828,12.880152278256189,12.735464166050999,12.81544566006005,2.42032829830192,5.88837138654813,12.362967826898759,10.536561850475772,11.36141365835022,13.991422213477335,11.765406558079807,8.165773764007046,1.526060576576174,0.3293075108983063,0.5510049734145752,7012.780958327986,0.7703075961256873,0.2753063249304669,0.6148551418328138,0.4996439927291308
90.8871502071931,49.16547788268549,69.01871273978485,263.8249256809497,100.02399055500767,172.2586169733875,34.00496943343168,15.49927137495867,24.20449173968412,36.18441371274074,100.02487946403359,206.62429855398634,148.56502428609994,74.410108301142,134.37673973477513,39.67601437392068,9.94298820095058,8.54815319792832,1.3948350030222607,2.8642419586137766,0.3260642194058659,0.3937651663461528,0.09194011943525403,10.136335467913057,4.119262757219409,3.4438828271744586,2.5731898835191886,1.2745169427599388,78.9536441064485,0.3700421639391124,58.06617533128142,48.40905942042403,0.49765886287625416,$R_{a}^{syst}$,[mmHg*s/ml],6.346049130038598,12.92466454278596,12.8579532113656,12.714053501616107,12.792889567626126,2.4192847074626957,5.881604945742756,12.377606714866669,10.547756904388619,11.372673727679931,14.009141345148647,11.746358122458936,8.175481687419303,1.522768130084409,0.3293075108983063,0.5510047111195251,7001.679338850537,0.7893470723208983,0.2755941230529598,0.6193303877244537,0.5001665457505995
91.84948570503312,50.09911429917477,69.97465037587519,264.6123938682853,99.86614562941368,172.4481096721906,33.98191869795319,15.504751885419475,24.19545529909987,36.15337816636605,99.86708521575221,206.44101392127098,148.68454273454685,74.49791082088404,134.35648768005876,39.61650239347722,9.965952744687774,8.573529848858277,1.392422895829498,2.8708821362267307,0.3297397535530569,0.39288324727116786,0.0918415071310671,10.26693054960573,4.170698765493681,3.4867218262666158,2.6095099578454333,1.274497600255235,79.39679406431303,0.3696133781176302,57.91083811776821,48.37560294769616,0.5073578595317726,$R_{a}^{syst}$,[mmHg*s/ml],6.36977120954384,12.939773307881962,12.835829595710445,12.692698967773032,12.77043362562761,2.4182456680228523,5.874871022199094,12.392176811811694,10.558892699561747,11.383878908112388,14.026777288328727,11.727372529051898,8.185144369122295,1.5194853461015196,0.32887872507682414,0.5510044539285489,6990.630194058957,0.795032125891201,0.27588143874952614,0.6238004102416397,0.50068821909251
92.80694596193715,51.03054939611044,70.9267735254435,265.397280261385,99.70910374050456,172.63674998566665,33.958991453654406,15.510238081693988,24.186469479153537,36.122514628786845,99.71012404675783,206.2586899596115,148.80372742606917,74.58525124343517,134.3365813051128,39.55727289990671,9.988798689724876,8.598772802494837,1.3900258872300384,2.877466270891134,0.333416982155548,0.3920068616420848,0.09174349902053239,10.396970107835287,4.221915587344392,3.5293777517142497,2.6456767687766454,1.274497600255235,79.83827964161546,0.36918459229614803,57.75659223704282,48.34226575679432,0.5170568561872909,$R_{a}^{syst}$,[mmHg*s/ml],6.39328979426122,12.954815611913368,12.813785546774946,12.671404802115942,12.748079915278655,2.4172125736266477,5.8681754276351015,12.406682832801986,10.569975048216763,11.39503019315049,14.044332643876947,11.708455780296418,8.194759854587693,1.516215694065745,0.32887872507682414,0.5510041979677454,6979.637261835319,0.8007120377833962,0.27616818654154496,0.6282569991681765,0.5012088611305122
93.75957258443916,51.95971628982055,71.87509820644604,266.1793426035785,99.5527825992538,172.82443604873149,33.936017246751526,15.515501282970451,24.17742882267605,36.091622406273444,99.55330221907415,206.07636996803856,148.92206954940744,74.67215231268659,134.3164493424661,39.49814212270075,10.025737069311646,8.63810712533685,1.3876299439747963,2.883990515773274,0.3428822994043072,0.39113111755832286,0.09164528243143179,10.526496175486583,4.272932277608635,3.5718700553530596,2.6816938425248886,1.2963587149014961,81.65502758990945,0.3683270206531837,57.60341817124912,48.30893626208302,0.5267558528428093,$R_{a}^{syst}$,[mmHg*s/ml],6.416738424516581,12.969767334242968,12.79179223691137,12.650143174480867,12.725798640614954,2.4161741508240935,5.8614848247520595,12.421098268864293,10.580999574992859,11.406113272675535,14.061783415246216,11.689533627401454,8.204327228294376,1.5129486647175487,0.32887872507682414,0.5510039457408478,6968.694781947766,0.8202184354666295,0.27645505923621966,0.6327094700242393,0.5017297269341952
94.7072008687787,52.88626386400431,72.81943335440695,266.9579267768678,99.39695556072506,173.01063228161652,33.91315549581044,15.520736598858944,24.168421104093817,36.0608755666275,99.39728780264302,205.89509231743403,149.0391296034315,74.7583619752316,134.29668774361656,39.439335368853065,10.048422709416332,8.663173376708123,1.3852493327082098,2.890437373155714,0.3466249750996211,0.39026117926520093,0.09154749256740471,10.655406412376706,4.323702193027801,3.61415429335222,2.7175499259966878,1.2963398368486319,82.09886635796582,0.36789823483170153,57.45135674605971,48.27569549321726,0.5364548494983278,$R_{a}^{syst}$,[mmHg*s/ml],6.44009594546952,12.984610741993903,12.769871482278512,12.628938082348558,12.703610678342084,2.4151401574608298,5.854837089096568,12.435410306013468,10.591930043576609,11.417107138030907,14.079111500617518,11.670704360243233,8.213818190010112,1.509696635805146,0.32887872507682414,0.5510036896921234,6957.786889250754,0.8259696274883265,0.27674115373287234,0.6371551687374176,0.5022491843702591
95.65028855667633,53.810466794221774,73.76009454882934,267.7341277897576,99.24197193797899,173.1961514173828,33.89046841102337,15.526006195685046,24.159501536088552,36.0303796137819,99.242314131272,205.7149933444397,149.15620562554702,74.84433000311859,134.27747512025482,39.3809236902177,10.07100805236061,8.688120577874955,1.3828874744856543,2.8968340451922683,0.35036944174877027,0.38939796807516625,0.09145059878892085,10.783795586409822,4.374267935807762,3.656267795093404,2.7532598555086527,1.2963398368486319,82.54111766060146,0.3674694490102194,57.30033324979448,48.242625643287575,0.5461538461538461,$R_{a}^{syst}$,[mmHg*s/ml],6.463304413680787,12.99940271777372,12.74804537512422,12.607810323632622,12.681535817363173,2.4141153329386,5.848228118757914,12.449677788926591,10.602825462509244,11.428069309267912,14.096382751831367,11.651948864858493,8.223280123093966,1.5064633885624914,0.32887872507682414,0.5510034358234116,6946.938035658529,0.8317158158867028,0.2770265213702461,0.6415877937598387,0.5027673211443077
96.5889554119996,54.73223267981641,74.69707440038279,268.50778455457026,99.08779585072172,173.3809384691278,33.86791619242308,15.531292616861997,24.150642412294467,36.000085383974415,99.08826229029138,205.5358852588436,149.2726808966892,74.92992506254835,134.2586302854881,39.322826404169874,10.108299723868628,8.72775825135167,1.3805414725169587,2.903178736249532,0.3601376260885456,0.38854054375208014,0.09135436377513882,10.911659259924441,4.424626940825795,3.698208617994726,2.7888237011039183,1.3183685087923782,84.39184081310054,0.36661187736725503,57.15034001178007,48.20971392197699,0.5558528428093645,$R_{a}^{syst}$,[mmHg*s/ml],6.486411084895896,13.01413771121658,12.726303233573427,12.586750064619768,12.659562523221478,2.41309670373606,5.841653550509346,12.463888666140162,10.613678986286661,11.438986388730273,14.113584439857185,11.63325988555291,8.232702344605725,1.5032449952953884,0.32887872507682414,0.5510031829668347,6936.14570955052,0.8516875371840846,0.2773111240835001,0.646016293247347,0.5032840692323036
97.52306641453309,55.651404982382516,75.63023986621842,269.27813449342307,98.93420679931876,173.564504321458,33.84541673620864,15.53655092745667,24.14178521043569,35.96986638545418,98.93471524648578,205.3574312804354,149.38804104213497,75.01496231359995,134.2399802801738,39.26497815211067,10.130781425587756,8.75257631677639,1.3782051088113663,2.9094551834485345,0.3639498233711359,0.3876868124597165,0.0912583537237658,11.038964833276221,4.474764594501344,3.7399648219362924,2.824235416838587,1.3183485163963453,84.8366820301626,0.3661830915457729,57.00140543488269,48.176837151503356,0.565551839464883,$R_{a}^{syst}$,[mmHg*s/ml],6.509438542289506,13.02877353855307,12.704628399167442,12.565742141129281,12.637673529250879,2.412079421644521,5.835106765787941,12.478006866489764,10.624456412608021,11.449827584271327,14.13067711754133,11.614629726216377,8.242063342729663,1.5000378389126716,0.32844993925534194,0.5510029310252674,6925.394475952313,0.8575060616016055,0.27759546212351355,0.6504395847810904,0.5038003366097953
98.4526340480843,56.56794367875053,76.55961990732604,270.0453307542507,98.78119546974666,173.74687116452256,33.82294644755969,15.54178480941758,24.13291446627053,35.93972843716108,98.78163904765469,205.17948457495044,149.50291693450671,75.09954234612931,134.2213698797829,39.2073818126263,10.153099347505762,8.777223238588029,1.3758761089177343,2.915664021702002,0.36776005902483944,0.3868359799080265,0.09116243835121506,11.165744960797403,4.524696040309999,3.781550410876063,2.8594985096113392,1.3183466750873116,85.27954908238303,0.3657543057242907,56.85351040146779,48.14401364361092,0.5752508361204013,$R_{a}^{syst}$,[mmHg*s/ml],6.53234442600852,13.043311685623905,12.683020825229958,12.544787696209848,12.615868134880667,2.411061244990732,5.828576305277762,12.492032122404643,10.635166709374024,11.460595808601072,14.14766217993389,11.596029119631842,8.251368362237269,1.496841362711524,0.32844993925534194,0.5510026814036041,6914.683682882266,0.863317645396398,0.2778794276158751,0.6548487296326834,0.5043159262093156
99.37801867605128,57.48195322373596,77.4854555644846,270.8103560356979,98.62907539183021,173.9287118435724,33.80064972698886,15.546991972687396,24.12413237122336,35.90981946487747,98.62951059743571,205.00270907872874,149.61732474852815,75.18372848058763,134.20326900571487,39.15005226111789,10.190729051129537,8.817163681430525,1.3735653696990127,2.921828838368972,0.37783119473286825,0.3859917087187008,0.09106738465488158,11.292004853614301,4.574421236532964,3.8229629605786415,2.894620656502699,1.3405379925771925,87.16382302953488,0.36489673408132633,56.7066094760335,48.111320597016245,0.5849498327759197,$R_{a}^{syst}$,[mmHg*s/ml],6.555107812928467,13.057810847267051,12.661507274297216,12.523911599067155,12.59417093688051,2.410052163612739,5.822091706874277,12.506018410634763,10.645838904418909,11.471331178684693,14.164591847816226,11.577517163634463,8.260639753125858,1.493658597506371,0.32844993925534194,0.5510024311918051,6904.035277428115,0.8837538290129299,0.27816284051621004,0.6592531012969709,0.5048305139317633
100.29906980264269,58.393285733809066,78.40760880153628,271.5721848582831,98.4775889742841,174.1095272813865,33.778446521975084,15.552058391894017,24.115380016542527,35.88006506107634,98.47816964654791,204.82674856017778,149.7308397869924,75.26751778248976,134.18538578898537,39.09306766547691,10.21298726905198,8.841719808425035,1.3712674606269464,2.9279322343471543,0.3817099641996082,0.38515222405696936,0.09097275993772438,11.417740927782269,4.6239401578772235,3.8642033272869365,2.9295974426181086,1.3405187490503823,87.60945844945039,0.3644679482598442,56.56071239291225,48.07876429167413,0.5946488294314382,$R_{a}^{syst}$,[mmHg*s/ml],6.577799403188837,13.072227190591663,12.640069199487687,12.503096708168322,12.572562605995488,2.4090466986499113,5.815633639956176,12.51992735871889,10.656453946226318,11.482007100394327,14.181432692501135,11.559061492552434,8.269862896376267,1.4904918181512028,0.32844993925534194,0.5510021819864638,6893.431228199887,0.8896385397120987,0.27844548334031927,0.6636524407751214,0.5053437036065307
101.2159150459857,59.30195106322185,79.32614885098322,272.33145974301124,98.32681263545848,174.28945066979705,33.756336631412985,15.557126691400466,24.106662864236068,35.85041592572003,98.32736237132222,204.6515689527484,149.84407857905776,75.35090716158025,134.16785069951314,39.03635648302847,10.23512280085984,8.866141240600317,1.3689815602595226,2.9339795126057195,0.38559009739440986,0.3843171586795456,0.09087859752351239,11.542947013756917,4.67324883967993,3.905268133079198,2.9644300409977875,1.3405100100474943,88.05332653494165,0.364039162438362,56.41581418587701,48.04622943986559,0.6043478260869565,$R_{a}^{syst}$,[mmHg*s/ml],6.600425855106394,13.086575011831245,12.618712892262188,12.48235014218106,12.551049124603345,2.4080459092002475,5.80921221138296,12.533769909291161,10.667011159348512,11.492628656359214,14.19819206965118,11.540681543580948,8.279041036526266,1.4873380222134815,0.32844993925534194,0.5510019336854463,6882.876884482093,0.8955169416646785,0.2787281172357297,0.6680419653359772,0.5058568767107974
102.12856849139122,60.20788125502179,80.24106314016672,273.0877526185594,98.17669264448361,174.46842092502968,33.73430328536618,15.562193268739902,24.097966271511716,35.82090966389153,98.17731148070928,204.47707825531126,149.95656504415774,75.43384705324212,134.1503637711496,38.97989580397529,10.25712752287201,8.890420709421672,1.3667068134503377,2.9399682488445533,0.3894710639284847,0.3834862879059958,0.09078477447219023,11.66765165473322,4.722360385691171,3.9461691957610032,2.999122073281044,1.3405100100474943,88.49534570564622,0.36361037661687984,56.271898446694166,48.013846988817264,0.6140468227424749,$R_{a}^{syst}$,[mmHg*s/ml],6.622868640521542,13.100842819647806,12.597431841692147,12.461666326860412,12.529623623240946,2.4070469545631754,5.802811649936928,12.547539380569797,10.677517662807762,11.503192373869936,14.2148642577505,11.522343723146497,8.288171376446961,1.4841958526408994,0.32844993925534194,0.551001686228137,6872.368485113852,0.9013885406193567,0.279009916687975,0.672422088506016,0.5063685350909317
103.03705663238817,61.11105187386649,81.1523521929807,273.84080919991715,98.02717811229421,174.64633428218912,33.712350527796325,15.5672444031115,24.08929261782061,35.79151311591598,98.02779332332278,204.30336174832465,150.068125041659,75.51634117310402,134.13312854761216,38.92374824863338,10.295117800805986,8.930674368092772,1.3644434327132138,2.945895417954519,0.39990717070107973,0.38265966308702487,0.09069132582078557,11.791828466332632,4.771262902569885,3.986895531200924,3.0336700325618255,1.3628400345831386,90.4169469041476,0.3627528049739155,56.12896400900369,47.98148815783088,0.6237458193979932,$R_{a}^{syst}$,[mmHg*s/ml],6.645219326522519,13.115032096118622,12.576225759317772,12.441044955754752,12.50828461232136,2.406051564330938,5.796442583676435,12.561230053388726,10.687960512257709,11.513693404397001,14.231442910347184,11.504073214638238,8.297250206540117,1.481068585906347,0.32844993925534194,0.5510014397065428,6861.902467860595,0.9223661095351661,0.27929156321294996,0.6767970459697397,0.5068799155256246
103.94161089020965,62.01151233330302,82.06015427491624,274.59145494244996,97.87845253949388,174.82357598711272,33.69048943613736,15.572309701589065,24.080656425812844,35.76224029345947,97.87892710895724,204.13034319464793,150.17947150423265,75.59848281807619,134.11610225537606,38.86781428238503,10.317040063978947,8.95484849739945,1.3621915665794972,2.9517744483333255,0.4038550221542562,0.3818372640645851,0.09059833210594226,11.915514090498178,4.8199714268057505,4.027460692327998,3.0680819713644283,1.3628216425101929,90.86153216628082,0.36232401915243334,55.98698687338891,47.94922968195133,0.6334448160535117,$R_{a}^{syst}$,[mmHg*s/ml],6.667513543445065,13.129159347981904,12.555105159908539,12.420496737416421,12.48704198312353,2.405060069982772,5.790102306871641,12.574864151879925,10.698355142833625,11.524150389237274,14.247952884967182,11.485861305917426,8.30629248962738,1.477951442775841,0.3280211534338598,0.5510011939601023,6851.491677764571,0.9283098558349017,0.27957283600794836,0.681167532770495,0.5073906174297548
104.84230381998765,62.90925248593521,82.96448625263659,275.33973245292236,97.73045826921297,175.0000717920117,33.66877921488139,15.577391075687608,24.072092530141358,35.7331768260292,97.73107928364811,203.9583935041497,150.29035291649996,75.68029975435375,134.09948489647178,38.81225167140499,10.33885207469838,8.978895591282486,1.3599564834158948,2.9576030177981183,0.40780169410533174,0.3810209453298635,0.09050608044895553,12.03870101362744,4.868483160152689,4.06786096101846,3.102356892456292,1.3628214449034177,91.3044181564512,0.3618952333309512,55.84595324358838,47.917164674892234,0.6431438127090301,$R_{a}^{syst}$,[mmHg*s/ml],6.6897075343922126,13.143228376301328,12.534075336533062,12.400027195501044,12.465900211512853,2.4040765781569653,5.783798811780043,12.588445404854559,10.708709463129692,11.534567031938455,14.2643974633805,11.467732990447674,8.315298382963636,1.4748511353690852,0.3280211534338598,0.5510009493052321,6841.132078844908,0.9342473142297124,0.27985312336587376,0.6855243713133101,0.5078995303342871
105.73884472076136,63.80408851294319,83.86515110193406,276.08418893503654,97.58291827856512,175.1752560547093,33.64708701340224,15.5823403220092,24.06350652614297,35.70417206709394,97.58361535630848,203.78691354842593,150.40009722177342,75.76155806368706,134.08270662605432,38.75688908438502,10.377208585244416,9.019480387988954,1.357728197255462,2.963361667887546,0.4185409288559313,0.3802073582570983,0.09041386013943097,12.161374483224812,4.916792375791164,4.108093110343768,3.1364889970898804,1.3853035049032618,93.25867362956595,0.3610376616879868,55.70588020039132,47.88512356222505,0.6528428093645484,$R_{a}^{syst}$,[mmHg*s/ml],6.711726911168975,13.15720051110945,12.513105576832507,12.379607646921786,12.444829059621835,2.403091002913322,5.777512474472538,12.601930258583307,10.718990220124368,11.544903587409214,14.280728858048963,11.44963620926589,8.324240795570109,1.4717537824790292,0.3280211534338598,0.5510007060678164,6830.804279499558,0.9556864590106338,0.2801331341761907,0.6898751469464961,0.5084079404822256
106.6315963763316,64.69618758583697,84.76241518318432,276.82617486431775,97.43615425204544,175.34981135543472,33.62550690263849,15.587214367849835,24.05497074773591,35.67531477511669,97.4368236171045,203.6162557483717,150.50957777578887,75.84247922759155,134.06625969805987,38.70182719822049,10.398913861347944,9.043400929099601,1.355512932248343,2.9690744327616208,0.4225519611813064,0.37939851434659155,0.09032218981940157,12.283562906007175,4.964909835413325,4.14816529402529,3.170487776568559,1.3852857690436113,93.70387442229804,0.3610376616879868,55.5667288712059,47.85316538651835,0.6625418060200668,$R_{a}^{syst}$,[mmHg*s/ml],6.733691393336102,13.171117135407268,12.492229571019058,12.359265446259187,12.423855621230173,2.4021114305544704,5.771260074902573,12.615364064570342,10.729230196460952,11.555200044985797,14.296995768896009,11.431655503559696,8.333148239530946,1.4686712974511047,0.3280211534338598,0.551000463080115,6820.53079764318,0.9616951237618345,0.2804128389552505,0.6942214705820446,0.5089157954382313
107.5203875270595,65.58541949222221,85.6561328032323,277.56517901064575,97.28994155766814,175.52326937511938,33.603994034813994,15.592072608881205,24.046448619765982,35.6465628721947,97.29063123283797,203.4462861607732,150.6183756008395,75.92292233809357,134.04987116027576,38.64702237680574,10.420477263064992,9.06716926908967,1.3533079939753234,2.974725416495105,0.42656290427305343,0.3785935752006867,0.09023081259416024,12.405244662468334,5.012826907194477,4.188070167367463,3.204347587906395,1.3852723003909317,94.14709380384113,0.36060887586650464,55.42851492228363,47.82128642837655,0.6722408026755853,$R_{a}^{syst}$,[mmHg*s/ml],6.755579001920185,13.184948233718474,12.471422386329644,12.338982312397158,12.402960609607108,2.4011337295482846,5.765031819833028,12.628715220956652,10.739402020770271,11.565430821274232,14.313167252086801,11.413730135611086,8.342001812260163,1.4656010983811745,0.3280211534338598,0.5510002209995739,6810.29590903677,0.9676960669982096,0.2806920424316145,0.6985601796304743,0.5094227401985589
108.40548605541211,66.4718083843699,86.54650107370009,278.30178624818524,97.14450605522279,175.69612274728323,33.58260745719289,15.596955163374217,24.037988636790605,35.61796942490127,97.14516389996766,203.27719327028112,150.7266252877536,76.00312879203747,134.03381984064765,38.5925217588548,10.441945288397987,9.090828280936023,1.3511170074619632,2.980331741885739,0.4305740633728076,0.37779365866116044,0.0901400842095563,12.526449919371002,5.060555635162948,4.227817934182462,3.238076350025592,1.3852723003909317,94.58871137244651,0.36018009004502244,55.29120650826936,47.78950473347084,0.6819397993311036,$R_{a}^{syst}$,[mmHg*s/ml],6.777325511044374,13.1987313678184,12.450706669347673,12.318781245963054,12.382166242519492,2.400162815357347,5.758838893642669,12.642021961118775,10.74953766903704,11.575628014519902,14.329285309287027,11.395881505776849,8.350826841169374,1.4625458149636117,0.3280211534338598,0.550999980886407,6800.115423865595,0.9736907954287871,0.2809709289175747,0.7028876525965372,0.5099291082833977
109.28676650749709,67.35532802045134,87.43340961718391,279.0351738952498,96.9996464536711,175.86801047871387,33.561296131157604,15.601824777822134,24.02954642303475,35.58952340007125,97.00040250073582,203.1088226468269,150.83422573104622,76.08281692412237,134.0178132482188,38.53829447672319,10.480737420870788,9.1318003444849,1.3489370763858883,2.985881119563179,0.4416799960810899,0.37699792391285136,0.09004966811393253,12.647174527523843,5.108095292018284,4.267408284828491,3.271670950677065,1.4078829199908456,96.57949634758923,0.35932251840205814,55.15479829995088,47.7578478554837,0.691638795986622,$R_{a}^{syst}$,[mmHg*s/ml],6.798962103414374,13.21243515104005,12.430065021927902,12.298645409050868,12.361454643631468,2.3991940591217213,5.752667990656537,12.655253287748142,10.759619496359377,11.585764743407589,14.345314425680273,11.378082578958413,8.359599894666724,1.459504090395637,0.3280211534338598,0.5509997405883883,6789.975251756978,0.9956685398200648,0.28124902146466063,0.7072097584837089,0.5104340360747307
110.16425121715193,68.2359679087938,88.31686262940181,279.7657301149494,96.85538639175537,176.0389249920816,33.5400529470609,15.606681687553273,24.02112150598869,35.56118056867035,96.85621576859145,202.94111205459322,150.94132500036628,76.16206028463341,134.0019313596268,38.48430617155518,10.502101672637178,9.155334551622186,1.3467671210149919,2.991373735143505,0.44575413136957925,0.3762059318928286,0.0899595644547291,12.767401963476395,5.1554378097438285,4.306833998378423,3.305130155354143,1.4078659336727157,97.02332183803207,0.358893732580576,55.019301211997295,47.72626639718824,0.7013377926421405,$R_{a}^{syst}$,[mmHg*s/ml],6.820528008955506,13.226062888756312,12.409493188685657,12.278570358256244,12.34082103113237,2.398227848118675,5.746524477819328,12.668409426914184,10.76963814120647,11.595839890608271,14.361253545355483,11.360342005394203,8.368322633449912,1.4564736052179055,0.3275923676123776,0.5509995011296905,6779.877047422876,1.001733878233653,0.28152669309763484,0.7115264701521816,0.5109381996180264
111.03811541539352,69.11381427067249,89.1969941356878,280.49371315532954,96.71180414053404,176.20911459210922,33.51892587677704,15.611549191767674,24.012748210515806,35.533003156857184,96.71273534668128,202.7742614093626,151.04782133513197,76.24100403100658,133.98628169837278,38.430617422659346,10.523364509437318,9.178753952024977,1.344610557412341,2.9968182964091414,0.44982965156849186,0.37541881634741925,0.08987002812914216,12.887161324287252,5.202595608651833,4.346105717453486,3.3384599981819356,1.4078536252497227,97.4654276175846,0.3584649467590938,54.88467742681959,47.69477875273169,0.7110367892976588,$R_{a}^{syst}$,[mmHg*s/ml],6.842034062524914,13.239632821397082,12.38900949147692,12.258574870733254,12.320283230821227,2.3972674451817775,5.740412143894378,12.68151474267679,10.779619355002566,11.605876618304698,14.37712856243333,11.342670926807552,8.377012202742206,1.4534581883570485,0.3275923676123776,0.5509992625856968,6769.826289837383,1.0077924663255733,0.28180395368544003,0.7158361126831014,0.5114416167510045
111.90828168549633,69.98878310681859,90.07372793839652,281.2186192239988,96.56882375718358,176.37838545643703,33.49784625485837,15.616301986985906,24.00438069614233,35.50490084124453,96.56970878565488,202.60792716548332,151.1535328284281,76.31954459639798,133.97062973542359,38.37715694880858,10.544495324658557,9.202033237290301,1.342462087368256,3.002208540049006,0.4539025320202222,0.37463478328623295,0.08978069938378987,13.006444699603723,5.249565224545373,4.385221081202788,3.3716583938555638,1.4078536252497227,97.90567263150695,0.35803616093761165,54.7509398656077,47.66334177377966,0.7207357859531772,$R_{a}^{syst}$,[mmHg*s/ml],6.863349245899169,13.253129581817584,12.368598113559518,12.238643292692245,12.299824888237753,2.3963080220888275,5.734321847750201,12.694546808250331,10.789539480781636,11.61585483182051,14.392918593048579,11.325049553877792,8.385655081673205,1.450453579349018,0.3275923676123776,0.550999024472476,6759.81766300285,1.0138434830446397,0.2820809686675956,0.7201341566065192,0.511944588173561
112.77488296775866,70.86095679692596,90.9471682075994,281.941038678649,96.42650984878023,176.54690246681372,33.476872692750895,15.620985867808889,23.996058115837496,35.476934396458525,96.42739592803865,202.44241094433664,151.25910609667852,76.39771442836603,133.95530081984555,38.32400782525016,10.583717860308345,9.24339159510772,1.3403262652006254,3.0075503001210824,0.46537311252433294,0.37385537613167447,0.08969188614500255,13.125254746379577,5.296347368273734,4.424179719325983,3.4047276587798594,1.4305873217367788,99.93224196598041,0.3571785892946473,54.61806947697988,47.63201321216838,0.7304347826086957,$R_{a}^{syst}$,[mmHg*s/ml],6.884603499420971,13.266564473783756,12.34827083148328,12.218787673717259,12.279457692953056,2.3953528817020207,5.728265825249965,12.707522113708519,10.799412873733708,11.625787590757088,14.408638061863083,11.307504328473131,8.394258910483833,1.4474645248968014,0.3275923676123776,0.5509987875464879,6749.855689414616,1.0363565177532403,0.2823574574368662,0.724427304790504,0.5124466039102556
113.63784214229452,71.73023696097363,91.81724016839767,282.6604679110892,96.28474993323273,176.7144819495307,33.45597128654407,15.625662855198083,23.987753872208174,35.44910694857731,96.28571796843327,202.27757576057806,151.36387305997437,76.47547688686228,133.93988954114906,38.271046149793435,10.60477364359743,9.266572841280958,1.3382008023164722,3.012837338885683,0.46950934456186183,0.3730798689273592,0.08960338404681652,13.243605239603696,5.342949150649004,4.4629884734277665,3.437667615526926,1.4305710381923211,100.3747867162913,0.35674980347316515,54.486055059557295,47.60078699104047,0.740133779264214,$R_{a}^{syst}$,[mmHg*s/ml],6.905787470275551,13.279926554091409,12.328015436517745,12.198995709506669,12.259168478583652,2.3943989402462784,5.722226236468104,12.720426928459455,10.809238282675887,11.63566514360992,14.424274003725799,11.290000936868678,8.402816558997008,1.444486162111711,0.3275923676123776,0.5509985514499594,6739.932495326291,1.042478552272242,0.28263332153202997,0.7287149847445008,0.5129474855937043
114.49750351104146,72.5969396622963,92.68423188831646,283.37771467687094,96.14372624327119,176.88154971391057,33.43507690357024,15.630337451207465,23.979441263470303,35.42128560858485,96.14424318998583,202.11292516321421,151.46806039841385,76.55302073279276,133.92447381290336,38.21819179478206,10.62574589598908,9.289666746757815,1.3360791492312656,3.018085051184764,0.473649398716787,0.3723058599827461,0.08951493238768705,13.36152701613539,5.389381945074288,4.501658024786804,3.4704870462742976,1.4305562076293548,100.81583681120088,0.35674980347316515,54.35486425733759,47.569566920247944,0.7498327759197324,$R_{a}^{syst}$,[mmHg*s/ml],6.926895490951773,13.293235585357404,12.307820953864024,12.179257554403307,12.238948072986629,2.3934448644921433,5.716204733804809,12.73328081774397,10.819030208709952,11.645506635310248,14.439848410407642,11.272535619935967,8.411349301481852,1.4415148160752471,0.3275923676123776,0.5509983155297032,6730.060837028983,1.0485950643946118,0.28290941155930105,0.7329981575014731,0.5134487775835133
115.35335264946438,73.4605300738363,93.54769071512976,284.0913749199282,96.00314400085834,177.04737324192618,33.414310018490646,15.63500180857905,23.97117748823938,35.393636989230224,96.00361367704157,201.9493352856007,151.57171374811074,76.62999377947466,133.90931381373238,38.16570415049703,10.64655597937163,9.31258303969885,1.3339729396727804,3.0232678204349246,0.4777821957028196,0.37153756453389475,0.08942704508918675,13.478934998488317,5.43561025514007,4.54015526252008,3.5031694808281686,1.4305562076293548,101.25471255467532,0.356321017651683,54.224551453624194,47.538464804190305,0.7595317725752508,$R_{a}^{syst}$,[mmHg*s/ml],6.947825909901857,13.30645818977673,12.287714288292355,12.159598246880917,12.218818854200572,2.3924958017618185,5.710218652582124,12.746051171082048,10.828743674916078,11.655276136233194,14.45532331881208,11.255153244862512,8.41981880456894,1.4385616833879857,0.32716358179089544,0.5509980815164653,6720.220080060084,1.054702047609712,0.28318464695049056,0.7372671146962556,0.5139485171547339
116.20579286528618,74.32127744876298,94.40795057922229,284.80269383130593,95.86324470281266,177.21253440003375,33.39365928688668,15.63967947245356,23.962963040750036,35.36615033793088,95.8637347260801,201.7865924511661,151.67491241634409,76.70663727318549,133.89435885051324,38.113497265191114,10.667275823453597,9.335396174706943,1.3318796487466544,3.028406514882104,0.48191713337275177,0.370773949532753,0.08933972881954556,13.595894066365544,5.481661312742574,4.578504632457951,3.5357281211650182,1.4305562076293548,101.69192009744992,0.3558922318302008,54.09507009612206,47.50748479450133,0.7692307692307692,$R_{a}^{syst}$,[mmHg*s/ml],6.968699132669165,13.319625124652427,12.267693081643346,12.140017053974905,12.198780672476667,2.3915536992104984,5.704263725681547,12.758771648339419,10.83841703854945,11.665007096439487,14.470737205081736,11.237842902229719,8.428253904644848,1.4356227937960384,0.32716358179089544,0.5509978598642041,6710.427129196886,1.060801983207504,0.28345931117596956,0.741531145403515,0.5144472090069994
117.05488328859937,75.17912411527517,95.2650562100188,285.51142453121713,95.72401381745074,177.37707188583605,33.37311385323791,15.644369558938934,23.954796316317108,35.33883135433752,95.72457440567463,201.62463636053678,151.77754375918914,76.7829396538721,133.87947897472864,38.06152568715263,10.706993965329271,9.377195233362531,1.32979873196674,3.0335023120193845,0.49381282349384015,0.37001489618027156,0.08925288104198041,13.71242318811852,5.527543645688024,4.616713782881277,3.5681657595492204,1.4533913692331615,103.75768449522188,0.35503466018723645,53.96639644556818,47.47662593895715,0.7789297658862876,$R_{a}^{syst}$,[mmHg*s/ml],6.989515684177172,13.332741620306479,12.247757660875527,12.120513513469504,12.178832483614537,2.3906153802733328,5.698332086678248,12.771443512488265,10.848058430393488,11.674701603122154,14.48609012359457,11.220586492885717,8.436655935310899,1.4326961242822547,0.32716358179089544,0.5509978598642041,6700.680967221551,1.0839253428412607,0.28373338204776316,0.7457904084108891,0.5149446172398755
117.9002325488489,76.03395416680458,96.11868631262419,286.21632779872755,95.58510588890708,177.54018039171802,33.35253783307482,15.648901981554049,23.946574287424234,35.31148472683386,95.58563341551384,201.462907708722,151.87914596105568,76.85866622913368,133.86442113894023,38.009776379427144,10.727595927002398,9.39987543406841,1.3277204929339872,3.038527883910841,0.4980068453852606,0.36925713832519336,0.08916582628211858,13.828461954228636,5.573231420639111,4.654761503072584,3.6004690305169422,1.4533758508045542,104.19681093502103,0.35460587436575425,53.838576528429606,47.445772774069624,0.788628762541806,$R_{a}^{syst}$,[mmHg*s/ml],7.010197367480437,13.345745870329832,12.22787566498718,12.10105635124299,12.158942108595845,2.38967378738497,5.6924137863530255,12.78400341573639,10.857610441251317,11.684304256309952,14.5013157453108,11.20336410481072,8.444987680383496,1.4297790298131505,0.32716358179089544,0.5509978598642041,6690.957412223495,1.0900946331128496,0.28400720236615234,0.7500431719086286,0.5154415707461135
118.7424239258334,76.88609424061254,96.96930187067898,286.9195132829591,95.44700401733323,177.70296262060955,33.33212715983266,15.653399993420967,23.938445131056028,35.28435844992392,95.44756735261633,201.30227041297132,151.9808075829455,76.9342090910476,133.84973652278615,37.95832896156775,10.74813758393097,9.422478944721489,1.3256586392094811,3.0435217362646845,0.5022014119960838,0.3685052345309362,0.08907957815584479,13.944067783492976,5.618747793125429,4.692665154352739,3.6326548360148045,1.4533705874383975,104.63451104337483,0.3541770885442721,53.71154347106171,47.4150476081595,0.7983277591973243,$R_{a}^{syst}$,[mmHg*s/ml],7.0307639118246,13.358722009495967,12.208082947781365,12.081682133445062,12.139146759625598,2.3887408929015,5.686533449231316,12.796543380549293,10.867146002224782,11.693891176552825,14.516509150598818,11.18623143013158,8.45330147687598,1.4268767584627575,0.32716358179089544,0.5509978598642041,6681.290281213326,1.096257678495316,0.2842804333239266,0.7542864070391695,0.5159374546282063
119.5812765548264,77.73544898010638,97.81675830586106,287.61997471772554,95.30952232338822,177.86499481819436,33.31181908657984,15.65790814015366,23.930359608836064,35.25734757337268,95.31006701378597,201.1424131609663,152.0818392892763,77.00941723393157,133.83535803042938,37.90717141646721,10.768575019902906,9.444966558565145,1.3236084613377606,3.048469286955563,0.5063951677457156,0.36775755834354595,0.08899384870432424,14.059220275029574,5.664084515012841,4.730418532551261,3.6647172274654736,1.4533705874383975,105.07049078794053,0.3537483027227899,53.585317572358385,47.38437086240638,0.8080267558528428,$R_{a}^{syst}$,[mmHg*s/ml],7.051269525847531,13.37163881326511,12.188371735321763,12.062382381255855,12.11943705845677,2.3878141506739015,5.6806849129894355,12.809024987859186,10.876630005417576,11.703435420387116,14.531636562506284,11.169175649350352,8.461579141472843,1.4239832210720438,0.32716358179089544,0.5509978598642041,6671.666562637176,1.102413360455559,0.2845535293841558,0.7585218594512708,0.5164330936862174
120.41682171988191,78.58202194040878,98.66107964197495,288.317839268142,95.17261343738873,178.02626868644475,33.29159397642243,15.662418405335243,23.922305267675597,35.23048435549432,95.17325100433966,200.9832416665848,152.18225105875842,77.08435199039292,133.82097105643442,37.85629635184146,10.808740787231748,9.48717174195505,1.3215690452766975,3.0533703288033465,0.5186507045117148,0.3670138744680338,0.08890850166070502,14.173949254933925,5.7092550171275676,4.768034080784225,3.696660157022131,1.4763169909619456,107.17046032723331,0.35331951690130775,53.459870916586446,47.35382423686076,0.8177257525083612,$R_{a}^{syst}$,[mmHg*s/ml],7.071712739780602,13.38450427909111,12.168742308763523,12.043157530079124,12.099812690081787,2.3868900790145466,5.67486004111429,12.821456185055908,10.886078166464163,11.712937810572432,14.546697425576475,11.152167273678142,8.46982209509939,1.421103622674271,0.32716358179089544,0.5509978598642041,6662.0829406172115,1.1260640688167884,0.2848259129727168,0.7627522244278055,0.5169274396871767
121.24895519658187,79.42573498367925,99.50217201812629,289.0127636421533,95.03621372079893,178.18657745065002,33.271388825327605,15.666900744906895,23.9142351637252,35.20367363872995,95.03680142262316,200.82446981738101,152.2822244371638,77.15871153515796,133.80653177458495,37.805570799816095,10.82909781282212,9.509562328525332,1.3195354842967877,3.0582182619989826,0.5229046357755429,0.366272519745048,0.0888232055788494,14.288223200863897,5.754245141136572,4.805499671676964,3.7284783880503647,1.476302094289081,107.60852164012312,0.3528907310798256,53.33522596398702,47.323317476722096,0.8274247491638795,$R_{a}^{syst}$,[mmHg*s/ml],7.092038885443094,13.39728037976478,12.14917542422481,12.023988944657123,12.080254842129191,2.3859659242192515,5.669051468427778,12.833802440445261,10.89545856056376,11.722372049073229,14.561660875173464,11.135205119337568,8.478009040521545,1.418231485306557,0.32673479596941324,0.5509978598642041,6652.534960455925,1.1322896549336403,0.28509799765387256,0.7669769346760283,0.5174212432043497
122.07777712346808,80.26642019829482,100.34011519455014,289.704771268264,94.90037034521025,178.34607601350788,33.251287513809785,15.671385490910325,23.90620875960424,35.17701069485804,94.90108063443455,200.66650936733313,152.38160097630998,77.23276477109788,133.7922452935609,37.7551543570639,10.84934916497494,9.531834949179366,1.317514215795575,3.0630185192937227,0.527158289315776,0.36553566822685796,0.08873840323475789,14.402049457413979,5.799058003032542,4.842816775574718,3.7601746788067185,1.4762872976110124,108.04477327450314,0.35246194525834346,53.211358761839264,47.29293439829161,0.837123745819398,$R_{a}^{syst}$,[mmHg*s/ml],7.112232538182228,13.409996423309906,12.129683794466725,12.0048897259152,12.060776329046414,2.3850466637485317,5.663270874058362,12.846091937257588,10.904795040568178,11.731761930989338,14.576557226838238,11.118318430959729,8.48615819860036,1.4153749442989867,0.32673479596941324,0.5509978598642041,6643.025924164717,1.1385073934008763,0.2853694013188428,0.7711963621466192,0.5179138107526831
122.90330414379135,81.10428290606585,101.17492439489153,290.3940251692323,94.76502718145876,178.50469463225966,33.23123105144493,15.675856978682608,23.898185972552906,35.15044563486034,94.76588931549081,200.50905262964014,152.48020523245546,77.30641461614516,133.77786104027257,37.704943790116204,10.86946981005692,9.553969068867982,1.3155007411889383,3.0677687675069234,0.5314056507320937,0.3648018074991771,0.08865377834998482,14.515453460891706,5.843705133287197,4.87999652564664,3.7917518019578695,1.4762870696109553,108.47915486709965,0.35203315943686125,53.08825483648242,47.26264877952054,0.8468227424749164,$R_{a}^{syst}$,[mmHg*s/ml],7.132357548192896,13.422644731035216,12.110260621879885,11.985853271941282,12.04136994284109,2.384127643759293,5.657506089372559,12.858314649287504,10.914084313387486,11.741097811607514,14.591370982149952,11.101473308400466,8.49426286115097,1.4125284212687617,0.32673479596941324,0.5509978598642041,6633.551902702114,1.14471718199775,0.2856402071017867,0.7754028369966123,0.5184052932114546
123.72573842704199,81.93946371173256,102.00675875472415,291.08117720574467,94.63038170821137,178.66280838440136,33.21128278455907,15.680285429965684,23.890216595451058,35.124001929988786,94.63112909866689,200.35234279699893,152.57858979496106,77.37983773222443,133.76373633331366,37.65499928755622,10.889516973497557,9.576018278162639,1.313498695334917,3.072482581855872,0.5356549295923556,0.36407204334485777,0.08856970272624679,14.628436602762347,5.888185601346334,4.917037526779013,3.823213474637001,1.4762870696109553,108.912007204034,0.3516043736153791,52.96590967304717,47.23235464960302,0.8565217391304347,$R_{a}^{syst}$,[mmHg*s/ml],7.15243477244544,13.435250608590444,12.090928664377337,11.966901180306982,12.022057270509839,2.3832149910818416,5.651773223564985,12.870498701691016,10.923337460026698,11.750405873841961,14.606137671238928,11.084734458164691,8.50234357771546,1.409695438460466,0.32673479596941324,0.5509978598642041,6624.126719574796,1.1509200875872971,0.28591130551524097,0.7796045303645436,0.5188973067621444
124.54490124710883,82.77184345469979,102.83547024184323,291.76529571124524,94.49624365895632,178.8200443706134,33.19140777274965,15.684603864624378,23.88227081175456,35.09767165491682,94.4970716384657,200.19627569820358,152.6765806835399,77.45291615599857,133.74970208769983,37.605338138695096,10.93017479756065,9.618668210631828,1.311506586928821,3.0771471769699352,0.5483277054007267,0.3633459881494696,0.08848595775655516,14.740980344796633,5.932492402332499,4.953933129976281,3.8545548124878546,1.4993234543551182,111.04923304562756,0.3511755877938969,52.84432401946404,47.202212583075365,0.8662207357859532,$R_{a}^{syst}$,[mmHg*s/ml],7.17240453192713,13.44778778097132,12.071660414690259,11.948007737540623,12.002812283462458,2.3823049805741987,5.646063197192427,12.88261728919012,10.932541267718891,11.759662764429486,14.620825642939536,11.06804808196206,8.510382101765071,1.406876220654232,0.32673479596941324,0.5509978598642041,6614.737056126942,1.175170871832876,0.28618151906206807,0.7838007658849937,0.5193877143780536
125.36076964976363,83.60140518795957,103.66103768646813,292.44667151104056,94.36257776935275,178.9763147519775,33.171556652174466,15.688891914373734,23.87431271966401,35.071387513864536,94.363423163821,200.0406497967067,152.77364228239844,77.52544049450479,133.7355478043876,37.555834269399654,10.950131317167656,9.640610462613344,1.3095208545543122,3.0817598414848795,0.552634655512415,0.3626224530586187,0.08840228456508552,14.85308458511912,5.976625013138374,4.990684211390201,3.885775360590546,1.4993092283325469,111.48398033067726,0.3507468019724147,52.723500257628444,47.172123895677586,0.8759197324414715,$R_{a}^{syst}$,[mmHg*s/ml],7.192228932034128,13.460246373597853,12.052460552924897,11.929176825060951,11.98363830388324,2.3813947237693567,5.640372431495078,12.89465811905988,10.941679905846637,11.76885294252953,14.63542180367558,11.051412846321886,8.518365103896503,1.4040654176273664,0.32673479596941324,0.5509978598642041,6605.380443854693,1.1814427177177564,0.2864513109584253,0.7879913598822407,0.5198773567451287
126.17361779125018,84.42815302478112,104.48368437222793,293.12584963265056,94.22958257106241,179.1320893018108,33.15183304439555,15.693210297270017,23.8664211825784,35.045257077795675,94.23038618827665,199.8858615151547,152.87034031136818,77.59780390803499,133.72176059168675,37.50662293417003,10.970016424348577,9.662468422452555,1.3075480018960217,3.086336882845913,0.5569429636795162,0.3619035056939212,0.08831925930446159,14.964773683282576,6.020593304518216,5.027297765158242,3.916882613606122,1.499295738259248,111.91719453710829,0.35031801615093255,52.60340731709976,47.14209673160521,0.8856187290969899,$R_{a}^{syst}$,[mmHg*s/ml],7.2120070564491305,13.472667194358717,12.033344494771201,11.910424486122343,11.964551540792035,2.380491885340122,5.634712938036732,12.906666278743842,10.950793431297946,11.7780203163913,14.649977999298212,11.034864595232944,8.526328031150557,1.4012694693427448,0.32673479596941324,0.5509978598642041,6596.070779974369,1.1877076336691497,0.286720994987681,0.7921770224252977,0.520366803345379
126.98361879088208,85.25234685277096,105.30357316008205,293.80290351651024,94.09721111480347,179.28743243347884,33.132122013046775,15.69752813630297,23.858521291037917,35.01919790632966,94.09769834672429,199.7312961493627,152.96695906523834,77.66994560832983,133.7077108012477,37.45756450655593,10.989816919782545,9.684237438789498,1.3055794809930457,3.0908806587323894,0.5612483814259439,0.3611862857983655,0.08823626745084007,15.07610648540241,6.06442326320709,5.063797810920519,3.9478854112748025,1.499295738259248,112.3489466729015,0.3498892303294504,52.483997253804404,47.11214524756116,0.8953177257525083,$R_{a}^{syst}$,[mmHg*s/ml],7.231738233080061,13.485038761420759,12.014281271186533,11.891721806473525,11.945523313408179,2.3795878559795867,5.629060291644543,12.918627143907734,10.959885609615007,11.787155377194031,14.664475903668547,11.018319474139293,8.534266459447863,1.3984806527749958,0.3263060101479311,0.5509978598642041,6586.804778036243,1.1939668066870757,0.2869903676479943,0.7963517645113343,0.5208556848455352
127.79023676658042,86.07355836929318,106.12022070448177,294.47707342542,93.96530987314117,179.44172138850186,33.11255547889115,15.701844101563884,23.85068710342266,34.993287586262376,93.96577740138892,199.5778239892131,153.06291674274013,77.74162818665626,133.69415587945787,37.408856837530884,11.009491024666325,9.705864597021748,1.3036264276445766,3.0953704070402788,0.5655501608547409,0.3604746708731984,0.08815395825061326,15.18695076656951,6.108057222865231,5.100132226789584,3.978761316914694,1.499295738259248,112.77868317831155,0.3494604445079682,52.36536361000503,47.082273733211785,0.9050167224080267,$R_{a}^{syst}$,[mmHg*s/ml],7.251369872106466,13.497342586523281,11.995309919466994,11.87310360571112,11.926586647903088,2.3786921713996083,5.623452796803791,12.93052207754448,10.968906309763321,11.796234272649528,14.678893798618535,11.001884362792076,8.542154441047144,1.3957101961062843,0.3263060101479311,0.5509978598642041,6577.5716911198815,1.200216157756193,0.2872592053005864,0.8005199555557329,0.5213435953660196
128.59369608389574,86.89201399683724,106.93383002610031,295.14818464158384,93.8338797436131,179.59515452238244,33.0930238312529,15.706145275072346,23.842852554752984,34.96746848261536,93.83440351565895,199.42478789883322,153.158117296482,77.81291704629004,133.68036480686342,37.36034198943946,11.0506670778848,9.748986676552214,1.3016804013325862,3.099812648000919,0.5786372205162408,0.35976578252856906,0.08807177898874248,15.297393619639392,6.151534030275265,5.136336859312653,4.009522730051476,1.522415940019143,114.95229471539513,0.34903165868648606,52.247445090128444,47.052527674373394,0.9147157190635451,$R_{a}^{syst}$,[mmHg*s/ml],7.270850384701745,13.509576210212177,11.976407558541144,11.85454953789724,11.907721239855524,2.3777953434176364,5.6178538890887015,12.942349563515595,10.977881207872073,11.805259558324272,14.693233265746409,10.985489388760925,8.549998526923956,1.3929491627037396,0.3263060101479311,0.5509978598642041,6568.371582052917,1.2250617264199766,0.2875272719713363,0.8046826719408708,0.5218301066399762
129.39404803672272,87.70775390447785,107.74444422781283,295.8166398577095,93.70295727735774,179.7477944818078,33.07355496155039,15.710421756919791,23.835028804370452,34.94173730830366,93.70345775072438,199.27231828232445,153.25268680230192,77.88381565551012,133.66664831304217,37.312072236883466,11.070269598552382,9.77052706042124,1.2997425381311418,3.10420976625954,0.5829963558629161,0.35905993441097084,0.08798987783746083,15.407419804560874,6.194846301702292,5.172404397694104,4.040169105164481,1.5224023471117727,115.38396094099966,0.3486028728650039,52.130240344529724,47.0228170969374,0.9244147157190635,$R_{a}^{syst}$,[mmHg*s/ml],7.29026695033626,13.521744313142461,11.957573954300418,11.836059409731075,11.888927198679,2.3769021945396656,5.612278616693525,12.9541140350066,10.986807179102795,11.814234392125597,14.70749593189188,10.969140103407714,8.55780060662718,1.3902004309853964,0.3263060101479311,0.5509978598642041,6559.207009415042,1.231380143099079,0.2877951675517661,0.8088401501976091,0.5223163074039788
130.19118733133445,88.52042305570434,108.55197718339005,296.4820803721421,93.57242921832143,179.8993932977888,33.05407284372095,15.714515282827149,23.827173497292986,34.91600754969865,93.57282327229055,199.12003543428636,153.34680727005315,77.9543176639062,133.65262777964566,37.26393209477765,11.089734597840867,9.791926733293293,1.297807864547573,3.1085533441753985,0.5873518319600868,0.35835543743371534,0.08790792213846889,15.517042214952438,6.238000624004149,5.2083424075559455,4.070699183392342,1.5223888364987221,115.81365294782276,0.3481740870435217,52.013754745370534,46.99317327269735,0.9341137123745819,$R_{a}^{syst}$,[mmHg*s/ml],7.309607602304438,13.533828953941494,11.93880253197112,11.817626470442953,11.870196857705595,2.376005394955625,5.606706721479153,12.965799397046231,10.995672110593155,11.823144284031983,14.721666178684876,10.952812570788328,8.565553690465247,1.3874574280471486,0.3263060101479311,0.5509978598642041,6550.0700452825,1.2376899254972693,0.2880627028297623,0.8129919872138449,0.5228018542590286
130.9852474014739,89.33035028433882,109.35652716271052,297.1446728554698,93.44241591230644,180.05021903038565,33.03469788923578,15.71861128932824,23.819364318190225,34.89042164152946,93.44286179161126,198.9685920047974,153.44028372382306,78.02441352164162,133.63882466087134,37.21610111583126,11.109089111143273,9.813203691894392,1.2958854192488813,3.1128534288628873,0.5917009174356467,0.35765547446766216,0.08782640327578553,15.626216227441777,6.280975395257775,5.244128363075725,4.101112469108279,1.522386471675678,116.24154679246034,0.34774530122203956,51.89797402942171,46.963624183136524,0.9438127090301003,$R_{a}^{syst}$,[mmHg*s/ml],7.328886681865628,13.545855899220324,11.920092545906845,11.799251043164968,11.851531267892314,2.375113856152106,5.601170308565603,12.977425982626002,11.004488415853215,11.832008591287828,14.735765269725519,10.93656358489251,8.57326535039488,1.3847303622626046,0.3263060101479311,0.5509978598642041,6540.969113861451,1.243991239498242,0.28832956389696685,0.8171323528177383,0.5232861774962737
131.7765477097341,90.13778778314101,110.15836565117957,297.8058481598906,93.3131289852291,180.2007559160623,33.01544949541883,15.722739174517987,23.811621752587556,34.865000098144414,93.3135390932967,198.81796452698833,153.53344155744875,78.09427104755817,133.62540397491972,37.16849914286641,11.128394929842951,9.834419365876899,1.2939755639660517,3.1171270667709186,0.5960515372440813,0.3569599912507699,0.08774552255656826,15.735012773229162,6.3238010426051305,5.2797901471441016,4.131421583479926,1.522386471675678,116.66811074714835,0.3473165154005574,51.78287322429128,46.93415874933674,0.9535117056856187,$R_{a}^{syst}$,[mmHg*s/ml],7.348021957328281,13.557850478415352,11.901474581276798,11.78096267206019,11.832959586283927,2.3742299984491373,5.595664081262399,12.989028413091434,11.01327923724534,11.840853842570473,14.749833205693543,10.92040171803235,8.58095710377915,1.38201569551748,0.3263060101479311,0.5509978598642041,6531.919028966037,1.2502861281783424,0.28859617994583375,0.8212672349893932,0.5237700560524129
132.56494308215318,90.94263082090028,110.95737301959548,298.4646520223345,93.18440752139107,180.3507186499356,32.9963354053229,15.72688756001891,23.803947110988005,34.83978032836204,93.18500936720022,198.66826349912643,153.62643875528647,78.163976281675,133.61220415192844,37.121244142555916,11.17012855519718,9.878048965914765,1.2920795892824155,3.121363963149527,0.6095502506369634,0.35626949518128126,0.08766529720994458,15.843409476518254,6.366468842120586,5.315319134898122,4.1616214994995415,1.5455838259920596,118.8772747238635,0.34688772957907527,51.66844258728123,46.90482904815342,0.963210702341137,$R_{a}^{syst}$,[mmHg*s/ml],7.367105281620649,13.569809681129001,11.882930435018125,11.76274392926926,11.814464359565383,2.3733534466964974,5.590189145905278,13.000595785610969,11.02204706211488,11.849674159562788,14.763856735478457,10.904312404347117,8.588626260155763,1.379317559381124,0.3263060101479311,0.5509978598642041,6522.908526497375,1.2757206692179104,0.28886209625559844,0.8253972691510711,0.5242526646596954
133.35035203424093,91.7445814678375,111.75348235629376,299.1207603833524,93.0561800412089,180.49990979151553,32.97727276063815,15.73103186546417,23.79628610383316,34.81462862853232,93.05688256540462,198.51904239428615,153.71909979644818,78.23339317367274,133.59906122806655,37.07420272804956,11.189403613951926,9.899212681064704,1.2901909328872219,3.1255579643870606,0.6139593856392421,0.35558172818298944,0.08758531770612515,15.951397922116627,6.408974599845783,5.350713448850145,4.191709873420698,1.5455708276078526,119.30594317041187,0.34645894375759306,51.55469614843157,46.87554475533931,0.9729096989966555,$R_{a}^{syst}$,[mmHg*s/ml],7.386126539135337,13.581711719666655,11.864458872943805,11.744593337918952,11.79604331077701,2.3724790689162667,5.584737590157786,13.012106078947811,11.030771483116645,11.858450326922982,14.77781002591665,10.888285388953244,8.596260279546552,1.3766245799306123,0.32587722432644894,0.5509978598642041,6513.9326028846235,1.282085113719245,0.2891278404576903,0.8295220709513418,0.5247349609106415
134.13304749118737,92.54397491918947,112.54691653574491,299.77535858781783,92.92862458851116,180.6487936585506,32.958367917034806,15.73520896942481,23.788708105107652,34.78969894220292,92.92957749372724,198.37084657724338,153.81144468426967,78.30251240690134,133.58626781180453,37.027457026927905,11.208632173393397,9.920314521884391,1.2883176515090067,3.1297253434358026,0.6183699906635443,0.3548995110729678,0.08750603832093737,16.059009853878415,6.4513316501601485,5.385982528442807,4.221695675275462,1.5455579148052785,119.73321536086056,0.3460301579361109,51.44159709372772,46.84638851785184,0.9826086956521739,$R_{a}^{syst}$,[mmHg*s/ml],7.405105770865995,13.593578523985112,11.846069219096236,11.726521009178539,11.777706929370616,2.371613223253358,5.579316818588133,13.023588230255967,11.039477063922373,11.867206929667834,14.791732006387987,10.872337157326715,8.603870747301963,1.3739478511663024,0.32587722432644894,0.5509978598642041,6505.003721195781,1.2884427795099775,0.2893928558206382,0.8336425100396873,0.5252159343993829
134.91266450319867,93.34069148589397,113.33737886312348,300.4267593681348,92.8014580338291,180.79668581591034,32.9394054370791,15.739348900135473,23.781073280935917,34.76470862675758,92.80234640530675,198.222555645608,153.90291373889755,78.37126015658482,133.57306604680005,36.980788132935935,11.227721800699078,9.941278248059733,1.2864435526393445,3.133842249921828,0.6227749240861941,0.35421722805452727,0.08742649253057212,16.166237050881183,6.493537980442902,5.4211289462345436,4.251570124203739,1.5455489581425879,120.15856776358176,0.3456013721146287,51.32918096093909,46.817248472582165,0.9923076923076922,$R_{a}^{syst}$,[mmHg*s/ml],7.423942266763421,13.605372135144183,11.827741032690223,11.708505395806567,11.759432666864774,2.3707418130829883,5.573900805910167,13.034993961256605,11.048122346828931,11.875899856090657,14.80555975175595,10.85639572272081,8.611435426336854,1.371274254836161,0.32587722432644894,0.5509978598642041,6496.102062368038,1.2947918094107973,0.2896578665670368,0.8377552859709175,0.5256968995095993
135.68906412960294,94.13460494194693,114.12474879516613,301.07483257661266,92.6745866474627,180.94338303314973,32.92044696777575,15.74333590534039,23.773410258827543,34.73973978533009,92.67541488540279,198.07462529561016,153.99369681037166,78.43951450303828,133.5596961153406,36.93431255733186,11.246650406001173,9.96207615359741,1.284574252403763,3.137901713209185,0.627169893944234,0.35353689455062765,0.08734694788992646,16.27303876266763,6.535576655705267,5.456135916636931,4.281326190325431,1.5455489581425879,120.5818064310659,0.3456013721146287,51.21744995255464,46.78813086082698,1.0020066889632107,$R_{a}^{syst}$,[mmHg*s/ml],7.44266608799681,13.617066236453217,11.809460383049919,11.690533524600113,11.741207423068916,2.369868588869073,5.568491188651714,13.046306798612644,11.056690363207943,11.884517702278954,14.819279748535845,10.840487830769478,8.61894062907698,1.3686098345031685,0.32587722432644894,0.5509978598642041,6487.221065322389,1.301131311108656,0.28992260968015116,0.841857065901252,0.5261773788950902
136.46286414606843,94.92580373905258,114.909536595066,301.72144483346153,92.54843816367577,181.08989896095602,32.90168763837745,15.747320038860341,23.765860368151714,34.71503290822609,92.5495195697212,197.92795724482804,154.08450308309864,78.50755916638143,133.5468437720346,36.888191048307974,11.26554972895556,9.982826532464541,1.28272319649102,3.141939608317534,0.6315671121965076,0.3528630262987851,0.08726835438862147,16.379464656885972,6.577466229107917,5.491016477069607,4.310981950708452,1.5455489581425879,121.00378011836887,0.34517258629314657,51.106350323620056,46.75919504147743,1.0117056856187292,$R_{a}^{syst}$,[mmHg*s/ml],7.4613553711505345,13.628751346077003,11.791268470173854,11.672646841904998,11.72307344659919,2.369007445239161,5.563126020183383,13.057609496569881,11.065248848218719,11.893128832077775,14.83298447566992,10.824681357813981,8.626431450751285,1.3659646115161967,0.32587722432644894,0.5509978598642041,6478.390671457304,1.3074643129511125,0.29018635116847497,0.8459546402997152,0.5266560404426847
137.23363682366184,95.71429699484673,115.69138968131661,302.3649831766413,92.42268380750187,181.23544547974117,32.8828909840252,15.751270109129633,23.758265798008985,34.690266758317044,92.42361091779037,197.78133694225025,154.17443081209083,78.57520905793594,133.53377411482563,36.84218116763019,11.307858730522305,10.026986120746619,1.2808726097756864,3.145928909496118,0.6455288631651096,0.35218958912271836,0.08718952054219485,16.485474229818056,6.619189537182859,5.52575964995883,4.340525042676365,1.5688039422136737,123.25086323407601,0.3443150146501822,50.995920562257254,46.73019828194252,1.0214046822742475,$R_{a}^{syst}$,[mmHg*s/ml],7.479971629084608,13.64034951252747,11.773131688881898,11.654811136229654,11.704995729328278,2.36814302578086,5.5577724867648275,13.068831886228027,11.07374244498514,11.901674915876532,14.846595756255168,10.808919548155638,8.633874506994538,1.3633243880461294,0.32587722432644894,0.5509978598642041,6469.587866525131,1.3335564187984752,0.29045039383529736,0.8500465755566304,0.5271352485958478
138.0019047904534,96.50060476141635,116.47077535319815,303.00700313813735,92.29747215655885,181.3806111800893,32.86409809613193,15.755227591653973,23.750661960850866,34.66555374769793,92.2979342806409,197.63483932442892,154.26396939853853,78.64270346866928,133.5205129686641,36.7962698775309,11.326712979855703,10.047687838438744,1.2790251414169593,3.149889405704396,0.6499836993520044,0.35151736990387666,0.08711073636318002,16.591189265067552,6.660800607658853,5.560412144618804,4.3699765127898935,1.5687915717756413,123.67492548975562,0.3438862288287,50.88607407156572,46.70124690370434,1.0311036789297658,$R_{a}^{syst}$,[mmHg*s/ml],7.498520907768978,13.651909352772195,11.75505094877159,11.637029188028324,11.686977354965476,2.3672764213073445,5.552418008232498,13.08001600091692,11.082223261634018,11.910196608491384,14.860160945332426,10.793151313833484,8.641300331145931,1.360688864395916,0.32587722432644894,0.5509978598642041,6460.823050959119,1.3399600509098777,0.2907144495406608,0.8541351668489906,0.5276144804125168
138.76697174296046,97.28392706187739,117.24705681597253,303.64556264131295,92.17264030110545,181.52473089849977,32.84545982675718,15.759176448698064,23.743125105690915,34.64105123389147,92.17328570443334,197.48952794715586,154.3531433345083,78.70972833258648,133.50752581470994,36.750745016031296,11.345441738061956,10.068247620773244,1.2771941172887118,3.153798827481305,0.6544319126704209,0.3508511329862732,0.08703265452946332,16.696445164908905,6.702228356626903,5.594909037325635,4.399307770956369,1.568779278226223,124.09690711106862,0.3438862288287,50.77690507782332,46.67249279622412,1.0408026755852844,$R_{a}^{syst}$,[mmHg*s/ml],7.516918541720123,13.663404702128696,11.737049400156108,11.619321356552689,11.669037625109352,2.3664183569158688,5.547102523998052,13.091136763000263,11.09064400490825,11.918662665013615,14.873647786657271,10.777485162106945,8.648673775080509,1.3580736431433182,0.32544843850496674,0.5509978598642041,6452.084821077381,1.3463529601156525,0.2909770944204534,0.8582169453678263,0.5280911517372608
139.52934228471358,98.06449213852197,118.02067875681387,304.2822987990923,92.04840590228898,181.66839976840134,32.82689424923014,15.76313911616964,23.73562417701162,34.61663410466459,92.04906349980827,197.34475194015118,154.4419922695851,78.77650988995286,133.49461865269814,36.70542056290189,11.36486523210706,10.088726442143441,1.27613878996362,3.1576779871204512,0.658877477165501,0.35018799694292774,0.08726679572521054,16.801329147392895,6.743508434464896,5.629282954316516,4.428537758611482,1.5687727125027369,124.51742910853793,0.34345744300721787,50.66836390898815,46.64378585944055,1.0505016722408027,$R_{a}^{syst}$,[mmHg*s/ml],7.535271429513722,13.67485755411569,11.71911973294705,11.601681987026762,11.651171306202828,2.3655629699012857,5.541809903465888,13.102218087121699,11.09903020137318,11.927100028733776,14.88708715514062,10.761877955451054,8.656022535866768,1.3554686364984443,0.32501965268348454,0.552974118690265,6443.388413160228,1.3527385714937354,0.29228420318645026,0.8622909875425153,0.5285676007382294
140.28872513685337,98.84243699348578,118.79140158179686,304.9160338679762,91.92451440270986,181.81105254443534,32.8083142053897,15.767067784155323,23.72808597709959,34.59220599964488,91.92498225653496,197.20015101558775,154.5299729108684,78.8428843360982,133.48157110284836,36.660229793391295,11.383380564966528,10.109062719756382,1.2743178452101456,3.1615075875541176,0.6633146562492901,0.3495259317702675,0.08718863945336895,16.90582165446285,6.784634320895769,5.663529924301042,4.45765740926604,1.5687727125027369,124.9360039298363,0.34302865718573566,50.56046544818453,46.61506686638831,1.060200668896321,$R_{a}^{syst}$,[mmHg*s/ml],7.553550370621777,13.686228415307733,11.701248782591977,11.584097306923534,11.633364137778692,2.3647063852311474,5.536526905691206,13.113220256518678,11.107353497015795,11.935472427974528,14.900434698250972,10.746303684413876,8.663322174976505,1.352869921617467,0.32501965268348454,0.5529739065384115,6434.71600818969,1.3591151907804182,0.29254758404267917,0.866355705927698,0.5290441024134613
141.04551036515647,99.61798718939359,119.5595473671486,305.5478578809461,91.80124474236875,181.95337881119463,32.789922458188684,15.7710142551536,23.720651206102158,34.56802674473204,91.8018273177822,197.0567366540972,154.61775183652924,78.90908234561236,133.4690477950661,36.61542118590226,11.401850704926439,10.129336425505501,1.272514279420938,3.165311542326259,0.6677520452776039,0.34887002441519405,0.08711138998356133,17.00992205679554,6.825603087159234,5.697642533097639,4.486676436538665,1.5687727125027369,125.35320077481231,0.34302865718573566,50.45316846664719,46.586495278730915,1.0698996655518396,$R_{a}^{syst}$,[mmHg*s/ml],7.571790782101859,13.697578152520293,11.683450079052404,11.566582476705063,11.615632139191593,2.363861645470877,5.531288712036094,13.124204372579676,11.115662925211426,11.943833048753245,14.913755270209933,10.73086196163539,8.670604716040586,1.3502918182913244,0.32501965268348454,0.55297369292751,6426.087131965813,1.3654847614169487,0.29281018719290614,0.8704159312144885,0.5295191994446127
141.79962796320342,100.39085931038183,120.32506991657652,306.177773559957,91.67847435429246,182.09514524282383,32.7715902618468,15.774828566660453,23.713239998193792,34.5439446534204,91.67916319160082,196.91381461638906,154.70548270201638,78.97508787173018,133.45645205665858,36.57082945617862,11.444807342015142,10.174088916403587,1.270718425611555,3.169081653666563,0.6821740034080666,0.3482169483053392,0.08703444421968307,17.113688547464523,6.866442659895736,5.731649375927306,4.51559651164148,1.5920789224682634,127.63732094134386,0.34217108554277137,50.34646817851143,46.55801492150384,1.079598662207358,$R_{a}^{syst}$,[mmHg*s/ml],7.589903274238562,13.708883738366247,11.665731423738041,11.549144014668258,11.597980676731895,2.363018634102141,5.526061534576451,13.135146763561304,11.123945391980236,11.952162732777746,14.927025190476732,10.7154734917802,8.677862384319168,1.3477244422166759,0.32501965268348454,0.5529734835504156,6417.493204800472,1.3922278030946287,0.2930723817408831,0.8744716002748171,0.5299935538666081
142.550707662587,101.16092884419378,121.08764308578812,306.804289557293,91.55602057203674,182.23582814859404,32.75321059381343,15.778598010406816,23.70577326039933,34.519838240032115,91.55668251906332,196.77091968194668,154.79222067447614,79.04042373254858,133.44350632596826,36.52626390704265,11.463204877982903,10.194281740225083,1.2689231377578203,3.1728005808221122,0.6866635412206045,0.3475644127811412,0.08695718793341992,17.21705143917909,6.907122198119406,5.765523842798795,4.544405398260889,1.5920671384377267,128.05616295562572,0.3417422997212892,50.24040634719892,46.52958001469536,1.0892976588628762,$R_{a}^{syst}$,[mmHg*s/ml],7.607915130998519,13.720094361258008,11.648053838526481,11.531743142706382,11.580370847672578,2.362169391677054,5.520837966306982,13.145994829187442,11.132151634901389,11.96041331977996,14.940189899728896,10.700092775112992,8.685055919347656,1.345158398629736,0.32501965268348454,0.552973274904427,6408.921440042572,1.3986645788615342,0.29333411024092465,0.8785211032205741,0.5304670651427467
143.29921004190834,101.9286568955922,121.84766398015022,307.42912405959726,91.43413730386737,182.37609370709396,32.73496978602228,15.782390953880448,23.698378579744624,34.49590658857137,91.43489705729668,196.62894490278006,154.87867511208353,79.10563639588852,133.43098847138776,36.482044224126675,11.481544965662987,10.21440367571929,1.2671412899436976,3.1764912825547187,0.6911524880628793,0.3469166431583263,0.08688062917651014,17.32004475291284,6.9476551390141825,5.799274779945043,4.573114833953614,1.5920554277463643,128.4735813501154,0.341313513899807,50.13493569541831,46.50123973482396,1.0989966555183948,$R_{a}^{syst}$,[mmHg*s/ml],7.62588458963022,13.731276524047109,11.63045413878826,11.514417255317653,11.562840613179723,2.3613294306235355,5.515651271831109,13.156818045028842,11.1403326875696,11.968645410210298,14.953316472709416,10.684794950117,8.692231381550986,1.3426104723003338,0.32501965268348454,0.5529730659464327,6400.389611270716,1.405094258429465,0.2935954282097774,0.8825661682008443,0.5309398346685812
144.04470797563815,102.69359478222013,122.60477363029491,308.05064482160867,91.31252317376106,182.5152456380519,32.71666186956725,15.786139715031549,23.69091736433207,34.47191258373472,91.31313255050988,196.48685676718773,154.96416773669105,79.17038767818616,133.41789626486525,36.43787473278638,11.499732176496098,10.234374135994111,1.265358040501986,3.1801292904217973,0.6956325534782482,0.34626865749807206,0.08680371668972713,17.422669003032286,6.988044409981831,5.832908698811831,4.6017158942386205,1.5920470934388122,128.88895568133808,0.341313513899807,50.03007987335151,46.47289597527863,1.108695652173913,$R_{a}^{syst}$,[mmHg*s/ml],7.643774156849197,13.742369785852922,11.612900117780447,11.497133564767418,11.545356075450199,2.360482275466315,5.5104558023031345,13.167551925012136,11.14844657208869,11.976805347797065,14.966342770077501,10.669498455291244,8.699353288636125,1.3400641491790184,0.32501965268348454,0.5529728617163817,6391.876622163274,1.41151455683764,0.2938567212832005,0.8866035198674789,0.5314125549870453
144.78777676106517,103.45600322193566,123.35945011610261,308.67068463862,91.1915733608706,182.65421992814137,32.698526911566255,15.789929116949502,23.683553345258108,34.44814568489278,91.19220891271979,196.3458375919123,155.0499116709181,79.2350037665802,133.40529918068665,36.39404558703711,11.51788176742605,10.254291133715206,1.2635906337108451,3.1837481215845687,0.7001100628525079,0.3456262839136089,0.08672763222901107,17.5249368235093,7.0282916513979545,5.866422377476488,4.6302227946348555,1.5920470934388122,129.30309374749902,0.3408847280783249,49.92579607344774,46.44468659542193,1.1183946488294314,$R_{a}^{syst}$,[mmHg*s/ml],7.661614181981791,13.753442494505657,11.59542907176963,11.479930089524137,11.527956276252858,2.3596459072305014,5.505298927966247,13.178271407182732,11.156551630626636,11.984957956611547,14.979348645159305,10.65430392913225,8.706462571544662,1.3375360044074642,0.3245908668620024,0.5529726550127975,6383.410135260942,1.4179280933755847,0.2941173457985203,0.8906320040526366,0.5318840690082831
145.528049775185,104.21595375978346,124.11139573544462,309.28818312059883,91.07098535065647,182.792317400891,32.680420905989195,15.793700553109081,23.67618776064024,34.424414404897284,91.0716050808664,196.20519890052498,155.13503377852032,79.29926609830312,133.3927350332784,36.35039270158709,11.535916868337313,10.274088112589359,1.2618287557479546,3.1873233232367166,0.7045824135882259,0.34498604001842675,0.08665166557017268,17.62681613546443,7.068384387466058,5.89980709652508,4.658624651473289,1.5920470934388125,129.7154347622469,0.34045594225684267,49.82210775900616,46.41650964969549,1.12809364548495,$R_{a}^{syst}$,[mmHg*s/ml],7.679313437817212,13.76445777260456,11.578011983801574,11.462777581068966,11.510611363368534,2.3588102201760286,5.500163873572939,13.188931231303284,11.164606230116814,11.99306039239209,14.992282618644028,10.63915380356093,8.713532031515726,1.3350168283453867,0.3245908668620024,0.5529724489686862,6374.968974545953,1.4243332743441308,0.2943777723478116,0.8946552399198061,0.5323552247437225
146.26582070687198,104.9735275624641,124.8608549162372,309.903566800647,90.95094091507194,182.930033910748,32.66242298891209,15.797492340761526,23.668874986002425,34.40085651392402,90.95168937095477,196.06529715743056,155.2198395491261,79.3633422458258,133.38026885061765,36.30700668927973,11.579478698760877,10.319400606686335,1.2600780920745414,3.190872092401217,0.7194533574712769,0.34434984180241063,0.08657621188642733,17.728367824014914,7.1083493267797655,5.933085618525286,4.68693287870986,1.615397650313657,132.034932043658,0.34002715643536047,49.71897668780137,46.38846888744679,1.1377926421404683,$R_{a}^{syst}$,[mmHg*s/ml],7.696966323994154,13.775438168230474,11.560673454392663,11.445700614814648,11.493345788717582,2.3579798833949193,5.495047948762018,13.199562447233085,11.17264462141283,12.00114221933956,15.005179222001823,10.624066067120541,8.720581021118646,1.3325099974811516,0.3245908668620024,0.5529722435352578,6366.5658640550355,1.4517159549448686,0.2946374768428037,0.8986740538238329,0.5328250744723275
147.0010230644625,105.72841845187722,125.60776984563512,310.51734188204813,90.83143118048868,183.06726596189154,32.64450029693464,15.801223445746901,23.661596209499322,34.377381519751125,90.83220274641873,195.92596117198693,155.30422125468382,79.42718571425073,133.36796042853783,36.2638320930955,11.597538036948597,10.339202166551393,1.2583358703972045,3.194391394232769,0.723983470219017,0.34371670230967716,0.08650113118512143,17.82955757084523,7.148170319846649,5.966243814803204,4.715143436195376,1.6153864166094332,132.4495050324358,0.3395983706138783,49.61642416148649,46.36047321298313,1.1474916387959866,$R_{a}^{syst}$,[mmHg*s/ml],7.714574018838787,13.786375811388755,11.543402199232059,11.428688123943504,11.476148547084541,2.3571539228592933,5.48995555045827,13.21015101189514,11.18064867241336,12.009194065470409,15.018028189171867,10.609042594239844,8.72760462622253,1.3300099339362943,0.3245908668620024,0.5529720388092974,6358.2001826342075,1.4581902245848024,0.29489705397586546,0.9026881801107546,0.5332946935451942
147.73348059416804,106.48086943110489,126.35199415252457,311.1282885495625,90.7122990479507,183.20368385001896,32.62661600635493,15.804860105796667,23.65432179336255,34.353959848416096,90.7130650646754,195.78704425162263,155.38833895539736,79.49073183375613,133.35568689000556,36.22085576420183,11.615490143176618,10.358890402112435,1.2565997410641832,3.1978698673223844,0.7285083449184426,0.34308589124248057,0.08642619862100856,17.930367698426426,7.187840536581302,5.999276362411589,4.743250799433536,1.6153752479705594,132.8623037160513,0.3391695847923961,49.5144514245756,46.33251674615012,1.1571906354515051,$R_{a}^{syst}$,[mmHg*s/ml],7.732121561760446,13.797254152970673,11.52618920715757,11.411730876112424,11.459010184992108,2.3563293645238237,5.484884627496205,13.2206840037087,11.188604439290335,12.017199713756435,15.03080667140178,10.594070094430778,8.734591438559873,1.3275197353101347,0.3245908668620024,0.5529718330374165,6349.860933356548,1.464655896835114,0.2951563766733996,0.9066970034827522,0.5337638538515361
148.4637922538871,107.23137310299323,127.09406278873482,311.738169471358,90.59376644538587,183.33996841734188,32.6087705580766,15.808513645796765,23.64706434917736,34.3306008405867,90.59418662895062,195.6484153595132,155.47228080537764,79.55412852358424,133.34342981902094,36.177993830905145,11.633410188916855,10.378541473124061,1.2548687157927931,3.201330898091404,0.7330355543980519,0.3424569385687066,0.08635148248527437,18.030896417078115,7.227401512463086,6.032218986511232,4.771275918103799,1.615364150473506,133.27403330595126,0.3391695847923961,49.412993373689666,46.30458491702043,1.1668896321070235,$R_{a}^{syst}$,[mmHg*s/ml],7.749589755815046,13.808112022038285,11.509026147302883,11.394822826058782,11.441925484965772,2.3555063030491903,5.479823912107885,13.231193812694809,11.196548557075456,12.025190768633335,15.043557636576448,10.579127817691598,8.741566185668834,1.3250356745801695,0.3245908668620024,0.5529716291159898,6341.563651177011,1.4711170374652107,0.2954158512701898,0.9107030368564187,0.5342332874155903
149.1908956508264,107.9785935734024,127.83302510278683,312.3442397620082,90.47542095381114,183.47491082224923,32.59094159351758,15.812120437384154,23.639784851362297,34.3072892625536,90.47582126039464,195.51023703866557,155.55516771412735,79.61691047040024,133.33095197673086,36.13537223206623,11.651153058634645,10.398009401919422,1.253143656715223,3.2047330268958385,0.7375472177868542,0.341830399346681,0.08627677817983243,18.131000316602,7.2667944536627305,6.065021731302956,4.799184131636313,1.6153613214054736,133.68342244803927,0.33874079897091397,49.31214875556684,46.27676925300923,1.1765886287625418,$R_{a}^{syst}$,[mmHg*s/ml],7.766924095665227,13.81886707128974,11.491928429368375,11.377975493026238,11.424903730950092,2.354681702285845,5.474775998529583,13.241608355026903,11.204413682396492,12.033100462876789,15.056194558761737,10.564224423963832,8.74847342756136,1.3225636564048615,0.3245908668620024,0.5529714278835834,6333.2794667667795,1.4775661835968286,0.29567429669492706,0.9146970179471959,0.5347008575589101
149.91544994270419,108.72349507055003,128.56945976369084,312.9481995982406,90.35756853186315,183.60934001199107,32.57320916133639,15.815736878576669,23.632547917818965,34.28410767965858,90.35801239277231,195.37276481236765,155.63762090458744,79.67941855714328,133.3186050890966,36.09297338546884,11.668822482976438,10.417393685308465,1.2514287976679728,3.208105273950761,0.7420547607274773,0.34120756443688954,0.08620251591594494,18.230743740926922,7.306044215633212,6.09770429214451,4.826995233149197,1.6153613214054736,134.09130541329398,0.3383120131494318,49.21185846317084,46.24903193623249,1.1862876254180603,$R_{a}^{syst}$,[mmHg*s/ml],7.7842055435769035,13.829583230660754,11.474894563436177,11.361189571047833,11.407946820899669,2.353862627858412,5.469752954531695,13.25198249337236,11.212246947182207,12.040979181815201,15.06878694936504,10.549400090545674,8.7553521557359,1.3201036023679857,0.3241620810405202,0.5529712256848499,6325.029797230421,1.4840074560661605,0.2959322996821345,0.9186845298332225,0.5351676288682563
150.6373872065204,109.46600991770697,129.30331637054002,313.5499300807082,90.24011389235099,183.74306951307534,32.55551576309766,15.8193470617687,23.625319757162522,34.26098930085714,90.24059407113256,195.23568636008076,155.71984647176754,79.74171404549377,133.30630918371727,36.05077761735359,11.686396963763302,10.43667701958545,1.2497199441778524,3.211441083221454,0.7465577052279159,0.34058699854888724,0.08612842591365445,18.33013421300261,7.34515461289369,6.130271003336912,4.854708596772006,1.6153613214054738,134.49753720500317,0.3383120131494318,49.11211842247439,46.2213623715791,1.1959866220735786,$R_{a}^{syst}$,[mmHg*s/ml],7.801431844794536,13.840243078097123,11.457918832024564,11.344459284287044,11.391048770095543,2.3530445578112658,5.464745450208103,13.262305392572122,11.220044159976649,12.048819418432315,15.081317958134719,10.534610496517214,8.762201089841074,1.3176536379768145,0.3241620810405202,0.5529710240579955,6316.8079724645695,1.4904406854522327,0.29618993587191633,0.9226670625959078,0.5356337366437703
151.3569660955899,110.20595075670283,130.03481322979513,314.14993608609046,90.12325835691965,183.87651965791122,32.53793717073786,15.822980128773956,23.618152608770455,34.23799417216249,90.12368464734773,195.09936068970651,155.801913624475,79.80376282049372,133.29437445783105,36.00883407822657,11.730667916284363,10.482645765644229,1.2480221506401346,3.214755721121289,0.7619295494657962,0.3399703532961817,0.0860549111916779,18.429185963154286,7.3841305396295684,6.162724953715011,4.882330469809708,1.6387382088698508,136.85478899176883,0.3374544415064675,49.01292374066431,46.19373652929795,1.205685618729097,$R_{a}^{syst}$,[mmHg*s/ml],7.818624706928063,13.850880836156774,11.441021006292566,11.327804100172823,11.374229319723163,2.352233960641914,5.459771880330304,13.272606815789336,11.227812547825566,12.056640596434518,15.093815001786373,10.51990928440007,8.769029647251706,1.315217346301089,0.3241620810405202,0.5529708232472065,6308.628084984375,1.5185290843544068,0.2964475057321149,0.9266453153622715,0.5360997240167003
152.0739511363218,110.94357903769567,130.76375514709088,314.74778054241153,90.00676164636867,184.0092567196342,32.520386102296875,15.82660469059482,23.610983610069365,34.215078931890424,90.00719025656116,194.96336750881017,155.88342314633132,79.86554501516727,133.28222724676795,35.96706199910553,11.74825072682658,10.501921094910712,1.2463296319158685,3.2180335868963774,0.7664871833925301,0.3393557572459129,0.08598149150037515,18.527904657516128,7.4229761940560515,6.195071346196752,4.9098571172633285,1.638727545977359,137.26304428866626,0.3370256556849853,48.91425749494088,46.16620619896394,1.2153846153846155,$R_{a}^{syst}$,[mmHg*s/ml],7.835690527069079,13.861461834841208,11.4241798800489,11.311203402019354,11.35746708557458,2.3514229496869654,5.454804750149059,13.282853792469695,11.235547435843545,12.064421041505964,15.1062505348705,10.505231617087158,8.77582588678209,1.3127896348551693,0.3241620810405202,0.5529706228175123,6300.4733152458075,1.5250303619184165,0.29670448652045306,0.930618616658981,0.5365646460722915
152.78827900173573,111.67873991067265,131.4900842428656,315.3428278429753,89.89062945653612,184.14120835364503,32.502879250281644,15.83011809525792,23.6038231667569,34.19224476898133,89.89114664186452,194.82790361776017,155.9643126922523,79.9269817988126,133.27003860223914,35.92548591248734,11.765730508941983,10.521086653993414,1.2446438549485683,3.221272720689158,0.7710389272756446,0.3387437166063383,0.08590825694999034,18.62625603603964,7.461676286476141,6.227296054213739,4.937283695349755,1.6387169410311242,137.66956022990013,0.3370256556849853,48.8161396681509,46.13874346162713,1.2250836120401338,$R_{a}^{syst}$,[mmHg*s/ml],7.852672941424956,13.87198349013382,11.407390502787273,11.294651993875634,11.340757317817035,2.350613178023465,5.449854214818149,13.293043246417131,11.243236848198688,12.072155371779841,15.118619215512735,10.490607200408915,8.782583824711887,1.3103720321106875,0.3241620810405202,0.5529704230758367,6292.3440619575285,1.5315229302790239,0.2969609102738688,0.9345866219673966,0.537028560446428
153.5005204057718,112.41157868724713,132.21428883407253,315.9372626485201,89.77520353365904,184.27320416665782,32.48552115385717,15.833637934712133,23.596753772356738,34.16956724435748,89.77560483416009,194.69324430350753,156.04548361386296,79.9885163361512,133.25845529926804,35.88416321490073,11.783206337198362,10.540236071391474,1.2429702658068869,3.224502384547177,0.775593579433097,0.33813590394480736,0.08583574882221987,18.72429890030389,7.500253273648389,6.259417620892672,4.964628005762826,1.6387064081070406,138.07513598757447,0.3365968698635031,48.718533950528034,46.111309694037864,1.2347826086956522,$R_{a}^{syst}$,[mmHg*s/ml],7.869633517835937,13.882507362286624,11.390690937934169,11.278187890528677,11.32413817215896,2.3498137550828235,5.444943395221067,13.303236617449858,11.250930799473418,12.079898925744615,15.130988926146614,10.476082837342133,8.789347514859529,1.3079697892283304,0.3241620810405202,0.5529702207865177,6284.264247356133,1.5380097237630495,0.29721753862495337,0.9385511133380436,0.5374928476296712
154.21030360481973,113.14217786661179,132.93602568671585,316.5293885144837,89.66020097173586,184.4046187627301,32.468268910376494,15.837159557432093,23.589728920464253,34.14704482428403,89.66076860816214,194.55938139621054,156.12636880186324,80.04962423205285,133.24695936852004,35.84301589773766,11.800596029930109,10.55928799860628,1.241308031323828,3.227700470823413,0.7801401790165386,0.3375321868086632,0.08576376088394988,18.82200720695246,7.538699354045673,6.29142937484611,4.991878478060682,1.6387044971531772,138.47916832962608,0.336168084042021,48.62145079299772,46.08401196834217,1.2444816053511707,$R_{a}^{syst}$,[mmHg*s/ml],7.88654459021856,13.892983474833107,11.374054416053237,11.261784592437555,11.307582602935485,2.34901943304246,5.440050648937675,13.313386058814155,11.258589157963948,12.087606563347544,15.143306455227815,10.46161071121321,8.796074979840824,1.305579328894868,0.3241620810405202,0.5529700222780543,6276.214068021511,1.5444887121464264,0.29747333754511973,0.9425059336991958,0.5379556315180118
154.91718006172562,113.87005018295451,133.65492893617355,317.1180625159652,89.54533154543059,184.5347750828747,32.45092115929361,15.840614323539473,23.58261511991261,34.12444309326221,89.54596652108337,194.42530943148924,156.20615552209784,80.1102277424649,133.23489130412108,35.80196894600814,11.817816667189492,10.578173906471234,1.2396427607182587,3.23084344985106,0.7846743983079777,0.33692778368551407,0.08569122473654239,18.919342602405766,7.576998874697527,6.323320867682341,5.019022860025899,1.6387044971531772,138.88100971325161,0.336168084042021,48.52490892581938,46.05674373512426,1.254180602006689,$R_{a}^{syst}$,[mmHg*s/ml],7.903365701929766,13.903361080382384,11.357446539657738,11.245407675537177,11.291055862754233,2.3482162472827017,5.435152875822897,13.323437093483816,11.266169801349964,12.095230159772738,15.155504056265562,10.44712499102632,8.80274003425885,1.3031925831796276,0.3241620810405202,0.5529698245694273,6268.173208180141,1.550957568824129,0.29772867448442,0.9464534768278933,0.5384175795058037
155.62158799765885,114.59537473084147,134.371376697063,317.70475018148426,89.43093227466301,184.6644331901404,32.43364657621752,15.844077630133533,23.575532173199,34.10193713192479,89.43157471292687,194.2917895699503,156.28552187148415,80.17056516762615,133.22289555129532,35.7611168568397,11.834967463327244,10.596981860978886,1.2379856023483575,3.233958338925612,0.7892050191958868,0.3363263379874854,0.08561902882079,19.016333224246505,7.615161573791797,6.355097717499266,5.046073932955446,1.638704497153177,139.28137422137405,0.33573929822053883,48.42888840569539,46.029518236914015,1.2638795986622073,$R_{a}^{syst}$,[mmHg*s/ml],7.920069724838177,13.91369538906305,11.34089690285739,11.229086849431843,11.274588003831958,2.347416784681688,5.430275085075199,13.333446885239708,11.273717077573561,12.102823505188324,15.167657861722128,10.432704631187846,8.80937821481458,1.3008162265973144,0.32373329521903804,0.5529696271813689,6260.165259226411,1.5574183414929506,0.29798383872121464,0.9503960867859702,0.5388792151932763
156.32373919671096,115.31869636119829,135.0855698757554,318.28976511845536,89.31703555827661,184.79371649010514,32.41647650186607,15.847560876015828,23.568506268243873,34.07955035454237,89.31773589937951,194.15896090766262,156.3647439598116,80.23080289635101,133.21124705156782,35.72052242331388,11.879944689076634,10.643606009697757,1.2363386793788775,3.2370494927387816,0.805066771365998,0.3357285374184665,0.08554734850790649,19.113000798756154,7.653196128858723,6.386767417925377,5.073037251972057,1.6621010404371381,141.6747524860616,0.3348817265775744,48.33337261392172,46.00237634247378,1.2735785953177259,$R_{a}^{syst}$,[mmHg*s/ml],7.936719465229529,13.92400491585384,11.324422762744748,11.212839228134417,11.258196187875111,2.3466237285645573,5.425426494145461,13.343434725903956,11.281245099543273,12.110400660921798,15.179779656968526,10.418363830847014,8.81600163889345,1.2984533467042487,0.32373329521903804,0.5529694303888546,6252.192489079363,1.5862007913778464,0.2982386559863348,0.9543347563037866,0.5393402231595513
157.02348288488815,116.03951728061786,135.79736687767502,318.87291293621354,89.20358349556275,184.92249698553204,32.39935649502491,15.85104592758892,23.561495808530132,34.057247614634775,89.20430809569702,194.0265585773367,156.44382250881387,80.2907766143276,133.19960847011927,35.68010017762888,11.897119018143293,10.662420760618625,1.234698257524669,3.240112692391888,0.8096518444449515,0.3351331541115034,0.08547589366275234,19.20935268566627,7.691106971458163,6.418334749942186,5.09991096426592,1.6620909120638376,142.07718482599398,0.3348817265775744,48.23836198931591,45.975308096876454,1.2832775919732442,$R_{a}^{syst}$,[mmHg*s/ml],7.953320641648861,13.934271541775809,11.308010367096621,11.196650969727365,11.24186631876996,2.3458324718242975,5.420590778463422,13.353379064363672,11.288743448858607,12.117945235279095,15.191851414169967,10.404062852762685,8.822597118250966,1.2960994468949922,0.32373329521903804,0.5529692338985177,6244.250844689393,1.5927295659939638,0.29849308970810673,0.9582686208278781,0.5398005375519443
157.72058993546557,116.75783488983191,136.50657501836804,319.4531937042429,89.09042719068255,185.0504132041212,32.382255818402975,15.854508294633185,23.554475443452496,34.03497869288767,89.09117435528421,193.8944875240629,156.52223082093118,80.35038109539455,133.18786253373963,35.63985740398558,11.914179132744499,10.68111676294171,1.2330623698027892,3.243135193250202,0.814229344530981,0.33453955087425047,0.08540450189111107,19.305339977441818,7.728873166399371,6.449781227757166,5.12668558328528,1.6620808327613097,142.47781513109075,0.3344529407560923,48.143868283293536,45.948276040714006,1.2929765886287625,$R_{a}^{syst}$,[mmHg*s/ml],7.969857131580045,13.944470342402619,11.291643077389576,11.180505867966401,11.225582028837241,2.3450417755496304,5.415770695855459,13.363260943887534,11.296192460208582,12.125438909629775,15.20384878895404,10.389799642750827,8.829152063191538,1.2937546253207008,0.32373329521903804,0.5529690381824524,6236.329903347778,1.59924943255847,0.2987472435804832,0.962197145310644,0.5402603454298854
158.415848742382,117.47456068345299,137.21390266918226,320.0330639623389,88.97789411665157,185.1783341231556,32.365196101048106,15.857890329505832,23.547478791534548,34.012776719682954,88.9785767336006,193.76269514655655,156.60048183550398,80.40988963171625,133.17613576408795,35.59970044332698,11.93122821640535,10.699796347023058,1.2314318693822908,3.246147325127511,0.8188105395160095,0.3339478953132948,0.0853333524030836,19.40108525461767,7.766545099140366,6.4811505745447775,5.153389580932524,1.6620708216610933,142.8776425238721,0.33402415493461013,48.04984046215445,45.92141777667768,1.302675585284281,$R_{a}^{syst}$,[mmHg*s/ml],7.986378339324481,13.954657353067708,11.275329499424418,11.164413913277754,11.209354264647931,2.344252866482327,5.410961389033298,13.373130004594554,11.303630547145904,12.132924429765943,15.215829543310148,10.375565900763272,8.83570004379948,1.2914147628968882,0.32373329521903804,0.5529688452008661,6228.45258816561,1.6057656111365934,0.29900061519083543,0.966123458885929,0.5407187363009996
159.10819464546063,118.18811101298114,137.91837449527293,320.60909007750126,88.86552697143719,185.30516243993142,32.34821036130415,15.861209151805877,23.540499049258973,33.99067346222086,88.86602549406913,193.63158221778994,156.67797300879585,80.46895384384882,133.16443075541716,35.55983989240936,11.948130368166083,10.718320471443551,1.2298098967225313,3.2491115251510023,0.8233764713707665,0.33335944796873623,0.08526246126806508,19.496422670733637,7.8040552104813345,6.512383770374902,5.179983689877399,1.6620656207789615,143.27522873220738,0.33402415493461013,47.956314762813946,45.89438586217602,1.3123745819397994,$R_{a}^{syst}$,[mmHg*s/ml],8.00274117267112,13.964769060626207,11.259080103903308,11.14838260040966,11.193188818592409,2.343466448145874,5.406174521668269,13.38292605974948,11.311017909632943,12.140352518413485,15.22772381231849,10.361408234650327,8.842197372431015,1.2890899585773918,0.32373329521903804,0.5529686485640378,6220.586888000604,1.6122700625885935,0.2992548730869655,0.970039956564994,0.541178733846987
159.79809731459727,118.89949269569388,138.6204287532966,321.18347006009833,88.75359783805125,185.4313850269746,32.331268990802286,15.86452172949752,23.533530626517436,33.96862881185377,88.75409355021308,193.50090226890327,156.75530927547996,80.52777117751026,133.15284114382504,35.520160710572156,11.964945294199019,10.736750928139614,1.228194366059405,3.2520444935940254,0.8279355584952486,0.33277339253821525,0.08519179691682745,19.591423947751778,7.841431877781158,6.543505817432411,5.206486252538205,1.6620656207789615,143.67134312199866,0.3335953691131279,47.863309560644396,45.86753472956616,1.3220735785953177,$R_{a}^{syst}$,[mmHg*s/ml],8.019042596453183,13.974833959956767,11.242886864369144,11.132405257358498,11.177079621760596,2.342682843801373,5.401406219741213,13.392675607316194,11.318359069568634,12.147741312574123,15.23956271061237,10.347323176782627,8.848663685691768,1.2867737357985332,0.32373329521903804,0.552968455210263,6212.751848663587,1.6187664119730205,0.2995080337726235,0.9739485563839243,0.5416367442854174
160.4856812399752,119.60863186275917,139.32017014471265,321.7556414527479,88.64209404526585,185.55713013458916,32.31436304036673,15.867840420033716,23.526572799551804,33.9466543688481,88.64251858956692,193.37053845135213,156.83227420305752,80.58632132710274,133.14113781878743,35.48060904863497,11.981690583157288,10.755106509377743,1.2265840737795444,3.2549509875288263,0.8324906829499314,0.33218931028009474,0.08512128881728102,19.686128292949395,7.878692740670431,6.574532695224956,5.232902857054009,1.6620656207789615,144.0660255106847,0.3331665832916458,47.770783036454354,45.84075697336255,1.3317725752508363,$R_{a}^{syst}$,[mmHg*s/ml],8.03529755155774,13.984852530507792,11.226756028606392,11.116488118036656,11.16103265031973,2.341899239987754,5.396645984344472,13.402386268009597,11.325675613916264,12.155101325984448,15.251354965732121,10.333274138493682,8.855105363842682,1.2844593494705798,0.32373329521903804,0.5529682620731547,6204.946583168609,1.6252552138165435,0.2997608502483631,0.977852615142135,0.5420941323549349
161.17083518129368,120.31526380598055,140.0175076787345,322.3258613785759,88.5309633324044,185.68223166700074,32.29750308638388,15.871149605003714,23.519625387626238,33.92473288600492,88.53125661755458,193.24061945175936,156.90870369089345,80.64460353188971,133.12945586668778,35.44125971104552,11.998348993746664,10.773368991322176,1.2249800024244881,3.2578250074233326,0.8370404362035686,0.33160750932628963,0.08505102824464057,19.780502327129124,7.915823866350562,6.6054515168630275,5.259226943915533,1.6620656207789615,144.45916609112533,0.3331665832916458,47.678748008142364,45.8139995973546,1.3414715719063546,$R_{a}^{syst}$,[mmHg*s/ml],8.051499578907128,13.994823222776775,11.210679097772854,11.100622847512897,11.14503991869611,2.3411182388344858,5.39190231931298,13.412047402807056,11.33295079028948,12.162421250891436,15.263088149539126,10.319267652962152,8.86151441605322,1.282155450239185,0.3233045093975559,0.5529680741912357,6197.167433268308,1.631736068981076,0.30001362987203234,0.981751892693821,0.5425514489436457
161.853609634769,121.0197628268362,140.71247484150794,322.89384695747265,88.42024075883245,185.80677712058045,32.28075324807153,15.874458516869346,23.51272979561335,33.90296489059488,88.42078632204912,193.1115199155733,156.9846863293355,80.70254692214888,133.11803752408196,35.40219092279712,12.044083206576584,10.820695738709233,1.2233874678673509,3.26067060924908,0.8534333495758113,0.33102994215331577,0.08498122364642043,19.87451804918568,7.95281067703852,6.636247341390977,5.285460030756187,1.6854650437536665,146.89008453678503,0.33230901164868143,47.5871989865319,45.787421879702435,1.351170568561873,$R_{a}^{syst}$,[mmHg*s/ml],8.067651717256808,14.004751999610063,11.194654131257211,11.084808180752791,11.129100407025566,2.340343298689196,5.387188983711806,13.421669431227619,11.340191563285332,12.169708145660696,15.274772057611685,10.305343108639653,8.867890644377994,1.2798667798448253,0.3233045093975559,0.5529678824367232,6189.416853118271,1.6612721620768933,0.30026511050652777,0.985646168239186,0.5430064205236865
162.53408456828586,121.72185700442799,141.40515360500424,323.46021387445177,88.3099628113348,185.93082095568778,32.264004374647946,15.87777114862784,23.50582686870167,33.88122798561634,88.31064735396573,192.9825165486513,157.06048796936264,80.76037789950801,133.10643147616994,35.36320438557667,12.060743272867855,10.838945935589663,1.2217973372781918,3.2634892498264874,0.8580334882180917,0.33045334544399446,0.0849114258073031,19.968240043567405,7.989682589523871,6.6669498765403805,5.311607577503161,1.6854554578047412,147.2850138819272,0.33230901164868143,47.496139885479984,45.760957486375425,1.3608695652173914,$R_{a}^{syst}$,[mmHg*s/ml],8.08369653220004,14.014641930648718,11.17869203464498,11.069053909461216,11.113223042883872,2.339567132760878,5.382481950550709,13.431251501749749,11.347402187098925,12.176967095492484,15.286409356765573,10.291444302912799,8.874248874396697,1.2775819238523929,0.3233045093975559,0.5529676906708161,6181.6973967934355,1.6678187737049166,0.30051605410817245,0.989535953609361,0.5434604212474159
163.21235312093137,122.4218172646075,142.09562527043644,324.02454298004426,88.20007686082926,186.05444325030317,32.24733142585352,15.881094392882563,23.498955869089976,33.859594671211426,88.20070248892524,192.8540587720943,157.1361231143634,80.81798968261398,133.09497574930236,35.324422135861894,12.077341373393642,10.857126404561207,1.2202149688324355,3.2662837204983113,0.8626294520875456,0.3298795549613319,0.0848419770843736,20.061667456945134,8.026439616334375,6.697556900612611,5.337670939998144,1.6854459234391113,147.67852752301852,0.3318802258271993,47.40552029825578,45.73442895135363,1.3705685618729098,$R_{a}^{syst}$,[mmHg*s/ml],8.099677416440624,14.024494687459303,11.162791373452498,11.053359403296115,11.097407554126308,2.3387944713218576,5.377793072888337,13.440800949980016,11.3545914123606,12.184201443259473,15.298006461737758,10.277593064331066,8.880583732227684,1.275307634523684,0.3233045093975559,0.5529674996544541,6174.005380258048,1.6743582633838312,0.3007675307686165,0.9934215272640394,0.5439153855453788
163.88818927785528,123.11951017941173,142.7836884212313,324.5864969465637,88.09049075241965,186.1773745351099,32.230707448642676,15.88431397011383,23.49209286558471,33.83802885618589,88.09092997848788,192.72608654490628,157.2111624820447,80.87520812844339,133.0835606933477,35.28583617468396,12.0938453913849,10.875206445156099,1.2186389462288014,3.2690447568061125,0.8672180257776678,0.3293081364652834,0.08477273598544893,20.154748257623922,8.063058664413246,6.728047836396621,5.363641756814056,1.6854364357580365,148.07036207222143,0.33145144000571714,47.31535771861864,45.70783932665088,1.380267558528428,$R_{a}^{syst}$,[mmHg*s/ml],8.115600327243547,14.034294413106688,11.146936901293113,11.037709440822141,11.081638974264148,2.3380243378376915,5.373123459683203,13.450297004524064,11.361741839954698,12.191391722767268,15.309540751009969,10.263805166827257,8.886879718291972,1.2730440275621757,0.3233045093975559,0.5529673095258947,6166.334352669376,1.6808892856367048,0.3010193646624395,0.9973020933777983,0.5443709953135
164.5619604695709,123.81493112778028,143.46966351831202,325.14753219221376,87.9815376490374,186.30014405771945,32.214185413215944,15.88751397113439,23.48529335967335,33.8165885249356,87.98216150247599,192.59874399907574,157.28609436484604,80.93240093687392,133.07242316815598,35.24747064901984,12.110318390903023,10.893245272760753,1.2170731181422707,3.2717915598707914,0.8718040794628481,0.32874034184515394,0.08470401512324885,20.247541265520965,8.099563612503854,6.758443768016754,5.3895338850003585,1.6854336112357151,148.46123694916196,0.33145144000571714,47.22569490970388,45.68158632586836,1.3899665551839466,$R_{a}^{syst}$,[mmHg*s/ml],8.131501750174769,14.044082611420386,11.131157502580072,11.022132370460604,11.06594533835859,2.3372604436067936,5.368479141301084,13.459781502526935,11.36887056314046,12.198574536998317,15.321058173457441,10.250076358259937,8.893169283043756,1.2707921125227668,0.3233045093975559,0.5529671195350438,6158.707635432618,1.6874135292040586,0.3012692639055307,1.001174723201878,0.5448231065869695
165.23362506417823,124.50842499427567,144.15352051407586,325.70664726554037,87.87295086893793,186.42257721365618,32.19778396010202,15.890741169356259,23.478554807507386,33.79530979805239,87.8735186779019,192.47216216319072,157.36085211250665,80.98945143904766,133.0614922078112,35.20936389006741,12.126736089041188,10.911218399855715,1.2155176891854726,3.2745174906526606,0.8763842979065734,0.3281762715167834,0.08463579725779898,20.34003564458882,8.135950914443299,6.7887405428291,5.415344187316418,1.6854336112357147,148.85071328721523,0.33102265418423493,47.136431746798586,45.655183425121436,1.399665551839465,$R_{a}^{syst}$,[mmHg*s/ml],8.14735433848138,14.053842506105045,11.115441079488724,11.006617033035607,11.050315597039868,2.336502968023551,5.363860198758524,13.469246491918996,11.37600216386146,12.205746646043568,15.332547348498661,10.236416435644154,8.89944453711583,1.2685540931791481,0.3233045093975559,0.5529670803247111,6151.106560825656,1.6939309743816993,0.3015202381392299,1.005041648089452,0.5452770135288567
165.90266022980634,125.19930692654397,144.83480457550695,326.26317799692583,87.76463874191242,186.54401533131534,32.18133940030379,15.893924201772203,23.471766401604203,33.77400382978072,87.76547106292536,192.3456103819396,157.43515933586298,81.04610499120446,133.05024531918173,35.17136040721049,12.14302497917608,10.929061931627597,1.213963047548482,3.2771999213623513,0.8809553353968349,0.3276127374683072,0.08456736316115698,20.432177405449888,8.172197710407682,6.8189211417023685,5.441058553339835,1.6854336112357151,149.23839554590475,0.33102265418423493,47.04768393991961,45.62904809142769,1.4093645484949833,$R_{a}^{syst}$,[mmHg*s/ml],8.163096766615942,14.063529074320634,11.099761074131456,10.99113616166365,11.034721934536696,2.33574250296403,5.359246390175171,13.4786343663515,11.383061776265444,12.212854239972103,15.343951558091613,10.222785628839212,8.905672463289019,1.2663207925987383,0.3233045093975559,0.5529670803247111,6143.524711933869,1.7004387836058539,0.301769363042647,1.0089028557815085,0.5457275374610786
166.56945201396783,125.8879931229435,145.51384724813045,326.81755801456404,87.65667506532769,186.66496854910125,32.16492442516588,15.897098775753125,23.46498162680978,33.75271679219923,87.65718321248798,192.21937406234042,157.5089234467668,81.10239439723183,133.0390318496688,35.133473997340154,12.159241028221905,10.946828507493182,1.2124125207287229,3.279856661829963,0.8855207802404366,0.32705074352678676,0.08449906164749091,20.524028708439875,8.208332655408936,6.849009329578902,5.4666867234520335,1.685433611235715,149.62460082548367,0.3305938683627528,46.95936026275335,45.60267852295631,1.4190635451505018,$R_{a}^{syst}$,[mmHg*s/ml],8.178755430979004,14.07316449330224,11.084131728178763,10.975704144364611,11.01917916095171,2.3349814015993315,5.3546391986791715,13.487975568432486,11.390090835863601,12.219923615409884,15.355296645843097,10.209173538443464,8.911865880033087,1.2640939938220466,0.3228757235760737,0.5529670803247111,6135.967254572938,1.7069390404549714,0.3020201172937022,1.0127595825049966,0.5461810079477989
167.23391602893727,126.57457568280245,146.19058828989037,327.37006144952255,87.54908581211994,186.7852610599033,32.148558959658985,15.90027091497292,23.458215808114183,33.731527846191405,87.5498864719029,192.0936149109265,157.5822743538673,81.15849864701532,133.0278138412553,35.09580240017675,12.20576687274097,10.994897564790453,1.2108693079505173,3.2824814965276494,0.9024362127367628,0.32649146378379035,0.08443101912292403,20.61556496824649,8.244342414110434,6.878993392904722,5.492229161231333,1.7088293646565738,152.09166255764615,0.32973629671978844,46.87151722535664,45.576677034528004,1.4287625418060201,$R_{a}^{syst}$,[mmHg*s/ml],8.194365736608201,14.082760900407973,11.06856092638127,10.960328821559921,11.003694611440006,2.3342224261059745,5.350048392550903,13.497274223953774,11.397076530695847,12.22696062838555,15.366595282593666,10.195610814474101,8.918034485396284,1.2618780624098085,0.3228757235760737,0.5529670803247111,6128.436006848396,1.737215884629959,0.30226848418985247,1.016611676133673,0.5466301610800332
167.89664658524887,127.25921262286838,146.86556111687347,327.92140370080557,87.44195903375008,186.9054813320093,32.13220522458951,15.903457285213147,23.45144669754112,33.71036095192794,87.44238041162836,191.96798780804374,157.6554154942312,81.21451238182446,133.01651340280836,35.058187637559456,12.222017504141682,11.012689722645597,1.2093277814960866,3.2850952148153967,0.9070550789429763,0.32593284060268607,0.08436300553393451,20.70686636511806,8.280260210248839,6.90890168517425,5.517704469694968,1.7088202809521225,152.4799797482215,0.32973629671978844,46.78405277928831,45.55050110702072,1.4384615384615385,$R_{a}^{syst}$,[mmHg*s/ml],8.209950381928257,14.092328618545574,11.053024548802624,10.944988219511504,10.988247684812613,2.3334645680853177,5.345464630820941,13.506554018017578,11.404060463017384,12.233985747029365,15.377866768306669,10.18207394497729,8.924194146638655,1.259665044312005,0.3228757235760737,0.5529670803247111,6120.9371323625055,1.7437850367621408,0.30251818751321274,1.020461341780504,0.5470817310418719
168.556580317154,127.94138528754023,147.53779701485678,328.46965903994305,87.33501923265672,187.0245960756135,32.11591531066421,15.906611710888619,23.444694099853816,33.689279000392176,87.33546942477567,191.843017939314,157.7279809788205,81.27009327249868,133.00527503045083,35.020845890132655,12.238129447439146,11.030334533446279,1.2077949139928668,3.2876622247981486,0.9116607562775749,0.3253774925391951,0.08429523672619792,20.79777425955345,8.31602120735205,6.938678398645443,5.543074653555963,1.708811239076097,152.86620254011288,0.3293075108983063,46.69707678307052,45.52444512335739,1.448160535117057,$R_{a}^{syst}$,[mmHg*s/ml],8.2254612063116,14.101828438879553,11.037555304286311,10.929711380633018,10.97286521187794,2.3327087364942476,5.340906089552112,13.515762257762088,11.410982015072584,12.240950885651163,15.389053689852389,10.16860286846723,8.930302991075875,1.2574663702835374,0.3228757235760737,0.5529670803247111,6113.45134628597,1.7503425760162017,0.3027668330086154,1.0243042274011256,0.547531388000215
169.2146581031148,128.6213596999309,148.2081248234967,329.01707425365123,87.22871576473952,187.14379885824127,32.09979528729564,15.909768273953313,23.438044970402064,33.6684055691425,87.22928341276915,191.71899547396887,157.8008214778571,81.32561544002581,132.99444960951428,34.98374651215211,12.25424745491942,11.04797135939906,1.20627609552036,3.290224456058503,0.9162679664614406,0.3248270019489791,0.08422832143328106,20.888416777163094,8.351677838505749,6.968366976795356,5.568371961861989,1.708802254046065,153.2515786426237,0.3293075108983063,46.61052960179248,45.498508479621634,1.4578595317725753,$R_{a}^{syst}$,[mmHg*s/ml],8.240926081605915,14.111330668346662,11.022160896638697,10.914507664107788,10.957558002528474,2.3319633921714304,5.336377121723484,13.524977495705148,11.417910330871594,12.247926013732565,15.400247796207873,10.155218164119155,8.936412480859383,1.2552813727299803,0.3228757235760737,0.5529670803247111,6106.010103531767,1.7568936708405907,0.30301505589637406,1.0281433481730586,0.5479802807039413
169.870462086169,129.2992764680414,148.8761995778109,329.5624393582274,87.12271418489577,187.2623450459181,32.08365183026242,15.912816977283052,23.431362658567075,33.64751950553382,87.1232185534712,191.59503990200884,157.87301789334495,81.3808151027192,132.9834589234245,34.94676140735954,12.270267669165897,11.065509345300283,1.204758323865614,3.292755596161016,0.9208660889204002,0.32427708658866156,0.0841612564461409,20.978760356443544,8.387216670511107,6.997958767437637,5.593584918494805,1.7087973262282166,153.6354083432859,0.3288787250768241,46.52441694219553,45.472585614967024,1.4675585284280936,$R_{a}^{syst}$,[mmHg*s/ml],8.256285401676378,14.120778434818757,11.006812885262397,10.899348725044197,10.942297141917576,2.331215568533089,5.331855130213376,13.534133933421554,11.424793771269423,12.254852705064721,15.411373625873763,10.14185459779602,8.942484708317508,1.2531019164901376,0.3228757235760737,0.5529670803247111,6098.589992942704,1.763436892211988,0.3032631445673402,1.0319754514740351,0.5484289306865415
170.5238303167289,129.9748347294932,149.54187192585954,330.10518913564096,87.01697628051897,187.3800765934126,32.06756027413787,15.915856449217754,23.42469780955583,33.62669226747536,87.01754724159517,191.4715656515198,157.94468639046812,81.43576108716428,132.97258696516712,34.90999877662866,12.286176170201195,11.082928962145889,1.2032472080553063,3.295250413771547,0.925452416369058,0.32372967019685167,0.08409439811831351,21.068750831592244,8.4226146077811,7.027431677671749,5.6187045461394005,1.7087973262282166,154.01751989175668,0.32844993925534194,46.43875584987251,45.446720480662904,1.4772575250836122,$R_{a}^{syst}$,[mmHg*s/ml],8.27158533028103,14.130169804430311,10.991504966654448,10.884228554892948,10.927076809305861,2.3304696018014184,5.327352482138715,13.543240424585372,11.431633285332197,12.261738749103067,15.422437584662163,10.128549753826094,8.948524128036235,1.2509336905057653,0.3228757235760737,0.5529670803247111,6091.188339636328,1.769970946763839,0.30351079009125304,1.0357992253362482,0.5488767792705248
171.1752816398189,130.64835841027042,150.20559987256075,330.64689189550506,86.91173328491895,187.49765457281106,32.05151300369621,15.91891174520106,23.418049827120974,33.60593837806439,86.9121495986805,191.34840836141947,158.01610224767683,81.49051059290261,132.96169848016297,34.87331613928362,12.302054485153755,11.100313300916286,1.20174118423747,3.2977320487119686,0.9300375858068469,0.32318409362937833,0.08402776988178837,21.15849710842666,8.457917368980118,7.056826973135195,5.643752766311341,1.7087973262282166,154.39858965684294,0.32844993925534194,46.35350425205905,45.42088974919538,1.4869565217391305,$R_{a}^{syst}$,[mmHg*s/ml],8.286854923504078,14.139535966141741,10.97626431876336,10.869173753045798,10.911923332244161,2.329726027287062,5.322860712845721,13.552322116995082,11.438455604457664,12.268607900538871,15.433471919619583,10.115278467519405,8.954547563221892,1.2487704776617672,0.3228757235760737,0.5529670803247111,6083.821329944327,1.7764987973566788,0.3037584492037528,1.0396193685987898,0.549324652428461
171.82450957426425,131.31985620575355,150.86706284317194,331.1862398140468,86.80678805319097,187.61457338353424,32.035540985103474,15.921960742606108,23.411432341573256,33.58530190187414,86.80732935220233,191.22586194222006,158.08739672816614,81.54500303463779,132.9508702115886,34.83687359922177,12.317846872512604,11.117603201569631,1.2002436709429736,3.300182813659155,0.9346152357593949,0.3226416363187575,0.08396148195074404,21.247923900873737,8.493093973536807,7.0861160963220975,5.668713831014831,1.7087973262282168,154.77809858428014,0.3280211534338598,46.26868077872327,45.39518267588284,1.4966555183946488,$R_{a}^{syst}$,[mmHg*s/ml],8.302069899510162,14.148857696796636,10.961070964118843,10.854165060758625,10.896817570643451,2.328985914234042,5.318387529165465,13.561362224972058,11.445245289099622,12.275443546425302,15.444455688182655,10.102059454418974,8.960541433053457,1.2466196471158377,0.32244693775459154,0.5529670803247111,6076.475163723368,1.783018379731314,0.30400525590276645,1.0434346732429196,0.5497709840597558
172.47156129190373,131.98890397188933,151.52635258165964,331.72382931141505,86.70219833008693,187.7309951640049,32.019605516399345,15.925010557170355,23.404822333040777,33.56473778289417,86.70283081146887,191.1036513411295,158.15831222795745,81.59928352139049,132.93996013454176,34.80057744278769,12.365186285047326,11.166435149684252,1.1987511353630727,3.3026084573463046,0.952039977484693,0.32210104218459606,0.08389535430445781,21.3370633405533,8.528157909059264,7.115311798222395,5.693593633271647,1.7321823981886628,157.2795305787474,0.3275923676123776,46.18427460758009,45.3695312480974,1.5063545150501674,$R_{a}^{syst}$,[mmHg*s/ml],8.317238773670665,14.158138068705075,10.94592766201717,10.83920489994406,10.881761871472193,2.328247146724099,5.313924882655725,13.570362339109735,11.452007046255284,12.282248284068354,15.455391072527592,10.088874778434736,8.966510006951921,1.2444764536510482,0.32244693775459154,0.5529670803247111,6069.153883106085,1.8140201010816712,0.30425177366276,1.0472454303764926,0.5502167931662378
173.11630408888087,132.65598611463636,152.1833580671846,332.25899403635094,86.59788409642096,187.84668906046554,32.00369111539295,15.928041209346897,23.3982088613449,33.5441982049964,86.59859507111275,190.98175346455093,158.22865092727747,81.65323519873229,132.92900193142015,34.76443563932436,12.38095281948424,11.183689916757944,1.197262902726296,3.3050011877789007,0.9566613800088815,0.32156212636551945,0.08382929750695864,21.425878619022768,8.563092973094486,7.144399812201103,5.718385833727176,1.7321737749293602,157.66040998657687,0.3271635817908954,46.100298349440784,45.343910347533146,1.5160535117056857,$R_{a}^{syst}$,[mmHg*s/ml],8.332283027709835,14.16736360389667,10.93082661255924,10.82428553481281,10.866748557718067,2.3275086774613745,5.309476092869744,13.579309311790988,11.458724037531244,12.289009038894005,15.466263411934689,10.075734247287432,8.972442778359541,1.2423412093573485,0.32244693775459154,0.5529670803247111,6061.851886749467,1.8206034896999623,0.3044980436696968,1.0510512952282796,0.5506621542296708
173.75962100976133,133.32128244802882,152.83884900212865,332.79453986680977,86.49434052901543,187.96285821602243,31.98795715584506,15.931153565484632,23.391715328612253,33.52384493261183,86.49488749558738,190.86072681059417,158.29940236350097,81.70741003881784,132.91876678306335,34.7285544378178,12.396773730369276,11.200985819526442,1.1957879108428329,3.3074037266464025,0.9612896959253222,0.32102767710738844,0.08376415656855984,21.514471924790737,8.597939194694458,7.173413374373523,5.743119355722754,1.732165209537072,158.0409386295448,0.32673479596941324,46.01671912735494,45.31832658345838,1.525752508361204,$R_{a}^{syst}$,[mmHg*s/ml],8.347326237496546,14.176622798008033,10.915820618188818,10.8094593429017,10.851830377174071,2.326783352272879,5.3050700493800464,13.588290354810608,11.465470053796558,12.295805376530769,15.477172589890674,10.062699552515951,8.97840023036457,1.2402172329965535,0.32244693775459154,0.5529670803247111,6054.60383703108,1.8271824221438895,0.30474466506260534,1.0548545901301245,0.5511081507486023
174.40000657452995,133.98398459952233,153.49151218833083,333.3257665415875,86.39069133066566,188.07746581997176,31.972153157288773,15.934161083626796,23.385135826865802,33.503468014403744,86.39151291506072,190.73977065839608,158.36893479374427,81.76084115930254,132.90796541034734,34.69278825068629,12.412391632755819,11.218078744744389,1.1943128880114295,3.3097436350799225,0.9658981310763338,0.3204936538785759,0.08369857702037911,21.602690690108513,8.632639230525134,7.202305011465365,5.7677464481180145,1.7321566727153115,158.4189204582281,0.32673479596941324,45.93356835919889,45.292868192540155,1.5354515050167226,$R_{a}^{syst}$,[mmHg*s/ml],8.36226810303217,14.185760926735462,10.900819176041841,10.794636965254377,10.836916964706978,2.3260498892201857,5.300652030318387,13.597154974786216,11.472122407974469,12.302499868603373,15.487945852873658,10.04964901710658,8.984275492620258,1.2380969730681315,0.32244693775459154,0.5529670803247111,6047.348393146596,1.8337498869162878,0.30498985772132736,1.058651284725717,0.5515515635076006
175.038731401121,134.6449083860914,154.14245950162567,333.8565311263914,86.28762447017871,188.19217427023796,31.95643326526562,15.937097514912555,23.378611329409907,33.48319381466233,86.28842665900582,190.61921496404545,158.43882595821592,81.81431970973324,132.89730479130893,34.657137858021905,12.42801228598021,11.235167561996676,1.1928447239835334,3.3120801338255004,0.9705083060105465,0.31996201001306773,0.0836334062404011,21.690686597869814,8.6672516380858,7.231125083413009,5.792309876371009,1.7321481847419637,158.79614343600792,0.32630601014793104,45.85080373547969,45.267433650527586,1.5451505016722409,$R_{a}^{syst}$,[mmHg*s/ml],8.377198973390426,14.194902400220347,10.885894032566103,10.779888971753369,10.822079371458694,2.3253209405536555,5.2962525624033585,13.606023587147407,11.478781838535749,12.30920383166256,15.498720840436256,10.036654452918151,8.990157446838861,1.2359827237772214,0.32244693775459154,0.5529670803247111,6040.1337129125095,1.8403119150752423,0.30523531702732076,1.062444848129083,0.5519954584784355
175.6753240175814,135.30370006219582,154.79128040617763,334.38540240233175,86.18493187615874,188.3063772214977,31.94077942950754,15.940037391310515,23.372117810715164,33.46298117965989,86.18569887502686,190.49916366046227,158.50837734470878,81.86762207149515,132.8867989081425,34.621689591409805,12.443557828479827,11.252174167228514,1.1913836612513133,3.3143919164207585,0.9751097775745722,0.31943288953184396,0.08356859878169802,21.77838372493001,8.701746168793319,7.2598462746855965,5.816791281451103,1.7321455824213774,159.17202882847516,0.32630601014793104,45.76846156133239,45.24203530291642,1.5548494983277592,$R_{a}^{syst}$,[mmHg*s/ml],8.392087198239064,14.204009761096398,10.871018685933306,10.765189445715416,10.807291807947658,2.324596017519561,5.291872644199989,13.614857651136498,11.4854115984924,12.315882494102041,15.509457889005452,10.023712190912967,8.996018214445717,1.2338793533161865,0.32244693775459154,0.5529670803247111,6032.945231331112,1.8468660978602778,0.305480710592944,1.0662302964618782,0.5524392345626812
176.30959052001253,135.96036047767342,155.43780254456954,334.91196025825917,86.0824730120076,188.4198097456204,31.925140952262957,15.942952041782997,23.36561196530593,33.44281037963971,86.08331115148451,190.37942580692382,158.57726492402625,81.92056301092322,132.8762239622388,34.58643637922513,12.458996323234519,11.269069588082193,1.1899267351523268,3.3166698021093595,0.9796999491435647,0.31890544535048043,0.08350379658135977,21.86575487963837,8.73611087048926,7.288458708672484,5.841185300476625,1.7321455824213774,159.5462272668911,0.3258772243264489,45.68653005659267,45.216709099011155,1.5645484949832777,$R_{a}^{syst}$,[mmHg*s/ml],8.406875174719442,14.213054336600903,10.856182950531418,10.750528271154757,10.792543979244144,2.32387110440513,5.287506776216411,13.623632551178035,11.491992094197482,12.322510092386105,15.52012458033451,10.010817879193517,9.001836958734494,1.2317858791142744,0.32244693775459154,0.5529670803247111,6025.773110840531,1.8534112890162446,0.30572544575373056,1.0700089575758114,0.5528818199705554
176.94213566510027,136.61504830616883,156.08256644666267,335.4373844644433,85.98047153889203,188.53315355047383,31.90957332599232,15.94588955517578,23.359143961314757,33.422742397156895,85.98127047928162,190.2601358847781,158.6460320263278,81.97336283274966,132.86576655164956,34.55128442032372,12.474414770324273,11.285938079360792,1.1884766909634807,3.318937540928448,0.9842893206003301,0.31838046862569397,0.08343932444889167,21.952894321533215,8.770384531407512,7.316996417287027,5.8655133728386755,1.7321455824213774,159.91948511658364,0.3258772243264489,45.60496120692824,45.1914270319622,1.574247491638796,$R_{a}^{syst}$,[mmHg*s/ml],8.42160376576059,14.222088538570663,10.841418455615207,10.735936626832213,10.77786699900643,2.3231499743256503,5.283158552088049,13.632394392087253,11.498568934904977,12.329130920001363,15.530771748417214,9.997966389512607,9.007646886359947,1.2296988365154624,0.32201815193310934,0.5529670803247111,6018.633007722442,1.85995124537374,0.3059700878688968,1.0737845965428046,0.5533242371123183
177.57278678425936,137.26824153869288,156.7254460223284,335.9611397313351,85.87872825786796,188.64595436823927,31.893972860476882,15.948804341795748,23.352641489979277,33.40265189466499,85.8793189369279,190.14080766539314,158.71448908251395,82.02599403488819,132.8550264969368,34.516198404045916,12.489755504007723,11.302729074679052,1.1870264293286716,3.321179001412475,0.9888734679692535,0.3178555806300006,0.08337467519466268,22.039782037371044,8.804559524584823,7.345452516955321,5.889769995830905,1.7321455824213776,160.2914503965837,0.32544843850496674,45.52375827272267,45.1661692150046,1.5839464882943144,$R_{a}^{syst}$,[mmHg*s/ml],8.436289506762618,14.231073319508573,10.826665458747595,10.721357319412455,10.763204591935658,2.3224259312549655,5.278809393975713,13.641111322993355,11.50511571770274,12.335717065841212,15.541366825788645,9.985120090116208,9.013432833016417,1.2276144341921515,0.32201815193310934,0.5529670803247111,6011.510978050757,1.8664860745873735,0.306214622554845,1.0775572755138747,0.5537664599762989
178.20083171730363,137.91846051993187,157.3657451055441,336.4823234293055,85.77732961963936,188.75798921345074,31.878447066157268,15.95171462721519,23.346164963376307,33.38264199274587,85.77782999213107,190.02209692812775,158.78251162703864,82.07820691436548,132.84445725321314,34.48133418266085,12.537953625424775,11.352369218012361,1.185584407412414,3.3233876401114557,1.0068437493244642,0.31733366899449866,0.08331039905932815,22.126310124801904,8.838592316324764,7.373789296850799,5.913928511626345,1.7555043855726395,162.82826656734505,0.3245908668620024,45.44301938003848,45.14097643316446,1.593645484949833,$R_{a}^{syst}$,[mmHg*s/ml],8.450907852477089,14.239998608532774,10.811976039104454,10.706838344040936,10.748602909092941,2.3217059669929676,5.274479557325335,13.6497714403949,11.511608583486643,12.342254772041215,15.5518942069138,9.972340245180341,9.019175341297666,1.2255418869369483,0.32201815193310934,0.5529670803247111,6004.413073374755,1.898266911424861,0.30645872597997464,1.081322796471199,0.5542079029370378
178.8269072349372,138.56702119417872,158.0040716395778,337.00181805326105,85.67624220224317,188.8695743451102,31.862969479991072,15.954630381554715,23.339712788061604,33.36270925316178,85.67672152053747,189.90375474892284,158.85029361113715,82.1303758975811,132.8339435631495,34.44669174229224,12.553271031439975,11.369122879692458,1.1841481517475156,3.3255736731054637,1.0114681479077308,0.31681390182350677,0.08324632246410121,22.21257829955458,8.872523352729305,7.402041811915435,5.938013134909835,1.7554962336624849,163.20139156504135,0.3245908668620024,45.36264906580032,45.115864946331946,1.6033444816053513,$R_{a}^{syst}$,[mmHg*s/ml],8.465489827967437,14.24889899309925,10.797343434601116,10.692375003255641,10.734057978619978,2.3209870117782514,5.270163177581281,13.6584056984035,11.518084021020533,12.348775194506926,15.5623901491323,9.959594600963568,9.024905498293673,1.2234807350178403,0.32201815193310934,0.5529670803247111,5997.336954157022,1.904861690593246,0.30670236762953756,1.0850844644759736,0.5546485108108733
179.45103294399559,139.21338222202692,158.64043392938066,337.5197404957949,85.57554087802629,188.98083825871836,31.847564378844822,15.957552625225544,23.333290040408738,33.3428843450158,85.5760170833518,189.7859423045627,158.91775078466358,82.18224513168562,132.82344023791055,34.4121428486444,12.568541375244216,11.385822028833571,1.1827193464106438,3.327742138398762,1.016087954623015,0.31629683558607424,0.08318257352394352,22.29857529618554,8.90634730967265,7.4302052393343745,5.962022747178517,1.7554881238530544,163.57329433372936,0.32416208104052024,45.28265493291534,45.09080917385441,1.6130434782608696,$R_{a}^{syst}$,[mmHg*s/ml],8.480033509994708,14.257767352652147,10.782764366528813,10.677963761295047,10.719566420954518,2.320271835125349,5.265863835802069,13.667010029833566,11.524537269755989,12.355271931474674,15.572850397690223,9.946903971580483,9.030611375810738,1.2214252440724511,0.32201815193310934,0.5529670803247111,5990.28786146184,1.9114491437089005,0.30694569485324164,1.0888419680752572,0.5550885500688363
180.07284085453185,139.85767028224538,159.2745073396322,338.03536934068654,85.47509952955963,189.09131911026233,31.832150584003276,15.960370934767507,23.326841163027492,33.323033672798374,85.47547434320875,189.66826040484833,158.98450815840033,82.23372662355968,132.81286582901927,34.37773595337076,12.583707124430385,11.402414903317228,1.1812922211131571,3.329877036723568,1.0206981272265248,0.31578051552489456,0.08311876135037258,22.38425073766993,8.940043543639062,7.458261746289501,5.9859454477413685,1.7554800557861618,163.94357826653447,0.32416208104052024,45.203079618751644,45.06577650934358,1.6227424749163881,$R_{a}^{syst}$,[mmHg*s/ml],8.494454138098698,14.26656621406969,10.768217671040148,10.663583718395786,10.705107320674836,2.3195553374388354,5.261573105836125,13.67554773780348,11.530933483906779,12.361714695069647,15.58323545198973,9.934265120191917,9.036274491297917,1.2193772263217642,0.32201815193310934,0.5529670803247111,5983.256967069174,1.9180273456112011,0.30718885234592136,1.0925942105062796,0.5555282823808158
180.69289783944205,140.50004104213284,159.9067933368138,338.54995796436134,85.37512179119535,189.2017003747805,31.816885876888282,15.963175844506205,23.320482787507977,33.303384251319464,85.37566601413864,189.55150250899513,159.05152367718912,82.28519169953904,132.80255355664897,34.34355892409932,12.598857558017643,11.418979422683426,1.1798781353342174,3.3320022347948064,1.0253064736130908,0.31526878000328673,0.08305566525452523,22.469675472908307,8.97364104196031,7.48623480214204,6.009799628805957,1.7554720300186923,164.3128800082287,0.32373329521903804,45.12386602344477,45.04088064935659,1.6324414715719064,$R_{a}^{syst}$,[mmHg*s/ml],8.508844444613478,14.275371168233397,10.753732552314885,10.649264193434782,10.690710261207736,2.318847469917932,5.257309911483207,13.684091826289817,11.537334507791462,12.368162045458172,15.593619979486698,9.92170269392317,9.041935807859852,1.2173414765799118,0.32201815193310934,0.5529670803247111,5976.258525383675,1.9245990700908622,0.30743121795276995,1.0963427711635878,0.555966582625934
181.31113954914412,141.1406125737379,160.53724024608854,339.0631710499301,85.27553442207953,189.31181589755545,31.801672392840818,15.965994748318813,23.314147192792102,33.283821476910575,85.27614612704423,189.43516282742007,159.1184309177245,82.33655668850847,132.79241340940507,34.30955322825992,12.613962596327294,11.435493223557524,1.1784693727697706,3.3341123722417048,1.0299092633507847,0.31475903090594054,0.0829927466427467,22.554835608297328,9.007132102664464,7.514119382966254,6.033584122666608,1.755467175883808,164.68105473235988,0.32373329521903804,45.04501423631459,45.01600698320872,1.6421404682274248,$R_{a}^{syst}$,[mmHg*s/ml],8.523204956473561,14.284150618626953,10.73931006378888,10.63500578793834,10.676375559901768,2.3181432671852247,5.253069378560173,13.692610646489506,11.543720752910074,12.37459346682544,15.603973704628993,9.90919909612854,9.047584011017184,1.215315069869061,0.32201815193310934,0.5529670803247111,5969.287409545567,1.931164147471126,0.30767339478563355,1.1000855920298604,0.5564045414872849
181.9273634553392,141.7792480547903,161.1656816520437,339.5746183338658,85.17623262574872,189.42138099947644,31.78644014249045,15.96879630750729,23.307789372313163,33.264238593417545,85.17670367040999,189.31885449615663,159.184871870698,82.38770092563126,132.7820965987607,34.27562306614923,12.628981753772143,11.45192023697871,1.1770615167934335,3.3361964188485955,1.0345028644760836,0.31424968580615664,0.08292979256515777,22.63974485866744,9.040526191361137,7.541925107772726,6.057293559533582,1.755467175883808,165.04790134164227,0.3233045093975559,44.966535549640064,44.991136195649844,1.651839464882943,$R_{a}^{syst}$,[mmHg*s/ml],8.537512317028913,14.292879978034376,10.724934166209978,10.620792534147178,10.662086893023115,2.3174363538702507,5.248829516626699,13.701084599380287,11.550074320982722,12.380990435910498,15.614278574926614,9.896709085039323,9.053206673707955,1.2132926600134362,0.32201815193310934,0.5529670803247111,5962.33628380241,1.9377224872909957,0.3079157475192595,1.1038215432968317,0.5568428184521336
182.54148537745823,142.4156875549904,161.79201746836117,340.08417843527565,85.07729839027861,189.5305138137316,31.771344259784822,15.971615057248387,23.301499601910127,33.24483910961364,85.07802912792738,189.20346246724037,159.25104255113462,82.438630948129,132.77214707898608,34.24200392854763,12.643944784324873,11.468278707612805,1.175666076712067,3.3382593152323343,1.0390897529029528,0.3137447316225681,0.08286749468315019,22.724346840185184,9.073798434749603,7.569626273246179,6.080922132189401,1.755467175883808,165.4134000805392,0.3233045093975559,44.88844391246235,44.9664229282581,1.6615384615384616,$R_{a}^{syst}$,[mmHg*s/ml],8.55178807589415,14.301585678049506,10.710599190131147,10.606619726089074,10.647840177367975,2.3167383817665335,5.244616130281438,13.709533646740953,11.556402974132917,12.38736640554482,15.624546666953261,9.884280933037664,9.058806446501071,1.2112869754841082,0.3215893661116272,0.5529670803247111,5955.410887319503,1.9442718940337227,0.30815706103910806,1.107552405845959,0.5572792160758527
183.15393432659587,143.050540094054,162.41664853616314,340.5928233550362,84.97878152459174,189.63947734965998,31.756287130319865,15.974450126188495,23.29523231110643,33.225482943355246,84.97954448033383,189.08831990447285,159.31704960266964,82.48948322715253,132.76223774784378,34.20847113468197,12.658878764232496,11.484603867628055,1.1742748966044405,3.3403106899910626,1.043674622052862,0.3132413504357413,0.08280535550102312,22.80872760493263,9.106984036049113,7.597257126452478,6.104486442431035,1.755467175883808,165.7779326176452,0.32287572357607375,44.810702239970134,44.941720632594,1.67123745819398,$R_{a}^{syst}$,[mmHg*s/ml],8.566014750193556,14.310269607649877,10.69633165784971,10.592512548091957,10.633660033532593,2.3160410150451436,5.240415152302942,13.71796487389379,11.562719850797897,12.393731902473744,15.634798171094731,9.871905593239171,9.064397655360235,1.2092859191763468,0.3215893661116272,0.5529670803247111,5948.514706721422,1.9508155994172647,0.3083984977575947,1.1112800206219215,0.557715836495182
183.7638391417162,143.6828444767553,163.03880271124146,341.0981017488865,84.8803143612806,189.74727984030093,31.74117470802515,15.977228983151596,23.288902818300553,33.20608243839824,84.88117039017659,188.97315620825182,159.38241214268072,82.53987690377407,132.75184563247288,34.17500467578847,12.673657811921672,11.500774800883553,1.1728830110381177,3.342314887541802,1.0482439746059848,0.3127379559647997,0.08274294283118307,22.892782543041534,9.140042135902304,7.624782364832406,6.127958042306818,1.755467175883808,166.1404356937995,0.32244693775459154,44.73334976539286,44.91705176191057,1.6809364548494983,$R_{a}^{syst}$,[mmHg*s/ml],8.58011200779051,14.318874610947145,10.682081167408471,10.578421378180844,10.61949661222771,2.315337512400852,5.236208519284138,13.726311862082058,11.56897077153508,12.400026876617293,15.64494853414732,9.859515565241187,9.069935012450003,1.2072878300620127,0.3215893661116272,0.5529670803247111,5941.6220052896415,1.9573494389599824,0.3086395391987657,1.1150020153322062,0.5581517420847686
184.372159320968,144.31363960032846,163.6593153093893,341.6029688907005,84.7823890912052,189.8551581833869,31.726155182001833,15.980039598479559,23.282625825583498,33.18680144938263,84.78318867293461,188.85854683739947,159.4477585938302,82.59010669979291,132.7418205413686,34.14171767103085,12.722842779624923,11.551343546902741,1.1714992327221816,3.344317230102478,1.0667980328661157,0.31223748185010824,0.08268090543533142,22.97658862072439,9.172999377458696,7.652222869825185,6.15136637344051,1.7787850873181272,168.7138142659031,0.32201815193310934,44.6563527177446,44.892428800656795,1.6906354515050168,$R_{a}^{syst}$,[mmHg*s/ml],8.594190396649815,14.327466588120357,10.667896389523712,10.56439466838929,10.605399081736422,2.314640490880909,5.2320333979916285,13.734651074837043,11.57521547694343,12.406317310942512,15.655089353302833,9.847213276155555,9.075462925225283,1.2053000883875982,0.3215893661116272,0.5529670803247111,5934.767236384364,1.9899629637047396,0.30888036754130227,1.118720287173649,0.5585872623012618
184.9781864284849,144.94200538941078,164.2775737229518,342.104970851045,84.68460674626164,189.96215779914237,31.711111970024124,15.982812760237914,23.276315530281746,33.16750646132188,84.68538191999487,188.74402314998636,159.51245855430608,82.64003430688376,132.73144554886446,34.108503767282514,12.73764349498296,11.567526910931125,1.1701165840518348,3.3462824170254497,1.071411449206715,0.3117375816500912,0.0826187533303295,23.060103304742018,9.205843225183749,7.679569801923927,6.174690277634344,1.778777407830306,169.07786099405584,0.3215893661116272,44.579724576409276,44.867848267014644,1.7003344481605351,$R_{a}^{syst}$,[mmHg*s/ml],8.608206826503572,14.33599089992634,10.65373823125045,10.550393585817034,10.591327979122363,2.313939475600585,5.227853445861636,13.742928515403067,11.581414419980739,12.412557696049953,15.665158392217496,9.834916383477827,9.08095327907597,1.2033159678297223,0.3215893661116272,0.5529670803247111,5927.922472238314,1.9965595577559874,0.309120856386718,1.1224336159021295,0.5590221685623623
185.5824346774646,145.56883517125013,164.89403442261442,342.6059656920506,84.58720234808187,190.06891271459205,31.69616208858292,15.985495970761885,23.2700534973977,33.148337767662554,84.58804504693303,188.63007690912897,159.5770121163134,82.68989245843484,132.7211884071027,34.07552120469811,12.752407806591805,11.583665462117876,1.168742344473928,3.3482329662180894,1.0760212866753565,0.31124062065552577,0.08255708035013605,23.143390161759406,9.23859944469555,7.706843907625561,6.197946809438292,1.7787697635816326,169.440842324439,0.3215893661116272,44.503438852779794,44.84334971017514,1.7100334448160535,$R_{a}^{syst}$,[mmHg*s/ml],8.622196669589446,14.344504372309418,10.639639112981833,10.53645043976072,10.577315744321782,2.313243852013882,5.22368867923349,13.751190428252345,11.587603696283297,12.418787732118336,15.675204931296987,9.8226497380848,9.086432835131632,1.2013436716578785,0.3215893661116272,0.5529670803247111,5921.104164365731,2.00314985743563,0.30936103680922883,1.1261434157741685,0.559456517063488
186.18472854710987,146.19343561926516,165.5085371627484,343.1050575011571,84.4901344858816,190.17517557515154,31.681237446870195,15.988159331114952,23.263797703341677,33.129185602051585,84.49094310674985,188.5164280738115,159.64114476931974,82.73945375239005,132.71108767241637,34.04261664097548,12.767106690312584,11.599734589279699,1.1673721010328857,3.350161896423388,1.080624521982994,0.3107452346398927,0.08249545683689014,23.226364669736675,9.271227660688327,7.7340102390427035,6.221126770005646,1.7787621577053736,169.8025277340163,0.321160580290145,44.42753068604037,44.818875452949044,1.719732441471572,$R_{a}^{syst}$,[mmHg*s/ml],8.636138980131314,14.352974690323244,10.625583493841493,10.522549444559264,10.563347100607233,2.3125501179695576,5.219550494818595,13.759413585147495,11.59375566676923,12.424986063820784,15.685205506537246,9.810467697225075,9.091885404492901,1.1993766191229431,0.3215893661116272,0.5529670803247111,5914.309414011712,2.0097320091541637,0.30960095937200055,1.1298486424664802,0.559890399244378
186.78517357893853,146.8165933413109,166.12116595490266,343.6023177688649,84.3931999578903,190.2807613724482,31.6662140508315,15.990780769894869,23.257461851428644,33.10994307633456,84.39366508721668,188.40240521368906,159.70482594309266,82.7887169741311,132.70043989897,34.009668919652334,12.782410104442796,11.61570767423727,1.1667024302055269,3.352059996172613,1.0852195462002605,0.31024840468401477,0.0827200628792076,23.30913213343416,9.30377905571658,7.761115074270731,6.244238003446846,1.7787545829211562,170.16279902778896,0.321160580290145,44.351935187342626,44.7943671374556,1.7294314381270903,$R_{a}^{syst}$,[mmHg*s/ml],8.650004138852292,14.361379593364093,10.611529501252418,10.508651004949096,10.549382417850195,2.3118474046913473,5.215387750724067,13.76757067079948,11.59985962555483,12.431130449809764,15.69513391089482,9.798231770483467,9.097299583296136,1.1974090888038853,0.32116058029014505,0.5548901084227725,5907.523997052322,2.0163093603832434,0.31091872094951,1.1335511822389592,0.5603248575348906
187.38383874887947,147.43745226600265,166.7319524564473,344.09845046796863,84.29681120182103,190.3863269581122,31.65140346838244,15.99346440140661,23.251257768030925,33.09094988528161,84.29727138781574,188.28956979039214,159.7687877446515,82.83804558331907,132.6904950382679,33.97704492074483,12.797000972438092,11.631657390288343,1.1653435821497486,3.3539532225575934,1.089809944226286,0.3097573188063821,0.0826587714983938,23.39161897488502,9.336217030739494,7.788123660323233,6.267278283822295,1.778750902687987,170.52213084738844,0.32073179446866285,44.276714903149305,44.77001646010303,1.7391304347826086,$R_{a}^{syst}$,[mmHg*s/ml],8.663806305899096,14.369797779206817,10.597575602303712,10.494849594309592,10.535515210199295,2.3111588362980244,5.211272209140506,13.77574290910365,11.605976420826742,12.437292925588006,15.705073757436244,9.786122608814322,9.102721631126533,1.1954582803732396,0.3207317944686629,0.5548899380270382,5900.776784127472,2.0228775966285273,0.31115886727607966,1.1372461391708217,0.5607578115084109
187.98055045091485,148.05668187331443,167.34078119639756,344.592993829787,84.20072068850396,190.49143177833557,31.636629658151442,15.996142514819587,23.245059784103148,33.072021915486815,84.20119520681021,188.1770968066799,159.83231139749068,82.88709262664817,132.68055332731907,33.94459696686383,12.81152091144751,11.647531260320575,1.1639896511269339,3.3558251096520113,1.0943908498278976,0.3092681026905357,0.08259760914968135,23.473837038313203,9.368549074756112,7.8150435477520155,6.290244415805072,1.778750902687987,170.88014127042237,0.32073179446866285,44.201841469953216,44.74571913143748,1.7488294314381272,$R_{a}^{syst}$,[mmHg*s/ml],8.67757104368586,14.378174902995992,10.58366212471107,10.481087834512364,10.521688661876317,2.310472473111258,5.207171084775582,13.783875112924559,11.612061145389788,12.443421981133756,15.714967638503268,9.77404995458674,9.108114470673012,1.1935137271786889,0.3207317944686629,0.5548897651905138,5894.050448195278,2.0294379890474366,0.31139858893429817,1.1409343410483277,0.5611900028961315
188.5752861783071,148.67362454477427,167.94763271264844,345.085700183597,84.10494760145161,190.59606695559688,31.621907604105417,15.998819837039553,23.23888307479874,33.05315950555807,84.1054908868624,188.06503969366688,159.89546453123535,82.93589900538335,132.67057903521697,33.912249578865634,12.82597685302227,11.663335168101414,1.162641684920857,3.3576756859032035,1.0989646263331434,0.3087810654039045,0.08253669269400488,23.55578252742403,9.400773489110485,7.841873427123428,6.313135611190116,1.778750902687987,171.23684777892888,0.32030300864718064,44.127325891276406,44.72149157751974,1.7585284280936455,$R_{a}^{syst}$,[mmHg*s/ml],8.69128756201295,14.386513634427542,10.569789097150766,10.467365426353965,10.507902453765185,2.309787458457471,5.203080900865827,13.79197434923145,11.618117482850707,12.449523242150768,15.724818074760027,9.762015816409352,9.113482271724255,1.191574840966421,0.3207317944686629,0.5548895951164129,5887.346332101613,2.035990184434446,0.3116379027003609,1.1446179346178982,0.5616214566700983
189.16826866573203,149.2891152972795,168.55271949295042,345.5770456570245,84.00949381516251,190.700359095393,31.60721993611736,16.001500225577228,23.232719708862174,33.034346434979994,84.01004235170694,187.9532659416778,159.95837623007446,82.98458446610634,132.6606548612972,33.88003378683644,12.840382095365717,11.67908414714341,1.161297948222307,3.3595087928199248,1.103533543417234,0.30829558174427046,0.08247594192333395,23.637491670039207,9.432904901438269,7.8686267147754,6.335960053825541,1.778750902687987,171.59243496476046,0.32030300864718064,44.0531387636973,44.69730383816549,1.7682274247491638,$R_{a}^{syst}$,[mmHg*s/ml],8.704973377550198,14.394824697112357,10.555972027400138,10.453697673461493,10.494171698000036,2.309104266246334,5.199003599061622,13.800044600203517,11.624157517099434,12.455606807212444,15.734638592903206,9.750022885331047,9.118836206068268,1.189643261539967,0.3207317944686629,0.5548894257169971,5880.664567061376,2.0425362321822544,0.31187708314996737,1.1482980720322582,0.5620526697674537
189.75920484064127,149.9023038735275,169.15576913200252,346.0663637748644,83.9142806692029,190.80405076595164,31.592570354895336,16.00416899944587,23.226562925147835,33.015591244525346,83.91490873181314,187.8418689398226,160.02109391884858,83.03304871180035,132.6506998913036,33.84799196653407,12.854705411572535,11.69474617896168,1.1599592326108563,3.3613158582602938,1.108093157577788,0.30781199253171476,0.08241533779790168,23.718916024007218,9.46492347559249,7.895285388768243,6.358707159646487,1.778750902687987,171.94656501590921,0.3198742228256985,43.979297259331105,44.67316536266805,1.7779264214046824,$R_{a}^{syst}$,[mmHg*s/ml],8.718614117710617,14.403098676948488,10.542190614369433,10.440064809818141,10.480476775071763,2.308422891097313,5.1949407061123845,13.808076251958662,11.630164717853063,12.461656043541192,15.744407151183301,9.738065913972912,9.124162165001874,1.1877208110577344,0.3207317944686629,0.5548892550988213,5873.999646844202,2.049073931691519,0.31211587142291836,1.1519735161314768,0.562483177597903
190.34837197288167,150.51396230561255,169.75703041040822,346.5543904514596,83.81946344300007,190.90748577288784,31.57793836836521,16.006827380381974,23.22041128673675,32.99687479416027,83.81997042945414,187.73063287237977,160.08356570969326,83.08129876081195,132.6406640258876,33.81604075911069,12.904796660099812,11.74617317295339,1.1586234871464227,3.363109175743224,1.127205122205308,0.3073294819144086,0.08235486245405595,23.800120908717346,9.496857910468298,7.921875419186809,6.381387579062242,1.8020214479189303,174.55377906676364,0.31944543700421635,43.90580238572493,44.64906400567849,1.7876254180602007,$R_{a}^{syst}$,[mmHg*s/ml],8.73217752668471,14.411338287041248,10.528457288586107,10.426478790949172,10.466829469255325,2.307741221089159,5.190881033120772,13.816078170668263,11.636146858117907,12.467683243328974,15.754143629550343,9.726126820228815,9.129468889717364,1.1858028868021286,0.3207317944686629,0.554889090537408,5867.362441010006,2.0824969750070736,0.31235467760357594,1.155644943855719,0.5629137118213329
190.9355607624913,151.12341698638258,170.35632137848762,347.0404912453843,83.72484571804047,191.01029355342573,31.563362052974636,16.009370965855478,23.214277849552193,32.978237760803104,83.7254140811288,187.6198892103004,160.14563813447566,83.12937600886423,132.63074507891335,33.78425836863356,12.919131911044605,11.76183786059827,1.1572940504463363,3.3648761384018613,1.1318059187519076,0.30684939954539875,0.08229452340026637,23.881014631760817,9.528665180253581,7.948357781536075,6.403991669971155,1.802014195830224,174.90929340759257,0.3190166511827342,43.83263548810921,44.62502053142255,1.797324414715719,$R_{a}^{syst}$,[mmHg*s/ml],8.745667963565982,14.41953580274088,10.514764814915932,10.412932759751346,10.453223220023817,2.307062827230509,5.186846725382355,13.824039512895704,11.64209770848094,12.473678868636492,15.763831921272176,9.714265711848958,9.134749998681837,1.1838943367843109,0.3207317944686629,0.5548889162883123,5860.739200262833,2.0890966344283664,0.3125928133101651,1.1593119739358533,0.5633430478322013
191.52116100813427,151.73146133612704,170.95398759689564,347.52564858225657,83.63071487118218,191.11309288482437,31.548852723753722,16.01194155350482,23.208180933685924,32.95967930953262,83.6312086311072,187.50952410017183,160.2076005572109,83.17731197388015,132.62097548540476,33.75262304291432,12.933458299963139,11.777487614537279,1.1559706854258593,3.366637397902693,1.1364063478441686,0.3063713480904011,0.0822346215949076,23.961728900523013,9.560406405192477,7.974786570148116,6.426535925182423,1.8020069894008954,175.26405763624226,0.3190166511827342,43.759804003372395,44.601045750843845,1.8070234113712376,$R_{a}^{syst}$,[mmHg*s/ml],8.759142715084662,14.427724374430175,10.501130948511195,10.399444169539155,10.439675139856224,2.3063875754529617,5.1828157998254945,13.831990524836076,11.648041579615768,12.47966833593338,15.77350638320988,9.702417917434117,9.140022547517713,1.1819942396889787,0.3207317944686629,0.5548887541784161,5854.150040982752,2.0956900572499526,0.31283096800927374,1.1629755431451998,0.5637724060067861
192.10461584676383,152.33718406785385,171.54953448052007,348.0086133597814,83.5367154174554,191.21507161989308,31.53436039896839,16.01448535163194,23.202074616520854,32.94115514948043,83.53728486112672,187.39946808812945,160.26900717549023,83.22493452661382,132.61111596345955,33.721108613192214,12.947675379976179,11.793024296115007,1.1546510838611717,3.368365486163444,1.1409939838020067,0.3058948520044525,0.08217469428057668,24.0421236867151,9.592018379701893,8.001106326373156,6.448998980640049,1.8019998060375124,175.61711897261765,0.318587865361252,43.68730702541789,44.57711951553734,1.8167224080267559,$R_{a}^{syst}$,[mmHg*s/ml],8.772554688998907,14.43585737442814,10.487520658193686,10.38597857951825,10.426151089998966,2.305712536217838,5.178801305607721,13.83988874117636,11.653942881662475,12.485613918866223,15.78311969033621,9.690621131964873,9.145259788045028,1.1801004127364592,0.3207317944686629,0.55488858585791,5847.570079221878,2.1022746476805048,0.3130685123501598,1.1666342252851172,0.5642006707817325
192.68662573360515,152.9416352458837,172.14359160311878,348.49067523816865,83.44317480553933,191.31707576125302,31.51995092232334,16.0170658720628,23.19601788730621,32.922732849169314,83.4437138369812,187.28986274472118,160.3306251904105,83.27254436953557,132.60140865849533,33.68972134121392,12.961889988972834,11.808551546854616,1.1533384421182167,3.370089659960649,1.1455817005493576,0.30542074714688855,0.08211520493368736,24.12233700659449,9.6235609911936,8.027369815594943,6.471406199805944,1.801992661978851,175.96947725067886,0.318587865361252,43.61512137561056,44.55324629647265,1.8264214046822742,$R_{a}^{syst}$,[mmHg*s/ml],8.78595292511597,14.443986605917969,10.473981718720442,10.372582713585276,10.412697374736092,2.3050423193334195,5.174802455937275,13.847786180347994,11.659846195977355,12.491561592316138,15.792725165805928,9.678858565327614,9.150496194720127,1.17821367855951,0.3203030086471807,0.5548884202007696,5841.022236387753,2.1088540514040606,0.3133060616301231,1.1702900327508718,0.564628942007409
193.26635079965638,153.54362038095547,172.73540029339335,348.9703588239312,83.34975982794879,191.418181938777,31.505528546119656,16.019603755553753,23.189930335201,32.90431459471991,83.35037389444821,187.18044579020682,160.39159289388684,83.3197596967924,132.59152865008306,33.658482964907975,12.975983648576769,11.82395571571818,1.1520279328585887,3.3717781766044803,1.1501550411671377,0.30494764270170144,0.08205558203756226,24.20222590659766,9.654974017071424,8.053524080576983,6.493727808949252,1.8019855795869246,176.32002967506122,0.31815907953976985,43.543282557457,44.52942375608396,1.8361204013377928,$R_{a}^{syst}$,[mmHg*s/ml],8.799281539810169,14.452042954035658,10.460458078454486,10.35920179274342,10.399259550837563,2.3043698113793423,5.170809088580367,13.855611518793733,11.66569343363738,12.497450964054893,15.80225424816011,9.667131921304222,9.155685930638683,1.1763346939744628,0.3203030086471807,0.5548882538100023,5834.483187956415,2.1154233682139263,0.31354297851291707,1.1739402313634786,0.565056074552042
193.84466894767223,154.1443659111241,173.32575350294536,349.4492954475061,83.25682132059183,191.51935739543245,31.491192552070224,16.022180606404245,23.183897319699575,32.88599993611517,83.25739344598627,187.0715531651002,160.45262677536115,83.36702581865163,132.58188648174627,33.627406666139805,12.990069323571825,11.839344740935932,1.1507245826358934,3.3734645394682237,1.1547243796114235,0.3044769995524183,0.08199640802314813,24.2819268826681,9.686313879232399,8.079618200860251,6.515994802575445,1.8019855795869246,176.66992480182344,0.31773029371828765,43.47175264831868,44.50564077612985,1.845819397993311,$R_{a}^{syst}$,[mmHg*s/ml],8.812562686239247,14.460109004748343,10.447001316115331,10.345886461968295,10.385888159410003,2.3037028204442445,5.166836013026992,13.863443196201686,11.67154784701489,12.503347507267177,15.811784357603043,9.655453837522098,9.16087999879559,1.174464642171421,0.3203030086471807,0.554888088004003,5827.977492441428,2.121987387934637,0.3137798894009048,1.177582890769341,0.5654831959532732
194.4210151481543,154.7429168118634,173.91414476146647,349.92632305824577,83.16408196827406,191.61990477423683,31.476893806175195,16.024740582365695,23.1778692109965,32.86774341378553,83.16477342277857,186.9630568993169,160.5131908795692,83.4139551659773,132.57220485648605,33.59643551960324,13.004070572767798,11.8546443838151,1.149426188952698,3.3751246812646283,1.159283604839071,0.30400825217703126,0.08193735308829309,24.36133943030427,9.71753801134546,8.105614742173765,6.53818667678505,1.8019855795869246,177.01835620510556,0.31773029371828765,43.40054446131602,44.48192857028667,1.8555183946488294,$R_{a}^{syst}$,[mmHg*s/ml],8.825767425702688,14.468124674214362,10.433575129469121,10.332601058507823,10.372547669593706,2.3030376151070606,5.162877035043064,13.871229475403366,11.677362678962758,12.509207570300774,15.821261078216596,9.643823998420967,9.16604196375206,1.1726006762791756,0.3203030086471807,0.5548879200068324,5821.485737779184,2.128543380935,0.31401615582060705,1.1812210957997418,0.5659091584057921
194.99551557346237,155.3399210160122,174.50069439652026,350.40167896447673,83.07162423619933,191.71998337720697,31.46264821150166,16.027301649819584,23.171866136842315,32.8495454833307,83.07244974554347,186.85497207853209,160.57348656042606,83.46082476967742,132.56262258659112,33.56569871923406,13.018008101056425,11.869874499271706,1.1481336017847188,3.3767634389368535,1.163835951010995,0.3035415627794411,0.08187860054768036,24.440511455238713,9.748669066445293,8.131533883165556,6.560308505627869,1.8019855795869246,177.36557895032982,0.3173015078968055,43.329663800750915,44.45824952981688,1.865217391304348,$R_{a}^{syst}$,[mmHg*s/ml],8.838937304022657,14.476111392688669,10.420197291844875,10.319363017814446,10.359255178322506,2.3023750094683435,5.1589296684891695,13.878988784524378,11.683153756247261,12.515046881733884,15.830704172103095,9.632227572537756,9.171188446135918,1.170748818977394,0.3203030086471807,0.5548877580508933,5815.0136965339525,2.1350922241031722,0.31425236926247135,1.1848553330779743,0.5663350194755039
195.56861089749088,155.93527714200823,175.08581758159673,350.8759240870333,82.97943790003312,191.81982556005465,31.448295171194495,16.02981505557012,23.165786500773937,32.83124020070246,82.97979430724725,186.7463534989781,160.63344478719617,83.50736219813622,132.55250418640264,33.53479648123995,13.031899875929613,11.885065259746973,1.1468346161826388,3.3783892559248265,1.168385239907277,0.30307283311327726,0.08181928728616943,24.519512012054903,9.779733612370467,8.157400381183466,6.582378018500973,1.8019855795869246,177.71189076954883,0.3173015078968055,43.25905190339882,44.434492429166134,1.8749163879598663,$R_{a}^{syst}$,[mmHg*s/ml],8.85207276772769,14.48405226157673,10.40682558177041,10.306131873906223,10.345971117558577,2.3017039408566173,5.154965707876827,13.886702305635323,11.688918291894634,12.520850602234942,15.840098306241298,9.620606136549021,9.17630842481757,1.1688880552541718,0.3203030086471807,0.5548875928253879,5808.560653002319,2.141637678766174,0.31448924667250455,1.1884876899276349,0.5667620807147297
196.13993479055537,156.52896928517595,175.6691206653375,351.34938611897917,82.88779259981602,191.9196684286775,31.434219171697837,16.032307654192675,23.159877430176888,32.81325828078259,82.88833988991504,186.63930163645645,160.69382450987723,83.55397903493866,132.54324809644103,33.50431625856741,13.045798413011065,11.900241458201705,1.1455569548093594,3.3800121488042185,1.1729315333915964,0.3026114320753785,0.08176131378208465,24.59822334261906,9.810681264912695,8.18316560859859,6.604376469107774,1.8019855795869246,178.0573016734875,0.31687272207532335,43.18879522794681,44.410978375480795,1.8846153846153846,$R_{a}^{syst}$,[mmHg*s/ml],8.865195904149092,14.492014291900682,10.393547871262497,10.292992107827727,10.332778810551494,2.3010510935943693,5.151059523254734,13.894440364337644,11.694694951161035,12.52667604898895,15.849509901597244,9.609116356153423,9.181435991815263,1.167050929838739,0.3203030086471807,0.5548874276446342,5802.1454819871215,2.1481728019124824,0.31472463066293466,1.1921143133703187,0.5671864507705036
196.7093589584286,157.1205240236738,176.25054240628066,351.8205837996222,82.79629326070871,192.01885067935365,31.42009580771123,16.03476310872106,23.153921592970306,32.79524606843397,82.79692206789282,186.5321869076794,160.75362074369636,83.60033647743874,132.53382381433934,33.47392586836043,13.096909893712912,11.952631485150178,1.1442784085627342,3.3816071143230424,1.192633326794916,0.30214992443761096,0.08170308717325665,24.676697846797918,9.841536930488912,8.208856002228073,6.626304914080926,1.8251950438409816,180.69906773228172,0.3164439362538412,43.11883597249922,44.387471910610046,1.8943143812709031,$R_{a}^{syst}$,[mmHg*s/ml],8.878264029315167,14.49991826808543,10.380305143403932,10.279886556122555,10.319621171837802,2.3003942228724257,5.147149901389716,13.902121426993197,11.700433133124166,12.532456955005072,15.858860662405805,9.597635937008212,9.186530516473868,1.1652186909690319,0.3203030086471807,0.5548872639344494,5795.740528249609,2.182453593221825,0.314959868435963,1.195737190162987,0.5676105560663404
197.2768785386015,157.71049386568032,176.83005809673705,352.2903087935122,82.70507004756669,192.11753724350012,31.405997158811225,16.037218863632592,23.14796885578164,32.77726497605846,82.70570451590784,186.42531528974737,160.8129968400159,83.64640286428885,132.52427823533762,33.44361020369465,13.110777490899634,11.967774082598561,1.143003408301073,3.3831812342946805,1.1972147342413202,0.30168978244131195,0.08164493638026239,24.75491317804007,9.872290365606395,8.234461351574579,6.648161460859095,1.8251882229606726,181.04546742185093,0.316015150432359,43.04920375006777,44.36398800633077,1.9040133779264214,$R_{a}^{syst}$,[mmHg*s/ml],8.89125526627198,14.507787039779302,10.367099236217031,10.266816675136095,10.30649982999291,2.299737437273609,5.143248721086354,13.909762974674672,11.706138658866541,12.538205367803002,15.868163265917723,9.586184811388438,9.191597206821019,1.163390285712378,0.3203030086471807,0.5548870991704008,5789.354903329669,2.1890491999792165,0.31519496905039296,1.1993553171345352,0.568034415508369
197.84247518685163,158.29822906953734,177.40766042305202,352.757985426655,82.61409780676831,192.2156788828213,31.391897978140793,16.039659323165967,23.142001931890555,32.75928371560008,82.61461919615594,186.31858559827907,160.87191865089747,83.69224860076062,132.51458915168655,33.41337425541294,13.124567950167526,11.982837562956558,1.1417303872109685,3.3847319255526824,1.2017874089825034,0.3012303903961605,0.08158684017740396,24.832877672031817,9.902945932965544,8.25998586134788,6.669945877718392,1.8251814338319892,181.3905455629343,0.316015150432359,42.9798954418966,44.34051435656616,1.9137123745819398,$R_{a}^{syst}$,[mmHg*s/ml],8.904173472752388,14.515606721633974,10.353927212175705,10.253779700959893,10.293411998887407,2.299080091126227,5.139349802309648,13.91736179690505,11.711808219172045,12.543918737062484,15.877416902294987,9.574753363436518,9.196636961898289,1.1615662072645268,0.31987422282569855,0.5548869394768415,5782.986846473782,2.1956367058223027,0.3154301509399446,1.2029690118053298,0.5684584164791091
198.40643978291715,158.8846451739263,177.98361416717728,353.22451319325904,82.52340853118197,192.31350861782093,31.377850385102793,16.04210354024187,23.13605920279308,32.741381692164985,82.52390173649447,186.2122453702329,160.93071209689074,83.73797601429081,132.50505769004312,33.38333391025862,13.138313017109073,11.997850089639709,1.1404629274693645,3.386267770040675,1.2063542176177438,0.30077307557794825,0.08152892745837882,24.910607420196865,9.933507847975742,8.285432147087832,6.691667425133293,1.8251746724994888,181.7345254354824,0.31558636461087686,42.91087460485075,44.317118658022686,1.9234113712374583,$R_{a}^{syst}$,[mmHg*s/ml],8.91705872666463,14.523404210565502,10.340805226372645,10.240791986432635,10.280374171587267,2.298425346653146,5.135471003226383,13.92493856039024,11.71746043761608,12.549615920554261,15.886639980095866,9.563369275022886,9.201662257262862,1.159752736785509,0.31987422282569855,0.5548867769895698,5776.638597182738,2.2022178757535555,0.3156647592916862,1.206579243584245,0.5688813869457547
198.96843484468235,159.46878803255737,178.55760950092306,353.6888848016265,82.43292307635505,192.41071028688606,31.363845240135078,16.044532087895973,23.130125160277302,32.723550488532986,82.43355122899155,186.10632349180747,160.98922851872805,83.78337281986047,132.49546038416685,33.35339651617847,13.151974127317121,12.012773326621952,1.1392008006951702,3.387778170902047,1.2109101732532181,0.3003177849701745,0.08147115840184592,24.988053049648403,9.963956193209576,8.310782490931343,6.713314365507485,1.8251679379848462,182.07703831208522,0.31558636461087686,42.842169728206315,44.293793828354424,1.9331103678929766,$R_{a}^{syst}$,[mmHg*s/ml],8.929895414079287,14.53115572134865,10.327709693422603,10.227830072415195,10.267362989272645,2.2977722784660344,5.1316040455922565,13.93246893280728,11.723076207414303,12.555275846581118,15.895812182491783,9.552034017532506,9.206654777992958,1.1579452901181386,0.31987422282569855,0.5548866139007336,5770.304615344854,2.2087902687065086,0.3158987163093519,1.2101846754689416,0.5693031844625911
199.52919466945204,160.05188650345826,179.13031009875837,354.1530430489415,82.34293713740823,192.5081081699983,31.34995129987565,16.047007385130115,23.124263225664745,32.705855003703476,82.34364487137806,186.00098443143384,161.04790640905478,83.82887184621713,132.48621901892113,33.323652343698356,13.16565641554609,12.027709001851559,1.1379474136945311,3.389291457421601,1.215468299428626,0.2998654557338119,0.08141398072737961,25.065332100641935,9.994340189239058,8.33607951537822,6.734912396024658,1.8251612433338829,182.41907042972136,0.31515757878939465,42.773750113784075,44.270542504431035,1.942809364548495,$R_{a}^{syst}$,[mmHg*s/ml],8.942727755315381,14.538918658283247,10.31468169570639,10.214934635912503,10.254419095587712,2.2971263969588325,5.127758371361262,13.940012285398494,11.72870427844647,12.560950473076602,15.904995607397085,9.540749116673059,9.21165636422632,1.156148562891239,0.31987422282569855,0.554886452462265,5764.005599618576,2.2153578287511526,0.3161325904954785,1.2137874595148248,0.5697248312563138
200.08825893463222,160.63301865597202,179.7013051462683,354.6158293247267,82.25324224910332,192.6051498242706,31.33609127946843,16.049486740848366,23.11841295773472,32.688202701614124,82.25394458333088,185.89591472429584,161.10633878276033,83.87422071578263,132.47696419590784,33.29402274151557,13.179277866046696,12.042579978285254,1.1366978877614424,3.390788435896382,1.2200164333252668,0.299414547233969,0.08135695185604833,25.14238197690653,10.02463410459908,8.361301975953443,6.756445896354011,1.8251600646864674,182.75998768228357,0.31515757878939465,42.70562979450428,44.2473115696612,1.9525083612040135,$R_{a}^{syst}$,[mmHg*s/ml],8.955525626081728,14.546655070871198,10.301697223893761,10.202081757159688,10.241518363219937,2.296482396549603,5.1239244517891205,13.947532896989356,11.734314682957308,12.56660671457641,15.914149600648127,9.529500975673866,9.21664296531757,1.1543580985536908,0.31987422282569855,0.5548862901347698,5757.726957437233,2.2219183424866866,0.3163664334324088,1.2173827301379048,0.5701464228924638
200.6454893297576,161.2125311226673,180.27044702063472,355.07667415153537,82.16377511842856,192.70167097697703,31.32221301615743,16.051933883879872,23.112540574229943,32.670545086517265,82.16435539335431,185.7908669586913,161.16428569706363,83.919321842845,132.467462266968,33.2644532475791,13.1928219866775,12.057372827187423,1.1354491594900762,3.3922636512108304,1.224554571223082,0.29896406040871926,0.08129982556285643,25.219194468167643,10.054835376196621,8.386448463433394,6.777910628537622,1.8251600646864674,183.09958154226368,0.31515757878939465,42.637811442872774,44.224108934064404,1.9622073578595318,$R_{a}^{syst}$,[mmHg*s/ml],8.968256603176693,14.554344069504848,10.288745654172933,10.189260839495027,10.228650031265019,2.2958348638212556,5.120089014489679,13.955006364062726,11.739891291930713,12.572225802768632,15.923250369536792,9.518259888000015,9.221600308684584,1.1525702506424298,0.31987422282569855,0.5548861305365108,5751.46425829,2.2284708958217787,0.3166001310757911,1.2209728554435544,0.5705677501250127
201.20083534962384,161.7899506629024,180.83767317940598,355.53568567063326,82.07447913003313,192.7975522381071,31.30838393284698,16.054261221683724,23.106678620961276,32.652959545674335,82.07518744879582,185.68631133175333,161.22176658215196,83.9641230744403,132.4580254943995,33.235059723795366,13.206280499383984,12.072074020218894,1.1342064791650912,3.393712743642833,1.2290815735193195,0.2985158558801109,0.08124287548781237,25.295726508727967,10.084924685622145,8.411500106460744,6.799301716645083,1.8251600646864674,183.43771574405733,0.3147287929679125,42.570291052590875,44.20098975532858,1.9719063545150501,$R_{a}^{syst}$,[mmHg*s/ml],8.980899165409122,14.56198892504464,10.275824685153259,10.176470104393736,10.215812663851553,2.2951902319058006,5.116271115064236,13.962434192525956,11.745430783304819,12.577807583739473,15.932295607621324,9.507062483235389,9.226525128599716,1.1507927230340467,0.31987422282569855,0.5548859696131387,5745.2135391023185,2.2350152896301823,0.31683301691852006,1.224558510167776,0.5709876159590286
201.7546458555406,162.36597291817148,181.40334094545466,355.9934183961777,81.98552743266292,192.89321246365355,31.29457335872723,16.056604243782715,23.100822889253724,32.6353934350267,81.9861121549083,185.5818837500903,161.27935162252746,84.0088582671631,132.44863898039097,33.20574485275261,13.219703968196464,12.086737948813612,1.132966019382852,3.395150654187281,1.2336046095580901,0.29806844320728887,0.08118603621663467,25.37205285312616,10.114933132066813,8.436485630274145,6.8206340907852,1.8251600646864674,183.77493236819922,0.3147287929679125,42.50306497856231,44.17786396936948,1.9816053511705687,$R_{a}^{syst}$,[mmHg*s/ml],8.993514810810401,14.569613375795935,10.26295302450743,10.163727520643697,10.20302402968036,2.294547340465375,5.112462595289668,13.969844340084162,11.750958105148891,12.583377170786697,15.941320956017634,9.495908917503042,9.231441611315242,1.14901784278541,0.31987422282569855,0.5548858092687479,5738.986920286405,2.241553334143503,0.3170662286268912,1.2281406861313096,0.5714080687064867
202.3066580380239,162.9400791412083,181.96720793311695,356.4497270587341,81.89682711447006,192.98842224245638,31.28082832025026,16.05894299190421,23.094995291524604,32.617913728979815,81.89750255281672,185.47797368049024,161.33657431352964,84.05334161265468,132.43932611318462,33.17659538029643,13.23306668256601,12.101334111342618,1.131732571223392,3.3965691942483924,1.2381194688990131,0.2976235673483505,0.08112951038473573,25.448133070588415,10.144845121148611,8.461389814283997,6.841898135155815,1.8251600646864672,184.11092340624617,0.31430000714643036,42.43613485350999,44.15484002100204,1.991304347826087,$R_{a}^{syst}$,[mmHg*s/ml],9.006091515678012,14.577202920630652,10.250116506426552,10.151019488127714,10.190270641161037,2.293906811083323,5.108666321624335,13.977222171973597,11.756452624565524,12.588918734281844,15.95030412190481,9.484800905360178,9.23633153695517,1.1472493840901672,0.31987422282569855,0.5548856519817085,5732.777898012904,2.2480837157330638,0.3172987183301803,1.2317186636007444,0.5718272173680928
202.8569835582228,163.51256111902154,182.5293814290475,356.90434300368844,81.80836767775624,193.08321670098323,31.26709301843492,16.06128000177184,23.089166352640976,32.60046062488637,81.80904189802048,185.37420969554898,161.39351775256884,84.09772865445618,132.42996999467124,33.14754070128405,13.285127719634541,12.154626270309207,1.1305014493253343,3.397969980095722,1.2583821623063944,0.297179651557189,0.08107297011977611,25.523975000346066,10.174661794381656,8.486215100819832,6.8630981051445765,1.8483019706732162,186.7843739202704,0.31387122132494816,42.36948662630171,44.13183583216905,2.0010033444816053,$R_{a}^{syst}$,[mmHg*s/ml],9.01863153430842,14.58476141937426,10.237320627633759,10.138351225728174,10.17755756837579,2.293265966933215,5.104880433209768,13.984567381950713,11.761929797406205,12.59443899076962,15.959252674294326,9.473733621990636,9.241206397536022,1.1454863277177745,0.31944543700421635,0.5548854912541303,5726.585737442937,2.28319399619383,0.3175310657792297,1.2352927348566376,0.5722461134486657
203.40579198329505,164.0834345970122,183.09000471925106,357.35807604730155,81.72030305900101,193.1779044154141,31.253454245967696,16.063635658624058,23.083389046318892,32.58312406129868,81.72107497542089,185.27105965911161,161.45031042681842,84.14187337523906,132.42080132888535,33.118630540069105,13.29854328974302,12.169264514309013,1.129278775434006,3.3993638562148227,1.2629387918782726,0.29673869114950646,0.08101690862041461,25.59960698330606,10.204396392812425,8.510971204992378,6.884239385501257,1.8482955450589138,187.12191824258147,0.31344243550346595,42.30313156481284,44.1089262002296,2.0107023411371236,$R_{a}^{syst}$,[mmHg*s/ml],9.0311480978035,14.592308703022777,10.224570745031492,10.125728229565452,10.164890565205267,2.2926307843539058,5.101112983144637,13.991901937640844,11.767393139305012,12.59994878064669,15.968185493372,9.462714886316409,9.246065889452048,1.1437318264305008,0.31944543700421635,0.5548853330097605,5720.42121413007,2.289784927834664,0.317762897419716,1.2388629805206168,0.5726640776322817
203.95266538802997,164.65240259431224,183.64871518738016,357.80969544248603,81.63235972821303,193.271882947519,31.23977271201007,16.065962792002427,23.077567768150235,32.565756578610554,81.6331423344073,185.16783424161997,161.5065352263775,84.18581190791026,132.41130670351475,33.08979724495715,13.311857360668885,12.183802222358887,1.128055138309998,3.4007291481449053,1.2674831373668374,0.29629756363801346,0.0809606226668637,25.674999782100738,10.234038489713846,8.53565180776232,6.905309484624569,1.848289137854619,187.4579449715232,0.31344243550346595,42.23705925728444,44.086027505126324,2.020401337792642,$R_{a}^{syst}$,[mmHg*s/ml],9.04360691872396,14.59979786953346,10.21184925040689,10.113132829267343,10.15225140390556,2.291991596535483,5.097339569599306,13.999180677763496,11.772818207312737,12.605414176395042,15.97705357148803,9.451694317605032,9.250893584071331,1.1419807929170056,0.31944543700421635,0.5548851766331729,5714.265180974912,2.2963680775080633,0.31799461684293917,1.242429028270732,0.5730818378901499
204.49868690416812,165.22061782063815,184.2065224213972,358.2611086490873,81.54479309270866,193.36600812551117,31.22609438531099,16.068310439081756,23.071753081148678,32.548375874395475,81.54509694981962,185.06458455953344,161.5629841274107,84.22980540749508,132.40193088909163,33.060979164259244,13.325183997587095,12.198351987551716,1.1268320100353795,3.4020952748127877,1.272031549395227,0.29585660396329594,0.08090437572588274,25.750256027465568,10.263625165113547,8.560286818159716,6.926344044192307,1.8482827586991775,187.79366971134257,0.3130136496819838,42.17121400146973,44.063048121228924,2.0301003344481603,$R_{a}^{syst}$,[mmHg*s/ml],9.056010056110418,14.607287547372033,10.199153755994278,10.100564439312658,10.139641118561414,2.2913537358055915,5.093577749279462,14.00646175161803,11.778247619127686,12.61088603599806,15.985922354281314,9.44070527754089,9.255728836891944,1.1402309251587155,0.31944543700421635,0.5548850177479926,5708.135516489606,2.302951084784029,0.3182273135549831,1.245995004792907,0.5735013622218752
205.04249411459918,165.78640115770406,184.7621217202458,358.7106072529219,81.45749900605266,193.45953337726215,31.212552648432702,16.070661342506078,23.06600647948715,32.531178167189424,81.45790079152748,184.96228754192828,161.61917666682268,84.2734939266902,132.39277956425914,33.032444745989324,13.338433594072114,12.212812221953538,1.125621372118576,3.403438622605551,1.2765663456682452,0.2954201114837125,0.08084873897099315,25.825201305487965,10.293088807597481,8.584817508262518,6.9472949896279665,1.848276412612246,188.1277914295427,0.3130136496819838,42.10570427005206,44.04027538481981,2.039799331103679,$R_{a}^{syst}$,[mmHg*s/ml],9.068360742238088,14.614745013693295,10.186522177192135,10.088057498274352,10.127091917398301,2.2907227177364464,5.089843108316554,14.013710164672686,11.783646591745535,12.616328856526733,15.994752453440224,9.429792322417377,9.260533188060702,1.1384968357449872,0.31944543700421635,0.5548848609916308,5702.024930423686,2.3095208387820003,0.31845835713679005,1.2495538129591008,0.5739179053608984
205.5842052553608,166.35035306247832,185.31566077019477,359.157339227812,81.37026925016211,193.55217898711297,31.198952587428927,16.07296850042745,23.060200090396734,32.51392770024268,81.37062844365477,184.85990128893826,161.67465842308354,84.31684526365156,132.3832830765811,33.003933522754764,13.35155955163223,12.227150721986408,1.1244088296458217,3.4047479165848173,1.2810857102389264,0.2949831823162729,0.08079276469422368,25.89985738515807,10.32243683506651,8.60925233224013,6.968168217851439,1.8482700867605808,188.4601844543745,0.31258486386050166,42.04048214594364,44.017457477958665,2.0494983277591974,$R_{a}^{syst}$,[mmHg*s/ml],9.080653195565862,14.622129346854294,10.173908827835652,10.075567995646589,10.114560561199813,2.290087707131939,5.086109546195947,14.02088933257585,11.78899292228391,12.621715575690134,16.003500394502517,9.41889374592742,9.265296008658767,1.1367640532454675,0.31944543700421635,0.5548847003501347,5695.918847511348,2.3160816129903496,0.31868948977597744,1.2531077733610303,0.5743346132536776
206.1249634186676,166.91295642811943,185.86816429127956,359.60455538098046,81.28362639988495,193.6452722238241,31.185545727295654,16.075240702079984,23.054523956730325,32.49689839092681,81.28416170977296,184.75855910174133,161.73056153814443,84.36035882642335,132.3743669613688,32.97566635719299,13.364745964031943,12.24153538339889,1.1232105806330528,3.4060699918872186,1.2856110582749325,0.29455107788812346,0.08073777602775163,25.974382782234006,10.351735617988469,8.633645331411886,6.98900183283365,1.8482637995188502,188.7924312965997,0.31258486386050166,41.97552848382149,43.99480170497112,2.0591973244147157,$R_{a}^{syst}$,[mmHg*s/ml],9.092951670195408,14.629554577053435,10.16136862991264,10.063150846749378,10.102102373951427,2.2894644019724915,5.0824032924412545,14.028106755510406,11.794366739398761,12.627137519020453,16.012288660984087,9.408057968194669,9.27007961944886,1.1350453942013348,0.31944543700421635,0.5548845450332086,5689.853847991946,2.322637899640596,0.31891986778727877,1.2566593038532905,0.5747499558997307
206.66372649380787,167.4739159765106,186.41869706672395,360.04947280135593,81.19710245878416,193.73762534986972,31.172060133782487,16.077470360163357,23.04878043546269,32.47979086389744,81.19753340529557,184.6569519146177,161.7857627993908,84.40348697178561,132.36504449706266,32.947425135978335,13.3778147740154,12.255805846723225,1.1220089272921747,3.407362982414093,1.290119069099413,0.29411798391400984,0.08068239303402863,26.048653221704512,10.38093457475807,8.657956487137358,7.009762159809082,1.848263278032081,189.12311643771204,0.31215607803901946,41.91085872563512,43.972096670825565,2.068896321070234,$R_{a}^{syst}$,[mmHg*s/ml],9.105191672622192,14.636911856442387,10.148844544683595,10.050749206686458,10.0896600620033,2.2888346244546276,5.078689675140641,14.035257292414784,11.799690168328956,12.632504719720384,16.02100338094661,9.397219391640826,9.274821966679252,1.1333275315049902,0.31944543700421635,0.5548843911260596,5683.7971721148915,2.329185533852164,0.3191505550194399,1.2602022458251403,0.5751658545877798
207.20131269556543,168.0332694185512,186.96800566480553,360.4938442256451,81.11097539229272,193.83004704285207,31.158714009437826,16.07974671474461,23.04312490986716,32.46285326437809,81.11149006573238,184.55608967557382,161.84124375108226,84.44675769605789,132.35613277764529,32.91938899027486,13.3908915151718,12.270073742778834,1.1208177723929655,3.4086552701667707,1.2946267390929183,0.2936885195433501,0.08062764809606675,26.12274786988566,10.41006354691647,8.682208811675528,7.030475511293665,1.848263278032081,189.4532259809958,0.31215607803901946,41.846440544050765,43.94950619527976,2.0785953177257523,$R_{a}^{syst}$,[mmHg*s/ml],9.11742626806968,14.644283023476198,10.136386304948148,10.038412449747055,10.0772832859834,2.2882133116367114,5.075002684757617,14.042423794566549,11.805030164291452,12.637890143940659,16.029733405445715,9.386454430781036,9.2795762436545,1.1316212739103313,0.31944543700421635,0.5548842359566822,5677.76827746049,2.335728612123162,0.3193806574346098,1.2637423682464246,0.5755807008717088
207.73715136085573,168.59115042531803,187.5155606333587,360.93686855887097,81.02511894855412,193.92205452759345,31.14538941639331,16.08201124726442,23.037466755091028,32.44595508221361,81.02567311537781,184.45548319452573,161.89650955197266,84.48972259751088,132.34723356858973,32.89142422730546,13.403909222899312,12.284279281887038,1.1196299410122743,3.4099305568612595,1.2991260617920086,0.29326032524562995,0.08057298410895312,26.196595901631003,10.439094555824788,8.706379094819756,7.051122250986456,1.848263278032081,189.78215162606796,0.3117272922175373,41.78231256157868,43.926952840934845,2.0882943143812707,$R_{a}^{syst}$,[mmHg*s/ml],9.12957849502798,14.651614044552,10.123957308945611,10.02610427946121,10.064935737987483,2.28759325552686,5.071326522974345,14.049553402994174,11.810336991440861,12.643242953251258,16.038416949026953,9.37572204735779,9.284301700431206,1.129919479395795,0.3190166511827342,0.5548840795401597,5671.758326398789,2.3422631659025117,0.3196104789241406,1.2672778785046317,0.5759950424041834
208.27107630049565,169.14694823051522,188.0612244594582,361.3774843421936,80.93936926227143,194.0133388877364,31.13203113942018,16.084245444593297,23.031770301623745,32.429030507291785,80.93989575892276,184.35486395611503,161.95120303116428,84.5324212502397,132.33806080114766,32.863541147982716,13.416824754708035,12.29838285999627,1.1184418947117647,3.4111774135598276,1.3036123669264608,0.29283221404765886,0.08051814965631049,26.270198071190926,10.468029463936098,8.730470235727152,7.071698371527685,1.848263278032081,190.1095589788269,0.3117272922175373,41.71845591972728,43.90439938606133,2.0979933110367894,$R_{a}^{syst}$,[mmHg*s/ml],9.14166374672398,14.658890819152083,10.111553086779116,10.013820206540556,10.052612571859623,2.2869697741927757,5.06764989080096,14.056627790213488,11.815602585379024,12.648550727619748,16.04703550282256,9.364990014107851,9.288993512498294,1.1282216472451567,0.3190166511827342,0.5548839252796189,5665.755848359,2.3487897263296738,0.3198402565616136,1.2708090639719485,0.5764093029013926
208.80359252316367,169.70144804341538,188.6054500975947,361.8174337270078,80.8539679812668,194.10448962864305,31.11876578394062,16.086499805806987,23.0261278903833,32.412219199451314,80.85460611846342,184.2548232950204,162.00583095946348,84.5750601632337,132.32916614871496,32.83584666904708,13.429721859478189,12.312460027975854,1.1172618315023346,3.4124169286069734,1.308095277887277,0.29240692173738553,0.0804637414749456,26.343590710525998,10.496880941348286,8.754490821461184,7.092218947716528,1.848263278032081,190.43615637160374,0.3112985063960551,41.654867507678496,43.88194820224745,2.1076923076923078,$R_{a}^{syst}$,[mmHg*s/ml],9.153725502301736,14.666159022499784,10.099196592573442,10.00158329477973,10.040337320430762,2.2863519430036976,5.063993910256054,14.063693874947802,11.820862103310583,12.65385430277711,16.05564639923287,9.354329721849442,9.2936786299112,1.1265345032524474,0.3190166511827342,0.554883770885693,5659.777758688677,2.355309963460621,0.32006940174966436,1.2743368282295868,0.5768224239803893
209.33465898381482,170.25436785362064,189.14820215694948,362.25617577448486,80.76886291039565,194.19544498307613,31.10555413272532,16.088764911368923,23.020510777386995,32.39548332474471,80.76959156858847,184.1551475808939,162.06029764887992,84.61756502567961,132.32034972016282,32.80826166048736,13.442588325826826,12.32650140267096,1.1160869231558652,3.41364685081294,1.3125732315736292,0.2919834871443721,0.08040957104906904,26.41678284758848,10.525653164472045,8.778445449531404,7.1126842335850355,1.848263278032081,190.76183437851535,0.3112985063960551,41.591533167749915,43.85953508745053,2.117391304347826,$R_{a}^{syst}$,[mmHg*s/ml],9.16576306144934,14.673406288128863,10.086884831083811,9.98939035668829,10.028106550366257,2.285737060118986,5.060351946027794,14.070743361475838,11.826111643057073,12.659146258787688,16.064231352866077,9.343694391127704,9.298351878490633,1.1248538463700062,0.3190166511827342,0.5548836165361719,5653.8204037276955,2.3618239443353937,0.3202983769294936,1.2778612075494575,0.5772352388577215
209.8640138332248,170.80559893596583,189.68924041578606,362.6933262065909,80.68398855533158,194.28593399873444,31.092362245774705,16.09102378803818,23.01489598340681,32.378767340175635,80.68475611705404,184.05569235856487,162.1144142707815,84.65988612770933,132.3114879011763,32.78078034343548,13.49580504772619,12.380890021839084,1.1149150258871054,3.41485792639496,1.3334713507754,0.291561202252769,0.08035547493711133,26.489736222091036,10.55433088564908,8.802321307976923,7.133084028465037,1.8713186571754303,193.4699500411876,0.3104409347530908,41.52847655757578,43.83714248830156,2.1270903010033444,$R_{a}^{syst}$,[mmHg*s/ml],9.177761558154591,14.680623013040043,10.074605735856219,9.977229182756943,10.015908080792286,2.285122797886931,5.056719913903812,14.077759065533963,11.831328346382355,12.664410686661506,16.072780151402863,9.333103555690135,9.30300336108049,1.1231785121892808,0.3190166511827342,0.5548834614623789,5647.879198873211,2.3978729052110443,0.3205272348058985,1.281381391681519,0.5776478433167903
210.39148009886796,171.3550648665698,190.22841151100405,363.1285295541212,80.59924777752362,194.37573430403415,31.07909802982175,16.09323918622921,23.00921785223666,32.36197990689306,80.5998647531448,183.95602510396853,162.16802853446538,84.70181353177124,132.30221507382728,32.753264684332294,13.508633614588529,12.394893273311787,1.1137403412767415,3.416042187049206,1.3379794687685944,0.2911381320525235,0.08030103106810309,26.56245614512501,10.582917976919319,8.826123586822503,7.153414581383192,1.8713126307939223,193.79639770950814,0.3104409347530908,41.46569429878204,43.814745783722636,2.1367892976588627,$R_{a}^{syst}$,[mmHg*s/ml],9.189707976122047,14.687774069157642,10.062348184684126,9.965088622316326,10.003730368798891,2.2845022457849584,5.053078209281609,14.08471018925023,11.836495302046773,12.669621276412997,16.08125543332237,9.322496983811114,9.307613235648608,1.1215015843839944,0.3190166511827342,0.5548833095431845,5641.947344426653,2.404444247971646,0.32075606700473863,1.2848971403306018,0.5780603984445046
210.91776905987993,171.90310265120561,190.7663549927815,363.56304385402785,80.5149046788715,194.4656429476221,31.06599681674895,16.095449200848122,23.003644422982774,32.34539819313077,80.51566491014896,183.85722775901715,162.22201224187197,84.74391626724211,132.29341029605027,32.7260640517242,13.521475544502014,12.408897591186914,1.1125779533151006,3.417227304221168,1.3424871637409925,0.290719272150065,0.08024737553900027,26.635003162521343,10.611437236807387,8.84986756912994,7.1736983565840164,1.8713066374748604,194.1222654360884,0.3104409347530908,41.4031514556829,43.792493714569304,2.1464882943143815,$R_{a}^{syst}$,[mmHg*s/ml],9.201635975735382,14.694945094459577,10.050146420236919,9.953003689889293,9.991609099650884,2.283891823212466,5.049465537789858,14.091685860872389,11.841686442670246,12.67485619901591,16.08975128827289,9.311956412400958,9.31223869182137,1.1198417589611256,0.3190166511827342,0.5548831577001072,5636.043327521005,2.411010311821551,0.32098416472245717,1.2884100678844201,0.5784716300506937
211.4422918930449,172.44966886924198,191.30254760853853,363.99593501227025,80.43070424291014,194.55491532155625,31.052852051710943,16.09758222395654,22.998027821568286,32.328765503146066,80.43141585409303,183.75835223154274,162.27542594087382,84.7857397381418,132.28433150421162,32.698847650162705,13.53422786305703,12.422813554901175,1.111414308155854,3.418387685149897,1.346983678631069,0.2903001472578191,0.0801934739437476,26.707314036154983,10.639862972411052,8.873535114329888,7.193915949414046,1.8713006616210757,194.44677891578704,0.31001214893160867,41.34087494524411,43.770209559098724,2.1561872909699,$R_{a}^{syst}$,[mmHg*s/ml],9.21347124504862,14.702063068492189,10.037975699085383,9.940948610125416,9.979517896606778,2.2832780422636483,5.0458517570514045,14.098605399443604,11.846833633544293,12.68004642199729,16.098187851010742,9.30143773679624,9.316830804755565,1.1181810298152182,0.3190166511827342,0.5548830266545335,5630.14929700371,2.4175690210113667,0.3212124138795611,1.291919075642857,0.5788831131061896
211.96532181089827,172.9943621685982,191.83721728852746,364.4277265663766,80.34686388290011,194.64403632948256,31.03977248404419,16.09972619830524,22.992444455156317,32.31221007036744,80.34751764910881,183.65991670592334,162.32864779937736,84.82732288948881,132.2753927697828,32.67172280286934,13.546957365752132,12.43670068404305,1.1102566817090815,3.4195409357028748,1.3514756025260077,0.28988318523892165,0.08013985610623349,26.7794084544761,10.6682026748752,8.89713032194867,7.214075457652233,1.871294715162266,194.77042035517437,0.31001214893160867,41.27887265289414,43.7479876339928,2.165886287625418,$R_{a}^{syst}$,[mmHg*s/ml],9.225280679268206,14.709160896550594,10.025844801022192,9.92893258755413,9.967466377633565,2.28266795170395,5.042255942164579,14.105507878767884,11.851964895231394,12.68522283130394,16.1065987734587,9.290957594071038,9.321406564108162,1.1165263329569215,0.3190166511827342,0.5548830266545335,5624.2804718030075,2.4241197595345914,0.32144030881736746,1.2954238260243192,0.5792938211777274
212.48657672889684,173.53760973794277,192.37012992876444,364.8575116098215,80.26313736087013,194.7325172383547,31.026670241625208,16.10184182269525,22.986830502516945,32.295647695116585,80.26373965798875,183.56152995727103,162.3813462580415,84.86864723687765,132.2663322257948,32.64474420671364,13.559595732595184,12.450496089680046,1.1090996429151376,3.4206689698731374,1.3559554568260683,0.2894666053761954,0.08008609499581175,26.85126423276069,10.696448186793445,8.920647256507197,7.234168789460053,1.871288790101133,195.09265569203083,0.30958336311012646,41.2171210536077,43.72579574634855,2.1755852842809364,$R_{a}^{syst}$,[mmHg*s/ml],9.23703945283938,14.71621023271033,10.01373919733028,9.916941587767965,9.955440305808196,2.2820558438992244,5.03866268313212,14.112360558175325,11.85705891351274,12.69035819373343,16.114953439592366,9.2805033590756,9.325950713287357,1.114879158419451,0.31858786536125205,0.5548830266545335,5618.419615260909,2.4306632173481715,0.32166787467111296,1.2989246930810756,0.5797039361800145
213.0070750001929,174.07986532924753,192.9022378806463,365.2873534898875,80.17973608753407,194.82114150227142,31.013597967871746,16.103985780680723,22.981240141121095,32.27911879719119,80.18005989158182,183.46326540023352,162.4341859207232,84.91009439077796,132.25728620751616,32.617784247271736,13.572245379523043,12.464300239633575,1.1079451398894682,3.4217981008163116,1.360437768953434,0.28905088668212225,0.08003250351684861,26.92301800624409,10.724654488516649,8.944132015417438,7.2542315023099935,1.8712842220292318,195.41460500716587,0.30958336311012646,41.15556220914518,43.70360448816026,2.1852842809364548,$R_{a}^{syst}$,[mmHg*s/ml],9.248804180163013,14.723266957450642,10.001652596786732,9.904970901004411,9.943436127968242,2.2814449012031512,5.035073458854812,14.11922010866753,11.862163816058663,12.695503623307168,16.123318192512166,9.270062296578967,9.330504743825305,1.113233047080414,0.31858786536125205,0.5548830266545335,5612.581526127385,2.437206887209347,0.32189582659936644,1.3024247511510707,0.5801147469586895
213.5252893389979,174.61996952200695,193.4320879793575,365.71442625266104,80.09648851286609,194.90895530837759,31.000579115239702,16.106113263038765,22.97566264110077,32.26266760149413,80.09679701781752,183.36549831298973,162.48672967162014,84.95124896756755,132.24827688823686,32.59100502591555,13.584777285811485,12.47798049144548,1.1067967943660044,3.4228977485548815,1.364899199187184,0.28863745598272683,0.07997912709288471,26.994460443036765,10.752737422105133,8.967513695997626,7.274209324934005,1.8712842220292318,195.7347648285079,0.3091545772886443,41.094309076840744,43.68149829424231,2.194983277591973,$R_{a}^{syst}$,[mmHg*s/ml],9.260504677104981,14.73026988442031,9.989621326839654,9.893052914092097,9.931483954447623,2.280836374352877,5.031501368813405,14.126030479904694,11.867225716137098,12.700607464595167,16.131618551924806,9.259666023170988,9.335023314535663,1.1115969780262405,0.31858786536125205,0.5548830266545335,5606.754195900626,2.4437371533093684,0.3221229751714382,1.3059144754928598,0.5805241099436077
214.0422258804032,175.15862337410869,193.9606110476129,366.1412404265738,80.0136726610426,194.99683588074916,30.987657623941242,16.1082654762196,22.970142177700197,32.24633354835598,80.01402426296185,183.26831420203175,162.53922546164088,84.99224059738833,132.23955006783746,32.56436591762645,13.597316137858597,12.491659581797746,1.1056565560608507,3.423998073603384,1.3693594799729363,0.2882268589369655,0.07992621263248602,27.065715706294256,10.780746443860059,8.990832951082366,7.294136311351818,1.871284222029232,196.05431954015896,0.3091545772886443,41.033318463677624,43.659497066555545,2.204682274247492,$R_{a}^{syst}$,[mmHg*s/ml],9.272192508547983,14.737269554209655,9.977637602385087,9.881181765372167,9.919579272198218,2.280233720519483,5.027948615313789,14.132837061368777,11.872280576786544,12.70570870022543,16.13991521184943,9.249324513858557,9.33953336822963,1.1099692947333397,0.31858786536125205,0.5548830266545335,5600.957086272982,2.450260224533034,0.3223495176254898,1.309400354947661,0.5809323805937616
214.55768550938367,175.69573693488363,194.48759235408482,366.5664196191086,79.931031954159,195.0842748362223,30.974758500768807,16.11041687815734,22.964627080774317,32.23003285793341,79.93142663590444,183.17134090375865,162.59147677228833,85.03315329308525,132.2307710038789,32.53783809716403,13.609792244790187,12.505272932791387,1.1045193119988006,3.425080180592985,1.373811255501075,0.28781737940928454,0.07987339782600028,27.136764698385196,10.808674357059852,9.01408509509579,7.314005246229555,1.8712842220292318,196.3727463767189,0.3087257914671621,40.97256532914451,43.63751787890322,2.21438127090301,$R_{a}^{syst}$,[mmHg*s/ml],9.28380228178544,14.744241551164203,9.965690453121928,9.86934655332474,9.907710885361972,2.279631821617956,5.024403697980184,14.139616647683997,11.877318558160242,12.710791101118708,16.148179016489163,9.239010538096194,9.344029789442835,1.108347603878615,0.31858786536125205,0.5548830266545335,5595.17223679113,2.4567773188433253,0.3225759883869506,1.312883040385592,0.5813405220408451
215.07148568163186,176.2313151442043,195.0129099969673,366.98994877378817,79.84859200180915,195.17125352650152,30.961869141850173,16.112556306068747,22.959106296082055,32.2137534525204,79.84900511515936,183.07454631076436,162.64336508491803,85.07392072097805,132.2219343332135,32.51142491606572,13.622202133246851,12.518817662194525,1.103384471052327,3.4261440932204756,1.3782533304358355,0.28740885155023255,0.07982060822713624,27.207585680580934,10.836512197615248,9.037262176902663,7.333811306063026,1.8712842220292318,196.68996552311123,0.3087257914671621,40.91206597234199,43.61556902597356,2.2240802675585285,$R_{a}^{syst}$,[mmHg*s/ml],9.295359853885376,14.751177458988623,9.953772134244083,9.857539667908387,9.895871251683847,2.2790298625085645,5.020866314438204,14.14636018029559,11.882328981256594,12.715844994949647,16.156402053826042,9.228726544543761,9.3485043475243,1.1067319182367774,0.31858786536125205,0.5548830266545335,5589.40144012664,2.4632865851742856,0.3228022314181922,1.3163615426111395,0.5817482530767097
215.58366288200907,176.7650296910663,195.53659681490103,367.41212393754626,79.76637394491233,195.25783459128002,30.948991068281376,16.11467999655737,22.953579613980953,32.19750630001879,79.76678786566396,182.9779337770523,162.6948551169518,85.11433107177761,132.21294969498393,32.48504759940403,13.6345538560475,12.532301651836804,1.1022522042106964,3.4271921493033957,1.3826865709554674,0.28700134228514307,0.07976784641839205,27.27819134382591,10.864265627439188,9.060369254770622,7.3535564616160976,1.8712842220292318,197.00604452002432,0.30829700564567997,40.85181734801161,43.59366521367272,2.233779264214047,$R_{a}^{syst}$,[mmHg*s/ml],9.306880179187498,14.758070722089021,9.94188268992339,9.845761004271715,9.88406019380699,2.2784272032584463,5.017331681244987,14.153066812516473,11.887311546971905,12.720868419288179,16.164578733075412,9.21845180348913,9.35295084085959,1.1051187896466985,0.31858786536125205,0.5548830266545335,5583.646176143863,2.4697881422575283,0.3230281357010509,1.3198359250735707,0.58215537362646
216.0949155908718,177.29798810283455,196.05929856608972,367.83410063555584,79.6845972234402,195.34467398946103,30.936233956651414,16.116755441295332,22.948133478616498,32.18140829578161,79.68502017064039,182.88193168335053,162.74676568077595,85.15495203958788,132.20440860385824,32.45884179660015,13.646938153689458,12.545809404292593,1.101128749396865,3.4282468371767245,1.3871228393649802,0.28659680413091476,0.07971569562390843,27.348663438266545,10.891966822329183,9.083432708440313,7.37326390749705,1.871284222029232,197.32183257018784,0.30829700564567997,40.79179411246157,43.571838637733975,2.243478260869565,$R_{a}^{syst}$,[mmHg*s/ml],9.318403072347149,14.764993965907797,9.930057757274547,9.83404613065052,9.872313507659536,2.2778331341155087,5.0138241170974185,14.159798833733495,11.892316120372547,12.725915779330808,16.172781840969982,9.208245805235974,9.357414798734922,1.1035177759541783,0.31858786536125205,0.5548830266545335,5577.9218056408145,2.4762857496397457,0.32325388595770876,1.323308196845932,0.5825622165930199
216.60442219065635,177.8289328778391,196.5802644399036,368.25449912864366,79.60299245613494,195.43093776522738,30.923478687824776,16.118811630859614,22.94267524367077,32.16530915706989,79.60338553723659,182.78609430874403,162.7983375736213,85.19532555810987,132.19575564516643,32.43268554252746,13.701250251938545,12.601242958430516,1.1000072935080285,3.4292795755660173,1.4086240660724043,0.2861930911463029,0.07966353223094448,27.418890118517467,10.91957025692579,9.106414593431648,7.392905268160032,1.8942472911518304,200.06157818902813,0.30786821982419776,40.73203217791576,43.550022685411996,2.2531772575250835,$R_{a}^{syst}$,[mmHg*s/ml],9.32988162468639,14.771871986502566,9.918258268175958,9.82235595427545,9.860591908290049,2.277238366628091,5.010323569388133,14.166486795724596,11.89728300229273,12.73092717748894,16.180934186981958,9.198066928921342,9.361850209273793,1.1019192189308669,0.31858786536125205,0.5548830266545335,5572.2094719294455,2.5132419274221585,0.3234794990744359,1.3267760440580794,0.5829688124085153
217.11230854395316,178.35844154420005,197.09960393004098,368.67330894548826,79.52160708702178,195.5167957609813,30.910749786714323,16.120857703951,22.937220397792032,32.14925584618907,79.52203716336224,182.69056245150068,162.84953915669772,85.23543984198307,132.1870417838078,32.406619288638716,13.713620281712478,12.614730717020219,1.0988895646922592,3.430296412943278,1.4130900573901446,0.2857907975125082,0.0796114645575159,27.488894276863693,10.947086081851376,9.129323133805292,7.412485061207021,1.8942416410080072,200.3781723445985,0.30743943400271556,40.67251960503521,43.52826774205874,2.2628762541806022,$R_{a}^{syst}$,[mmHg*s/ml],9.341324634962717,14.778713335737278,9.906485563247822,9.810692170556093,9.84889715929993,2.2766441297983744,5.006828616235921,14.173139133485714,11.902222327632309,12.735909718575158,16.189045535139986,9.18791382869238,9.366260021758816,1.1003227854574256,0.31858786536125205,0.5548830266545335,5566.512496091525,2.5197953070204107,0.3237045700383501,1.3302396338829927,0.583374431166168
217.61883220220125,178.88649722922347,197.61756467335653,369.0909663601511,79.4404753094749,195.60240050617224,30.898058501188697,16.12291750261919,22.93178516041665,32.13324597307359,79.44088122000231,182.5953198995931,162.90062148664197,85.275513284486,132.17844432676605,32.38070109620903,13.725953089142484,12.628177599496007,1.097775489646477,3.4313020391965967,1.4175506435253573,0.2853898014529504,0.07955958458220293,27.558708832939487,10.974526910823556,9.152169371233493,7.432012550882442,1.8942360122290083,200.6938836940767,0.30743943400271556,40.613241506189055,43.506526489115856,2.2725752508361206,$R_{a}^{syst}$,[mmHg*s/ml],9.35274018198731,14.785539015787082,9.89475495745502,9.799069863989534,9.83724432638863,2.276052452775952,5.003348545731025,14.179778189774979,11.907149757056825,12.740883670785427,16.197138860752872,9.17780120127607,9.370663446528319,1.0987344706417994,0.31815907953976985,0.5548830266545335,5560.833271663243,2.52634293679937,0.32392966475330687,1.3337001938985107,0.5837800927275134
218.12392665825888,179.41308191736016,198.13408250535872,369.5075021425794,79.35953874937971,195.6876988156473,30.885394057231327,16.124976641783565,22.926363723654863,32.1173020462463,79.3601293145446,182.50036636634402,162.9514909032634,85.31552814096086,132.16978570226814,32.354892069875426,13.738239195247031,12.641573636437393,1.096665558809639,3.432294762564154,1.422003463629909,0.2849903835462837,0.07950781109178098,27.6283322392745,11.001892516627265,9.174953425951971,7.451486296695254,1.8942304036145685,201.00854948773855,0.3070106481812334,40.55417853533166,43.48491506874031,2.282274247491639,$R_{a}^{syst}$,[mmHg*s/ml],9.364072363562292,14.792342430035403,9.883062794984838,9.787485402216166,9.825629584849596,2.2754612396685965,4.9998758172689275,14.18639406199784,11.912065515504414,12.745841251944949,16.205203449546545,9.167716406020983,9.375053729401417,1.0971517677270979,0.31815907953976985,0.5548830266545335,5555.1677124565795,2.5328845486681923,0.3241537521090977,1.337157583277591,0.5841839388446706
218.62755255445055,179.93825862730324,198.64910376852654,369.9228655640317,79.27894386444676,195.77283247920536,30.872810416168928,16.12704566954036,22.92097227839244,32.101433341902435,79.27949989647239,182.40586414464516,163.0021282398372,85.3552390926754,132.16124425257948,32.3291460754646,13.7505015074616,12.654940040274209,1.0955614671873901,3.4332805649773475,1.426451158711355,0.28459297279228174,0.07945640411316143,27.697746227749164,11.029175789929987,9.197667828595334,7.470902609223839,1.8942248204907655,201.32236129567053,0.3070106481812334,40.49537561493249,43.463240761604524,2.291973244147157,$R_{a}^{syst}$,[mmHg*s/ml],9.375380937304683,14.799123075642095,9.87140125514501,9.775930954232681,9.814045519987058,2.274874399953756,4.996415909090984,14.192989556357485,11.916959770507273,12.750781329259443,16.2132434294809,9.15766651932531,9.379423919362331,1.0955737735271536,0.31815907953976985,0.5548830266545335,5549.526070511273,2.53941780102289,0.32437850853749084,1.3406105619315898,0.5845889907521838
219.12983628141234,180.46184058154836,199.16276404405664,370.3373421655703,79.19862200254737,195.85775159725722,30.860276232984003,16.129128904869678,22.915611116262703,32.085631691545395,79.19925994603118,182.31171984911114,163.0528820640369,85.3949531963947,132.15285808417505,32.30356219233654,13.762732664630997,12.668270245491302,1.0944624191396952,3.434256917790824,1.430893588506453,0.2841973713301771,0.07940523807620307,27.76697057620537,11.05638371272425,9.220319283365654,7.490267580115464,1.8942192632601804,201.63531325976032,0.30658186235975127,40.436807507830316,43.44167232451091,2.3016722408026755,$R_{a}^{syst}$,[mmHg*s/ml],9.386663656673008,14.805892977672817,9.859783551750356,9.764419622486066,9.80250498618821,2.274291303082799,4.992970854952199,14.1995721374379,11.921847410645006,12.755714695821794,16.22127007835538,9.147671826380552,9.38378883889722,1.0940046767711824,0.31815907953976985,0.5548830266545335,5543.903540178316,2.5459447167309914,0.3246025848341456,1.344060197312698,0.584992816938769
219.6308537189913,180.9844183339099,199.6751371352681,370.75099576918285,79.11857746506546,195.94248209840626,30.847780671548357,16.131224538553017,22.910274685439852,32.06986399959459,79.1192045920289,182.2178214511225,163.1035905930218,85.43466514164643,132.14457850890506,32.27806792963704,13.774936450503994,12.681569308387312,1.093367142116681,3.4352243060800247,1.4353323233457125,0.283803088451148,0.07935428639303127,27.836028439397495,11.08352714672425,9.242917793876279,7.509583498796975,1.8942137278802216,201.94751964874897,0.30658186235975127,40.37847056838369,43.420124311634126,2.311371237458194,$R_{a}^{syst}$,[mmHg*s/ml],9.397928696126815,14.812651226142611,9.848208135875932,9.752949806808845,9.791006306616804,2.273709399410247,4.989536197073589,14.20614760164674,11.926726850805217,12.760642241568778,16.229284549718262,9.13769144479664,9.388149833450292,1.0924403064230794,0.31815907953976985,0.5548830266545335,5538.300422554582,2.5524665144278944,0.32482676275139816,1.347507135472147,0.5853968262641293
220.13019268834574,181.50503578624773,200.1858371533265,371.1625714210252,79.03865287618842,196.02668817480634,30.835262447874886,16.13329094675268,22.904901748640164,32.05411143488014,79.03930439100277,182.12397128578823,163.15375381245556,85.47397790261235,132.1360658071873,32.25262495771039,13.787053863525502,12.694781579422468,1.0922722841030335,3.436171780563251,1.439755690746696,0.2834091566395713,0.0793031539714179,27.904865545825636,11.110583547019274,9.265444564249226,7.528837434557142,1.8942120016174049,202.25836624626285,0.30658186235975127,40.32035311727854,43.39862777699626,2.3210702341137126,$R_{a}^{syst}$,[mmHg*s/ml],9.409150898490816,14.819357196250742,9.836658452236533,9.74150519082031,9.779532962237619,2.273125796907979,4.986104005257587,14.212670506440976,11.93157176650697,12.765527446349669,16.237235781354435,9.12772363561951,9.3924746542789,1.090879120989598,0.31815907953976985,0.5548830266545335,5532.70570133319,2.5589804340807056,0.32505035279733774,1.3509472181021327,0.5857997761386058
220.62809609303483,182.02434051650457,200.69507941411698,371.5735947194718,78.95907935136574,196.1107126308533,30.82282070365939,16.135338700332625,22.89958440870547,32.03844625916626,78.95997723085198,182.03068693830167,163.20386086108482,85.51329208450956,132.12782264294634,32.22737370860406,13.799145516922776,12.70796037333144,1.0911851435913362,3.437111307734198,1.4441733968720794,0.28301791071349086,0.07925247286022305,27.973485302579164,11.13755290675056,9.287896982285561,7.54803541354304,1.8942120016174049,202.56843053957235,0.30615307653826906,40.262501875659105,43.37728904885968,2.330769230769231,$R_{a}^{syst}$,[mmHg*s/ml],9.42034531294966,14.826057812167583,9.825142447733569,9.73009394363241,9.768093713463976,2.272547888556432,4.982690998612754,14.219187530318196,11.93640601523224,12.77040802515059,16.24517951196095,9.117818529843756,9.396794166732043,1.089328329598477,0.31815907953976985,0.5548830266545335,5527.135554595602,2.565486226582612,0.3252729270507266,1.3543817821827908,0.5862008953704028
221.12416206040336,182.5418809574136,201.2025196700468,371.98190231576893,78.87945604703961,196.19385065519418,30.8102814135801,16.137265291088024,22.894171315780287,32.02266756930985,78.88024203405723,181.93692461427082,163.253164515322,85.55218146276232,132.11888804051603,32.20203624414585,13.811106978042872,12.721015282665078,1.0900916953777933,3.4380178933904197,1.4485736849287174,0.28262471876208906,0.07920117366790819,28.041910746190304,11.164450347150428,9.310293080249654,7.567167318790223,1.8942120016174049,202.87680123230373,0.30615307653826906,40.2048564639614,43.35581806787889,2.3404682274247492,$R_{a}^{syst}$,[mmHg*s/ml],9.431471244540454,14.83268092617863,9.813642051929591,9.718697462758458,9.756668899898372,2.271958704567799,4.979251565168914,14.225627459932497,11.94118482788425,12.775226002558542,16.253035622438613,9.107857557408655,9.401067555973588,1.0877726923389666,0.31815907953976985,0.5548830266545335,5521.561923292773,2.5719852975573074,0.3254963293555101,1.3578127978078347,0.5866035069012158
221.6199980659125,183.05904269640672,201.70964925014562,372.3912491553268,78.80031349110405,196.27759159015298,30.797866795858525,16.139259582918456,22.888857210412574,32.00703307171428,78.80091222772982,181.84380598145523,163.3030250758252,85.59137186742691,132.11066235163906,32.176888208450606,13.823151161403741,12.734143638090186,1.0890075233135548,3.4389424187455004,1.4529858894212426,0.2822346253368721,0.07915054674180869,28.11023336520816,11.191301547661524,9.332647744660598,7.586284072886042,1.894212001617405,203.18553711438665,0.3057242907167869,40.14738149816251,43.33439448345361,2.3501672240802676,$R_{a}^{syst}$,[mmHg*s/ml],9.442578920386023,14.839351940350518,9.80217580136191,9.707336812767437,9.745282121468028,2.271381407198394,4.97585372992068,14.232115662210221,11.94600093722644,12.780088670844728,16.26094743220814,9.098005690039475,9.405374026869735,1.0862277579648476,0.31815907953976985,0.5548830266545335,5516.021944377283,2.578486405860869,0.3257198571836528,1.3612448889877082,0.5870063446479213
222.11364823929776,183.57419339688397,202.21460813867085,372.798335965893,78.72133988167029,196.3606081659606,30.785495542193726,16.14123284854929,22.883544150969037,31.991458237330722,78.72195316260762,181.75107914156743,163.3525534721851,85.63020730358141,132.1022999116646,32.15187175821993,13.835094251319056,12.747166114249767,1.0879281370692881,3.439841501581278,1.4573804960812293,0.28184632583018804,0.07910007135244942,28.178282244347066,11.218046848884569,9.354914982996206,7.605320412466295,1.8942120016174049,203.49257601025104,0.3057242907167869,40.090189481963904,43.31305956169341,2.359866220735786,$R_{a}^{syst}$,[mmHg*s/ml],9.453630051973242,14.845968301744714,9.79076375538952,9.696027642802925,9.733945821395853,2.2708046455063973,4.972461727347386,14.238550783627902,11.950773614805685,12.784906565635024,16.268794294903234,9.088171743814634,9.409641699891917,1.0846902222939976,0.3177302937182877,0.5548830266545335,5510.49379171692,2.584973481347373,0.32594257935394355,1.364669571906497,0.5874077304528423
222.6055833288982,184.08730063561998,202.71786143030235,373.20338277164393,78.64249822009455,196.44305200193347,30.773113280770144,16.143185595881828,22.878211005590018,31.975888511679283,78.64315518249197,181.65844731591469,163.40160967474407,85.66878470735759,132.0937014594,32.126899087199824,13.846955257385996,12.760105235526902,1.0868500218590942,3.4407192257045116,1.461762577355205,0.28145862348586026,0.07904951548125114,28.246107024813252,11.244704580394451,9.377109543238237,7.624292901180569,1.8942120016174049,203.79827918926918,0.30529550489530477,40.033229691076336,43.29176889072872,2.369565217391304,$R_{a}^{syst}$,[mmHg*s/ml],9.464640288315364,14.852539875680655,9.779371197057513,9.684737525089108,9.722628794147614,2.2702251937146376,4.969068373755463,14.244941130582633,11.955512713018026,12.789687320496054,16.276587422863997,9.078347781946407,9.41387969466306,1.0831553257764213,0.3177302937182877,0.5548830266545335,5504.974875406619,2.5914522529396846,0.32616488142119743,1.3680898710001463,0.5878083591557857
223.09626535545684,184.5993561051761,203.21983438787942,373.60778816110025,78.56396225502905,196.52537963172367,30.760799571416232,16.145155755379864,22.872916022277483,31.960396356247042,78.56466665114365,181.5662309545143,163.45059063342168,85.70729650749946,132.0853002851731,32.102073058366855,13.85879925441909,12.77302160151644,1.08577765290265,3.4415914537660646,1.4661409045739515,0.2810729340979701,0.0789992825291234,28.313748920921256,11.271289580377015,9.399243034576887,7.643216305967352,1.8942120016174049,204.10326318805662,0.30529550489530477,39.97649687905604,43.27052791596778,2.379264214046823,$R_{a}^{syst}$,[mmHg*s/ml],9.475625693384101,14.85910124379537,9.768020387249562,9.673488576481626,9.711353397517035,2.269650103869682,4.965694045086283,14.251323001859477,11.960244127334223,12.794462937629312,16.284369667812477,9.068564045435007,9.41811110659887,1.0816283816806502,0.3177302937182877,0.5548830266545335,5499.4773578520335,2.5979247651169923,0.32638697753469076,1.3715068655983123,0.5882086166926442
223.58563368886385,185.10994964640017,203.7204722603502,374.0111872618823,78.48568349812055,196.60750092158014,30.748474328351246,16.147131250223048,22.86760799807308,31.944898313317584,78.48614403857255,181.47397962180827,163.49938157697935,85.7457315819474,132.07673818578473,32.07725502513892,13.914263307074387,12.829558071926614,1.0847052351477735,3.4424548331842333,1.4882598302005698,0.2806872610202297,0.07894901343008474,28.381230492226464,11.297812860114394,9.421326904404975,7.662090727707095,1.917071278973139,206.8741902974134,0.30486671907382257,39.919984298781024,43.24925490813485,2.3889632107023413,$R_{a}^{syst}$,[mmHg*s/ml],9.486595245672602,14.865642121275892,9.756703351794906,9.66227262444485,9.700111211761126,2.2690742228815437,4.962318194567525,14.257684219678056,11.964964179603404,12.799224390222488,16.29212790695884,9.058791812514578,9.422333547892036,1.0801020229887393,0.3177302937182877,0.5548830266545335,5493.997844868439,2.6358207137530667,0.3266095518841932,1.374920558595463,0.5886097360976553
224.07314414309263,185.61875850680931,204.21928167053662,374.41221862513527,78.40747473917823,196.6888375362105,30.736179425050874,16.149067258994176,22.862300184727914,31.92944680136494,78.40801623097799,181.3821485695566,163.54758322146128,85.78379679462087,132.06823447744972,32.052604907068144,13.926087888962277,12.842450225483717,1.08363766347856,3.443289888604061,1.492665487608833,0.2803034914977713,0.0788988107292857,28.44842694795928,11.324220889230476,9.4433125663014,7.680893492427408,1.9170659814637492,207.17987994741418,0.3044379332523404,39.8637135291134,43.228077762520286,2.3986622073578596,$R_{a}^{syst}$,[mmHg*s/ml],9.497501516806388,14.872127907413017,9.745404704526528,9.651074859700328,9.688887690971402,2.2684990172320627,4.958959380553278,14.263991248780622,11.969634173196596,12.803938405759201,16.29982214768841,9.049069127229796,9.4265150516424,1.0785850012722584,0.3177302937182877,0.5548830266545335,5488.523231742476,2.6423485852158386,0.3268310307348487,1.3783294945322173,0.5890088812147638
224.55912664392335,186.12618369462248,204.71656290630042,374.8119759274517,78.3294179851237,196.769744854708,30.72389166524731,16.150993473480646,22.85698391632154,31.91402417495562,78.33007257568872,181.29047109331796,163.5954900025061,85.8216452411605,132.0596247088634,32.028066849318066,13.937848483926306,12.85527622784021,1.0825722560860962,3.4441080418117673,1.4970611564972618,0.27992057028865636,0.07884863950243969,28.515426179163928,11.350552069860475,9.465234384860354,7.699639724443102,1.917060701463212,207.48442630711136,0.3044379332523404,39.80765337829809,43.206944139589595,2.408361204013378,$R_{a}^{syst}$,[mmHg*s/ml],9.50835317837857,14.878579172738698,9.734132987742631,9.639903721383677,9.677691037363795,2.2679236278234813,4.95560215834899,14.27026326412075,11.97428023575368,12.808624914408469,16.307478749752736,9.039368840492674,9.430673531306553,1.0770739349880438,0.3177302937182877,0.5548830266545335,5483.059258958659,2.6488697560157632,0.3270522146668615,1.381734941410041,0.5894074948349106
225.04459861238638,186.63264691078962,205.2132371856387,375.2124498833521,78.25193452402887,196.8513138503402,30.711744252773475,16.153001029131225,22.8517710298303,31.89875851248744,78.2525308421115,181.19939401236354,163.64414180846182,85.85980408585033,132.05141907839115,32.00359756644789,13.949695612563438,12.86817964661347,1.081515965949968,3.4449480704693465,1.5014664200239338,0.2795406469702862,0.07879917658661141,28.582353687141094,11.376856122544371,9.487134553004147,7.7183630115925785,1.917055453270137,207.78919026169044,0.3040091474308583,39.751796924008,43.18586784941024,2.4180602006688963,$R_{a}^{syst}$,[mmHg*s/ml],9.519203598064692,14.88507601710986,9.722931324665538,9.628801458936367,9.666563697920319,2.2673570425024665,4.952268132015862,14.276583944161194,11.97896816571087,12.813358350486693,16.315186941688115,9.029713781980597,9.434866856829183,1.0755677082468214,0.3177302937182877,0.5548830266545335,5477.635416682021,2.655387263274424,0.3272735960417234,1.3851384730393854,0.5898064642829339
225.52828832741798,187.13766647051693,205.7081632544247,375.6107035037662,78.17448639352703,196.9320867561333,30.699539931441272,16.154904531583338,22.84650413967736,31.883434839487705,78.1750325922308,181.10823756109977,163.69210714540958,85.89760968638005,132.04297979579047,31.979206446406295,13.961431089892354,12.880972829154496,1.0804582607378577,3.4457585602459813,1.5058564109550334,0.2791603940235805,0.07874946806497948,28.649049772230303,11.403069558108278,9.508959732365842,7.73702048175619,1.917050218322104,208.0924516781682,0.3040091474308583,39.69616515074701,43.16481328788659,2.4277591973244146,$R_{a}^{syst}$,[mmHg*s/ml],9.529993247082423,14.891514465851545,9.711745524282783,9.617714732615429,9.655452069417558,2.2667865380178136,4.948932943729149,14.282843789497347,11.983602899833732,12.818037675588407,16.322823446308643,9.020065047097493,9.439018573182402,1.0740653607750246,0.3177302937182877,0.5548830266545335,5472.214047546892,2.661897266975822,0.3274946914595074,1.388538099594305,0.5902049183843632
226.01028473557048,187.64079705295472,206.20139822415376,376.0073555566731,78.0971942224897,197.01234694639328,30.687363512616695,16.156752143266573,22.8412392228519,31.868158610193444,78.09776886440527,181.01735674768565,163.73969089044823,85.93514790909741,132.0344561199607,31.95492270012447,13.973093562404681,12.89368948171185,1.079404080692833,3.4465505058847627,1.5102338362745258,0.2787815345015495,0.07869979911342324,28.715503196606075,11.429186056166683,9.530703139966377,7.755614000473014,1.9170450023785695,208.39440421007825,0.30358036160937607,39.64076131925874,43.14380138323601,2.4374581939799334,$R_{a}^{syst}$,[mmHg*s/ml],9.540742247646442,14.897911663329305,9.700576961372484,9.606645081219694,9.644357914367813,2.2662163074958515,4.945604667733644,14.289064300220574,11.98820969070956,12.822686609905036,16.33041545544935,9.010447217827242,9.443143777250057,1.072568841393703,0.3177302937182877,0.5548830266545335,5466.803595574279,2.6683980940004983,0.3277152912993654,1.3919329440308856,0.5906024793643557
226.49157244680669,188.1431570171075,206.6938559564189,376.4041511911361,78.02035442523936,197.0929780164746,30.675321204893407,16.158658614665704,22.836064938013877,31.85303112752146,78.02095757255796,180.92713186404706,163.7876409090948,85.97287915672713,132.02640426841594,31.93077355126976,13.984805976008557,12.906446817064095,1.0783591589444612,3.4473537907524223,1.5146164600866412,0.2784057605121773,0.07865080816443293,28.781850508796765,11.455261064431355,9.552411873597817,7.774177570767593,1.9170398151648589,208.69627792971403,0.30358036160937607,39.58555764412763,43.12286209852968,2.4471571906354517,$R_{a}^{syst}$,[mmHg*s/ml],9.551497447096008,14.904337418813538,9.689471165417086,9.595637195021919,9.633326017319362,2.2656553002769515,4.942301256578165,14.29531637533209,11.992842381800436,12.827365916691619,16.338040990310642,9.000892036359339,9.447289954066525,1.071080467900125,0.3177302937182877,0.5548830266545335,5461.424809766755,2.6748952817138365,0.32793580719739773,1.3953258876283718,0.5909998890659317
226.97119774206476,188.64398415219242,207.18466453971894,376.7991311088861,77.94360965199186,197.1730232469187,30.663261318059433,16.160539591141184,22.830863956702242,31.837907194687865,77.94429316478103,180.83697616231308,163.83510550516817,86.01034564771543,132.01817560806097,31.90673746913339,13.996430679044913,12.919115608560483,1.0773150704844292,3.4481353375025883,1.5189848285789094,0.27803044472615374,0.07860169774719145,28.847978920715935,11.481250204924557,9.574049278248,7.792679437543377,1.917035844118958,208.99679959870758,0.30358036160937607,39.53056476411761,43.10196665466298,2.45685618729097,$R_{a}^{syst}$,[mmHg*s/ml],9.562214422487733,14.910719782137663,9.678384717618425,9.584648385826638,9.6223134095963,2.2650921415226346,4.938997115528125,14.301521342017793,11.997441527635392,12.832006572416002,16.345613594559982,8.991351038367386,9.451405684429442,1.0695980132137461,0.3173015078968055,0.5548830266545335,5456.05267563943,2.681384664270121,0.3281558580882495,1.398713890768405,0.5913964607401069
227.4495128931676,189.14326185587456,207.6741401986858,377.19309711230943,77.86709169396323,197.25277418003358,30.651202204351186,16.162415000724657,22.825656528060666,31.822775648617544,77.86768540562855,180.7468949291282,163.88236662976593,86.04765453519057,132.00990170918243,31.882720789546205,14.008004795206796,12.93173263800177,1.076272157205025,3.44890546764309,1.523343572195028,0.2776556175325275,0.07855257645325497,28.91392428061176,11.507166578901135,9.595626679896634,7.811131021813991,1.9170358441189579,209.29644409809353,0.3031515757878939,39.47579040023719,43.08106395750858,2.4665551839464883,$R_{a}^{syst}$,[mmHg*s/ml],9.572897821937069,14.917071282620347,9.667330857291823,9.573691410967639,9.611332919013645,2.2645283768682236,4.9357018376071045,14.307699097705616,12.002017884170924,12.836625536155985,16.353150884269848,8.98182521984377,9.455504070403785,1.0681168545662902,0.3173015078968055,0.5548830266545335,5450.696418577426,2.6878677441900605,0.3283760485953879,1.402095715860423,0.5917932840281896
227.9263852760166,189.64123997749138,208.16210729804408,377.58547939261643,77.79076929593228,197.33215885923443,30.639197830947765,16.16429150226049,22.820473016634633,31.807722327538787,77.7914400154734,180.65723498839887,163.92954489718886,86.08480839245503,132.00162213151415,31.858807836952245,14.019527086554227,12.944292426245028,1.0752346603091991,3.4496619443129206,1.5276927005021312,0.2772827428912787,0.07850370438888353,28.979660840213906,11.533000813099294,9.617134819095794,7.8295252080188185,1.917035844118958,209.59500062159157,0.3031515757878939,39.42123257842823,43.060240582376274,2.4762541806020066,$R_{a}^{syst}$,[mmHg*s/ml],9.583528621954189,14.923402406386796,9.656302897129313,9.562759981295963,9.600378321245623,2.2639672232501438,4.932416786811894,14.313854849349974,12.006575558314491,12.841226181069832,16.360661896278284,8.972335855000283,9.45958550675516,1.066641735875999,0.3173015078968055,0.5548830266545335,5445.35385071526,2.694342818802171,0.32859563158324473,1.4054733650744293,0.5921890124561806
228.40226656316372,190.137995733957,208.64904580966407,377.97767534849424,77.71477335159673,197.41157865061268,30.627266720054724,16.166200671027187,22.815337046862815,31.792746810929742,77.71544770928969,180.5680111623309,163.97683257622606,86.12205117793214,131.9936174395315,31.835047343691784,14.03105240959737,12.956849804263385,1.0742026053339846,3.4504181499858446,1.532041120039922,0.2769117130304888,0.07845519970690334,29.045254949749246,11.558778719383312,9.63859611829196,7.8478801120739705,1.917035844118958,209.8930839207835,0.3027227899664118,39.366877000228854,43.03943273729885,2.485953177257525,$R_{a}^{syst}$,[mmHg*s/ml],9.594125429064109,14.929738063548085,9.645324880078503,9.55187782449686,9.589473381074292,2.2634112224646117,4.929149997487857,14.320017641710072,12.011141701213583,12.845836329155748,16.368177920294848,8.962909547766639,9.463674234214242,1.0651750710618877,0.3173015078968055,0.5548830266545335,5440.034134611771,2.7008131770672024,0.3288153126320011,1.408848554059487,0.5925849176077237
228.8766769041915,190.63331057782753,209.13450415473153,378.36843923393707,77.63896904241321,197.490637930294,30.61533206894187,16.16808990266031,22.81018581259438,31.77778181057099,77.63962737481738,180.47891221866402,164.0236799030576,86.15897397772994,131.98547207149485,31.811322684297032,14.042523839197097,12.96935167043461,1.0731721687624856,3.4511609319346785,1.5363803975102852,0.2765413923640234,0.07840664371828779,29.110652678557756,11.584479541048472,9.659993550981584,7.8661795865277,1.917035844118958,210.19011913573883,0.3027227899664118,39.31273393821156,43.0186698381421,2.4956521739130437,$R_{a}^{syst}$,[mmHg*s/ml],9.604686727575949,14.936032652098296,9.634370116875353,9.541018489268971,9.578591521631663,2.2628536159729387,4.925883360794076,14.32613976123566,12.015672644547573,12.850412585563623,16.375649799766475,8.953501828592307,9.467732967820588,1.0637106008058719,0.3173015078968055,0.5548830266545335,5434.727832968924,2.707276020382426,0.32903455580255975,1.4122198229562322,0.5929800336232207
229.34944564394303,191.12717071291317,209.61834100424105,378.75718675621806,77.56325454859633,197.56905145430716,30.60341340980283,16.169960987795992,22.805032038090058,31.76283615141014,77.5640059379127,180.39004774621714,164.07016175448166,86.19575962018696,131.97726945415417,31.787726863097088,14.053907102257567,12.981762588722704,1.0721445135348626,3.451880068910398,1.540706349269563,0.2761721501420806,0.07835813991274163,29.17581964727221,11.610088779938236,9.681314129560235,7.884416737773744,1.917035844118958,210.48582492651656,0.3027227899664118,39.258807985184255,42.99794079939161,2.505351170568562,$R_{a}^{syst}$,[mmHg*s/ml],9.615202324868164,14.94229173965538,9.623437470564498,9.530180937313729,9.567731687146285,2.262296484755446,4.922627934248569,14.332225860195207,12.020173697417802,12.854959082234666,16.383075957806284,8.94411162272721,9.47176972370307,1.0622528417411767,0.3173015078968055,0.5548830266545335,5429.427818401743,2.7137312139814758,0.329253461351957,1.4155871014653183,0.5933745411840612
229.82119080102473,191.6196360025093,210.10110584300412,379.1457517937831,77.4878651215069,197.64755813512443,30.591522740951927,16.17185195906717,22.79989161813112,31.747944782450727,77.48856494206636,180.30133007593506,164.11658021308398,86.23242877075847,131.96907024971807,31.764164785775726,14.065294720838864,12.994175283354352,1.0711194374845117,3.4526016076479147,1.5450306213579195,0.27580383357175964,0.07830975890161912,29.240857500067445,11.635647947635185,9.702594089068077,7.90261546336419,1.917035844118958,210.7810012960676,0.3022940041449296,39.205070810200084,42.977256412601925,2.5150501672240804,$R_{a}^{syst}$,[mmHg*s/ml],9.625704494661724,14.948540950372116,9.612546037284224,9.519383923478387,9.55691261040447,2.261740632654168,4.919376069770957,14.338302763015184,12.024674585999495,12.859502315250113,16.390491682119368,8.934742282755387,9.47580100964394,1.0607975612448413,0.3173015078968055,0.5548830266545335,5424.150558505483,2.720180778829651,0.3294722536949139,1.418951443800367,0.593768844726334
230.2922511691659,192.11178029619305,210.5831776567928,379.5337661341809,77.41262265198098,197.72590514561588,30.57962412545582,16.173691340997372,22.79474819841473,31.73302175314184,77.41302724677365,180.2125971617562,164.16302603341433,86.26916482311307,131.96089504216346,31.740646160825037,14.07666035970405,13.006565810708937,1.0700945489951135,3.453313717765009,1.5493553109784615,0.27543558181359895,0.07826138932262602,29.3057935294537,11.661167061801216,9.723840688966973,7.920785778685509,1.917035844118958,211.07579332133767,0.3022940041449296,39.151482247594316,42.956501635281825,2.5247491638795987,$R_{a}^{syst}$,[mmHg*s/ml],9.636202408925756,14.954785104724936,9.601658531189504,9.508592549887055,9.546100704119374,2.2611847768272857,4.916128648848907,14.344374404163904,12.029169763273933,12.864041760943195,16.397901136737286,8.925390407087166,9.479833300152427,1.0593442764404428,0.3173015078968055,0.5548830266545335,5418.883585638669,2.726632764662395,0.3296918769144097,1.422317049014551,0.5941646456590457
230.7613446875125,192.60165648677625,211.06326803466533,379.919886885285,77.33766355186665,197.80383961617397,30.56782708522915,16.17549301423696,22.789652877308225,31.718239926630773,77.33811808941505,180.12456046292033,164.20930998835678,86.30563020137068,131.95283642165273,31.717296155899454,14.133314096425405,13.064235575339923,1.069078521085481,3.45401314096425,1.5720988815316541,0.27507050416613216,0.07821344749463251,29.37045761480485,11.686578662265056,9.744996876320075,7.938882076219723,1.9397804391534703,213.8769677074309,0.3014364325019653,39.098160936580186,42.93590940105891,2.534448160535117,$R_{a}^{syst}$,[mmHg*s/ml],9.64665984278345,14.960998901671909,9.590830787780108,9.497858320935002,9.535345099599498,2.2606339129879207,4.91290185988802,14.350416823407173,12.033640395936555,12.868556907862207,16.405272216747573,8.916093758527127,9.483839630228951,1.057901022625378,0.3173015078968055,0.5548830266545335,5413.636448630666,2.7654955927650167,0.32991011854571833,1.4256745438529592,0.5945579567189
231.22913620881707,193.09020002265595,211.54203678618396,380.30518960247264,77.2629508713749,197.88156045115787,30.55604345411861,16.17729187921673,22.784557636707497,31.70348073579983,77.26336006375894,180.0366801498384,164.25533815232535,86.34192040158771,131.9447996422066,31.694051507129842,14.144704049872164,13.07663935784764,1.0680646920245236,3.45470453894821,1.5764496715589609,0.2747062698299957,0.07816555619623343,29.434944161500013,11.711920363575777,9.766095064572866,7.956928733351361,1.9397754902969444,214.17244271148257,0.3014364325019653,39.04504830830123,42.91534369521548,2.5441471571906353,$R_{a}^{syst}$,[mmHg*s/ml],9.657064611442141,14.967186989224912,9.58003227533535,9.487152993749264,9.524618727209942,2.260083737535991,4.90968150780304,14.3564346265982,12.0380924809828,12.873052679463864,16.41261594051069,8.906821719559737,9.487829068691138,1.056463498194588,0.3173015078968055,0.5548830266545335,5408.406560996243,2.7719940837883685,0.33012821329611475,1.4290283064479934,0.5949510030726718
231.6955798619428,193.57759038395272,212.01945732555112,380.6889190213677,77.1883562061768,197.95887621837466,30.544283103049544,16.17908973770802,22.779468691450763,31.68877393127272,77.1888186431568,179.9490132239969,164.3011472015915,86.37812935763225,131.93665626770033,31.670873234981013,14.156034757375787,13.088980955515549,1.0670538018602376,3.4553801851193886,1.5807909350088833,0.27434313708350655,0.07811775798163066,29.49925377827071,11.737192943882992,9.787135980175487,7.97492485421223,1.9397705556391187,214.46686367741782,0.3014364325019653,38.992116787442214,42.89482740706875,2.553846153846154,$R_{a}^{syst}$,[mmHg*s/ml],9.667410050604566,14.973350694642237,9.569263197526258,9.476476652639866,9.513921486049902,2.259533692846218,4.906465404834031,14.362427691837027,12.042530279165721,12.877531197172924,16.41993021616169,8.897567968116329,9.49180536395001,1.0550272208634124,0.31687272207532335,0.5548830266545335,5403.184934432376,2.778487251426345,0.3303459692971669,1.4323793313332795,0.5953434389385965
232.16081547910133,194.06342605004596,212.49564446998812,381.07195744405914,77.11406128950689,198.03606098574724,30.53258724984421,16.18089832408133,22.774415090048045,31.67413108630925,77.1145639419304,179.86176259989256,164.34684299117657,86.41423233173407,131.92870750136598,31.647790522253196,14.167348502894749,13.101300128433575,1.0660483744611728,3.4560508687887843,1.5851280452086038,0.27398191253773063,0.07807027220258353,29.563381720314613,11.76239284526706,9.808115738853758,7.9928731361937935,1.9397656439843585,214.76059944116088,0.3010076466804831,38.939403715496454,42.874351294707296,2.5635451505016724,$R_{a}^{syst}$,[mmHg*s/ml],9.677740986764864,14.979503600596079,9.55853100225012,9.465836531716148,9.503260892809616,2.258988053703785,4.903266399306086,14.368411062036326,12.046954770876866,12.882001000248929,16.427232204950432,8.888366784426914,9.495772092062039,1.0535958363713993,0.31687272207532335,0.5548830266545335,5397.984290265483,2.7849732701133703,0.3305635477158509,1.4357266707708671,0.5957355547688389
232.6247034891003,194.54811690507657,212.97047869453908,381.45370687371525,77.0399001822261,198.11288634117045,30.520884874711037,16.182701011107927,22.769347863800743,31.659506045606772,77.04044251383736,179.77455744083153,164.3922642942041,86.45021262630272,131.9206237874439,31.62481312093509,14.179252549684177,13.113561766421748,1.0656907832624285,3.456707711648939,1.5894556080346982,0.2736211127062353,0.07828570975816657,29.627341701511597,11.787527706668028,9.829042122732577,8.010771872110992,1.9397607459420212,215.05328739038356,0.3010076466804831,38.8868698069219,42.85391860257721,2.5732441471571907,$R_{a}^{syst}$,[mmHg*s/ml],9.688035189824019,14.985625292797268,9.547826048547844,9.455223427061837,9.492627396889649,2.2584408964252063,4.900069761010031,14.374365276990542,12.051361842034705,12.886449871889646,16.43449742020159,8.879164723088268,9.499722812821332,1.0521699746164312,0.31644393625384115,0.5567532853729571,5392.7930127558275,2.79145334926068,0.3318957362741882,1.4390709550651541,0.5961271266713017
233.08709426903818,195.03125848693625,213.44381431767624,381.8339380764802,76.96593438309688,198.18928027213627,30.509191027660375,16.184488973697498,22.764274875427464,31.644881183037906,76.96643096408972,179.68752115996227,164.43740413640788,86.48595737625453,131.9125083865145,31.601869841984076,14.190449467671968,13.125761636003457,1.0646878316685116,3.4573493661205723,1.593773250140996,0.27326110485244803,0.07823801371198756,29.691087533296283,11.812577199079803,9.849897198453217,8.028613135763266,1.9397558670411144,215.3449068928773,0.30057886085900093,38.83455970848371,42.83348697073533,2.582943143812709,$R_{a}^{syst}$,[mmHg*s/ml],9.69829854612988,14.991710350822554,9.537144808254471,9.444633371259583,9.482017246067752,2.257894042365757,4.896878119439164,14.380282535379411,12.055736504313327,12.890869075618173,16.44172315548591,8.86999391284767,9.503649301331894,1.050746305985283,0.31644393625384115,0.5567531486824062,5387.615406816782,2.7979249341793344,0.33211363176729725,1.4424108629954877,0.5965186412564824
233.54836879171577,195.51315137187785,213.9160057199744,382.21349892276544,76.89222183798675,198.2655903784405,30.49756247805905,16.18629665848654,22.759240197268504,31.630343912467836,76.89275730904562,179.6008757872674,164.48264296989433,86.5216731357306,131.90455962911716,31.579062699290983,14.201631786896586,13.13794139838204,1.0636903885145466,3.4579870155358665,1.5980867236438252,0.27290303030654806,0.07819062356115378,29.75467945991127,11.837566588747183,9.870701786508429,8.046411084655656,1.9397510088920087,215.6358504643316,0.30057886085900093,38.78243405283707,42.81313048836304,2.5926421404682274,$R_{a}^{syst}$,[mmHg*s/ml],9.708545957416518,14.997797665993986,9.526498410822263,9.434077856598915,9.471442001331038,2.2573504443259202,4.893702270517132,14.386199736983643,12.060109908005549,12.895286613769475,16.448941684933008,8.860858584360736,9.507572098435642,1.049330125752949,0.31644393625384115,0.5567530124004467,5382.455528659073,2.8043909424113154,0.3323311056659981,1.4457478973103828,0.5969093983580779
234.00841058196576,195.99402103832227,214.38695122719366,382.5920784621556,76.81871219771956,198.34164013763245,30.48597043722522,16.18810561265687,22.75421908283518,31.615846492743216,76.81928978672812,179.51447999322988,164.52771311925665,86.55730168914094,131.89662679815766,31.556324736107264,14.212776366156373,13.150080073892418,1.0626962922639536,3.458614685826326,1.6023934742925434,0.2725461618368502,0.0781433878639439,29.818101687604297,11.862488921470154,9.891450797535322,8.064161968598832,1.9397461686188022,215.92594859310853,0.30057886085900093,38.730501645753165,42.79280968845814,2.6023411371237457,$R_{a}^{syst}$,[mmHg*s/ml],9.718765467158358,15.00386498612379,9.515885879554451,9.423555507642119,9.460900132879432,2.2568085304844843,4.8905331059187205,14.392095861669096,12.064470112514854,12.899690987584927,16.45613791574324,8.85174995708281,9.511484179481682,1.0479180680370745,0.31644393625384115,0.5567528763505099,5377.309853840369,2.8108509296191833,0.33254840255237866,1.449081830959693,0.597299837465086
234.46736200144204,196.4734393770221,214.85677389445405,382.9698418621257,76.74547899564773,198.4176352259004,30.474410037455833,16.1899265395366,22.749214338362332,31.601399307343435,76.74602814959277,179.4283037598921,164.57268458484722,86.59284026571241,131.8887844593432,31.53367302637626,14.223901210879074,13.162195871322742,1.0617053395563318,3.459239889678419,1.6066933913470864,0.272190421729032,0.07809630166785088,29.881374364979735,11.887352403574697,9.912151136569861,8.081870824835185,1.939745118686165,216.21540749305274,0.3001500750375188,38.67875902677313,42.77253172514689,2.612040133779264,$R_{a}^{syst}$,[mmHg*s/ml],9.728960769502255,15.009917511920268,9.505311095341096,9.413070360985403,9.450395740539678,2.2562690426461987,4.8873745632189545,14.397983608891197,12.068824178593845,12.90408874778517,16.463322824734444,8.842678685146385,9.515389170791051,1.046511133597577,0.31644393625384115,0.5567527400552621,5372.183529695341,2.8173048148584026,0.33276551081704675,1.4524097974102028,0.5976899382372454
234.9248530270261,196.95156337041544,215.32513699195948,383.34637430961067,76.67242231608988,198.49320656690668,30.462883865224214,16.191706483539004,22.74421948299316,31.586978738999026,76.67294438049943,179.34240170689608,164.6173733888606,86.62823048040995,131.88092018734298,31.511106758618865,14.234965604708005,13.174247717849319,1.0607178868586864,3.45984978093782,1.6109826246919845,0.27183595647043796,0.07804936339081665,29.94444374348268,11.912135684233618,9.932784119446149,8.099523939802909,1.939745118686165,216.50381977474976,0.3001500750375188,38.62722742112874,42.75226809207563,2.621739130434783,$R_{a}^{syst}$,[mmHg*s/ml],9.739082379970815,15.015944700462398,9.494759300514458,9.40260780464187,9.439914206504563,2.2557306432618813,4.884225090049641,14.403841557636529,12.073154400035975,12.90846375355399,16.470472520103467,8.833624317941405,9.519275442370684,1.0451088004424678,0.31644393625384115,0.5567526051126068,5367.069562126291,2.8237508772344597,0.3329825472096748,1.4557329465775652,0.5980799086558866
235.38075076435277,197.42817942641156,215.79192027825826,383.72091229306704,76.59939350670003,198.56813557551743,30.451313645789867,16.193385879004,22.739181447176637,31.57253434415944,76.6000877856816,179.2564530870172,164.661462158325,86.66327918301907,131.8727378731872,31.48858598818142,14.245935978776256,13.18620631402707,1.0597296647491854,3.46043698561657,1.6152566379716695,0.27148150432905943,0.07800209922751998,30.00731144172685,11.936840585528797,9.953352566401724,8.117118289796332,1.939745118686165,216.79082698903858,0.2997212892160366,38.575873860470686,42.73212287007448,2.631438127090301,$R_{a}^{syst}$,[mmHg*s/ml],9.74915734700187,15.0219139286785,9.484221423604023,9.392158983916092,9.429446459798019,2.2551870303003714,4.881068016073529,14.4096450101799,12.077441716921664,12.91279158897702,16.477558735430165,8.82457281072428,9.523123856951585,1.0437088668079104,0.31644393625384115,0.5567524648120767,5361.957545469002,2.830189862666161,0.3331982818210906,1.4590524473561326,0.59846754685416
235.83594354321622,197.90377622479832,216.25794149755137,384.09564150907175,76.52682060765277,198.6434401015188,30.439872589258265,16.19513005343517,22.73423083778269,31.558237913153512,76.52740222765847,179.17112295003966,164.70602750481865,86.69852209402895,131.865031871583,31.466198896392545,14.25695668489198,13.198206440134557,1.0587502447574237,3.4610356412376833,1.6195360823942504,0.27112984720367056,0.07795561814487567,30.070059089643166,11.961496618959881,9.973879476943814,8.134682993739473,1.939745118686165,217.07781872683185,0.2997212892160366,38.52471572609845,42.711906342741116,2.6411371237458194,$R_{a}^{syst}$,[mmHg*s/ml],9.759243746150371,15.027916893103955,9.473738680347815,9.381764567629212,9.41903362847778,2.254653915387159,4.877940789677152,14.415482055038359,12.081759548187007,12.917152503422829,16.48468093718857,8.815587878738638,9.5269957015915,1.0423169725509376,0.31644393625384115,0.5567523353470972,5356.877442535693,2.836624035902046,0.33341532930830187,1.4623694672954548,0.5988575316894541
236.28960111774057,198.37809563995316,216.7224379690103,384.4686752617517,76.45428034712172,198.71809250572466,30.428387408361793,16.19684250861473,22.72924090339204,31.54389118431694,76.45492091915676,179.0856849629218,164.7502379486873,86.73357978606154,131.85705762302257,31.44389829894292,14.267884183631713,13.210114883279843,1.0577693003518707,3.4616117707164222,1.6238007834623767,0.2707779284808658,0.07790877897924423,30.132616752881972,11.986079453636204,9.99434658696083,8.15219071228494,1.9397451186861647,217.36344476537434,0.2997212892160366,38.47373904563784,42.69181031135243,2.6508361204013378,$R_{a}^{syst}$,[mmHg*s/ml],9.7692844147409,15.033870905668397,9.463273945082909,9.37138781080179,9.40863848088175,2.2541158414852838,4.874807539210989,14.421270433256177,12.086037996730527,12.921473698643902,16.491746181679588,8.80659775113983,9.530839317234042,1.0409291083142977,0.31601515043235895,0.5567521954653175,5351.799624298521,2.8430513475307,0.33363109871559843,1.4656829498590858,0.5992452323187681
236.74213315111413,198.85105581105387,217.1857759920316,384.8410885679176,76.38206516687708,198.79274592219778,30.417002283183553,16.198568862247306,22.72430490764498,31.529672766317457,76.38285330457182,179.00089264169364,164.7943631429634,86.76841083885225,131.84933514098307,31.421690502577285,14.278811746105081,13.222015084718954,1.0567966613861264,3.4621874636781405,1.6280625707604595,0.2704288680182544,0.07786245774846366,30.194998137158024,12.010591579472738,10.014753043448243,8.169653514237046,1.9397451186861652,217.6485012053254,0.2992925033945544,38.4229639831883,42.67177228968768,2.660535117056856,$R_{a}^{syst}$,[mmHg*s/ml],9.779312306281692,15.039817285296007,9.45284205239387,9.361043622347992,9.398276437703275,2.2535842858576314,4.871695619207212,14.4270523533751,12.090306887201894,12.925788827902165,16.49880164051989,8.797659466555972,9.534670103232783,1.039547600297182,0.31601515043235895,0.5567520615881743,5346.744561681396,2.8494712826867663,0.33384655149707204,1.4689926296176377,0.5996323579741247
237.19316939575165,199.3226066725939,217.64764019641103,385.21173652645564,76.30993985283013,198.86680849244092,30.405555196857307,16.20027222612168,22.71931824770775,31.515374774557834,76.31045343218914,178.91585261495163,164.8380154741964,86.80307028404413,131.84136058139987,31.399470168499608,14.289653254523945,13.233832307143237,1.0558209473807072,3.4627411633927054,1.632312619998854,0.27007881117363874,0.07781588288355934,30.25717891586532,12.035023470749554,10.035094162959062,8.187061282156703,1.939745118686165,217.9324012107975,0.2992925033945544,38.3723862374604,42.65158861938209,2.6702341137123744,$R_{a}^{syst}$,[mmHg*s/ml],9.789298884549732,15.04571960359743,9.442433329755636,9.350721715598766,9.387936664675667,2.2530487977885896,4.868581403942081,14.432789140326932,12.094539625461888,12.93006673401596,16.505807233978647,8.788739218928896,9.538475828686556,1.0381647641356577,0.31601515043235895,0.5567519328355173,5341.6957896981085,2.8558848510573815,0.3340632933108533,1.4722990270967866,0.6000217935651901
237.64316417776666,199.79323413486026,218.10842564921262,385.58190684159393,76.23806581254883,198.94083396165726,30.394173127800517,16.20199633872538,22.71437202598644,31.50116745037781,76.23851724939463,178.83119508945435,164.88171374250828,86.83775287174899,131.83351473194583,31.377402002215284,14.300486032377572,13.245635495300725,1.0548505370768473,3.463293465399661,1.6365583619583572,0.26973065173423444,0.07776956658968719,30.319223055610923,12.05940299889336,10.055391480810705,8.204428575906858,1.9397451186861647,218.21564469918778,0.29886371757307223,38.32197960286148,42.63155385796021,2.679933110367893,$R_{a}^{syst}$,[mmHg*s/ml],9.799271152679117,15.05162120026963,9.432058561637108,9.340433682015506,9.377631070305902,2.252516572675588,4.865477973728885,14.4385261470994,12.098778712225482,12.934348826313679,16.512809827229475,8.77984106840148,9.542283528620068,1.036790773612324,0.31601515043235895,0.556751799198505,5336.6646068784175,2.862292509305363,0.33427893798275243,1.4756023777206675,0.6004092639915621
238.0913793060412,200.26181589035,218.5674644830525,385.9496788218241,76.16618153680612,199.01404299200618,30.38276692292885,16.203675030485435,22.709389053277256,31.48695015654749,76.16683464895537,178.74664012351536,164.92474268807655,86.87207667176476,131.82535148617464,31.355393453852304,14.358272434673134,13.304391509051083,1.053880925622051,3.4638170201038405,1.6599193656892832,0.2693829752339148,0.07772309209212214,30.381036144373883,12.083692437912429,10.075613616836888,8.221730089624566,1.9623647396789867,221.045237720824,0.29843493175159,38.27176232978971,42.611617536600114,2.6896321070234115,$R_{a}^{syst}$,[mmHg*s/ml],9.809139718712471,15.05745899630967,9.421691690195578,9.33015339491504,9.367333272472358,2.2519811721085263,4.862371290112019,14.444200063927797,12.102966610870288,12.938577250455554,16.519738650545186,8.7709379445677,9.546047850260843,1.0354196483797236,0.31601515043235895,0.5567516656287443,5331.632707576428,2.9021441440386155,0.33449350630281144,1.4789014933652764,0.600794801260388
238.539031157385,200.7301021723126,219.02592388645542,386.31696014604915,76.09441057444234,199.08716190216253,30.371278725454868,16.205344194718258,22.704352990986894,31.47264336580665,76.0946845756369,178.6616346050137,164.9675675838111,86.90622294435673,131.81701181724335,31.33329707334635,14.369081575503271,13.316175327621815,1.0529062478814555,3.464334297616869,1.6641922583269588,0.26903365608852564,0.07767620077385462,30.44275831895743,12.107943937292024,10.095805021384951,8.239009360280457,1.9623601042227605,221.32929600265467,0.29843493175159,38.221656206961974,42.5915081006997,2.69933110367893,$R_{a}^{syst}$,[mmHg*s/ml],9.819001301719574,15.063276741108325,9.411322163343057,9.31987206969342,9.357035788537154,2.251440231002628,4.859259703796299,14.449852727353049,12.10714136302359,12.94278876502163,16.52664507165161,8.762039184774514,9.549801125856213,1.034043966464139,0.31601515043235895,0.5567515319860045,5326.608740210963,2.9086143690689426,0.3347096071194458,1.482202151791589,0.601183091361228
238.9853273914294,201.1968850937068,219.48297295752505,386.68398300412446,76.02311336853577,199.1603970318428,30.359936649329775,16.207059719427313,22.699414265791862,31.45849549970218,76.02335578081093,178.57748251857365,165.01079671920854,86.94052272610585,131.80892454270042,31.311392628361435,14.37990757143037,13.327965328042932,1.051942243387439,3.464857508278438,1.6684617307634046,0.2686879400145727,0.07763004510227244,30.50433564999723,12.132143387699347,10.115954723744725,8.256237538553163,1.9623554973680566,221.61276331665894,0.2980061459301079,38.17180247756827,42.571635969223514,2.709030100334448,$R_{a}^{syst}$,[mmHg*s/ml],9.828848715199504,15.069111609474847,9.40103655332643,9.30967147194724,9.346817866327262,2.2509069740961136,4.856161227688861,14.455522535168992,12.111329404598084,12.947018482868348,16.533568767241672,8.75317557999823,9.553565698311626,1.0326789456896206,0.31601515043235895,0.556751399750575,5321.617935797504,2.9150708711750735,0.3349240567745325,1.485495811072364,0.6015684144208326
239.42980865344543,201.6616991263405,219.93823551892086,387.04864549234475,75.95184030293407,199.23284482098188,30.348611197239283,16.208734281679906,22.694459792719286,31.444393683968638,75.95217559166092,178.49366315461998,165.05339880047185,86.97438905905261,131.80084465993448,31.289607296613788,14.390624774155558,13.339643144310847,1.050981629844712,3.465353768818472,1.6727125500070752,0.26834359249828577,0.07758389930850774,30.565619074180688,12.15622223655538,10.136000931571893,8.273395906053423,1.9623508991223384,221.8946304430647,0.2980061459301079,38.12214816848077,42.55174903652877,2.7187290969899665,$R_{a}^{syst}$,[mmHg*s/ml],9.838642131641837,15.074886416772257,9.39075570596274,9.299475849818243,9.336605479673336,2.2503752278134352,4.853083038996733,14.461135001873913,12.115466998846802,12.951197538719278,16.540422356163106,8.744363879009635,9.557286117895893,1.0313208707186523,0.31601515043235895,0.5567512669380039,5316.628821205385,2.9215174979044285,0.3351382450570068,1.4887844468647669,0.6019532688271826
239.8745844575841,202.1267400513856,220.39365705041408,387.4153255743499,75.88124381304286,199.30651629278978,30.33755538898903,16.210449244609194,22.689696791600372,31.43060085375976,75.88174648599777,178.41104282812617,165.09716871813015,87.00892664092753,131.79382505604656,31.268088155461633,14.401513208986412,13.351475539310849,1.0500376696755636,3.465891524781078,1.6769847107111369,0.26800465670213036,0.07753911145866788,30.62690184733668,12.180299454370516,10.156043805426604,8.290558587539559,1.962346333869917,222.1775542532474,0.2980061459301079,38.07263566915699,42.531978560934206,2.7284280936454848,$R_{a}^{syst}$,[mmHg*s/ml],9.848495403014725,15.080761396921638,9.380557176131235,9.289362308344337,9.326476156017804,2.249864300651099,4.850054584704154,14.466849264482994,12.119694185314843,12.95547085388187,16.54739167384297,8.735671762916631,9.561076257893873,1.0299788657415945,0.31601515043235895,0.5567511306074289,5311.687066913,2.927964053945283,0.3353524216553507,1.4920730369603434,0.6023381062369341
240.31613882757165,202.58876711897707,220.84601136660348,387.7769473710554,75.81018327874861,199.37796023603616,30.32620057479293,16.211993461698285,22.6847014428419,31.416479805521078,75.81080066435376,178.32731892860966,165.1389556157818,87.04237501873544,131.78536536223493,31.246423816994223,14.412083869006326,13.363005516917838,1.049078352088488,3.466351524801738,1.6812116934575467,0.2676609774085413,0.07749282425344572,30.68782072007773,12.204238018679693,10.175974359822495,8.307608341575548,1.9623417656157833,222.45712781441262,0.2975773601086257,38.02335182334083,42.51216309414899,2.7381270903010035,$R_{a}^{syst}$,[mmHg*s/ml],9.858213439243787,15.086460688332437,9.370313168720859,9.279202759583276,9.316299948724824,2.2493277899370825,4.846968824090134,14.472383323845786,12.123768269291078,12.959585455850517,16.554154722758007,8.726858749434278,9.564746555786522,1.0286271728422807,0.31601515043235895,0.5567510035612778,5306.712829512403,2.9343963857263566,0.3355660118958996,1.495354396029757,0.6027218806063025
240.75755212717604,203.050421947698,221.29809123262206,388.13955339488507,75.73961994976996,199.45009005090336,30.314922929691512,16.213613163042595,22.67976938069542,31.40243756268882,75.73985052356515,178.24379959831464,165.1813066654575,87.07616021177037,131.77728142706306,31.224790606747558,14.422744116130342,13.374621223033117,1.0481228930972253,3.466834806228591,1.685450243784872,0.26731847063702435,0.07744693306103466,30.748701523905904,12.228160461031397,10.195893272949998,8.324647789924512,1.9623372223179745,222.73711492336213,0.2975773601086257,37.97422198728505,42.49227782074351,2.747826086956522,$R_{a}^{syst}$,[mmHg*s/ml],9.867960070759798,15.092204859618533,9.360131975842847,9.269105022784677,9.306185958496737,2.248798281920881,4.843905472289143,14.477964370716835,12.127889010377825,12.963746988228767,16.56097272764298,8.718108549511312,9.568455293178173,1.0272773646261562,0.3155863646108768,0.5567508716713557,5301.773396483897,2.940826941976735,0.3357808485123824,1.4986348465137598,0.6031078990579297
241.19761607223836,203.51082987908634,221.74877833887203,388.50090231844405,75.6692965489356,199.52197704944123,30.303790523333525,16.21524236416251,22.67491715351808,31.388572433681222,75.66968192360847,178.16123066911214,165.22352956868184,87.10975961555287,131.76961574403938,31.203382882495116,14.43337594216643,13.386196721675537,1.0471792204908927,3.4673103386081983,1.6896801986582801,0.2669800984576452,0.07740169848987222,30.80935604789579,12.251991619434238,10.21573212435891,8.341632304102644,1.9623326990069447,223.01618311807493,0.29714857428714353,37.925294079350905,42.47258600505802,2.75752508361204,$R_{a}^{syst}$,[mmHg*s/ml],9.877649918090562,15.097936404710484,9.34997677317051,9.259033392706908,9.296098693224362,2.2482774640224603,4.840869705689333,14.483534154621958,12.131993259565547,12.967897319950156,16.567771868451576,8.709427718632451,9.57214645291976,1.0259410220078233,0.3155863646108768,0.5567507409177203,5296.850758425492,2.947248002680315,0.33599401376706683,1.501910457982887,0.6034909144678119
241.63768184033864,203.97078808308478,222.1993661558389,388.8638485325522,75.59948059791016,199.5946825281604,30.292812984737978,16.216966155016827,22.670179555151392,31.37488501962344,75.59987123630758,178.07929147296866,165.26668071321748,87.14376036900174,131.76263522289548,31.182152553168173,14.444116953628761,13.397872047880455,1.0462449057483063,3.4678133024700104,1.6939233023594427,0.2666447733339589,0.07735722087266969,30.86998050653679,12.275808534593367,10.235558953723075,8.358613018220353,1.9623293552719512,223.29583502001663,0.29714857428714353,37.87650033574616,42.45292678951566,2.7672240802675585,$R_{a}^{syst}$,[mmHg*s/ml],9.88736129565126,15.103728486515248,9.339895958061438,9.249035433364215,9.286085650298103,2.247768623934041,4.837872384897165,14.489168037328042,12.136155289928755,12.972107207250678,16.57464281759633,8.70083513159793,9.575881940700151,1.0246148657539063,0.3155863646108768,0.5567506053964552,5291.963641853711,2.9536689042568542,0.3362075978146767,1.505185098679583,0.6038746874379551
242.0759103419001,204.42909778048244,222.64815506453075,389.2242944682116,75.52964948627405,199.66654902829296,30.2818324155347,16.218643964011328,22.665419608848854,31.3612151308247,75.53048206888961,177.99758509308535,165.30922615375673,87.1774210148116,131.75521387447273,31.160950387294214,14.4547326275268,13.409419528221001,1.0453130993058,3.4682862642254246,1.698144438303438,0.26631045231438555,0.07731275878553318,30.93041087154526,12.299555474209345,10.255328002765385,8.37552739457053,1.9623293552719514,223.57388055052448,0.29714857428714353,37.82789348233359,42.4334307846875,2.776923076923077,$R_{a}^{syst}$,[mmHg*s/ml],9.897017443047647,15.10946504892291,9.329818681586122,9.239040941276844,9.276075834263917,2.247256034562554,4.834853174496145,14.494745316825854,12.140270905775536,12.976268015863225,16.581446410407217,8.692190088128262,9.579577499946323,1.02329101599266,0.3155863646108768,0.5567504804399622,5287.075464039183,2.9600810022447464,0.33641970837776,1.5084526938825316,0.6042558025489448
242.51312183970302,204.88644475824057,223.09588857653387,389.5841526449534,75.46013377021981,199.73842694426702,30.270816829507993,16.22033984271528,22.66063908523001,31.347496720535304,75.46079283326509,177.9156287402471,165.35167250305403,87.21105024234329,131.74773590154584,31.139782343076828,14.465341685186365,13.420962840656822,1.0443788445295432,3.4687602966183655,1.7023628093396925,0.26597532636977406,0.07726810636581262,30.99069630759196,12.32324403232985,10.275050357020213,8.3924019182419,1.9623293552719514,223.8513989365393,0.2967197884656614,37.779477351784415,42.41380780742775,2.786622073578595,$R_{a}^{syst}$,[mmHg*s/ml],9.906660816890051,15.115191816183515,9.319775052885934,9.229079213310346,9.266098935501567,2.2467417180376645,4.8318423983220695,14.50031085597599,12.14438064894765,12.980422415093955,16.588237427572444,8.683578760941902,9.583270857834652,1.0219676714704196,0.3155863646108768,0.5567503501933323,5282.209363915387,2.9664855832111154,0.33663310360876814,1.5117164584229552,0.6046392310159694
242.94964642250045,205.34275832537816,223.54289584834535,389.9441378086014,75.39089731756597,199.81042306925937,30.2599415874192,16.222060430694743,22.655942697532236,31.33394271773565,75.3915216027753,177.83450026073066,165.39431474606425,87.24476623894729,131.74103177994047,31.11880813103751,14.475971370333232,13.432516488473075,1.043454881860157,3.469237695978482,1.7065820147829311,0.2656437445117528,0.07722409364278256,31.05079198393949,12.346848397743985,10.294698203280435,8.409245382915072,1.9623293552719514,224.1286284887242,0.2967197884656614,37.73121349702241,42.39420443853167,2.796321070234114,$R_{a}^{syst}$,[mmHg*s/ml],9.916302578158634,15.120933235333904,9.30977391839461,9.219160177024266,9.256165893671682,2.2462399316344395,4.828882859315186,14.505892046670898,12.14850324438844,12.984592578781685,16.59504526650554,8.675107632626379,9.58697203963827,1.0206571332483083,0.3155863646108768,0.5567502169728706,5277.362812229618,2.972887131779801,0.3368463918707455,1.5149786776582161,0.6050224707629694
243.38374071895797,205.79708336686443,223.98756976148965,390.30016396533404,75.32136685134951,199.88083233189033,30.248749045029143,16.223655182058526,22.651022141320688,31.32002910725859,75.32167694590031,177.75192770014786,165.43548141690343,87.27775263404114,131.73265755185503,31.097560036179193,14.486366177286266,13.443853675360682,1.0425125019255848,3.46965931527547,1.7107690080418807,0.26530619666694955,0.0771785602133695,31.110716703439444,12.370399368911535,10.31431040321114,8.426006931316769,1.9623293552719514,224.40340290963343,0.2962910026441792,37.683136483183546,42.374604832956564,2.8060200668896322,$R_{a}^{syst}$,[mmHg*s/ml],9.925846005833666,15.126536885797652,9.299754949407179,9.209221995171669,9.246212167778802,2.245710423065197,4.825841657192863,14.511335971947814,12.152519686954681,12.988646210770534,16.60169700920954,8.666431969028238,9.590591754759055,1.0193293582024732,0.3155863646108768,0.5567500898070961,5272.495679594465,2.9792794832375358,0.33705929231761167,1.5182362100599822,0.6054050075400916
243.81840791704863,206.25153800573634,224.4326315905784,390.65923643927897,75.2527739870349,199.953005192127,30.238117202207864,16.225451740375863,22.64647871283331,31.30676243525235,75.2536192948425,177.67213004057092,165.4783962831098,87.31151657843893,131.7264065979896,31.076866012874675,14.497023207659218,13.455416861211516,1.0416063464477026,3.470143463985772,1.714985341384764,0.26498069100481664,0.07713570999018446,31.17056762833667,12.393910965362021,10.333879284653335,8.442777378321313,1.9623293552719514,224.67976321615208,0.2962910026441792,37.63523029560244,42.355331293466534,2.8157190635451506,$R_{a}^{syst}$,[mmHg*s/ml],9.935476389651157,15.132300058688843,9.289833783074386,9.199382005115952,9.236358646671121,2.2452219603374233,4.822910802455248,14.516941211599665,12.156656200905054,12.99283830279077,16.608524138553353,8.658023201851154,9.594300570448375,1.0180351183703193,0.3155863646108768,0.5567499575281757,5267.694179092443,2.985667521769517,0.3372704141779957,1.5214915446014645,0.6057843554679163
244.25053823135306,206.70363415104137,224.87529155705963,391.0140010145695,75.18367597991985,200.02324509451398,30.227062224753563,16.227023113664718,22.641629147895845,31.29303573705993,75.18413474402904,177.59043720027591,165.51962437244612,87.34439737189979,131.71868113659818,31.055887608811407,14.507391310775917,13.466716175588601,1.0406751351873156,3.470558468511776,1.7191635540852168,0.26464709368758277,0.07709076614465936,31.23013832492495,12.417314010469594,10.353364660949715,8.459459653505645,1.9623293552719514,224.95328997428092,0.2962910026441792,37.587469368569856,42.33568875065094,2.825418060200669,$R_{a}^{syst}$,[mmHg*s/ml],9.944978850745642,15.137892556109602,9.279883332144367,9.189512186377744,9.226474373663244,2.244704234678311,4.819924221162922,14.522373191708736,12.160664570024052,12.996885241618212,16.61516003885988,8.649505969616891,9.597909180221604,1.016725336669639,0.3155863646108768,0.5567498271284625,5262.85731859439,2.9920496310177986,0.3374837151376119,1.524743857589157,0.6061676154948173
244.68224226839882,207.15525021048475,225.31742457862524,391.3697748026085,75.11519923804322,200.09426494213676,30.216299199975182,16.228672544020345,22.6369789917829,31.27963558775567,75.11583505705347,177.51015144396234,165.56175165071176,87.37764171500277,131.71157824820625,31.035120574695778,14.517874239265344,13.478111283081372,1.0397629561839727,3.471001049338776,1.7233531307756031,0.2643197472124887,0.07704730814684983,31.28966101576294,12.44070281810339,10.372835816567578,8.476122381091976,1.9623293552719514,225.22722713595323,0.29586221682269703,37.53990613362408,42.31636018899267,2.835117056856187,$R_{a}^{syst}$,[mmHg*s/ml],9.954481112701535,15.143557025836426,9.269992354589673,9.17970126946382,9.216649453676835,2.2442038313729022,4.816962725626461,14.527880310671039,12.16473045966486,13.00099957148343,16.62187911710542,8.641041288529005,9.601561504428247,1.015428198354395,0.3155863646108768,0.556749702620081,5258.0639466630255,2.9984241461198646,0.33769531327357366,1.5279923006117009,0.6065478107745172
245.11222256914508,207.60512804496128,225.7578676786414,391.7230767603902,75.04666672346647,200.16440431295968,30.20544616968336,16.230258292980384,22.63225457714549,31.266139153227,75.04759134366348,177.42960945649403,165.6030970937229,87.41050954007979,131.7040806331081,31.014380974222128,14.528231781345875,13.489384699507767,1.0388470818381086,3.471413857586773,1.7275230121318317,0.2639914392793433,0.07700330943533495,31.348960188569944,12.464003748412011,10.392234671840207,8.492721768317722,1.9623293552719514,225.49954607418738,0.29586221682269703,37.492513706947626,42.29710676450835,2.8448160535117055,$R_{a}^{syst}$,[mmHg*s/ml],9.963923449754404,15.149151398339779,9.260105920290275,9.169894707993748,9.20682884062918,2.243695483639908,4.813992132076485,14.533316997984867,12.168737562558656,13.005051923139112,16.628511138279034,8.63256200660524,9.605167027224704,1.0141319455340545,0.3155863646108768,0.5567495710717095,5253.2666706426535,3.0047909643357356,0.3379058291532084,1.5312368213129612,0.6069260700152134
245.541070140629,208.05384035853768,226.19717661774624,392.0756729345353,74.97832430349476,200.23428796222132,30.194580715189787,16.231832584946634,22.627509481356814,31.252623372708356,74.97898271920305,177.3490806470912,165.6441654607244,87.44318643939995,131.69672502431754,30.99364771493591,14.587361333427886,13.549430107089899,1.037931226337986,3.4718166054844337,1.75152896650333,0.26366314073743663,0.07695930899345205,31.408054898762664,12.487217917842978,10.411560656636674,8.50927632428302,1.9848142746988138,228.35808920012684,0.2954334310012149,37.44529723982193,42.27762695223919,2.8545150501672243,$R_{a}^{syst}$,[mmHg*s/ml],9.973343523829913,15.1547219938186,9.250246535844052,9.160114618774905,9.197035192200772,2.243189337583872,4.811045054901281,14.538726438472056,12.172722489892962,13.009082714594141,16.63511805319489,8.624158013716537,9.608755762956413,1.012836689683029,0.31515757878939465,0.5567494452066991,5248.482701244633,3.0456547451739064,0.33811834414564707,1.534478456749345,0.6073079139218847
245.9683863542678,208.50120319121712,226.63496284979854,392.42636165373864,74.91002421875639,200.3036117655928,30.183694295116837,16.23338483183833,22.62273936275252,31.239106634973528,74.91069267766213,177.26855454607858,165.68478908871325,87.47563383670574,131.68899784837393,30.973010298591156,14.597702558327905,13.560686917856566,1.037015640471338,3.4722000949031684,1.7557214164206392,0.26333511324338804,0.07691514711081444,31.466992031069154,12.510375526263296,10.430840984484652,8.525775520321208,1.98480995812565,228.63097556176024,0.2950046451797327,37.39823938193414,42.25830851358925,2.8642140468227426,$R_{a}^{syst}$,[mmHg*s/ml],9.982719830741091,15.16024446376422,9.240401224733626,9.150348504374668,9.187255209640243,2.2426778234356815,4.8080814687512285,14.544092609021337,12.176678690789299,13.013078608346035,16.641670558385083,8.615707761354825,9.612316724889373,1.0115454504403625,0.31515757878939465,0.5567493207925208,5243.701695312948,3.052074511337754,0.33832942728427434,1.537716242727829,0.6076871846070142
246.3957427093557,208.94843110737563,227.07273296683798,392.777881634858,74.84203333600709,200.37334331741963,30.172877938979127,16.234977470087603,22.61802160072424,31.22564567067326,74.84248485129652,177.18831731206126,165.7257505057869,87.50828196968911,131.6816587402682,30.952396429836316,14.608104656165585,13.572000444531707,1.0361042116338788,3.4725952776894444,1.7599252282177533,0.2630084140935212,0.07687134673325881,31.525891634904458,12.53351535684478,10.450104897089759,8.54227138096992,1.9848056593389145,228.90427533441044,0.2950046451797327,37.35129239094781,42.23895005418733,2.873913043478261,$R_{a}^{syst}$,[mmHg*s/ml],9.99212042027066,15.165801513136833,9.230567747651511,9.140595857677514,9.177490578301827,2.242173204183213,4.805137924731454,14.54949026992002,12.180656551624253,13.01710295929343,16.648260238255418,8.607318141190932,9.61590045516946,1.0102537738230024,0.31515757878939465,0.5567491932089674,5238.9423335204965,3.058498882663077,0.33854129092247376,1.540956349188253,0.6080678608103656
246.82190364780146,209.39424842584464,227.50924832332163,393.12891816458546,74.77442506815872,200.44326166509958,30.16218262197607,16.236622362527296,22.613380401211646,31.212366014385033,74.77482969345964,177.10870552952838,165.76702417326382,87.54102237421274,131.67452696310096,30.931964883192677,14.618524959867678,13.583323465407009,1.0352014944606682,3.4729991053828853,1.7641242545386642,0.2626847149302782,0.07682808769600967,31.584649800890595,12.556601474437404,10.469325528271467,8.558722798181726,1.9848013848465078,229.1769385702596,0.2950046451797327,37.30453418438768,42.219737008349846,2.8836120401337793,$R_{a}^{syst}$,[mmHg*s/ml],10.001509686797835,15.171369602138897,9.220816480146649,9.130922575301266,9.16780408854115,2.2416749321401497,4.802212360149429,14.554902495967026,12.184657870403809,13.021145136121683,16.65486278838203,8.598969428743397,9.61949383616125,1.00897242450486,0.31515757878939465,0.5567490633812059,5234.20975477111,3.06491074135788,0.3387522025991331,1.5441901465596273,0.6084468297833302
247.2458340406354,209.8381732703953,227.94360296327878,393.47683671028017,74.70669513215543,200.51193154497292,30.151426372198703,16.2381877567453,22.6086700465188,31.199017580747554,74.70712204265078,177.02909677312186,165.80740663575415,87.57316348780967,131.66703929242436,30.91158238063252,14.628772106980756,13.594474451750049,1.0342976552307075,3.473360324503967,1.7682959566952403,0.2623609222260166,0.07678446607914899,31.64308499637054,12.57955788164193,10.488436060928684,8.575091053799918,1.9847971126665866,229.4475040164998,0.29457585935825054,37.25797989003933,42.20047630836327,2.8933110367892976,$R_{a}^{syst}$,[mmHg*s/ml],10.010821837148551,15.176850224524673,9.211047557904218,9.12123194562759,9.158100580059589,2.241171206116994,4.799285351017146,14.560224076737912,12.188575720441461,13.025106292656451,16.661360086545848,8.590632240423659,9.623022149179569,1.0076936675196797,0.31515757878939465,0.5567489354458489,5229.468659250881,3.0713111269426303,0.3389629078803164,1.5474181755616854,0.6088254261480935
247.67009031861056,210.2818905270746,228.37815594898245,393.8266812900927,74.63958361946686,200.58171629885638,30.140878894206715,16.239864184462103,22.604116541124107,31.185901957875902,74.64013603705813,176.9503781072245,165.84876543160848,87.6058478004702,131.66036630883875,30.891375799289865,14.639176544279676,13.605770031174174,1.0334065131055026,3.473760011808152,1.7724879683439512,0.2620412306955337,0.07674190471320717,31.701557225955835,12.602530423162518,10.50756024643321,8.591466556360107,1.984792871275172,229.71906748972972,0.29457585935825054,37.21155895797489,42.181393922667596,2.903010033444816,$R_{a}^{syst}$,[mmHg*s/ml],10.020153727604136,15.182414835003266,9.201362945195886,9.11162469705145,9.148480835356457,2.2406813684485205,4.79639305503352,14.565632931167054,12.192567099853996,13.029147181253839,16.667954091588044,8.582367597807563,9.626609457094787,1.0064258336127896,0.31515757878939465,0.55674880747124,5224.77085336268,3.0777109993123855,0.3391730318085677,1.5506459358326117,0.6092029785372973
248.09161729163523,210.7232465993101,228.8100965885502,394.17230497962294,74.5721509341007,200.64976328873126,30.130101395872956,16.24140825150356,22.59937669096097,31.172541573193364,74.5726647416467,176.87081157313636,165.88858898417558,87.6376865099641,131.65262619623238,30.8710969094937,14.649327901146322,13.61682441766645,1.0325034834798716,3.4740991288935428,1.7766425043042013,0.26171785940726167,0.07669819078780817,31.759694685317967,12.625372525187522,10.526577783419524,8.607744376710922,1.9847886274617854,229.98788339473055,0.2941470735367684,37.165332124909,42.16222229003048,2.9127090301003347,$R_{a}^{syst}$,[mmHg*s/ml],10.029367592708784,15.187836516275386,9.191644174565605,9.101983303982408,9.138826515658598,2.2401744646149595,4.7934653079442615,14.570898820135639,12.1964436811472,13.033064996932488,16.674385857538635,8.574037047458235,9.63010445693002,1.0051524853515659,0.31515757878939465,0.5567486822013247,5220.05056538705,3.0840988293065394,0.33938316656447226,1.5538676444607549,0.6095805475867272
248.51221153782612,211.1637889658335,229.24107753538658,394.51744605335773,74.50495275765061,200.71772921236322,30.11935653646585,16.242964499540342,22.594657226498278,31.159213852258056,74.50533650607278,176.79144651946476,165.92836303310318,87.66952105236498,131.6449748297958,30.850819171631947,14.65946685861672,13.627863508008504,1.0316033506082154,3.4744358277866842,1.7807932405094564,0.2613955069486778,0.07665463557498697,31.81769107367652,12.648157287606006,10.54554750233168,8.623986283738844,1.9847844017575709,230.25613971548313,0.2941470735367684,37.11926846224079,42.1430662924463,2.922408026755853,$R_{a}^{syst}$,[mmHg*s/ml],10.038568242127996,15.193254848808644,9.18195686449269,9.092372747027492,9.129203321197314,2.2396692044940663,4.790549174453968,14.57615753014554,12.200315304187601,13.03697940205198,16.680810803298172,8.565750157978918,9.633596794329478,1.0038800237857255,0.31515757878939465,0.5567485571820363,5215.346693035543,3.0904809840556413,0.3395933539237658,1.5570864932830748,0.6099582110146919
248.9325890287604,211.60360208503312,229.67175040325745,394.8634308348486,74.43822847827029,200.7863814233716,30.108800527747675,16.24453013420994,22.590069224802555,31.14610918329383,74.43866553308052,176.7129898032201,165.9687837576541,87.7016536572118,131.63796658769905,30.830740835626738,14.669702326563307,13.63898686732002,1.030715459243288,3.4747961303751733,1.7849546286980056,0.2610772204348313,0.07661199063967598,31.87564569620829,12.670926476017355,10.564503268083714,8.640215952107225,1.9847801985819118,230.52477188538435,0.2941470735367684,37.0733452889478,42.12404850145548,2.9321070234113713,$R_{a}^{syst}$,[mmHg*s/ml],10.047795642221766,15.19872560045577,9.17233091744312,9.082823139066827,9.119641487568254,2.239176170377284,4.787662371138837,14.581476163000616,12.204236508262325,13.040946334121973,16.687298240685298,8.5575213187599,9.637124652665568,1.0026193697242922,0.31515757878939465,0.5567484302327897,5210.675993478921,3.096859995166035,0.3398029118944495,1.5603037542286464,0.6103347462558086
249.3514448059266,212.0421280510585,230.10092325183854,395.20763726985325,74.37155340836547,200.85439958581657,30.098217845455185,16.24604694500435,22.58544730744058,31.13297718476525,74.37204900465589,176.63460786571864,166.0086833581699,87.73348275748447,131.6307829721915,30.8107085605684,14.679842566820962,13.650015036959054,1.0298275298619077,3.4751347065473226,1.7890990483140816,0.260759068439805,0.0765691957317022,31.933391661217367,12.693613010137186,10.583390146200472,8.65638850487971,1.9847782630528783,230.79212762396696,0.2937182877152862,37.027594895470365,42.105026813995075,2.9418060200668896,$R_{a}^{syst}$,[mmHg*s/ml],10.056979678168393,15.204149857009318,9.162717067926161,9.073285294174383,9.110091546292487,2.2386811225348153,4.784777515121913,14.58674262643185,12.208114833182055,13.04487019754601,16.693726337069222,8.54930998667579,9.640618149981488,1.0013610018569143,0.31515757878939465,0.5567483046961546,5206.008738585583,3.1032312362324137,0.3400122377987561,1.5635153276312044,0.6107108632945327
249.76904987690983,212.47949799556673,230.52884059040449,395.5508805834673,74.30505575370435,200.9220833038783,30.087619164859493,16.24755490690733,22.580809143246714,31.119821554800453,74.30542910796562,176.55621128363583,166.04845372415787,87.76515104185091,131.62357167125995,30.79074586736612,14.689929445628767,13.660989880261786,1.0289395653669815,3.475462288359016,1.793232784918133,0.2604409824918428,0.07652632050286519,31.990960811122292,12.716229052508789,10.60221826598297,8.672513492630525,1.9847782630528785,231.05859789725625,0.2937182877152862,36.982025336321044,42.085989820315454,2.951505016722408,$R_{a}^{syst}$,[mmHg*s/ml],10.066136594806133,15.209544164739185,9.15312173512927,9.063765727532216,9.100560128837886,2.2381848541952354,4.781896939952474,14.591980964241912,12.211968167034344,13.048769800192682,16.70012294125296,8.541120546571689,9.644093612400779,1.0001062909926224,0.31472879296791245,0.556748179678042,5201.353902759304,3.109594570026781,0.34022174951380013,1.566721395489172,0.6110873136766151
250.18516854663858,212.91513715148457,230.9552893251015,395.8919987050595,74.23853109976609,200.98917066672834,30.076974171179277,16.249032203939034,22.576124185208787,31.106649661622452,74.23889357617807,176.4777043822447,166.08772181938232,87.79654562239833,131.61577306756496,30.770759346505073,14.699922017912083,13.671871707112668,1.028050310799415,3.4757682289345584,1.7973503511925428,0.2601225882746024,0.07648322912353386,32.04839078836339,12.738796254184258,10.621008383861067,8.688586150318057,1.9847782630528785,231.32372063560308,0.2937182877152862,36.936582629551346,42.06701001469237,2.9612040133779263,$R_{a}^{syst}$,[mmHg*s/ml],10.075246044932893,15.214888238701045,9.143538633481999,9.054258026055656,9.091040059358662,2.2376823874223843,4.778993423319119,14.597170039596518,12.215792249748597,13.052630378630997,16.706460461099766,8.532873667300027,9.647538313844775,0.9988497715870646,0.31472879296791245,0.5567480601747313,5196.697176983626,3.11595228527268,0.3404307443199703,1.5699246325279133,0.6114628297279178
250.59921931580132,213.34907392827705,231.37974332570073,396.2299936032546,74.17182936485018,201.05497717617737,30.066174702306792,16.250404880076022,22.57131473262961,31.093299065090974,74.17201827395319,176.39870453418584,166.12585803451168,87.82733173071227,131.607608247727,30.75074515629137,14.709732893430779,13.682579251770527,1.0271536416602522,3.476030855155557,1.8014403854015673,0.2598020506019409,0.07643926714612914,32.10549703830402,12.76122930303308,10.639686246268973,8.704581489001965,1.9847782630528785,231.58677015598406,0.29328950189380404,36.89131719422993,42.04793820329828,2.970903010033445,$R_{a}^{syst}$,[mmHg*s/ml],10.084271573665614,15.220128371497397,9.133946747641192,9.044741351616208,9.081511216615299,2.237169931419209,4.776091856242529,14.602253821301094,12.21952729180647,13.056399961375226,16.71267876720725,8.524650598167693,9.650915063674983,0.9975921535679849,0.31472879296791245,0.556747934349874,5192.028055539513,3.1223009077585506,0.34063970570815866,1.5731232883193693,0.6118382928639522
251.01372862341034,213.7832005068835,231.80451122649265,396.5707247544658,74.10586305707065,201.12215816936745,30.055690638629166,16.251933884250235,22.56673236059807,31.080301341953575,74.10608459714204,176.32109060797666,166.16532446018235,87.85881347698371,131.6004699631923,30.731011895803793,14.719741312678005,13.693465172919927,1.0262761397580786,3.4763409002080894,1.8055555115479784,0.25948770207483474,0.07639690758292077,32.162648154891784,12.783681775932939,10.658378344559043,8.720588034399801,1.9847782630528785,231.85113226014562,0.29328950189380404,36.84619523357799,42.029052986012736,2.9806020066889634,$R_{a}^{syst}$,[mmHg*s/ml],10.093327437831688,15.225490018520123,9.124435934777619,9.035305360343047,9.07206381626589,2.236679285484571,4.7732338216258965,14.607456787052584,12.223361038700391,13.060276822106946,16.719030342427818,8.516536003235345,9.65436879245832,0.9963507730327777,0.31472879296791245,0.5567478099857327,5187.410413994946,3.1286476224100066,0.3408482601803619,1.5763209828778002,0.6122130236831943
251.42753794997998,214.2162962364578,232.22852229027478,396.91136885813626,74.04024523042912,201.18957433981765,30.045332782780314,16.253507622545776,22.56223285616737,31.06744973858561,74.04065938612489,176.2441386390007,166.20499698042968,87.89034517942811,131.59375909128283,30.71141879972014,14.729784728160453,13.704377231360342,1.0254074968001115,3.4766602026552995,1.8096720052147581,0.2591763983214799,0.07635510444279306,32.21966973539186,12.806080966393186,10.677023834689335,8.736564934309342,1.9847782630528785,232.11528097719062,0.29328950189380404,36.80123359939717,42.01028184987287,2.9903010033444817,$R_{a}^{syst}$,[mmHg*s/ml],10.10238645836462,15.230863061803905,9.114963130062414,9.025907196651179,9.062654775259542,2.2361963786640247,4.77040379446763,14.612679488291779,12.227205220154897,13.064170323030543,16.725399569577096,8.508472384102829,9.657830245327519,0.9951177838425197,0.31472879296791245,0.5567476833072853,5182.8171661300385,3.1349880089510522,0.34105605970631997,1.5795154891151333,0.6125864012227621
251.83943011008233,214.6477992751256,232.650680883585,397.2490982403396,73.97448872895403,201.25591223830006,30.03483696564319,16.255000152576066,22.557616595825237,31.054454917158207,73.97492911957121,176.16669712112994,166.24373324510626,87.9213969559432,131.58632043157806,30.69177834057386,14.739668321587011,13.715136458487041,1.0245318630999698,3.476941165545367,1.8137647118883904,0.258862882151212,0.07631267195446681,32.27648641676484,12.828403843277805,10.695608778081214,8.752473795405827,1.9847782630528787,232.37760565562849,0.29286071607232184,36.75643011240506,41.99143784179992,3.0,$R_{a}^{syst}$,[mmHg*s/ml],10.111376891209325,15.236154706817672,9.105488740886862,9.016507014242814,9.053243202936898,2.235703904638815,4.767544785272779,14.617812612401769,12.230981427239405,13.067989197974818,16.731669341998938,8.500364261338063,9.661236931305208,0.9938815716929805,0.31472879296791245,0.556747561625318,5178.214211026782,3.1413208749177146,0.34126420286986364,1.5827062062267372,0.6129603906546228
