STK_syst_list,DTK_syst_list,MAP_syst_list,Plvmax_list,SV_lv_list,EDV_lv_list,STK_pulm_list,DTK_pulm_list,MAP_pulm_list,Prvmax_list,SV_rv_list,EDV_rv_list,maxVla_list,minVla_list,maxVra_list,minVra_list,Eout_total_list,Eout_lv_list,Eout_rv_list,SW_lv_list,PE_lv_list,SW_rv_list,PE_rv_list,Ein_total_list,Ein_LAD_list,Ein_LCX_list,Ein_RCA_list,Ees_lv_list,Pes_lv_list,LVET_list,EF_lv_list,EF_rv_list,var,var_name,var_unit,Plvmin_list,EDP_lv_list,Pv_syst_max_list,Pv_syst_min_list,Pv_syst_mean_list,Prvmin_list,EDP_rv_list,Pv_pulm_max_list,Pv_pulm_min_list,Pv_pulm_mean_list,Plamax_list,Pramax_list,Plamin_list,Pramin_list,RVET_list,Ees_rv_list,CO_list,Ea_lv_list,Ea_rv_list,VAC_lv_list,VAC_rv_list
208.78918228728043,144.06512946113983,179.32704386891263,232.7728142374181,130.09366824445195,211.35249131872888,43.62511325709576,19.76551069192945,31.039314503584443,47.54031676558558,130.09328047382243,250.81402627625073,186.77327415846003,93.23637091503564,189.0272956233631,44.36864403710917,14.207196784883248,11.992424026258886,2.214772758624361,3.64223000066381,0.9481862701731364,0.6676599701305657,0.15135334638340225,23.763011494399365,9.342220764274401,7.789220450203875,6.631570279921089,2.950604578338303,204.85668383278283,0.2924319302508397,61.55293814269024,51.868423152114914,0.01,$R_{v}^{syst}$,[mmHg*s/ml],7.550337638539853,16.035387454292124,8.133661928076744,7.364789798910479,7.607648763411742,3.2194759361672287,7.755449018828973,15.573730798623828,13.292325800221459,14.350054978111658,17.476753143896673,14.396500152953724,10.301503344854316,2.6949096410059656,0.33059386836275273,0.5468972345391693,9106.556777111637,1.574686044272714,0.2708580910340583,0.5336825055560419,0.4952632303256951
207.7270614896201,143.3729650660465,178.43427917333912,231.48220743471265,129.3209138899772,210.2303704240161,43.36900696814656,19.64663018853101,30.85491464613474,47.234413197187706,129.32049757889095,249.6448531602565,185.68823482825903,92.6918694854617,184.8286181107527,44.302636337905824,14.058108435391594,11.86796159405145,2.1901468413401446,3.601231936665891,0.9385898495338852,0.659467236433808,0.1495355445987711,23.65622880117794,9.300142892061166,7.754124007854284,6.601961901262489,2.9506036016459225,203.81735518028765,0.2924319302508397,61.51390668681614,51.80178799675682,0.01191919191919192,$R_{v}^{syst}$,[mmHg*s/ml],7.510673404227135,15.946118412198727,8.22027883524028,7.528819262774399,7.749652226601944,3.183743986503072,7.693354356538206,15.481432076203385,13.213544161818094,14.264792966742812,17.37653120083966,14.525906325359749,10.240108760507994,2.5440732563262647,0.33059386836275273,0.5468972345391693,9052.463972298403,1.5760587290133912,0.27083545435446627,0.534147903884556,0.49522183922301183
206.46461281522863,142.54658979613765,177.37124884512193,229.95455461013015,128.4144779663891,208.90851829664862,43.068268915645696,19.50685723376105,30.6382869957225,46.87557187689651,128.41408927622183,248.28098848321056,184.4113396413726,92.05062166265533,180.8605367828482,44.32008748555143,13.883335859508804,11.72187075755395,2.1614651019548545,3.5531932301075164,0.9272420371908372,0.649928312027575,0.1474152253524472,23.524589549487615,9.24832089388706,7.710898156965806,6.5653704986347465,2.950602495008796,202.58146612829378,0.2924319302508397,61.46923974830047,51.72127357020956,0.013838383838383839,$R_{v}^{syst}$,[mmHg*s/ml],7.463709542128119,15.840944502389618,8.320720548686902,7.695354618529967,7.897924352849928,3.1461773288830654,7.624504901837717,15.372783754431486,13.120808043996309,14.1644472437506,17.25849231706077,14.584077943529444,10.167825745666548,2.4315105240797887,0.33059386836275273,0.5468972345391693,8989.013457647236,1.5775593946760194,0.27080654658270353,0.5346567005703411,0.49516898144656485
205.05749720534283,141.62335974515327,176.18512975831334,228.2566753557825,127.41185370656581,207.44252786180397,42.735267947360384,19.35204321304613,30.398404629770436,46.47878944784095,127.41107046048732,246.77613633266586,182.99642260642585,91.34014674722347,177.17132059592873,44.369553140623374,13.690766296431185,11.560776694236225,2.1299896021949603,3.5002778159462413,0.9146720597595412,0.639462619296351,0.14508599948208814,23.374898288073737,9.189425983775314,7.6617757030820535,6.523696601216367,2.9506012990166095,201.2036116585484,0.2924319302508397,61.420314831222186,51.63022338948171,0.01575757575757576,$R_{v}^{syst}$,[mmHg*s/ml],7.411464148616724,15.724301112550526,8.431391017562415,7.863028840094401,8.04984681180646,3.108063407715955,7.551513334859446,15.252370688527966,13.018045611580403,14.053257587414276,17.127611331429915,14.592016625310665,10.087725873564278,2.3444821796893422,0.33059386836275273,0.5468972345391693,8918.829759459606,1.5791592838914952,0.2707735588834705,0.5351991420927676,0.49510866353462507
203.54901867986877,140.63186131233275,174.9125910783767,226.43990009494246,126.34217695160939,205.8762909443948,42.38003743694435,19.186851026708588,30.142483904394737,46.05600465349161,126.34136758899731,245.17420114862313,181.48629565314698,90.58148596574758,173.7419385123186,44.41983958512521,13.48656755394087,11.389835899868926,2.0967316540719434,3.4441717630449338,0.9012899848692639,0.6284064824573095,0.14262264521421217,23.212349032215773,9.125488423775462,7.6084461959867085,6.478414412453606,2.9506000510379846,199.72629530499856,0.2924319302508397,61.36800715228213,51.53126511561873,0.017676767676767676,$R_{v}^{syst}$,[mmHg*s/ml],7.355525067804458,15.59968110522347,8.549446515331816,8.030613021032053,8.203539363715324,3.070123192847076,7.476231570289413,15.123825113508566,12.908331749081347,13.934567645571132,16.987830488880665,14.564194962055367,10.002209186494623,2.2748869829563154,0.33059386836275273,0.5468972345391693,8843.952386612656,1.5808362664314086,0.270738073677771,0.5357677215098299,0.49504377893938767
201.97289349457654,139.59426766118,173.58224504523224,224.54470747408604,125.22813143188735,204.24343740943465,42.010045969093795,19.01480552746392,29.875921010401463,45.616144131516336,125.22724123008463,243.50776078992857,179.91307177461738,89.79130116692889,170.55392562901807,44.453843597769925,13.275423541838856,11.212990386671574,2.0624331551672817,3.386161705143166,0.8874116227721078,0.617006284952919,0.1400803634890655,23.041094391441295,9.058140246376748,7.552274167664489,6.430679977400056,2.950598761794095,198.1825605182479,0.2924319302508397,61.31317266309515,51.42638609293311,0.019595959595959597,$R_{v}^{syst}$,[mmHg*s/ml],7.297113712080944,15.469758557323692,8.672631977724414,8.197116921737324,8.357624922164028,3.0327188795580526,7.399884280395303,14.989912820029991,12.79403926135134,13.810932207466438,16.842150033975372,14.510269589451317,9.913128273511997,2.21740101472979,0.33059386836275273,0.5468972345391693,8765.969200232114,1.5825722084341816,0.27070138734745014,0.5363562911115395,0.49497669809127964
200.3527174268642,138.52635288737773,172.21406716183876,222.5994063444051,124.08602076377294,202.56801526979916,41.63080270260133,18.838465340541685,29.6026962171262,45.16588985202327,124.08546013531782,241.80125335506588,178.30005801265085,88.98118022547544,167.58352638557432,44.463324858849894,13.0606418370584,11.033003352210331,2.0276384848480693,3.3271511876268196,0.8732566791253478,0.6054430256550342,0.13749944786044116,22.864000716772345,8.988504182971026,7.494193453206977,6.381303080594343,2.950597434037587,196.59557535319564,0.2920031444293575,61.256472596872456,51.31712859780267,0.021515151515151515,$R_{v}^{syst}$,[mmHg*s/ml],7.237103044823663,15.336457291918038,8.799173965163167,8.361755398799412,8.511087103894326,2.996096368941214,7.323274430649312,14.852625175541602,12.676858729717441,13.684186414348522,16.692729752034488,14.437249006317842,9.821798571580224,2.1684652803129563,0.33059386836275273,0.5468972345391693,8686.021453464105,1.5843491002702212,0.27066384453417275,0.5369587467247959,0.4949080511665808
198.7086495093284,137.44223351269122,170.8252238924709,220.6278164477729,122.9287710426507,200.86971711072388,41.246467269302045,18.65983298639134,29.325835998937723,44.710222107819185,122.9281498130181,240.07274105695586,176.66585939665146,88.16060286041503,164.80557243997006,44.44305692200212,12.844862037623175,10.852120504497416,1.9927415331257596,3.267869574775823,0.8590086790849156,0.5938469722399514,0.13490974854287768,22.683570574486005,8.91756461263293,7.435028267759765,6.330977694093309,2.950596112391642,194.98511539918056,0.2920031444293575,61.19825965348953,51.20454295302693,0.023434343434343433,$R_{v}^{syst}$,[mmHg*s/ml],7.17621022486646,15.201313981686988,8.927725292977069,8.524009889509081,8.663215310600458,2.960284889773843,7.246921004894425,14.713550541958858,12.558154780631881,13.55579642415333,16.54131829587983,14.350110362702893,9.729287868582315,2.125610537815054,0.33059386836275273,0.5468972345391693,8605.01397298555,1.5861633834403956,0.2706269144419093,0.5375738742347598,0.4948405246004709
197.05383702133827,136.35058818436252,169.42691286868808,218.6454456650338,121.76521148323364,199.16182271050474,40.86014556001693,18.48034403920215,29.047573641278394,44.252749364514514,121.764616541853,238.33621439335747,175.0235278418892,87.33615044002796,162.19809080792382,44.392682414671704,12.629850404219363,10.671817855563507,1.9580325486558554,3.2087990192343505,0.8447854748971568,0.5823145605504819,0.13233281695189839,22.5013820356469,8.845936674358486,7.375289714324156,6.280155646964257,2.95059477518766,193.36408152102572,0.2920031444293575,61.138831642562174,51.089431311050745,0.025353535353535354,$R_{v}^{syst}$,[mmHg*s/ml],7.114923846325756,15.065406597601184,9.057346903069021,8.683584624186897,8.813591443897757,2.9253951027985203,7.171240660845982,14.57380037859688,12.438868718530252,13.426787811388419,16.389159259667018,14.252374158892696,9.636334005251413,2.0872200285913673,0.33059386836275273,0.5468972345391693,8523.564803826355,1.5880076022177387,0.2705909939455305,0.5381991507514753,0.4947748440774946
195.39719948023418,135.2573733986922,168.0266981301767,216.66351680391722,120.6020448757069,197.4533125049296,40.4738266479324,18.300928200504607,28.769339042345784,43.795912074469165,120.60107018088699,236.60034843847305,173.38158087063772,86.5120723423804,159.74001846679272,44.31381860764537,12.417980434032964,10.493071778744888,1.9249086552880768,3.1502583688552477,0.8306651184394224,0.5709057362625354,0.13027664393586977,22.31860089625784,8.774084414990154,7.315367031944099,6.2291494493235895,2.950593419887807,191.74121397314832,0.2920031444293575,61.078765073994866,50.972482068110224,0.027272727272727275,$R_{v}^{syst}$,[mmHg*s/ml],7.053567310940348,14.929441077061018,9.187279035955243,8.840267223202863,8.961888191669011,2.89134871549588,7.0964450169373325,14.434110671895546,12.319631744596236,13.297830979591424,16.236989272801125,14.146894807556405,9.543418128643786,2.0521707624318912,0.3301650825412706,0.548981401122375,8442.143141299483,1.5898670223275055,0.27158684883919715,0.5388295830972057,0.49471047340391944
193.74679077898955,134.16800033527238,166.63148166662546,214.6906027512455,119.44365874869149,195.75216019283192,40.089375642891426,18.122431523301767,28.492470748380867,43.34188752349793,119.44282598284218,234.87318409758865,171.74774656681763,85.6922088038807,157.41608712474434,44.209522092442214,12.207782359782543,10.316709245380697,1.8910731144018464,3.0925148740588093,0.8167165265024497,0.5596736757581446,0.1277544195271588,22.136108483354807,8.70234345292836,7.255534328915575,6.178230701510872,2.950592101181576,190.12448935698225,0.2920031444293575,61.017798542314786,50.85417751786184,0.029191919191919193,$R_{v}^{syst}$,[mmHg*s/ml],6.992434636557316,14.794065208831258,9.317040074465819,8.994016175836476,9.107978732864318,2.8582168471380807,7.022782381026203,14.295135771315842,12.200985455340637,13.16953279655123,16.085525563459527,14.035818090103326,9.450976364870337,2.0197052797445503,0.3301650825412706,0.5489807934350469,8361.056112408405,1.5917503812990412,0.2715527921728135,0.5394681225716081,0.49464898484639325
192.10622166607746,133.08493618626366,165.24428959598322,212.73205541585136,118.29350320617317,194.06196146063218,39.70757653916404,17.945213855778963,28.217523206987234,42.89160481023295,118.29262688975685,233.15871717333158,170.1256523670342,84.878334309191,155.20887232298455,44.082288887643,12.000916707802565,10.143087794504414,1.8578289132981511,3.0356859967407948,0.8029675782609998,0.5486390689881421,0.12527512340948027,21.954465880368524,8.630943581632181,7.195988086197987,6.127534212538353,2.9505907337793826,188.51733561397194,0.2920031444293575,60.956563726256284,50.734807741208066,0.03111111111111111,$R_{v}^{syst}$,[mmHg*s/ml],6.931661579287847,14.659567767128049,9.44612446912125,9.14470905344483,9.251654761890471,2.825894397592255,6.950269138826587,14.157166109036282,12.083201065819496,13.042164057090355,15.935086087466189,13.92056816965098,9.359204090796025,1.9892496531419634,0.3301650825412706,0.5489801821158465,8280.545224432122,1.593640652313813,0.27151940792433094,0.5401090141269895,0.494588724273902
190.48067962933223,132.0109924042329,163.8695684470979,210.7928009466843,117.15406269484001,192.38785004098276,39.32947108393043,17.769797985042143,27.945273367896423,42.446182275672406,117.15308203486947,231.4608751592362,168.51996230066703,84.07267768480509,153.10700089532637,43.9333492958148,11.797949307945467,9.972694156322158,1.8252551516233095,2.979927789906436,0.7894600785172062,0.5378277374985094,0.12284508836462461,21.774237619665193,8.560097932092374,7.136904658704684,6.077235028868131,2.950589419753099,186.9249521445228,0.2920031444293575,60.894730446794675,50.61463711924213,0.03303030303030303,$R_{v}^{syst}$,[mmHg*s/ml],6.87143011855437,14.52633227135576,9.574264021475052,9.292382905659053,9.392889437123676,2.794393451900381,6.879041384323764,14.020595729712202,11.966596292986504,12.91609106201341,15.78611047581815,13.802357950376217,9.268367094299139,1.9603727474910442,0.3301650825412706,0.5489795761241715,8200.7843886388,1.5955481853960136,0.27148827302058676,0.5407557468736287,0.49453255608762375
188.87234042742503,130.94818566138238,162.50917697422892,208.8763685212011,116.02750290132008,190.73202687830246,38.955610172012385,17.59643640973509,27.676108676689495,42.00645891541732,116.02623240768744,229.78257412877568,166.93283610022397,83.27670203387862,151.0985353383412,43.76719144888256,11.599100214187986,9.805711417901351,1.7933887962866348,2.9253005385380666,0.7762081679258976,0.5272520760836557,0.1204669467970902,21.59578530345897,8.489956602044407,7.078410898169235,6.027417803245328,2.950588099944496,185.3494059727493,0.29157435860787534,60.832732079836816,50.49392141575695,0.03494949494949495,$R_{v}^{syst}$,[mmHg*s/ml],6.811826542801822,14.394556784175267,9.70118350548215,9.437033271030781,9.531612443654357,2.76368725256633,6.809099353944689,13.885619851945345,11.8513644435925,12.791496933166048,15.638809018261611,13.68189759772129,9.178601535861883,1.9327981463398125,0.3301650825412706,0.5489789717848397,8121.925203092405,1.597460958290093,0.27145848271977063,0.5414042571106903,0.49447883556851946
187.2839951938497,129.89852236163128,161.1655224761834,206.9853020114883,114.91517642647496,189.09721793399257,38.58660625779538,17.425383505688238,27.410467469233698,41.57295656819594,114.9137705970607,228.12641004218835,165.36667786234082,82.4913207453457,149.17523589479322,43.58447615137132,11.404626496519915,9.642357804526544,1.762268691993371,2.8718736285049173,0.7632311700831087,0.516924892500826,0.1181436814802191,21.41937740871593,8.42061740637788,7.020585239131616,5.978174763206435,2.950586778685415,183.7934568837129,0.29157435860787534,60.770421522852835,50.37284835885912,0.03686868686868687,$R_{v}^{syst}$,[mmHg*s/ml],6.752951231353837,14.264452948580098,9.826735480188969,9.578734221157317,9.667846085597745,2.7337140052066773,6.740514404265716,13.752453162729868,11.737662441192738,12.668570640317355,15.493456052051735,13.560073979020766,9.090036476681464,1.9063047311020014,0.3301650825412706,0.5489783712828055,8044.062349853247,1.5993836723673105,0.2714304664248614,0.5420561374168054,0.4944283429429215
185.7161026366064,128.86232226729283,159.83900075894147,205.12006256634425,113.81728774686164,187.48385957765436,38.22260699136886,17.256696951722358,27.14845102980128,41.145837977157825,113.81618017243123,226.4929553103871,163.82199364357052,81.71694625977369,147.32855892177204,43.38840364531557,11.21451193242898,9.482618196780866,1.7318937356481152,2.8196413025140945,0.7505286961773149,0.50684580765425,0.11587522309701635,21.24507912265084,8.352105377703579,6.9634472135661,5.929526531381157,2.9505854745505724,182.25756010600668,0.29157435860787534,60.70777932738226,50.25153211341914,0.03878787878787879,$R_{v}^{syst}$,[mmHg*s/ml],6.694822496039012,14.136059926829216,9.950735574666874,9.717491598395577,9.80154939141385,2.704466606202913,6.673261162659434,13.621138327352435,11.62552496375094,12.547349956463892,15.350080192811701,13.437380151701374,9.002701467397655,1.880726108383443,0.3301650825412706,0.5489777752131229,7967.210142280314,1.6013170205862,0.2714041399942014,0.5427116192355381,0.49438092441690834
184.17050445760157,127.84081650225062,158.53117595992205,203.28325100008553,112.73563536059555,185.89377653498718,37.863890790238166,17.090549672256902,26.89026886097944,40.72553513418577,112.7343047591419,224.88351598861374,162.30036189846402,80.95430762162388,145.55147628987373,43.181075384761954,11.028889602151246,9.3266186573536,1.702270944797644,2.768644317600253,0.7381112341695042,0.4970169320310247,0.1136623138216761,21.07320106884061,8.284549318707013,6.907109533388894,5.8815422167447045,2.95058417359726,180.74351045221215,0.29157435860787534,60.64519074385339,50.130088131870835,0.040707070707070706,$R_{v}^{syst}$,[mmHg*s/ml],6.637498969301546,14.009508871951203,10.073128719201083,9.853408478278718,9.932784382741962,2.675922906154623,6.607321346490637,13.491806706545725,11.515081813567457,12.427959203056773,15.208803427632626,13.314065168297859,8.916689046342837,1.8559203957391615,0.3301650825412706,0.5489771837609408,7891.494475241689,1.60325091417711,0.27137954126002656,0.5433672858830787,0.49433664874896194
182.64789502928147,126.8345219877831,157.2426601054487,201.4753126075297,111.67016235364423,184.32754610375397,37.51070045823741,16.92700528133141,26.636069747751442,40.31219111396229,111.66882247000358,223.29909081410403,160.80244334088593,80.20385679129957,143.83898968694376,42.963123067126,10.847756714477843,9.174351730855197,1.6734049836226463,2.7188789504950397,0.7259794766818704,0.4874398835842373,0.11150523170952142,20.903777379916164,8.21795751962855,6.851575228202233,5.83424463208538,2.9505828609932307,179.25194652376513,0.29157435860787534,60.58246025300392,50.00863284435296,0.04262626262626263,$R_{v}^{syst}$,[mmHg*s/ml],6.581013508247965,13.884861578007927,10.193852892927845,9.986559263223995,10.0615928714154,2.6480404150459687,6.542704352831213,13.364505839055361,11.406371148015124,12.310448312510493,15.069688128772432,13.190849577719417,8.832035012403866,1.831832160843284,0.3301650825412706,0.5489765959416711,7816.911364755096,1.6051910621934853,0.271356607858636,0.5440250749823521,0.4942954032369491
181.14832097803784,125.84320370075284,155.9734904954567,199.69629610533173,110.6209990828167,182.78537668002681,37.162980398760794,16.76605789150922,26.3858398973441,39.90573102678819,110.61960688322657,221.73933433762934,159.32832703413888,79.46527908656218,142.18517343514324,42.73683662255055,10.671046647915848,9.025768275939686,1.6452783719761621,2.6703284546408943,0.7141301941150757,0.47810872287803446,0.10940281044560869,20.736850463195704,8.152348236147459,6.796861061338411,5.787641165709829,2.95058160084178,177.78303416944783,0.29157435860787534,60.51961108270889,49.88722781804362,0.04454545454545455,$R_{v}^{syst}$,[mmHg*s/ml],6.525371521068921,13.76211846951205,10.312842638647806,10.116997529073998,10.187993752725605,2.620783570034968,6.479362913263295,13.239237912148937,11.299391253565057,12.194814168462475,14.932734198335671,13.06771773874489,8.748731791248124,1.808344550896229,0.3301650825412706,0.548976019234581,7743.469935797169,1.6071363994493497,0.27133549897474,0.544684613701531,0.4942574711242471
179.67130905645473,124.86632343536195,154.72329118641147,197.94569738094387,109.58797051713577,181.26659327373716,36.82064488965014,16.607650598465565,26.13950033119847,39.5061151995126,109.58647336531895,220.20396227772156,157.8775988183641,78.7385949374889,140.58536711735,42.50375589630856,10.498619382082296,8.880749385880016,1.6178699962022798,2.622953622040132,0.7025542583988986,0.46901646469441877,0.10735345246097952,20.572372787269714,8.087702789152482,6.742951387903855,5.741718610213373,2.9505803120115672,176.33619137544923,0.29157435860787534,60.456793796330174,49.76589532349483,0.046464646464646465,$R_{v}^{syst}$,[mmHg*s/ml],6.4705556563387745,13.64124215486691,10.430037403369578,10.24476760046817,10.31200295233924,2.594142584879173,6.417261155679733,13.115960028485059,11.194107028212029,12.081017185833756,14.797894502632234,12.944966162838208,8.666755877539332,1.7854091087679362,0.3301650825412706,0.5489754405976586,7671.157936199505,1.609083465487449,0.2713159439179668,0.54534474419727,0.49422237108201156
178.21824081758683,123.90531101973198,153.49324398644276,196.2249988642939,108.57194283832989,179.772604279278,36.48395808692446,16.451924685123036,25.89725640091704,39.11359145469231,108.57026665969022,218.69410800743307,156.45124953812407,78.02426803835814,139.03666343133676,42.26522394327181,10.330553206719937,8.7393661985652,1.5911870081547377,2.576776083882477,0.6912589561846779,0.4601653780470779,0.1053577959995634,20.410519230724084,8.024090818188586,6.689903771672694,5.696524640862808,2.9505790818447606,174.91289028838673,0.29114557278639314,60.394042392389565,49.64480645998935,0.04838383838383838,$R_{v}^{syst}$,[mmHg*s/ml],6.416616584382279,13.522340911748508,10.545494542906583,10.370010771008275,10.43374148200866,2.5681076055703818,6.3564022467739125,12.99477335137578,11.090603612418622,11.969151888935352,14.665288657279687,12.823022675343587,8.586172911305109,1.763006816525909,0.3301650825412706,0.5489748740862016,7600.035998683093,1.6110321480462266,0.27129792298045813,0.5460054122796049,0.4941900545667927
176.7882536559473,122.95958794914199,152.28262518417424,194.53248660950626,107.57167296810906,178.30246684055214,36.15269893103214,16.298766198263664,25.65894122040014,38.72777925534371,107.56999269183783,217.2089605925835,155.04831423751457,77.32181978907478,137.5352097021572,42.0219261072407,10.166660410299993,8.601463763940371,1.565196646359622,2.5317450343490786,0.680232105464081,0.45154458081526655,0.10341340550978312,20.25115322601132,7.961453307739918,6.637669026613695,5.652030891657709,2.950577830718403,173.51215408885474,0.29114557278639314,60.33100656106208,49.52373622081167,0.05030303030303031,$R_{v}^{syst}$,[mmHg*s/ml],6.363519821999904,13.40532997340656,10.6591707364845,10.492764935943518,10.553220326130555,2.5426245767806868,6.296745698406701,12.875594753852308,10.988804639247792,11.859140702799829,14.534834117019665,12.701853742292306,8.506928623388983,1.7410878082483932,0.3301650825412706,0.5489747679922597,7530.017107767634,1.612991127694877,0.2712821844596089,0.5466695746514668,0.49416148114012015
175.38098660966688,122.02888326418893,151.0911125816129,192.868654957506,106.58787081640337,176.85591956713708,35.826889621610036,16.148164466482182,25.424544149644447,38.34879642260899,106.58611556993007,215.7483253019277,153.66861682233855,76.63120734136245,136.07780308720717,41.77450547361281,10.006847991684753,8.466961206209751,1.5398867854750018,2.4878340988603522,0.6694672044769447,0.4431500795921715,0.10151934539766662,20.094282015747535,7.8997982998237095,6.586253126423827,5.608230589499993,2.9505765979827725,172.13369890815196,0.29114557278639314,60.268195193738514,49.402986290052894,0.052222222222222225,$R_{v}^{syst}$,[mmHg*s/ml],6.311259451748293,13.290195987516949,10.771054925714491,10.613088261263167,10.670478711805986,2.5176820053649576,6.238241914435136,12.75841352706912,10.888703115439581,11.75096899162649,14.406556298426871,12.581581648535096,8.429010752916062,1.7196116049340342,0.3301650825412706,0.5489747679922597,7461.150957148236,1.6149464060939043,0.2712674983166841,0.5473324797593794,0.4941347291948923
173.99665171361514,121.11342728524583,149.9189359361928,191.23313562975517,105.62003705924933,175.43302366716944,35.50646222895233,16.000113903395867,25.194045474510204,37.97655220776432,105.6182271795941,214.31197882074548,152.31217037546378,75.95241155144558,134.66191004184572,41.52441746739519,9.851048704128738,8.3358081395229,1.515240564605838,2.4450254172628343,0.6589616313237109,0.4349761233920236,0.09967451262660985,19.939931759118146,7.8391346303061145,6.5356647477223975,5.565132381089635,2.950575368501601,170.77772402418546,0.29114557278639314,60.20533355204039,49.282465572274496,0.05414141414141414,$R_{v}^{syst}$,[mmHg*s/ml],6.259838976198339,13.176948214766313,10.881190513432898,10.731078263562658,10.785600210993984,2.4932757816368176,6.180876724659675,12.643225086378754,10.790301649656742,11.644637500622627,14.280406468221027,12.46246944088031,8.35242162107363,1.6985569216017282,0.3301650825412706,0.5489747679922597,7393.402594147453,1.6169064959557327,0.2712546424940148,0.5479970155030647,0.4941113113195748
172.6344774504946,120.21262875131254,148.7654187746834,189.6250893320915,104.6678326509549,174.03311121330944,35.1912589768881,15.85453034337102,24.967327131543957,37.61079107176804,104.66594537039045,212.8992440863521,150.9781927844675,75.28499322243441,133.2849107878283,41.272284869299654,9.699114660093258,8.207881019047786,1.4912336410454718,2.403278749171979,0.648705404912487,0.4270146475244429,0.0978770764777815,19.78801040502449,7.779425674097287,6.485872627734908,5.522712103192293,2.950574141360919,169.44346551967652,0.29114557278639314,60.142482037607955,49.16219680326242,0.05606060606060606,$R_{v}^{syst}$,[mmHg*s/ml],6.209232686883426,13.065521650538718,10.989558049664904,10.846773107552826,10.898603353495734,2.469380459040127,6.124602989565869,12.529958386040533,10.693540338497968,11.54008380871964,14.156315969393209,12.34457379055865,8.277114448092398,1.6779094825915182,0.3301650825412706,0.5489747679922597,7326.748285566843,1.618868579086133,0.2712433421054974,0.5486622269181306,0.49409072678786903
171.29462857443198,119.32624500798397,147.63072531012602,188.04460886249373,103.73129695660889,172.65620140488218,34.88132410118162,15.711426167755684,24.744417863929424,37.25154778122523,103.72943167721341,211.51033566598832,149.66690462390116,74.62902345384244,131.94507036369527,41.01892742800061,9.550991270071194,8.083133910678782,1.467857359392412,2.3625780156926326,0.638695931737767,0.4192627417352767,0.09612642874944356,19.63854445570395,7.720682207390029,6.436885490285949,5.480976758027977,2.9505729399225684,168.13109966935943,0.29114557278639314,60.07968211541789,49.0422519309034,0.05797979797979798,$R_{v}^{syst}$,[mmHg*s/ml],6.159445122314494,12.955931987995308,11.096214380804131,10.960276156297171,11.009577832331606,2.4459781992598137,6.069411138146845,12.418629431996393,10.598429484145354,11.437318692286324,14.034298884239528,12.227948022986382,8.203097581673289,1.657661279813541,0.3301650825412706,0.5489747679922597,7261.190786962622,1.6208329077355426,0.2712335438946865,0.549328195146424,0.49407287858904064
169.97650130603222,118.45402835831499,146.51431687766836,186.49092132649102,102.80998447411771,171.30171741220028,34.57648475025924,15.57072519021,24.52517362062126,36.89860991964748,102.80795826174389,210.14421740850256,148.37774994593306,73.98405371330547,130.63990722279652,40.76474636756914,9.4065392231109,7.961455869035576,1.4450833540753252,2.322886760106504,0.6289245687697463,0.41171088412876644,0.0944205606173007,19.491476916516696,7.662882190987957,6.388686506612238,5.439908218916501,2.9505726453907344,166.84002153356525,0.29114557278639314,60.01690235640071,48.92257304510736,0.0598989898989899,$R_{v}^{syst}$,[mmHg*s/ml],6.1104564984663465,12.848116992291517,11.201161888691624,11.071626940895685,11.118552906114878,2.423033442624577,6.015251204631494,12.30917424369125,10.504918801409065,11.336285514273218,13.914292508574828,12.112620958247646,8.130332300397837,1.6377879918425389,0.3301650825412706,0.5489747679922597,7196.69891318824,1.6227997931034317,0.2712255171954057,0.5499948613834349,0.49405825733548075
168.6798184288499,117.59606070775091,145.41600236891074,184.96367832581197,101.90374216078546,169.96936585461384,34.27672981177296,15.43240190332354,24.309601862515954,36.551972531376194,101.9017802821193,208.80115626766954,147.11027885786874,73.35005196890731,129.36832813892997,40.51040291234164,9.265676393938332,7.842772732859339,1.4229036610789938,2.2841804177767715,0.6193857337920652,0.40435656337345666,0.09275874600824818,19.346758880217898,7.6060052051013365,6.341255910179546,5.399497764937013,2.9505726453907344,165.5699646077568,0.290716786964911,59.95418153642495,48.80326436099225,0.06181818181818182,$R_{v}^{syst}$,[mmHg*s/ml],6.062255800179531,12.742069958700354,11.304434650432057,11.18090112585634,11.225590204994958,2.4005584575586525,5.962114365486975,12.201580156968603,10.412988693150991,11.236966891286116,13.796277790062593,11.998699294571363,8.058801353119948,1.618285498018625,0.3301650825412706,0.5489747679922597,7133.261951254982,1.6247682479267316,0.27121871619026827,0.5506620047009787,0.4940458687786035
167.4038128252318,116.7518369547752,144.33511488549445,183.4619645776541,101.01193656464567,168.65836380962182,33.98180523801862,15.296368743695028,24.097527091019067,36.21130017726951,101.00997810152988,207.4798746469652,145.8636886880316,72.72667587920583,128.127850635218,40.256144901734025,9.128250186887046,7.726962810359197,1.4012873765278484,2.246418738032324,0.6100702092681625,0.3971893730748617,0.09113882876572707,19.20433155701683,7.55002929300948,6.294578127989698,5.359724136017644,2.9505726453907344,164.3201663816326,0.290716786964911,59.891448181405295,48.684229385333,0.06373737373737373,$R_{v}^{syst}$,[mmHg*s/ml],6.014817519689653,12.637714906667346,11.406033581853523,11.288131700821808,11.330712472556373,2.378527444464742,5.909942190159482,12.095776852957702,10.322585749365286,11.139299428370744,13.680183465639994,11.886167092561763,7.98846359632683,1.5991309853985212,0.3301650825412706,0.5489747679922597,7070.835559525197,1.6267400860735988,0.2712135838314585,0.5513302946852797,0.4940365197900725
166.14863888923122,115.9214359380741,143.27181234964587,181.98576356391058,100.13479831081605,167.36886506326434,33.69179864357627,15.162631439319014,23.88899826973588,35.87664170262651,100.13290816957489,206.18080626173398,144.63804188187996,72.11389996567222,126.91782459472876,40.00260062983093,8.994224894278789,7.613994396910796,1.3802304973679933,2.2095909422429894,0.6009758857695293,0.39020804718147684,0.08956044768356111,19.064185518742363,7.4949490924764435,6.24864596689087,5.320590459375051,2.9505726453907344,163.09080637018394,0.290716786964911,59.8288088247272,48.56558182358753,0.06565656565656565,$R_{v}^{syst}$,[mmHg*s/ml],5.968143844802893,12.535073302514348,11.506020989945558,11.393410692684945,11.434002904211933,2.35693776391942,5.858744868583504,11.991766922013007,10.23370701807426,11.043287166568104,13.566014159883018,11.775133564505914,7.919318279281514,1.580328104439266,0.3301650825412706,0.5489747679922597,7009.435881757124,1.628712586646991,0.2712097455381061,0.5519988091773643,0.4940295280418608
164.91349762188506,115.10434330998307,142.22537864127995,180.5342052510469,99.27178093818833,166.09998541642517,33.406498192722374,15.031112136363172,23.68385936789604,35.54780369338585,99.26982012687446,204.90283608677194,143.4326013210455,71.51135994095004,125.736333485906,39.74987234527382,8.863449660619576,7.503743914458831,1.3597057461607451,2.1736562721304096,0.5920932865926923,0.38340342785476117,0.08802167221058241,18.926261505010984,7.440743673573706,6.2034443837157385,5.28207344772154,2.9505726453907344,161.88105472493442,0.290716786964911,59.76627914163056,48.447265066080305,0.06757575757575758,$R_{v}^{syst}$,[mmHg*s/ml],5.9222091450425705,12.43407485115998,11.604399600052416,11.496765278416738,11.535480558176339,2.3357512252575288,5.808462969084941,11.889485857330447,10.146301645770086,10.948872074226358,13.453721937051572,11.665559359366641,7.851326368066461,1.5618543656127988,0.3301650825412706,0.5489747679922597,6949.024665673183,1.630685509971155,0.2712074188464674,0.5526674669469827,0.49402528979308435
163.69825106805615,114.30047857398937,141.19574480086095,179.1069530800715,98.42250091072017,164.851609822915,33.125830864906334,14.901774476157636,23.482069907516603,35.22464427715153,98.42050557572959,203.64583006971566,142.24709184756475,70.91893415524193,124.58230263277744,39.49838799130389,8.735856165085353,7.396155805224722,1.3397003598606314,2.1385962292385177,0.5834183257308815,0.37677129124062425,0.08652153797101456,18.790535498560555,7.3874018903189995,6.158963445676949,5.244170162564607,2.9505726453907344,160.69079160338674,0.290716786964911,59.703694138289855,48.32925159431771,0.0694949494949495,$R_{v}^{syst}$,[mmHg*s/ml],5.877005510509708,12.334701098019254,11.701215931542006,11.598268993700838,11.63520962150081,2.3149655200286006,5.759087737773199,11.78890764033609,10.060352973891481,10.856031580404451,13.34328992488877,11.557500539967489,7.784470818718328,1.5437082653711258,0.3301650825412706,0.5489747679922597,6889.5750637504125,1.6326631625541665,0.27120676390075366,0.5533377275440573,0.4940240967588105
162.5022545573267,113.50880481146059,140.1823506365026,177.70350029118185,97.58695185646141,163.62308947867461,32.849704379963406,14.774563198499246,23.283561446831428,34.90707770476522,97.58492864721563,202.40938129616964,141.08098436609995,70.33631517302268,123.45455073456743,39.24840249587285,8.611332390149656,7.291133485758872,1.3201989043907831,2.1043789512289686,0.5749436039575647,0.3703065481264345,0.08505886016250179,18.656931904674508,7.3348942870802905,6.115177650048465,5.206859967545758,2.950572645390735,159.519426784541,0.290716786964911,59.641308673113734,48.21166292901579,0.07141414141414142,$R_{v}^{syst}$,[mmHg*s/ml],5.832512839122324,12.236909479515774,11.796484094909303,11.697957268555253,11.73321882136364,2.2945767128905965,5.710588974527437,11.689989236783893,9.9758151194404,10.764723641780447,13.234646506556377,11.45095944490604,7.71871985910157,1.5258774588847992,0.3301650825412706,0.5489747679922597,6831.086629952299,1.634638891264631,0.27120708031923324,0.5540073361075172,0.49402467313954423
161.3251436319027,112.72969045763446,139.18489939871048,176.3231066484412,96.76452058835837,162.4140410816073,32.57803455598974,14.649427135809825,23.088247287783453,34.594905318903415,96.76255169617491,201.19290693774133,139.93408313611275,69.76330642582352,122.35210099334053,39.000132912494045,8.49054517031966,7.188600806281236,1.3019443640384234,2.0709793153202085,0.5666632888591556,0.36400325205641737,0.08394161137383611,18.525416814600973,7.283207904432003,6.072076858450758,5.1701320517182126,2.9505726453907344,158.36656461675386,0.290716786964911,59.57891321707686,48.094415041240914,0.07333333333333333,$R_{v}^{syst}$,[mmHg*s/ml],5.788714413491263,12.140661981560047,11.890234650276131,11.795878906317327,11.829551770550932,2.274572492670406,5.662940995473407,11.592697354008648,9.892662064510874,10.674912421362704,13.127748583126593,11.345931573732267,7.654048427212045,1.5083592957086425,0.32973629671978844,0.551004866398439,6773.516441185086,1.6366180874336578,0.27221174318308056,0.5546781198525366,0.4940278385603959
160.16793082213871,111.96406595810603,138.2042634421136,174.96677870472914,95.95546852908818,161.22506507701536,32.31067275236082,14.52639020263824,22.89607737461953,34.288036177384036,95.95265297360223,199.9955658247008,138.80652815227347,69.20021155807757,121.2737354996127,38.75365002911968,8.371963292142517,7.088580152896624,1.2833831392458936,2.0384023527532946,0.5585814492372027,0.35785467340365673,0.08254497669630005,18.39611967560492,7.232394312418531,6.029704706759401,5.134020656426983,2.9505726453907344,157.2331847539632,0.29028800114342884,59.516470645089434,47.977390187593564,0.07525252525252525,$R_{v}^{syst}$,[mmHg*s/ml],5.745635260012453,12.045996553269738,11.982470589622263,11.892069567698995,11.924230990689502,2.2549421987471,5.61611478430662,11.49705611772463,9.810930140282322,10.58662883205233,13.022630085363158,11.242407589446605,7.59049077102736,1.4911413890362435,0.32973629671978844,0.5510044000628218,6716.882797036173,1.6386057737428392,0.2722160150930398,0.5553517810526045,0.4940360096253379
159.0276018354367,111.20941075694901,137.2378439784249,173.63141629145966,95.15886579115258,160.0538886850256,32.04759898788999,14.405292509257873,22.706981261943298,33.98644534070646,95.15610671157914,198.8179389119874,137.6965096487788,68.64586185408425,120.21874713356195,38.509306754576805,8.256106989152924,6.990821335216885,1.2652856539360389,2.0065700512701103,0.5506743939400056,0.35186032587640337,0.081182622878084,18.26866383843317,7.182303015871456,5.987933848983781,5.0984269735779355,2.9505726453907344,156.1163533147801,0.29028800114342884,59.45426666790852,47.86092604737382,0.07717171717171717,$R_{v}^{syst}$,[mmHg*s/ml],5.703187546558026,11.952763191995372,12.073281362628883,11.986608892642192,12.01734127087936,2.235664799888609,5.570109704936779,11.402920242626523,9.73046289012953,10.499728550021938,12.919130846647398,11.140430160229974,7.527918975698278,1.474228624265188,0.32973629671978844,0.5510039411120612,6661.120605380681,1.640586528820261,0.2722199990971858,0.5560230931385876,0.4940436515713101
157.90515393337284,110.46668638888643,136.2865253771448,172.31777731342893,94.37463537739193,158.9010917207596,31.788727332872707,14.286155086091206,22.520893779763252,33.68990848751938,94.371921199025,197.6590791991805,136.6044059745185,68.10059009629127,119.18627265754037,38.267221699334215,8.142977932225515,6.89534644114608,1.2476314910794344,1.9754870346333733,0.5429464780276347,0.3460130263793649,0.07985343340902307,18.143193745941105,7.132992839886734,5.946815039226421,5.063385866827949,2.9505726453907344,155.0170496834159,0.29028800114342884,59.39206229195615,47.744794512538775,0.07909090909090909,$R_{v}^{syst}$,[mmHg*s/ml],5.661400660534954,11.860995585947547,12.162674389760928,12.079530238483335,12.108907203046645,2.216731088059302,5.524891638893141,11.310315057368848,9.651305613370376,10.41424286300884,12.817285309658653,11.03997400703306,7.4663687673791195,1.457608893921418,0.32973629671978844,0.5510034857390688,6606.224476417435,1.6425711110143402,0.27222560692884545,0.5566957023004665,0.4940542373587808
156.80004802591748,109.73548556196765,135.3498494051387,171.0253514023164,93.60254099546557,157.76618830835176,31.533890362067968,14.168917543312954,22.33772651954621,33.39829684516612,93.59983104802265,196.51843217666388,135.52965000864185,67.56411189332592,118.17532239111416,38.0275027470064,8.032484115490243,6.802079171793965,1.230404943696278,1.9451286200478988,0.5353913684862335,0.3403076005859458,0.07855619766457375,18.019646626439094,7.084438766766027,5.906327115150444,5.028880744522622,2.9505726453907344,153.93473894980767,0.29028800114342884,59.329912194190015,47.62903408667506,0.081010101010101,$R_{v}^{syst}$,[mmHg*s/ml],5.620254749682018,11.770644751872597,12.25066209182184,12.170861177754693,12.198950661613503,2.1981390862874552,5.480434159547298,11.219191410291387,9.57341425733457,10.330126644735087,12.717041802175395,10.941011319255248,7.405807064149906,1.4412752879721369,0.32973629671978844,0.5510030361294461,6552.17786968259,1.6445572664236197,0.2722324923640257,0.5573688446521324,0.49406713668283786
155.71199304782976,109.0154812703727,134.42756644126615,169.75351974814004,92.8423177224964,156.648788258749,31.283033562835758,14.053548636490383,22.157440902732528,33.11155063906871,92.83962945253305,195.39575716201404,134.47197401277734,67.03627845891721,117.1852198460874,37.79029864247948,7.924550164491807,6.710955287771283,1.2135948767205238,1.9154731336111994,0.5280046256454197,0.33474032312142393,0.07729011456984594,17.89798237954765,7.036624859523965,5.866456298503664,4.9949012215200215,2.9505726453907344,152.86913935054034,0.29028800114342884,59.26781736041362,47.513636325047884,0.08292929292929292,$R_{v}^{syst}$,[mmHg*s/ml],5.5797385698939115,11.681692106352212,12.337281404868248,12.260651289733994,12.287516542022233,2.179881645852147,5.436725457349038,11.129528263800326,9.496767495676778,10.24735860895618,12.618374547835684,10.843544016710085,7.346218470059004,1.42522403349532,0.32973629671978844,0.5510025930738741,6498.962240574749,1.6465459189360476,0.2722407919702502,0.5580428333151585,0.49408259669251736
154.6406119240971,108.30616557399293,133.51935214099177,168.5023224776633,92.0938889843868,155.54855613653282,31.03608548980365,13.939997286187314,21.97994639756945,32.82956283399307,92.09111449508403,194.29053390653476,133.43089181204834,66.5168194798393,116.21500987115748,37.55558190751128,7.819101093580458,6.62191437552032,1.1971867180601379,1.886501242603649,0.520781023868026,0.32930638925313455,0.07605406524285649,17.77817298744506,6.98954034738338,5.827194528857247,4.961438111204433,2.9505726453907344,151.81984106695367,0.29028800114342884,59.20587839050806,47.39866253050975,0.08484848484848484,$R_{v}^{syst}$,[mmHg*s/ml],5.539837934374349,11.59409664743769,12.422552293065534,12.348306451646897,12.374632320042485,2.1619485084975607,5.393735746526852,11.041290670709476,9.421332531925243,10.165900089108554,12.521243092385381,10.747544177533685,7.287574054501482,1.4094440748736847,0.32973629671978844,0.5510021517329845,6446.572228907075,1.6485332820801233,0.27225002983122115,0.5587163849889938,0.4940997580044904
153.5857086268647,107.60784203250913,132.62506444389146,167.27083183884625,91.35687339065817,154.46525808741194,30.79299799391502,13.828246110447957,21.805247397543702,32.5522102644243,91.35414931450597,193.2028178771922,132.40639933257094,66.00571864177482,115.26476141556883,37.32364616519917,7.716078735763752,6.5349048945941135,1.1811738411696384,1.8581951773365335,0.5137173814415613,0.3240035806353074,0.07484757431170015,17.660163670859408,6.943161823943126,5.788519967089371,4.928481879826911,2.9505726453907344,150.78671746374104,0.29028800114342884,59.14396189916006,47.28406672234693,0.08676767676767676,$R_{v}^{syst}$,[mmHg*s/ml],5.50054721369688,11.50785650308553,12.506519709770833,12.434131052929793,12.460350209115768,2.144333545104015,5.3514744379039785,10.95446224166497,9.347093871313518,10.085741676128483,12.425636754631187,10.653053912149241,7.229867428352211,1.3939410777297632,0.32973629671978844,0.551001716627151,6394.981137346072,1.6505240587530874,0.27226064194840444,0.559391093566691,0.49411940785773695
152.54432128887208,106.91789871633726,131.74210742235235,166.05621114982392,90.63033265634185,153.39687166373915,30.55367089357553,13.71816031838487,21.633216398556947,32.279441323019654,90.62898183796648,192.13247461603044,131.3969042982575,65.50191569091922,114.33312012262671,37.09455072390967,7.615251812871676,6.449706403680651,1.1655454091910253,1.8304872327956216,0.5067917930908217,0.3188287231169027,0.07366941070058729,17.543638334322818,6.897366333514238,5.750331196572623,4.895940804235958,2.950572645390735,149.766866579954,0.28985921532194664,59.082256159051504,47.170048696393,0.08868686868686868,$R_{v}^{syst}$,[mmHg*s/ml],5.461777949348167,11.422828750516594,12.589250324199224,12.51861389743306,12.54472826592575,2.127008384140529,5.309908206164947,10.868907347908152,9.273922495158,10.006751996456957,12.331427926108807,10.560023517505286,7.172986822221209,1.378708772702854,0.32973629671978844,0.5510012903065334,6344.12328594393,1.65250266870199,0.2722705106492295,0.5600616786315913,0.49413770065358614
151.52027354542827,106.2398568567115,130.873839458257,164.862428213903,89.91521068229406,152.34581466727167,30.31802495436911,13.609857969640734,21.463857649730862,32.011119506576584,89.91440685881129,191.0783002590343,130.40390019641484,65.00657773296908,113.41967233059049,36.868126956985456,7.516805711405588,6.36652302767588,1.150282683729708,1.8034373655359635,0.5000272798607357,0.31377487096286844,0.07251890291099662,17.429044258966623,6.852330529196893,5.712775692215722,4.863938037554008,2.9505726453907344,148.7639859503251,0.28985921532194664,59.020466613193065,47.05631499595678,0.0906060606060606,$R_{v}^{syst}$,[mmHg*s/ml],5.423640371725326,11.33915440484744,12.670672669026965,12.601702290990701,12.627725584467129,2.1099852289197916,5.269008692286065,10.784758710325884,9.201964555927226,9.929065319874423,12.238757592363308,10.468403587875137,7.117057562879539,1.3637315887858472,0.32973629671978844,0.5510008686037601,6294.064747760584,1.654491879866322,0.2722828399507771,0.5607358566313907,0.49416045502930633
150.51212269834846,105.57264509645208,130.01902890051,163.68783273150774,89.211007165405,151.3107361504756,30.085829310604996,13.503215806849873,21.297013470866784,31.746981453372136,89.20998276194935,190.0395340626076,129.42622491435762,64.51906940503694,112.52355122064458,36.644333140859146,7.4205868639342745,6.285219206824254,1.13536765711002,1.7770021881718168,0.49341212354535996,0.30883614282743094,0.07139461209534143,17.31623568422027,6.80799771786103,5.675809023183662,4.8324289431755805,2.9505726453907344,147.77666628729781,0.28985921532194664,58.958808499012505,46.94285491805066,0.09252525252525252,$R_{v}^{syst}$,[mmHg*s/ml],5.3860813600029385,11.25673610547474,12.750844228203798,12.683456453134633,12.709397272918794,2.0932498692117707,5.228750954758357,10.701916509404676,9.13113032180878,9.852589180800837,12.147506092721187,10.378161825698117,7.0620092050486445,1.3489983258621672,0.32973629671978844,0.5510004487166325,6244.7705015783495,1.656484675857397,0.2722971156166171,0.5614112495908516,0.4941867402301402
149.5190345028968,104.91543529961541,129.17693142281632,162.53150401195998,88.51750926368378,150.2911946429627,29.857234492079286,13.398229469023963,21.132744610011585,31.487164946736158,88.5163983102175,189.01702254795865,128.4636581002749,64.03915840894804,111.64475834111147,36.42342226422958,7.326523537955449,6.205718940452686,1.1208045975027638,1.7511582576804081,0.48693887258491125,0.3040142187626984,0.07029659323029505,17.205082781847672,6.764315314181765,5.639383040023788,4.80138442764212,2.9505726453907344,146.8040982937105,0.28985921532194664,58.89733558507485,46.829855383929,0.09444444444444444,$R_{v}^{syst}$,[mmHg*s/ml],5.349087129392826,11.175559574685458,12.829805494823654,12.763921748800339,12.789786458326702,2.0768058496457997,5.189144982370376,10.620369319707557,9.06139592490102,9.777304136580442,12.057654039052844,10.289331835889966,7.007816897630999,1.3345170391162642,0.32973629671978844,0.5510000325908451,6196.225648457865,1.658475249867204,0.2723121493830531,0.5620858894825068,0.49421439796041416
148.54059132668885,104.26770861029621,128.34723173745436,161.3929640013169,87.83406986893158,149.2867280526979,29.63203730682872,13.2948357100469,20.970926990337393,31.231437239214188,87.83293354197782,188.0097796004753,127.51566829535581,63.56662044162084,110.78242859801504,36.205282105287424,7.234537174403967,6.127962212213176,1.106574962190791,1.7258856575778865,0.48060304657381125,0.29930284629466825,0.06922356109996221,17.09556152155606,6.721274356560667,5.603492625602531,4.770794539392864,2.9505726453907344,145.8458972612515,0.28985921532194664,58.83581950963942,46.71721531115277,0.09636363636363636,$R_{v}^{syst}$,[mmHg*s/ml],5.312630465252529,11.095578861041929,12.907577579624627,12.843124230669709,12.868917990941709,2.060637793940611,5.1501596654059005,10.540071647998428,8.992725221847524,9.703168732128063,11.969153840561633,10.201863974156968,6.954455226736803,1.3202777929848084,0.32973629671978844,0.550999622315109,6148.38489082521,1.6604706747494085,0.27232846123138654,0.5627621734185494,0.49424437005447835
147.5760174994216,103.62880910572817,127.52921488425297,160.27133612529303,87.16048735896653,148.29677315202312,29.41019408515608,13.192996325254596,20.811520195739615,30.97976968627613,87.15959074508173,187.01771897033123,126.58180929178357,63.10118787043176,109.9360495602342,35.99001649590197,7.144543040271948,6.051871348819848,1.0926716914520997,1.7011597981296076,0.47439766074024914,0.2946997678863219,0.06817490343566984,16.98757627893242,6.678837264054329,5.5681058990852215,4.740633115792873,2.950572645390735,144.90128148528143,0.28985921532194664,58.774365420356055,46.60499081314796,0.09828282828282828,$R_{v}^{syst}$,[mmHg*s/ml],5.276696607951409,11.016756647685648,12.984197601054312,12.921104698699738,12.946830220898129,2.0447292442820038,5.111784625904819,10.460980976739854,8.925083862860301,9.630146966662577,11.881963921480285,10.115747149496643,6.90189402824466,1.3062788501218414,0.33016508254127064,0.550999216828432,6101.234115127658,1.6624652508941584,0.2723456074837516,0.5634381697028183,0.49427585224418474
146.62594274519253,102.99974516659361,126.72346960997444,159.16696718129703,86.49681150587877,147.321452171457,29.191638990504003,13.09269153821141,20.654477776534655,30.732030977339985,86.49593620443366,186.04031687702727,125.66206340092863,62.64290810501528,109.1053252694042,35.77758854156509,7.056530118416012,5.977447125771756,1.0790829926442551,1.6769788919087136,0.4683248177546018,0.2902009441501078,0.06714986586788209,16.881187078097906,6.6370264988124745,5.533241175924663,4.710919403360771,2.9505726453907344,143.9708415700803,0.28985921532194664,58.712977798515894,46.493113781142135,0.1002020202020202,$R_{v}^{syst}$,[mmHg*s/ml],5.241294276025198,10.9390954635398,13.059664983069963,12.997869554623914,13.023532093532046,2.029078818732565,5.074009456280092,10.383096206799017,8.858468432737467,9.558238296127744,11.796086813075425,10.030968428866977,6.850138400909194,1.2925128988410775,0.33016508254127064,0.5509988145325119,6054.776805411514,1.6644641468696832,0.2723641885152654,0.5641156300523026,0.4943099355782633
145.68967926720475,102.37988190710657,125.92939997512762,158.07956120850272,85.84282761323203,146.36038383808472,28.976280205770315,12.993891117847186,20.49974763094415,30.48817417211487,85.84191930454766,185.07733697943016,124.75625189728544,62.19157789293421,108.28954769419863,35.56799953855462,6.970429635155574,5.9046288976384576,1.0658007375171166,1.653323940804671,0.46237886311340115,0.28580371936961463,0.06614779994628645,16.77635353421589,6.595829157456096,5.49888889952454,4.6816354772352495,2.9505726453907344,143.05397940654873,0.2894304295004645,58.65168248547234,46.38164818315291,0.10212121212121211,$R_{v}^{syst}$,[mmHg*s/ml],5.206407510866252,10.862566273877993,13.134014454983564,13.073456829139609,13.099059345497158,2.013686086011625,5.036806621169417,10.306384937779304,8.792861843823726,9.487414500534014,11.71148609853483,9.947473772300958,6.799165701887355,1.2789757690392278,0.33016508254127064,0.5509984192936819,6008.997932926242,1.6664639712368705,0.27238379119144507,0.5647934050497463,0.4943458668005083
144.76683623740848,101.76895566360925,125.1466668813423,157.00817262140032,85.19824760249857,145.41311842543078,28.76406422105325,12.896551430888223,20.347273487157207,30.24802592623164,85.19722694874106,184.1283958958433,123.86383918341356,61.74698140144629,107.48857558188945,35.36125513871365,6.886173984756514,5.833359297921347,1.0528146868351675,1.630176262038531,0.4565551598807157,0.28150468789405014,0.06516794903081467,16.6729937235748,6.555209762874177,5.465018333284863,4.652765627415759,2.9505726453907344,142.15023585888292,0.2894304295004645,58.590482430365476,46.270552966167664,0.10404040404040403,$R_{v}^{syst}$,[mmHg*s/ml],5.1720195910097075,10.787133125259516,13.20726718805813,13.147889341141145,13.173434387872037,1.9985445217623157,5.0001757227558254,10.230813492197507,8.728223409220652,9.417642304489965,11.628123775562916,9.86527015023554,6.748952235617205,1.2656627991321903,0.33016508254127064,0.5509980285076694,5963.8773321748995,1.6684643153941368,0.27240457090747,0.56547135621302,0.4943839302751305
143.85689749773232,101.16649875659758,124.37482938903923,155.9524726698473,84.56277037124366,144.47934425420405,28.554985223806153,12.800651710761228,20.197048433720628,30.01165357499775,84.56202191902288,183.19370230599088,122.98454307871398,61.30896072940408,106.70199613616185,35.15744114155104,6.803709663563938,5.763587556975266,1.040122106588671,1.6075197015645033,0.45084922403519834,0.2773030749919552,0.06420997646685417,16.57105682917557,6.515149081399219,5.431612714294856,4.624295033481494,2.9505726453907344,141.2591602552273,0.2894304295004645,58.529314905014914,46.15989570306178,0.10595959595959595,$R_{v}^{syst}$,[mmHg*s/ml],5.138119144170389,10.712778212170718,13.279460153313867,13.2212118852964,13.246700463279998,1.983653819934834,4.964109908009578,10.156370414282572,8.66453884283331,9.348903184187275,11.545982626060368,9.784353123919253,6.6994800039770865,1.2525753807125815,0.33016508254127064,0.5509978598642041,5919.393925987056,1.6704651424625483,0.2724260627450251,0.5661494710432166,0.4944230868921446
142.96036571979957,100.57312001654064,123.61432585544875,154.91300770411902,83.93659423923988,143.55910922386104,28.34892652126649,12.706170338528299,20.0490018046868,29.778922540987587,83.93586484062189,182.27250434163932,122.11829888250578,60.877528528571574,105.92914411704487,34.95641221714712,6.723019282591939,5.6953096200181195,1.0277096625738196,1.585351452276289,0.4452622143977431,0.2731943148103879,0.06327302769929484,16.470622748934357,6.475680651402896,5.3987018319533355,4.59624026557813,2.950572645390734,140.38117650229478,0.2894304295004645,58.468316425920484,46.04965797984437,0.10787878787878788,$R_{v}^{syst}$,[mmHg*s/ml],5.104709830940128,10.639498655219866,13.350597705430939,13.293429060894393,13.318863974300877,1.969002754140229,4.928579344813365,10.08304140025459,8.601810816256657,9.281193374829476,11.465056477571121,9.704673730631432,6.650752351836495,1.2397017253036327,0.33016508254127064,0.5509978598642041,5875.561596746792,1.6724669111802892,0.2724485467475597,0.5668279050146249,0.4944638928628613
142.076654685583,99.98791240277554,122.86467243992531,153.88887568445693,83.31934297098204,142.6520844039966,28.145852674751136,12.613080724147851,19.90310264347317,29.549750339020882,83.31856544032227,181.3646842079896,121.26477730569927,60.4525598398446,105.16995763460888,34.758262649856,6.644043505546129,5.628472388680873,1.0155711168652566,1.563654703233942,0.4397893572054371,0.2691763299690017,0.06235664436646847,16.37160567433332,6.436768382850473,5.366254497017612,4.568582794465235,2.9505726453907344,139.51577456717428,0.2894304295004645,58.40737856659578,45.939795723831374,0.1097979797979798,$R_{v}^{syst}$,[mmHg*s/ml],5.071778807399985,10.567266399754649,13.420718603984485,13.364582334355879,13.389965104532411,1.9545735755322493,4.893588021071567,10.010798046162027,8.540008158742936,9.214485882823611,11.385313340864052,9.626279656449684,6.602749162090854,1.2270431751722901,0.33016508254127064,0.5509978598642041,5832.354007968743,1.6744704121798464,0.2724722897260495,0.5675069260862418,0.49450698373529345
141.20516588040778,99.41072455620451,122.12534526799104,152.87937521554838,82.7106163352542,141.75763295694466,27.945622561367717,12.521318407810647,19.759258351843158,29.323965265541005,82.70978091888344,180.46970168125296,120.42340967692402,60.033675944889744,104.42379860411846,34.5628335171245,6.566703545717424,5.563008618864983,1.0036949268524402,1.5424074193454875,0.4344253525508471,0.265245307688013,0.06145994713005211,16.27393792654716,6.39838594137803,5.334248989630904,4.5413029955382225,2.9505726453907344,138.66234419613824,0.2894304295004645,58.34649931011157,45.830286274294465,0.11171717171717171,$R_{v}^{syst}$,[mmHg*s/ml],5.039308304866824,10.496034803466932,13.489812359483947,13.43466511855537,13.459996634155722,1.940370163777554,4.859111402158973,9.939593079438735,8.479088980286877,9.148736246404951,11.306702053057121,9.549076071213959,6.555436108462489,1.214588280539443,0.33016508254127064,0.5509978598642041,5789.743143467794,1.6764757698587651,0.27249715833299576,0.568186576418543,0.4945521174985215
140.34600278453445,98.84176236741848,121.3964527802508,151.8848364645214,82.11048807090462,140.87585498495196,27.748306139933643,12.430891897109834,19.617491775655573,29.10164842009049,82.10975839178198,179.58776443602076,119.59426116675111,59.62095934457939,103.69059646201455,34.37028688259963,6.4909895373247695,5.498909629324908,0.9920799079998612,1.5216067815166632,0.4291694905666325,0.2614009264213679,0.060582776017600114,16.177645963530548,6.360544894713428,5.302694677758378,4.514406391058742,2.9505726453907344,137.82099380281682,0.2894304295004645,58.28570700044765,45.72124312012029,0.11363636363636363,$R_{v}^{syst}$,[mmHg*s/ml],5.007289806780473,10.425810781726552,13.557931008076396,13.503731476400974,13.52901256431676,1.926393822038648,4.825146747800432,9.869430850780029,8.419060840474549,9.083948681870268,11.229243369692433,9.473058167926178,6.508815767578631,1.2023423383647522,0.33016508254127064,0.5509978598642041,5747.734164963324,1.6784822139140698,0.27252262757894846,0.5688665949425536,0.4945983413549245
139.49826188495922,98.28027822661912,120.67717005269725,150.90408725524156,81.51857979065564,140.0060219405404,27.5537084277511,12.341738509974217,19.477695346505104,28.882592400240863,81.51797745069327,178.71815555369304,118.77671001882415,59.21406407466196,102.96962594404656,34.18044423914646,6.416808413247538,5.4360955705592895,0.9807128426882485,1.5012273186513352,0.4240147832020344,0.2576387512129905,0.05972419296922432,16.082618436008374,6.323200834137952,5.271555104893263,4.487862496977157,2.950572645390734,136.99081711267297,0.2894304295004645,58.225052509009956,45.612588826322394,0.11555555555555555,$R_{v}^{syst}$,[mmHg*s/ml],4.97570624719642,10.3565400831282,13.625068189786441,13.571781171552642,13.597011035007643,1.9126338727591297,4.791670974942963,9.800263842095958,8.359875650699694,9.020074359335903,11.152880127876758,9.398185425860797,6.462853242129483,1.1902932372864632,0.33016508254127064,0.5509978598642041,5706.300585345894,1.6804858164172292,0.2725489455827148,0.5695456504154937,0.49464610561261657
138.66267362175833,97.72704221528221,119.96819860041094,149.93773776160828,80.9349580279355,139.14847656777056,27.36187038807381,12.253868141019073,19.339870585434678,28.666783265043883,80.93425043596271,177.8607545425038,117.97113125745292,58.81312807954133,102.26090045191371,33.99331105287512,6.3453930125043225,5.375804229570597,0.9695887829337262,1.4812739181245944,0.4194595085301196,0.25395706106686344,0.05888390760538295,15.988938814829233,6.286385987977287,5.240856999341552,4.461695827510394,2.954058920108876,136.33344200907706,0.28857285785750014,58.16445858716758,45.504277008237736,0.11747474747474747,$R_{v}^{syst}$,[mmHg*s/ml],4.944574901726644,10.288242148523498,13.691262495869514,13.638848354922908,13.664028517829804,1.8990902568808343,4.758686705877852,9.732104887856606,8.301548017579064,8.957128607278024,11.077611863596324,9.324456874093267,6.4175628091473085,1.1784390048468474,0.33016508254127064,0.5509978598642041,5665.447061955485,1.6844815309846735,0.2725766937497412,0.5702261114421474,0.49469646545799456
137.83860371983874,97.18151018080901,119.26896915968227,148.98539858213107,80.3593373838961,138.3027722782867,27.172709756812868,12.167246058496655,19.203984082994356,28.454221180492485,80.35868127289893,177.0155022936636,117.17702542291607,58.417950853401976,101.56394141442443,33.80891720713907,6.2742328656206805,5.315529747376228,0.9587031182444525,1.461729058029806,0.4145025465946771,0.250354426641684,0.05806147508370327,15.896550616253942,6.250079941765646,5.210583399976593,4.4358872745117,2.954057940201461,135.52546534339422,0.28857285785750014,58.10392377544002,45.396408919929634,0.11939393939393939,$R_{v}^{syst}$,[mmHg*s/ml],4.913867849423701,10.220889132905706,13.756530378971277,13.704955049246882,13.730085530859345,1.8857570980592697,4.726174842233601,9.664922285626192,8.244058930184513,8.895084796838455,11.003415670162536,9.251835752620806,6.372921950925298,1.1667786100738284,0.33016508254127064,0.5509978598642041,5625.153616872727,1.6864930667105442,0.2726051074802403,0.5709072404299317,0.4947480332272525
137.02558075255902,96.64330901770484,118.5790777971555,148.04624673815175,79.79152183891867,137.46847918502792,26.986144124217194,12.081825313769718,19.069952004939367,28.24469734768107,79.79079320893683,176.18178461598194,116.39389127296809,58.02821680872831,100.87837697845607,33.627154412965496,6.204501624245783,5.256456914420896,0.9480447098248863,1.4425773591719966,0.40964089872267667,0.2468271011560379,0.05725611421993218,15.805385316787,6.214254077012309,5.180710351828587,4.410420887946101,2.954056995262749,134.7283190478571,0.28857285785750014,58.043503726786696,45.28890054261534,0.1213131313131313,$R_{v}^{syst}$,[mmHg*s/ml],4.883579420433215,10.154439365636511,13.82086756698817,13.770098642498507,13.795179441081567,1.8726101720632233,4.694123251259966,9.598676672148532,8.187367466286084,8.833904985079442,10.930243199028906,9.180301004504594,6.328904950829538,1.1553036145120468,0.33016508254127064,0.5509978598642041,5585.406528724307,1.6885041912077277,0.2726345614697917,0.5715882238953021,0.4948014889513068
136.2237606375567,96.11218488203305,117.89865334890986,147.12048752314755,79.23148669244604,136.64566136065378,26.80215584264875,11.997608957058505,18.93778463192383,28.038242169392934,79.23066396663967,175.35971283165657,115.62178731387763,57.64400893484863,100.20420573372373,33.448045372397836,6.1361872108918725,5.198575750652597,0.9376114602392756,1.423815046775707,0.40487428275786896,0.2433743968038281,0.05646766020400747,15.715462376507777,6.17891634354153,5.151244342207176,4.3853016907590705,2.9540560530065343,133.94214904318332,0.28857285785750014,57.98317041572769,45.18179386088539,0.12323232323232322,$R_{v}^{syst}$,[mmHg*s/ml],4.853701067047066,10.088900161937998,13.884322743802892,13.834329186550029,13.859360277741631,1.8596660758823853,4.662531655656748,9.533372402059094,8.131479556616522,8.773594071141178,10.858100187233859,9.109850555291965,6.2855141377101456,1.144013905256608,0.33016508254127064,0.5509978598642041,5546.204068471223,1.6905166700090888,0.2726649771548027,0.5722696657324903,0.4948566900459508
135.43280946891446,95.58826651431801,117.22742655885422,146.2077629513473,78.67900810784353,135.8340016326958,26.620719844270564,11.914566999100689,18.807440648841766,27.834789018241008,78.67814975199475,174.5490408042693,114.86044905905989,57.26522754653583,99.54105641639158,33.27157848677266,6.069244487159239,5.141847492935859,0.9273969942233802,1.4054295271450974,0.40019953502395067,0.2399942229051241,0.05569561214503039,15.62674387843658,6.144051716076126,5.122172623581679,4.360519538778774,2.954055082424303,133.16662265678312,0.28857285785750014,57.92291117256254,45.075097170095916,0.12515151515151515,$R_{v}^{syst}$,[mmHg*s/ml],4.824237704555563,10.024252399572251,13.94690500212058,13.89765748792505,13.922638726054233,1.8469199850550373,4.63138984332374,9.468990307127408,8.076375675190947,8.714130438419991,10.786962787808424,9.040460435757199,6.242734621878551,1.1329064788249539,0.33016508254127064,0.5509978598642041,5507.530567549047,1.692530521918307,0.272696214743799,0.5729515783196903,0.49491338280516406
134.65204719815316,95.07101653165985,116.56479753795091,145.30730066972674,78.1338866279675,135.03304084041147,26.44177483711119,11.832668761012005,18.67888483970801,27.634318239898487,78.13321434002161,173.74968134609475,114.10950372480406,56.891643693146065,98.88862998478083,33.097755404209465,6.003616092070652,5.086219494358425,0.9173965977122265,1.3874042489539637,0.3956118056632821,0.2366850414388659,0.054939591777486335,15.539146826464773,6.10962745523345,5.0934670089760985,4.336052362255223,2.9540541157874416,132.40111609107086,0.28857285785750014,57.8627913151344,44.96883892660892,0.12707070707070708,$R_{v}^{syst}$,[mmHg*s/ml],4.7951492722041795,9.960461961406788,14.008621210370357,13.960094448062689,13.985024578482538,1.8343687294915554,4.600689427186404,9.405498630289365,8.022025761629317,8.655484100841262,10.7167939744447,8.97211688071499,6.200541533389728,1.1219745475444025,0.33016508254127064,0.5509978598642041,5469.372063957725,1.6945415338353176,0.27272803276808455,0.5736325292008455,0.4949711289900465
133.88198919576723,94.56103927855932,115.91124245182655,144.4195316592193,77.59601106164439,134.24288454912727,26.26521751161302,11.751886037085175,18.552048661001884,27.436661480046055,77.59534127388848,172.96095348957255,113.36885580433841,56.52326931953035,98.24655526677823,32.9264331604889,5.939295672375219,5.031696171132691,0.907599501242528,1.3697391692308751,0.39111293285558474,0.23344318819156593,0.05419888548425846,15.452751101573657,6.075675893900407,5.065156787481875,4.311918420191375,2.9540532269728836,131.6461151276,0.28857285785750014,57.80269942966512,44.86292409261408,0.128989898989899,$R_{v}^{syst}$,[mmHg*s/ml],4.7664414027514,9.89752363391036,14.069492709557696,14.021658618038403,14.046538062900392,1.8220020975208395,4.570409831235117,9.342885048594328,7.9684277869580855,8.597649196276961,10.647586889925774,8.904777552125736,6.158936009453139,1.1112122675416574,0.33016508254127064,0.5509978598642041,5431.7207743151075,1.6965577653600872,0.2727610084747597,0.5743152323286356,0.4950309762400581
133.12226069022623,94.05794188661211,115.26641185116672,143.5441838867572,77.06541389682859,133.46335349453136,26.091056557444844,11.672220071776698,18.426938059028032,27.241848687324786,77.06469025739965,172.18307825072782,112.63839997260197,56.16001877716723,97.61469314002694,32.757661709256155,5.876248910361673,4.978244429247552,0.8980044811141206,1.3524242587883417,0.38669949293830563,0.23026831056151495,0.05347334842796502,15.367507530336823,6.042177811350132,5.0372247273251,4.288104991661593,2.954052298918964,130.90121940940972,0.288144072036018,57.74275250770342,44.75741230806686,0.13090909090909092,$R_{v}^{syst}$,[mmHg*s/ml],4.738123815775136,9.835430122720824,14.129546718088362,14.082380386131806,14.107208755062919,1.8098214907086658,4.540551093113518,9.281139530410838,7.9155728045809095,8.540616198220425,10.579326948572891,8.838456982763176,6.117908445776604,1.1006223616989392,0.33016508254127064,0.5509978598642041,5394.578972778001,1.698572845980609,0.272794751118858,0.5749975539032272,0.4950922153964254
132.3724690001524,93.56150734818023,114.62999575388992,142.68069369069045,76.5418002559511,132.69401156415378,25.919222991685448,11.593622501951236,18.303491322155388,27.04976250498128,76.541023656267,171.41560539945496,111.91791984783424,55.801722543294964,96.9928440907316,32.59140908047054,5.814426936961002,4.925822893670288,0.8886040432907136,1.3354457772286714,0.38236840719014503,0.2271579278602738,0.05276241494082925,15.283361415902679,6.009110267824563,5.009651463960939,4.264599684117178,2.954051380593608,130.16607948852842,0.288144072036018,57.6829348617178,44.65230775103652,0.13282828282828282,$R_{v}^{syst}$,[mmHg*s/ml],4.710177644154364,9.774149172859836,14.1887858596052,14.142263869813984,14.167040633541863,1.7978067281748111,4.511106298698451,9.220230867647077,7.863431898100336,8.484355319359468,10.511983736596848,8.77315514884433,6.0774383016563895,1.0902013926202407,0.33016508254127064,0.5509978598642041,5357.926017916578,1.7005881629810249,0.2728291835435907,0.5756799540295392,0.4951547064281351
131.63232753273294,93.07150100531621,114.00174950599953,141.8287294312343,76.02488348284729,131.93463033871328,25.749613521889234,11.516064776739013,18.181652622360108,26.860306735290948,76.02401230913499,170.65814103942918,111.20697191000598,55.44819830590131,96.38065087016052,32.42760881430142,5.753791678286266,4.874400772001303,0.8793909062849625,1.3187939068103114,0.3781169761170477,0.2241096154782494,0.05206554967823943,15.200294311838036,5.976467175707288,4.982432659793757,4.241394476336991,2.9540504667581877,129.44039939287248,0.288144072036018,57.623145104261134,44.54754507818661,0.13474747474747475,$R_{v}^{syst}$,[mmHg*s/ml],4.68259212729127,9.71365580044488,14.247213081681823,14.201313409258889,14.22603790701665,1.7859643094557733,4.482055616544233,9.160134828232454,7.811983149738587,8.428842361038457,10.445524446508925,8.708801009293945,6.0375073669656,1.0799438926282772,0.33016508254127064,0.5509978598642041,5321.74184379931,1.702605692543768,0.27286460192373174,0.57636310269683,0.49521898685955046
130.9020061256402,92.58764407483318,113.38180062530289,140.98845361999886,75.51476463028635,131.18532753799332,25.582297059711674,11.439564852777155,18.06145628350483,26.6735453036649,75.51385850447076,169.91093116925717,110.50570895235023,55.09955742464679,95.77806997396905,32.2662715623183,5.694338326038901,4.823973045759017,0.8703652802798838,1.3024665199458212,0.37394528727329124,0.22112343955512678,0.051382771940760914,15.118316664199938,5.9442523426952185,4.955570790523627,4.218493530981095,2.9540495560427127,128.72435413472633,0.288144072036018,57.563422714644744,44.4432020852428,0.1366666666666667,$R_{v}^{syst}$,[mmHg*s/ml],4.655380472440969,9.653968015652866,14.304876183805156,14.259577361143359,14.284249226099426,1.7742978707804549,4.453405970961569,9.100867983422475,7.761239614045907,8.374091378877091,10.37996853964332,8.645393329782253,5.998126096122584,1.0698497160638618,0.33016508254127064,0.5509978598642041,5286.033524120045,1.704624979829434,0.272900832109117,0.5770468461988072,0.49528474062744016
130.18109223141323,92.11004452576528,112.769816233652,140.1593664590047,75.01111879572386,130.44566194755942,25.417175485691462,11.364074466244503,17.942837673360646,26.489400233844933,75.01028665235852,169.17366180092603,109.81371412478767,54.75558010019013,95.1848096491423,32.10736859538307,5.636020222279166,4.774499901200705,0.861520321078461,1.286450903354389,0.36984986949142573,0.2181971594772063,0.050713540148184355,15.037378232640854,5.912445468575342,4.929048711845159,4.195884052220353,2.9540486222783686,128.01750406146877,0.288144072036018,57.50372812388284,44.33922269804999,0.1385858585858586,$R_{v}^{syst}$,[mmHg*s/ml],4.628515437758723,9.595047459731429,14.361768277216253,14.317049787481247,14.341668488201483,1.762802618951801,4.425146617274276,9.042389877267437,7.711169489159485,8.320069184125256,10.315271352274866,8.582925331557156,5.959269716887647,1.0599155132594933,0.33016508254127064,0.5509978598642041,5250.778315700671,1.7066470426883784,0.272937931611487,0.5777315342128976,0.49535207210923426
129.4690629013263,91.63822765495506,112.16532447280362,139.34094549573683,74.51402004063257,129.7153825806445,25.25422662796341,11.289578132353684,17.825767341708673,26.307794769382117,74.51330859301572,168.4461087402654,109.13070795918175,54.41609489374849,94.60062338664694,31.950886103510154,5.579238507785189,4.7259452814852105,0.8532932262999786,1.2707359366916116,0.36582718586335206,0.21532925691924512,0.05023709523521778,14.957425718231637,5.88102605745884,4.902849366916502,4.173550293856296,2.954047713828277,127.31938789164573,0.288144072036018,57.444243356648116,44.23569600406213,0.14050505050505052,$R_{v}^{syst}$,[mmHg*s/ml],4.601986508096448,9.536875113296974,14.417912849805122,14.373758862462406,14.398322455830991,1.7514725073596362,4.397267671797714,8.984677127232427,7.661751583006967,8.266753486167035,10.25141088387757,8.521359953347767,5.920920800518375,1.0501394749851785,0.32973629671978844,0.5529747001548152,5215.98140284428,1.708663521605979,0.27395475590359986,0.5784143274353712,0.49542005416685664
128.76643781629653,91.17283809833984,111.5688124028579,138.53373963773407,74.02341038699055,128.9945687534874,25.0933706395694,11.216055243188833,17.71020721639499,26.12865473041106,74.02264723291685,167.7279320405114,108.45671702606475,54.081177620267496,94.02519880812592,31.796615663627446,5.523103706360444,4.678315356190518,0.8447883501699254,1.2553220791116124,0.3618792851934762,0.212517572567956,0.049591512866973046,14.878528955590951,5.850022187702589,4.876997212670098,4.151509555218264,2.954046837408285,126.63050865450083,0.288144072036018,57.38490473071898,44.132570128533,0.14242424242424243,$R_{v}^{syst}$,[mmHg*s/ml],4.575808581032913,9.479454741062723,14.473310789320182,14.429700296316252,14.454209362209761,1.7403037219971846,4.369753885320581,8.927731161597134,7.612992508575886,8.214147261838075,10.188386308223823,8.460669102084411,5.883085552076397,1.0405110761887837,0.32973629671978844,0.5529743994176431,5181.638727089338,1.7106819044472972,0.2739929447557998,0.5790977593124941,0.49548938439890067
128.07284689115176,90.71350319077355,110.97994797054338,137.73730925244774,73.5389684339098,128.28301027209366,24.934593868486427,11.143497864431351,17.59613678134175,25.951937199496072,73.5381201992001,167.0190120038995,107.79154982769091,53.75071465889196,93.45848061899532,31.64452579590013,5.46802838923074,4.6315787180037065,0.8364496712270337,1.240199641158365,0.3580030897374507,0.2097609060274123,0.04895847252016241,14.800638606829956,5.819413819908758,4.851475154761854,4.129749632159345,2.9540459488255477,125.95047554023792,0.28771528621453585,57.3255712334241,44.02978997234348,0.14434343434343436,$R_{v}^{syst}$,[mmHg*s/ml],4.549968977905732,9.422768423924143,14.527993267864916,14.484908849784173,14.509362736357515,1.7292835378822307,4.342606005209486,8.871539079502394,7.5648756162219915,8.162234883625276,10.12618183037339,8.400853334113418,5.845751652518118,1.0310332802848086,0.32973629671978844,0.5529741002036094,5147.727790373686,1.7127038660248661,0.2740322029239874,0.5797824054516799,0.4955606470955631
127.3880052019662,90.25998804664792,110.39847411726909,136.95127068436187,73.06064844347594,127.58046328887686,24.777850337693327,11.07187931512479,17.48353303847051,25.777614900838557,73.05975748202886,166.3192940720206,107.13499013079723,53.42457856951301,92.9003004335511,31.49469604617493,5.413981603960858,4.585707627858208,0.8282739761026494,1.2253597485054886,0.35419619777833583,0.20705822024705023,0.04833770499792915,14.723717607371348,5.7891863364601,4.826270515489903,4.108260755421344,2.954045061905402,125.27900815056873,0.28771528621453585,57.26632946773893,43.92740955862408,0.14626262626262626,$R_{v}^{syst}$,[mmHg*s/ml],4.52445750659018,9.366798998392659,14.581962924556489,14.539387954049252,14.563786119058374,1.7184171995499338,4.315816749159855,8.816081932095225,7.5173830521929235,8.11099903756977,10.064793942432908,8.341896955120104,5.808905057900322,1.021702022705949,0.32973629671978844,0.5529738038738613,5114.245391043316,1.7147262010340905,0.27407212504006745,0.5804671780897165,0.4956331079701308
126.71196749219935,89.81237673291108,109.82446201808261,136.1756503585711,72.58842235032499,126.88693810910856,24.623166647142988,11.001203352562632,17.372398265504856,25.60570232120983,72.58754953150836,165.62874535269776,106.4871614788539,53.10278381944839,92.35058225496492,31.34713946231912,5.3609527372086285,4.540693798678049,0.8202589385305792,1.2107993781169488,0.35045826362209537,0.20440873904863074,0.04772904084184862,14.647773030222758,5.759342376253551,4.8013851940440535,4.0870454599251556,2.954044181482897,124.61618357787181,0.28771528621453585,57.207166814843525,43.82545395543326,0.1481818181818182,$R_{v}^{syst}$,[mmHg*s/ml],4.4992763629289945,9.31155061650178,14.635250197602097,14.59316817611392,14.617510214143833,1.707706353529157,4.289384820968196,8.76135838015722,7.470517873811244,8.060441136919975,10.004205989641562,8.283797886277027,5.772547148644752,1.0125171443419083,0.32973629671978844,0.5529735119389876,5081.18956452275,1.716750130984406,0.2741127163736232,0.5811524897784761,0.49570677519878653
126.0441951696789,89.36989324621835,109.25745281309216,135.40990882439698,72.12202805317965,126.2019364918184,24.47037791969002,10.93141325708022,17.262635820194877,25.436040047002237,72.12106815878263,164.94675798389721,105.84751458736828,52.78508282792337,91.80878283451695,31.201696451599766,5.30888962635461,4.4964942392600955,0.8123953870945144,1.1965048800580835,0.34678546110455716,0.20180942138113497,0.04713179288492777,14.572750656433891,5.729860678968864,4.776802421499025,4.0660875559660035,2.954043283304981,123.96145609132716,0.28771528621453585,57.148115201746755,43.72384704028156,0.1501010101010101,$R_{v}^{syst}$,[mmHg*s/ml],4.474404610563154,9.256977984240176,14.687834474413219,14.646230668326314,14.670515912706003,1.697142315040627,4.2632903253853796,8.707323489092014,7.424243703327843,8.010520727593244,9.94437030068312,8.226495332663559,5.736649920098351,1.0034688293348129,0.32973629671978844,0.5529732198209831,5048.541963722575,1.718773853668166,0.2741540592344718,0.5818377352092159,0.49578180173576053
125.38476142638001,88.9329669214733,108.69749232272324,134.65405246272692,71.66141837749461,125.52547890010003,24.319554331121065,10.862514428684898,17.154266818906986,25.268645395065306,71.66046053428944,164.2734995876101,105.21602764350934,52.471482013590844,91.27494413305418,31.058429847062804,5.2577832332005805,4.453100037048104,0.8046831961524761,1.1824729181165399,0.3431775034477301,0.1992602226408073,0.046545954656947226,14.498657206179212,5.700744451910424,4.75252428684482,4.045388467423968,2.9540423984718913,123.31490378883606,0.28771528621453585,57.089141587363834,43.62265411900572,0.15202020202020203,$R_{v}^{syst}$,[mmHg*s/ml],4.449845908545273,9.203088110252814,14.73974919708506,14.698609204345276,14.722837031088336,1.686725904515708,4.237532937256212,8.653983200559635,7.378562391209443,7.96124192954509,9.885291949905968,8.170008506402505,5.701214551935678,0.9945543964436175,0.32973629671978844,0.5529729331711043,5016.299286424623,1.720799093582598,0.2741959995197241,0.5825234920367959,0.49585790383501593
124.73305258937572,88.50103190469896,108.14403874263994,133.9074104980379,71.20646224147038,124.85721031561823,24.170624948419093,10.794482471873957,17.04726527396214,25.103488512185073,71.20570776137563,163.60901591944975,104.59240908843574,52.16181506005901,90.74887723545113,30.917313396296887,5.207592470827175,4.410473162035342,0.7971193087918329,1.1686920824429086,0.3396303411486939,0.19676018721355645,0.045971239124587046,14.425414697877555,5.671962262083937,4.7285240878237875,4.024928347969831,2.954041530249089,122.67592463117391,0.28771528621453585,57.03031652034536,43.52187277774021,0.15393939393939396,$R_{v}^{syst}$,[mmHg*s/ml],4.425583653354634,9.149854271721438,14.79101121451663,14.750324886003673,14.774493189526275,1.6764543566041767,4.212110002188493,8.601315999370161,7.333450464317126,7.912580683002107,9.826939449430924,8.114359404729125,5.6662219712392785,0.9857758262382963,0.32973629671978844,0.5529726502647405,4984.452356902926,1.722820103253605,0.27423818403382216,0.5832078139769193,0.4959344443211219
124.08973462859767,88.07486071336473,107.59772419731557,133.1706740480456,70.75718889525618,124.19735279833317,24.023540316161473,10.727308858473892,16.941579086990416,24.94045425106426,70.7563346034254,162.95263030269737,103.97671249105488,51.85617847586835,90.23032517777283,30.778220976082206,5.158327051669125,4.368630988132986,0.7896960635361394,1.1551664384197797,0.336146971390377,0.19430665320782192,0.04540719375808839,14.353118293347217,5.643552382482748,4.704835139665158,4.004730771199314,2.9540406747649413,122.04518156427457,0.28771528621453585,56.97157572283279,43.42141300326968,0.15585858585858586,$R_{v}^{syst}$,[mmHg*s/ml],4.4016292260096614,9.097282376394762,14.841613000115707,14.80136351830936,14.825473281727838,1.6663162341697926,4.187006164148578,8.54932220500264,7.288918588719232,7.864542543985342,9.769319853359308,8.059483033046533,5.631682234051864,0.9771267451265758,0.32973629671978844,0.552972369801128,4953.003222667932,1.7248449729248208,0.2742815032789047,0.5838934404862486,0.4960130347517143
123.45429275215938,87.65397801725837,107.05806939882461,132.44327496310825,70.31334471478283,123.54557244896866,23.878271032735736,10.660976850165376,16.83720733128806,24.77955683776664,70.31248370994508,162.30446111968124,103.36874091726014,51.55442903476744,89.71920439176442,30.641161568749244,5.109948508470438,4.327535820109707,0.782412688360731,1.1418841789310556,0.33272387802411,0.1918994333072538,0.04485369204263679,14.281697780879265,5.61548672762805,4.681433362108286,3.9847776911429293,2.954039812517085,121.42216093978136,0.28728650039305365,56.9128810697172,43.3213500262926,0.1577777777777778,$R_{v}^{syst}$,[mmHg*s/ml],4.3779717283704285,9.045356396986735,14.891584669432818,14.851759975625345,14.87581043006108,1.6563103037523765,4.162221014512796,8.497985849589837,7.244948179749387,7.81711160978714,9.712418805599444,8.005374457274518,5.597580247439834,0.9686069177525635,0.32973629671978844,0.5529720921751607,4921.934130034798,1.7268722094264606,0.27432542902710816,0.5845798699493571,0.49609271952229406
122.82665731501136,87.23829987797943,106.52502403742689,131.72514712681297,69.87500788747712,122.90182628380657,23.734824683920777,10.595474723831122,16.73413057495337,24.620798007844694,69.87409122991811,161.66441858574743,102.76836442352116,51.25649100442298,89.21544305342782,30.506127711446474,5.0624437915178575,4.2871775287722995,0.775266262745558,1.1288422390691117,0.3293600083993027,0.18953755608055248,0.0443105182062597,14.211147563212041,5.587763249065543,4.658316779083523,3.9650675350629734,2.9540389588039497,120.80678949072737,0.28728650039305365,56.854328369475006,43.2216883846068,0.1596969696969697,$R_{v}^{syst}$,[mmHg*s/ml],4.354604275133529,8.994066788794214,14.940969068974029,14.901522178101601,14.925512960995343,1.6464419900976446,4.1377502724223065,8.447293725776019,7.201529832699758,7.77027689022714,9.65621945516999,7.952017941488588,5.563907763649978,0.9602152689130639,0.32973629671978844,0.552971816791056,4891.250552123399,1.7288984022050915,0.27436994841530504,0.5852659448015876,0.496173475906056
122.20665295297894,86.82773238002706,105.99844097969961,131.01600798382665,69.44196700446646,122.26589604067568,23.593135149707862,10.5307865089261,16.632321064164152,24.464085630263096,69.44099770134203,161.0322734132753,102.17544069243114,50.9623144920749,88.71881809458635,30.373063048685914,5.0157871104449026,4.247534403230978,0.7682527072139242,1.1160333966518394,0.3260537591331111,0.18721966651962757,0.043777368933187163,14.14144570758588,5.560372981519026,4.635477969568149,3.9455947564987044,2.9540381062562715,120.19888899336327,0.28728650039305365,56.79585988668856,43.122410327728375,0.16161616161616163,$R_{v}^{syst}$,[mmHg*s/ml],4.331501499742256,8.943401946571546,14.990022767360479,14.950660142331909,14.97459080874463,1.6367068015742625,4.11358721389763,8.397234064040676,7.158653503442597,7.724027547365742,9.600709961079128,7.899393929995777,5.530657996762199,0.9519480768182842,0.32973629671978844,0.5529715445473283,4860.937690312652,1.730925752515509,0.27441514027406244,0.5859524116664683,0.49625544565535146
121.59404379264501,86.42175196916409,105.47810705393745,130.31563047740488,69.01408885688612,121.6375975097519,23.45315616501819,10.466889727451177,16.53173961776109,24.30935816564697,69.01303512102149,160.40776081812564,101.58979256147283,50.671805326429364,88.22910894387525,30.241931677676572,4.9699517136645195,4.208584180464851,0.7613675331996688,1.103450357675551,0.3228033742207298,0.18494427034199176,0.043253913885515874,14.0725678035579,5.533306693964084,4.6129095003894305,3.926351609204386,2.954037258063255,119.59824812495424,0.28728650039305365,56.737464624252496,43.023501337488405,0.16353535353535353,$R_{v}^{syst}$,[mmHg*s/ml],4.308681343821743,8.893343507760308,15.038452414577172,14.99917587683212,15.023045886949397,1.6271006836629534,4.089721446842608,8.347795115741942,7.116304635889668,7.678347497279756,9.545868999105865,7.847483118644132,5.497819541334437,0.9438026868657834,0.32973629671978844,0.5529712759951041,4830.986219982028,1.73295409829961,0.27446101510910326,0.5866392150503141,0.4963386472745707
120.98884812786332,86.0206954451568,104.96406873886522,129.62401243519017,68.59139486609595,121.01690031936327,23.31491169541376,10.403781122198653,16.432397989118268,24.156638779887405,68.59031998994102,159.79103021899914,101.01151318676972,50.384910019259614,87.74624668976067,30.112679978695876,4.9249307597577845,4.170320294240186,0.7546104655175985,1.091090982906958,0.31960832369474373,0.18271130288714008,0.04274010585985113,14.004516767666244,5.506565230726083,4.5906117396712585,3.907339797268902,2.9540364115531195,119.0048780767242,0.28728650039305365,56.67918669630725,42.925012684338796,0.16545454545454547,$R_{v}^{syst}$,[mmHg*s/ml],4.286137472067773,8.843890917863188,15.086286167709927,15.047097185567276,15.070906198343184,1.617624201912993,4.066153538062531,8.298971113699242,7.074481269039452,7.633235542930668,9.491700615457429,7.796279224736776,5.465389892897137,0.9357759380112649,0.32973629671978844,0.5529710102054441,4801.397640626717,1.734982621494218,0.2745073332029377,0.5873260785509513,0.4964226480895455
120.39080531958398,85.62443106965306,104.45606854760435,128.9408453835272,68.17365655489519,120.40354667127244,23.178307398630803,10.341436862462897,16.334241825605492,24.00583356085125,68.17256790757526,159.18166684736084,100.4402041330913,50.101543571246715,87.27004116796112,29.98531140735438,4.880692146008215,4.132716436965082,0.7479757090431329,1.0789465441434316,0.3164666416147318,0.18051882053448193,0.042235532735084284,13.93726074545773,5.48013629858691,4.56857462983804,3.888549817032778,2.954035570085882,118.4185203867739,0.28728650039305365,56.62097042790934,42.82689662556799,0.16737373737373737,$R_{v}^{syst}$,[mmHg*s/ml],4.26386368408816,8.795023622311456,15.133517934631806,15.094418114585602,15.118165641440141,1.6082713068962429,4.042873301330219,8.250739358949213,7.0331650095543505,7.588671383280586,9.438177141631295,7.745766535815455,5.433355785209099,0.927867027271202,0.32973629671978844,0.5529707486557559,4772.1559588426635,1.737012892823495,0.2745542780827417,0.5880135332199116,0.4965077786667185
119.79933009652558,85.23238323101246,103.95361329493524,128.26547807409324,67.76080057105756,119.79720294572311,23.043382907949102,10.279832368028218,16.237264228942507,23.856966084315456,67.75989795421093,158.5798749452645,99.8756289162771,49.82153372664248,86.80037307946142,29.85979831216742,4.837204065814621,4.095741121972562,0.7414629438420592,1.0670079291833756,0.31337464072417,0.17836677585238023,0.04174011188829425,13.87072939175792,5.453991637915982,4.54677396860985,3.86996378523209,2.9540347313114665,117.83858641589455,0.28728650039305365,56.56292376188294,42.72919118999114,0.1692929292929293,$R_{v}^{syst}$,[mmHg*s/ml],4.241841981657354,8.746719468342812,15.18017755299565,15.141170953101227,15.164854807891148,1.599033252409618,4.019883750823338,8.203077832693644,6.992334939636714,7.5446346256258785,9.385274286415187,7.695945776807395,5.401699249747272,0.9200741512911761,0.32973629671978844,0.5529704867450342,4743.256039974029,1.7390376946966968,0.2746014578203052,0.5886991362233028,0.496593334368891
119.21543361942409,84.84558331406691,103.45759952169406,127.59899340060878,67.35294723471638,119.19838982103975,22.910054502221765,10.218991780412983,16.141455774643653,23.70998327582821,67.3519977417818,157.98520892146905,99.31810794528052,49.54511857282901,86.33721549668303,29.73610752573798,4.794496116133013,4.05942881058978,0.7350673055432329,1.0552842758928676,0.3103371918265551,0.17625344169470852,0.04125359307896335,13.80505010418444,5.4281822625922445,4.525253396618315,3.8516144449738743,2.954033903943967,117.26609189368928,0.28728650039305365,56.504913645090106,42.63183762681289,0.17121212121212123,$R_{v}^{syst}$,[mmHg*s/ml],4.2201021924691355,8.699008432297559,15.226267391220473,15.187352812595917,15.210974385490802,1.5899165702214275,3.9971729927178083,8.156016161285384,6.952021246474467,7.501152730405471,9.333025849832069,7.646786971137405,5.370446293356021,0.9123948999757593,0.32973629671978844,0.5529702288211615,4714.7063064301465,1.7410684566635517,0.27464967176352384,0.589386754951942,0.49668075684477664
118.63829363904303,84.46330407712243,102.96730730415999,126.94060283225856,66.94985343279826,118.60653763497528,22.778319892635295,10.15887188208937,16.046774239971732,23.564827347278765,66.94885751952867,157.39758824156507,98.76719800652123,49.27202482164342,85.8802476445292,29.614133851728678,4.752518301531296,4.023732409848613,0.7287858916826833,1.0437612876858318,0.30734944802498665,0.17417792124337292,0.04077569326178289,13.740126465390766,5.402670020370284,4.503980776722886,3.8334756682975946,2.954033076962023,116.70022589611685,0.2868577145715715,56.44701781856565,42.53486871525584,0.17313131313131314,$R_{v}^{syst}$,[mmHg*s/ml],4.198613288556552,8.65185237179592,15.271784159841742,15.23296299413453,15.25652183151757,1.5809175791501577,3.9747335146415232,8.109519941332957,6.912188148319459,7.458190049169864,9.281389389119377,7.598271083352035,5.339567582914857,0.9048233367524647,0.32973629671978844,0.5529699736616276,4686.489740295879,1.743099049697788,0.2746983700278933,0.5900743168016319,0.4967690527731733
118.0678662130677,84.0855130577735,102.48269940539677,126.29010166083783,66.55144361758387,118.02157925909565,22.648121756882478,10.099464640488135,15.953204307670482,23.421461414361307,66.55038069054044,156.8170054653086,98.22281606800883,49.00221595647629,85.42943913474679,29.49379762165315,4.7112576226377305,3.988641440138653,0.7226161824990776,1.0324354975926193,0.30441061628488214,0.17213937365948967,0.04030622898241182,13.675952120054987,5.377452276823661,4.482953826141039,3.815546017090292,2.9540322442364593,116.14093389958074,0.2868577145715715,56.3892163071991,42.43824226401445,0.17505050505050507,$R_{v}^{syst}$,[mmHg*s/ml],4.177381310765082,8.605243767575745,15.316745984803566,15.27801949510646,15.301515220252371,1.5720349110521248,3.9525616359326343,8.063577133921385,6.872829887035432,7.415739484293559,9.230355879737884,7.550396278901125,5.3090586427969475,0.897356543238167,0.32973629671978844,0.5529697214013404,4658.601053230871,1.7451301968285868,0.2747476690568868,0.5907620677578818,0.4968584326111365
117.50411123302871,83.71190430720985,102.00373804835421,125.64744756491285,66.15768137830358,117.44346478321296,22.51948788699887,10.040766904930598,15.860750074507417,23.279894097007208,66.15662457732462,156.24345045905298,97.68494847584921,48.7356723365148,84.98468513351472,29.37508276996404,4.670703379359263,3.9541460489072806,0.7165573304519821,1.0213035897587692,0.3015200073580115,0.17013753401485554,0.03984512064042174,13.61251987324806,5.352526151145982,4.462169891093862,3.7978238310082144,2.954031438956052,115.58817986464116,0.2868577145715715,56.3315136354526,42.342014582340795,0.17696969696969697,$R_{v}^{syst}$,[mmHg*s/ml],4.156396539891051,8.559181581363221,15.361171181404188,15.32254053288168,15.345972816335873,1.5632681579767571,3.9306573213211373,8.018187911274198,6.83394447908788,7.373800279087867,9.179925686737793,7.503155812660222,5.278917740310566,0.8899926663721238,0.32973629671978844,0.5529694715617272,4631.03769648125,1.7471618934721058,0.27479739603977554,0.5914499996281518,0.49694858427478367
116.94688319431704,83.3425655319998,101.5303075213921,125.01248578424249,65.76848092949274,116.87207314667148,22.39235785960945,9.982762791355313,15.769373757543962,23.14006160472858,65.76737964166371,155.6766080813266,97.15342443327589,48.47233302235762,84.54587557789988,29.258070136824287,4.630837196207729,3.9202320054366444,0.7106051907710842,1.0103609868144265,0.29867641376957554,0.16817100528354845,0.03939208039575403,13.549815209888207,5.327885882136306,4.441624273813061,3.7803050539388394,2.9540306181841816,115.0418246303741,0.2868577145715715,56.273906296635104,42.246154031893056,0.1788888888888889,$R_{v}^{syst}$,[mmHg*s/ml],4.135659309220188,8.513655411357192,15.40506238126454,15.366528515832831,15.389897154676566,1.5546140742527603,3.909013087847154,7.973333909608765,6.795520345434179,7.3323587728566615,9.130081212388827,7.456569704822011,5.24913646966617,0.8827341940451675,0.32973629671978844,0.5529692239804492,4603.7936650644915,1.7491938844338668,0.27484775984591303,0.5921380346115309,0.4970398856331841
116.39606537489573,82.9775336723551,101.06231386897538,124.38505329659289,65.38374613703046,116.30726473108116,22.266699609740055,9.925440591103346,15.67905988924558,23.001938892104057,65.38258143631529,155.1163838136807,96.62823994505206,48.21215292847144,84.11286848915137,29.142706918939904,4.591642810940963,3.886885330259605,0.7047574806813572,0.9996030374217,0.29587880414724527,0.1662390326341054,0.03894693512254387,13.487826027614275,5.303526723051635,4.421313058124265,3.762986246438375,2.9540298057015244,114.50176069138112,0.2868577145715715,56.216390513702585,42.150661218901355,0.1808080808080808,$R_{v}^{syst}$,[mmHg*s/ml],4.115166325264219,8.468653026583212,15.448430533805519,15.409994371813807,15.433299113185148,1.5460652322981252,3.887626237021095,7.9290129871019435,6.757550893615096,7.291407526597477,9.080815727404573,7.410606693803944,5.219709630592341,0.8755778168992254,0.32973629671978844,0.5529689789443104,4576.862229592132,1.7512266802732552,0.27489875021787896,0.5928263407814103,0.49713231787919887
115.8515337098454,82.61670978740635,100.59964086768458,123.76505301016199,65.00343743225345,115.74891100779068,22.14251077245213,9.86878355997334,15.589787669103663,22.86551862690167,65.00219307263008,154.5626609494074,96.10921772608184,47.955037586485275,83.68551184309801,29.028956722012275,4.553104269637366,3.854092526766803,0.6990117428705629,0.9890254093997224,0.2931260242453196,0.16434081724413246,0.03850948473577117,13.426539192466098,5.2794437041585525,4.401232182126833,3.7458633061807136,2.954028993127674,113.96785292629147,0.2868577145715715,56.159005615075095,42.05556029726163,0.18272727272727274,$R_{v}^{syst}$,[mmHg*s/ml],4.094905269695663,8.42416252645526,15.491280244199295,15.452942676319848,15.476183315900013,1.5376186347107572,3.8664884122792427,7.885212731475578,6.720025225353962,7.250935454778123,9.032114093871165,7.365231556095695,5.190628209935307,0.8685212488371934,0.32973629671978844,0.5529687369154691,4550.240620257741,1.75325886488801,0.2749501334139636,0.59351444043604,0.4972254578941857
115.31265379004572,82.25950904395695,100.14171535463211,123.15170115246754,64.62724561258194,115.1966036661762,22.019757478249392,9.81277255553114,15.501547055121646,22.730766884499612,64.6262779016506,154.01553341502216,95.59602205749516,47.70082125967149,83.26375903831152,28.916834877597513,4.515183832968887,3.821816613239567,0.6933672197293204,0.9786166852762305,0.2904144583170892,0.16247616221008226,0.03807961816769026,13.365870446089865,5.255603089786987,4.381352736610583,3.7289146196922953,2.9540281906846713,113.43948227106767,0.2868577145715715,56.10169358800087,41.96088308021739,0.18464646464646464,$R_{v}^{syst}$,[mmHg*s/ml],4.074868481802757,8.38016305865761,15.533639903304532,15.49540474174701,15.51857901374055,1.5292796304579321,3.8456021274439123,7.841907404751034,6.682918366712521,7.210919855196226,8.983952275348514,7.3204570762616745,5.161872487107995,0.861564953383915,0.32973629671978844,0.5529684982172437,4523.907192880736,1.7552888289731279,0.2750015522055855,0.5942017867359265,0.49731865936700453
114.78037847145342,81.90689373673803,99.68942406512073,122.5461080344545,64.25542025973596,114.65085207106786,21.89841316340844,9.757418023896385,15.414312823950837,22.597621942343345,64.25445748241246,153.47454979326076,95.08894008992729,47.44972433071285,82.847437731436,28.806236412109442,4.477913516187435,3.790094542582244,0.687818973605191,0.9683874825369139,0.2877485103826973,0.1606433084124834,0.037657087361984434,13.305951438717944,5.232057660423068,4.361720193738461,3.7121735845564157,2.9540273881902808,112.91759035926943,0.2864289287500893,56.044433250183246,41.86652286582172,0.18656565656565657,$R_{v}^{syst}$,[mmHg*s/ml],4.05507536746377,8.336677849314448,15.575489297389726,15.53735463929439,15.56046417727186,1.5210450580836667,3.824954370091624,7.799119295868362,6.646259375294076,7.171384439777813,8.93636454250021,7.2762389943063255,5.133467064891809,0.8547028442536769,0.32973629671978844,0.5529682608238788,4497.879418181517,1.757323972091836,0.275054025339071,0.5948908866306827,0.4974137664416079
114.25412479863193,81.55831780367473,99.24223255544186,121.94755057882911,63.88783030660706,114.11128635864458,21.77845014302183,9.702701970654184,15.328074163676316,22.466068293746766,63.88682144089446,152.93977489652823,94.58769669429829,47.20157349075322,82.43653969172685,28.697200654508002,4.441258589723214,3.7588924286596734,0.6823661610635403,0.9583273776423372,0.2851248291298879,0.15884203056410937,0.03724177474627284,13.246702765541825,5.208775579240602,4.342307091482891,3.695620094818333,2.954026591061188,112.40160695708254,0.2864289287500893,55.987301822022786,41.77253528986638,0.1884848484848485,$R_{v}^{syst}$,[mmHg*s/ml],4.035499923396222,8.29368505476778,15.616852195960568,15.578818732215973,15.601863382164181,1.5129139175001396,3.8045465368220217,7.756825658176783,6.610025131329066,7.132307272138066,8.889322440431979,7.2325840252383955,5.10539233857486,0.8479367406785578,0.32973629671978844,0.5529680262648788,4472.148121462494,1.759358651211831,0.2751070464924707,0.595579828744808,0.4975098620994966
113.73369972891375,81.2134361915379,98.79997398269357,121.35586067887886,63.52434871951394,113.57771133622859,21.659841051669012,9.648604098898605,15.242807737844487,22.336078940236774,63.5233105517884,152.41107981616562,94.09213945914095,46.95626506652675,82.0308298160782,28.589612966792732,4.40520061693469,3.7281942779438104,0.6770063389908791,0.9484312977691575,0.2825419859478388,0.1570715354996568,0.036833480350294115,13.188106586130639,5.185750068609458,4.32310816643568,3.6792483510855023,2.9540257939207986,111.89133081714587,0.2864289287500893,55.930294748993745,41.67893215401964,0.1904040404040404,$R_{v}^{syst}$,[mmHg*s/ml],4.016127700619402,8.251169191841187,15.657728210539089,15.619796884181728,15.642776309173689,1.5048828622264292,3.7843702062811624,7.715018412980259,6.5742037599809136,7.093676040222163,8.842807758738509,7.189482126712853,5.077638967777823,0.8412602672071477,0.32973629671978844,0.5529677944219366,4446.7044103659755,1.7613928056341357,0.2751604271482277,0.5962685936118001,0.49760660552731806
113.21913868747856,80.87232210163229,98.36268220566943,120.77103648610517,63.164984430208655,113.05015354520025,21.542587241427505,9.59512860478612,15.15850637484682,22.207634805947585,63.16382472766398,151.8883821212252,93.60227576770123,46.713858990148815,81.63034304498673,28.48354318885077,4.369733652845321,3.697995986462864,0.6717376663824566,0.9386978359461734,0.2799997195265355,0.15533119045284516,0.03643208856441363,13.130162373574164,5.162980527424266,4.304122487982383,3.6630593581675117,2.954025006144477,111.38678857067868,0.2864289287500893,55.873417637556535,41.585685386556854,0.19232323232323234,$R_{v}^{syst}$,[mmHg*s/ml],3.996973394955266,8.20913268018622,15.6981350334131,15.660306202429327,15.683220418664638,1.4969519919031613,3.76442602502854,7.673693433791316,6.538796831811815,7.055491462111878,8.79681765643032,7.146925805677589,5.05020917884178,0.8346766688138401,0.32973629671978844,0.5529675640979145,4421.548910114606,1.7634262016442126,0.2752144574897735,0.5969571002196066,0.4977045225767366
112.71026175080465,80.53503042313115,97.93021393308803,120.19288025692055,62.80951309726102,112.52843506191716,21.42664340046774,9.542255056337206,15.075150724221258,22.080725067333766,62.80834473421945,151.37160123044643,93.11792216350882,46.47419526600295,81.23489487543974,28.378920353726222,4.334840584254482,3.6682823537566103,0.6665582304978718,0.9291219479765096,0.2774968950139824,0.15362038545474763,0.03603743182081002,13.07285679271904,5.1404622974946195,4.285346494390246,3.6470480008341775,2.9540242202450364,110.88783159041131,0.2864289287500893,55.816570329713535,41.49281914419385,0.19424242424242424,$R_{v}^{syst}$,[mmHg*s/ml],3.9780380715252206,8.167559875977796,15.73807795445399,15.700352296595538,15.723201120218881,1.489109822861031,3.744708424360497,7.632835914433671,6.5037904568216875,7.01773886067873,8.751338310714718,7.104898541598527,5.023089952001521,0.828181956287844,0.32973629671978844,0.552967336596959,4396.6659168082715,1.765462365847362,0.2752688757487586,0.5976465439071169,0.49780313868591786
112.20703075931797,80.20151577753282,97.50251955818621,119.6213845226678,62.45804924085083,112.0125351888474,21.312015928448563,9.489978810717822,14.992730207417415,21.95531561590279,62.456800454173205,150.86077918999982,92.63905986210435,46.237284212389945,80.84441275527915,28.27569391476231,4.300512059489455,3.639045872764661,0.6614661867247936,0.9197011951412581,0.2750328994785227,0.15193849247883753,0.03564938830359889,13.016177217909604,5.118189773973641,4.266775225618272,3.6312122183176885,2.954023435510532,110.39441257691809,0.2864289287500893,55.7598746743387,41.40029024741595,0.19616161616161618,$R_{v}^{syst}$,[mmHg*s/ml],3.9593184778804456,8.126451722278995,15.777562281410361,15.739940233003738,15.762723625713143,1.4813625860757198,3.7252136014385884,7.592443924403797,6.46918194973267,6.980416795905112,8.706370101384659,7.063397588101132,4.996281502756106,0.8217733688167315,0.32973629671978844,0.5529671117247652,4372.063446859558,1.7674969666634155,0.27532380365979026,0.5983354584856048,0.49790267417717676
111.70925567122124,79.87167009692082,97.07945045611538,119.05632339484232,62.110313823964475,111.50222245449439,21.198648812251655,9.438279317549306,14.91121596859865,21.83135205824762,62.10907529428015,150.35561862735753,92.16561658706736,46.003062000818915,80.45876047615073,28.173883886185784,4.266728965467827,3.610270196103043,0.656458769364784,0.9104302836761375,0.2726063814064005,0.15028462124935907,0.03526772402087834,12.960111179392264,5.09615876397004,4.24840561233614,3.6155468030860827,2.9540227305270843,109.906335128798,0.2864289287500893,55.703207036355316,41.3081172897248,0.19808080808080808,$R_{v}^{syst}$,[mmHg*s/ml],3.9408032343366086,8.085789181458896,15.816594236192337,15.779076523878109,15.801794165651922,1.4737083123320538,3.705934957610344,7.552500950780697,6.434960367106433,6.943510713911162,8.661889948157645,7.022404760161462,4.9697735215931775,0.8154505137829784,0.32973629671978844,0.5529670803247111,4347.721967677513,1.7695343713815215,0.27537917414546137,0.5990253064389198,0.49800283587181055
111.21701970906453,79.54553501200627,96.66107184357885,118.49772148244146,61.76652678350524,110.99758989762684,21.08654699386503,9.387165888114257,14.830612761886945,21.70884697337338,61.76518906536023,149.85613166905964,91.69755036618704,45.77153209017325,80.07796712191173,28.073458528744712,4.2334905289294,3.581955291519754,0.6515352374096457,0.9013092058630015,0.2702173354051911,0.14865849334901302,0.034892416167103125,12.90465947818572,5.0743687097342915,4.2302367082380306,3.6000540602133975,2.9540227305270843,109.42368116619426,0.2864289287500893,55.64672786181444,41.21632420204312,0.2,$R_{v}^{syst}$,[mmHg*s/ml],3.9224941803122735,8.045577928023043,15.855192976625641,15.817779820330317,15.840431820759648,1.466148662155259,3.6868763661024677,7.513016120712972,6.401127244673259,6.907024744367941,8.61790654015903,6.981924120552003,4.943568806420342,0.8092077164798233,0.32973629671978844,0.5529670803247111,4323.6568748453665,1.7715692765068323,0.275435038311416,0.5997141654325497,0.4981038620774245
