STK_syst_list,DTK_syst_list,MAP_syst_list,Plvmax_list,SV_lv_list,EDV_lv_list,STK_pulm_list,DTK_pulm_list,MAP_pulm_list,Prvmax_list,SV_rv_list,EDV_rv_list,maxVla_list,minVla_list,maxVra_list,minVra_list,Eout_total_list,Eout_lv_list,Eout_rv_list,SW_lv_list,PE_lv_list,SW_rv_list,PE_rv_list,Ein_total_list,Ein_LAD_list,Ein_LCX_list,Ein_RCA_list,Ees_lv_list,Pes_lv_list,LVET_list,EF_lv_list,EF_rv_list,var,var_name,var_unit,Plvmin_list,EDP_lv_list,Pv_syst_max_list,Pv_syst_min_list,Pv_syst_mean_list,Prvmin_list,EDP_rv_list,Pv_pulm_max_list,Pv_pulm_min_list,Pv_pulm_mean_list,Plamax_list,Pramax_list,Plamin_list,Pramin_list,RVET_list,Ees_rv_list,CO_list,Ea_lv_list,Ea_rv_list,VAC_lv_list,VAC_rv_list
54.507456365316344,14.64227134250896,27.80433790250033,89.60961883263036,115.11682173810401,139.01238728574347,35.148163888637626,13.908039240620129,24.02421224231926,38.136460611287035,115.11642215997547,222.34342675398466,124.06599440331657,59.02367800396423,123.55950037915404,45.8766079185346,4.897855622464061,3.3194272468461756,1.5784283756178852,1.0413292690436131,0.023478554877596387,0.4668327553703459,0.09350398268570492,3.4552143751056854,1.334279751568873,1.1126405267002768,1.008294096836535,2.744503544492582,31.089617589480284,0.3558922318302008,82.81047753066673,51.7741512940465,0.1,$R_{a}^{syst}$,[mmHg*s/ml],3.270703355964351,10.274444467740397,14.799432221160073,14.17893625082536,14.506471848513648,2.3740417271411736,6.447968569673687,10.190355197601864,8.507815996791978,9.25613216683072,10.988184288141246,13.246096425013654,6.4704072255084615,1.8562795670960976,0.3383120131494318,0.5447647184230222,8058.17752166728,0.27007015239015697,0.24012095336347178,0.09840400932697244,0.44077919373811647
56.05748725461187,14.849286402638297,29.01738869239629,90.1849838965599,114.84064572206836,139.49221937042083,35.119242223440885,13.929270433246577,24.02007539833883,38.092033772874245,114.84028344323958,222.04126200792123,124.45256824944362,59.243820172941675,123.51582267089171,45.78186634054599,4.9265272340734185,3.352023501503213,1.5745037325702054,1.0511186268141437,0.02693970713025202,0.465339196157174,0.0934021585461615,3.605032026631729,1.3941528734481945,1.162644570486231,1.0482345826973034,2.754787118282316,33.36477940397321,0.3554634460087186,82.32763536230622,51.720244428777704,0.1096989966555184,$R_{a}^{syst}$,[mmHg*s/ml],3.294446178206209,10.312680155701809,14.745044117572501,14.161792464559232,14.470984802847632,2.3730103512232987,6.436623949471759,10.218492224816112,8.537020352619454,9.287430700309962,11.031020919250977,13.219456575587,6.494768042229824,1.8513856768453234,0.3383120131494318,0.5447647184230222,8038.845200544785,0.2905311024175273,0.24056724142606536,0.10546408486136717,0.44159842458677623
57.50180623119146,15.117224813794486,30.224894636519355,90.76621000004248,114.57210286738791,139.94879791966684,35.090307547117,13.949180839605633,24.015219579222016,38.04804024231006,114.57161584689504,221.74598502680587,124.81479505469788,59.453210060001844,123.47224981632185,45.689691687943785,4.954953451306884,3.3843041219993726,1.5706493293075117,1.0606889858708315,0.030491551527287445,0.4638764582022876,0.09329806590645694,3.7565494575766873,1.4545852357507618,1.2131067480017252,1.0888574738242007,2.764782472931147,35.56051537913026,0.3546058743657543,81.86715753939836,51.66795504010817,0.11939799331103679,$R_{a}^{syst}$,[mmHg*s/ml],3.3201044230453722,10.349059607747375,14.69282603642565,14.144311772416222,14.436258708990728,2.3719488050131052,6.425528678643748,10.244924662822076,8.564761345312169,9.317040317232204,11.071838090848354,13.193398701108663,6.517932470054668,1.8466952755910897,0.3383120131494318,0.5447647184230222,8020.047200717154,0.31037673647563196,0.2409969629761791,0.11226081600068125,0.44238724503637816
58.86248587515659,15.446372342026729,31.426980410993096,91.35730773474405,114.31025441612532,140.38200208901324,35.061185788415266,13.967670710338988,24.00954868897085,38.00422905445537,114.30957988374155,221.45651556593793,125.15396207601759,59.651810917632005,123.42869071584171,45.59958725946375,4.983306802518503,3.416458606684584,1.566848195833919,1.0701418561542084,0.03410960997773623,0.46243847081181255,0.09319087708815452,3.90938476861823,1.5154412309393255,1.263916058355869,1.1300274793230352,2.7744997471068187,37.67719150314573,0.3537483027227899,81.4279984008517,51.61716718590122,0.1290969899665552,$R_{a}^{syst}$,[mmHg*s/ml],3.3468959381448298,10.383567733317983,14.642701080914504,14.126460987232212,14.402253881830699,2.370854032444407,6.414655485275146,10.269691783026268,8.591025300541437,9.344976907980334,11.110614888100402,13.167860710574383,6.53989744297851,1.8421723554076892,0.3383120131494318,0.5447647184230222,8001.717809128772,0.3296046509177461,0.2414106127726684,0.11879786662855164,0.4431465632934172
60.1569864816051,15.835272095326479,32.623882212008525,91.96143239864837,114.0551911364774,140.79333360859843,35.03204873547956,13.984628798160072,24.00322825249918,37.96077972325295,114.05455951197638,221.173380105473,125.47226740453951,59.84040068310689,123.38642832575273,45.511571565778496,5.012671696587384,3.4486605251280196,1.5640111714593645,1.079564577344728,0.03777709953658095,0.46102881023921094,0.09344727571988035,4.063200592599581,1.5766009012323394,1.3149704448076003,1.171629246559642,2.7839462119156586,39.71847143143991,0.35331951690130775,81.0089428335774,51.56794161105017,0.1387959866220736,$R_{a}^{syst}$,[mmHg*s/ml],3.374290940318037,10.416345542889383,14.59466941566613,14.108269399390423,14.368974329905104,2.3697399105663375,6.404024842083978,10.292943016952455,8.615896630927786,9.371373251580117,11.14748640736283,13.14286238361373,6.560744878592039,1.8378028185252993,0.3374544415064675,0.5469045779563247,7983.863379553418,0.3482390501973132,0.24275839150468975,0.1250882824915237,0.4438770514809554
61.398645588604246,16.281012927983603,33.81564074064477,92.58061820527746,113.80631199947318,141.18435464996017,35.00283795429958,14.00045235041359,23.996267477061213,37.917631253421646,113.80568267307657,220.89577439017822,125.77124677644487,60.01956873427195,123.34494934225397,45.42525642551433,5.041341120504901,3.481012795234726,1.5603283252701756,1.089010549381188,0.04148245681179017,0.4596437464138413,0.09333524759842525,4.21774008216417,1.6379770552934916,1.366199231207589,1.2135637956630883,2.793127419879616,41.689377466168544,0.35246194525834346,80.60830272705098,51.52008135386802,0.14849498327759197,$R_{a}^{syst}$,[mmHg*s/ml],3.4020212104237535,10.447496371189903,14.548652825104101,14.089720712064622,14.336361889165882,2.368604117672397,6.393598102316554,10.314794643963245,8.63948970133029,9.396338622868349,11.18257493881985,13.11832259977413,6.580546095770463,1.8335605824618102,0.3374544415064675,0.5469041654556362,7966.441839963122,0.3663186754207581,0.2431433019656356,0.13115000512097885,0.4445811850108479
62.598025744221125,16.779871493268793,35.00234095060709,93.21524765677344,113.56318315270205,141.55656293189773,34.97355603267271,14.015235422200194,23.98872156531469,37.87476336402946,113.56254711260317,220.62317856601368,126.0535470132595,60.190146544277255,123.30465587876218,45.34048654807461,5.070286548441237,3.513591010724631,1.5566955377166054,1.0985179018146651,0.045218281406729406,0.45828113582395574,0.09322111528035541,4.372782742347513,1.6994933002653068,1.4175398978544251,1.2557495442277817,2.8020480278512183,43.59559552681563,0.35160437361537905,80.22459771599345,51.4735341276137,0.15819397993311038,$R_{a}^{syst}$,[mmHg*s/ml],3.4298622987639806,10.47715682699485,14.50450434042537,14.070830796851986,14.304376341241655,2.367450034114154,6.383360635145264,10.335385321729694,8.661911894383671,9.420000980844776,11.216025566760464,13.094196286729513,6.599391230914583,1.829433640262986,0.3374544415064675,0.5469037662968776,7949.422820689144,0.38388846029610735,0.24351475470194034,0.13700281240022016,0.4452607016236059
63.76370684569017,17.328319685704216,36.18412985087434,93.86574262979529,113.32534156512872,141.91207425735715,34.94433447674876,14.029120149967758,23.980734958934242,37.83223358494249,113.3247608961413,220.35575064069187,126.32020842117753,60.353066396136846,123.2658617555034,45.25711965637126,5.099575079208929,3.5464568331788815,1.5531182460300479,1.108115930247078,0.04898034340287385,0.4569422452623909,0.09310582222949845,4.528109329928658,1.761069802694471,1.4689239785336654,1.2981155487005225,2.810712154249789,45.44299009176525,0.35074680197241476,79.85602504802625,51.42809323861333,0.16789297658862878,$R_{a}^{syst}$,[mmHg*s/ml],3.4576788245765777,10.505498818490745,14.46204923005247,14.051623061501212,14.272986054179448,2.3662892298467533,6.373324474657106,10.354862809857005,8.68329289912892,9.44251093837505,11.248023235615054,13.070522241596356,6.6173854727077845,1.8254098013523294,0.3374544415064675,0.5469033783875122,7932.7739095590105,0.4009958360959266,0.24387468000744628,0.14266698761366295,0.44591913241875636
64.9017339853563,17.921663524598685,37.36094164819348,94.53149019487172,113.09235623762227,142.25217018906574,34.915070229869094,14.041908532110751,23.972283025553438,37.78997426516327,113.09166515707834,220.09249687608656,126.57361561599531,60.50898203938217,123.22813128697187,45.17493504481198,5.128811001118707,3.579227265187483,1.5495837359312234,1.117810296735835,0.052607290738751575,0.45562236322718513,0.09298891154160484,4.683592292091354,1.8226662055021583,1.5203208644005106,1.3406052221886853,2.8106495084966148,47.09492559919096,0.3503180161509326,79.50132225562008,51.383698564131265,0.17759197324414716,$R_{a}^{syst}$,[mmHg*s/ml],3.4853707174482738,10.532625812541378,14.421088447212746,14.032094278341342,14.242124449467548,2.365115553274357,6.3634457363590196,10.373319115685554,8.703719835042335,9.463965383027228,11.278678599441706,13.047246861307604,6.634600461661796,1.8214708096896473,0.33702565568498527,0.5469029999614178,7916.464936633559,0.4164289008201242,0.2442237735288608,0.1481610921465862,0.4465577507274416
66.01762715580507,18.55664126049115,38.53288464607158,95.21210109708218,112.86360287307933,142.5787238952708,34.885855387442085,14.053927094319203,23.963478699034123,37.748024426610655,112.86310242624101,219.83343991542316,126.81457913920178,60.65865072683434,123.19185643583216,45.09388738935086,5.158781982494268,3.6126864656527458,1.546095516841522,1.1276097874745246,0.05640910100220144,0.454322252145894,0.09287104738318008,4.839077108713159,1.884225744774415,1.5716817651140162,1.3831695988247275,2.8190451473630613,48.83974702964207,0.3494604445079682,79.15879718209689,51.34027947234188,0.18729096989966554,$R_{a}^{syst}$,[mmHg*s/ml],3.5128870928259817,10.558670166755908,14.381481296850378,14.012274914800484,14.211762725021018,2.3639365686566682,6.353731782291009,10.390887873078622,8.72329678967203,9.484485114103604,11.308147787322872,13.02432991703277,6.651121404243268,1.8176099336398028,0.33702565568498527,0.54690263039072,7900.452201115553,0.43273248227388916,0.24456313601074847,0.15350321107083642,0.44717856967706826
67.11524086659811,19.228700040834447,39.69995581789895,95.90693911094132,112.63899577684327,142.8930911991678,34.856635476462756,14.065297339336501,23.954320283399213,37.70630367158762,112.63828071124333,219.57788835469484,127.04448824669377,60.80268997911412,123.15652388440974,45.013776399882325,5.189100862827665,3.6464563067056073,1.5426445561220579,1.137512801048586,0.06023366509190461,0.45303836032822037,0.09275210964009586,4.994482931444156,1.9457233679836852,1.6229879515822987,1.425771611878171,2.8271897109649444,50.54112698662632,0.3486028728650039,78.82746102808032,51.29764274319518,0.19698996655518394,$R_{a}^{syst}$,[mmHg*s/ml],3.5401953711139287,10.583740715018264,14.343081704777479,13.992175981899964,14.18185188228328,2.3627508563147748,6.344153316359869,10.407646199887404,8.742111700757041,9.504160034134157,11.336537476096316,13.001706459110878,6.66701645466863,1.8138128274668812,0.33702565568498527,0.5469022713255735,7884.7297043790295,0.44870008506429476,0.24489422837326327,0.1587088702693211,0.44778425911395897
68.19773187802947,19.935025791643874,40.86215933006833,96.61512565118403,112.418146523181,143.19642862813075,34.827473486507024,14.076095182218815,23.944884056274258,37.66488930718689,112.41737621115634,219.32583741859906,127.264920358085,60.941672433319205,123.12237906333402,44.93454235085193,5.2197551809112275,3.6805215625279013,1.5392336183833262,1.147513416244037,0.0640807148648662,0.451771389320106,0.09263252059181516,5.149721165129784,2.0071289480958896,1.6742141498487795,1.4683780671851143,2.83511259425378,52.20314050046506,0.3473165154005574,78.50625019086307,51.255874608425515,0.20668896321070235,$R_{a}^{syst}$,[mmHg*s/ml],3.5672852584887913,10.607937121816912,14.305776113362622,13.97182439159386,14.152361676775044,2.3615609098417014,6.334703257115746,10.42368611881505,8.760241878938945,9.523083014801305,11.363964568029253,12.979355965941584,6.682350829395437,1.8100728073540568,0.33702565568498527,0.5469019213094096,7869.27025662267,0.4643657818153104,0.24521713927802966,0.1637909488168086,0.448374982283703
69.26758139905941,20.671407298499453,42.01947863421743,97.33527432710545,112.20032220505068,143.48967251365946,34.79830591583802,14.0863495593701,23.93515831478458,37.62363474680927,112.1995031610468,219.07670094312545,127.4764641084698,61.07602585719452,123.08904411923882,44.856086066183,5.250713638593894,3.7148597521092883,1.535853886484606,1.1576014807775565,0.0679512639823168,0.45051803594484213,0.09251199921150187,5.304688254074466,2.068403730639436,1.7253277938565728,1.5109567295784558,2.8427933209917455,53.82935971222236,0.346458943757593,78.1940053521063,51.214712782339625,0.21638795986622072,$R_{a}^{syst}$,[mmHg*s/ml],3.594145683153166,10.631326948299346,14.269437422692626,13.951216483214576,14.12323744429059,2.3603654071647373,6.325372193195136,10.439060789485003,8.777737721635036,9.541309525594034,11.390500299292796,12.957259343857375,6.697167346961376,1.806381240728713,0.33702565568498527,0.5469015757326626,7854.022554353548,0.47976118654852884,0.245533349104886,0.16876400510929787,0.448953449760964
70.32698191516182,21.43574716540311,43.1720419844349,98.06674477820052,111.98571105699945,143.77420796610195,34.76925521141835,14.095959056658664,23.92525892744761,37.58269094444849,111.98493037542833,218.8307806852685,127.68031268563314,61.206364797520976,123.05709874809325,44.7784541581129,5.281519027995161,3.749006120120626,1.532512907874535,1.1677758983270774,0.07165748383577865,0.44928057333110033,0.09239134043903592,5.459348124354825,2.129537403710072,1.7763204746441656,1.553490246000588,2.842730597171279,55.27725013952797,0.34603015793611086,77.88998641773262,51.17421325498523,0.22608695652173913,$R_{a}^{syst}$,[mmHg*s/ml],3.620796047645312,10.654023103170571,14.23401180504863,13.93041145631335,14.094488464042824,2.359171439568691,6.316162424179014,10.453872264623033,8.794690630991346,9.55894089102158,11.416271428504665,12.93543062710385,6.711538564535721,1.8027385403106866,0.3365968698635031,0.5469012366884874,7838.999773989962,0.4936098509156448,0.24584325840062088,0.17363933515431326,0.4495203921812525
71.377506605337,22.224304397503904,44.319789242330785,98.80836328811255,111.7737819084148,144.05061531142474,34.74025172306211,14.105100522273041,23.91515648620556,37.5419463002847,111.77302570859966,218.5874633823906,127.87702606022606,61.332953770585924,123.02594851771656,44.70150451220497,5.313047697692623,3.783845594630752,1.5292021030618708,1.1780223628430715,0.07557340733203112,0.44805575182987334,0.09227030632535871,5.613644340642626,2.190510183129807,1.8271763702068027,1.5959577873060153,2.850160499485966,56.84168730442411,0.34517258629314657,77.59340816890628,51.13423431474071,0.23578595317725753,$R_{a}^{syst}$,[mmHg*s/ml],3.6472387192417064,10.676074791327455,14.1993938817978,13.909405956303443,14.066065291525897,2.3579772044355263,6.307057404825976,10.468157251753933,8.811132528015518,9.57601754867416,11.441330350887592,12.913826756455059,6.725496559860727,1.7991252681446515,0.3365968698635031,0.5469009061525517,7824.164733589037,0.508542221028175,0.24614787803303856,0.17842581886875913,0.4500776562333551
72.42042057622336,23.035461846660944,45.4628080144524,99.5594388383134,111.56470542036115,144.3199126481985,34.71134535427542,14.113896064739238,23.904908114488418,37.50147549215845,111.56385853685386,218.34678063542924,128.06744057230404,61.45621131517428,122.99566800802218,44.62517847005339,5.344345801710107,3.818422088845682,1.5259237128644252,1.1883366102686894,0.07931464535963681,0.44684424290087765,0.09214913631230341,5.767553222196303,2.2513157172603426,1.8778908836345662,1.638346621301395,2.850138439440521,58.23143225310904,0.3443150146501822,77.30375065588967,51.094803510352904,0.2454849498327759,$R_{a}^{syst}$,[mmHg*s/ml],3.673412929539114,10.69755137545342,14.16553064550359,13.888234730326454,14.037962874327757,2.3567844829464617,6.298051929824812,10.481978676076823,8.827132172610591,9.592603841544161,11.465756166377675,12.892439316216166,6.739087126864192,1.795544561191769,0.3365968698635031,0.5469005785224449,7809.52937942528,0.5219520997586168,0.24644732047790685,0.18313219194400795,0.4506254521502442
73.45652971618834,23.866041317393524,46.6009790380855,100.31874454550076,111.3577549967252,144.58229045783347,34.68244225676471,14.122338960258297,23.89447217680563,37.46113909911855,111.35696425557606,218.10810340442083,128.25179137888026,61.57630546671347,122.96608987842289,44.54941780773223,5.3763428112785085,3.853674146450156,1.5226686648283527,1.1987006253444046,0.08328073500118725,0.4456427688920141,0.09202742006260088,5.921017809487758,2.3119328882645918,1.928446329819586,1.6806385914035795,2.8573093409500943,59.7446066585217,0.3434574430072178,77.02032845385169,51.05585831861347,0.25518394648829434,$R_{a}^{syst}$,[mmHg*s/ml],3.6993846971835587,10.718479673343053,14.132321171725177,13.866880735505866,14.01012368428594,2.3555864133291213,6.289125922349181,10.495350853209914,8.842700993790258,9.6087180935175,11.489575603070588,12.87122752883576,6.752325646853879,1.791992077559473,0.3365968698635031,0.546900257379249,7795.042849770764,0.5365105165803554,0.24674201408015634,0.1877677397022607,0.4511645601750972
74.48701298378508,24.714805210054028,47.73448442744089,101.08623017263882,111.15351021791051,144.83887700498113,34.65370981325821,14.130519517321282,23.883966679149825,37.421151506927956,111.15258057277228,217.87210428782538,128.43108552215412,61.69371097133309,122.9372412023558,44.474295082493406,5.408569224266991,3.889120645544957,1.5194485787220338,1.2091155617959104,0.08727494452317779,0.44445510502389085,0.09190610583872445,6.074036659129938,2.372363708398308,1.9788439526883712,1.7228289980432583,2.8642897532817084,61.23518953366511,0.3425998713642535,76.7428693983093,51.01735301823284,0.2648829431438127,$R_{a}^{syst}$,[mmHg*s/ml],3.7251899757038696,10.738946546208622,14.099756337795224,13.845404911407636,13.982575077361878,2.3543961922967225,6.2802956744123435,10.508354005151112,8.857908764859094,9.624439050786506,11.512884631476263,12.850220253742243,6.765266723620893,1.7884720818742963,0.3365968698635031,0.5468999369369852,7780.745715253735,0.5509064843172006,0.2470326573823312,0.19233615722222563,0.4516962623288705
75.51252293417467,25.57915660358287,48.86339144269572,101.8609138700335,110.95158414023818,145.09040260153967,34.625039472299875,14.13843971251602,23.873357784035818,37.38131996784435,110.94996052593703,217.63790283618764,128.60590217138954,61.80882042773369,122.90928208065223,44.39966404024844,5.440472764454784,3.924221358207956,1.5162514062468275,1.2195759655532934,0.09108312314912761,0.44327680940447506,0.0917847378503329,6.226582644955234,2.4325975663067907,2.0290753283199323,1.764909750328511,2.864247387274893,62.5564392820743,0.34174229972128917,76.4706570185372,50.9791534838705,0.2745819397993311,$R_{a}^{syst}$,[mmHg*s/ml],3.7508492608883084,10.758996481473709,14.067753268322074,13.823785835584706,13.95526663333755,2.353206592083603,6.271543156189998,10.521027302460816,8.872802222322042,9.639809741394433,11.535732858398319,12.829389825695328,6.77795194447746,1.7849746668546151,0.3365968698635031,0.5468996208815984,7766.610889816673,0.5638174503484832,0.2473202609414746,0.19684663163293006,0.4522224033412129
76.53291639828974,26.457965583350063,49.98730846289918,102.64093731293508,110.75071889538334,145.33579077494164,34.5964182450136,14.145828753623492,23.86261160633161,37.34167236868122,110.7496328201106,217.40577489645295,128.77580455431777,61.92114003407923,122.88190139206641,44.32563160554636,5.473019861278618,3.959940291397613,1.5130795698810051,1.2300463588301946,0.0951326214127377,0.44210901183294454,0.09166317104551283,6.37859213905794,2.492611222670363,2.0791225643347317,1.8068583520528447,2.8709898478853506,64.00713103481979,0.3408847280783249,76.20333457082525,50.9414402045479,0.28428093645484953,$R_{a}^{syst}$,[mmHg*s/ml],3.776244192049589,10.778585619847625,14.036296270669002,13.802080005528722,13.928214136670745,2.3520160506359367,6.262868057266336,10.533320370109584,8.887317947210157,9.654775453679715,11.55807547803371,12.80874447819568,6.79032575823492,1.7815036382672427,0.3361680840420209,0.5468993138897825,7752.550322676834,0.5779387409239466,0.24760341708831068,0.20130295526806957,0.45274040540890237
77.54970411588303,27.349184790950453,51.10687989922631,103.42736337208605,110.55257552886907,145.57769194318197,34.56793205861421,14.15309596957506,23.851842499863018,37.30224820063697,110.5508652540123,217.17542554200412,128.9424389425681,62.031785685358564,122.85512904628568,44.25201469788579,5.505220282835067,3.995287569199082,1.5099327136359855,1.2405600288363126,0.09898776352103782,0.44095096250847277,0.09154201051428562,6.530118205898273,2.552426048399412,2.1290009463410953,1.8486912111577656,2.8709566925519554,65.2907831266077,0.34045594225684267,75.94060192410319,50.90394780077479,0.29397993311036785,$R_{a}^{syst}$,[mmHg*s/ml],3.801505257036107,10.797862965743839,14.005315523963265,13.780249288711401,13.90136938821579,2.350831107973286,6.254266899459469,10.545380122811105,8.901602819732535,9.669487643858862,11.58007157818825,12.788317518992235,6.802516699841124,1.7780508580734018,0.3361680840420209,0.5468990052471795,7738.680287020835,0.5905858168773105,0.2478845418789452,0.20571045826272863,0.4532546951094013
78.56236520426377,28.252104662563095,52.22166368970486,104.21835198089245,110.35604684803528,145.8148326991491,34.53954355449321,14.160144323107906,23.84099864011059,37.26310113336954,110.35427508313407,216.94701800955164,129.10499802505663,62.140277756888544,122.82900509478213,44.178923259410595,5.538087909967638,4.0312762435916945,1.5068116663759434,1.2510805412313923,0.10309679356197927,0.4398032606496633,0.09142099397470395,6.6811179332755035,2.6120278077625585,2.178701551233354,1.8903885742795925,2.8774746552868207,66.70772561664475,0.3391695847923962,75.68231901052633,50.866924143790456,0.3036789297658863,$R_{a}^{syst}$,[mmHg*s/ml],3.8266408790728748,10.816777618620554,13.974812946129612,13.7583584655764,13.874759895648284,2.3496486631493445,6.245731406003189,10.557142037949767,8.91560451603539,9.683885978090657,11.601668625718487,12.768041567663204,6.8144676610609425,1.77461946927118,0.3361680840420209,0.546898702025224,7724.92327936247,0.6044773034367928,0.2481618708361997,0.21007215557092015,0.45376204024114514
79.57140643191428,29.164534063390573,53.33178635168165,105.01361118856772,110.16083822562771,146.0479079161266,34.51124140027512,14.167011804843511,23.83009434879383,37.22410216587975,110.15904716813819,216.7203021159729,129.26394010826044,62.24690370149863,122.80344867481621,44.10633042399358,5.57049005931126,4.06677738927446,1.5037126700368002,1.2616072896526112,0.10700140517440494,0.4386643385805546,0.09130016143440481,6.831549364841284,2.671397998274568,2.2282066211957847,1.9319447453709317,2.8774413927975484,67.95881303442336,0.33874079897091397,75.42787828832964,50.83005426468495,0.3133779264214047,$R_{a}^{syst}$,[mmHg*s/ml],3.8515795156469026,10.835368533243871,13.94473017592607,13.736385659491852,13.848346715816094,2.348469474751123,6.237270310039518,10.568642889216976,8.929347836334951,9.698008093143468,11.622908882914317,12.747929363135313,6.826211211370623,1.7712077284987746,0.3361680840420209,0.5468984022764627,7711.25867579394,0.6169053733526647,0.24843725969019056,0.2143937231516948,0.4542658355849484
80.57710345181351,30.08645974926563,54.43728220035871,105.81271860047576,109.96750944827497,146.27728875356965,34.483025317047854,14.173721062970875,23.819136730142354,37.18532822185759,109.96555803272673,216.49514347050717,129.4195784245202,62.35186204149662,122.77832085650103,44.034153892655624,5.603573056513589,4.102937693103158,1.500635363410431,1.2721369051741962,0.11117110015229084,0.43753408497626184,0.09117947738570203,6.9814561372283155,2.7305575926744683,2.2775359308392216,1.9733626137146247,2.883746753926728,69.34614320057928,0.3374544415064675,75.17743211219548,50.7935449589922,0.32307692307692304,$R_{a}^{syst}$,[mmHg*s/ml],3.8763640110965087,10.853666810885604,13.915049259311655,13.714351748430312,13.822129521613642,2.3472912808365267,6.2288600667975835,10.579912612359074,8.94286808885147,9.711882077507417,11.643825601529967,12.727940094363728,6.83776847713965,1.767799462181384,0.3361680840420209,0.5468981046276209,7697.725661379248,0.6306057448104467,0.24870978782443937,0.21867584036350146,0.4547643989254344
81.57965886339616,31.015662092124664,55.53823189794856,106.61529409031586,109.77545650093298,146.50334997593706,34.45492731346047,14.18029612972448,23.808155290634534,37.14673618870573,109.77360340453131,216.2716253010493,129.5727639369522,62.45526034423763,122.75384945812495,43.96243974148708,5.636152658300258,4.138571742546965,1.4975809157532933,1.2826649025571537,0.11512848872210031,0.43641273511903916,0.09105918185384439,7.130795469680871,2.7894873769721964,2.326671736843801,2.0146363558648743,2.8837056395292744,70.56911422835685,0.3370256556849853,74.93033880724462,50.75728415677594,0.33277591973244147,$R_{a}^{syst}$,[mmHg*s/ml],3.9010692917217553,10.87169781000581,13.885749579136995,13.692270314538181,13.796103965286834,2.3461195456436994,6.220520599825345,10.590974724664976,8.956172673977898,9.725528037546525,11.664446332158057,12.708111758061836,6.849153950730043,1.7644077292954499,0.3361680840420209,0.5468978084983434,7684.2819550653085,0.6428496539912553,0.24898021867523734,0.22292485237716278,0.4552591266709959
82.57911596899767,31.952321743214746,56.634595717504446,107.42081902802057,109.58499501038712,146.7261672510895,34.426892382981386,14.186513222876295,23.797120690654257,37.10830659896215,109.5829031265948,216.04941734057948,129.72302412345655,62.5571766157936,122.72953793011949,43.89111290054085,5.668784588562729,4.174240067393772,1.4945445211689572,1.2931843306909119,0.11910837963175948,0.4352986031751085,0.090939007056175,7.279590100151762,2.8481991451015345,2.375625845875169,2.0557651091750606,2.8837056395292744,71.77850731542559,0.3365968698635032,74.68674270135917,50.72122131847675,0.3424749163879599,$R_{a}^{syst}$,[mmHg*s/ml],3.925562763725553,10.889466176588677,13.856804266561225,13.670146820865918,13.770257834354698,2.344948089113883,6.2122301304555565,10.601827442362667,8.969282259731262,9.738953970066559,11.684779280015709,12.688398285817412,6.860375009556601,1.7610287419137007,0.3357392982205388,0.546897516475115,7670.949650727098,0.6550030623136132,0.24924880153596887,0.22713936309412408,0.4557504724878564
83.57569216230533,32.894849589299824,57.72646622737886,108.22921446407891,109.39611594848293,146.94610275718898,34.399004089002155,14.192627218370687,23.786091575961386,37.07013647350019,109.39378125918964,215.82888558409954,129.87066506016916,62.6577866304765,122.70602408179462,43.820286919136265,5.702113282004334,4.210580877141334,1.4915324048630005,1.3036935756006025,0.12337182161132187,0.43419382817869484,0.09081934452984199,7.427829094445918,2.9066884020499857,2.4243930859518,2.096747606444133,2.8897694589029674,73.12862169272339,0.3353105123990566,74.4464221206649,50.68542190872011,0.3521739130434782,$R_{a}^{syst}$,[mmHg*s/ml],3.949965170969572,10.907010669680199,13.82820644781956,13.648000979631158,13.744596894222148,2.343783359014066,6.204001472974757,10.612500341439835,8.982219571653271,9.752188942989159,11.70486069225273,12.668828187960111,6.871451112969809,1.757668138227557,0.3357392982205388,0.5468972345391693,7657.728116393805,0.668475485246307,0.249515317682641,0.2313248495262587,0.45623803143361935
84.56935688242858,33.84284554888805,58.813783949189364,109.03972094871638,109.20836236239383,147.1631437822212,34.37122456727148,14.198628564216925,23.775049384839566,37.032146681503534,109.20607774474348,215.60982852117525,130.01590174958187,62.75709261145251,122.68281166665858,43.74985650768317,5.734854572076576,4.246313376658815,1.488541195417761,1.31418391344432,0.1274068900755237,0.433097190234472,0.09070004367518693,7.575486234531446,2.9649443908062967,2.4729640121130014,2.137577831612149,2.8897535936920398,74.31468901625779,0.3348817265775744,74.20904416394188,50.64986067368365,0.36187290969899666,$R_{a}^{syst}$,[mmHg*s/ml],3.9742630936469254,10.924325369776092,13.799915598584775,13.625819919214907,13.719092856647872,2.342622576272591,6.19582745863882,10.623003599167223,8.994971032888065,9.76523101776397,11.724693146644604,12.649391083875416,6.882381242209449,1.7543199462327872,0.3357392982205388,0.5468972345391693,7644.585365367568,0.6804853347187287,0.24977996679401882,0.23548213114230246,0.4567219415627331
85.56025032533945,34.795715693598645,59.896628852476326,109.85211663061644,109.02196092792046,147.37758695059165,34.34350637397682,14.20453252998465,23.763968377082843,36.99429106962622,109.0194454305698,215.39187117956803,130.15909393654297,62.855146046413836,122.6598795515372,43.67978694092079,5.768280502424542,4.282714629762207,1.4855658726623344,1.3246545145751958,0.13173354630375003,0.43200685282089657,0.09058090029387357,7.722589590141405,3.0229792836325884,2.5213507783534173,2.1782595281553974,2.8956282324485225,75.6427647289819,0.33402415493461013,73.9745867629588,50.61446601189624,0.3715719063545151,$R_{a}^{syst}$,[mmHg*s/ml],3.9983797826957774,10.941425371053187,13.77192766998447,13.603622602973385,13.693752176795162,2.341463322860679,6.187699853646967,10.633332623966549,9.007559172938544,9.778091037207894,11.744285972631717,12.630067767560275,6.893175070931745,1.7509823837502223,0.3357392982205388,0.5468972345391693,7631.537264954432,0.6938305281354542,0.25004317946628724,0.23961312448896663,0.45720322516712036
86.54844087771293,35.75224870049716,60.97502624727466,110.66611173758125,108.83669553260245,147.58959169322418,34.315931143906965,14.210355072998611,23.752907279500864,36.95665771005294,108.83427857749659,215.17544468769347,130.3000162804769,62.95214036376286,122.63761329261769,43.61016945313555,5.80109212608802,4.318478904862844,1.482613221225176,1.3351015069141234,0.13582487717646363,0.43092513708889846,0.09046235121401863,7.869115441229157,3.0807832279503087,2.5695433859260723,2.2187888273527765,2.895593800575876,76.80796885338795,0.3331665832916458,73.74279871905027,50.57932085859477,0.3812709030100334,$R_{a}^{syst}$,[mmHg*s/ml],4.022462138694767,10.958336566759753,13.74423230779164,13.581420107266492,13.668574107788166,2.3403107726474492,6.1796306738895455,10.643511622237027,9.020001878583608,9.79079230638761,11.763670799400337,12.610884848628437,6.903848707205808,1.7476598722577101,0.3357392982205388,0.5468972345391693,7618.568687282172,0.7057175751020466,0.25030463834494415,0.24372119285574287,0.4576813019649985
87.53386872890486,36.712706069554336,62.04893592963727,111.48130045955853,108.65275892230936,147.79915649191565,34.28843826726721,14.216087606930783,23.74182554848256,36.91920020515232,108.65021289956896,214.9602014612896,130.4388386639514,63.04799476501644,122.61540563666382,43.5409061501364,5.833908111383747,4.354230339499428,1.4796777718843188,1.345519627911925,0.13993985968946837,0.4298501538958723,0.09034406231726551,8.015078052784553,3.1383636148628367,2.6175492719945357,2.259165165927181,2.8955894198856873,77.96272467609809,0.33273779747016363,73.51378823887433,50.544338980411155,0.39096989966555185,$R_{a}^{syst}$,[mmHg*s/ml],4.0463430602988995,10.97505248216822,13.716803566947473,13.55920714634561,13.64354170233009,2.339160242841075,6.171602540378255,10.65354878850577,9.03229523845979,9.803329903208779,11.782842530384299,12.591805837997986,6.914398318163013,1.7443472586296813,0.3357392982205388,0.5468972345391693,7605.693124561655,0.7175402212459626,0.2505647020602873,0.24780454587870743,0.4581568277108222
88.51663301856516,37.6758024119852,63.1184362365734,112.29751027065386,108.46989256357342,148.00649276165225,34.26103060024521,14.221641942215026,23.730733240282444,36.881885179569885,108.46716343710979,214.74608782610468,130.57607993694094,63.142850995587644,122.5936615571999,43.47203927232633,5.867420640120568,4.390661621009393,1.4767590191111752,1.3559073341299979,0.14436161749983667,0.42878162488000593,0.0902261064660003,8.160473020341945,3.195717860828589,2.6653662992362728,2.2993888602770824,2.901251308985505,79.26224070203921,0.3318802258271993,73.28725283576034,50.509494508204234,0.4006688963210703,$R_{a}^{syst}$,[mmHg*s/ml],4.070172307684378,10.99159052551637,13.689637930433214,13.536997586938506,13.618659509173863,2.338013291781331,6.16362209040379,10.663442411657446,9.044448334247464,9.815718486984599,11.801815417415659,12.57284230845311,6.924836392557546,1.7410436776616902,0.3353105123990566,0.5468972345391693,7592.89247945014,0.7307303328947632,0.25082365382779503,0.25186729968259153,0.45863032026326844
89.49631346546204,38.6412338722166,64.18326441357306,113.1138813935875,108.28746907748291,148.21101073757325,34.23379378886928,14.22697559069247,23.719668945312034,36.84483134830676,108.28585950428074,214.53382470100522,130.71070554279717,63.23637493609426,122.57264130187092,43.403686820519866,5.9002245009223255,4.426357848858368,1.473866652063958,1.3662474540405596,0.14853215931650052,0.42772315058753685,0.09010882179618596,8.305243222349175,3.2528227843412303,2.712974122295763,2.33944631571218,2.901220992133863,80.39859400872149,0.331022654184235,73.06303933735387,50.474958741447054,0.4103678929765886,$R_{a}^{syst}$,[mmHg*s/ml],4.093843806107206,11.007923485206025,13.66275745178253,13.51483794245407,13.593958456942199,2.336874510654791,6.15570557685985,10.673167632078838,9.056423640581679,9.827925857959979,11.820565289987966,12.554064512784121,6.935126847508004,1.7377490988645916,0.3353105123990566,0.5468972345391693,7580.122835423804,0.742455195357774,0.2510802614551934,0.25591128610016517,0.4590995265623542
90.47373764662314,39.609310390981165,65.24397072419396,113.9313643434472,108.10689230172977,148.41414800854054,34.20658306992918,14.232283723430502,23.708576352352292,36.80786776750559,108.10495281167682,214.32207309600696,130.84424709075105,63.32930151073527,122.55137755006785,43.33555532294408,5.933045058077917,4.462061933566013,1.4709831245119036,1.3765656348317243,0.15272783409754923,0.4266681794935829,0.0899916272185731,8.449500939740643,3.3097253098241333,2.7604134188292617,2.379362211087249,2.9012172808912418,81.52616720116856,0.3305938683627528,72.84136570019506,50.44041952844051,0.42006688963210703,$R_{a}^{syst}$,[mmHg*s/ml],4.117441418169327,11.024129318720169,13.636080775392418,13.492647267692998,13.569360893639336,2.335734753819067,6.14781528512979,10.682806985992633,9.068323551303742,9.840033298611415,11.839169772980522,12.535384775430778,6.945351303009167,1.7344571565808395,0.3353105123990566,0.5468972345391693,7567.482461121084,0.7541255276641052,0.2513368255338805,0.2599341775023624,0.45956865323274826
91.44858050564544,40.57846627775283,66.30036957679962,114.74928496932122,107.92734191945964,148.6154819987168,34.17953153055539,14.237546422049698,23.697528207405057,36.77113278538575,107.92542739237078,214.11178328334051,130.97633113442384,63.42139420902943,122.53078780608851,43.267858560320015,5.966588695964509,4.498466851026965,1.4681218449375442,1.3868480335371944,0.15724418232742543,0.42562153219874327,0.08987515273521775,8.593182775677638,3.3663986724598787,2.807659836070192,2.4191242671475695,2.90667989857428,82.80064080998609,0.32973629671978844,72.62186985363444,50.406112983305476,0.42976588628762546,$R_{a}^{syst}$,[mmHg*s/ml],4.140940575177004,11.040189252796134,13.609637325081403,13.470475872215863,13.544903723778424,2.334603232767648,6.139975963314678,10.692331280067087,9.080105353642267,9.852020375336142,11.857614453310871,12.516839978695415,6.955482882718207,1.7311791210516296,0.3353105123990566,0.5468972345391693,7554.913934362175,0.7671887339889808,0.25159193089309834,0.26393987668380176,0.4600351126388427
92.42080786174357,41.54917653201251,67.35246345121098,115.56740132252892,107.74886314013317,148.8149867182756,34.15255886488972,14.24275716897481,23.686476581361347,36.734547112136035,107.7468485034365,213.9024536082516,131.10651631820573,63.5126672395437,122.51034349987839,43.20047082867043,5.999401654092402,4.534126148259757,1.465275505832645,1.3970911530998582,0.16149671204638472,0.42458062817536785,0.08975900834196754,8.736312065316588,3.4228532210542597,2.8547242888236593,2.4587345554386704,2.906653017340002,83.91241858832123,0.32930751089830623,72.40457800403834,50.371955387088654,0.4394648829431438,$R_{a}^{syst}$,[mmHg*s/ml],4.16432589097643,11.056100845618749,13.583420826446316,13.448331451054536,13.520586658593228,2.333472814612034,6.132175391934036,10.70175238470624,9.09177755476866,9.86388638679255,11.875898012451387,12.498397246709628,6.965524154049177,1.7279093185043328,0.3353105123990566,0.5468972345391693,7542.420419809322,0.7787777628724364,0.25184603120934007,0.267929387589967,0.46049973432678354
93.39038790254241,42.52119561819584,68.40026522203931,116.38550517367851,107.57144035948035,149.01271875448953,34.12569805281283,14.247916187238209,23.675444866587434,36.698138211900904,107.56923021432992,213.69431074658073,131.23579346959735,63.60311831077058,122.49019653308488,43.133431423701154,6.032189338924862,4.569742315156615,1.462447023768247,1.4072926004278847,0.16577338134309708,0.42354650449414044,0.08964334256612261,8.878862072888678,3.479076993830625,2.901594934608312,2.498190144449741,2.9066413324918217,85.01604970750346,0.32844993925534194,72.18943541102217,50.33790082595875,0.4491638795986622,$R_{a}^{syst}$,[mmHg*s/ml],4.187635335722785,11.071872066996702,13.557416431635069,13.426210407878436,13.496399961963425,2.332345366171815,6.124422565285993,10.71106117972613,9.103337805522957,9.875633938666848,11.894024488456019,12.480075811744028,6.975474183727984,1.7246512449756766,0.3353105123990566,0.5468972345391693,7530.0008251636245,0.7903217566242333,0.2520992913389313,0.27190205677929374,0.46096281973588166
94.35737588823548,43.49337470359913,69.44381100790727,117.20364151712891,107.39490683880477,149.20881511909636,34.098964505805824,14.253037182233692,23.664439497410612,36.66195355644321,107.3926942518858,213.48735646419016,131.36331338559594,63.692826468416314,122.47053025324139,43.06678204082829,6.064952045889672,4.605315218913978,1.4596368269756945,1.4174522398350287,0.17007427191862073,0.42251927240684506,0.08952821823368115,9.020860753111156,3.5350836449957592,2.9482842100324107,2.5374928980829865,2.9066413324918217,86.11183297177874,0.32802115343385974,71.97624802065728,50.30400677142657,0.45886287625418065,$R_{a}^{syst}$,[mmHg*s/ml],4.210818795507425,11.087514039136884,13.5316216182597,13.404121733840306,13.472345920221963,2.3312233189846827,6.116709245857445,10.72027515679009,9.114807276723242,9.887274789446856,11.91200865896386,12.461861782941595,6.985342308863789,1.7214046812941464,0.3353105123990566,0.5468972345391693,7517.643478716334,0.8018241786924679,0.25235150392649625,0.27585934656928435,0.46142398971743676
95.32157071982262,44.466000165625594,70.48300709817897,118.02134701169419,107.21923250319374,149.40308107397277,34.07226321628499,14.257950331085834,23.65340552528475,36.62583810739285,107.21692247336821,213.2811257782583,131.4894804156736,63.781701155482395,122.45081639349716,43.00039694192816,6.098439671805732,4.641601901181581,1.4568377706241509,1.4275626815315356,0.17471451407073288,0.4214964672584335,0.08941319559691241,9.162286622956623,3.5908630463249125,2.994784064325525,2.576639512306184,2.9118922471061794,87.35744901226992,0.32716358179089544,71.76507454361474,50.27023468773242,0.468561872909699,$R_{a}^{syst}$,[mmHg*s/ml],4.233936416564641,11.103009297527871,13.506006994531539,13.38204635819657,13.448399801865351,2.330100714355798,6.109026329499896,10.729375188589666,9.126154862987981,9.89879163272376,11.929830130687133,12.44372782553513,6.995117651044557,1.7181627679154121,0.3348817265775744,0.5468972345391693,7505.346275223562,0.8147554032311116,0.2526027858055276,0.2798027310388324,0.4618834579011497
96.28330615552116,45.43912226703554,71.51811220943904,118.83882897484925,107.04470024737908,149.59601861398923,34.04573245961452,14.262791596935017,23.642440348904696,36.589970123039414,107.04240731958166,213.07624871090644,131.61455505373246,63.86999923465854,122.4315053786151,42.93445228734208,6.131151293779483,4.67709094803474,1.4540603457447434,1.4376325656973787,0.17907107171511716,0.4204816447257495,0.08929898362577218,9.303168435571001,3.646426881349539,3.0411033128818246,2.6156382413396386,2.91186908037898,88.43953284178599,0.32673479596941324,71.5558483702647,50.23666784410712,0.4782608695652174,$R_{a}^{syst}$,[mmHg*s/ml],4.2569301167325655,11.11839911500812,13.480605543756145,13.360022562026145,13.424598428092148,2.3289860466514156,6.101393336001317,10.738399459370553,9.137426577656749,9.91022548261626,11.947537090227886,12.425715577652383,7.004828735314413,1.7149352073074504,0.3348817265775744,0.5468972345391693,7493.129017316536,0.8261925404751775,0.2528529675903429,0.283732722065804,0.46234091456579374
97.24229004314098,46.41196313832,72.54893029984146,119.65559118081745,106.87097670061975,149.78729854610043,34.0192625588389,14.26757910590503,23.63145899581827,36.55421148906463,106.8685216540479,212.87222617772056,131.73809681254355,63.95748580933335,122.41247297767242,42.86876731851141,6.163807218681525,4.712511850300991,1.4512953683805343,1.4476519174146592,0.18345046075647536,0.41947162127483006,0.08918503253839521,9.443482753387356,3.70176625153035,3.0872350533935546,2.6544814484634482,2.9118657185835937,89.51439406204248,0.32587722432644894,71.34849065171423,50.203130569427415,0.4879598662207357,$R_{a}^{syst}$,[mmHg*s/ml],4.279854764860545,11.133655602348531,13.455372925065651,13.338018395280303,13.400901526258428,2.327874602508775,6.093793225398983,10.747325028706902,9.148593993626697,9.921545585066118,11.96509361794855,12.407784981055443,7.014452461647263,1.7117090458256181,0.3348817265775744,0.5468972345391693,7480.968369043382,0.8375931129814722,0.25310274222401635,0.2876482619496956,0.462797626755761
98.1987027859458,47.38422941771079,73.57565092708715,120.47180598575932,106.69826474679267,149.97726565298834,33.99292273762415,14.272350168391162,23.62052159510848,36.51865257613978,106.6957767243557,212.66931808850438,131.86080322046598,64.04439958143398,122.39367263027717,42.8034905142287,6.197235451099445,4.748686893621909,1.4485485574775356,1.457626168326636,0.18818151200747324,0.41846838260397506,0.08907168141128331,9.583253989811213,3.7568908731824795,3.13318739028784,2.693175726340891,2.916941487285787,90.74028449764644,0.32501965268348454,71.14295908932428,50.16980243476081,0.49765886287625416,$R_{a}^{syst}$,[mmHg*s/ml],4.302670997685456,11.14880490079478,13.430334255268452,13.316067688709623,13.377337461287134,2.3267685891341787,6.086236668195239,10.75616704593176,9.159684766383966,9.932780217633244,11.982534586525976,12.389961559906242,7.024010914271121,1.7084874861171058,0.3348817265775744,0.5468972345391693,7468.8785322754875,0.8504382401436765,0.25335137206248515,0.29155135399545123,0.4632522456910319
99.15244183626041,48.356227106011794,74.59823695827562,121.28724676364199,106.52653807011129,150.16584505721215,33.966708815756554,14.277094129839725,23.609623357011664,36.48326625836817,106.52391873387951,212.4675587853066,131.98207127579832,64.13068925201026,122.37519926747339,42.73855868323752,6.229830280075257,4.784010991512434,1.4458192885628223,1.4675516652143996,0.19261540450610204,0.41747169110691984,0.08895891399991857,9.72246065707008,3.8117910902758676,3.1789512959387403,2.731718270855472,2.9169206435765256,91.8027342868425,0.3245908668620024,70.93925921005899,50.136557007989815,0.5073578595317726,$R_{a}^{syst}$,[mmHg*s/ml],4.325414205448152,11.16384772171644,13.405469322758794,13.29415774902745,13.353889589004707,2.3256686082711866,6.078723510295092,10.76494089470385,9.170684747626854,9.94392624641915,11.999856044661275,12.372242827249456,7.033500712614686,1.7052753585586415,0.3348817265775744,0.5468972345391693,7456.85766490779,0.8617827627743032,0.25359942603567953,0.2954426493130938,0.4637058116583263
100.10349148057225,49.327711950700646,75.6166711607916,122.1017607994813,106.35555362386884,150.3530334226794,33.94056734485645,14.281805608823271,23.59872684500458,36.448030776385686,106.35282698720638,212.26659500191565,132.10261844012555,64.21634506054876,122.3568226837564,42.67390621611683,6.262371430700451,4.819268641579004,1.4431027891214472,1.4774266754074714,0.19707277238887191,0.4164798817223622,0.08884645531887649,9.861140354387688,3.866485162543699,3.224544390428479,2.7701108014155107,2.916900505726181,92.85855517291934,0.3241620810405202,70.73721840042774,50.10342158936811,0.5170568561872909,$R_{a}^{syst}$,[mmHg*s/ml],4.348063284808465,11.178774984209795,13.380770577284986,13.272289390091046,13.33055329617369,2.324570032767416,6.071234313176483,10.773620932956655,9.181605976915527,9.954979887376714,12.017052374481164,12.354580994740429,7.042920549629076,1.7020691989933285,0.3348817265775744,0.5468972345391693,7444.888753670819,0.8730954990965282,0.2538467917799337,0.29932303051905623,0.4641581192010086
101.05190222323195,50.29811285524152,76.631031312238,122.91532789614658,106.18568069048517,150.53892258042578,33.91452930722736,14.286489939962806,23.58785968376066,36.41294624524513,106.182656103137,212.06662841453232,132.22161676786683,64.3014215183272,122.33864652858995,42.609591539471204,6.294861107142561,4.854459018347652,1.4404020887949087,1.487251713717463,0.20155276528564744,0.41549399924621977,0.08873449213382449,9.99926490290305,3.920958377833416,3.269952453774861,2.808354071294774,2.916894566571439,93.9079904810771,0.32330450939755584,70.53702714907848,50.070422157879044,0.5267558528428093,$R_{a}^{syst}$,[mmHg*s/ml],4.370610459768756,11.193603789453736,13.356237683773259,13.250467905052599,13.307331224327005,2.323476403164504,6.063789552091849,10.78223550991465,9.192447924855854,9.965949133542741,12.03413363129352,12.33701889164155,7.052275425509121,1.6988726043417979,0.3348817265775744,0.5468972345391693,7432.997648333962,0.8843752742406423,0.2540933586618399,0.3031906892953454,0.46460896602621515
101.99759575328964,51.26727155954253,77.6413060185961,123.7277962192205,106.01627220877711,150.72350642415154,33.88860523142837,14.29101906399453,23.57702275581896,36.37801029357337,106.01329417023578,211.8676794171495,132.3401105985663,64.38588123793203,122.32081748180485,42.545621567653754,6.327293082549437,4.889575952855102,1.437717129694335,1.4970242722388598,0.20605538339329546,0.4145140005812425,0.08862304400995068,10.13682622214735,3.9752082645314917,3.315173027116549,2.846444930499311,2.916894566571439,94.95113259285685,0.3228757235760737,70.33824698215045,50.03750192661741,0.5364548494983278,$R_{a}^{syst}$,[mmHg*s/ml],4.393102890680941,11.208325411497903,13.331860614146875,13.228688802621303,13.284215755193614,2.3223884570021163,6.056386962907519,10.790764315740859,9.20320694312094,9.976832129928413,12.051100188600149,12.31955210588328,7.061563182863629,1.6956856208889546,0.3344529407560923,0.5468972345391693,7421.1390546143975,0.895627912721457,0.2543394141259367,0.3070484353413539,0.46505887772544713
102.94067051872436,52.23548946193057,78.64759311880553,124.53925422339655,105.84807042929663,150.90699885099005,33.86280874445634,14.295478744993938,23.56623366808481,36.343295791381365,105.84492651684866,211.66978868507127,132.4571951181079,64.46985683558958,122.30322085692272,42.481979743623384,6.360545679970272,4.925496339687361,1.4350493402829112,1.5067484254174528,0.2109330134798482,0.41354036291060753,0.0885122144401694,10.273875174820901,4.029257238624676,3.3602266145778743,2.884391321618351,2.921766586865526,96.14857205524804,0.3220181519331094,70.1412600046563,50.004739540004906,0.5461538461538461,$R_{a}^{syst}$,[mmHg*s/ml],4.415462056834572,11.222960264058058,13.307653228908293,13.206973278442984,13.261223478288947,2.3213048981885365,6.049016500383825,10.799243063896713,9.213903849585002,9.987647144615632,12.067970892908901,12.302199732172474,7.070797824659624,1.6925079318245435,0.3344529407560923,0.5468972345391693,7409.364930050764,0.9083639566152737,0.25458465435406136,0.31089545643335165,0.4655072987680792
103.88097654005728,53.202511611202745,79.64979077091775,125.34937284217011,105.68045081740365,151.089147106828,33.83708464043569,14.29990416524919,23.555449552127957,36.30867792018719,105.67721587710099,211.47270715692073,132.57375023701016,64.55321865720187,122.28570948983831,42.41863952273078,6.392878943989457,4.9604849677661536,1.4323939762233038,1.5164169955617373,0.21548746287978843,0.41257144870147067,0.08840171236491295,10.410365500460463,4.083084661597909,3.405094724021174,2.9221861148413772,2.921748909636524,97.18075085439405,0.3215893661116272,69.94575907075709,49.97203530320559,0.5558528428093645,$R_{a}^{syst}$,[mmHg*s/ml],4.43780882424322,11.237488176275146,13.28358554618772,13.185296031886345,13.238326735150167,2.3202252546573554,6.041682205895788,10.807632234644194,9.224513763291913,9.998372598515555,12.084722269001796,12.284944688807299,7.07996405109893,1.6893376375170392,0.3344529407560923,0.5468972345391693,7397.631557218256,0.9195716909109753,0.25482946378358307,0.314733305068769,0.4659549320967209
104.81869246546313,54.168326048580674,80.64808059726838,126.15854906667066,105.51389350304152,151.27027958289906,33.811497759609374,14.304328595663081,23.54471959729542,36.27427806832438,105.51050779655168,211.27671074064367,132.68894435630875,64.63612013169292,122.26844142820325,42.35562236377781,6.42516555719251,4.99540940097417,1.4297561562183398,1.5260366068787077,0.22006477563111745,0.41160903084438843,0.08829184566713186,10.546340687281042,4.136709279147857,3.449793652098471,2.9598377560347147,2.9217319830433945,98.20718327112854,0.32116058029014505,69.75189957602865,49.9394880896612,0.565551839464883,$R_{a}^{syst}$,[mmHg*s/ml],4.459973979664076,11.251934794613376,13.259678743857648,13.163682926822172,13.215548599827365,2.31915111741793,6.03438454864381,10.815975408439476,9.235068474062848,10.00903405542731,12.101382620988973,12.267765655532985,7.089079646330737,1.6861764622081667,0.3344529407560923,0.5468972345391693,7385.972545212906,0.9307512026205123,0.255073445856691,0.3185614587587887,0.4664010526065705
105.7527365171678,55.131460966169044,81.6416901377046,126.96524328211228,105.34717603753377,151.44912428978552,33.78601782676103,14.308668518984929,23.533998082783263,36.240035765764276,105.34494904125943,211.08198436138375,132.80301204467617,64.71798536567313,122.251586726887,42.29301359022345,6.457313506558362,5.030177100186988,1.4271364063713736,1.5355755866111394,0.22465900696080682,0.41065351579513604,0.08818242175420282,10.681678155645121,4.190081273791018,3.4942814503075263,2.997315431546577,2.9217319830433945,99.22701017735976,0.3203030086471807,69.55944877961826,49.907124646366405,0.5752508361204013,$R_{a}^{syst}$,[mmHg*s/ml],4.482112714159064,11.266231122223841,13.235936928118292,13.142152301254477,13.192897688141919,2.3180811373421686,6.027131779842265,10.8241825806647,9.245482310395783,10.019558787217692,12.117877400820356,12.250687694545377,7.098080676266395,1.6830266924527313,0.3344529407560923,0.5468972345391693,7374.3023226273635,0.9419047943155735,0.2553159566956331,0.3223789176358494,0.4668444829690342
106.68493291998107,56.09359285291235,82.63197536100704,127.77162130209038,105.18210367538487,151.62790464530624,33.76061347629764,14.313050008885213,23.52331276754131,36.20591581468149,105.1797795693805,210.88774423341405,132.91632114105352,64.7998170863512,122.23461080743999,42.23060626588649,6.49028838701254,5.064936289983913,1.4253520970286269,1.5450857839107333,0.22927856161118265,0.40970143095482137,0.088409177593401,10.816578764589716,4.243281489927867,3.538625861438547,3.034671413223304,2.9217319830433945,100.24199759514217,0.31987422282569855,69.36856637400012,49.874771031248635,0.5849498327759197,$R_{a}^{syst}$,[mmHg*s/ml],4.5041255364325945,11.280489555450785,13.212309746461926,13.120640523428829,13.170321143722191,2.3170145498100996,6.019902241954481,10.832389688348824,9.255890370916513,10.03006669535511,12.134328968426148,12.233650821134894,7.107077278494244,1.6798701366083588,0.33402415493461013,0.5489821483118112,7362.74725727694,0.9530328268058894,0.2565330538881217,0.32618762854940986,0.46728851689803197
107.6144009158721,57.05411330579294,83.61834332284943,128.57655731033978,105.01777896820252,151.80561669939752,33.7353149545563,14.317421216249587,23.51266420854106,36.17195457467987,105.01539484998104,210.69442562962405,133.02937746990932,64.88117074271602,122.217874631041,42.16848433576059,6.523294561162549,5.100539265083724,1.4227552960788252,1.5545423832344545,0.23429471639307567,0.4087547656017576,0.08830023280426895,10.950951539680943,4.296273160280453,3.5827961100654706,3.0718822693350196,2.926416577397005,101.41381552016561,0.3190166511827342,69.17911290209811,49.84251222411822,0.5946488294314382,$R_{a}^{syst}$,[mmHg*s/ml],4.526099988163708,11.294664364944236,13.18882275479736,13.099186128102012,13.147848469425838,2.315952169935336,6.012707594669778,10.84052921728705,9.266234326869819,10.040507682942168,12.15068890544727,12.216687575596,7.11602216797481,1.6767209621087438,0.33402415493461013,0.548981894027817,7351.244527774176,0.9656823493750699,0.2567761992892613,0.3299879985760698,0.46773163574726273
108.540504865565,58.012472115483405,84.60033431994191,129.3792056812731,104.85374413600834,151.9815795992994,33.710153748191665,14.321660803041466,23.502052257438486,36.138213044028845,104.85210116343345,210.5024089974528,133.1406371472247,64.96170868882425,122.2015217471942,42.10675423382229,6.555283835259022,5.135106322793996,1.4201775124650258,1.5639282011881186,0.2389605479151317,0.40781524743068703,0.08819187145753482,11.084726504335965,4.349028031166006,3.6267680091750685,3.108930463994889,2.9264013616177005,102.4183674303402,0.31858786536125205,68.99108721757995,49.81040438577699,0.6043478260869565,$R_{a}^{syst}$,[mmHg*s/ml],4.547970705059837,11.308720539147677,13.165488942014386,13.077811625854928,13.12549578923592,2.314896124704517,6.005557949526597,10.848584125244415,9.276473801414248,10.050844343191983,12.166916209284404,12.19981928386854,7.1248782587869375,1.673584358786245,0.3335953691131279,0.5489816398439383,7339.762089520584,0.9767735837595922,0.257018185076196,0.3337797735371598,0.4681726426210899
109.46514027983275,58.96989213042828,85.57938638608717,130.18186172375334,104.69146741395913,152.15787536267842,33.68499820360093,14.325847356364365,23.491446799874627,36.10448622112855,104.6888167700457,210.31032673503958,133.2524037421097,65.04242926708264,122.18484762226929,42.04509811309784,6.587289452601308,5.169687103372993,1.4176023492283147,1.573293134065923,0.2436528429149684,0.40687662344255854,0.08808368112179708,11.218131940000191,4.401638912389604,3.6706213899878577,3.145871637622726,2.9263866280771076,103.41877622280583,0.31815907953976985,68.80450135388658,49.778257870303435,0.6140468227424749,$R_{a}^{syst}$,[mmHg*s/ml],4.569765361598049,11.322758135243692,13.142250607145542,13.056445600371859,13.103202543087248,2.3138388198180517,5.998417213858918,10.856638875075438,9.286734652436657,10.061184330053162,12.183122882041582,12.182955770839433,7.1337520094099975,1.6704450943065212,0.3335953691131279,0.5489813883234481,7328.40271897714,0.9878434105224548,0.25726105619731643,0.33756421692356986,0.46861526031506134
110.3857966384347,59.924387884357394,86.55365009898209,130.98140933291074,104.52905078216767,152.33185887179744,33.66008386539464,14.329975540451146,23.48092830369885,36.07111076865994,104.52729121617449,210.12031005539376,133.3622305626019,65.12208851879954,122.16887247847329,41.98402139876811,6.619146824652903,5.204090429279051,1.4150563953738522,1.582571474758653,0.24835959405396965,0.4059488477542622,0.0879765162188485,11.350867449250707,4.453983874035396,3.71425041921463,3.182633156000683,2.9263820497174784,104.41280998550293,0.3177302937182877,68.61929707700828,49.746400616207964,0.6237458193979932,$R_{a}^{syst}$,[mmHg*s/ml],4.5915231518691755,11.336659303697878,13.119188573821717,13.03519600775786,13.081056951193208,2.312794160936997,5.991339775548843,10.864586055600519,9.296857346877777,10.071396762192697,12.199177979575568,12.166231712468841,7.142509347248377,1.6673278444043107,0.3335953691131279,0.5489811360061945,7317.033554751737,0.9988879570244354,0.25750175659021685,0.3413388751208582,0.46905392499189863
111.3042134324422,60.876864794685176,87.52444043745413,131.77990719552687,104.36766709258379,152.50531904231997,33.63514921365845,14.334099548381412,23.470381127071782,36.03771904406838,104.36582763668362,209.93031972500728,133.47178695325724,65.20151516310817,122.15271504963353,41.92301591354796,6.650956191530934,5.238443365833983,1.412512825696951,1.5918071875640052,0.2530884896042803,0.4050220756739532,0.08786931688578296,11.483151297454269,4.506151344502615,3.7577328163053667,3.219267136646286,2.9263820497174784,105.40215980080308,0.31730150789680556,68.43542752998795,49.71450897297489,0.6334448160535117,$R_{a}^{syst}$,[mmHg*s/ml],4.613098887542825,11.350493826354878,13.096216960162911,13.013962830303472,13.058970211584379,2.311746215437557,5.984273318005849,10.872487564338082,9.306942584891969,10.08156402566678,12.215160393663869,12.14951872229497,7.1512408775465595,1.6642074607756958,0.3335953691131279,0.5489808868868334,7305.736696480865,1.0099120037559295,0.257742903647679,0.3451060000362664,0.4694934009620811
112.22003764453486,61.827395161841096,88.49155771255685,132.5769580898868,104.20722070944575,152.67804554005784,33.61036620032701,14.33824525290693,23.459906546634237,36.004540018766924,104.20526728769474,209.74139312973944,133.58065928767488,65.28065582259582,122.13675285564385,41.862371897154134,6.682713394772191,5.272726760597927,1.4099866341742633,1.6009937480513126,0.2578382684519099,0.40410161365695985,0.08776287177973258,11.61494116696753,4.558124044462157,3.801052361000145,3.2557647615052283,2.9263820497174784,106.38661752796953,0.3164439362538412,68.2529176613707,49.6827382200311,0.6431438127090301,$R_{a}^{syst}$,[mmHg*s/ml],4.634678702360977,11.36427281280213,13.074091791613073,12.992805309556879,13.03699602791337,2.31070574537467,5.977246733853757,10.880360028117233,9.316991171036179,10.091689287783225,12.231078922973298,12.132882139502284,7.159939170405547,1.6610987129344739,0.3335953691131279,0.5489806379515428,7294.505449661203,1.0209140672180526,0.25798357446432435,0.34886561285346,0.4699320096733465
113.13313585974765,62.775808597972684,89.45489289992449,133.37245165931742,104.04750766309392,152.84983562242172,33.58569530682101,14.342380150169381,23.449471471040038,35.97152043277776,104.04550003234691,209.55341033962918,133.68883259382878,65.35928732514435,122.12101743903736,41.80197687104751,6.715393397690853,5.3079181353672364,1.407475262323617,1.6101259970357853,0.26301145636553014,0.40318664382683406,0.087656958743742,11.746217418927346,4.609893847518217,3.844202183007232,3.2921213884018976,2.9308793891788896,107.5311047003592,0.31558636461087686,68.07171708062411,49.65106502619901,0.6528428093645484,$R_{a}^{syst}$,[mmHg*s/ml],4.656156838982602,11.377973877726358,13.053057011226208,12.971707391429584,13.015116436717358,2.3096703997826213,5.970254442754359,10.888176174776302,9.326979280042691,10.101751247830045,12.246909979660675,12.116309351868455,7.168585632628037,1.6579968085809536,0.3335953691131279,0.5489803893447881,7283.325536416574,1.0334808311655592,0.2582237085680287,0.352618000925346,0.47036964084677135
114.04350650467195,63.72206901502923,90.41448923968932,134.16637362455498,103.88852383437344,153.0207220386347,33.56112213618577,14.346510541425017,23.4390719991977,35.938644327408795,103.8864429101397,209.36624233998185,133.79636603803667,65.43754131009972,122.10550795961109,41.74187604803073,6.747024933658071,5.342047772139007,1.404977161519064,1.6192043664778337,0.26780692300956743,0.40227658893907303,0.08755152549957092,11.876990636088749,4.661465136107412,3.8871864258426316,3.328339074138707,2.9308665506238243,108.50674185157224,0.31515757878939465,67.89180082952664,49.619481034312344,0.6625418060200668,$R_{a}^{syst}$,[mmHg*s/ml],4.677539255531757,11.39160266699754,13.032090176545799,12.95067374047853,12.993334267725155,2.3086389413863735,5.963295493466556,10.895943198223897,9.336915106653585,10.111757077451053,12.26266159952945,12.099798144944742,7.1771885283540255,1.6549030949721246,0.3335953691131279,0.54898014199405,7272.196668406141,1.0444535916648647,0.2584634286857494,0.35636340775821285,0.4708065172392897
114.9511041025812,64.6660789324021,91.37031624987569,134.95848922872491,103.73025116971219,153.19065329046177,33.536651570696456,14.350621482523058,23.428708035447148,35.9059236451904,103.72814081704568,209.1799411925249,133.9030123083606,65.51538478630397,122.09002165455404,41.682060545685204,6.778580476048662,5.37608764918275,1.4024928268659114,1.6282271624189273,0.2726214754602396,0.40137163548527105,0.08744658681794495,12.007254696255131,4.712835647955215,3.93000274089803,3.3644163074018874,2.930854066316794,109.4775148239648,0.3147287929679125,67.71317240421406,49.58799597403866,0.6722408026755853,$R_{a}^{syst}$,[mmHg*s/ml],4.6989152700944326,11.405158270291137,13.011181921920317,12.929697149882802,12.971640870700238,2.3076120375622073,5.956368155724054,10.90366356391612,9.346791795429583,10.121704642015342,12.278331615249988,12.083343411263968,7.185745525767291,1.6518112538827678,0.3331665832916458,0.548979895088234,7261.117581879853,1.055405858844876,0.25870263878465666,0.3601018116098852,0.47124246461353025
115.85600353453209,65.60781850899447,92.32246780029247,135.74888179509392,103.5726544837234,153.35976630616952,33.512286531295096,14.354564576972317,23.418385435100138,35.87334236027769,103.57051298748911,208.99447545720193,134.0093251364169,65.59283941568263,122.0748003024416,41.62253372024539,6.810064544955875,5.4100425107987595,1.4000220341571155,1.6371968504125753,0.2774545767413919,0.40047167192672367,0.087342163096494,12.137018113404435,4.764008202625248,3.9726536396765626,3.4003562711026265,2.9308488196539733,110.44357500137394,0.3143000071464303,67.53574094325988,49.55657931192462,0.6819397993311036,$R_{a}^{syst}$,[mmHg*s/ml],4.720108520753891,11.418645088664936,12.99034001933166,12.908785192932612,12.950042591736768,2.3065901198104863,5.949476385578276,10.911332425653907,9.356616952108286,10.131598808626663,12.293925439982534,12.066961561398898,7.194260111424045,1.6487229302296178,0.3331665832916458,0.5489796485336663,7250.085813860638,1.0663391370231834,0.2589415645838065,0.36383286980632434,0.4716778942087265
116.75810142744726,66.5471832308758,93.27086838955896,136.5373822191319,103.41583740174448,153.52792583863362,33.48799957981441,14.358496982786587,23.40808414493958,35.84090153575613,103.41359033418742,208.8097314373852,134.11449307315158,65.66987534131128,122.05960689061706,41.56322107460587,6.841466828295168,5.443903783014502,1.3975630452806662,1.6461105289467852,0.2823056430103294,0.3995761209974831,0.08723812505156822,12.266288541453,4.8149872231188,4.015143620147081,3.4361576981871185,2.9308488196539733,111.40489899233513,0.31387122132494816,67.3596264893465,49.525273377978344,0.691638795986622,$R_{a}^{syst}$,[mmHg*s/ml],4.741286135655067,11.432058675822509,12.969556680180279,12.887931840568148,12.92853144927067,2.3055700575036595,5.942608197584873,10.91895857952744,9.366391545076489,10.141434232114964,12.309437403395153,12.050661121866792,7.202728701787121,1.645639323007592,0.3331665832916458,0.5489794044147919,7239.1086181221135,1.0772518193664589,0.2591799322826334,0.36755625610659887,0.4721123054860635
117.6568534226048,67.48369572888352,94.21513579633843,137.32332603517747,103.25927049696502,153.69465405025278,33.46387175268941,14.362403542043518,23.397842178353503,35.80867719728325,103.25779103014976,208.626323885844,134.21916218242427,65.74625025170701,122.04471380637274,41.50433366662814,6.872756674528679,5.477632953315832,1.3951237212128462,1.6549550134994173,0.28717220329563636,0.39868784928163126,0.0871348016178998,12.39498432198912,4.865738399020636,4.057442029158944,3.471803893809544,2.9308488196539733,112.36102948089325,0.31344243550346595,67.1846858532912,49.49413338973,0.7013377926421405,$R_{a}^{syst}$,[mmHg*s/ml],4.762371450937459,11.4453767893899,12.948853046629356,12.867164671355091,12.907130784233056,2.30455813356057,5.935787143555338,10.926503435468739,9.376078529973348,10.151185784269972,12.324840838863336,12.034449851626743,7.211124118084208,1.6425709862022069,0.3331665832916458,0.5489791606730421,7228.148934787551,1.0881447151439614,0.2594171738886065,0.3712728912685547,0.4725446655763109
118.55351339881011,68.41798456038076,95.15625680858429,138.10817307507077,103.10385056177704,153.86115131502638,33.43980125233339,14.36633547528842,23.38762511028809,35.77654063378787,103.1023176919778,208.4433134565858,134.32323596813868,65.82252698687513,122.02981693365123,41.44558047007742,6.905072921362677,5.512380560096473,1.3926923612662043,1.6637612992605977,0.29249096094122046,0.3978024703554134,0.08703182284223064,12.523268464583706,4.916328100167928,4.099606835089732,3.5073335293260435,2.935173639651854,113.48041749094068,0.31258486386050166,67.01097039802777,49.46300074694013,0.7110367892976588,$R_{a}^{syst}$,[mmHg*s/ml],4.783353217837294,11.458656921882675,12.928209659199327,12.846444873360586,12.88580735173824,2.303548258395453,5.9289870995061165,10.937208070573469,9.385750150600156,10.160916910635683,12.340203725220457,12.0182661774717,7.219509337739713,1.6395041369708605,0.3331665832916458,0.5489789171907854,7217.269539324393,1.100641895260219,0.25965473451097953,0.37498357180352987,0.47297760693557256
119.44812178980408,69.35033307912073,96.0943386761014,138.89201053657501,102.94928717841623,154.0275368832647,33.41578896719209,14.370304611032369,23.377439930045,35.74447673543075,102.9470323421462,208.26067291620745,134.42731996335664,65.89876792813587,122.01503961508145,41.386993562604985,6.936315596818318,5.546046928814351,1.390268668003967,1.6725316104754477,0.29740616546534554,0.39691986104059823,0.08692919099353476,12.651146005992638,4.966757773130202,4.1416386020351155,3.54274963082732,2.9351626352973215,114.42972912378626,0.3121560780390195,66.83823507249879,49.431815858756195,0.7207357859531772,$R_{a}^{syst}$,[mmHg*s/ml],4.804345221001228,11.471903968612013,12.907610090158322,12.825766823935558,12.864555102023662,2.3025408107756506,5.922208963509132,10.949832099787432,9.395413023598655,10.17063399053417,12.35553301244208,12.00211731299433,7.227889818070523,1.636439910377186,0.3331665832916458,0.5489786733557013,7206.450102489136,1.1115155069065592,0.25989296566479775,0.3786895804477174,0.47341177039932947
120.33859054429767,70.27907694473429,97.0276470335911,139.67241289236807,102.79481099304513,154.1917174994999,33.391948309328555,14.374200577636064,23.36730507416766,35.71268019011607,102.79334330950653,208.07965071288618,134.52986023210627,65.97397912588242,122.00047765544618,41.32888554416334,6.967386363373299,5.579518431016098,1.3878679323572016,1.6812121854081166,0.30233189224070356,0.3960458800013145,0.08682726323332035,12.778368202061309,5.016928075216379,4.183452296051974,3.577987830792953,2.935151923925957,115.37323622683694,0.3117272922175373,66.66688241109873,49.40095917949397,0.7304347826086957,$R_{a}^{syst}$,[mmHg*s/ml],4.825162948322981,11.48502026923913,12.887112489336525,12.80518864139364,12.843418892631512,2.3015392759271776,5.915478444979175,10.962325908639668,9.404945249447117,10.180225412119965,12.370710035895234,11.98604858158187,7.236157313781128,1.6333936529436566,0.3331665832916458,0.5489784353950782,7195.636769513159,1.1223643986722525,0.26012884237403444,0.38238715669988793,0.4738416404040169
121.22703604733428,71.20588731536151,97.95796593140314,140.45189786855866,102.6417699196933,154.3558044427894,33.368184596625184,14.378132960557265,23.35720339722246,35.68099661743918,102.6400407530123,207.8990752668073,134.63208153038528,66.04917377825102,121.98592440089837,41.27093010369649,6.998431990105477,5.612956142966784,1.3854758471386932,1.689858017591483,0.3072786258909492,0.3951749853395906,0.08672576552979695,12.905200118545977,5.066945294782298,4.225139211971365,3.6131156117923164,2.9351414690586513,116.3130639627671,0.31129850639605516,66.49686436491383,49.370128569013204,0.740133779264214,$R_{a}^{syst}$,[mmHg*s/ml],4.845937305353579,11.49810891502187,12.866666967480215,12.784661118538644,12.822360186293862,2.300542866753391,5.9087699012051464,10.974796309142016,9.414478393971132,10.189806941391518,12.385857474402505,11.97001300758196,7.244423154288797,1.6303499187883423,0.33273779747016363,0.5489781926532094,7184.923894378531,1.133194254675949,0.2603649998327805,0.38607824073276553,0.4742720263157222
122.11279706161692,72.13016944101449,98.88476127671296,141.22948982150706,102.48909986764346,154.5191457524564,33.3445357923888,14.381981655902207,23.347155972193402,35.64946383196355,102.48740803340208,207.7193968776664,134.73415021394285,66.12401548401823,121.97175731445793,41.2132783803472,7.029402286548085,5.646304221836309,1.3830980647117759,1.6984508323510394,0.31224194075315104,0.39430932790965406,0.0866248447374093,13.031540469799603,5.116767932209344,4.266662825148501,3.648109712441756,2.935136313725931,117.24857080948188,0.31086972057457296,66.32776758411129,49.33935375027142,0.7498327759197324,$R_{a}^{syst}$,[mmHg*s/ml],4.866699345145272,11.511136983288965,12.846286568910445,12.764198271671026,12.80138869467753,2.2995513453932586,5.902098670196872,10.987211777273615,9.423963452546129,10.19934208465799,12.400939406897004,11.954043834512653,7.252650537380996,1.6273162684263807,0.33273779747016363,0.5489779522306365,7174.236990735042,1.1440101528933233,0.2606009396712491,0.38976389189948385,0.4747020141926674
122.99571105150564,73.05181852896301,99.80792483360189,142.0049930616578,102.33678291094401,154.68155776299946,33.32093962538232,14.385729713910536,23.337117111291356,35.61803343359616,102.33519709444249,207.54029019998592,134.8351469249407,66.19846171954379,121.95740156509022,41.15580375940758,7.060279173742486,5.6795497236219745,1.3807294501205112,1.706986285185173,0.317220919539207,0.3934471365908315,0.0865241845963682,13.157402475296301,5.166402911753579,4.308030636363504,3.6829689271792194,2.935136313725931,118.17969060117133,0.31001214893160867,66.15965367231608,49.30859304274474,0.7595317725752508,$R_{a}^{syst}$,[mmHg*s/ml],4.88728392193012,11.524092850703866,12.825963207642378,12.74379029296833,12.78049291107139,2.2985609397587554,5.895447902798683,10.99955695404895,9.433389754872355,10.208819389418316,12.41593931173266,11.93809374905443,7.260833434590727,1.6242856921695812,0.33273779747016363,0.5489777134238966,7163.574803766081,1.1548114689516302,0.26083681303430944,0.39344389681366637,0.4751318799583084
123.8759206311587,73.9708909551879,100.72760072832419,142.77858070914775,102.18530947249744,154.8432602059663,33.29742979700436,14.389479692429688,23.32710905201898,35.58672625471407,102.18366857207336,207.3618759875876,134.93584434237417,66.27256002162173,121.9431621690134,41.09855760185494,7.091080877179734,5.7127086189162215,1.3783722582635125,1.715469846499784,0.3222165839539647,0.39258917140161614,0.08642394171363287,13.282791423783022,5.215850653935524,4.349242403282031,3.717698366565468,2.935136313725931,119.10661530989006,0.30958336311012646,65.99273958490323,49.277943732622255,0.7692307692307692,$R_{a}^{syst}$,[mmHg*s/ml],4.907845525131395,11.536987161939464,12.805707432588386,12.723445687200302,12.759684695331984,2.2975723858906507,5.888827962719774,11.011845425378075,9.442772165824438,10.218249021980412,12.430874604073441,11.922193170647631,7.2689772764385605,1.6212553623813795,0.33273779747016363,0.5489774751782319,7152.971663074821,1.1655943102266269,0.2610721876182976,0.3971176073751049,0.475560837051716
124.75346378816322,74.88735078580429,101.64379973592754,143.55022873115252,102.03466770842427,155.0042465353313,33.27404934227165,14.39324280732814,23.317158958551023,35.555612688523034,102.0329488475806,207.18440242817942,135.03598958383316,66.34635536216484,121.92919314389458,41.041620751241524,7.121810813956238,5.745780704990072,1.3760301089661662,1.723901814744659,0.3272285531374843,0.39173669432049135,0.08632432558445426,13.407712910685243,5.265114641086899,4.390300258366477,3.7522980112318685,2.935136313725931,120.02937227416243,0.3091545772886443,65.82701441354816,49.247408420597864,0.7789297658862876,$R_{a}^{syst}$,[mmHg*s/ml],4.928371459418618,11.549828062232475,12.785517800659294,12.702857852946774,12.738961119819942,2.2965879646028853,5.882238978689834,11.024083017411932,9.452118345182116,10.227638101206914,12.445748146676623,11.906339792470463,7.277086913004064,1.6182309117125917,0.33273779747016363,0.5489772366680414,7142.426739589699,1.176358731496633,0.26130705063759874,0.4007850422467554,0.475988862896345
125.62834732133956,75.8012233385437,102.55658373120009,144.31997990433499,101.88465364351416,155.16456141539032,33.25076864103149,14.397011014247644,23.30725198839458,35.524632066875284,101.88287071050803,207.00770047057364,135.13543875686418,66.41984375642996,121.9153042992624,40.984920094903934,7.153621745857217,5.779921316915332,1.3737004289418853,1.7322825449190093,0.3327261204937273,0.39088878083752926,0.08622521466730222,13.5321707429427,5.314195453690579,4.431205474585212,3.7867698146669087,2.9392818471447053,121.11888534995401,0.3082970056456799,65.66232180475748,49.21694723380147,0.788628762541806,$R_{a}^{syst}$,[mmHg*s/ml],4.9487404524741,11.562613340216162,12.765401465622562,12.682357162914746,12.718328687152226,2.2956080952779185,5.875682368173844,11.036269908755042,9.46142481848845,10.236985599895142,12.46056306182051,11.890540072371778,7.285163102459993,1.6152136603132559,0.33273779747016363,0.5489770003617527,7131.925755045991,1.1887843852690398,0.2615416412187684,0.4044472245572012,0.4764163909351821
126.50043319602992,76.71239062941224,103.46586705244594,145.08791165078355,101.73523573792276,155.32407663991177,33.22759623260853,14.400779322982023,23.297389210679007,35.49379809144774,101.73349104452333,206.83185009293854,135.2347159033089,66.4929691188431,121.90154328388105,40.92849705289073,7.1842112123236115,5.812827083267501,1.3713841290561104,1.7406091531757006,0.3377758400224705,0.39004578210132196,0.08612662808408877,13.656144391047611,5.3630847808004996,4.471949828904738,3.8211097813423742,2.9392727637242415,122.03433461989346,0.30786821982419776,65.49869018296232,49.1865691859402,0.7983277591973243,$R_{a}^{syst}$,[mmHg*s/ml],4.969089739290583,11.575335840933441,12.745341231038564,12.661926547044603,12.69777049965604,2.2946332004237613,5.869157306731376,11.048399608379833,9.470679259805634,10.24628458653247,12.475306599802655,11.874788302643507,7.293199594628561,1.6122052695079023,0.33273779747016363,0.5489767643225115,7121.466501654593,1.1995286955864792,0.26177583711692265,0.40810390596978885,0.4768432001670935
127.36979824230339,77.62087058706888,104.37167466908355,145.8538484012174,101.58645509531328,155.4827964143141,33.204469717328145,14.404536287078749,23.287531385589435,35.463056528549835,101.58459698376268,206.65648802710623,135.33303788450038,66.56573740444905,121.88783552632873,40.87224987975408,7.21471334592808,5.845637324442508,1.3690760214855715,1.7488818498324936,0.3428406397782821,0.3892059053451784,0.0860282497302572,13.779667989863922,5.411797725138454,4.512548674723857,3.8553215900016116,2.939263878844569,122.94567006154335,0.3074394340027156,65.33613842692696,49.156258268764475,0.8080267558528428,$R_{a}^{syst}$,[mmHg*s/ml],4.989381234763139,11.587995772506066,12.725350620640608,12.641575310044903,12.67729668681686,2.2936588743846342,5.862653188388081,11.060465294842077,9.479887562552035,10.255532082214906,12.489977278160966,11.85905822824112,7.301196451190811,1.6092006110799377,0.33273779747016363,0.548976528441477,7111.05185667193,1.210256524319013,0.2620097006171354,0.41175497478462786,0.47726940414186875
128.2364651835971,78.52667001172216,105.27408766776823,146.61780019270353,101.43826485825615,155.6408334370617,33.181449478271695,14.408300467154966,23.27772077885847,35.43245194354079,101.43634730071827,206.48192432502162,135.43104708688318,66.63820430344717,121.87420303900527,40.8162492830462,7.245139010510209,5.878358281890628,1.366780728619581,1.757102948499482,0.3479207433259761,0.38837070187099854,0.08593040732395306,13.902723782266234,5.460325654378238,4.552992430167897,3.8894056977201,2.9392552011012385,123.85302261790135,0.3070106481812334,65.17458344199622,49.12601799518688,0.8177257525083612,$R_{a}^{syst}$,[mmHg*s/ml],5.009533583994873,11.600600026749953,12.705419883935868,12.621298360406424,12.656899884711091,2.2926894643730424,5.856180072722978,11.072481764178828,9.489055764307842,10.264738913307248,12.504586123322252,11.843375553017177,7.309159992911238,1.6062037417267465,0.33230901164868143,0.5489762938464628,7100.67854007793,1.2209694516262306,0.2622433171564578,0.41540096660159864,0.4776951575067498
129.10044642922443,79.42979330031812,106.17313111489557,147.3797644968835,101.29078297268049,155.79818747121993,33.15853505274784,14.411931776332223,23.26795464691302,35.40199984246001,101.28879043245216,206.3081752437644,135.52859996364822,66.71033741507374,121.86063976423972,40.76051123949614,7.275488394340656,5.91098999991542,1.3644983944252367,1.765272958092206,0.35301565975959065,0.3875402500415814,0.08583308102558804,14.025324493939568,5.508674302564401,4.593286530510585,3.923363660864582,2.93924851734028,124.75643053511816,0.30658186235975127,65.01409587412023,49.09586850485877,0.8274247491638795,$R_{a}^{syst}$,[mmHg*s/ml],5.029668847285416,11.613148303621703,12.685559153787082,12.601103618599243,12.636588454511703,2.2917247484931065,5.849738280884013,11.084447495520491,9.498183977865875,10.273903012199998,12.519135158280285,11.827734561436802,7.317088204649104,1.603215435641571,0.33230901164868143,0.5489760600943271,7090.354808087634,1.2316661681721492,0.2624765264844046,0.41904118039215055,0.4781201687361466
129.96178174740538,80.33022246212096,107.0688173100056,148.13973013642396,101.14402169814457,155.95488762764344,33.1357239014491,14.415541890668694,23.25823310240396,35.371708342940984,101.14192621520878,206.1351959361331,135.62540155085978,66.78221641224225,121.84730382017696,40.70501658329823,7.305760124681234,5.943531560984221,1.362228563697013,1.7733923102308973,0.3581245844781356,0.38671436245605534,0.08573627319313701,14.147480630910131,5.556848525044198,4.633435237145782,3.957196868720153,2.93924851734028,125.65593978562652,0.30615307653826906,64.85466613886138,49.065820980200584,0.837123745819398,$R_{a}^{syst}$,[mmHg*s/ml],5.049741344403104,11.62564859774861,12.6657643029426,12.580986182995762,12.616357389847654,2.2907641115928263,5.84332077376775,11.096363678731382,9.507279362962151,10.28302979950016,12.533625584918937,11.812149371194847,7.324986152956338,1.600234757249363,0.33230901164868143,0.5489758274884211,7080.08151887012,1.242346682245201,0.26270932733554425,0.4226749371194369,0.47854443525764395
130.82049909457655,81.2279697315295,107.96121427974546,148.89773622128655,100.9977637640383,156.11097898011602,33.11301915549895,14.419161289590482,23.248561166762535,35.341538442242566,100.99565749863018,205.96301196638896,135.72221142127262,66.8537924869019,121.83416867574671,40.64977416665329,7.3359580637999215,5.975986719325864,1.3599713444740584,1.781461785622956,0.36324826288349243,0.38589308336889994,0.08563998349047348,14.269173777536807,5.604838594078819,4.673429695780892,3.990905487677099,2.93924851734028,126.55162553179754,0.3057242907167869,64.69613119068485,49.035822759822345,0.8468227424749164,$R_{a}^{syst}$,[mmHg*s/ml],5.069685181343406,11.638095547847911,12.64603947005826,12.560949888287132,12.59621127220333,2.2898088963412055,5.836941504062141,11.108233952791748,9.516327493939121,10.2921172845082,12.548059791873039,11.796653010141506,7.332851878537464,1.5972624555761668,0.33230901164868143,0.5489755960016786,7069.843463482681,1.2530141343273786,0.2629419667495282,0.4263042498567724,0.478968407092406
131.67640687135787,82.12294115832789,108.85018826427498,149.65375734729912,100.85220246109964,156.2662398156467,33.09038208268594,14.422773656297222,23.238906551560735,35.31149966279059,100.85001351994553,205.79144587308235,135.81817997634803,66.92499928038086,121.82080821143613,40.59473109204209,7.366066472269657,6.008342343603448,1.3577241286662096,1.7894773751773108,0.3683853661249035,0.3850755602104531,0.08554400428800615,14.390421469011955,5.652654663849603,4.713279536614838,4.024487268547516,2.93924851734028,127.4433385310215,0.30529550489530477,64.53870175674467,49.00593078205141,0.8565217391304347,$R_{a}^{syst}$,[mmHg*s/ml],5.089603488184283,11.6504790412429,12.626370392983036,12.54098033417296,12.576134669942808,2.2888550891799206,5.830579424723101,11.12004285279345,9.525333386599582,10.301154848811478,12.562420126108552,11.781168834059857,7.3406773681359345,1.5942955330440822,0.33230901164868143,0.5489753644204275,7059.654172276974,1.263664406141041,0.2631740451332858,0.42992771747131076,0.47939135740841093
132.5298062789231,83.01526197702574,109.73598435111032,150.40809566139518,100.70721812419141,156.42105639599347,33.06789386995224,14.426414742123473,23.22932991062909,35.28163031394039,100.70506413829796,205.6208601005406,135.91376418071425,66.99601601167723,121.80806665465035,40.540003215881896,7.396112703626728,6.040620349808017,1.355492353818711,1.7974465358103768,0.3735373462254023,0.3842635378806698,0.08544880107002573,14.511218577617576,5.700291379897823,4.752978541096141,4.057948656623611,2.93924851734028,128.33141102424653,0.30486671907382257,64.38213655151539,48.97609322763123,0.8662207357859532,$R_{a}^{syst}$,[mmHg*s/ml],5.109470967487021,11.662827411046402,12.606779132449546,12.52109987671256,12.556149133349729,2.2879104792036236,5.82426103677216,11.131820424376917,9.53431120739016,10.310167706243133,12.576741655054825,11.76576043539057,7.348481340713594,1.5913394336341207,0.33230901164868143,0.5489751334280778,7049.505268693399,1.274302015432391,0.2634060912938977,0.4335468770042978,0.4798142488696293
133.3803370150117,83.90474447269835,110.61830933393652,151.16011882561858,100.56286589451861,156.57492961996567,33.04541774096972,14.430027535975665,23.21973690734054,35.251827054100744,100.56058048435924,205.45061204527534,136.0089496688865,67.06660513700646,121.7949457217836,40.48540109317426,7.427315965237275,6.074049502707867,1.3532664625294077,1.80535920355567,0.3792137650247638,0.383453903259793,0.08535360183346219,14.631568778926866,5.7477536051499,4.792533359169716,4.091281814607254,2.943222632795883,129.39020618495024,0.3040091474308583,64.2266716252736,48.946352353624825,0.8759197324414715,$R_{a}^{syst}$,[mmHg*s/ml],5.129190643325266,11.675100081169838,12.58723529646396,12.50127676727585,12.536223748955928,2.2869623035725772,5.817950615278204,11.143524274501493,9.54323734297385,10.319119950814876,12.59097762815185,11.750344606367449,7.356238265483459,1.5883757068636366,0.33230901164868143,0.5489749044111035,7039.400612616302,1.2866598921382066,0.26363751023550885,0.43716023307280627,0.48023599643105386
134.22837546251841,84.79159433466211,111.49750930063087,151.91027120976383,100.41902711278607,156.72832983495692,33.02308725167257,14.433666643545246,23.210219710587378,35.222187537465814,100.41674729679873,205.28132685543952,136.1035867336907,67.13702037080517,121.78214666579991,40.4310876027282,7.457210908519269,6.106155341082753,1.3510555674365148,1.8132256522204535,0.38439847017090945,0.3826496265095898,0.08525914074102604,14.751475743726534,5.795039387556005,4.831940062555771,4.124496293614757,2.943215164154133,130.27156560077916,0.30358036160937607,64.07203293656771,48.916649573057796,0.8856187290969899,$R_{a}^{syst}$,[mmHg*s/ml],5.148902036125862,11.68733702897673,12.567770736787876,12.481544036350595,12.516390680990135,2.2860234794959466,5.8116837181992125,11.15519709976857,9.552133466184497,10.328047890758079,12.605173905072073,11.735004203580766,7.363974679636334,1.5854226862328675,0.3318802258271993,0.5489747679922597,7029.331897895025,1.2972797023263736,0.26386896832309503,0.4407695767968789,0.48065773457700234
135.07366686778366,85.67562431408393,112.37336749462393,152.65832264851005,100.27593197129482,156.8810429203231,33.00082960475117,14.437299373739394,23.200725097572203,35.19266949011452,100.27359001384222,205.11267781916644,136.19772921915816,67.2070317149874,121.76940518008436,40.376984245872976,7.48702066836116,6.138165782391376,1.348854885969785,1.8210406425893753,0.38959585431768806,0.38184917997594886,0.08516500131258169,14.870944350932328,5.842153921941995,4.871204074311809,4.157586354678527,2.943207842119711,131.14913498088077,0.3031515757878939,63.918450632829526,48.88707566981621,0.8953177257525083,$R_{a}^{syst}$,[mmHg*s/ml],5.168562944951705,11.699513026406732,12.54836008563233,12.46187336875361,12.49662293376098,2.2850865545183328,5.805435429359445,11.166813170784202,9.560982625406762,10.336927817711969,12.619301817112158,11.719675470846171,7.371670551867065,1.582476169569934,0.3318802258271993,0.5489747679922597,7019.315237990638,1.3078824838887937,0.2640997607304093,0.4443731309668063,0.48107814079741634
135.9154197025505,86.55617471809879,113.2452561534493,153.40323537328135,100.13295017504633,157.03238257278448,32.978705648891186,14.440747763128027,23.191278590990358,35.163346130378024,100.13137298044394,204.94517262412333,136.2911293106958,67.27648438694334,121.75691907789493,40.32323866248518,7.5166937894198345,6.170023130467795,1.346670658952039,1.828785599574409,0.394801038827134,0.3810548271267384,0.08507145700010672,14.989860740420438,5.889049234430102,4.91028424564517,4.1905272603451635,2.9432006703097646,132.0221743885113,0.3027227899664118,63.765796923214054,48.85763919118427,0.9050167224080267,$R_{a}^{syst}$,[mmHg*s/ml],5.188049113010864,11.711603129799158,12.529042463776902,12.442294441137959,12.476953368267408,2.284155631301642,5.799227939843793,11.178346103806879,9.56975315253134,10.345732773231306,12.63333263970604,11.70441563043528,7.3793009828654,1.5795432850420679,0.3318802258271993,0.5489747679922597,7009.306512253243,1.318468837258047,0.26432957472747287,0.44797109845700106,0.48149676476788417
136.75542005250398,87.43475957100479,114.1146830374706,154.1473956103812,99.99100103945663,157.1838044146407,32.95665495998015,14.444234205093647,23.181873782425928,35.134146044968794,99.98942184435886,204.77807048357087,136.3843281528412,67.34596757200349,121.74431040030208,40.269626858904296,7.546347211527125,6.201852854517953,1.3444943570091716,1.8365015512630773,0.40002399935397687,0.3802632978557552,0.0849783106845585,15.108456594183856,5.935819217908797,4.949260457940881,4.223376918334174,2.943193644895772,132.89243016269276,0.3027227899664118,63.61406088357987,48.82818829586584,0.9147157190635451,$R_{a}^{syst}$,[mmHg*s/ml],5.207538991938007,11.723683472488489,12.509766238490977,12.42277777687371,12.457343411452284,2.2832279165932636,5.7930380961687415,11.189872446958212,9.578537427661944,10.354541164058137,12.647353096191646,11.689167409498015,7.386937796859442,1.576613524917272,0.3318802258271993,0.5489747679922597,6999.370072761964,1.3290439017632514,0.2645598784530815,0.45156522543738953,0.4819162808167745
137.59282832789143,88.31060186043266,114.98092277451157,154.88960213647525,99.84963211829852,157.33463898526563,32.93465736991003,14.44772226485363,23.17248638436546,35.105013668072885,99.84790072145073,204.61147028781417,136.47724303563717,67.41515111269986,121.73185351815768,40.216162236612384,7.575918886207509,6.2335928459293415,1.3423260402781678,1.8441688147527833,0.4052591713973553,0.3794747327246245,0.08488544625024053,15.226619862383771,5.982418351296237,4.988094753313831,4.256106757773703,2.9431893774016897,133.75909778490586,0.3022940041449296,63.46322256960174,48.798779746316725,0.9244147157190635,$R_{a}^{syst}$,[mmHg*s/ml],5.227005564215553,11.73570815296329,12.490551805949936,12.403331992421133,12.437805979576016,2.282301947195992,5.786872345952101,11.201345543499468,9.587278496820105,10.363306750601156,12.661309753044193,11.673947878956522,7.394541234163537,1.5736874800777845,0.3318802258271993,0.5489747679922597,6989.474248280896,1.3396053139828552,0.2647900567146265,0.4551543044659557,0.48233556832316915
138.4276188943883,89.18373974429981,115.84399701173085,155.62973547504976,99.70874586615993,157.48483875570375,32.91276942769601,14.451220165903285,23.163150304746544,35.076024122813955,99.70702593320692,204.4456830670999,136.56978442942332,67.48409979509606,121.71966047786015,40.16300933334544,7.605410170068328,6.265239850339429,1.3401703197288994,1.85178661984977,0.41050600223942874,0.3786907424078673,0.08479312740062837,15.344344375526475,6.028843848223913,5.026783493425817,4.288717033876745,2.94318937740169,134.62219285321757,0.3018652183234474,63.3132348827761,48.769445476861776,0.9341137123745819,$R_{a}^{syst}$,[mmHg*s/ml],5.246309138853423,11.747687923648453,12.471406086470196,12.3839635311684,12.418347389707456,2.2813817160573655,5.780740088444706,11.212775103882443,9.595982094234635,10.37203842212727,12.67521500516265,11.65878082910731,7.40211658141138,1.5707732190754202,0.3318802258271993,0.5489747679922597,6979.612210631195,1.3501543087696872,0.26501994371304566,0.4587385097052885,0.48275432527125234
139.2596860107004,90.05408512777949,116.7038298988148,156.36772815101395,99.5683088882487,157.6343241103972,32.89095899522641,14.454716736222263,23.153841090737288,35.047143284516906,99.56673188972826,204.28053483179946,136.66157096735276,67.55270490887438,121.70723014719894,40.109981465511275,7.634813701150233,6.2967890590081135,1.33802464214212,1.8593533425694826,0.4157641610923519,0.37791047879786055,0.08470116434934277,15.461643010258891,6.075102940129968,5.065333853262729,4.3212062168661936,2.9431893774016897,135.4816352470139,0.3014364325019652,63.16410429654731,48.740195423763474,0.9438127090301003,$R_{a}^{syst}$,[mmHg*s/ml],5.26558100375513,11.7596121102038,12.452315991906682,12.364658397918408,12.398954480305079,2.28046330795248,5.7746249369919,11.224154109946523,9.604646517526723,10.380727835467725,12.689059818990044,11.64362813831753,7.409656916337637,1.5678614990667805,0.3318802258271993,0.5489747679922597,6969.781622177408,1.3606903316905063,0.2652494125675623,0.4623183075265625,0.4831723205378761
140.08927383020668,90.92181223103039,117.56063535632792,157.10374549531352,99.42873231914939,157.78332392644808,32.86924080879904,14.458221666807598,23.144574908304463,35.01841176588429,99.42705282818417,204.11607348597272,136.75330345542054,67.62107526130816,121.6950747848381,40.05721191673914,7.664149667055758,6.328259478902446,1.3358901881533123,1.8668754264533085,0.42103493082410876,0.3771343156118203,0.0846096633122904,15.578528016028418,6.121198129360609,5.103747434886507,4.353582451781304,2.9431893774016897,136.33770174987464,0.3010076466804831,63.0159955088149,48.711035407516306,0.9535117056856187,$R_{a}^{syst}$,[mmHg*s/ml],5.28483235548271,11.7714908676979,12.433294739875272,12.345431024943212,12.37964100641161,2.2795489545256844,5.768539484154723,11.235492732748467,9.61327907063579,10.389385416291821,12.702853034164574,11.628512267349695,7.417171085318668,1.5649593148545484,0.3318802258271993,0.5489747679922597,6960.0112623404575,1.3712102987721266,0.26547853348778816,0.4658926500960194,0.48358968201527847
140.91630943472774,91.78684356342559,118.41435952554556,157.83794844303898,99.28974361187603,157.9317996936524,32.847646846080025,14.461750794797556,23.135367776604223,34.98986108687014,99.28799520037842,203.95244520796913,136.84469049418757,67.68925754513492,121.6831531894934,40.00472178597936,7.693413845889858,6.359644957028498,1.3337688888613606,1.8743511747590385,0.4263175069598628,0.37636287950271613,0.08451878263604841,15.694994303760168,6.167128141257338,5.142022989720702,4.385843172782131,2.9431893774016897,137.1903261171333,0.3005788608590009,62.868747018949264,48.681934212230225,0.963210702341137,$R_{a}^{syst}$,[mmHg*s/ml],5.303961024947031,11.783336377295027,12.414345722445919,12.326283963363343,12.3604093253139,2.2786414908855774,5.762487932260693,11.246797579203538,9.621889240759735,10.398017488019892,12.716605862607603,11.613446650971376,7.424663342700974,1.5620675461462088,0.33145144000571714,0.5489747679922597,6950.282052831322,1.381716994389781,0.26570753343519155,0.46946248345377967,0.4840068231313281
141.74052672535865,92.64900931726932,119.2647946815214,158.5700654497875,99.15113450944162,158.07945532323723,32.82610231541482,14.465258436624195,23.12617254873483,34.96135189727676,99.14946561404913,203.7893744776608,136.93517256315317,67.75701495095248,121.67107595076436,39.95237860470316,7.723953857069092,6.3922977667141705,1.3316560903549217,1.881773232286123,0.43216894930500305,0.3755946799038369,0.0844281210534484,15.81100959651303,6.212880510139351,5.180149614406992,4.417979471966682,2.9470005808014417,138.21802780869436,0.2997212892160366,62.72234067779375,48.65291228661081,0.9729096989966555,$R_{a}^{syst}$,[mmHg*s/ml],5.323016050602413,11.795113122629052,12.395436563897341,12.307184685119015,12.34122639678232,2.2777345469601893,5.756454449418513,11.258038802544977,9.630444713328218,10.406594421326075,12.730282802117515,11.598395417133244,7.432110393747641,1.5591793928989919,0.33145144000571714,0.5489747679922597,6940.579415660914,1.3940135782867176,0.2659360275741144,0.4730279279102189,0.484423042878109
142.56228415918852,93.50843869160933,120.11224249847876,159.30019413700995,99.01328034737259,158.22665501308035,32.8046434672819,14.468629842635176,23.117013785665222,34.932992676402954,99.01144259352074,203.6268783971377,137.02570976321087,67.82460490035972,121.65913440688489,39.90024985638765,7.753064152557502,6.42351114565866,1.3295530068988421,1.889151292656423,0.437479254359292,0.3748300073663131,0.08433788161695605,15.926626828446212,6.258475865922285,5.218146235835064,4.450004726688867,2.9469944206737018,139.06447143548934,0.29929250339455443,62.576865028959446,48.62395542911417,0.9826086956521739,$R_{a}^{syst}$,[mmHg*s/ml],5.342051495092042,11.806851042679334,12.376603363917994,12.288168605245742,12.322128164212106,2.276831556025521,5.750447038486809,11.269242808935156,9.638971866282416,10.415145179829771,12.743915766248229,11.583382397701802,7.439537325627854,1.556288913614967,0.33145144000571714,0.5489747679922597,6930.929624316081,1.4045032236847765,0.2661643886993768,0.47658835518382087,0.4848390203302196
143.38145070000883,94.36496920320748,120.95660980792982,160.02815217432192,98.87579233425477,158.37322069444653,32.78327897738741,14.472002623578636,23.107897347794417,34.90475992518841,98.873974983734,203.46511868979582,137.11573973539518,67.89191693487413,121.64739760195829,39.848354655237785,7.782093004153377,6.454631636520724,1.327461367632653,1.8964808167300753,0.4428003363271294,0.3740695155793615,0.08424811353960308,16.041823691148963,6.3039052144097045,5.256003982324036,4.48191449441522,2.946988411032585,139.9074967056343,0.29886371757307223,62.432140926791114,48.59504942194926,0.9923076923076922,$R_{a}^{syst}$,[mmHg*s/ml],5.3610066138285815,11.818543024200556,12.357831441470594,12.269221774190255,12.303100236083534,2.2759324901524556,5.7444677147911385,11.280404543295143,9.647464841666435,10.423660385836595,12.757496348152946,11.568400629819548,7.446934157363721,1.5534070454402507,0.33145144000571714,0.5489747679922597,6921.305463397834,1.4149823066162617,0.2663925598961314,0.48014518866752887,0.4852546518128633
144.19811966044531,95.21882844962911,121.7979813154618,160.7542402092485,98.73910365926517,158.51929571407805,32.76201333024522,14.475386524639891,23.09882773371973,34.87665509778937,98.7372127212026,203.30408401419322,137.20515228022055,67.95895463593492,121.6356406929961,39.79666479652216,7.811051819566993,6.485670537587881,1.3253812819791126,1.903766075838947,0.4481325166764517,0.373313236047983,0.08415882979718474,16.156619938776895,6.349177493435583,5.293730787614462,4.513711657726851,2.946982496414618,140.74721431907423,0.2984349317515901,62.288381496068034,48.56627115976159,1.0020066889632107,$R_{a}^{syst}$,[mmHg*s/ml],5.379853948842409,11.830188621502376,12.339125458622618,12.250348383881132,12.284146815307668,2.275037371990064,5.738511453470863,11.291524478266425,9.655924816432904,10.432142536818926,12.771026199615616,11.553470760514973,7.454302055666129,1.550532764690245,0.33145144000571714,0.5489747679922597,6911.737256148562,1.4254455337651553,0.2666201532713131,0.4836966407161876,0.4856692307488207
145.01206116123387,96.06990107226702,122.63618454389764,161.47821472048724,98.60274063460405,158.66461680441114,32.74080004956617,14.478763386744584,23.089767408830024,34.84865333942588,98.60081500795887,203.14354665665883,137.29442319795615,68.02571973339512,121.62387441158957,39.74518845251215,7.839914818256317,6.516605854192292,1.3233089640640252,1.9109998822787428,0.45347404218966836,0.37255988286049047,0.08406977732813767,16.270989528831763,6.394281538796319,5.3313175305329255,4.545390459502516,2.946976686542512,141.58340973749839,0.2980061459301079,62.14538730847187,48.53750790056261,1.0117056856187292,$R_{a}^{syst}$,[mmHg*s/ml],5.398671401075902,11.841783080703149,12.32047273820579,12.231533925962449,12.265254502552096,2.2741444595254294,5.732577957761202,11.30259220507387,9.664349506900303,10.440583249667513,12.784495379155471,11.538587830335304,7.46163800033258,1.547665422165539,0.33145144000571714,0.5489747679922597,6902.191844422283,1.4358973069741485,0.26684768332929715,0.48724420302720123,0.48608369434760534
145.8236373003977,96.91839507401824,123.47152765746455,162.20052114464707,98.46706237632002,158.80957995021353,32.71969790843576,14.482165594929938,23.08076605334857,34.82078101687207,98.46503225262671,202.98374946829196,137.38333509888332,68.09227604509559,121.61240479209421,39.693910498967014,7.868717009876357,6.547468428173062,1.3212485817032948,1.9181926441507562,0.45882704209845576,0.3718108232620465,0.0839812831214067,16.384965670301654,6.439229877324276,5.3687741349012015,4.576961658076176,2.946970979975216,142.4164754967106,0.29757736010862573,62.00322575451004,48.50882521903947,1.0214046822742475,$R_{a}^{syst}$,[mmHg*s/ml],5.417467822948125,11.853340811575311,12.301891535230434,12.212798090706977,12.246441507043366,2.273256661995715,5.7266742153995915,11.313629045400273,9.672747972854427,10.448999480750649,12.79792574400044,11.523750331925,7.468952375933233,1.5448054492659422,0.33145144000571714,0.5489747679922597,6892.694366342401,1.4463361865354056,0.26707498848077305,0.49078738690109847,0.48649774826179015
146.6325367101827,97.76412975785885,124.30376712246498,162.9205905644392,98.3317932579519,158.95384278537384,32.69867996943308,14.485561337635538,23.071797852792034,34.79302079454506,98.32981983251125,202.8246463570581,137.4715505267324,68.1585097348335,121.60097971464816,39.642846694920685,7.897430168930235,6.578231431355045,1.3191987375751908,1.925335753225543,0.4641892188700035,0.3710656384354514,0.0838931979772278,16.49851017094491,6.484007396993751,5.406087607908171,4.60841516604299,2.9469653885022358,143.24611206023374,0.2971485742871436,61.86185343799685,48.48021263619448,1.0311036789297658,$R_{a}^{syst}$,[mmHg*s/ml],5.4361017224938415,11.864845733391176,12.283365502764461,12.194124358259174,12.227691442108831,2.2723727658970376,5.720798503638787,11.324616808051287,9.681100391757516,10.457374974795938,12.811294230341653,11.508946501883072,7.476232505272897,1.541953220939265,0.33145144000571714,0.5489747679922597,6883.225528056633,1.4567629381522513,0.2673019484280632,0.49432644978997725,0.48691117335985107
147.43896136780154,98.60727335063676,125.13307143502817,163.6386573973936,98.19722210226635,159.09757746619493,32.67774045499643,14.488966754862941,23.0628609217704,34.76539532720785,98.19517233137992,202.66613359176262,137.55970390348938,68.22454029720198,121.58947825761959,39.59200478202692,7.926067787757744,6.608909270327451,1.317158517430293,1.9324344350813305,0.46956120326316175,0.3703239784757757,0.0838055001544248,16.61167728982912,6.52863784409163,5.443279136513562,4.639760309223929,2.946962799511107,144.0725461031302,0.2971485742871436,61.721381095907205,48.451692737760446,1.0408026755852844,$R_{a}^{syst}$,[mmHg*s/ml],5.45470863632218,11.876310243362257,12.26490318105853,12.17552102226204,12.209012773395333,2.271491651514876,5.714939699372364,11.335564187195493,9.689427461030323,10.46571992543312,12.824618409171325,11.494158283369377,7.483487747846134,1.5391090851931042,0.33102265418423493,0.5489747679922597,6873.805547158645,1.4671753744020124,0.26752853875601557,0.49786016119559184,0.4873239251677002
148.24285684023124,99.44774133856463,125.95941368871729,164.3546540039278,98.06310461359223,159.2407840111181,32.656873827600215,14.492384029173547,23.053957070127524,34.73785497107618,98.06092761997498,202.50815983883638,137.64748114234396,68.29034838311328,121.5782337618615,39.541346664489275,7.954625686762371,6.639498560471392,1.3151271262909787,1.9394879679701365,0.4749423411645753,0.36958553982463194,0.0837181700497497,16.724436595270344,6.573106682696848,5.480336023392154,4.670993889181344,2.946962799511107,144.8957249803524,0.2967197884656614,61.58165147362343,48.42319820495903,1.0505016722408027,$R_{a}^{syst}$,[mmHg*s/ml],5.473288655403727,11.887728956094165,12.246504593780617,12.156987534756354,12.19040483824213,2.270613724477341,5.709107687945912,11.346473421335405,9.697723854753953,10.474034554311825,12.837891973328148,11.479407402358712,7.49071901622858,1.5362712105507,0.33102265418423493,0.5489747679922597,6864.417322951456,1.4775763581144958,0.267755166226438,0.5013895521041601,0.48773674463343136
149.04408620713463,100.28547198029351,126.78268663023646,165.06887951146462,97.92949179338231,159.38330090139124,32.63610718078229,14.495658280538281,23.04509626937499,34.71044654287669,97.92741122094829,202.35099911151903,137.7345445695156,68.35580991482148,121.56705249289432,39.49092131412918,7.983096365775419,6.669988583366034,1.3131077824093849,1.9464927051054235,0.48033192227914273,0.36885155418269083,0.08363128419510789,16.83676199941526,6.617403622137786,5.517248005720063,4.702110371557407,2.946962799511107,145.71553426379657,0.29629100264417924,61.44275544523341,48.39482466156683,1.060200668896321,$R_{a}^{syst}$,[mmHg*s/ml],5.491772738304703,11.899098352988608,12.22815506005073,12.138510120031347,12.17185344477047,2.2697398742156643,5.703305130258101,11.357331085332978,9.705975599255027,10.482306113378515,12.851106602657866,11.464697182338258,7.497912781514143,1.5334421435453824,0.33102265418423493,0.5489747679922597,6855.0644255367615,1.4879637542818684,0.26798106081424716,0.504914332318249,0.48814822909679806
149.84296339489939,101.12068756085353,127.60315885395755,165.78116100236556,97.79647635257066,159.52543580314048,32.615417648661975,14.49893587679158,23.036270402604025,34.68315612962663,97.79429722523979,202.19435537293342,137.82156849999126,68.42111232465393,121.55585114728888,39.440686024229954,8.01150075119592,6.700403540793777,1.3110972104021423,1.9534566432270046,0.48573178798997785,0.3681207278145499,0.08354480486924781,16.948721900354492,6.66155723356486,5.554041533497864,4.733123133291765,2.9469627995111076,146.5323082578407,0.2958622168226971,61.3046288575915,48.36648236043237,1.0698996655518396,$R_{a}^{syst}$,[mmHg*s/ml],5.510167657790521,11.91043402248546,12.209876748210148,12.120109322165273,12.153379447239029,2.268869549964378,5.69752401214664,11.368159368295691,9.71421066453472,10.490556412186733,12.864282769196409,11.450006184243536,7.505089530975008,1.5306199169712715,0.33102265418423493,0.5489747679922597,6845.753344679946,1.4983393443498945,0.2682070487423289,0.5084351063401494,0.4885598835866906
150.63930404003617,101.95295449256828,128.42068486266652,166.49134837221783,97.66389754922176,159.66700790310736,32.59480184221242,14.502214903729504,23.027473313731367,34.65597057314685,97.66165909833042,202.03832663263,137.9082274589777,68.48612916153633,121.54482648426435,39.39062827431303,8.039824251232456,6.730728136001431,1.3090961152310252,1.9603749785537616,0.4911405238858443,0.36739338424257684,0.08345869511962857,17.060286799856126,6.705555539631224,5.590705608119011,4.764025652105895,2.946962799511107,147.34588527155674,0.2954334310012149,61.16723725948964,48.33818450491842,1.079598662207358,$R_{a}^{syst}$,[mmHg*s/ml],5.5285337952653455,11.92171947579264,12.191656242242981,12.101771748137676,12.134969881585901,2.26800207270485,5.691762491044885,11.378942219068735,9.72240745717271,10.498769938274911,12.877406255895147,11.43534428666689,7.512235209567307,1.5278041720735536,0.33102265418423493,0.5489747679922597,6836.472828445523,1.50870371722873,0.2684328671474175,0.5119520740061666,0.4889712292773395
151.43309684188102,102.782398986728,129.23527338607937,167.19947402990832,97.5319126046567,159.80795705495234,32.57427364946714,14.505499460365492,23.01871244975394,34.628948882521605,97.52965146988915,201.88293268135533,137.99431936122102,68.5509327940017,121.53386682344853,39.34082235093121,8.068066071599144,6.760960926509367,1.3071051450897766,1.9672476143694313,0.49655764030917293,0.3666697661233917,0.08337297578302161,17.17144815092021,6.74939414626831,5.627236252091226,4.794817752560674,2.9469627995111076,148.1562449233624,0.29500464517973274,61.03069859726627,48.31000331455775,1.0892976588628762,$R_{a}^{syst}$,[mmHg*s/ml],5.546870919064373,11.932965412159398,12.173496966343782,12.083500750024328,12.1166279949286,2.2671383697730185,5.68603006403151,11.389683873067696,9.730570425535756,10.506951115648345,12.890479099732808,11.420717004669264,7.519354876006018,1.5249957367865183,0.33102265418423493,0.5489747679922597,6827.233882325969,1.5190540302835058,0.26865812046587295,0.5154642707181483,0.48938154561897984
152.22449307129767,103.60927234902435,130.04705197757448,167.90577244322458,97.40051952683865,159.94849914557582,32.55383836024143,14.50880147644679,23.00999965339256,34.60202064797834,97.39817166316521,201.72820197961113,138.08018417223042,68.61550323349101,121.5229276494778,39.29119151884707,8.097767806360036,6.792643187552867,1.3051246188071697,1.9740790416961458,0.5026051808863203,0.36594991613262595,0.0832877337889878,17.282226182473426,6.793081762335316,5.6636407490712335,4.825503671066878,2.950609683397988,149.14790697733298,0.29414707353676833,60.894925583634496,48.281881614653635,1.0989966555183948,$R_{a}^{syst}$,[mmHg*s/ml],5.565067001210183,11.944170019698676,12.155399522147524,12.065297639787735,12.098354403064265,2.2662787952310564,5.680320701777348,11.400392737843552,9.738707499127386,10.515106479054433,12.903510758297756,11.40612205990731,7.52645185966462,1.5221871397153162,0.33102265418423493,0.5489747679922597,6818.036366878706,1.531284511642008,0.2688832266620925,0.5189722382658714,0.4897915939660885
153.01332279660113,104.43351293932163,130.8558884000786,168.610140656763,97.26953529772541,160.08840496706432,32.533454973818614,14.512095797631542,23.00129880864745,34.57518284093491,97.26710180764154,201.57395894675895,138.16577273680105,68.67978546399156,121.51212060217301,39.24171374692082,8.125868394716854,6.822716703881948,1.3031516908349061,1.9808639124479352,0.5080453167723687,0.3652329181450119,0.08320272853584425,17.39260949927646,6.83661386887885,5.699915891239455,4.856079739158156,2.950604808871647,149.952789838305,0.2937182877152862,60.759887836809355,48.25380337612577,1.108695652173913,$R_{a}^{syst}$,[mmHg*s/ml],5.583219673039944,11.95532801545821,12.137355299593107,12.047153101277486,12.08014005585474,2.2654208060316074,5.6746322238316,11.411052297713326,9.74680812326974,10.523221623479856,12.916483194151546,11.391543577930348,7.533516213732224,1.5193838581371204,0.33102265418423493,0.5489747679922597,6808.867470840779,1.541621324491015,0.26910811956508146,0.5224763817424106,0.4902012537830805
153.79969398555963,105.25515937933866,131.66188892264208,169.31245267641944,97.13913112851752,160.2278463628866,32.51317009182005,14.515406816229323,22.99264612466036,34.54847733611917,97.13659555104883,201.4203987701594,138.25088286713526,68.74385003967838,121.50136253759723,39.19246717930457,8.153896904162547,6.8527073708166,1.301189533345947,1.987606835895534,0.513493721346986,0.36451981918136167,0.08311820250398261,17.50260781630806,6.8799941975107535,5.736064267011695,4.886549351785615,2.9506000113365496,150.75458855329964,0.2937182877152862,60.62562365627462,48.22579845147228,1.1183946488294314,$R_{a}^{syst}$,[mmHg*s/ml],5.601344688239862,11.966446548020315,12.119374075859309,12.029076907808784,12.061994586547291,2.2645673046294705,5.668967943286997,11.421677694270766,9.754883992617106,10.531311010469876,12.929415099516277,11.37700217010833,7.540558342020148,1.51658958674115,0.3305938683627528,0.5489747679922597,6799.739178996227,1.5519449968504198,0.26933276278296503,0.5259760695748885,0.49061045877934134
154.5836588251418,106.07431292356651,132.46510292861547,170.01278376061148,97.0092060908301,160.3667789169729,32.49298820523918,14.51872360855209,22.98404112744724,34.521912359843874,97.00670772104297,201.2675926258772,138.33555626234286,68.80770774814644,121.49076711350072,39.14348432360145,8.181852354259949,6.882613550299747,1.2992388039602019,1.9943071156440018,0.5189504251282533,0.3638108806289781,0.08303416163126656,17.612215473098587,6.923219761023638,5.7720826945193,4.9169130175556495,2.9505952736555336,151.55335614519365,0.293289501893804,60.49208367591827,48.19787749007473,1.12809364548495,$R_{a}^{syst}$,[mmHg*s/ml],5.6194121491232,11.977523851666295,12.101455728787755,12.011069114751159,12.043917781549625,2.263719345306354,5.663333310738715,11.432266171864057,9.762926349158512,10.539370721911347,12.942301951265753,11.362508400043671,7.547574640469747,1.5138065806476901,0.3305938683627528,0.5489747679922597,6790.644426358107,1.562257462485505,0.26955700975730934,0.5294719599242096,0.49101894198734825
155.36503440331487,106.89084370754584,133.26537266888585,170.71108488052985,96.8796939629222,160.50505922180682,32.472841640202944,14.521945592508716,22.97544301678074,34.495420827476444,96.87719550339307,201.11514910727087,138.42014593481522,68.87126570258256,121.48014251586518,39.094622897035926,8.209716475657988,6.91242214214708,1.2972943335109086,2.000960378065302,0.5244144764660317,0.36310430428429824,0.08295030283395732,17.721443926682436,6.9662972403849865,5.807978783943479,4.9471679023539705,2.950590657937253,152.34900370335615,0.29286071607232184,60.359277416321945,48.170014011088085,1.1377926421404683,$R_{a}^{syst}$,[mmHg*s/ml],5.6373541876163715,11.98855587636438,12.083589198941143,11.993117155164777,12.025897731894753,2.262870242283487,5.657710778698666,11.442808043346483,9.770933775597133,10.54739267275226,12.955132053959188,11.34801130772046,7.554560596929616,1.511027176001198,0.3305938683627528,0.5489747679922597,6781.578577404554,1.5725586804770786,0.26978103901101247,0.5329640274725361,0.49142702860036774
156.14413828606294,107.70464660697974,134.06299863357452,171.4076162693367,96.7507143818578,160.64301415385935,32.452796736841925,14.525132341699623,22.966897623359852,34.46901860332168,96.74812757981194,200.96339032539615,138.50434111216228,68.93468500835056,121.46973214983474,39.04596226701601,8.237519579963555,6.942159302507587,1.2953602774559676,2.0075759182359767,0.5298872128646686,0.3624014381360404,0.08286696733386512,17.830298558783245,7.0092261626757875,5.8437505093482205,4.977321886759237,2.950586097368758,153.14177149230488,0.2924319302508397,60.227153288591,48.1421653083973,1.1474916387959866,$R_{a}^{syst}$,[mmHg*s/ml],5.6552725047165815,11.999556109715371,12.065792296773045,11.975240143720653,12.007952846095595,2.262028154085667,5.65212123180521,11.453322513212893,9.778919503415588,10.555394695280013,12.967928978636342,11.333571429034508,7.561529996667786,1.5082558224718476,0.3305938683627528,0.5489747679922597,6772.550006730046,1.5828489998314808,0.2700052116296993,0.5364524022000297,0.49183537636379354
156.92057273891152,108.51542517117106,134.85762471502932,172.10215864283273,96.62230396902055,160.7802602464572,32.432818068811464,14.528310433926794,22.958371860281854,34.442775461363325,96.61970866055643,200.81219405631,138.587861296316,68.99777827989726,121.45912404267862,38.997494864861196,8.265229806869922,6.971794607427563,1.2934351994423587,2.0141441021644972,0.5353659008548377,0.36170196062275745,0.08278389280909576,17.938756369742862,7.051999455171222,5.879392355664304,5.007364558907333,2.950581607229093,153.9313114719851,0.2920031444293575,60.09587484241532,48.11446292622208,1.1571906354515051,$R_{a}^{syst}$,[mmHg*s/ml],5.673155138901181,12.010501726007893,12.048038006245525,11.957410592979269,11.990055964594612,2.2611838541581872,5.646544255728405,11.463786149320669,9.786866279951083,10.563354658477259,12.980663869270122,11.319135469076725,7.568463718160602,1.5054917610488692,0.3305938683627528,0.5489747679922597,6763.561277831439,1.593124000865672,0.2702285255943777,0.5399355831956749,0.4922421600225309
157.6947258738527,109.32381906753439,135.6496106431225,172.79460623149336,96.4943439304791,160.91708420095594,32.41291012926272,14.531499070453952,22.94987896542217,34.416597205137776,96.49166045153835,200.66153652121452,138.67141070614522,69.06067527006923,121.44883279104974,38.949216272778386,8.293623835670957,7.001352885939949,1.2922709497310074,2.0206726782514832,0.54085288513874,0.36100551804671266,0.08300706314475377,18.046849648834826,7.094628344462383,5.914913980450357,5.037307323922088,2.950577204400864,154.71800891943678,0.29157435860787534,59.96525751732822,48.08677443837722,1.1668896321070235,$R_{a}^{syst}$,[mmHg*s/ml],5.690949271638227,12.021409630088655,12.03035160632237,11.939653302119277,11.972232094286705,2.2603433975905265,5.640994379134589,11.47421503984404,9.794787431201437,10.571288609593642,12.993357594173489,11.304738692748879,7.575376437074133,1.502735377290383,0.33016508254127064,0.551005172887916,6754.604075133538,1.603389407268325,0.271452210994873,0.5434155069309243,0.49264911538333434
158.46649464155277,110.1297047397564,136.43885653812697,173.48508004506863,96.36688844259656,161.05349568144655,32.393124577573666,14.534711849141273,22.941449981071937,34.390573438888914,96.36424347143608,200.51168618373688,138.7546862022527,69.12341389749362,121.43872768061097,38.90118948351245,8.32119583016864,7.0308300335395755,1.290365796629066,2.02716084290919,0.5463473008060846,0.3603135018729991,0.08292462683800332,18.15456102771383,7.137106199548379,5.9503086450160465,5.0671461831494025,2.9505728599148235,155.50178319150575,0.29114557278639314,59.83532864955882,48.059165680315346,1.1765886287625418,$R_{a}^{syst}$,[mmHg*s/ml],5.70865944376645,12.032292461893777,12.012725903025043,11.921961488140564,11.954474159326994,2.259509404521426,5.635475843972974,11.484617956606584,9.802683853738124,10.579202295661112,13.006018572714042,11.290395007973247,7.582270303686304,1.499989623867674,0.33016508254127064,0.5510049637589755,6745.682190981759,1.613643292884095,0.2716760807101592,0.5468915256445073,0.49305559582762254
159.23575089322608,110.93306352447881,137.2252780097011,174.17385779760815,96.23998577866585,161.18929333342638,32.37337507722844,14.537918686418255,22.933026864466665,34.36461479835238,96.23721038538939,200.36220783833704,138.83734937112777,69.1858822195791,121.42842979069277,38.853312175111924,8.348679350408515,7.060212655265585,1.2884666951429298,2.0336050222446813,0.5518472766437676,0.3596237794889033,0.08284235674806008,18.261901344958957,7.179438805609407,5.985582906571229,5.096879632778323,2.9505726453907344,156.28252117796595,0.29114557278639314,59.70619002565491,48.03161804996615,1.1862876254180603,$R_{a}^{syst}$,[mmHg*s/ml],5.726336406238752,12.043122960121323,11.995150759955276,11.904324386642212,11.936771480953388,2.25867566531422,5.62997023793007,11.494974518633517,9.810544182187536,10.587078339870727,13.018623312051151,11.276090406134955,7.589134554519521,1.4972491440199756,0.33016508254127064,0.5510047551659232,6736.79900450661,1.6238834608453372,0.2718996643541412,0.5503621350865916,0.49346155691934906
160.0026054545252,111.73396942919862,138.00898173236212,174.86058956268272,96.11341760311599,161.32459602690358,32.35370869940299,14.541129062281898,22.924637791812287,34.3387801176591,96.11066805573151,200.21336361505553,138.91973099501405,69.24808544026268,121.41836705504372,38.80560962406882,8.376087631560383,7.089510390772177,1.2865772407882057,2.0400078564957047,0.55735409097266,0.3589375889934252,0.082760476367634,18.3688694441728,7.221624073521622,6.020734266613095,5.126511104038087,2.9505726453907344,157.0603473154037,0.290716786964911,59.57765893744279,48.00412236244166,1.1959866220735786,$R_{a}^{syst}$,[mmHg*s/ml],5.74398276082589,12.053912500759322,11.977637154709535,11.886752967718477,11.919134877226911,2.2578459313940615,5.624488867390825,11.505290903743449,9.818374455731506,10.59492308488543,13.031179753378145,11.261825285585347,7.595971167831815,1.4945161026539597,0.32973629671978844,0.551004546458424,6727.939232218119,1.634114686920797,0.27212302312555253,0.5538296742069866,0.49386711030720243
160.7659018357077,112.53101235867922,138.78894349764417,175.5440064111253,95.98706944964624,161.4586416695697,32.334161232996074,14.544308830494831,22.91629300809019,34.3131042536303,95.98508381815448,200.06555742179108,139.00147026980167,69.3097183290182,121.40850436405056,38.758228828322416,8.403347667574113,7.118645537121237,1.2847021304528754,2.0463460469296515,0.5628594559651604,0.3582567202980858,0.08267910508926189,18.47532304790651,7.263606151031505,6.055715691763777,5.1560012051112265,2.950572645390735,157.8341370733941,0.29028800114342884,59.44994238591879,47.976815727353085,1.205685618729097,$R_{a}^{syst}$,[mmHg*s/ml],5.761488639328996,12.0646230438603,11.960221022458395,11.869269861744575,11.901592278991806,2.2570210192479867,5.619042263130584,11.51553208765337,9.826129829957882,10.602698040841307,13.043647436910225,11.247626734496071,7.602744811255543,1.491798615833712,0.32973629671978844,0.5510043402953314,6719.094861475237,1.6443270742440173,0.27234502484902845,0.5572908285490678,0.4942701988573356
161.52803600998192,113.32634734316208,139.56729412077362,176.22684563467365,95.86147956447635,161.59305865167246,32.3146600173783,14.547511410186187,22.90798243628686,34.28749609787826,95.85955342717199,199.91790497213168,139.08330747763873,69.37154278770211,121.39856913466409,38.71087544749701,8.430612205700497,7.1477808378441265,1.2828313678563694,2.052669250249635,0.5683798708252128,0.3575773136137616,0.08259803917338047,18.581561236595558,7.305503183888607,6.090626511961544,5.18543154074541,2.9505726453907344,158.6062515954032,0.28985921532194664,59.32277064642604,47.94945877435775,1.2153846153846155,$R_{a}^{syst}$,[mmHg*s/ml],5.778961170146425,12.075339046271619,11.942828806002646,11.851827830763556,11.884085704891953,2.2561986740177966,5.613607796670079,11.525783319818775,9.833911678555259,10.610492216018068,13.056123739454774,11.23342719455937,7.6095389322432965,1.4890786074414293,0.32973629671978844,0.5510041336669024,6710.303569513345,1.6545358189336599,0.2725678928852925,0.5607507483397534,0.49467486037058933
162.28765595918878,114.11915739868277,140.34283690825472,176.9078628582461,95.736419969402,161.72684340280617,32.29522437575356,14.550594283535979,22.89969561370639,34.26197803324279,95.73450533801969,199.77080326464034,139.16456499556597,69.43309683716987,121.3887566359161,38.66372146529839,8.45779013703401,7.176821215881628,1.2809689211523831,2.058948576014521,0.5739055767828882,0.3569009864764472,0.08251727415460285,18.687417647389914,7.347250243788209,6.125411819761624,5.214755583840084,2.9505726453907344,159.37536021432598,0.2894304295004645,59.19636960387298,47.92217069438235,1.2250836120401338,$R_{a}^{syst}$,[mmHg*s/ml],5.796398143515061,12.086010253472526,11.925482468531783,11.834436156783447,11.866629616052228,2.2553786312056943,5.608192504382778,11.535990158078398,9.84165714783281,10.618250489812578,13.068546534190649,11.219253008062791,7.616302888708394,1.4863622336905906,0.32973629671978844,0.5510039272112197,6701.54939785814,1.6647307290711666,0.27279040282254596,0.5642059793619187,0.49507887212930074
163.04499928728723,114.90963546109984,141.11578193499201,177.58693799955566,95.61192391050669,161.86022085721947,32.27586150006616,14.553691381606207,22.89144267507576,34.236552589068815,95.60989210087027,199.6242648125233,139.24594019280704,69.49446390894276,121.37894944566939,38.616713955750754,8.484898781918536,7.205783981394946,1.2791148005235902,2.0651894886121553,0.5794381461012373,0.3562276876729742,0.08243686538539585,18.792929104187827,7.388861933412382,6.160084969373969,5.243982201401474,2.9505726453907344,160.1417235059294,0.2894304295004645,59.07067431648206,47.89492509373151,1.2347826086956522,$R_{a}^{syst}$,[mmHg*s/ml],5.813810741923473,12.09665089269332,11.908200519262676,11.817112125569336,11.849241733986364,2.254561227577126,5.602797961245226,11.54616542812135,9.849374826542213,10.625984037761123,13.080930665941699,11.205101755721117,7.6230462862042785,1.4836519567442419,0.32973629671978844,0.5510037215514912,6692.834673735469,1.6749137236880933,0.2730127778270149,0.5676571720084832,0.49548263858958685
163.79995299656343,115.69768920667806,141.8860633741033,178.26398477895435,95.48783206321623,161.9931455742804,32.25656921915338,14.556799567903294,22.88322063668144,34.211247321849996,95.48573692435221,199.47826038275525,139.32688235574255,69.55562157159935,121.36921166366841,38.56993313225292,8.511933361332643,7.234664279644928,1.2772690816877141,2.0713910460925202,0.5849765472590763,0.3555574530910297,0.0823568077576346,18.898072115685522,7.430327414747335,6.194635744593118,5.273108956345076,2.9505726453907344,160.90523883026648,0.2890016436789823,58.945600275063,47.86774094637477,1.2444816053511707,$R_{a}^{syst}$,[mmHg*s/ml],5.831104062335631,12.107250436157349,11.890972618311787,11.799846562029993,11.831912329866693,2.2537475097177135,5.597426853863387,11.556303564670742,9.85706687501895,10.633690555177468,13.093272263805238,11.190984931327305,7.62976729015404,1.480951248019436,0.32973629671978844,0.551003516533699,6684.148244425136,1.6850863126072615,0.2732349401763372,0.5711048379844622,0.4958860188320166
164.5525363470977,116.48320314370825,142.65369696819553,178.93914797223675,95.36408959644862,162.1255569404582,32.237351511217,14.559909167012478,22.875029604941613,34.18604819806253,95.36204777263545,199.33283591608384,139.40731589453432,69.6165310681973,121.35964968141077,38.523301936004515,8.538890391746525,7.263458223669477,1.275432168077049,2.077551663295807,0.5905207853503218,0.35489045155914184,0.08227709643965865,19.002853159627218,7.471650035149532,6.22906747389727,5.302135650580415,2.9505726453907344,161.66594723572635,0.28857285785750014,58.82113307494868,47.84061157529583,1.254180602006689,$R_{a}^{syst}$,[mmHg*s/ml],5.8483387268826235,12.11780958245449,11.873801911836733,11.782641716539798,11.814643977088032,2.2529365280008826,5.592077116273325,11.566406250385844,9.864729032211365,10.641366450704826,13.105567350619326,11.176898763109298,7.63646184813777,1.478256854883173,0.32973629671978844,0.5510033122320225,6675.486271751403,1.6952497310030088,0.2734568557450621,0.5745493959117596,0.4962889508546401
165.30271636713226,117.26566888930672,143.41864416387546,179.61266184586665,95.24099319835125,162.2574801885755,32.218210679080755,14.563025600223215,22.86687134705653,34.16097112600291,95.23892947961303,199.18799525062357,139.48749069933564,69.67718763005624,121.35000273539582,38.47686112585739,8.56750321424484,7.293898853875531,1.2736043603693108,2.0836728205608397,0.5967738680064493,0.35422679807423557,0.0821977386612566,19.10728393489627,7.512836083393521,6.263385469401664,5.331062382101087,2.954055809519739,162.6155408146817,0.28771528621453585,58.69744377125926,47.81358904676002,1.2638795986622073,$R_{a}^{syst}$,[mmHg*s/ml],5.865543538799022,12.128328741953267,11.856684337681344,11.765493331065667,11.797432538851622,2.252127838184938,5.586741991576784,11.576470951709801,9.872364563981968,10.649012456013974,13.117816620406277,11.162825418725085,7.643129880488479,1.4755709233046463,0.32973629671978844,0.5510031088492148,6666.869523884588,1.7074112244505322,0.2736782318926225,0.5779888175938415,0.49669090336750926
166.05061986240335,118.04582169682956,144.18102645348924,180.283996180499,95.11834164815758,162.38897331426514,32.19912676541268,14.566155796486832,22.85873902950254,34.135940961842884,95.11605680113632,199.04356466896695,139.56759588400803,69.73772812285596,121.34048958836158,38.43060818315573,8.594325896277978,7.322542806599254,1.271783089678723,2.0897554781477865,0.6023350936405281,0.3535654868303344,0.08211869596589447,19.211350484152813,7.553876949274606,6.297582215983842,5.359891318894368,2.954052080784016,163.37137280602462,0.28728650039305365,58.57438452060332,47.78655213461717,1.2735785953177259,$R_{a}^{syst}$,[mmHg*s/ml],5.88272072505799,12.13881263711429,11.839624044835025,11.748405665944977,11.78028229104804,2.2513231776497693,5.5814337237457705,11.586502647668373,9.879974766454687,10.656635447411157,13.130028007671326,11.148796217677946,7.6497816577960975,1.4728925334925482,0.32973629671978844,0.551002905074386,6658.283915371031,1.7175590950726913,0.27389993542107105,0.5814247847034725,0.4970934506853358
166.79611811287415,118.8236173641433,144.94076224499193,180.95335893060042,94.99606156747578,162.51993531039207,32.18012974809139,14.56928476619373,22.850644222260318,34.1110467670985,94.99379101954615,198.899805098962,139.64719383539202,69.79800910209003,121.33115395268202,38.38454271156163,8.621071075408066,7.351099207939174,1.2699718674688925,2.095797608758978,0.6079012562569462,0.352907864975351,0.08204004862988984,19.315059162296315,7.594776985479415,6.331661220513124,5.388620956303772,2.9540484095986796,164.12439019456446,0.28728650039305365,58.45194399446787,47.75961996155918,1.2832775919732442,$R_{a}^{syst}$,[mmHg*s/ml],5.899779438810259,12.149260033663305,11.822618378480014,11.73137594762092,11.763190325795469,2.2505216455811623,5.576147122899183,11.596498435517047,9.88755126515821,10.664227661226041,13.142192554871983,11.134797670279303,7.656405619119247,1.4702226832112981,0.3293075108983063,0.5510027024233926,6649.724309723304,1.727696785387116,0.27412105849321217,0.5848573028706158,0.49749494383164844
167.5392882703711,119.59910004801625,145.69793114307848,181.62106923425307,94.8742677642115,162.65046586534135,32.161205733309465,14.572420535481823,22.842581160277078,34.08625559795731,94.87198077343716,198.75658878351774,139.72634512665962,69.858072755768,121.32182725406653,38.33866463670093,8.647745841907083,7.379576779650924,1.268169062256159,2.1018024031483464,0.6134727105308911,0.3522533276834989,0.0819617382742894,19.418423220930247,7.635541599872115,6.365627412913035,5.417254208145097,2.954044792662273,164.87467915468736,0.2868577145715715,58.33015433399255,47.73274755523707,1.2929765886287625,$R_{a}^{syst}$,[mmHg*s/ml],5.916779161573038,12.159669114043322,11.805667796623903,11.714404909500853,11.746157149571994,2.249722948634034,5.570878904577595,11.606458883785741,9.895102617093015,10.671793151929329,13.154315739822248,11.12082160157881,7.663006640726788,1.4675611204236902,0.3293075108983063,0.5510025003001758,6641.198743494805,1.7378229423013416,0.27434193532130857,0.5882859144918937,0.4978959898945145
168.28005567517252,120.37181577189554,146.4524148494101,182.28662856989192,94.7527361697576,162.78044576768613,32.14233743873997,14.575456382773117,22.83453600538177,34.06153018572119,94.7505307172399,198.61386783216415,139.80539430461127,69.91784613363322,121.31248814068451,38.29293456847807,8.674334296616458,7.407960729855475,1.2663735667609832,2.1077651007405374,0.6190482040787615,0.3516015000520363,0.08188368968820087,19.521411064810835,7.67615686427947,6.399468589583471,5.445785610947888,2.9540411930850055,165.62210823780953,0.2864289287500893,58.20891798329695,47.70589876297435,1.302675585284281,$R_{a}^{syst}$,[mmHg*s/ml],5.933748872031806,12.170033302775046,11.788764965719412,11.697484672688788,11.729174934290011,2.248927333271513,5.565632352755134,11.616375754075543,9.902619595323095,10.679323355663728,13.166389397914713,11.106879002250349,7.6695776706411385,1.46490603529415,0.3293075108983063,0.5510022957452595,6632.6915318830315,1.7479401116299524,0.2745627119437962,0.5917114885606992,0.4982968565901087
169.01864895160406,121.14187430042941,147.20447928729615,182.95067225510567,94.63197810320055,162.91009748184854,32.12354414922066,14.578468908035365,22.826529910059197,34.0369349911639,94.62959886571818,198.4716193138434,139.88423070264687,69.97752758023204,121.30334369588223,38.24740598911972,8.700864529754089,7.436278356627883,1.2645861731262051,2.1136943157792154,0.6246302194353713,0.3509525748841602,0.08180603207771187,19.624089549879606,7.716651566650575,6.433210318070959,5.474227665158075,2.954037703190938,166.3670492057197,0.28600014292860715,58.08846693112098,47.67915896130231,1.3123745819397994,$R_{a}^{syst}$,[mmHg*s/ml],5.95069159400308,12.180370191325972,11.771929856042101,11.680634714667367,11.712263469194673,2.248133898976663,5.560403377922769,11.626271286489075,9.910120820777912,10.686837667210245,13.178431553582202,11.092954284942117,7.676136408258762,1.462259906420156,0.3293075108983063,0.551002096652703,6624.238467224039,1.7580426039946955,0.27478314612072857,0.5951320804388062,0.4986970971435787
169.75378244502159,121.9086752396471,147.95298216321942,183.6113258527699,94.51109664086961,163.03847120097916,32.10483711332153,14.581444031806953,22.81854603830639,34.01245260560725,94.50938700805473,198.33023646670281,139.96208489688505,70.03665509136076,121.29428783935374,38.20215084251969,8.727241262137019,7.464431085606375,1.2628101765306439,2.1195604762168907,0.6302082577694404,0.350307955082218,0.08172870204405999,19.72626671887787,7.756947310845215,6.466785163973924,5.502534244058736,2.954034237598889,167.1081410504442,0.285571357107125,57.968586153120164,47.652535837076805,1.3220735785953177,$R_{a}^{syst}$,[mmHg*s/ml],5.96750002292177,12.190624915704179,11.75516805818115,11.66385160147676,11.69542297396181,2.247344100803448,5.555203195833377,11.636087465440689,9.917549107519804,10.694281231810214,13.19038306900907,11.079087624068597,7.682632672884434,1.4596261616350803,0.3293075108983063,0.551001896919802,6615.776764860872,1.7681324943824779,0.27500253840520905,0.5985484094523085,0.499095447660928
170.48767273265616,122.67413896439334,148.69987239592027,184.27158520817022,94.39103867417106,163.1671027746218,32.08618527547211,14.584463825631833,22.810600183740554,33.98804033380424,94.3893526855394,198.18910241652202,140.0400434156002,70.09586076147487,121.28520381643517,38.1569858372707,8.753614455580777,7.492574924884514,1.2610395306962625,2.1254106981066583,0.6357986209520876,0.3496651796920917,0.08165170270476303,19.828230328948514,7.79715936711014,6.500290517052379,5.5307804447859965,2.954030820375271,167.84758728022868,0.285571357107125,57.84930728625536,47.625904519798986,1.3317725752508363,$R_{a}^{syst}$,[mmHg*s/ml],5.984269703872976,12.200886212769449,11.738437637967673,11.647112642092637,11.678622795767017,2.246556812122447,5.5500178517907885,11.645908151933348,9.924990783960418,10.701736235714526,13.202335809721614,11.065230649664942,7.689140273309845,1.4569964527885764,0.3293075108983063,0.5510016976598713,6607.372707191974,1.7782152801562305,0.2752224677267864,0.6019623315677971,0.49949477269429193
171.21941005916474,123.4374721592149,149.44437876634203,184.93005644872707,94.27148586885477,163.29545240113026,32.06763508368815,14.587509144526997,22.80270688980281,33.9637661736065,94.26983671649955,198.04862201883228,140.11817809772649,70.15494273613943,121.27639232719918,38.112012214819984,8.779930986770863,7.520651996309643,1.2592789904612205,2.131228097064981,0.6413946656625158,0.34902601345450485,0.08157520218013768,19.929871656022808,7.837244485934033,6.533689924888556,5.558937245200214,2.9540274595964586,168.58453674506072,0.2851425712856428,57.730625368108704,47.599339877020455,1.3414715719063546,$R_{a}^{syst}$,[mmHg*s/ml],6.001014938763827,12.211119581872032,11.721768648497124,11.630438469737364,11.661887403878959,2.2457747597137234,5.5448536778975885,11.655707221804185,9.932416497049697,10.709176948353708,13.214261108499603,11.051408651865293,7.695634201823878,1.4543758353368788,0.3293075108983063,0.5510014983416693,6599.004010819834,1.7882876798991598,0.27544222347406117,0.6053727341259897,0.49989378305331356
171.94861382014437,124.19745663530516,150.18614989363454,185.58629331586815,94.15231916435907,163.42313219576286,32.04909149348381,14.590531896168216,22.79479870974196,33.93952100056981,94.15059673425627,197.90838384138237,140.19563009134157,70.21370131964184,121.26734382941329,38.06716497169269,8.806150689078212,7.54862849611146,1.2575221929667524,2.1370023099598003,0.6469930136627442,0.3483883663083694,0.0814987040033186,20.031149170468886,7.8771867585354585,6.566970730165979,5.586991681767451,2.9540241382508374,169.31857955465145,0.28471378546416065,57.61260226708603,47.572818749161804,1.351170568561873,$R_{a}^{syst}$,[mmHg*s/ml],6.017719755620687,12.22130049505599,11.705136762441668,11.613804037845288,11.64519204267948,2.2449911624497716,5.539700116145284,11.665450582158988,9.939799803121106,10.716571599101417,13.226123736547105,11.037592379246293,7.70209226264349,1.4517601364962383,0.3293075108983063,0.5510012991211383,6590.662341505135,1.7983474125483487,0.2756616724911461,0.608778848236901,0.5002922369345295
172.67572816900937,124.95536627606741,150.92559403427683,186.24090505813618,94.03367678221272,163.55053183757568,32.030660588440504,14.593584397256645,22.786954563100117,33.915395827042275,94.03185074906499,197.7688463440826,140.27284407698573,70.27237042308757,121.25860728266757,38.022530458467415,8.832313644221134,7.576537550921736,1.255776093299398,2.14274377754913,0.6525966903052342,0.3477544907969459,0.08142278290199641,20.132093228112097,7.916996104788564,6.600139979293832,5.614957144029702,2.9540227305270843,170.05020148807927,0.28428499964267845,57.49518251374376,47.54634134107568,1.3608695652173914,$R_{a}^{syst}$,[mmHg*s/ml],6.034350376631231,12.231459272961096,11.688572634714824,11.597240365783673,11.628567419204181,2.2442144156504087,5.534578659126053,11.675178806017598,9.947167433933352,10.723955324029275,13.237961195473455,11.023831673510706,7.708539416849701,1.4491481457040778,0.32887872507682414,0.5510011006697785,6582.357374754891,1.8083968138555837,0.27588114580870904,0.6121810760518125,0.5006907345073488
173.40039052008652,125.71098104474162,151.6624058360891,186.89363077931208,93.91532632115828,163.6772960368439,32.01226028790547,14.596622569438658,22.77911126971431,33.891336391805424,93.91346712325497,197.6296533973316,140.3496998765421,70.3307588402651,121.24987089596715,37.97804861872003,8.858385448541236,7.6043500903545675,1.254035358186669,2.14844369031657,0.6582026878763435,0.3471226876102099,0.08134697018924907,20.232688881509645,7.956668799100125,6.633195791671679,5.642824290737839,2.9540227305270843,170.77903025249583,0.28428499964267845,57.3783466584259,47.51992704983563,1.3705685618729098,$R_{a}^{syst}$,[mmHg*s/ml],6.0508896609745895,12.241570946410736,11.672052348220937,11.58072300179391,11.611989443835887,2.243437408619829,5.529468032321118,11.684859353159538,9.95450244691433,10.731301231206071,13.249745785570482,11.010083615408494,7.714956246988694,1.4465425710140216,0.32887872507682414,0.5510009028938617,6574.0728424810795,1.8184362120884294,0.27610023293799163,0.6155796275013656,0.5010885308679364
174.12294077228142,126.46450522287495,152.3968748056384,187.54456685967688,93.79752675333566,163.80380985022154,31.993985865036848,14.599683206846297,22.77133566025123,33.86743758634814,93.79572035396896,197.49126416148374,140.42659229319676,70.38898605900083,121.2412999620651,37.933790418186234,8.884404139100653,7.632097492137398,1.2523066469632538,2.154111996400253,0.6638138134116975,0.346495159021143,0.08127177063871628,20.33295794110144,7.996212482768506,6.6661430488532645,5.670602409479667,2.9540227305270843,171.50542424642362,0.2838562138211963,57.26211547771811,47.49360471826972,1.380267558528428,$R_{a}^{syst}$,[mmHg*s/ml],6.067404366485173,12.25165871195975,11.655592288761687,11.56426925445886,11.595474905555449,2.2426671307070927,5.524384375942114,11.694520582264447,9.961821130566534,10.73863305258199,13.261504632354342,10.996401025134999,7.721357512219148,1.4439482390205183,0.32887872507682414,0.551000705722275,6565.826872733496,1.8284642482891957,0.2763189794746825,0.6189743326595676,0.5014857088294867
174.8432087278094,127.21505312042618,153.1288699829619,188.19356198826898,93.68011286656778,163.9298446090967,31.97575782640488,14.602611213464149,22.763576477094833,33.84360725784678,93.67830426109376,197.35326051737903,140.5030429348652,70.44704766095019,121.23276982207065,37.88968638275984,8.91034611126312,7.659762102294519,1.2505840089686016,2.1597432989976264,0.6694282873009586,0.3458698946667624,0.08119677564567737,20.43289174667894,8.035623717692877,6.698980305550464,5.698287723435599,2.9540227305270843,172.22918534933495,0.2834274279997141,57.14646597143748,47.4673202841989,1.3899665551839466,$R_{a}^{syst}$,[mmHg*s/ml],6.083886016093421,12.261708707047912,11.639185191616205,11.547870769019474,11.579015892595988,2.2418983571758684,5.519318337294663,11.704146124726524,9.969110875336446,10.745937643596845,13.273219385307044,10.982758793226862,7.727737325181755,1.4413609346047265,0.32887872507682414,0.5510005074520941,6557.607900659745,1.8384818301259698,0.27653758864493255,0.6223654987915177,0.5018826387722987
175.5612948642004,127.96333044054971,153.85848182895361,188.84116914172878,93.56316129071188,164.0555169064102,31.95759284257475,14.605551726235882,22.75584608755829,33.81987819887694,93.56133447771559,197.21571784148472,140.57912166466696,70.50490676539428,121.22426168975755,37.845741794531406,8.936222787384626,7.687353969091629,1.2488688182929966,2.1653403930023933,0.6750473993112769,0.3452473308669679,0.08112210746351853,20.532519979251877,8.074916081563652,6.731719241588734,5.725884656099498,2.9540227305270843,172.95051183799958,0.28299864217823195,57.031401963816585,47.441114482019636,1.399665551839465,$R_{a}^{syst}$,[mmHg*s/ml],6.100320800676541,12.271731130522895,11.622833544596208,11.531529886836303,11.56261496816223,2.2411312257231204,5.514265534536216,11.713744063722237,9.976380920778176,10.753220375110565,13.284900591892821,10.969135197376723,7.734098112285567,1.438781399003147,0.32887872507682414,0.5510003137687608,6549.421290349831,1.8484893995898852,0.2767559259379019,0.6257532755206865,0.5022790713945918
176.27687770320824,128.70927657690672,154.58543224950878,189.4863907854985,93.44654306285938,164.18052862235112,31.939480197831838,14.608481129198214,22.74812899639617,33.79620997584449,93.44469092117944,197.07866540636834,140.65491383599442,70.56248252704594,121.21586017187416,37.80198702803445,8.962005560362853,7.714845189709625,1.2471603706532268,2.1708952805491704,0.6806678046986447,0.34462727553456163,0.08104767188544926,20.631759848729,8.114053214423839,6.764327422512837,5.753379211792325,2.9540227305270843,173.66900735165055,0.28299864217823195,56.91694614883692,47.414919686258386,1.4093645484949833,$R_{a}^{syst}$,[mmHg*s/ml],6.116630614232086,12.28169925857411,11.60652321483262,11.515232771111913,11.546257968742355,2.2403681196943133,5.509237914201164,11.723292615365315,9.983607214525948,10.760462763322787,13.296523578877755,10.955558243251998,7.740425935680445,1.4362108338662452,0.32887872507682414,0.5510001165362598,6541.258014400157,1.8584850938233994,0.2769741808044428,0.6291370322298743,0.5026753579392681
176.9903041163335,129.45320618512778,155.3100568457097,190.12990047882488,93.3303443925058,164.305192612267,31.921421192158622,14.611425492841455,22.74043933944246,33.77264959559016,93.32849537261569,196.94199915975673,140.73056777652215,70.61990730417534,121.20741914340749,37.7583590125594,8.987724972346838,7.742266267959284,1.2454587043875542,2.17641751457897,0.686292350445129,0.3440097344463617,0.08097347871931079,20.730706469461914,8.153076346876288,6.796841737629357,5.780788384956262,2.9540227305270843,174.38506858830556,0.2825698563567498,56.80304006748583,47.3888229888988,1.4190635451505018,$R_{a}^{syst}$,[mmHg*s/ml],6.13291391057704,12.29164168966497,11.590268527161047,11.498993415375809,11.52995902826434,2.239604016521009,5.504220527033025,11.732814925076994,9.990819661858167,10.76768568976024,13.308113150001157,10.94198192531176,7.746737358004781,1.4336463840610303,0.32887872507682414,0.5509999237761614,6533.124107475405,1.8684712857687502,0.27719200822151535,0.6325175722108815,0.5030708649138073
177.70082168254217,130.19350932675184,156.03164165849813,190.77092626902265,93.21437907578861,164.42895780219845,31.903475353439003,14.614348540359977,22.732790372797442,33.74921454608519,93.21296563230196,196.8062659501784,140.8055096578954,70.6769303871561,121.19936747328606,37.71502784913823,9.013327527450894,7.769558417452203,1.2437691099986898,2.1818895721243763,0.6919146626122917,0.34339658529268924,0.08089980088563996,20.829211573742192,8.19192334724154,6.829207876841254,5.8080803496594,2.9540227305270843,175.09791891092652,0.2821410705352676,56.68975849614144,47.362803812302836,1.4287625418060201,$R_{a}^{syst}$,[mmHg*s/ml],6.149146618763054,12.3015213253118,11.574092658186348,11.48282856228741,11.513737387147529,2.2388489726332708,5.499240819975965,11.742280056367076,9.997973841261253,10.77485790352386,13.319636382173135,10.928490622138856,7.753002998767695,1.4310969688339905,0.32887872507682414,0.550999727213375,6525.006535305203,1.8784432256804706,0.2774092215931762,0.6358932875730787,0.5034652612191753
178.40983587909724,130.93225187377027,156.75149303295944,191.41102072194448,93.09904129274787,164.55279668903722,31.885565057364218,14.617309304551952,22.72516715122663,33.7258414824997,93.09761000638866,196.6706854238414,140.88039197886673,70.73397066982243,121.1911356195933,37.67175998010664,9.038907167058037,7.796823595297637,1.2420835717604,2.187341884481387,0.697545755883506,0.3427848953115493,0.08082631272113358,20.927493700858566,8.230683281826929,6.861502104883247,5.835308314148392,2.9540227305270843,175.8089854499259,0.28171228471378545,56.577003348464075,47.33680050270619,1.4384615384615385,$R_{a}^{syst}$,[mmHg*s/ml],6.165371277334724,12.31139880555857,11.557945877602593,11.466702037728908,11.497551347037328,2.238093269839416,5.494269100595508,11.751742297490798,10.005136755076782,10.78203361534783,13.331152166750659,10.914994627659617,7.75927319395217,1.428550586834818,0.32887872507682414,0.5509995319121758,6516.932890492351,1.88840811901702,0.27762672335346616,0.6392666175185703,0.5038601800440682
179.11673281113806,131.66898411682982,157.4690445594279,192.0492715606109,92.98418752828806,164.67632305233897,31.867747752763623,14.620287760592412,22.717590322831533,33.70259018371957,92.98273768487542,196.53572299834963,140.95535506650754,70.79090648125693,121.18321126795107,37.62871483381544,9.064427742564671,7.824020444325749,1.2404072982389232,2.1927625930621106,0.7031806769890069,0.34217650029855456,0.080753295733528,21.025462430336756,8.269319764675863,6.893693078300965,5.862449587359922,2.9540227305270843,176.51766805978835,0.28171228471378545,56.46481886696909,47.310858436487,1.448160535117057,$R_{a}^{syst}$,[mmHg*s/ml],6.181483821103448,12.321248554634883,11.541856482689148,11.450635417235414,11.481425185296695,2.237343032628941,5.489318392201877,11.761180428600541,10.012281265532733,10.789193676561052,13.34264000125752,10.901537592792367,7.765529704295255,1.4260154325447838,0.32844993925534194,0.5509993374158864,6508.893126980164,1.8983622135332134,0.27784407399011685,0.6426362918319487,0.5042548241403858
179.82122088186279,132.40344752022534,158.18404710470955,192.68564028015112,92.86956739572447,164.79921745992263,31.849952313961257,14.62325017196437,22.71001082081692,33.679395299315274,92.86821564581523,196.40106762488094,141.029859947425,70.8475243520086,121.17507349496265,37.585791923899315,9.09182170793092,7.853085876986725,1.238735830944195,2.198142781129299,0.7096157054506709,0.34156998880101386,0.08068034898117925,21.123096348422926,8.307825219463245,6.92577544199546,5.889495686964223,2.9573517314639797,177.4234012706943,0.2808547130708211,56.35316042584325,47.2849851423365,1.4578595317725753,$R_{a}^{syst}$,[mmHg*s/ml],6.197542620677291,12.331050316898596,11.525808740646944,11.43461193864071,11.465342572428865,2.2365914812118395,5.4843768820620005,11.770571823347082,10.01938853247776,10.796313600444853,13.354070547813823,10.888085074704062,7.7717528525086434,1.4234862119839433,0.32844993925534194,0.5509991443950488,6500.869717700713,1.9104579276726827,0.2780609781156601,0.6460029449141471,0.5046486567977304
180.52351351917883,133.13489593364565,158.89670712937397,193.32024377882132,92.7554749060196,164.92173035313206,31.832219324737558,14.626191066565642,22.702462912864284,33.65625568412385,92.7540200516441,196.26686832955417,141.10399768691587,70.90398471078747,121.1671231610435,37.543011044416595,9.117197064044426,7.880125731213964,1.2370713328304612,2.2034894366864353,0.7152608605550134,0.3409659764737805,0.08060773605892736,21.220397532125673,8.346198202959217,6.957746814092116,5.916452515074341,2.9573489306415968,178.12764078308135,0.2804259272493389,56.24211843242891,47.25913285369167,1.4675585284280936,$R_{a}^{syst}$,[mmHg*s/ml],6.213571569464299,12.340823036333601,11.509810425623892,11.418640548556187,11.449311809594741,2.2358430073952698,5.479458550471933,11.77993381557208,10.02646999229016,10.80341113084731,13.365465021123068,10.874676449204982,7.777957679438384,1.4209641554188452,0.32844993925534194,0.5509989543162488,6492.883243421372,1.9204002886466953,0.2782779585902604,0.6493654734986123,0.5050426255991427
181.22364964867708,133.8643550322469,159.60706099555497,193.95309592189068,92.64173324813254,165.04388376957763,31.81456684925318,14.629038892754489,22.694950131026296,33.63325441998348,92.6403532561143,196.13324103615747,141.17779702273913,70.96026540834227,121.15923780657398,37.50043054062668,9.142508202350381,7.907092732661021,1.2354154696893604,2.208803820378547,0.7209086725730874,0.3403651242330163,0.08053547320168307,21.317396428443544,8.384453048170021,6.989620000802581,5.943323379470938,2.95734613932529,178.82943548049366,0.27999714142785675,56.131576119156435,47.23337704853197,1.4772575250836122,$R_{a}^{syst}$,[mmHg*s/ml],6.229571276671835,12.350563406322824,11.493867336252952,11.40272629071705,11.433338446092613,2.235097998206807,5.474555794395119,11.789268002154317,10.033535568717058,10.81048807131772,13.37682612907374,10.861287403086596,7.784143716907635,1.4184525480514225,0.32844993925534194,0.5509987623708864,6484.921327369278,1.9303334384031343,0.2784944326442423,0.6527248916636909,0.5054356772888413
181.9216442999022,134.5918570131495,160.31511565687694,194.5840379511567,92.5284695275177,165.16563766605427,31.796964013430344,14.631896244405665,22.687459865497562,33.61029090422058,92.52692564443744,195.99999374276106,141.25157443521982,71.01636588584108,121.15148147571249,37.45800920161659,9.167749838442829,7.9339843786538635,1.2337654597889647,2.214084842049346,0.7265592143140132,0.3397664060290458,0.0804634556737854,21.41406632016446,8.422576469474349,7.021383336495048,5.9701065141950584,2.957343375359695,179.52882357676256,0.27999714142785675,56.02162219395751,47.207616631801436,1.4869565217391305,$R_{a}^{syst}$,[mmHg*s/ml],6.245503869913979,12.360267468947054,11.477977989861344,11.38686788446791,11.417420899202876,2.234355866821431,5.469676390786359,11.798569340104674,10.04057348068784,10.817540216282845,13.388148302702369,10.847946661607445,7.790309933530952,1.4159489762661421,0.32844993925534194,0.5509985702595402,6476.992866926239,1.9402549776679405,0.2787110868571927,0.6560803841156767,0.5058290563728862
182.61740388464918,135.3167899950827,161.02080103506998,195.21348079588296,92.41554953762484,165.28696044117194,31.779444570300477,14.63475729411998,22.680006699668187,33.58745692375292,92.41406267849466,195.86736540150181,141.32508749012737,71.0722781008923,121.14387070698182,37.415768866683216,9.192920492098017,7.960795986469701,1.2321245056283154,2.2193311674092717,0.732211916521501,0.33917097635824806,0.08039183080773384,21.51041698540537,8.460574683779829,7.053041882321406,5.996800419304136,2.957340653298103,180.2257634929966,0.27956835560637455,55.912184053089234,47.1819603480438,1.4966555183946488,$R_{a}^{syst}$,[mmHg*s/ml],6.261343898498563,12.369944258241732,11.462135576519353,11.371058723460306,11.401552600056519,2.2336173246781486,5.4648158752425395,11.807842834941116,10.04758705994813,10.824568818411453,13.399434890464098,10.834629129603655,7.796454629634491,1.413454934063579,0.32844993925534194,0.5509983790187738,6469.088467633739,1.9501670919526577,0.2789271942381346,0.6594326865177945,0.5062214424929024
183.3110629403559,136.0392505554744,161.72425656070607,195.84118080799126,92.30305844925735,165.4079365290234,31.761989977931247,14.637639228294177,22.67258454081124,33.56472692277436,92.30158630696646,195.73516635363936,141.3983194353443,71.1280690966297,121.13621185500998,37.37370448984644,9.218028880341151,7.987538387615685,1.2304904927254665,2.224546388693538,0.737867590012025,0.3385780604913046,0.08032051378734036,21.60648047928771,8.498460944696776,7.084607929900414,6.023411604690519,2.9573379682911196,180.9203828056959,0.2791395697848924,55.80328271192799,47.15636337938528,1.5063545150501674,$R_{a}^{syst}$,[mmHg*s/ml],6.277156291779737,12.379593416071693,11.446351217073634,11.355308971676026,11.385744090412683,2.2328810505522014,5.45996747251748,11.81709141823405,10.054586123535561,10.831581449795776,13.410691056012505,10.82133468378105,7.8025857732512485,1.410969782265717,0.32844993925534194,0.5509981883873246,6461.214091448014,1.9600692094634655,0.27914314067265916,0.6627816064580809,0.506613536225341
184.00227589223135,136.7595481537716,162.42516806323138,196.4665743910899,92.19088504250296,165.52829226282762,31.744570951544883,14.64050046396586,22.665170220926676,33.54202326200181,92.1894460528653,195.60341408212423,141.47093014193567,71.1835019881724,121.12866228095024,37.3317599556288,9.243044962062907,8.014182652459372,1.2288623096035343,2.2297216706306293,0.7435233100439125,0.3379873487604646,0.08024936246048432,21.702174238430665,8.536199525553501,7.116049619732525,6.049925093144637,2.957335326242036,181.6123511510712,0.2791395697848924,55.69494119840327,47.13079599631094,1.5160535117056857,$R_{a}^{syst}$,[mmHg*s/ml],6.292928365869344,12.389191931705188,11.430598766588025,11.339593708391918,11.36996977422084,2.2321456899087053,5.455139458187695,11.826291113309797,10.061537167446756,10.83855085519639,13.421888614664427,10.808074656022837,7.80868039540204,1.4084912104972926,0.32844993925534194,0.5509980005272636,6453.361952975207,1.9699599485062118,0.27935882957586766,0.6661266752625891,0.5070051602883174
184.6916970476441,137.47817808640048,163.12411344168132,197.09084230915852,92.07914276031416,165.64853643788805,31.727255212633768,14.643398313867221,22.65781187286844,33.519453510110125,92.07771397444263,195.47228416635372,141.54380841060234,71.2389470453064,121.12137303876949,37.29003072467152,9.268022443895028,8.040779133824802,1.2272433100702245,2.2348727096817163,0.7491838487836503,0.3373998770370748,0.08017870429228471,21.797608355539452,8.573836274579017,7.147407085141371,6.076364995819061,2.9573327014718043,182.3022785720016,0.2787107839634102,55.58705482124218,47.10525298618872,1.525752508361204,$R_{a}^{syst}$,[mmHg*s/ml],6.308683993527785,12.39877987133247,11.414920445571857,11.323953991320774,11.354271275707807,2.231417243834039,5.450335693744428,11.83548296092684,10.068491699594466,10.845519525334879,13.433073818880647,10.794857805335683,7.8147735712351825,1.406024079998817,0.3280211534338598,0.5509978598642041,6445.539993221991,1.979843351132645,0.27957462135434075,0.6694692653779932,0.5073969278632827
185.37797984141488,138.19297670765891,163.8199067934076,197.71243275122572,91.96755845341926,165.7675964693948,31.70992206045332,14.646237146269007,22.65041513972099,33.49690813258563,91.96639655347717,195.34138185639455,141.6158019531817,71.29384186386275,121.11376410865022,37.24842736435008,9.292851571790553,8.067224332494224,1.2256272392963294,2.239968090034434,0.7548385491908609,0.33681376400580487,0.080107877984573,21.892624459189914,8.611308955799927,7.178628514292331,6.1026869890976565,2.9573301264125824,182.98889742512057,0.27828199814192806,55.47981656981976,47.079833100129484,1.5354515050167226,$R_{a}^{syst}$,[mmHg*s/ml],6.324299180649865,12.408282639644275,11.399283420923908,11.308351800898881,11.338612756624768,2.230684194710097,5.445536447914945,11.844593512421303,10.075372260051134,10.85241428463714,13.444166244132202,10.781645197616054,7.820806217176468,1.4035583265732112,0.3280211534338598,0.5509978598642041,6437.729091739348,1.9897113776028186,0.27978936372840696,0.6728066507801268,0.5077866614533898
186.06285188381656,138.9064516202097,164.51409719330374,198.33278979472504,91.85659323547065,165.88685433113713,31.692677970842936,14.649125397372176,22.64307391976574,33.474459858948805,91.85532149218001,195.21093032648983,141.6878666413444,71.34881970719867,121.10645810184538,37.206969581369684,9.317670479796623,8.093651843035284,1.2240186367613393,2.245048557459035,0.7605009722301049,0.3362302154140857,0.08003752310678389,21.987417619555323,8.648693272636132,7.209775914356725,6.12894843256247,2.9573275751998986,183.67388165736673,0.2778532123204459,55.37303941643861,47.05439461742854,1.5451505016722409,$R_{a}^{syst}$,[mmHg*s/ml],6.33988671490402,12.417790493648361,11.383688952148303,11.292799546966679,11.323001855510714,2.229957165573808,5.440757685659657,11.853707499033145,10.08226643472751,10.85932086304981,13.455260759331244,10.768469781044258,7.826848587903072,1.4011001116074666,0.3280211534338598,0.5509978598642041,6429.961526482946,1.9995721067787282,0.28000465768319643,0.6761415690122081,0.5081773961013294
186.7457397359018,139.61818460444775,165.20617794144727,198.95195099124118,91.74604784752876,166.00583850184083,31.675542509895397,14.651997044326015,22.635795040885984,33.45216586857567,91.74489588612478,195.08117869913343,141.75970388422343,71.40366852972654,121.09928598040078,37.16572358047292,9.342437453790273,8.120016740075751,1.222420713714522,2.250100473902981,0.7661664936074868,0.3356504962951624,0.07996768001155392,22.08192185560571,8.685963872117176,7.240827933790405,6.1551300496981245,2.957325054185636,184.35669334810854,0.2778532123204459,55.26675969683523,47.02908630033427,1.5548494983277592,$R_{a}^{syst}$,[mmHg*s/ml],6.355450580308008,12.427277882343889,11.36815317568269,11.277307924285827,11.30745163991423,2.229234035376099,5.436001134179182,11.862806634743563,10.089146016927014,10.866215284357972,13.466331872396605,10.755329260127533,7.8328772553798185,1.3986536721301461,0.3280211534338598,0.5509978598642041,6422.223349327013,2.0094238135956317,0.28021933182339825,0.6794734352084846,0.508567005854541
187.42629466434346,140.32711330566974,165.89584321584186,199.56894644386875,91.63584454001743,166.12425937480467,31.658453722648627,14.654766769920464,22.62852597980245,33.42991316566939,91.63471761195802,194.95185873397972,141.83135059589543,71.45827178709091,121.0922992996735,37.12463542580814,9.367118053658865,8.14628952807641,1.2208285255824551,2.2551151523645196,0.7718318102681678,0.33507289543992624,0.07989804991879541,22.176077405929746,8.72309530656723,7.271763116523781,6.18121898283874,2.9573225315932654,185.0369596414765,0.2774244264989637,55.16102517770829,47.00376708744161,1.5645484949832777,$R_{a}^{syst}$,[mmHg*s/ml],6.370979684625061,12.43672428553269,11.352658391319983,11.261859165564218,11.291944185063363,2.2285155126396266,5.431267561377369,11.871862982057928,10.095988134281814,10.873076242958108,13.47735550972705,10.74223607261669,7.838878903329176,1.3962156943970438,0.3280211534338598,0.5509978598642041,6414.50911780122,2.0192639743792697,0.2804340867398336,0.6828014032312485,0.508956762207657
188.10483953421482,141.03386956789853,166.58338155747995,200.18424483299003,91.52605234536543,166.24238186855032,31.64139819493355,14.657549335492575,22.62127325537728,33.407729301176076,91.52484726564309,194.82279403646865,141.90284398413422,71.51273371029643,121.08525032434453,37.083663514692944,9.39173893833965,8.172497846942743,1.2192410913969058,2.260100653501049,0.7775000972886841,0.33449704715515205,0.07982859975415928,22.269965849897947,8.760123006854226,7.302613223750341,6.207229619293379,2.957320110200633,185.7150909373593,0.27699564067748156,55.05578740909528,46.97851076322756,1.574247491638796,$R_{a}^{syst}$,[mmHg*s/ml],6.386470042486587,12.446140083036012,11.33721684227015,11.246464481794343,11.276491419197239,2.2277958509438025,5.426541237556231,11.880895406272831,10.102814409363749,10.879918277965222,13.488349089101693,10.729149855431707,7.844865349997578,1.3937840715163408,0.3280211534338598,0.5509978598642041,6406.82366417558,2.0290953906389397,0.2806486774541787,0.6861263965439576,0.509346220552192
188.78102640467387,141.7386053887716,167.26849212211386,200.7978427196759,91.41682329788064,166.35994145106469,31.62439976666134,14.660327224051803,22.614042788378413,33.38564346739789,91.41545375422106,194.69425739081984,141.9738652515354,71.56695578443801,121.07819358132947,37.04287790871664,9.416277262206263,8.198616136689546,1.217661125516716,2.265050321844476,0.7831676198992421,0.3339239647588107,0.07975941959757792,22.363520940521514,8.797019414875768,7.333353220847527,6.233148304798217,2.95731767991559,186.39066270812245,0.27699564067748156,54.95122353404482,46.95333852128884,1.5839464882943144,$R_{a}^{syst}$,[mmHg*s/ml],6.401837762027488,12.455517682128887,11.321814829161152,11.231110896378906,11.261079860274105,2.227078923567172,5.421830247708662,11.889885754883663,10.109609093889484,10.88672798900642,13.499290280022977,10.716093116024432,7.850824064525048,1.391362466389965,0.3280211534338598,0.5509978598642041,6399.177630851645,2.038909863458837,0.2808627412053509,0.6894456680477538,0.509734722517018
189.45496048363032,142.44094535570167,167.95127052036568,201.4095328380965,91.30757245631362,166.47698291217324,31.607398922581325,14.663093335269194,22.606793421611226,33.363568754906886,91.30615614770105,194.56580281611,142.04438497841053,71.62093836215341,121.0710690737327,37.00215445291979,9.440727685269517,8.224644860844792,1.2160828244247246,2.2699638425430364,0.7888348813776107,0.3333516165133431,0.07969018203329294,22.456767674781986,8.83379441500717,7.363993221108363,6.258980038666447,2.9573168220236976,187.0638123640035,0.2765668548559994,54.84696494318613,46.92816251682072,1.593645484949833,$R_{a}^{syst}$,[mmHg*s/ml],6.417170938274837,12.464849680825251,11.306454204833946,11.215799591401725,11.245710914916472,2.226359948565537,5.417126607076922,11.898834847792237,10.116374593074758,10.893503848086263,13.510185550078136,10.70304176063465,7.8567571153931794,1.3889444172219323,0.3280211534338598,0.5509978598642041,6391.530071941954,2.0487217799323787,0.28107686853124586,0.692763712252661,0.5101233398629144
190.12694262126774,143.1408518297512,168.63199014573536,202.01950526816924,91.19884869434216,166.59375321516222,31.59052900749503,14.66588543043567,22.599618801542842,33.34163966208763,91.19746529139194,194.43817372623667,142.1149415916162,71.67484081705395,121.06428918722666,36.96170222921086,9.465127420732575,8.25061103362033,1.2145163871122442,2.274849671441897,0.7945044072655547,0.3327834495679245,0.07962158584355696,22.54971193715038,8.870448787442308,7.394530890397135,6.284732259310931,2.9573168220236976,187.73484273141105,0.2761380690345172,54.74325833607659,46.903066174544165,1.6033444816053513,$R_{a}^{syst}$,[mmHg*s/ml],6.432483984068779,12.47416640801381,11.291149907901014,11.200547180704671,11.230400477387123,2.2256490461434337,5.412455539450061,11.90777097131864,10.123125891134409,10.900270641451916,13.52106205126345,10.690082988078212,7.8626794175743004,1.3865410406422525,0.3280211534338598,0.5509978598642041,6383.9194086039515,2.058522069292941,0.2812907174709134,0.6960776248127147,0.510511451968686
190.79700560157684,143.83909120136076,169.3106830646786,202.62827021610428,91.0905813041963,166.71033228333874,31.573727206370698,14.668697882339469,22.592476586109502,33.31982586578964,91.08920445518721,194.3109858919733,142.18549156875005,71.72858145695565,121.05758524835221,36.92137743969609,9.489478736569128,8.276521735146,1.2129570014231272,2.2797103452071577,0.8001765389985336,0.33221783364302576,0.07955330514686336,22.642398158975272,8.90700277430375,7.424985788905802,6.310409595765721,2.9573168220236976,188.40378990459953,0.2761380690345172,54.64003343798747,46.878051715422835,1.6130434782608696,$R_{a}^{syst}$,[mmHg*s/ml],6.4477688635921515,12.483460252567118,11.275901429381591,11.185351850941599,11.215147300244883,2.224940524768613,5.407795470595896,11.916686698754052,10.129864028746459,10.907023654423686,13.531913372534627,10.677151184653628,7.868588295471083,1.384145400331602,0.3275923676123776,0.5509978598642041,6376.340691293742,2.068312521526529,0.2815042537475898,0.6993882110037769,0.5108989966258086
191.46488016659583,144.53520189378693,169.98711699686606,203.23508421234948,90.98260642270894,166.82643436712846,31.556964719797996,14.67150203430218,22.5853476515308,33.29804360394152,90.9811937551191,194.18417453450672,142.25558854357124,71.78211398664962,121.05098977773807,36.88120060978472,9.513752686537241,8.302349728880971,1.2114029576562713,2.2845371755049335,0.8058488931458679,0.33165419886330333,0.07948521481810776,22.734758452080072,8.943426488018947,7.455331496667269,6.336000467393854,2.9573168220236976,189.07039639189873,0.27570928321303506,54.53728407482896,46.85304246508082,1.6227424749163881,$R_{a}^{syst}$,[mmHg*s/ml],6.462987949381689,12.492715674737768,11.260696598579768,11.170201881713096,11.19993935177955,2.224234119827022,5.403157370296899,11.925565100873438,10.136567600482643,10.913746006402445,13.542719477030685,10.664260754488497,7.874472337465156,1.3817580400235046,0.3275923676123776,0.5509978598642041,6368.782449589626,2.0780938667932842,0.2817178091297849,0.7026957177253808,0.5112865759573286
192.13061334484823,145.2285345578121,170.66132867432032,203.84008450217988,90.8750423385548,166.94212328820424,31.54027059577919,14.674315355183559,22.57824912170102,33.27637780436033,90.87366922884738,194.05785184983355,142.32536922444595,71.83549039055856,121.04443947504389,36.84120370495186,9.537957454586177,8.328101114251591,1.209856340334586,2.2893324180929393,0.8115216933914473,0.3310932757351049,0.07941743171797881,22.826831909161637,8.979738856628002,7.485584693186086,6.36150835934755,2.9573168220236976,189.73471301311338,0.27528049739155286,54.4350584194204,46.82813313793019,1.6324414715719064,$R_{a}^{syst}$,[mmHg*s/ml],6.478115333793939,12.501940055958002,11.245538753618536,11.155099891806906,11.184779731000978,2.2235275613318564,5.39852879567488,11.934417497510463,10.143255385817332,10.920448495071694,13.553493710854342,10.651384959560852,7.880338550997646,1.3793804338806974,0.3275923676123776,0.5509978598642041,6361.2529636988365,2.0878638197081334,0.28193085742050306,0.7059993721874561,0.5116732349740636
192.79376408214495,145.91975969205112,171.3329476249208,204.44302095310925,90.76759712804785,167.05701573136062,31.5236047768339,14.677070974126854,22.571149375906156,33.25473708454151,90.76646243577704,193.9319253241343,142.39457872502263,71.88848774412489,121.03794772190193,36.8013454406195,9.562053141750084,8.353738251308231,1.2083148904418533,2.294084719639415,0.8171909922745,0.33053434264020987,0.0793497591654216,22.918537110060885,9.015904555547634,7.515715323803973,6.386917230709277,2.9573168220236976,190.39630388066772,0.27528049739155286,54.33330454915375,46.80325958919431,1.6421404682274248,$R_{a}^{syst}$,[mmHg*s/ml],6.493200754026885,12.511111803686632,11.23043053025608,11.140045991506858,11.169669381810584,2.2228223798229703,5.393922574831699,11.943213819379888,10.149891046745658,10.927102429159818,13.564201975327249,10.63855028081379,7.886164363792642,1.377010632291233,0.3275923676123776,0.5509978598642041,6353.731798963349,2.0976241511832847,0.28214356794808415,0.709299773213976,0.5120592809881688
193.45543250623533,146.60952165623044,172.00294370647686,205.04514276665958,90.66086346740816,167.17201520281793,31.507008846167995,14.67977278304474,22.564087661669806,33.23320352513353,90.65956421008195,193.80627077262105,142.46414101929955,71.94154647050811,121.03146131123263,36.76160580075198,9.586131827155247,8.37935289967659,1.206778927478657,2.298822043822381,0.8228661267778588,0.3299773395919245,0.07928238702541572,23.010048619859617,9.051995994456721,7.54578541186842,6.412267213534477,2.9573168220236976,191.05628126269704,0.2748517115700707,54.23208146256763,46.778447285870485,1.651839464882943,$R_{a}^{syst}$,[mmHg*s/ml],6.508272152248387,12.52027719784619,11.215371433921959,11.125045062612518,11.154611083606378,2.222118378898414,5.389320366596898,11.95201075648659,10.156538452901776,10.933763109476761,13.574907005827372,10.625723632124105,7.8919962520921665,1.3746478000742117,0.3275923676123776,0.5509978598642041,6346.2604427185715,2.1073732805487806,0.28235630410318135,0.7125963863103112,0.5124453735133732
194.11494238228926,147.29638597461306,172.67072714726876,205.64484062932348,90.55429076752098,167.28656783749824,31.490499617921902,14.682475382536857,22.557077224489824,33.21177102694127,90.55313175882358,193.68140388456845,142.53334209988634,71.99439123167532,121.02538628111849,36.722116854596656,9.610138264053855,8.404884887483265,1.20525337657059,2.3035261003997176,0.8285409270325039,0.32942405154246274,0.07921553242932183,23.101215754929125,9.087948286439161,7.575736846065907,6.43753062242406,2.9573168220236976,191.71394800875498,0.2744229257485885,54.131238352313616,46.753653134811046,1.6615384615384616,$R_{a}^{syst}$,[mmHg*s/ml],6.523313310043961,12.529415394894295,11.200355008983252,11.110089618699272,11.139597636547496,2.2214228162448992,5.384756104946229,11.960778137362398,10.163157857106789,10.940399377592243,13.585577929150196,10.612971426054296,7.89780478163076,1.3722987784149459,0.3275923676123776,0.5509978598642041,6338.8003537264685,2.117116112155746,0.2825689611217242,0.7158908698551274,0.5128313224145091
194.77234067302297,147.98156902576696,173.33633829825519,206.24360786892035,90.44817238209288,167.4006675992485,31.47398166180568,14.685173451257931,22.55003936481864,33.19035190148704,90.44684793594404,193.55644229119986,142.6021082684683,72.04706850168171,121.01900396363676,36.68265383979537,9.634068653857266,8.43034090269209,1.203727751165177,2.308198948545753,0.8342160525485923,0.3288708968809504,0.07914851416180449,23.192131223615135,9.123804687704922,7.605611356320139,6.46271517959007,2.9573168220236976,192.369403858664,0.2744229257485885,54.030950819516875,46.72892664552569,1.67123745819398,$R_{a}^{syst}$,[mmHg*s/ml],6.538275534034365,12.53851175576423,11.185384049051503,11.095179201204502,11.124630050285752,2.220721625731025,5.3801822088189635,11.969505824067342,10.169750837033954,10.947006676933736,13.59620400666228,10.600193595023788,7.90359326354788,1.3699516186603071,0.3275923676123776,0.5509978598642041,6331.372066746501,2.1268467763617265,0.2827813111814288,0.7191812390619416,0.513216714219401
195.42759407308142,148.66477313775445,173.9997539795778,206.84025284847533,90.34232656698326,167.51438482975576,31.45753794160149,14.687879432611615,22.54304195397754,33.1690257945453,90.34099249231018,193.43209195786008,142.67052246576284,72.09953825702196,121.0127964822763,36.643382468912556,9.65793065869914,8.455719947716577,1.202210710982563,2.3128410032066804,0.8398906828569687,0.3283208320625686,0.0790818959791237,23.282726633695294,9.159533296700792,7.6353777562320815,6.487815580762413,2.9573168220236976,193.02257705579623,0.27399413992710636,53.93108577439354,46.704242082017764,1.6809364548494983,$R_{a}^{syst}$,[mmHg*s/ml],6.553162258976083,12.54757745035265,11.170453442498507,11.080311273524227,11.109704620608394,2.2200254192700406,5.375633466243412,11.978207148923811,10.17631752001448,10.953590552940964,13.606794021830325,10.587467049642868,7.909359765260847,1.3676152284499516,0.3275923676123776,0.5509978598642041,6323.962859688828,2.1365685874016305,0.28299348409353364,0.7224686146205913,0.5136017845210481
196.08097336357508,149.34530574720048,174.66120548832936,207.43526818088588,90.23692766802597,167.6278364525504,31.441216407862044,14.690606948970142,22.536111358103664,33.14785415709194,90.23574391370241,193.3085232239585,142.73915006053025,72.15189751390503,121.00700999264298,36.60435504818564,9.681743897740544,8.481039130763177,1.2007047669773676,2.3174570120829108,0.84556702481269,0.3277746952469145,0.07901586043494224,23.37304361997369,9.195151571588354,7.6650511630425076,6.5128408853428255,2.9573168220236976,193.67374343104802,0.2735653541056242,53.83170813253854,46.67965095835912,1.6906354515050168,$R_{a}^{syst}$,[mmHg*s/ml],6.56802442365892,12.556628098740982,11.15558220812031,11.065504091729688,11.09483994679322,2.2193365183981877,5.371112287958197,11.986894746630897,10.182872905071973,10.960165207511734,13.617366743604949,10.574795117170014,7.915114731398339,1.3652924925412604,0.3275923676123776,0.5509978598642041,6316.5849367618175,2.1462803359568863,0.2832052440262858,0.7257525876068235,0.513986105310977
196.7324452664426,150.02430831324028,175.3206764086457,208.02907503080505,90.13190150418102,167.74100652449306,31.424897243794355,14.693338858584147,22.529175073493164,33.126694040887884,90.13058600998579,193.18503233065042,142.80748195516463,72.20410306795466,121.0011153554933,36.56539364156707,9.705496802121894,8.506296052863538,1.199200749258356,2.3220464487168813,0.8512446296829311,0.32722932635230073,0.07894984001288466,23.46310497588291,9.230669614114985,7.694642700445435,6.537792661322488,2.9573168220236976,194.32287194014393,0.2735653541056242,53.732777316451966,46.65505651375758,1.7003344481605351,$R_{a}^{syst}$,[mmHg*s/ml],6.5828594361775075,12.565649368155423,11.140762009564927,11.050748494876354,11.080027142744344,2.2186464703738342,5.3665991775614,11.995551037046052,10.189409961077352,10.966718400843604,13.627901670811127,10.562136008536763,7.920854021574107,1.3629740732845796,0.32716358179089544,0.5509978598642041,6309.233105292671,2.1559832722615946,0.28341719102420343,0.7290335807802463,0.5143707656034324
197.3815284523759,150.70109701024512,175.97774166477723,208.6206842830282,90.02708638610689,167.85357606082806,31.408637879234366,14.696062314856293,22.52225788275888,33.10561238801562,90.02582167977748,193.06205091287077,142.87534851225283,72.25606961803317,120.9953297678756,36.52660753553534,9.729159363678667,8.531455756965268,1.1977036067133977,2.3265993204155677,0.8569192799768177,0.32668648943536666,0.07888408239934787,23.552827129449355,9.266053337020539,7.724120886061745,6.562652906367076,2.9573168220236976,194.9695031484405,0.273136568284142,53.634297522194096,46.630511410244104,1.7100334448160535,$R_{a}^{syst}$,[mmHg*s/ml],6.597656011607281,12.574627230133979,11.125968174285006,11.036021225257546,11.06524238174838,2.217959632050236,5.36210147083559,12.004169693834392,10.195913437174209,10.973238662262435,13.63839200787692,10.549509881401109,7.926565235835554,1.360664948648203,0.32716358179089544,0.5509978598642041,6301.896047027482,2.1656760312364,0.28362881606248797,0.7323111325469768,0.5147548415748648
198.0287241126249,151.3753200776933,176.63286077653694,209.2104222193648,89.92276283165745,167.96586212485514,31.39240263382416,14.69879488070231,22.515363477041163,33.084569265478564,89.92131950101609,192.9393714408326,142.94294438076503,72.30791027117584,120.98968596885953,36.48795126340313,9.75276531147364,8.556553849455208,1.1962114620184316,2.3311257410911863,0.8625953359231254,0.32614548312887326,0.07881852582170874,23.642279673664746,9.301329880881253,7.753510154158372,6.587439638625127,2.9573168220236976,195.6141562153689,0.27270778246265986,53.53633273695496,46.6059979513262,1.719732441471572,$R_{a}^{syst}$,[mmHg*s/ml],6.612377726773606,12.583580401451087,11.11122747872066,11.021348033788389,11.05051182543603,2.2172731976140945,5.357620656912501,12.012764256414638,10.202402141486479,10.979742320404165,13.64885382529057,10.536917953633322,7.932262780797514,1.358363560932055,0.32716358179089544,0.5509978598642041,6294.593398216021,2.1753574963168574,0.2838404193779178,0.7355848653470466,0.5151388781217254
198.6737841993338,152.0479025617195,177.28582618466018,209.79931471127912,89.81859979857661,168.07768699085938,31.37625040497085,14.701523156150197,22.50848514608034,33.063650136187746,89.81730355219831,192.81710616092127,143.0103596730607,72.35954595379052,120.98394976693515,36.44945340363431,9.778592124532787,8.583866578193003,1.1947255463397843,2.3356213223754585,0.86920248989812,0.3256067992733843,0.0787531789135199,23.731462644372836,9.336502764749333,7.782813646388394,6.61214623323511,2.9604916540782966,196.46726635645794,0.2722789966411777,53.4387409814018,46.581605408618984,1.7294314381270903,$R_{a}^{syst}$,[mmHg*s/ml],6.627028730795496,12.592500551446362,11.096531492028424,11.006719944908335,11.035826823483081,2.2165881091426987,5.3531461222736585,12.02132523963252,10.20886274487024,10.986219377003087,13.659273690564302,10.524330232031472,7.937937663697845,1.3560711657851463,0.32716358179089544,0.5509978598642041,6287.3019859003625,2.1873784137923225,0.2840513063422618,0.7388564702687294,0.5155216145708216
199.3171772744712,152.71863471830514,177.93700362841463,210.3864459763692,89.71503526890432,168.18943544524444,31.360200485010502,14.704160093599082,22.50167060450494,33.042856513879386,89.71374065337238,192.6955578379773,143.0778882400117,72.41108285214199,120.97862807079413,36.41113209257926,9.802105543064297,8.60885585096015,1.1932496921041462,2.3400963916472644,0.8748856615885695,0.3250716211008793,0.07868841633983054,23.820383137518636,9.371570404090898,7.812028512422458,6.636784221005282,2.960489632421196,197.1084409092583,0.2718502108196955,53.34165908304737,46.55724379946822,1.7391304347826086,$R_{a}^{syst}$,[mmHg*s/ml],6.641659810367581,12.601408981782088,11.081894721403405,10.992152806886086,11.02120246679389,2.2159120014280695,5.348701461590114,12.029880185284483,10.21531650239523,10.99269322820124,13.669685860727776,10.51181684741375,7.9436058259991915,1.3537894585799821,0.32716358179089544,0.5509978598642041,6280.052468823302,2.197050252708055,0.28426225331734195,0.7421239475549953,0.5159044599327476
199.95796504472338,153.38645666781176,178.58560266940188,210.9712529771898,89.61143238614748,168.3002917360699,31.34410899189114,14.70675332122183,22.494813261408588,33.022037861695125,89.61029084422499,192.57402147046312,143.14462780449702,72.46226730355284,120.9731230469883,36.372920134450005,9.82549638096757,8.633722294680974,1.1917740862865958,2.344526999555059,0.8805633641363941,0.32453678702999395,0.07862341064748403,23.908956759996553,9.406501539311568,7.841130278626292,6.661324942058691,2.9604876350351383,197.74692237633985,0.27142142499821337,53.244965568257584,46.53290727377231,1.7488294314381272,$R_{a}^{syst}$,[mmHg*s/ml],6.656241240899386,12.610250067078237,11.067287062462594,10.977614017032082,11.006607313797574,2.2152302946890225,5.3442604373024025,12.038368333288927,10.221714914816328,10.999109216639457,13.680017991929414,10.499293942968526,7.9492293059639385,1.3515132324501684,0.32716358179089544,0.5509978598642041,6272.800267030324,2.2067153387775598,0.28447284085142144,0.7453891422016927,0.5162866529491259
200.59715927681475,154.0530480734186,179.23253632122814,211.555057087976,89.50865225588372,168.41113276541375,31.32813696138168,14.709391996226008,22.488033824577943,33.00136152902025,89.50736419039009,192.45318485728708,143.21143600429195,72.51348082585203,120.96802503808581,36.3349173805074,9.848862812471,8.658553938945891,1.1903088735251084,2.3489404834923793,0.8862440445344058,0.3240055594064337,0.07855902332735022,23.99728789624396,9.441335805369546,7.870150034150021,6.685802056724393,2.9604856381045774,198.38368140133855,0.27142142499821337,53.14889270447679,46.508642741747266,1.7585284280936455,$R_{a}^{syst}$,[mmHg*s/ml],6.670808052200646,12.619095711217495,11.052731587238075,10.963130577151198,10.992066627942618,2.2145564801444335,5.339847122005996,12.046860697965572,10.228119697979436,11.00553429424643,13.690353536183201,10.486835505583334,7.954857959681021,1.3492489259818627,0.32716358179089544,0.5509978598642041,6265.60565791186,2.216363182792735,0.2846833230035605,0.7486485170763201,0.5166686547089709
201.23425298966356,154.71723060698872,179.87734034747317,212.1370095793854,89.40600116294027,168.5216036616563,31.312187320233235,14.712026435946873,22.4812507358998,32.9807278473238,89.40462634319884,192.33256005924133,143.27780917173845,72.56445090672558,120.96282392237735,36.29698269529454,9.872158594227475,8.683311599286451,1.1888469949410234,2.353324929105006,0.8919236884911123,0.32347561999415375,0.07849470315260373,24.085343576570722,9.476062522472095,7.899081015986697,6.71020003811193,2.9604836834639494,199.01828806138303,0.2709926391767312,53.053139312893215,46.48439469409697,1.7682274247491638,$R_{a}^{syst}$,[mmHg*s/ml],6.68530081064508,12.627898015930674,11.03821374818885,10.948685412688684,10.977564424291657,2.2138818075178874,5.335437070982252,12.055315170507747,10.23449753525904,11.011928479729475,13.700644832158007,10.474388501277568,7.960460941468845,1.3469867478824658,0.32716358179089544,0.5509978598642041,6258.420081405819,2.2260059221156423,0.2848937621307884,0.7519061613307314,0.5170505783833746
201.86944104993105,155.37930735859933,180.520174605234,212.71747454647476,89.30362969345049,168.63167784754336,31.296286733333744,14.714668714678792,22.474489353086057,32.96016373763951,89.30224159721969,192.21229298923856,143.3443074669929,72.61532409259685,120.95774934126516,36.25922654074265,9.895389074564875,8.707998410946976,1.1873906636178997,2.357680577447577,0.8976033294414376,0.32294770025097536,0.07843061829288632,24.173134100045374,9.51068495929883,7.927925441439055,6.734523699307487,2.9604817575388034,199.65087738222047,0.270563853355249,52.95780178039157,46.46021344858494,1.7779264214046824,$R_{a}^{syst}$,[mmHg*s/ml],6.699720387311935,12.636678882974113,11.0237473530617,10.934292154337433,10.963114443595902,2.213209633373426,5.331044477924395,12.063745808670078,10.240858984041992,11.01830568568914,13.710903940474852,10.46196437095353,7.966050442680235,1.3447324185503275,0.32716358179089544,0.5509978598642041,6251.254078541534,2.2356412395280594,0.2851039379758345,0.755161295567874,0.5174320242298212
202.50267990706558,156.03990081839024,181.161035624872,213.29647207063095,89.20162968468435,168.74147249949456,31.280459988455636,14.717315527883027,22.46776249008619,32.93970471659718,89.20031086131482,192.09261406505078,143.41049771044956,72.66597657939027,120.95280170447042,36.22160727722899,9.918564275417552,8.732622265174856,1.1859420102426967,2.3620107731188447,0.9032828306107715,0.32242256182552065,0.07836687323248617,24.260657264884987,9.545202295231684,7.95668192079942,6.758773048853887,2.9604798573213005,200.28145323248344,0.270563853355249,52.86289633685135,46.43609609639014,1.7876254180602007,$R_{a}^{syst}$,[mmHg*s/ml],6.714112923663535,12.645429011692485,11.009323084956936,10.919942544409382,10.948707930177108,2.2125404711925385,5.32666472333115,12.072152552601452,10.247198659410023,11.024662535320457,13.721136106122804,10.449573282547263,7.971620054349741,1.342486502743951,0.32673479596941324,0.5509978598642041,6244.114077927905,2.245266750623853,0.2853137150381042,0.7584131150466309,0.5178127463297608
203.13400737774455,156.69796645097557,181.79995422820585,213.87376729019596,89.0999579940893,168.85093693000826,31.26469031031401,14.71997798303564,22.461063877689124,32.91931130214514,89.09864315571433,191.97331814545572,143.4764720653289,72.7165506278195,120.94809396273422,36.18415312227374,9.941678214014914,8.757179161059724,1.1844990529551886,2.366313957181513,0.9089621245500825,0.32189946672939057,0.07830340032556417,24.34790792170122,9.579611354774675,7.985348170754825,6.782948396171713,2.9604779558620953,200.9100262183244,0.27013506753376687,52.76841195795249,46.41199309177196,1.797324414715719,$R_{a}^{syst}$,[mmHg*s/ml],6.728482352787084,12.654162445316143,10.994952200717115,10.90564668360012,10.934355426333674,2.2118748662688477,5.322307187378432,12.080538321119988,10.253522385066683,11.031006129770319,13.73134278119137,10.437225075953377,7.977179078921564,1.3402497530166861,0.32673479596941324,0.5509978598642041,6236.9970595862505,2.2548835121970803,0.285523578117226,0.7616619835767212,0.518193624540746
203.76323439640737,157.3540393661133,182.43672158306816,214.44947416606627,88.99862514252092,168.95997587118765,31.248955265427927,14.72263471825507,22.454376256738847,32.89897061334156,88.99730057174543,191.85435226183085,143.54202272345697,72.76691272461618,120.94344275907424,36.14683006159788,9.964718662525817,8.781657660829739,1.1830610016960788,2.370587596799545,0.9146390945946579,0.3213782256588521,0.07824006771353761,24.43486074088549,9.613902577652562,8.013915691991587,6.807042471241345,2.960476076862688,201.53638268758814,0.2697062817122847,52.674383198522726,46.38794977675954,1.8070234113712376,$R_{a}^{syst}$,[mmHg*s/ml],6.742815346716392,12.662855743333456,10.980613228077619,10.891384214871294,10.920036125900973,2.211209426159781,5.317960349310894,12.08888772830294,10.25981738748698,11.037320098606317,13.741504286029155,10.424900472306062,7.982713377962934,1.3380206574495301,0.32673479596941324,0.5509978598642041,6229.903759976464,2.2644887195150614,0.2857330860702976,0.7649069476402637,0.5185738582373401
204.39056358029114,158.00867746956536,183.0715850694261,215.02361911073234,88.89768155761753,169.06868877731713,31.2332951377918,14.725297545517165,22.447726166058587,32.87871715083601,88.89636079100327,191.7359204569165,143.607503660204,72.81713328902568,120.93903069185296,36.10968672785984,9.987703201918901,8.806072719790123,1.1816304821287782,2.3748353084506215,0.9203162036591853,0.32085967112033115,0.07817711023283068,24.521548001331574,9.648088725344873,8.042395117118788,6.83106415886791,2.9604742506762913,202.16081480135574,0.2697062817122847,52.58080736327587,46.36395756160802,1.8167224080267559,$R_{a}^{syst}$,[mmHg*s/ml],6.757089023103643,12.671524235583748,10.966321196739917,10.877169915822597,10.90576492547935,2.2105483559104075,5.313632876632106,12.097216064341804,10.266092761995443,11.043617165876643,13.751640462799452,10.412623072723678,7.988232040383579,1.335801524850515,0.32673479596941324,0.5509978598642041,6222.837709033227,2.274084219736694,0.2859424152413033,0.7681486232204863,0.5189537674643149
205.01594603553414,158.6604558915562,183.70446224021424,215.59605643458488,88.79697096138261,169.17706858930822,31.21767342995211,14.727887413846213,22.441088037546997,32.858539422823576,88.79568697029404,191.6177809452137,143.6728954833398,72.86716039770769,120.93458853368823,36.07264944392705,10.010622387204396,8.830417937841647,1.1802044493627504,2.379055962452595,0.9259919797594566,0.3203428012908716,0.07811429194601884,24.607977282400427,9.68217412662672,8.070791426856784,6.855011728916918,2.9604723990073034,202.78317651340504,0.2692774958908025,52.48759285275526,46.34000379937706,1.8264214046822742,$R_{a}^{syst}$,[mmHg*s/ml],6.771282812664509,12.680167711891714,10.95207465034996,10.863001111099964,10.891539758968468,2.209888010730182,5.309314392034453,12.105517551632358,10.272354538094508,11.049895175449292,13.761743877345927,10.400354207037006,7.993733886467839,1.3335888451413591,0.32673479596941324,0.5509978598642041,6215.787967296783,2.2836722279816786,0.2861515717860164,0.7713877787705208,0.5193333633937158
205.63937678259376,159.31081184047173,184.33534828287569,216.16716448936418,88.69660196761488,169.28503531242072,31.202083713566047,14.73043762973862,22.43446054009207,32.83840058148422,88.69532203140868,191.49992640184263,143.7379342066378,72.91706706119042,120.93030687614045,36.03574894589443,10.033473755113409,8.854690844210255,1.1787829109031538,2.3832480459815177,0.931666931339725,0.31982757934710826,0.07805165272734448,24.694138672361348,9.716154087702327,8.099100174150179,6.878884410508842,2.9604706101767904,203.4035453491296,0.2692774958908025,52.39482734189858,46.31611285598659,1.8361204013377928,$R_{a}^{syst}$,[mmHg*s/ml],6.785447450630403,12.688777119537459,10.93787214902382,10.848876863573595,10.877359319120199,2.2092291140290334,5.305007415058027,12.113788995105375,10.278590820490315,11.056148900654767,13.771813119921871,10.388119068129772,7.999217235045323,1.3313837741497536,0.32673479596941324,0.5509978598642041,6208.7621377330415,2.2932507090113416,0.28636048805674574,0.7746237037882283,0.519712523252487
206.26087873656184,159.95920364297103,184.9643109291767,216.73658399749257,88.59657498539943,169.3927020780424,31.18655984769272,14.732996382223558,22.42786387106612,32.818348188096564,88.59530138816275,191.38254330614106,143.80270006102833,72.96677616657465,120.9262152157142,35.998941052557434,10.05626738433905,8.878899378148251,1.1773680061907992,2.3874150267730965,0.9373408180026158,0.3193147676546719,0.07798929990256347,24.78002966718165,9.750026702942739,8.127318990695725,6.902683973543187,2.9604688135349257,204.02191093030257,0.2688487100693203,52.302474604001134,46.29225835213358,1.845819397993311,$R_{a}^{syst}$,[mmHg*s/ml],6.799584131755184,12.697361577364653,10.92371466483326,10.83479858234503,10.863224831504569,2.2085735320970716,5.3007204260990015,12.122038249552912,10.284808492982076,11.062384688981192,13.781850454075926,10.375923394510027,8.004683342270452,1.3291871180389192,0.32673479596941324,0.5509978598642041,6201.76024897796,2.3028193918774518,0.28656924402550693,0.7778563251027081,0.5200913921809663
206.88037933134535,160.605238016925,185.59122575471386,217.30424132373057,88.49670829571934,169.49984227699468,31.171056360486837,14.735543455093998,22.42126899975878,32.79832623941351,88.49549475485438,191.26543503219943,143.86702795722286,73.01629994545776,120.92224656527412,35.96227429335994,10.078981005521502,8.90302403959683,1.175956965924672,2.391549926473518,0.9430126912487706,0.3188034317127415,0.07792704224037722,24.865638458238802,9.783787913294725,8.155445026072837,6.926405518871235,2.9604670471806305,204.63818981464317,0.26841992424783817,52.21049595497502,46.26841997873594,1.8555183946488294,$R_{a}^{syst}$,[mmHg*s/ml],6.813682665617579,12.705908154793894,10.909594618479066,10.820758721788836,10.849128760094342,2.207918192251857,5.296445120630586,12.13024899960632,10.29099223717785,11.068589581104254,13.791845487998286,10.363781985259427,8.010124753758596,1.3269986276020465,0.32673479596941324,0.5509978598642041,6194.769580700354,2.3123819377645902,0.2867779076183187,0.7810868693731156,0.5204700934573436
207.49808670543342,161.2499360429118,186.21632614647515,217.87071747734285,88.39738420165715,169.60687052045168,31.15564140691791,14.73811777151916,22.414721657541172,32.778426387684334,88.39619977296795,191.14884446598188,143.9315636763688,73.06572014036752,120.9184175851364,35.92574475087743,10.102342694622726,8.927101701293964,1.1752409933287613,2.395665724833682,0.9486845602451648,0.31829492769308504,0.07814450048933827,24.951006342696427,9.817454657713501,8.183492238382405,6.950059446600521,2.9604652938734883,205.25261756665085,0.26841992424783817,52.11898782779436,46.24469481880625,1.865217391304348,$R_{a}^{syst}$,[mmHg*s/ml],6.827759241818364,12.714439952944579,10.895522895114286,10.806767936741515,10.835081827021156,2.207266936405418,5.292184432713945,12.138447927279008,10.29717076009087,11.074788212910182,13.801825377748546,10.351667281467176,8.015558635234305,1.3248185064211833,0.32630601014793104,0.552974323322378,6187.816894116,2.3219308967154153,0.2880155254074243,0.7843128245821753,0.5208479187188487
208.11379986414843,161.89204685955096,186.8394184944613,218.4353702559564,88.29837379831442,169.71348005641505,31.140267506689835,14.740692237680475,22.40818771635308,32.75857581059767,88.29710271675745,191.03259005195795,143.99580171811508,73.11497234033456,120.91471534316506,35.8893564633065,10.12494639525335,8.951104434323385,1.1738419609299648,2.399753148589922,0.9543543450374706,0.3177881337236212,0.07808258210156777,25.036098748702415,9.851012713020486,8.211448643618098,6.97363739206383,2.960463555600917,205.86498650357936,0.267991138426356,52.027908312859324,46.22096297429773,1.8749163879598663,$R_{a}^{syst}$,[mmHg*s/ml],6.841723222020023,12.722939792035106,10.881488565948125,10.792815583720767,10.821073251403167,2.206617291646541,5.287936510295123,12.146616144696464,10.303325170795402,11.080962626118334,13.811765878392935,10.339580549257605,8.02097231073789,1.3226462027253854,0.3258772243264489,0.5529741509855173,6180.886165882009,2.331469738885602,0.2882244679477854,0.7875353623167161,0.5212259333173318
208.72761244664807,162.53245167373203,187.46057203815135,218.9985624320169,88.19955157171431,169.81970708699788,31.124927656630568,14.743263639174643,22.4016654298606,32.73877634306696,88.19831269916106,190.91664477948953,144.0597121904341,73.16404688807434,120.91118264867806,35.8530998845248,10.14748228792564,8.975034729527268,1.172447558398373,2.403812607100312,0.9600226488050821,0.3172830643001491,0.07802082122764474,25.120918060289128,9.884462094830424,8.239314436472943,6.997141528985761,2.9604618410310573,206.4753801195703,0.2675623526048738,51.937170947144594,46.197288246412946,1.8846153846153846,$R_{a}^{syst}$,[mmHg*s/ml],6.855659558068106,12.731412005914615,10.867496145020214,10.778905888821809,10.807107404531228,2.2059691836716673,5.283703654825475,12.154755673655982,10.30945808663028,11.087114695759526,13.821674917572745,10.327534817514866,8.02636743237327,1.3204816108194555,0.3258772243264489,0.5529739785017135,6173.9686100200015,2.341002606477958,0.2884331216989118,0.790755879380848,0.5216034260426199
209.3395627515773,163.17129641640418,188.07986573555803,219.56028850497634,88.1011007902794,169.92564425978645,31.109651145087224,14.745845053599247,22.39517308752431,32.71906182602954,88.09993740180002,190.80113285390368,144.12336485842948,73.21298556029764,120.90778462023273,35.816996435413685,10.169963615512945,8.99890399621538,1.1710596192975635,2.4078481987785714,0.9656900110650796,0.3167803319331215,0.07795935070816451,25.205490837157807,9.917814930127108,8.267099875388475,7.020576031642225,2.9604601426066752,207.08387347975716,0.2675623526048738,51.84685406023137,46.173697233369204,1.8943143812709031,$R_{a}^{syst}$,[mmHg*s/ml],6.869569840521664,12.739858850663895,10.85354978416164,10.765042768789742,10.79318827249487,2.205323791178399,5.279485542266228,12.162874324164736,10.315573835466193,11.093249692149115,13.831554677444181,10.315511380762814,8.0317474765324,1.318325439560415,0.3258772243264489,0.5529738066895661,6167.077055319558,2.350525380752174,0.28864137713529214,0.793972986470456,0.5219801980554434
209.94962268504887,163.80749960023996,188.69722258494568,220.12027403433174,88.00297020830881,170.0312340056855,31.094418836361402,14.748431402046414,22.388699199301143,32.69940734952334,88.00180506282229,190.68596076326773,144.18679571836904,73.2617803338513,120.90452851458755,35.78102473596429,10.192381065505462,9.022704462146097,1.1696766033593657,2.4118577021020737,0.9713554938922744,0.3162793953288768,0.07789808571151578,25.289796869209734,9.95106232792752,8.294797379217318,7.0439371620648945,2.9604586366550434,207.69038921026979,0.2671335667833917,51.75694378914299,46.15012280430782,1.9040133779264214,$R_{a}^{syst}$,[mmHg*s/ml],6.883452344067681,12.74827827080265,10.839644554776099,10.751221480476103,10.779311017550066,2.204680370036296,5.275280759302962,12.170967171513082,10.321671863812304,11.099365900697713,13.84140703585374,10.303521073717185,8.037111825119744,1.3161769863240098,0.3258772243264489,0.5529736352485161,6160.207914581617,2.360038402324978,0.28884963697690685,0.7971867511013541,0.5223569779182922
210.5578986912747,164.4424970404412,189.3128009969808,220.67914697910558,87.90527681747216,170.13660108270395,31.079272148942046,14.75101333033883,22.38227226261879,32.67986299585208,87.9040666011158,190.57135329341605,144.25036250410227,73.31043328904086,120.90157910426628,35.74523184590933,10.214750345733133,9.046448801342281,1.1683015443908524,2.4158452392969787,0.9770201271023229,0.31578127825882696,0.07783723572119434,25.373849436310454,9.984209039511825,8.322410178628235,7.067230218170396,2.9604586366550434,208.29510068764918,0.2671335667833917,51.66746970261921,46.126589900305206,1.9137123745819398,$R_{a}^{syst}$,[mmHg*s/ml],6.897310086415044,12.756680797336585,10.825788320660358,10.737450156581636,10.76548364204706,2.2040419315998827,5.271098293026114,12.179044706072174,10.327753210117091,11.105470900559732,13.851234841987708,10.291575502166104,8.042463999441816,1.3140388732179389,0.3258772243264489,0.5529734644616738,6153.369377223051,2.3695403533073023,0.28905779268194715,0.8003963723622882,0.5227335690752327
211.16420601105952,165.07511949931245,189.9263697362869,221.23619902668597,87.8077164030376,170.24151497662317,31.064153184112993,14.753492990806032,22.375846005462094,32.66038226666178,87.80661578346053,190.45701411969083,144.31353767353343,73.35893884868536,120.8985963289907,35.70956772326866,10.237044573591579,9.070114219708081,1.166930353883497,2.4198040178617846,0.9826814373041023,0.31528465057151434,0.07777646889332179,25.45763573660435,10.017251339086398,8.34993627683117,7.090448120686791,2.9604586366550434,208.89770847172755,0.2667047809619095,51.57832178308269,46.10311475757954,1.9234113712374583,$R_{a}^{syst}$,[mmHg*s/ml],6.911078529745416,12.765046467130473,10.811966278597431,10.723713683906656,10.751691235546577,2.203404043277646,5.266922637276732,12.187087676307115,10.33380971625244,11.111548312346226,13.86102234189879,10.279652007769023,8.047794281819366,1.3119077318732375,0.3258772243264489,0.5529732912089483,6146.540148212633,2.379035886924637,0.28926557401191594,0.8036038259303825,0.5231094857755311
211.76863193309535,165.70591064773387,190.53808806421588,221.79172508287544,87.71054994862928,170.346108150884,31.049045440021676,14.755973271161084,22.369424245348767,32.640912979484774,87.70936308129295,190.3428323991516,144.37639923186435,73.40722225314798,120.89567211342948,35.673963976978136,10.259278804338837,9.093716690755402,1.165562113583435,2.423738017556952,0.9883419380346755,0.31478913587169155,0.07771578834921698,25.541182153949798,10.05019982532985,8.377385369425872,7.1135969591940755,2.9604586366550434,209.49849711286717,0.2662759951404273,51.4896118853151,46.07967737779859,1.9331103678929766,$R_{a}^{syst}$,[mmHg*s/ml],6.924793004764916,12.77338557566566,10.79818949739566,10.710022146325988,10.737944191735297,2.202764969258691,5.26275411144055,12.195102011122883,10.33984541996272,11.11760455309722,13.87078112559124,10.26774054409711,8.053107126741178,1.3097807735044995,0.3258772243264489,0.5529731235401408,6139.738496404049,2.388521075692345,0.2894732812020591,0.8068077851582761,0.523485263350319
212.3710040800515,166.33507463892485,191.14770852964472,222.34562241933315,87.61357125132922,170.45017314610217,31.03396273033944,14.758443212044691,22.363002060886906,32.62148894988326,87.612335925922,190.22893082385045,144.43883353645748,73.45532078529972,120.89274563538152,35.63849334437769,10.281429385112945,9.117231741221582,1.1641976438913633,2.427640868229535,0.9939980509662305,0.31429507021726305,0.07765519152719358,25.624440273470828,10.083034505876597,8.404739375433616,7.136666392160611,2.9604586366550434,210.0971040494137,0.2662759951404273,51.40128028865705,46.05626260237455,1.942809364548495,$R_{a}^{syst}$,[mmHg*s/ml],6.938473920544814,12.781683609795227,10.784441693570493,10.6963604154936,10.724226952567191,2.202126499181818,5.258594714799571,12.203079631598873,10.345852060692698,11.123629950202513,13.880492298746638,10.255848163048572,8.058395319779475,1.3076607106885911,0.3258772243264489,0.5529729537318547,6132.949987593045,2.397997262852429,0.2896808152315915,0.8100087037736399,0.5238607300350213
212.97189199793252,166.96187829817998,191.7558343572672,222.89829230306705,87.51708129829224,170.5542541635434,31.019021216044976,14.760951776050387,22.356663874636336,32.602236397266246,87.51595888201427,190.1158408124272,144.50142547601496,73.50340005266129,120.89034412495865,35.603274357973035,10.30356095625288,9.140716185121093,1.1628447711317875,2.4315294689339253,0.9996559721722102,0.313805054040952,0.0775952594272543,25.70746946228149,10.115776979787983,8.432014843322223,7.159677639171289,2.9604586366550434,210.69420084088193,0.2658472093189452,51.31333822630578,46.03296522164063,1.9525083612040135,$R_{a}^{syst}$,[mmHg*s/ml],6.952140848876351,12.789980396468208,10.77075326300086,10.682759760604617,10.710570382741146,2.2014970443777897,5.254468427082151,12.21105882567813,10.351859979654789,11.129660026167798,13.890202755683712,10.244035300032344,8.063682526931217,1.3055553578020092,0.3258772243264489,0.5529727833059326,6126.195690880457,2.4074637512505035,0.2898878534011837,0.8132063462878317,0.5242353008191419
213.5707572394483,167.58738511793928,192.3619193062833,223.44934336185528,87.42064268812075,170.6576850029037,31.004030024089094,14.763431016621878,22.35028049901662,32.58293583317942,87.41953852076091,190.0026382810449,144.5636682305505,73.55119971431388,120.88770021772827,35.56806765898197,10.32559770200301,9.16410716840485,1.16149053359816,2.435383947173644,1.005310023722637,0.31331472569342883,0.07753508471232723,25.790239075813236,10.14841854054988,8.459207756508127,7.182612778755234,2.9604586366550434,211.28920361665232,0.2658472093189452,51.22572867822115,46.009644556331445,1.9622073578595318,$R_{a}^{syst}$,[mmHg*s/ml],6.965771175367764,12.798231025649558,10.75708884227751,10.669183592751912,10.696938422924811,2.200863057548781,5.25034023789328,12.218988744367495,10.357829404523327,11.135647993044259,13.899855947872338,10.23220935006323,8.068938255809226,1.3034507120285508,0.3258772243264489,0.5529726141658136,6119.444988168452,2.416925763980497,0.2900949950440671,0.8164024769862442,0.524610057736204
214.1678025580353,168.2105983997261,192.96618575168824,223.99892925542744,87.32468674108698,170.76096206778595,30.98911810926965,14.765932529384017,22.343940944945032,32.56373594172586,87.32350783557588,189.88992862113633,144.62577307416404,73.5989084605615,120.88520551468373,35.53302656827357,10.347589090565286,9.187445538117904,1.1601435524473818,2.439218194715019,1.0109629183410402,0.3128269558200117,0.07747530127241992,25.87276777940502,10.180965798786042,8.486322054914536,7.205479925704445,2.9604586366550434,211.8824142907704,0.26541842349746303,51.13855396669774,45.986381936980756,1.9719063545150501,$R_{a}^{syst}$,[mmHg*s/ml],6.979361987329959,12.806460079248087,10.743473080941145,10.655655980505905,10.68335537837592,2.200232858131858,5.2462242445305325,12.226904101683822,10.36378970111415,11.141627998982694,13.909491031743107,10.220412874605001,8.07418548709984,1.301355600153861,0.32544843850496674,0.5529724473178299,6112.7280718760885,2.4263747423336364,0.2903019886364349,0.8195942048611574,0.5249845449706089
214.7630895089755,168.83206080313667,193.5686585870627,224.54693416859584,87.22903135344636,170.86392052404307,30.974297724601712,14.768444184153182,22.337649865041037,32.544642663268306,87.22792740021978,189.7778423332514,144.6876864928159,73.64653050768568,120.88310061908136,35.49819288061791,10.36952631699997,9.210721288746578,1.158805028253391,2.4430290700918724,1.0166137302116152,0.31234219525621015,0.0774159463102089,25.955022518889724,10.2134024952137,8.513342614779814,7.228277408896206,2.9604586366550434,212.47375112506327,0.2649896376759808,51.05175573983857,45.96317795996797,1.9816053511705687,$R_{a}^{syst}$,[mmHg*s/ml],6.992858934388814,12.814676816191797,10.729903571563852,10.642175700919395,10.669819464007153,2.1996088618691396,5.242138736531481,12.234804500527087,10.369731853046336,11.147595434175651,13.919103983862067,10.208688965250222,8.079420252543963,1.2992718710277147,0.32544843850496674,0.5529722784969281,6106.032194741245,2.435814634512373,0.2905086986572707,0.8227828635581094,0.5253585214921123
215.3567093153726,169.4521234584373,194.16945286765264,225.09388338548953,87.13378745631103,170.96675582093533,30.95952794517399,14.770976763610928,22.331384667371598,32.52563569027379,87.13266829769799,189.666057394857,144.7494429222385,73.69405703680208,120.88091873941462,35.46347026015225,10.39142259304359,9.233951068850061,1.1574715241935285,2.446821635234293,1.0222641651112605,0.31185925959571636,0.07735680714962043,26.03707753021547,10.245763129024464,8.540300936017884,7.251013465173121,2.9604586366550434,213.06340748320656,0.2649896376759808,50.96533945322794,45.94004298634231,1.991304347826087,$R_{a}^{syst}$,[mmHg*s/ml],7.006337968456695,12.822875441927765,10.716377623512932,10.62873937778083,10.656327706215412,2.198985294189402,5.238054146980036,12.242688763734469,10.375668387499013,11.153553687021198,13.92870034287997,10.196969770834231,8.084646527537465,1.2971949763076545,0.32544843850496674,0.5529721114455535,6099.365121941772,2.4452444189923086,0.29071515332652004,0.8259681080209708,0.5257320347793785
215.94807096770367,170.06942534776886,194.76802147198444,225.63867465602627,87.03854426755198,171.06879720864958,30.94471187435872,14.773467299426418,22.325072608118745,32.506577450915614,87.0374296744189,189.55421900584648,144.81071353671422,73.74127242888416,120.87863449672679,35.42881148481719,10.413206980763219,9.257069813515544,1.156137167247674,2.4505755491507277,1.0279081148799818,0.3113762176357655,0.07729742758686618,26.11882201011268,10.278000228761604,8.56715686365812,7.273664917692958,2.9604586366550434,213.65076248927087,0.2645608518544986,50.87926359907272,45.91690447772855,2.0010033444816053,$R_{a}^{syst}$,[mmHg*s/ml],7.019776753950152,12.831013837649014,10.702877575581084,10.61532862508661,10.642861918399602,2.1983585126789693,5.2339760843165575,12.250515699307531,10.381556568255926,11.159462130865043,13.938227062857774,10.185261326243372,8.089835216359232,1.295121252347536,0.32544843850496674,0.5529719442424371,6092.698098728639,2.454668380396155,0.2909214965308905,0.8291513855331654,0.5261053468624858
216.53811659013544,170.685894160256,195.36521327202394,226.1825778507755,86.9438196504624,171.17095836048824,30.930040774058998,14.775940930042736,22.318850404170707,32.48769220848433,86.94282462056805,189.44319315544294,144.87227049434193,73.78849202863003,120.8768513311415,35.39437716019446,10.434983956108374,9.280169494313798,1.1548144617945753,2.454319465547036,1.033554312629305,0.31089720172947755,0.07723875834961813,26.2003580616707,10.310153561486395,8.593941367972691,7.296263132211606,2.9604586366550434,214.236740179972,0.2645608518544986,50.793557787622824,45.893876244595,2.0107023411371236,$R_{a}^{syst}$,[mmHg*s/ml],7.033196480763528,12.839157713136391,10.689433844585016,10.60197613068721,10.629453820619789,2.197740872578376,5.229928763597414,12.258350476961564,10.387453536809268,11.165382144724834,13.947763973364644,10.17362584216077,8.095028260034539,1.2930607852423301,0.32544843850496674,0.5529717772488821,6086.067375532368,2.464082450498051,0.2911274660939738,0.8323313219069878,0.5264779832749815
217.1260295986637,171.29967247344814,195.96031547791276,226.72472892512752,86.84937407797935,171.27259417392858,30.915373378883807,14.77834845360957,22.3126151596349,32.46882853120552,86.84836564970031,189.33233267918993,144.9333325090818,73.83541252249142,120.87486352963332,35.360015015272545,10.456676123314942,9.303182036251718,1.1534940870632246,2.4580331245465703,1.0391953454744538,0.31041915681648674,0.07718006556693789,26.28163088860149,10.34220514735598,8.620641967364236,7.318783773881275,2.9604586366550434,214.82058563848966,0.2641320660330165,50.70827267892209,45.87085809419496,2.020401337792642,$R_{a}^{syst}$,[mmHg*s/ml],7.046583016817078,12.847261500366136,10.676019463147064,10.58865252954236,10.616075123402029,2.19712137611826,5.225882378382295,12.26614386502475,10.393316516437926,11.171266111244483,13.95725151537557,10.1619828587711,8.100191248166743,1.2910046027442879,0.32544843850496674,0.5529716106327542,6079.4561854585545,2.473484557823168,0.2913333080071013,0.8355072174282778,0.5268503887093489
217.7122902894811,171.91203346489448,196.55370709300755,227.2653328058127,86.75515787017471,171.3739793612155,30.900764829207684,14.780768031774203,22.306409729353877,32.45003242430365,86.75415578070462,189.2218757673697,144.99421370514753,73.88226438794256,120.87308297520431,35.325807851783296,10.478316627270946,9.326137278869316,1.1521793484016287,2.461725056724729,1.0448348127343434,0.30994311078791065,0.07712166498510913,26.362652356447303,10.374155850427499,8.647257898719493,7.341238607300311,2.9604586366550434,215.40268722032056,0.26370328021153433,50.623296601706095,45.84784683529964,2.0301003344481603,$R_{a}^{syst}$,[mmHg*s/ml],7.059897852689832,12.855345240349434,10.662649424711956,10.575374105532775,10.602741482242578,2.1965056466149693,5.221855979319861,12.273919441039626,10.399167351922662,11.177138384794036,13.966717639186838,10.150397158346804,8.10534436297706,1.2889555453985753,0.32544843850496674,0.5529714441755591,6072.86105091223,2.4828804708379555,0.29153927126081663,0.8386810206013576,0.5272230136503356
218.29665803483192,172.52261142357077,197.1452591700077,227.80468432970906,86.66126513757179,171.4749452578141,30.886179793213604,14.783186220889636,22.300209972714022,32.431282025438136,86.66024150862356,189.11165149143,145.05477326330964,73.9289765033743,120.87132352675886,35.29172051178191,10.499889970861569,9.349021703789075,1.1508682670724932,2.4653911330111895,1.0504713482038823,0.30946845635514125,0.07706335952798604,26.443434808290007,10.406013375712847,8.673796736791383,7.363624695785778,2.9604586366550434,215.9829185756224,0.26370328021153433,50.53873322850507,45.82490863211078,2.039799331103679,$R_{a}^{syst}$,[mmHg*s/ml],7.073153741987127,12.863397922334137,10.649316817352098,10.562133263245086,10.589445670883652,2.195889842197809,5.217835791423322,12.281666483382336,10.404995253470252,11.182987943857647,13.976149218395639,10.138822673421258,8.110479584554438,1.2869106321824222,0.32544843850496674,0.5529712785563575,6066.288559630025,2.4922659302602717,0.2917448256631714,0.8418512927024806,0.527594898644338
218.87932069624375,173.13109756556625,197.73504442269535,228.34242111266244,86.56778620273192,171.5756094037631,30.871625419814183,14.785605312698431,22.294025270749604,32.41258030488918,86.56669900439151,189.00177369760732,145.11523721527288,73.97551309503352,120.86957909155412,35.257749771529625,10.521405061742664,9.371843295030692,1.149561766711972,2.469033975125461,1.0561055757000237,0.308995504932226,0.07700521324337238,26.523982321545187,10.437778738560617,8.70025922706624,7.385944355918319,2.9604586366550434,216.56135869593874,0.2632744943900521,50.454599289235134,45.80205640974226,2.0494983277591974,$R_{a}^{syst}$,[mmHg*s/ml],7.086386642532508,12.871424544517764,10.636026169079278,10.548934467721287,10.576192131436413,2.195274820251142,5.213825853351594,12.289387074706603,10.410801300072093,11.18881743412204,13.985551601758461,10.127272677516897,8.115597145528183,1.284872647121686,0.32544843850496674,0.5529711144326815,6059.7450341912345,2.5016390991999797,0.2919498326305594,0.845017413256794,0.5279657924448443
219.46000021612065,173.73826499936933,198.3228845988865,228.87855637695677,86.47437345759467,171.67585975828965,30.857103243041728,14.788020082495434,22.287842162006832,32.39391683754672,86.47325178343586,188.89216190573381,145.1754805481043,74.02185362201791,120.86789744374846,35.223923220286565,10.542847482494292,9.394588768916412,1.1482587135778792,2.4726501446456535,1.0617355337756522,0.3085238408830542,0.07694718089657152,26.604256418557267,10.469435566897982,8.72663069498842,7.408190156670857,2.9604586366550434,217.1378213266398,0.2632744943900521,50.37072397909987,45.77916357725321,2.0591973244147157,$R_{a}^{syst}$,[mmHg*s/ml],7.099583765611991,12.8794124687937,10.622763416319307,10.535764656335235,10.562967386132062,2.1946617777283053,5.209826817890381,12.297074983426977,10.416581774467113,11.19462001088585,13.994914671120497,10.11575876232867,8.120692936091956,1.2828423493231387,0.32501965268348454,0.5529709486551849,6053.206142031627,2.5110077430410054,0.2921551354476597,0.8481820052983876,0.5283372230642054
220.0391849545923,174.34307845915603,198.90922359492438,229.41356875795685,86.38119607066362,171.7758057407943,30.842615743978943,14.79043365432396,22.281675564919105,32.375289259938974,86.38003741009081,188.78284120417993,145.23548658490319,74.0681037359818,120.86635181342467,35.190165811166516,10.564239171611872,9.417279321409762,1.1469598502021099,2.4762439755302093,1.0673655047176618,0.3080537053285693,0.07688932320887377,26.68431851853299,10.501008089104364,8.752932167530776,7.430378261897857,2.9604586366550434,217.71275890973868,0.26284570856857,50.28717268892387,45.756296948971986,2.068896321070234,$R_{a}^{syst}$,[mmHg*s/ml],7.112756143178073,12.887386631009223,10.609541283433122,10.522636869757708,10.549784282770368,2.1940503022581006,5.205845699757051,12.304743932083191,10.422344844653862,11.200407413237881,14.004250771130025,10.10426833293012,8.125776218524262,1.2808164595579354,0.32501965268348454,0.5529707842618695,6046.683724946453,2.5203721274204174,0.29236038524008573,0.8513451585556115,0.5287085566922701
220.6168821563628,174.94687812228005,199.493998440133,229.94725851504666,86.28864440569075,171.87581981151587,30.828272817774607,14.79289489300268,22.275594748281705,32.356870679723386,86.28755231649883,188.6743261610472,145.29556018227544,74.11429294930856,120.86502121770117,35.15666514452742,10.585614349488294,9.439941645568931,1.1456727039193635,2.479826858154586,1.0729949489872557,0.30758766885915884,0.07683212948204587,26.76417564073578,10.532501000334184,8.779166615142525,7.452508025259071,2.9604586366550434,218.28612861468739,0.26284570856857,50.20406273571084,45.733595064145696,2.0785953177257523,$R_{a}^{syst}$,[mmHg*s/ml],7.125918036074559,12.89535905251187,10.596380442321742,10.509569878170186,10.536662504356046,2.193446141691729,5.20188339315181,12.312415584757039,10.428117478307351,11.206201975214032,14.013591104282131,10.092827536001673,8.130859288845736,1.2788054069323447,0.32501965268348454,0.552970620087171,6040.205108398352,2.5297202212194145,0.29256482859076083,0.8545028090909892,0.5290784319511234
221.1923191857756,175.54809360293382,200.07660026279714,230.4792381289866,86.19601416754048,171.97513225113218,30.81388676357932,14.795322558658567,22.269472092565376,32.3384007719607,86.19493808506337,188.56573846828405,145.3550550647877,74.1602431236993,120.863588704203,35.123222781855354,10.60688324866363,9.4624988732973,1.1443843753663303,2.4833741473660247,1.0786172645434469,0.30712136584065997,0.07677472170662875,26.84373456626006,10.563875757284926,8.805303154107259,7.4745556548678795,2.9604586366550434,218.85727297031414,0.26241692274708783,50.12120824635855,45.71081617754277,2.0882943143812707,$R_{a}^{syst}$,[mmHg*s/ml],7.138962222630601,12.903279032018048,10.583238657546579,10.496522004227199,10.523560027432115,2.192838650186753,5.197924053385911,12.32003645964247,10.43384800081457,11.211953678423715,14.022869203826643,10.081400027127033,8.135911009959319,1.2767970130347448,0.32501965268348454,0.5529704564708582,6033.720991727834,2.539064886978625,0.2927697007809359,0.8576593016842343,0.529449082414704
221.76637103561387,176.14800643987934,200.6577535707596,231.00997842966353,86.10392289582795,172.07438689433522,30.79961794774719,14.797780650530017,22.263418550669392,32.32007412279838,86.10293109517913,188.45783312359234,145.41471595497018,74.20614269902667,120.86247439137296,35.08997709928094,10.630854634873375,9.487748770557161,1.143105864316213,2.4869075799437295,1.0853480178437345,0.30665851204385375,0.07671785556436295,26.923076574143302,10.595163439813268,8.831365723686647,7.4965474106433865,2.963484827728079,219.65124224996316,0.2615593511041234,50.03877941968279,45.68816783471773,2.0979933110367894,$R_{a}^{syst}$,[mmHg*s/ml],7.151990673780251,12.911194064878474,10.570149065624351,10.483527374716447,10.510510530647492,2.192238219118718,5.193992076404792,12.327654962120155,10.439575659843209,11.217705430140334,14.032145197366662,10.070032580291665,8.140959111413212,1.2748003023076095,0.32501965268348454,0.5529702926098543,6027.274602707957,2.5510015672074107,0.2929739407060541,0.8608114147704633,0.5298185899341984
222.3384064338424,176.7460060737355,201.23691475394838,231.53903672355875,86.01198368979858,172.17314142941015,30.785300033936057,14.800129387400865,22.25732217039579,32.30171706582811,86.0108559787129,188.34981008233794,145.474015447295,74.25178989529937,120.86109905264549,35.056766591986026,10.652026376559169,9.510200450938562,1.1418259256206071,2.4904122180918664,1.0909700790376309,0.3061953148345727,0.07666075249087737,27.00217336291942,10.626356427172015,8.857351263232898,7.518465672514513,2.963483440965435,220.21934842984575,0.2615593511041234,49.95667905906389,45.665485906841575,2.1076923076923078,$R_{a}^{syst}$,[mmHg*s/ml],7.164976075667927,12.919063000680875,10.5570839445544,10.470556833250503,10.49748555410434,2.191633172430655,5.190053062779315,12.335227125370617,10.445268831348692,11.223420145698503,14.041365923354663,10.058651507411565,8.145979322821482,1.2728055094462858,0.32501965268348454,0.5529701287894702,6020.838858285901,2.560333327784472,0.29317835650783036,0.8639607336393195,0.5301884156918915
222.90892171150887,177.3421607273747,201.8145686205207,232.06696713111938,85.92035799037168,172.27174658057803,30.771111187833533,14.802482997295543,22.25130033091894,32.283505359139205,85.9193817332651,188.24253724292166,145.5332836299112,74.29739560959483,120.86002677880468,35.02376789352342,10.673164627228461,9.53260814217007,1.140556485058392,2.493899028856663,1.0965920858466178,0.30573577661971624,0.07660425795686594,27.081049886245616,10.657461684690226,8.88326238686536,7.540325814690032,2.963482095577382,220.7859883527511,0.2611305652826413,49.87489805833221,45.64291524735909,2.117391304347826,$R_{a}^{syst}$,[mmHg*s/ml],7.1779491698958955,12.926926118131922,10.544072696867063,10.457640662362357,10.484514952960707,2.191035591689274,5.18613986074245,12.342797400860944,10.450957407734567,11.22913444807084,14.05058415515638,10.047334730608712,8.150995071645857,1.2708226092596366,0.32501965268348454,0.5529699672003119,6014.425059326018,2.56965861778058,0.2933822839021929,0.86710785991097,0.530557356283901
223.4778123148591,177.93715783421288,202.3905309782679,232.5933473738203,85.82904498544137,172.3700687098677,30.756972233270176,14.80484253767363,22.245300876198467,32.265345326553046,85.82813715990349,188.135624220931,145.5923227649838,74.34287965836882,120.85920358981004,34.99091842634974,10.694248758315762,9.554956727343335,1.1392920309724266,2.497364639487103,1.1022112659370176,0.30527803879969345,0.07654799005088647,27.15968285007598,10.688469787325513,8.909091858464654,7.562121204285813,2.963480753315275,221.35089349843332,0.2611305652826413,49.793473790341366,45.620353675874796,2.1270903010033444,$R_{a}^{syst}$,[mmHg*s/ml],7.190894759969342,12.934769302234862,10.531098751978742,10.444762789516403,10.471582419351787,2.190441399324864,5.182246047969608,12.350345936441837,10.456628142088743,11.234833019957579,14.059771209176382,10.036057962766469,8.155997301850437,1.26884825138654,0.32501965268348454,0.5529698048388957,6008.033148980896,2.5789742101403976,0.2935862548474504,0.8702517157417924,0.5309263765911864
224.04478558683635,178.52949892057518,202.9646194501275,233.11839387286525,85.73795149198341,172.4679618856635,30.74280252238519,14.807186531662662,22.239271810167175,32.24719073187418,85.73704760677836,188.02866182315742,145.65092891151474,74.38816584278479,120.85800253698925,34.958117963264904,10.715256987758547,9.577229436607558,1.138027551150988,2.5008041517353328,1.1078257005441625,0.3048204546633557,0.07649155799964753,27.23808948230539,10.719390858824193,8.934850856353252,7.583847767127946,2.963479418347277,221.91388509488468,0.2607017794611591,49.71239327848196,45.59786086624113,2.1367892976588627,$R_{a}^{syst}$,[mmHg*s/ml],7.203797067928103,12.942571655637593,10.51815637971719,10.431915664357167,10.458681289562643,2.189842776630046,5.178345175483479,12.357856623406748,10.462274603407739,11.240500186781555,14.068917073336245,10.024792431918383,8.16097602057787,1.2668767368044545,0.32501965268348454,0.5529696432847204,6001.656604438838,2.5882806998909214,0.29378977406142937,0.8733925006755733,0.5312945794208073
224.61019945782667,179.1210338531094,203.53715896173742,233.6420489404425,85.64721210517207,172.56564575824103,30.72871140367985,14.80954678878615,22.233286452181343,32.22911331349563,85.64622357875233,187.92220724866834,145.70954989635462,74.43335474724869,120.85716774165122,34.92547710655357,10.736222467470121,9.599452549936027,1.1367699175340933,2.5042247867890155,1.1134388513963618,0.304365271520237,0.07643550796516677,27.316264965793124,10.750219080730721,8.96053148394534,7.605514401117064,2.9634780959005087,222.47532371313164,0.2607017794611591,49.631670155924944,45.575360588129335,2.1464882943143815,$R_{a}^{syst}$,[mmHg*s/ml],7.216617169358561,12.95036144039918,10.505259911019271,10.4191152533484,10.445826669771424,2.18924944289887,5.174468391056202,12.365353373210791,10.467908755217298,11.246158801759426,14.07804677535623,10.013589435353607,8.165945408232377,1.2649143076617186,0.32501965268348454,0.5529694819760029,5995.304847362045,2.597578114275792,0.29399350948334013,0.8765302223320361,0.531663173223904
225.17385915056283,179.71001503695692,204.10788803522772,234.1642343698683,85.55662869486545,172.6629691810848,30.71465219550131,14.811908628533278,22.22731170729996,32.211081709513174,85.55567188913645,187.81602097206786,145.76806099590058,74.47838655856748,120.8562759236941,34.89295670737885,10.757121989404942,9.62160572938856,1.1355162600163802,2.5076212852006026,1.1190477104858052,0.30391156047293955,0.07637960213534505,27.3941923895311,10.780949387344819,8.986130311963988,7.627112690222295,2.963476777702793,223.03492101743254,0.26027299363967693,49.55123214934159,45.55291473343499,2.1561872909699,$R_{a}^{syst}$,[mmHg*s/ml],7.229405831218134,12.958120252993865,10.492394194858367,10.406346156253141,10.433003350802279,2.188657349303901,5.170601628093558,12.37282444200323,10.473523072084559,11.251797039495093,14.08714428859537,10.002408633655902,8.170897709175449,1.262958573205455,0.3245908668620024,0.5529693208886659,5988.964008640582,2.6068689757853636,0.2941969792354968,0.8796657343156703,0.5320312865869281
225.73569131723573,180.29768422778756,204.6768465259755,234.68494501999126,85.46642227629647,172.75997456975455,30.70064119660795,14.814270919048978,22.221355227573397,32.19313378459252,85.46550247417557,187.71021115238085,145.82627520352068,74.52326151116563,120.85542881040612,34.86058360690626,10.777964973564758,9.64369706814191,1.1342679054228493,2.5109968527094604,1.1246523619823727,0.30345981091648283,0.0763238904749193,27.471885812729667,10.811588344244043,9.011652919669134,7.648644548816492,2.9634754871459505,223.59270008519658,0.25984420781819473,49.4711940593555,45.53055582298382,2.165886287625418,$R_{a}^{syst}$,[mmHg*s/ml],7.242164448509114,12.965854057254129,10.479563514989954,10.393612286805636,10.420215449102896,2.1880666224124687,5.166743740980681,12.380268612344482,10.479118521622445,11.257413896408377,14.09620766969156,9.991247039441632,8.175831341446742,1.261011181152543,0.3245908668620024,0.5529691601030193,5982.649559340753,2.6161467173899533,0.29439989848076104,0.8827968136525736,0.5323984043267688
226.29591500801496,180.8834672968356,205.244202867419,235.2042431952006,85.37643450548168,172.85670504195676,30.686697877559354,14.816642998954489,22.215434225854715,32.17526579761065,85.37567913044013,187.60485992972028,145.8843173954,74.56802462853102,120.85470716862459,34.82836552516601,10.798755047900555,9.66572913943078,1.1330259084697745,2.514350738365571,1.1302546028664542,0.30301033447681286,0.0762684901043963,27.54935073355045,10.842136478264052,9.03709928296505,7.670114972321345,2.9634741851830566,224.1488512155728,0.25984420781819473,49.39145084638668,45.508244915629156,2.1755852842809364,$R_{a}^{syst}$,[mmHg*s/ml],7.254900684549011,12.973569786421558,10.46677471729543,10.380920879824496,10.407469971842366,2.187479835251868,5.162903015806145,12.387698142657884,10.48469764110254,11.263019465405264,14.105252591679891,9.980131458093991,8.180753722445798,1.2590725974921886,0.3245908668620024,0.5529689987872551,5976.3504153837175,2.6254182727808932,0.29460261402127685,0.8859258116394622,0.5327651544071821
226.85471884497827,181.46797578701677,205.81009265731126,235.7225379630345,85.28662067419347,172.9530199369811,30.672700671354907,14.818993647380745,22.20947176325174,32.15732605324849,85.28569171785183,187.49931156338792,145.94194466674404,74.61259802688862,120.8539123410084,34.7961256095605,10.819481567083713,9.687699979854166,1.1317815872295476,2.517680897427046,1.1358556797494446,0.30256015433061756,0.07621284860822292,27.626619592922555,10.872606906531272,9.062482528334185,7.691530158057095,2.9634729051160438,224.70351105973737,0.2594154219967126,49.31201589036686,45.48586925825553,2.1852842809364548,$R_{a}^{syst}$,[mmHg*s/ml],7.2676114190022885,12.98124436328906,10.454013161685767,10.3682581743038,10.394752713771574,2.1868895490618994,5.159064986172349,12.395089979720039,10.490248136158625,11.26859540065243,14.11425653172009,9.969020275292529,8.185655592332333,1.2571330829167549,0.3245908668620024,0.5529688380367984,5970.063447193543,2.6346865344581474,0.2948058186179773,0.8890536943697747,0.5331327885756174
227.4118315810661,182.0507068238744,206.37428207149418,236.23931668888483,85.197266472484,173.0493453288842,30.658859446029215,14.82138838657786,22.203602110096043,32.139588834967725,85.19647352388752,187.3946437542309,145.99970696492204,74.6571523584101,120.85337828170732,34.76416067536908,10.840180900040755,9.709631170526924,1.1305497295138314,2.520997655507191,1.1414540398289577,0.30211430177508947,0.07615794599476064,27.70365502200511,10.902985894171994,9.08778799345561,7.7128811343775014,2.963471659903592,225.25653792245967,0.2594154219967126,49.23293197704081,45.46366524521542,2.194983277591973,$R_{a}^{syst}$,[mmHg*s/ml],7.280289822177134,12.988925612251151,10.441305479300263,10.355648558073439,10.38208912348652,2.1863074129087567,5.155249933263744,12.402485487883261,10.495802047165903,11.274176146157574,14.123258789665485,9.95796242589329,8.190555482053583,1.2552089530687565,0.3245908668620024,0.5529686805498141,5963.80865307388,2.643940906193397,0.29500818157328684,0.8921768822582261,0.5334988977675221
227.96708022397917,182.6313868219576,206.9366734925013,236.75466399685357,85.10808141809972,173.14517182924666,30.64502114407536,14.823674487573637,22.19772127294087,32.12187792880464,85.1074241999134,187.2901365419556,146.0573189697336,74.70151199075363,120.85272995115366,34.73228182524158,10.860803707848358,9.731483718677257,1.1293199891711008,2.5242878510338476,1.147046993956908,0.3016693325265557,0.07610302079503001,27.780452464342666,10.93327161511736,9.113016440656667,7.734164408568637,2.9634704084638233,225.8076775636795,0.25898663617523043,49.15417537719857,45.44148761451095,2.204682274247492,$R_{a}^{syst}$,[mmHg*s/ml],7.292879817147434,12.996569294708147,10.428628946764507,10.343069959711466,10.369456847933717,2.1857243650555813,5.1514401865910715,12.409846232951036,10.501331926132638,11.27972911306227,14.132221521449376,9.946918804880486,8.195433449415017,1.2532898496456604,0.3245908668620024,0.5529685213012409,5957.56569926698,2.6531872626100297,0.29521030043067753,0.8952973699458551,0.5338645674368427
228.5207174575949,183.2108213323063,207.4973902933998,237.2685632473071,85.01920282675154,173.24071693510558,30.631212116857085,14.825952279074391,22.191852136385037,32.10419374286035,85.01848175121508,187.18585573133365,146.114687128122,74.7457692023773,120.85216942050147,34.70052520272893,10.88137087733063,9.753277361794082,1.1280935155365488,2.52755771947496,1.1526363300348295,0.30122554902364623,0.07604823777982891,27.85701657269803,10.963464627099892,9.138167564736529,7.755384380861615,2.963469169603297,226.3571200399969,0.25898663617523043,49.075762517537356,45.41928738100886,2.21438127090301,$R_{a}^{syst}$,[mmHg*s/ml],7.3054380056640795,13.004189445971672,10.415989512761131,10.330528615622423,10.3568619016778,2.1851415228053392,5.147643007875093,12.417182501813993,10.506843684876424,11.285264931619631,14.141155635041557,9.93591078818846,8.20029803929355,1.2513772418784688,0.3245908668620024,0.5529683622474618,5951.344197872608,2.6624234586303714,0.29541270909456974,0.8984144279074026,0.5342307612209611
229.07251845546978,183.7878334801558,208.0563092922199,237.78090845163803,84.93063749544494,173.3358270259588,30.617405368227477,14.828215980018847,22.185975378596755,32.08652755751741,84.92978268503921,187.0817207040299,146.1716518967156,74.78976846638952,120.85149655023825,34.66884532894573,10.901865537393784,9.774996146868158,1.126869390525626,2.530802258789142,1.158220565141004,0.30078272447944104,0.07599345053097598,27.933338975181005,10.993562533591495,9.16323982849433,7.776536613095189,2.9634679375436623,226.90473220838956,0.25855785035374823,48.99773979370446,45.397157116916425,2.2240802675585285,$R_{a}^{syst}$,[mmHg*s/ml],7.317970816779214,13.011772334622151,10.403380048147557,10.318005267884365,10.344297119272024,2.18455678025854,5.143851335281017,12.424485174083037,10.51232706559615,11.290771395608871,14.150050956747842,9.924917166195806,8.205138029014055,1.2494694024456265,0.3245908668620024,0.552968204930101,5945.144624681146,2.6716475808928086,0.29561464845576085,0.9015274122072211,0.5345961048395695
229.6227166949672,184.36401749060238,208.61364862598026,238.2920604802919,84.84224459727963,173.43072059573947,30.60367807796128,14.830494420226879,22.18013581685336,32.06895698457194,84.84141427477013,186.9780967338232,146.2284578660311,74.83367316741052,120.85102367990754,34.63730799437889,10.922314537901507,9.796662492485144,1.1256520454163632,2.534028374720919,1.1638019067771073,0.30034230221828023,0.07593901705666418,28.009435233455964,11.023570478238717,9.188236369845919,7.797628385371332,2.963466703381535,227.4507426661691,0.25855785035374823,48.91996314484775,45.37505502344908,2.233779264214047,$R_{a}^{syst}$,[mmHg*s/ml],7.330472859159728,13.019334256822361,10.390808812660561,10.305467928975704,10.331771131739334,2.18397754718375,5.14007724853443,12.43177192885322,10.517798734793512,11.296267049189948,14.158923397029483,9.913963950473144,8.209966919648249,1.2475696723952348,0.3245908668620024,0.552968044302955,5938.957121809574,2.680866633665914,0.2958165069100852,0.9046386890754826,0.5349613055542428
230.1717289561193,184.93789999321788,209.16973078204308,238.80208384599794,84.7541253656755,173.52564273261262,30.59006191389821,14.832806923187661,22.174368315351508,32.05151701422726,84.75355263403684,186.87510069427475,146.28533278720008,74.87759230449672,120.85084120547788,34.605973839614784,10.942746761593947,9.818302941621951,1.1244438199719957,2.5372429932697838,1.16938421877166,0.29990503970102306,0.07588513101930038,28.085350960933894,11.053506703802126,9.213172268848181,7.8186719882835805,2.9634655126903264,227.99554133991467,0.2581290645322661,48.84242123008527,45.35304720594776,2.243478260869565,$R_{a}^{syst}$,[mmHg*s/ml],7.342967856635476,13.02690670950138,10.378289864437031,10.292983315356064,10.319298138554917,2.1834036433202635,5.136327502796316,12.439064886997798,10.523272298079487,11.301769695539754,14.167801544344302,9.903071678113797,8.214798007684935,1.2456816544337128,0.3245908668620024,0.5529678895642757,5932.788775597285,2.6900819323686913,0.2960180476200284,0.9077486884355712,0.5353259261641449
230.71895692105977,185.51085967949015,209.72403481858834,239.31082184167647,84.66633686267119,173.62012033199545,30.57643521396858,14.83510990893539,22.16858058583762,32.034073116190235,84.66573408735239,186.77214523976593,146.34214804054207,74.92136163552189,120.85059281127397,34.57471989038125,10.963105626060699,9.839869428992062,1.123236197068638,2.540432815924592,1.1749612609014493,0.29946808287311216,0.07583118422796015,28.161030697569117,11.083350058812345,9.238031671948297,7.83964896680848,2.9634643159520278,228.538528126441,0.2581290645322661,48.76527945077603,45.331028338655116,2.2531772575250835,$R_{a}^{syst}$,[mmHg*s/ml],7.3554175587550255,13.034438806910757,10.365804305058187,10.280532087266998,10.30685834022004,2.182829993772917,5.13258171270697,12.446322749194461,10.528720599294083,11.307245344485967,14.176638522983932,9.892192813212251,8.219609650665603,1.2437978078160215,0.3241620810405202,0.5529677307584231,5926.643580386983,2.699284468833588,0.2962196987771225,0.9108543856268535,0.5356907506534645
231.26447070631122,186.08142234970015,210.27666870868472,239.81800246908392,84.57872322784198,173.71425299031588,30.562842048252115,14.837408329229152,22.162804008310232,32.016699865785746,84.57823657427144,186.6694908369708,146.3986555091402,74.96492805113127,120.85029056167585,34.54356831927887,10.983403870294538,9.861371022121954,1.1220328481725845,2.543600806463932,1.1805337553742608,0.2990327373355401,0.07577736354762435,28.236486081105312,11.11310538236495,9.262817751084631,7.860562947655736,2.9634631154739144,229.07978606772957,0.25770027871078394,48.68841892470218,45.30908409030723,2.2628762541806022,$R_{a}^{syst}$,[mmHg*s/ml],7.367783450234293,13.041947847584318,10.353349196898014,10.268111726264353,10.294449463529745,2.182256712737209,5.128845600518456,12.453553152252402,10.53414819272332,11.312698942169227,14.185444787792985,9.88133236041616,8.22440152680578,1.241920106930835,0.3241620810405202,0.5529675719611248,5920.5106259489385,2.7084800683337833,0.2964208527322112,0.9139577456494327,0.5360546761918444
231.8083635280975,186.65088914646466,210.82768873050986,240.32389938174526,84.49153131005315,173.80815325423288,30.549293411366122,14.839712439841605,22.157051311693824,31.999368515631737,84.49098080891902,186.56716784409738,146.45493234867536,75.00838718293048,120.85008494349688,34.51255161466269,11.003653595155447,9.882819376375487,1.1208342187799594,2.546750384765863,1.1861030202648233,0.29859908408954633,0.07572376907303881,28.311714554346867,11.142770580969541,9.287528344311669,7.881415629065652,2.963461954266553,229.6194566383269,0.25727149288930173,48.6119492832224,45.28716482394314,2.2725752508361206,$R_{a}^{syst}$,[mmHg*s/ml],7.380123852562574,13.049429921072708,10.340931645558893,10.255728992934053,10.28207841461982,2.181685266354634,5.125122332366061,12.460764864066636,10.539557094791792,11.318136293856286,14.194225181954264,9.870514031210085,8.229179576966963,1.240049832381838,0.3241620810405202,0.5529674172501453,5914.40719170372,2.717662386727341,0.2966219813559115,0.9170566144149987,0.5364185521653059
232.35059249971596,187.21822574244064,211.3770153968049,240.82837188501802,84.40431665135475,173.90165099174163,30.535784159125967,14.842014689971792,22.151306810402644,31.98211045598992,84.40398769731709,186.46513503066336,146.51094594148435,75.05168480737471,120.84987884110018,34.48164343923752,11.023835907111033,9.904196361370154,1.1196395457408799,2.549876173950196,1.1916670623791357,0.2981669155753833,0.07567029814042159,28.38671610665713,11.172346728432307,9.312164864487153,7.902204513737672,2.9634607740407803,230.15735628096087,0.25727149288930173,48.53566149027706,45.26529191821154,2.282274247491639,$R_{a}^{syst}$,[mmHg*s/ml],7.392437492780928,13.056887964836644,10.328545870051366,10.243378442176136,10.269739432416882,2.181115300251042,5.121407857991941,12.467948684110924,10.544951713897941,11.323554814631906,14.202973304828891,9.85970674064291,8.233941247385786,1.2381857735193722,0.3241620810405202,0.5529672594171805,5908.302165594832,2.726843429485507,0.296822806463135,0.9201550610596956,0.5367818824861023
232.8914205718257,187.78441971132906,211.92493011911512,241.33164363898516,84.31762349219866,173.99504680012478,30.52233808370338,14.844340187823445,22.145601129722856,31.964921515263722,84.31730778509386,186.36348067730586,146.56687651988818,75.09493027547697,120.84978473261219,34.45088560918275,11.043984746861106,9.925534184489612,1.1184505623714953,2.5529872208742117,1.197229927292298,0.2977367378517624,0.07561714929112193,28.461524150198734,11.201846688095479,9.336737743788513,7.922939718314743,2.9634596186228115,230.69388885006313,0.2568427070678196,48.45978379433856,45.24347124160656,2.291973244147157,$R_{a}^{syst}$,[mmHg*s/ml],7.4047306573094245,13.064336586484876,10.316204696522291,10.23107268176025,10.257445334837094,2.1805486895056077,5.117708185933583,12.47512658914508,10.550339461259895,11.32896873975226,14.211710643977751,9.848939048628422,8.23869762071029,1.2363302092576312,0.3241620810405202,0.5529671036602096,5902.233644453907,2.7360103296958753,0.2970235387305081,0.9232487301336547,0.5371450431037301
233.43062682337933,188.3489566287227,212.47128450597663,241.83372837703774,84.23094621731487,174.08791525846652,30.508848933744904,14.846549781058702,22.13985666033371,31.947678737516053,84.23059206944737,186.26180787374815,146.62251437756493,75.13791926961824,120.84956650365802,34.420152353313824,11.06405819556905,9.94679767911019,1.1172605164588605,2.5560716090775646,1.2027892360891799,0.29730635671900696,0.07556377192280626,28.536117471316636,11.231261709857632,9.361240400023185,7.943615361435815,2.9634584875011054,231.2288351897185,0.2568427070678196,48.38414320273642,45.221612004614755,2.3016722408026755,$R_{a}^{syst}$,[mmHg*s/ml],7.416994600240059,13.071740194579293,10.303876398119579,10.218780791948218,10.24516566750481,2.179978597197011,5.1140097815794805,12.482259882537948,10.555690496261345,11.334345505782126,14.220401538900923,9.83818271573549,8.24342568232032,1.2344759223422888,0.3241620810405202,0.5529670803247111,5896.16623521204,2.7451767500409026,0.29722435994160307,0.9263422320977859,0.5375082360546096
233.9684024695405,188.9119283225415,213.01615602849452,242.3344856238661,84.14479723840027,174.18081874057242,30.49546394408117,14.848774397803744,22.134173569294237,31.930575553130286,84.1443456295192,186.16070864067194,146.67827955720676,75.18089600721613,120.84952269495221,34.38956804246681,11.084109188655404,9.968030550171932,1.1160786384834724,2.5591462759278847,1.2083458176379414,0.2968788183497142,0.07551087209072177,28.610514356924952,11.260599546223473,9.385678892226066,7.9642359184754135,2.963457352220301,231.762284673592,0.2564139212463374,48.30887685958511,45.19984170877589,2.311371237458194,$R_{a}^{syst}$,[mmHg*s/ml],7.429235502882265,13.079142126114839,10.291608217839858,10.20654831836849,10.232945013986464,2.179414258267533,5.110329000208099,12.489394248351454,10.561043164995024,11.339726222858019,14.229086727369673,9.827467041635625,8.248154146118083,1.232628435074143,0.3241620810405202,0.5529670803247111,5890.135806688019,2.754326973026742,0.29742484595333024,0.9294302720311217,0.5378708001544642
234.50437711570927,189.47308152142304,213.55922108838405,242.8338255334905,84.05883160913419,174.2733150707861,30.482117910072198,14.850996187867775,22.12850514544272,31.913527483626545,84.05840163302479,186.05994188060205,146.73373486858137,75.22372264532629,120.849472298886,34.35915043861079,11.104090361431215,9.98918900564131,1.114901355789905,2.5621969774047693,1.2138961143193403,0.2964529810872382,0.07545813915256053,28.684658773485918,11.28983761380433,9.41003344328925,7.98478771639233,2.963456227244056,232.29390778214807,0.2564139212463374,48.23390865950491,45.17812957663211,2.3210702341137126,$R_{a}^{syst}$,[mmHg*s/ml],7.441384622562591,13.086513985512033,10.279366328825605,10.194342578945603,10.22075114992274,2.1788512504005504,5.106659208122212,12.496499058882106,10.566372870317485,11.345084163086332,14.23773883993985,9.816777727756964,8.25286319981317,1.2307884308123507,0.3241620810405202,0.5529670803247111,5884.118212639393,2.7634681964447627,0.2976249651186948,0.9325152742393373,0.5382327008398486
235.0387712103175,190.03259674623195,214.10073446417098,243.33181455381114,83.97319546018834,174.3654666842003,30.468810317583877,14.853218657912103,22.12285133406175,31.89654887614895,83.97277602523106,185.9594941981359,146.78897490723546,75.26642764452366,120.84938322205659,34.32883682241882,11.124014898234003,10.010286467378938,1.113728430855066,2.5652265987421776,1.219442696940318,0.29602873671907837,0.07540558476672078,28.758604219401363,11.318998543956653,9.434324381453093,8.005281293991613,2.963455111183498,232.82396239567416,0.25598513542485524,48.159304165586455,45.156487646583855,2.330769230769231,$R_{a}^{syst}$,[mmHg*s/ml],7.453507521603155,13.093868418938998,10.26716454672739,10.182177028903773,10.208597224504125,2.178290122166762,5.102997345232509,12.503583816998956,10.571689353736296,11.35042694688285,14.246368101212324,9.806113293352453,8.25755915884844,1.228954528640555,0.3241620810405202,0.5529670803247111,5878.123682213183,2.772598578865037,0.29782468092654846,0.9355966177458852,0.5385938720830561
235.57134969842545,190.5905223271031,214.6404880201953,243.82819363914317,83.88746075091565,174.45719723822387,30.455473661626318,14.855422584022381,22.1171686104708,31.879511067210213,83.88706822803168,185.85897183551768,146.84374795156901,75.30888977611531,120.84934087632594,34.298575157360254,11.143862859642248,10.031308043378774,1.1125548162634749,2.5682316077563083,1.2249830440236817,0.2956043784530243,0.07535286393050213,28.832291794324533,11.348055286527112,9.458528520804464,8.02570798699296,2.9634540063843264,233.3522191367686,0.25598513542485524,48.08483804561304,45.13479623801558,2.3404682274247492,$R_{a}^{syst}$,[mmHg*s/ml],7.465594124368223,13.101176729637903,10.254985715718595,10.170034476836955,10.196466572146848,2.177726513399573,5.099344829996748,12.510628596541972,10.57697042446667,11.355735098967237,14.254948070222097,9.795479903568403,8.262228623548483,1.2271233968863067,0.3241620810405202,0.5529670803247111,5872.122252564095,2.781729439035637,0.2980247310733638,0.938678121220309,0.5389556479535074
236.10246623067917,191.1466280892798,215.17872283780244,244.32347718623777,83.80231960272489,174.54869035633723,30.442199013572854,14.857637145924736,22.11151722054384,31.86258682949383,83.80176229263718,185.75889882913714,146.89845472675538,75.3512440175837,120.84913788760929,34.26844451225835,11.16366638448385,10.052279095061078,1.1113872894227723,2.571219572495445,1.2305198970415792,0.2951822006048009,0.0753004373719359,28.905794748885587,11.377042051147704,9.48267484377618,8.046077853961707,2.9634529065571646,233.87895047566622,0.25555634960337303,48.01085555648933,45.113188558314434,2.3501672240802676,$R_{a}^{syst}$,[mmHg*s/ml],7.477663977441143,13.108470228886238,10.242844657759804,10.15792986863848,10.18437365644325,2.1771653444952244,5.095697021187193,12.517658778352196,10.582243551808842,11.361032891794984,14.263511259508547,9.7848500423454,8.266887273567095,1.225299775357553,0.32373329521903804,0.5529670803247111,5866.162372190743,2.7908410123299436,0.29822430654654924,0.9417531171677179,0.5393165654118636
236.632113806625,191.70154694409592,215.71549200274404,244.81730791873625,83.71711320134123,174.6399928771535,30.429000802452393,14.859865815489995,22.10590676708934,31.84573480610819,83.71681538353451,185.65928116394747,146.95325326817644,75.39353842760262,120.84926097654406,34.23847165841796,11.183426717867345,10.073200553055159,1.1102261648121867,2.574190438236911,1.236053689021284,0.29476229158675415,0.07524834451576079,28.97907226654274,11.405937305104517,9.506743576444086,8.066391384994132,2.963451839113149,234.40420884216647,0.25555634960337303,47.936965538145735,45.091640374072064,2.359866220735786,$R_{a}^{syst}$,[mmHg*s/ml],7.489706720593101,13.115750605457944,10.2307421633091,10.145864056030296,10.172319870293176,2.1766086160285356,5.092073041277214,12.52467545325009,10.58750691776553,11.366322709805813,14.272057090240896,9.774278316538842,8.271537809788768,1.2234852151069282,0.32373329521903804,0.5529670803247111,5860.197924093886,2.799955706528245,0.29842363446322107,0.9448291582042946,0.5396770351826042
237.16012107052217,192.25442920983392,216.25064025646546,245.31001176095543,83.63229568790456,174.73094744768798,30.415822752766548,14.862094756203165,22.100299789806645,31.828906779190124,83.63191591117751,185.55988085344055,147.00777912646572,75.43567670563979,120.84939919116167,34.208607904129956,11.203123841055106,10.094056068537974,1.1090677725171318,2.577139785181784,1.2415821938986935,0.2943433841559803,0.07519636076968304,29.052127601762663,11.434745148060161,9.530739421719431,8.086643031983074,2.963451839113149,234.9278345570461,0.2551275637818909,47.86347061555475,45.070041825060194,2.369565217391304,$R_{a}^{syst}$,[mmHg*s/ml],7.501722707163888,13.123004662504126,10.218670392117348,10.133829193538519,10.1602970674487,2.176053816231321,5.088458953080246,12.531668126771395,10.592749534608823,11.371592656355435,14.28057452957992,9.763733621417273,8.276171989183682,1.221676609273273,0.32373329521903804,0.5529670803247111,5854.260698153319,2.809056389337198,0.29862337878298073,0.9479001319548505,0.5400382579874815
237.68655477600018,192.80621526286905,216.7842510491278,245.8012566791918,83.54774820213201,174.82163515640474,30.40266611513252,14.864318736704307,22.094698735615534,31.81212444427379,83.54734211413259,185.46068681838264,147.06203484612786,75.47766607162855,120.84941161468902,34.178815643842604,11.222769428615582,10.114856795935712,1.1079126326798707,2.5800710230763806,1.2471065362470795,0.2939257211453136,0.07514445474081265,29.12498328199827,11.463474801815096,9.554670927705352,8.106837552477822,2.963451839113149,235.4499028301753,0.2551275637818909,47.79027957688747,45.048545623013126,2.379264214046823,$R_{a}^{syst}$,[mmHg*s/ml],7.513661553384395,13.130230994676108,10.206634115624816,10.121829880657051,10.148309663185103,2.1754983449106224,5.084848559095231,12.538635771890206,10.597972433493545,11.376843210625644,14.28906126577822,9.753206586451332,8.280790039928574,1.2198724448305138,0.32373329521903804,0.5529670803247111,5848.342374149241,2.818147800471383,0.29882248302859077,0.9509679770313899,0.5403983232656769
238.21145139074181,193.3558681184949,217.31629190300646,246.29130785961442,83.46337585289857,174.91201583111575,30.389542077125597,14.866546517176063,22.089109027008988,31.795399039026503,83.46302482356484,185.36174498966227,147.11606128801475,75.51953548601912,120.84941091304682,34.14914558150579,11.242358868374922,10.135597688425404,1.1067611799495167,2.5829825403871136,1.252626276045978,0.2935094173653841,0.07509268830515115,29.197629618014616,11.492122571962003,9.578534229132089,8.126972816920533,2.963451839113149,235.9703825531142,0.25469877796040874,47.717348322990944,45.02710353110865,2.3889632107023413,$R_{a}^{syst}$,[mmHg*s/ml],7.525564844139412,13.13743460711096,10.194627999443487,10.109861057628619,10.13635281117975,2.1749440441791164,5.081245226034217,12.545581364682505,10.603180206264428,11.382077334895433,14.297522783649509,9.742698805224016,8.285394224006824,1.2180750632141077,0.32373329521903804,0.5529670803247111,5842.4363097029,2.827232665127327,0.29902131405235427,0.9540336130360103,0.5407578944424036
238.73481750649603,193.90455361272282,217.84679756319494,246.7799830765444,83.37926170350592,175.00209751276606,30.37646809581972,14.868722001852552,22.083544136787634,31.778728470436093,83.3790182418103,185.26316913061274,147.16988702126346,75.56127170994414,120.84955174835245,34.11960623241369,11.261894601919275,10.15627984840465,1.1056147535146257,2.5858744334119255,1.25814176512655,0.29309492491907146,0.07504115374541045,29.270058320607998,11.520683783673977,9.602325036475717,8.147049500458303,2.963451839113149,236.48931728074308,0.25469877796040874,47.64472134251052,45.00571734418896,2.3986622073578596,$R_{a}^{syst}$,[mmHg*s/ml],7.5374411077287045,13.144623093018494,10.182659573497165,10.09792993543894,10.124433710623565,2.174392397837702,5.077658605891681,12.552509342369362,10.608372040646486,11.387296965911275,14.30596004503316,9.732228300693041,8.289985414330038,1.2162850095692637,0.32373329521903804,0.5529670803247111,5836.548319245414,2.8363086029916142,0.2992198589113438,0.9570962367454624,0.5411169481113363
239.25667008441854,194.45108026040788,218.3757971647316,247.26741925325425,83.29571915062738,175.09192978695648,30.36341057498716,14.870855781495262,22.07798530408306,31.762084532896413,83.29512553014314,185.1647694325473,147.2237119747759,75.60293517701625,120.84963813951981,34.09019056455595,11.2813797316057,10.176908852754028,1.104470878851671,2.5887485969187956,1.2636533757454436,0.29268137630648816,0.07498971265760576,29.342289067342193,11.549167562979784,9.626051743353562,8.167069761008852,2.963451839113149,237.00675207116123,0.25426999213892654,47.57256331115754,44.984327086306926,2.408361204013378,$R_{a}^{syst}$,[mmHg*s/ml],7.549291726060021,13.151785011973567,10.170725542001016,10.086033401742062,10.112549139698967,2.1738412677225916,5.074078643672986,12.559416660515792,10.613548016887162,11.392500566233236,14.314371319980918,9.721779171317369,8.294563949454334,1.214501477442685,0.32373329521903804,0.5529670803247111,5830.700340543916,2.845365337954179,0.2994185462181377,0.9601523805447405,0.5414762593865703
239.77724508611902,194.99688384433884,218.90353214341894,247.75387778399534,83.21216790879883,175.1817551178771,30.35047068115095,14.873018754571632,22.072494835763422,31.745573271697715,83.21172574923474,185.06705540708637,147.27758855623574,75.64450731985536,120.85001563530642,34.060902068842935,11.300844692131585,10.197508360032915,1.1033363320986704,2.5916123588655045,1.2691633972454368,0.2922710841550765,0.07493880694194399,29.414323675134643,11.577571998349862,9.649710674398108,8.187041002386678,2.963451839113149,237.52291095147748,0.25426999213892654,47.5004762070152,44.963013847168234,2.4180602006688963,$R_{a}^{syst}$,[mmHg*s/ml],7.561127945246846,13.158946709686465,10.158832697488043,10.074178315067872,10.100706416606162,2.1732972391718834,5.070524025026712,12.566320573906316,10.618721551239371,11.397704563242064,14.32278151344798,9.711389618723693,8.299137655790531,1.2127261035611172,0.32373329521903804,0.5529670803247111,5824.851753615918,2.8544252231453027,0.2996168942679052,0.9632095873707622,0.5418349571406048
240.2961039061612,195.5405215998409,219.42958369065775,248.23876421301733,83.12859968154824,175.2707961684962,30.337403520854494,14.875122109221417,22.066906139258602,31.728942587605857,83.12806738462015,184.96879423905168,147.3307975842611,75.68581661687811,120.84994544238292,34.03160039820447,11.320202928986888,10.21800822588773,1.1021947030991575,2.594442042022397,1.2746669928913144,0.2918585468764034,0.07488726739154676,29.486156867700487,11.605899508034497,9.673307965080143,8.206949394585841,2.963451839113149,238.03735060471442,0.2538412063174444,47.42866552716104,44.94167122978936,2.4277591973244146,$R_{a}^{syst}$,[mmHg*s/ml],7.572930625128649,13.16604764852792,10.146938993226286,10.062323639392773,10.088864216304493,2.1727435975876803,5.066950091576427,12.573165800217803,10.623853141605677,11.402858663442464,14.331123794509962,9.70096090895075,8.303677885417056,1.2109492947768603,0.32373329521903804,0.5529670803247111,5819.001977708376,2.8634832237833394,0.2998152695434294,0.9662661582650433,0.5421937041304034
240.8139731684989,196.083509911589,219.95455213817266,248.7230587185965,83.0457063847252,175.36022867740755,30.324520980840198,14.877296625525107,22.061438104680942,31.71252918383386,83.04504089259683,184.87151265840896,147.38431392035076,75.72718020503739,120.85033766226621,34.00245263754666,11.339583399544852,10.238516865584655,1.1010665339601957,2.5972745850834813,1.280171295235485,0.2914505800185784,0.07483662890833043,29.557827826916913,11.634161689327932,9.696849662801952,8.226816474787029,2.963451839113149,238.55074670448934,0.2538412063174444,47.357206939719475,44.920409693429036,2.4374581939799334,$R_{a}^{syst}$,[mmHg*s/ml],7.584693017473014,13.173169225130648,10.135121499829987,10.050544090615098,10.077097012002172,2.1722019932604604,5.063411916339554,12.580037457317825,10.629004397307536,11.408038142999004,14.339489186637037,9.690613820792732,8.30823076181599,1.2091853035057003,0.32373329521903804,0.5529670803247111,5813.199446930764,2.8725235426303337,0.3000135323751061,0.9693167625393141,0.5425522477738337
241.32966168594064,196.62373533970612,220.47742528392257,249.2051896411819,82.96264535053028,175.44888723624976,30.311619581714957,14.87943343787407,22.055941759284778,31.69609943525952,82.9621564647808,184.77433354994776,147.4372463643893,75.768262546017,120.85060007064796,33.973410995459474,11.358850894784194,10.25891153343848,1.099939361345714,2.600072216765895,1.285664178940805,0.2910431503558905,0.07478585832122896,29.62920000824158,11.662304869692123,9.720291384628498,8.246603753920962,2.963451839113149,239.06197865774638,0.25341242049596224,47.28593418709882,44.89917775422779,2.4471571906354517,$R_{a}^{syst}$,[mmHg*s/ml],7.596382564784732,13.180240346073731,10.123315823649326,10.038776612902529,10.065341848626062,2.17165825658756,5.059879334992919,12.586856324243492,10.634110052567955,11.413172435979236,14.347797239797258,9.68029155390795,8.312748426245918,1.2074265908164195,0.3233045093975559,0.5529670803247111,5807.385174537119,2.8815616672741298,0.30021137843169204,0.9723666263921719,0.542910037710388
241.8440884679448,197.16338038883987,220.99902640046716,249.68652787110534,82.88003081960153,175.5374547577604,30.298746045112935,14.88158738590155,22.050459402412656,31.679714552667498,82.87948917240222,184.67729498450146,147.4901437359041,75.80930451387603,120.8508595470433,33.94445237337233,11.37808640344365,10.279271462468738,1.0988149409749113,2.6028575033076646,1.291155286313774,0.2906367183332446,0.07473520889232904,29.70041568473019,11.690387705613439,9.743684124349205,8.266343854767554,2.963451839113149,239.57195487853733,0.25341242049596224,47.215012279843634,44.87800689270311,2.45685618729097,$R_{a}^{syst}$,[mmHg*s/ml],7.608049769080675,13.187300719017543,10.111550968975633,10.027049996123091,10.053627393671174,2.1711146512873025,5.0563505510504445,12.593663075669328,10.639210141001252,11.418301309312868,14.356091291373207,9.669985193252963,8.317261982386206,1.2056726752440472,0.3233045093975559,0.5529670803247111,5801.602157372107,2.890587183781276,0.30040904204572544,0.9754122357008917,0.5432674977131016
242.35673243420433,197.70053684248091,221.5188928309329,250.16624429981695,82.79760958875399,175.62557252970652,30.285899923669078,14.883732535831014,22.04498050411324,31.663379286449917,82.79698242795305,184.58054351821954,147.5429324636375,75.85015852502885,120.85101116187035,33.9155925403894,11.397249518571522,10.299555499876208,1.097694018695314,2.605619197956357,1.2966391353266544,0.2902315867712572,0.07468468099106552,29.771396964602726,11.718378642903682,9.76699992695938,8.286018394739664,2.963451839113149,240.0801758551844,0.25298363467448004,47.14439269642752,44.85683098001082,2.4665551839464883,$R_{a}^{syst}$,[mmHg*s/ml],7.619688556255586,13.194324465121731,10.099808526962194,10.015346099510598,10.04193561326198,2.1705722406849017,5.052828178997059,12.600439996674442,10.64428669689667,11.423405134611516,14.3643468753955,9.659696581150898,8.321754329567424,1.2039243493122471,0.3233045093975559,0.5529670803247111,5795.832671212779,2.8996027427317586,0.30060672752089984,0.9784544848886433,0.5436249972500692
242.86843735344175,198.2372843033312,222.03772092186597,250.6452130724578,82.7154500212412,175.7137958662544,30.273179069154047,14.885913131684353,22.03958151046888,31.647177521229512,82.71503235368706,184.48450210121118,147.59582446073696,75.89102079742453,120.8515969813388,33.886932868812906,11.416408246930894,10.319825356875752,1.0965828900551418,2.608374718645147,1.3021233939059718,0.28982985407540635,0.0746347353779033,29.84220882983297,11.746300280660334,9.790256404261607,8.305652144911035,2.963451839113149,240.58736109597862,0.25298363467448004,47.073964576008905,44.835762035072335,2.4762541806020066,$R_{a}^{syst}$,[mmHg*s/ml],7.631316812401507,13.201362872126436,10.088119239046001,10.00369545640587,10.030297461227583,2.1700379462556243,5.049338495950749,12.607226745998739,10.64936835112305,11.428518385780608,14.372613643585396,9.649499596181906,8.32624981070382,1.2021876934609903,0.3233045093975559,0.5529670803247111,5790.081501486884,2.9086145458218042,0.30080392194646083,0.9814954666826118,0.5439816087601888
243.3784381384369,198.77167631801038,222.5548965656415,251.12273152052876,82.63354149844797,175.80153918679432,30.260399273841344,14.888072607405984,22.034134146423316,31.630932990455513,82.63300848338865,184.38821616323446,147.64827677304078,75.93169042524956,120.85179647402828,33.8582816285996,11.435490198842555,10.34002116450694,1.0954690343356144,2.6111063582769334,1.3076014321730423,0.2894272905533966,0.07458451202205639,29.91283087038755,11.774149958948835,9.813455417289699,8.325225494149015,2.963451839113149,241.09290593647873,0.2525548488529979,47.00387828268522,44.81469054954989,2.485953177257525,$R_{a}^{syst}$,[mmHg*s/ml],7.642912015603629,13.208355926818818,10.07645357394539,9.992068432578545,10.01868252593408,2.1694979928585214,5.045834960195977,12.613972419113349,10.654423138025672,11.433599217321419,14.380832191517978,9.639284239552174,8.330722452754069,1.2004512302548167,0.3233045093975559,0.5529670803247111,5784.347904891358,2.917615553739845,0.3010011821586259,0.98453280570707,0.5443383392405082
243.88688674313474,199.30520242589282,223.07051741666217,251.59889682945948,82.55195251112455,175.88901029138657,30.2476796153182,14.890218665984557,22.028719341592016,31.614749945333624,82.55135391427831,184.2924002778953,147.70050799724117,75.97223031667575,120.85222494963061,33.8297814881722,11.454517689774121,10.360156416435673,1.0943612733384485,2.6138189379861125,1.3130739142235108,0.28902691891293614,0.07453457431407544,29.983219880699608,11.801906198223826,9.836575059088489,8.344738623387297,2.963451839113149,241.59688176897126,0.2525548488529979,46.934116221567706,44.79368318487293,2.4956521739130437,$R_{a}^{syst}$,[mmHg*s/ml],7.65448563727202,13.215328569560782,10.06481751806907,9.98047122736952,10.007097693293353,2.1689620681073247,5.042351478197782,12.620699080365801,10.659458145465916,11.438663623335364,14.389027364296245,9.629109055495723,8.335179444269627,1.1987233152101306,0.3233045093975559,0.5529670803247111,5778.636675778719,2.9266040889391935,0.30119802993554734,0.9875659358834115,0.5446943238622434
244.39374844705233,199.83646722281657,223.58460124912298,252.0737979799881,82.47039791429137,175.97611501344872,30.234992499962143,14.892280140171057,22.023310539460482,31.598628506639347,82.46989220042359,184.1968166700567,147.75251927641366,76.01264032305967,120.8525302767489,33.80136681225252,11.473484670726183,10.380228005729677,1.0932566649965054,2.616511964932009,1.3185400699174539,0.28862772900728534,0.07448473643844862,30.053401661006212,11.829580770994227,9.859626922188813,8.364193967823176,2.963451839113149,242.09922768872966,0.2521260630315157,46.86454062699855,44.772702205895406,2.505351170568562,$R_{a}^{syst}$,[mmHg*s/ml],7.665970065904502,13.22227708330483,10.0532108167337,9.968903541350919,9.995542284307584,2.1684272650652088,5.0388750236794335,12.62740266434909,10.664480434706608,11.443711806524007,14.397193155899695,9.618954301347944,8.339623180507385,1.1970002206658705,0.3233045093975559,0.5529670803247111,5772.927854000396,2.9355894213137543,0.30139473085200796,0.9905979852847102,0.545050042897715
244.8992971115695,200.36703217902343,224.09737670368165,252.5475080968646,82.38912759548472,176.06311006113054,30.222343715700013,14.894353290274674,22.01792524187582,31.582535244738324,82.38854748778043,184.10150693300142,147.80452131102925,76.05296482796469,120.85296800712628,33.77309212475011,11.492418310862599,10.400262336268709,1.0921559745938898,2.619191658441866,1.324004413212081,0.2882299254134575,0.07443510490926195,30.123403685999392,11.85718451796893,9.882619629829358,8.383599538201107,2.963451839113149,242.6003673725403,0.2521260630315157,46.795224489036094,44.75169642025985,2.5150501672240804,$R_{a}^{syst}$,[mmHg*s/ml],7.677430153381105,13.229208127816298,10.041642072689974,9.95737391408338,9.984025063951478,2.167894025625299,5.035410938589229,12.634092627547506,10.669488988046375,11.448749027167462,14.405343546356647,9.60883497449455,8.344056625170142,1.195284876269739,0.3233045093975559,0.5529670803247111,5767.238931683931,2.9445677415552076,0.30159177671495346,0.9936276684814987,0.5454063857433501
245.40349821525476,200.89551010822845,224.60873738625537,253.02023030475792,82.308049627012,176.14985607730281,30.209753238629,14.89643535025954,22.01256512964373,31.56653443521505,82.30762114649967,184.00654822298378,147.85651273392313,76.0932106409322,120.8534352542566,33.74492180137282,11.511304387378157,10.42024402499292,1.0910603623852366,2.6218547654936155,1.3294639438531004,0.2878339591365583,0.0743857003696355,30.19321056935881,11.884711011159697,9.905547883920955,8.402951674278164,2.963451839113149,243.10003397358165,0.25169727721003354,46.726152072977776,44.73081090937982,2.5247491638795987,$R_{a}^{syst}$,[mmHg*s/ml],7.688874050683933,13.236125916358247,10.030107400286905,9.945878524035034,9.972542028056425,2.167363270297694,5.03195760300252,12.64076748088093,10.674487126617667,11.453776772868833,14.41347559425407,9.598744216941169,8.348481587147067,1.1935755759818825,0.3233045093975559,0.5529670803247111,5761.563473890839,2.953538992543454,0.30178810496293174,0.9966549661989239,0.5457614308354793
245.9062491048185,201.42310350203246,225.11864973408993,253.491583714906,82.22742796424983,176.2363729495273,30.197188740566514,14.898519349468646,22.007218234538712,31.550566692267,82.226898623034,183.91186572911923,147.9082689838523,76.13326973999523,120.85392983376407,33.716821481981846,11.530142779820535,10.440174409591686,1.089968370228849,2.624501623492234,1.3349188682117041,0.2874393127295362,0.07433644752609345,30.262820000578415,11.912159682037274,9.928411431878796,8.42224888666235,2.963451839113149,243.59825538606088,0.25169727721003354,46.65746723453002,44.7099475050428,2.534448160535117,$R_{a}^{syst}$,[mmHg*s/ml],7.700288671779462,13.243024085264329,10.018607385168385,9.934417635577079,9.961093435215913,2.166834299724693,5.028515360546869,12.647422761032924,10.679467142797197,11.458787642392384,14.421581914774945,9.588677996078081,8.35289051472032,1.1918708465531231,0.3233045093975559,0.5529670803247111,5755.919957497488,2.9624939198143294,0.3019843459321997,0.9996767555705895,0.5461163180905266
246.40770791574946,201.94882603331533,225.6272861565586,253.9619915807571,82.14693151335996,176.3227288612671,30.184710495721593,14.900612819664106,22.001916908111912,31.534704956848255,82.14665114347099,183.81774009840944,147.95991902545043,76.17328483483765,120.85465772226267,33.68893080120963,11.548945972526548,10.460062354463563,1.0888836180629844,2.6271339241795344,1.3403710979601253,0.28704723293743073,0.07428757115321331,30.332240348036425,11.939532686941702,9.951210486715611,8.441497174379107,2.963451839113149,244.09521452682807,0.25126849138855134,46.58896334232337,44.68918565721275,2.5441471571906353,$R_{a}^{syst}$,[mmHg*s/ml],7.711690175787807,13.249909507477302,10.007142334328934,9.922992195637395,9.949680627800085,2.166310332423161,5.025090759226652,12.654068468848696,10.684439120768822,11.46379146015639,14.42967853641163,9.578674110824744,8.357291293074518,1.190177629748563,0.3228757235760737,0.5529670803247111,5750.285205935197,2.9714465291637784,0.3021799576184052,1.0026977627728284,0.5464700673337739
246.9080063372569,202.47401560836343,226.13479859827999,254.43141341808314,82.06648403703112,176.4087756375443,30.172107790989855,14.902693891031744,21.996534468973497,31.51869901366583,82.06582414372161,183.72296987540088,148.01119715900842,76.21318061715684,120.8548636022977,33.66092189954624,11.5676938614786,10.479903129510053,1.087790731968548,2.629748104983748,1.3458222728658673,0.2866524052308611,0.07423813621976813,30.401547053732813,11.966864052017787,9.973978669136677,8.460704332578354,2.963451839113149,244.59106809645118,0.25126849138855134,46.52063580195569,44.66824382350114,2.553846153846154,$R_{a}^{syst}$,[mmHg*s/ml],7.72307051946122,13.25676189845474,9.995688434304604,9.911578582845802,9.93827989540531,2.165777260948254,5.021648095623994,12.660677898164115,10.689390699369623,11.468768844282263,14.437733120449984,9.568609857092504,8.361677915035648,1.1884775375176666,0.3228757235760737,0.5529670803247111,5744.653882592178,2.980401450927075,0.30237691687104634,1.005719550285993,0.5468262535510898
247.40623025600195,202.99660348578445,226.64027706183938,254.89899112971548,81.98635082639406,176.49437842718794,30.159631953459506,14.904773930236148,21.991216186986712,31.502853177981425,81.9857353234971,183.62907259719339,148.0622288864958,76.25285137893914,120.8553612809001,33.633136771621174,11.586367193583513,10.499658391227037,1.0867088023564768,2.632339574589337,1.3512613974541747,0.2862614857894863,0.07418924687574817,30.47054621680892,11.99407166521118,9.996640922860559,8.479833628737184,2.963451839113149,245.0848256560172,0.2508397055670692,46.45266980002833,44.64747012219577,2.5635451505016724,$R_{a}^{syst}$,[mmHg*s/ml],7.734384029670042,13.26358577206745,9.984274205686253,9.900203900811707,9.926917704940978,2.165251445296333,5.018231759984955,12.667265044023226,10.694318642125317,11.473726529952524,14.445760105576623,9.558624766634578,8.366042083977465,1.1867902294292025,0.3228757235760737,0.5529670803247111,5739.044557847584,2.9893369223736257,0.3025726191859696,1.0087347744001884,0.5471801666896593
247.90368540038614,203.51856507662978,227.14486065400348,255.36604167085898,81.90668690301875,176.58020117549555,30.14728595624846,14.906908133958495,21.985982618499936,31.48716087463402,81.90613662312221,183.5358355596228,148.11373294541488,76.29265448662865,120.85619635479358,33.60555613113786,11.605048685610893,10.519412473672638,1.0856362119382552,2.6349289100938806,1.3567021767649154,0.2858737351057095,0.07414098519439427,30.53941929528716,12.02122955933815,10.01926103178089,8.49892870416813,2.963451839113149,245.5777402314937,0.2508397055670692,46.38497768026393,44.626781670936666,2.5732441471571907,$R_{a}^{syst}$,[mmHg*s/ml],7.745666283840226,13.270431407594812,9.972913108050706,9.888882543866055,9.915609009082669,2.1647337534895565,5.014839003054359,12.673873058375573,10.69926666513511,11.478705130995044,14.453805645458301,9.548689255844081,8.370420185698675,1.1851145983506801,0.3228757235760737,0.5529670803247111,5733.468083211313,2.9982624071007646,0.3027681411887345,1.0117466285526115,0.547533753747048
248.39984193252303,204.0389582011515,227.64816905309883,255.83190731293564,81.82711014893626,176.6657044341255,30.134917517165476,14.909028244526725,21.980726492750577,31.471447644801604,81.82652152105535,183.4425580479921,148.16497313165584,76.33229937147954,120.85693983906114,33.57802194637334,11.623675976825325,10.539112673781434,1.084563303043891,2.637500148771778,1.3621391495133577,0.2854859814353713,0.07409259703775511,30.608123397480252,12.048320626147044,10.04182698556344,8.51797578576977,2.963451839113149,246.06932360093342,0.25041091974558705,46.317484432553044,44.60607309000127,2.582943143812709,$R_{a}^{syst}$,[mmHg*s/ml],7.756917998018165,13.277245495712931,9.961588281376562,9.877597314031801,9.904336330937982,2.1642145630322465,5.011450913155076,12.680450903009186,10.704193319612017,11.483661143043316,14.46181927835899,9.538774506344252,8.374781309024074,1.1834415994975551,0.3228757235760737,0.5529670803247111,5727.897710425538,3.007185798851437,0.30296381363430547,1.0147577764420077,0.5478876128691066
248.89374754378179,204.5574334556193,228.14931728851457,256.29586068826956,81.74767025826301,176.75051486691308,30.122567785779204,14.911114951274051,21.975466666914926,31.45577237205086,81.74731308768337,183.34961169170614,148.21567387369453,76.3716565428546,120.85754582542113,33.55061850177492,11.642199549396995,10.558705171616745,1.0834943777802506,2.6400407082039568,1.3675630200955335,0.28509978000645775,0.0740442760017742,30.67652120886882,12.07529045642934,10.064289829400687,8.536940923038788,2.963451839113149,246.558745773152,0.25041091974558705,46.25031520831276,44.58548471056359,2.5926421404682274,$R_{a}^{syst}$,[mmHg*s/ml],7.76812701903542,13.284012526972424,9.950263908465242,9.86631314891339,9.893064828449539,2.163694392637889,5.008067282961235,12.686981400088541,10.70907607277617,11.488574821500057,14.469776940023923,9.528877276656349,8.379107107271913,1.181775667946082,0.3228757235760737,0.5529670803247111,5722.336918078411,3.0160950764004184,0.3031584641586947,1.0177641615741675,0.5482396239224137
249.3863137075201,205.07436878040724,228.64912204696466,256.7585732514521,81.66844105223363,176.8351180664885,30.110181105395615,14.913147063411856,21.970175420684264,31.440053217000507,81.66784771048157,183.25645509897018,148.26611319093755,76.4108539265767,120.85787120567083,33.52315575197466,11.660672121636095,10.578248914934951,1.0824232067011434,2.642565555120649,1.3729827842838032,0.28471284278265496,0.07399577782756592,30.744765340670302,12.10220194017839,10.086706954264102,8.555856446227812,2.963451839113149,247.04682891853668,0.24998213392410484,46.183383676949845,44.564786362573535,2.6023411371237457,$R_{a}^{syst}$,[mmHg*s/ml],7.779316881803057,13.290751934115363,9.938974833598149,9.855063701815128,9.881827587515312,2.1631712727513817,5.004678185783687,12.69348731040124,10.713942233357296,11.493470037775936,14.477705352885016,9.518968833194021,8.383419784954881,1.180106257749068,0.3228757235760737,0.5529670803247111,5716.790873656354,3.024997486612118,0.3033540512638935,1.0207682293623463,0.5485933287127313
249.8785424719925,205.59085616502014,229.1485369256562,257.22133766616787,81.589347623836,176.92017652820664,30.09802944028233,14.915211066529396,21.965037694075466,31.424597281325966,81.58925223937,183.164522917543,148.31709689323273,76.45032215040314,120.85917160748743,33.496036873838015,11.679192575036877,10.597824165475602,1.0813684095612757,2.645096351127005,1.3784094071964106,0.2843314689314688,0.07394837235360255,30.812899207635724,12.129064856320845,10.10907997293107,8.574754378383814,2.963451839113149,247.5345655170552,0.24998213392410484,46.11647423425903,44.544244125321065,2.612040133779264,$R_{a}^{syst}$,[mmHg*s/ml],7.790515421381321,13.297535844112476,9.92775338004769,9.843882482043814,9.870659498375517,2.162664236804593,5.001341849359176,12.700039911085643,10.718845678332922,11.498409264237527,14.48568512270304,9.509188050239056,8.387760877289123,1.178453753525582,0.3228757235760737,0.5529670803247111,5711.25433366852,3.0339078902591807,0.3035489930076912,1.023774994489911,0.5489458664147645
250.36865506787788,206.10532339484368,229.6458705399615,257.6819657752253,81.51041254081125,177.0044607897063,30.08582092333026,14.917234817578585,21.95984496615992,31.409116944050925,81.51070098081362,183.072487586875,148.36738042600876,76.48939533477765,120.86004036373029,33.468941261525494,11.697599409503736,10.617287312126434,1.0803120973773015,2.647594762562007,1.3838228439934537,0.2839497727680057,0.07390067332032826,30.880766825752684,12.155824402386777,10.131367802425935,8.593574620939973,2.963451839113149,248.02016131877676,0.2495533481026227,46.04991997215897,44.52373049343836,2.621739130434783,$R_{a}^{syst}$,[mmHg*s/ml],7.801665895394541,13.304260191133054,9.916542444574219,9.832711595696471,9.859501274505561,2.16215210193838,4.997998044938131,12.706529900818122,10.723698542859472,11.503294120937197,14.493592857136372,9.499387943391849,8.392058752082034,1.1768020478413912,0.3228757235760737,0.5529670803247111,5705.728877856787,3.0428034110929834,0.3037435114319896,1.0267767374966288,0.5492976385748435
250.85749393825415,206.61828135686054,230.14187492180378,258.14165376653693,81.43201540215591,177.08865924650405,30.073624747545953,14.919274133379197,21.954662523151338,31.393641336286684,81.43225228822372,182.98053620335165,148.41785805175763,76.52845668772251,120.8607663144051,33.4419121016008,11.715970225715587,10.636712642392117,1.07925758332347,2.6500817089198727,1.389232373353346,0.28356872333330213,0.07385305850550683,30.948471660776427,12.182521619938187,10.153604652597018,8.612345388241222,2.963451839113149,248.50445875517542,0.2495533481026227,45.98375511376146,44.5032318616258,2.631438127090301,$R_{a}^{syst}$,[mmHg*s/ml],7.812757040011724,13.310970655842208,9.905359402916108,9.821568706966577,9.848371041369452,2.161639472163221,4.994653430973592,12.71301066293352,10.728547334289056,11.508174760144898,14.501487665773372,9.48959485989004,8.396354840267824,1.1751541865879849,0.3228757235760737,0.5529670803247111,5700.241078150913,3.051680073591747,0.3039381639444531,1.0297721168652438,0.5496496532234356
251.34432849139992,207.12967223656904,230.63597389910285,258.5994864387721,81.35345166931033,177.1720133758763,30.06132064713292,14.921254243506985,21.949393071399392,31.37805807525643,81.35355973655437,182.88819646294002,148.46758552654958,76.56713885368103,120.8610801544834,33.41484242192173,11.73422146706578,10.656023782069758,1.0781976849960218,2.6525338778928855,1.3946302611598622,0.2831860311794691,0.07380489768070238,31.015929307369017,12.209122009179527,10.17576277188365,8.63104452630584,2.963451839113149,248.9867750080252,0.24912456228114052,45.91777793748739,44.48267373725217,2.6411371237458194,$R_{a}^{syst}$,[mmHg*s/ml],7.823785630528529,13.317616507890033,9.8941884046938,9.810437682495348,9.83725223979713,2.16111889363285,4.991298379576219,12.719425034356414,10.733343986764602,11.512998074455357,14.509308090738488,9.47978751583874,8.40060839976665,1.1735040166491575,0.32244693775459154,0.5529670803247111,5694.741616851723,3.060555758840072,0.30413294690251574,1.032767166466246,0.5500019037732301
251.83041504441417,207.639830619291,231.12928476572284,259.0568380231494,81.27537954051864,177.25562507943317,30.04918909718802,14.923284827738984,21.94423061497385,31.36267766815898,81.27556754028494,182.79679407991614,148.51758229688335,76.60592966868816,120.86196905127596,33.38805091392413,11.752491155897792,10.675340888875624,1.077150267022168,2.6549864229626055,1.400030198531551,0.2828076055041341,0.07375754369186918,31.083258939648232,12.235670538859521,10.197875489560424,8.64971291122829,2.963451839113149,249.46834136683063,0.24912456228114052,45.852073526071116,44.46224998057265,2.6508361204013378,$R_{a}^{syst}$,[mmHg*s/ml],7.83481124745866,13.324284215519148,9.883069700587164,9.799359436663005,9.826186667271918,2.1606099923836473,4.987977064568416,12.725861620963125,10.738158774529843,11.517843625711889,14.517150024361088,9.470055685921213,8.40487392155926,1.1718695812764275,0.32244693775459154,0.5529670803247111,5689.276567836305,3.069420810793776,0.30432711675866114,1.035758627922342,0.550353045573627
252.3155466260972,208.1493152334943,231.62160586422277,259.51361680857076,81.1979677218048,177.33935333429847,30.037108799754517,14.925354040202874,21.939103759396342,31.347367320385935,81.19781428238942,182.70561177936233,148.5676447376242,76.6447549105422,120.86270137839587,33.36130676030673,11.774116402077162,10.698009593285738,1.0761068087914236,2.6574355520823008,1.4067959899037716,0.28243054317969646,0.07371043600380904,31.150484873366135,12.262181346272047,10.219958499983235,8.668345027110858,2.966332042071502,250.19189891461644,0.2482669906381762,45.78677332195992,44.44188303337116,2.660535117056856,$R_{a}^{syst}$,[mmHg*s/ml],7.84583211875511,13.330951913893013,9.871996109418886,9.788326020862106,9.81516563156868,2.1601016093144554,4.98465560398816,12.73230225664565,10.742981465930894,11.522695686236384,14.524995586357035,9.46032270273062,8.409144145083538,1.1702381666965416,0.32244693775459154,0.5529670803247111,5683.857740526336,3.081258139019041,0.30452124090098115,1.0387435038685966,0.5507041047039571
252.7985843969031,208.65632762624227,232.1119243902681,259.9681960587357,81.12002525781232,177.4222671322226,30.025067504715842,14.92738314414731,21.933977931150675,31.332102004098246,81.12038402589329,182.61487383127164,148.61719282737013,76.68328021391757,120.86366831593027,33.33472313438452,11.792279008365366,10.717210849355652,1.0750681590097142,2.659849822745884,1.4121871078864945,0.28205531607287976,0.07366344775220729,31.217377982454032,12.28855505398206,10.241923833328308,8.686899095143666,2.9663311739771037,250.67079603069837,0.2482669906381762,45.72144554852195,44.42156453304295,2.6702341137123744,$R_{a}^{syst}$,[mmHg*s/ml],7.856802543949344,13.337573664471469,9.860930056284575,9.777300633248844,9.804153112379225,2.159597191739825,4.981360858439218,12.738697729484105,10.747759746635365,11.527507401144815,14.532785680661929,9.45066514173803,8.4133797524503,1.1686153928277871,0.32244693775459154,0.5529670803247111,5678.401768046862,3.0901222630790213,0.30471473977986574,1.0417320527754643,0.5510540330916849
253.28046373188823,209.1627315928555,232.60102217948807,260.4220046036943,81.04260613626583,177.5051082486741,30.012980626878527,14.929411993210323,21.928822200826747,31.31678979167317,81.04281628350606,182.52392060390355,148.66649549447146,76.72165212922704,120.86428396486689,33.30812495898641,11.810407756671262,10.736380372818783,1.0740273838524799,2.662253457871865,1.417575961973168,0.2816794064128238,0.07361627808005414,31.284149894463294,12.314885066481656,10.26385589286774,8.705408935113905,2.9663303491734565,251.14858098343657,0.24783820481669402,45.65649233188825,44.40120287541799,2.679933110367893,$R_{a}^{syst}$,[mmHg*s/ml],7.867759839506565,13.34417120806046,9.849897526229267,9.766308488984947,9.793173381563934,2.159087729684817,4.9780539464211975,12.74506687402085,10.752521050461725,11.532299733832309,14.540551042670657,9.440980530959644,8.417601314753847,1.166992351130801,0.32244693775459154,0.5529670803247111,5672.982429538608,3.098969701951007,0.30490871893496935,1.0447149633264916,0.5514048300233751
253.76124565303638,209.66731789090312,233.08901445263166,260.87473815181386,80.96521652705417,177.58761455890607,30.000872976338837,14.931434543650193,21.923644313920885,31.301458330340235,80.96518150162102,182.43289859542517,148.7157895389123,76.75991169913034,120.86485272723496,33.28156729850769,11.828483404879844,10.755497437560823,1.072985967319021,2.6646391534677716,1.4229614309065475,0.28130335384373506,0.07356899059489137,31.350758643996006,12.341149653317881,10.285733037406864,8.723875953271259,2.9663294977733212,251.62515802792637,0.24783820481669402,45.59170228630887,44.380800899937775,2.6896321070234115,$R_{a}^{syst}$,[mmHg*s/ml],7.8786944208823115,13.350743574541779,9.838866947124764,9.755319862895687,9.782198071899895,2.1585777840678473,4.97475040762833,12.751414726166283,10.757267242878134,11.537075203968369,14.548286676391756,9.431310979862166,8.421811060124513,1.1653710173876752,0.32244693775459154,0.5529670803247111,5667.565156893792,3.1078180090316554,0.3051030467741668,1.0476981776180099,0.5517562575244179
254.24032858990805,210.17095057029547,233.57534501633884,261.3262583902351,80.88835149749723,177.6698938236076,29.98888756629479,14.933466597384152,21.918540354536628,31.286279085831097,80.8883063680561,182.3426836912959,148.76498219480052,76.79808492516113,120.86554662998128,33.255193445503195,11.846514819357088,10.774559707797419,1.0719551115596684,2.6670102524222714,1.4283392222921267,0.28093103596685487,0.0735222614151242,31.417151557354387,12.367330721228882,10.307540027482824,8.74228080864268,2.9663286938687503,252.1001583495101,0.24740941899521185,45.52732584947902,44.360598808010906,2.69933110367893,$R_{a}^{syst}$,[mmHg*s/ml],7.889550677130806,13.357305164499282,9.827891374013749,9.74438500544517,9.771275632626859,2.1580719165903095,4.971462423193368,12.757752010602786,10.762002610812335,11.54184250334283,14.55600727412517,9.421671512044368,8.42600939596631,1.1637606653603074,0.32244693775459154,0.5529670803247111,5662.184604824806,3.11664354239325,0.3052960081108751,1.0506736993898191,0.552105213806942
254.7182223602039,210.67250943505107,234.06047596894007,261.7765692798632,80.81148480731308,177.7519837009093,29.976906337728295,14.935423127466962,21.913431166408742,31.271106547893694,80.8113657933581,182.2524926596127,148.8140374558304,76.83625012065191,120.86631937064506,33.22892833710468,11.865128835782,10.793575382319812,1.0715534534621887,2.669366622082009,1.433712801625232,0.28055895023112976,0.07373107150146727,31.483371524283214,12.393442074220964,10.329289693852084,8.760639756210152,2.966327856577705,252.57389267817743,0.24740941899521185,45.46305651546981,44.340335001226556,2.709030100334448,$R_{a}^{syst}$,[mmHg*s/ml],7.900381876539915,13.363852450156632,9.816953798107994,9.733487882838261,9.760390988106384,2.157568129329545,4.968187992546065,12.764073448902266,10.766729980143312,11.546600411325072,14.563714792288737,9.412080500195435,8.43020265505415,1.1621558665095282,0.3220181519331094,0.5548901529339945,5656.803936511916,3.125470263050044,0.3065519872344899,1.0536496348909807,0.5524552663506267
255.1942436007798,211.1729959687193,234.54380711127345,262.2253141145908,80.73498388031541,177.8335169083275,29.964890233003104,14.93733647128282,21.908286474058674,31.255906660501637,80.7345862180185,182.16229626695397,148.8625289593449,76.87404769484012,120.86675843376251,33.20265087071446,11.883028324488494,10.812505694493199,1.0705226299952961,2.6716985223936556,1.4390761501645555,0.2801869797652274,0.07368400803773847,31.549357307371242,12.419462163525171,10.350963645755195,8.778931498090877,2.9663270583736763,253.045842035355,0.24740941899521185,45.39919430482499,44.320140815366166,2.7187290969899665,$R_{a}^{syst}$,[mmHg*s/ml],7.911176559221454,13.370348331703275,9.806023509493826,9.7225981281898,9.749513603730946,2.157060326635973,4.9649074964339865,12.770345766207518,10.77141653713829,11.551314899841618,14.57135985246097,9.402472325547956,8.434359953376322,1.1605509317682812,0.3220181519331094,0.5548900128722833,5651.4488716220785,3.134277482614968,0.3067455365380365,1.056618983994763,0.5528042124063941
255.66916826206005,211.67171189811484,235.02602162642944,262.6730993530987,80.65865190351252,177.9150243578948,29.952980014602772,14.939281446049932,21.903205840648464,31.240828110236937,80.65818114284832,182.07271233560812,148.911083673335,76.91181639950408,120.86746178185781,33.17654220782328,11.900907460630421,10.831407598024356,1.0694998626060659,2.674021719640257,1.4444366535403754,0.2798178003106061,0.07363742839104669,31.615168540133993,12.445411544104797,10.37257695549116,8.797180040538038,2.966326246294764,253.51666228196018,0.2469806331737297,45.335492151162654,44.29998329138635,2.7284280936454848,$R_{a}^{syst}$,[mmHg*s/ml],7.9219575844904195,13.376844446971685,9.795129859492228,9.71174522563594,9.738673423387612,2.1565594984319634,4.961649565212177,12.77662239448418,10.776105114283643,11.556035162066612,14.57900913822605,9.392934148356053,8.438517950999618,1.1589555453326315,0.3220181519331094,0.5548898711624177,5646.105633245877,3.143080826409399,0.30693900578169714,1.0595870330633452,0.5531530160006386
256.1434618572199,212.17006532151976,235.50753604568624,263.12050253320587,80.58230866494061,177.99670667911678,29.941187806456625,14.941272138219945,21.898199137277537,31.225893685913917,80.58216180298069,181.98368676467433,148.95990718550868,76.9497897406557,120.8685899637888,33.15064718349583,11.9187947955161,10.850309697515964,1.0684850980001355,2.6763424969419547,1.4497996565198195,0.27945134736634225,0.0735913753979404,31.680881052319332,12.471321960458374,10.39415767771023,8.81540141415074,2.966325446528343,253.98682898062813,0.2469806331737297,45.27179753399045,44.27988202436113,2.7381270903010035,$R_{a}^{syst}$,[mmHg*s/ml],7.932737269949636,13.383359755411387,9.78429432983286,9.700950414610244,9.72789133713488,2.1560650325037187,4.958415158665986,12.782918629957258,10.78081327612931,11.560775398311039,14.58667774534876,9.383440688356997,8.44269072919156,1.1573720123229072,0.3220181519331094,0.5548897318138488,5640.761606545843,3.1518931783984936,0.3071324406450996,1.0625581161660231,0.5535017554589289
256.61592321024233,212.6663934795069,235.9872267635749,263.56620578786294,80.50650198380373,178.07777884357554,29.929314719537718,14.94321926769059,21.893129227127318,31.210874604003113,80.5061152584792,181.89442063174573,149.0083373626422,76.9873680939375,120.86928802201143,33.124702222531795,11.936585245997767,10.869118171824454,1.067467074173313,2.6786365237062673,1.4551513510191207,0.2790839343884247,0.07354495755194645,31.74636344622439,12.497142977441264,10.415665586474766,8.83355488230836,2.966324649837415,254.45513809069868,0.24655184735224753,45.20861755273861,44.259804659686516,2.747826086956522,$R_{a}^{syst}$,[mmHg*s/ml],7.943475881158987,13.389821628110061,9.773467788915179,9.690164462791408,9.71711779797078,2.155564898628807,4.955169550558667,12.789157919217212,10.785475017248189,11.565468493967423,14.59428700325743,9.37393184415713,8.446826690544949,1.155786066771693,0.3215893661116272,0.554889591523306,5635.455138866261,3.160678104507508,0.3073255520215772,1.0655199540214673,0.5538499130572883
257.08720346074955,213.16152405559188,236.46574993965584,264.0107946988661,80.43026718086843,178.1588062557745,29.91755991491602,14.945195525632732,21.88812724183296,31.195986011784417,80.43043458197202,181.80582334452265,149.0567639088707,77.02494215977268,120.87042498485236,33.098977744520326,11.95435253233722,10.887894725771757,1.0664578065654637,2.6809210571986326,1.4604995630337896,0.2787195625330864,0.07349905802198016,31.811644420186635,12.52288076012323,10.437101266554574,8.851662393508834,2.9663238610489846,254.92228305286528,0.24655184735224753,45.14526610904563,44.23974606663511,2.75752508361204,$R_{a}^{syst}$,[mmHg*s/ml],7.954199842766547,13.39627987731649,9.762674911664043,9.679412570423073,9.706378893817423,2.1550724371384784,4.951955479576565,12.795397535759301,10.790133300249455,11.570161914014518,14.60188955737,9.364504016941506,8.450958959637672,1.1542121546072392,0.3215893661116272,0.5548894524217713,5630.1187026607895,3.169481987167916,0.30751868373929564,1.068488181208605,0.5541981063023537
257.55715606736834,213.65551072569025,236.94296005635147,264.4544456579667,80.35468559401772,178.23945127651157,29.905786351525816,14.947155720363737,21.883107161841533,31.181099547685,80.3549395045983,181.71722747828497,149.10492374566613,77.06237901102611,120.87126316597646,33.07329002302141,11.97205975607731,10.90661090775951,1.0654488483178006,2.683186332768481,1.465842491524004,0.2783554044259791,0.0734530704999561,31.87677857738658,12.548563785164573,10.45849328595429,8.869721506267714,2.966323074622367,255.3881131267217,0.24612306153076535,45.08243546450307,44.21976970466416,2.7672240802675585,$R_{a}^{syst}$,[mmHg*s/ml],7.96484504762734,13.402709941510922,9.751912079978934,9.668690645560185,9.695669491589713,2.1545771652195795,4.948734758025268,12.80161271127898,10.794775200085466,11.574836033928468,14.60946296130998,9.355055143531995,8.455076934698143,1.1526406449156557,0.3215893661116272,0.5548893134082659,5624.827991581241,3.178260374473233,0.3077112542456576,1.071447814185866,0.554545288240676
258.02587608600265,214.14789011805735,237.4189388848531,264.8969578323621,80.27940762586066,178.32004262079766,29.894063915430145,14.949138073883821,21.878113888766514,31.166269945748013,80.27959567485934,181.62892714339708,149.15300440979024,77.09977211144715,120.87211263550594,33.04767879044086,11.989739925025729,10.925295993390662,1.0644439316350671,2.685443474505622,1.471180913051558,0.2779926535977197,0.07340731861165725,31.941741060216245,12.574178754761537,10.479828282536804,8.88773402291791,2.966322290767678,255.85270303068563,0.24612306153076535,45.01984546772286,44.19978520903674,2.776923076923077,$R_{a}^{syst}$,[mmHg*s/ml],7.975470660935274,13.409133701303437,9.741178585627583,9.65799804153742,9.68498954905952,2.1540851083584145,4.945524882059979,12.80781739980653,10.799410966522412,11.579504476888976,14.617022648196468,9.34564534034163,8.459189350576423,1.1510734092644197,0.3215893661116272,0.5548891729807867,5619.5585338102455,3.1870277895307613,0.30790407047333157,1.0744037488610063,0.5548929145964665
258.4932123478598,214.63937445891028,237.8935558643376,265.3384007621252,80.20423588878967,178.40030006746792,29.882349224809726,14.951111828658126,21.87311924026079,31.151448047223575,80.20439583500112,181.54076647100615,149.20081991354402,77.13703810334887,120.87305773224132,33.02216015278721,12.007361768346655,10.943920805284943,1.0634409630617123,2.6876818885761713,1.4765135607266513,0.2776306555208659,0.07336160588633421,32.006512136343645,12.599717583610731,10.501100110883346,8.905694441849562,2.966321521330932,256.3159500586513,0.24569427570928318,44.957455709692084,44.17982659988965,2.786622073578595,$R_{a}^{syst}$,[mmHg*s/ml],7.9860723054220735,13.415529876348945,9.73047550134786,9.647335726394799,9.674339812730262,2.1535930667585386,4.942325636759358,12.813999211123901,10.804027166457772,11.58415320267628,14.6245574360474,9.336262141957054,8.463286172470996,1.149511379401686,0.3215893661116272,0.5548890340176666,5614.296512215276,3.195790686343004,0.30809674857860647,1.0773581566805723,0.5552402907439639
258.9586105309131,215.12841118761332,238.3663099601734,265.77793438096444,80.12906784950377,178.4798777692525,29.870582539604325,14.953042919331764,21.868075108111242,31.136590956178136,80.12919328628006,181.45253251713427,149.24808005324158,77.17396703788415,120.873639148115,32.99663986972211,12.02488151058929,10.962445133222644,1.0624363773666459,2.6898921545468757,1.4818335093647683,0.27726828376965273,0.07331560946882121,32.07103991852585,12.625161379621067,10.522293296063618,8.923585242841158,2.966320752429196,256.77726087549587,0.24569427570928318,44.89529511730086,44.15986493807331,2.796321070234114,$R_{a}^{syst}$,[mmHg*s/ml],7.996633880051686,13.421871998111863,9.719775365763352,9.636676587850873,9.663693102968526,2.1530961392064496,4.939115960601689,12.820125790042662,10.808602227715422,11.58875720192663,14.632028144044897,9.326862230494676,8.467348330774778,1.1479492921253958,0.3215893661116272,0.5548888949877361,5609.034749465264,3.2045457131457953,0.30828917237054637,1.0803099127164555,0.5555872088183709
259.4235652998444,215.61755990942018,238.83848628091096,266.2174418417992,80.0547892066038,178.55973549984745,29.85893273069131,14.955023412074143,21.863114664485078,31.121881234107597,80.05452074474934,181.36492347704848,149.2958771378672,77.21107674160066,120.87444423216047,32.971309814577104,12.042425110506894,10.980984652325601,1.0614404581812928,2.692104922711362,1.4871571310795333,0.27690883861478915,0.07327020942638679,32.13550464267649,12.650582361568418,10.54346773947345,8.941454541634608,2.9663199921533714,257.2380622208281,0.245265489887801,44.83361771482473,44.14002399691148,2.8060200668896322,$R_{a}^{syst}$,[mmHg*s/ml],8.007195822051074,13.428243998172531,9.709132922714314,9.62607508549149,9.653103975852595,2.1526061818538302,4.935925459134436,12.826279355286083,10.813200767690372,11.593386864119504,14.63952912023499,9.31750113891738,8.471428541913554,1.1463979529839918,0.3215893661116272,0.5548887571834166,5603.835244462266,3.2132751178315297,0.3084811407869045,1.0832530294544802,0.5559333051776666
259.88689803812946,216.1041704347766,239.30907450367837,266.65518597062874,79.9800340513888,178.63923380510352,29.847357126510932,14.956908664303551,21.858181903307965,31.107263393451188,79.98021304791168,181.27783275122212,149.3433630212835,77.24792781796518,120.87548948754731,32.94613947924635,12.0599028532584,10.999452040385254,1.060450812873147,2.6942974409641494,1.4924716811436778,0.27655166890203287,0.07322508429843333,32.1997118815456,12.6758979460643,10.564551857546412,8.959262077934893,2.966319234219578,257.69725627822805,0.245265489887801,44.771818792420206,44.12023899120256,2.8157190635451506,$R_{a}^{syst}$,[mmHg*s/ml],8.017730343575739,13.434584279431986,9.698512797606384,9.615496064963974,9.642537652727208,2.152120825791292,4.932756851923432,12.832406604111965,10.817773733116816,11.597992700516581,14.64699295771531,9.308202946288372,8.475484359155624,1.1448558312114672,0.3215893661116272,0.5548886191016412,5598.6023835972155,3.2220198370089754,0.3086726093379899,1.086201309636409,0.5562785011480819
260.34897206992594,216.5902435479136,239.77842276951242,267.0921317429016,79.90565517302525,178.71847398872052,29.835743856569195,14.958792753556269,21.853222537294485,31.092591239469183,79.90573209878791,181.1905446095023,149.39062806258954,77.28475174779344,120.87629219490164,32.920947981677806,12.077330797851545,11.017871649359362,1.059459148492182,2.696475509568107,1.4977812584641543,0.2761938537503088,0.07317978384813915,32.263762513108304,12.701152550191456,10.585586740804004,8.977023222112843,2.9663184831381684,258.1552050633524,0.24483670406631886,44.710349965313796,44.10038739659341,2.825418060200669,$R_{a}^{syst}$,[mmHg*s/ml],8.0282414225193,13.440900983429161,9.687913776524844,9.604938124852582,9.631992372960033,2.151631807894273,4.929586884372613,12.838511776494524,10.822330566676422,11.602582438494201,14.654436060261887,9.298904178645515,8.479531609378192,1.1433122957316413,0.3215893661116272,0.554888481630789,5593.395862111767,3.230750120305641,0.30886470455552717,1.089144722210584,0.5566248260331329
260.81062302399505,217.0754068898638,240.2473180300484,267.5287467906111,79.83152018718003,178.797809852407,29.824154670030772,14.960688299997356,21.84827930331535,31.077961141068307,79.83142645804476,181.1034275068559,149.43787082705595,77.3215262909082,120.87714887799322,32.89580539387478,12.0947630562599,11.036292897802056,1.058470158457843,2.698649756891185,1.5030953235161555,0.27583698394402084,0.07313462518518367,32.327763252033854,12.726388934944609,10.606607109579599,8.994767207509648,2.966317735140732,258.6127288857442,0.24483670406631886,44.6490481360364,44.080571835131416,2.835117056856187,$R_{a}^{syst}$,[mmHg*s/ml],8.03869842644921,13.447217021576309,9.677336035264526,9.5944028629307,9.621470543806245,2.1511442623963895,4.926417939107177,12.844614999785838,10.826887857184332,11.607172967230483,14.66187536060238,9.289615094716192,8.48357784332413,1.1417719952977075,0.3215893661116272,0.5548883446669094,5588.206413102603,3.239481451428934,0.30905674966623903,1.092088488381452,0.5569710602801737
261.2704523457728,217.5589683335709,240.71442645648855,267.9637053949489,79.75760472142956,178.8767863188903,29.81265814475612,14.962601206014183,21.843382338656767,31.06344149362908,79.75753498490043,181.0168746683083,149.48501231619926,77.35824836097416,120.87824769918952,32.87089433777754,12.112129271803816,11.054640953885025,1.0574883179187913,2.700805752775276,1.5083978870153851,0.2754826189172204,0.07308986804163783,32.39150488897265,12.751521638983114,10.627539934197209,9.012443315792328,2.9663169975202113,259.06845723440546,0.24483670406631886,44.58801299082079,44.060828655365164,2.8448160535117055,$R_{a}^{syst}$,[mmHg*s/ml],8.049122229071079,13.453513582730405,9.666808678102587,9.583916684608992,9.61099706125772,2.1506630175051917,4.923272817297246,12.850703610689406,10.831436061088656,11.61175460377616,14.669296227939322,9.280386377932658,8.487615403349238,1.1402442119908307,0.3215893661116272,0.5548882058022615,5583.032330500069,3.2481975623422654,0.3092483661723007,1.095027121193622,0.5573165241910073
261.72862984913166,218.0408507331158,241.17991796524976,268.3972290241244,79.68378275211333,178.9553076164669,29.80111957322652,14.964483240205139,21.838449649091295,31.048884351240197,79.68369377034767,180.93024851820542,149.53164941261852,77.39467366974462,120.87906760591589,32.845961328978774,12.129417534251953,11.072911887994275,1.0565056462576776,2.7029402163035137,1.5136906324746469,0.2751281300853364,0.07304489684867886,32.455031944900185,12.776569990105596,10.648403237420071,9.030058717374516,2.966316261519758,259.52254350980957,0.24440791824483665,44.52719721668712,44.04111220923338,2.8545150501672243,$R_{a}^{syst}$,[mmHg*s/ml],8.05951363226303,13.459772447401301,9.656293950553158,9.573443078090834,9.60053599187318,2.1501769947793035,4.920125941284577,12.856750828768579,10.835947145771698,11.616297755271818,14.67666552426818,9.271150035799726,8.491621842032604,1.1387156900604831,0.32116058029014505,0.5548880693975387,5577.864792647933,3.256905414708448,0.30943966118652166,1.097962970758826,0.5576614064211024
262.1859992162384,218.5216787656891,241.64457046864064,268.8300845413626,79.61031840046576,179.03391007071477,29.789707474380513,14.96640375389297,21.83359362042234,31.034476607233287,79.610350840317,180.84431091343507,149.57867746008105,77.43114491226383,120.88017061316862,32.82120883101085,12.146703862179184,11.09117180772764,1.0555320544515434,2.7050705124268055,1.518983067950285,0.27477674955942494,0.07300050834770648,32.51843641737121,12.801569740369885,10.669225019521415,9.047641657479906,2.966315522891625,259.97580979059165,0.24440791824483665,44.466614379935784,44.02148479994163,2.8642140468227426,$R_{a}^{syst}$,[mmHg*s/ml],8.069898859348045,13.466039667474595,9.645825626919331,9.56301589287084,9.590121493457056,2.149699336396285,4.9169998215744,12.862809567139232,10.840469290529256,11.620854683881252,14.684049133446695,9.261976978251468,8.495635125659126,1.1371974491874377,0.32116058029014505,0.554887931420014,5572.722288032603,3.2656044469365,0.3096305790494521,1.100895849323919,0.5580056107132775
262.6416766577696,219.0012465208182,242.10752637041318,269.26144040708385,79.5370493655759,179.11193277433412,29.77822921248446,14.96829330362257,21.82868742830967,31.020000607839183,79.53692927018051,180.75813689702335,149.62524193019942,77.467460022925,120.88093807454011,32.796486279400966,12.163898653985589,11.109343038735334,1.0545556152502542,2.707175558990317,1.5242647006581929,0.2744245188427248,0.07295581255981759,32.58162505299739,12.826485547179926,10.689978085283727,9.065161420533732,2.9663148010979126,260.42736484368487,0.2439791324233545,44.4063374972263,44.001852771636024,2.873913043478261,$R_{a}^{syst}$,[mmHg*s/ml],8.080244412965095,13.472264920261951,9.635367028564694,9.552598399966252,9.579716449454246,2.14921575508789,4.913865252787468,12.86882266394471,10.844958283608538,11.625374619239505,14.691380554225823,9.252796219658318,8.499623401819807,1.1356802597849223,0.32116058029014505,0.5548877960926439,5567.593455590313,3.2742899934178267,0.30982147498003837,1.103824176788628,0.5583497729842136
263.09637611803674,219.47912684904833,242.56949585200255,269.69189551570787,79.46371218817637,179.18995921798614,29.766819825929552,14.970198871803774,21.823817260450777,31.00560616484015,79.46369252866609,180.6723775511808,149.6717359014562,77.50360264237446,120.88189962897813,32.77186992318924,12.181077995102006,11.127493479684391,1.0535845154176158,2.7092744086762415,1.529544079000341,0.2740741626989887,0.0729114126740258,32.64466419068042,12.85134104958456,10.710680194728813,9.08264294636706,2.9663140881764107,260.877946218938,0.2439791324233545,44.34607415223979,43.98220337038275,2.8836120401337793,$R_{a}^{syst}$,[mmHg*s/ml],8.090577164219583,13.478479142979905,9.624945582147747,9.542217986911917,9.569348683308366,2.148736785940235,4.910749650172206,12.874830445608811,10.84944156630031,11.629890489940696,14.69870234383935,9.243670079807785,8.503603126671491,1.1341697107025468,0.32116058029014505,0.5548876600280994,5562.459853172346,3.2829821189470527,0.3100126023929622,1.1067547202883423,0.5586943533349853
263.5497799235808,219.9564293756134,243.03015815451002,270.12137264914253,79.39105953971085,179.2677213120303,29.75542039440461,14.972109422050254,21.818950087638644,30.99123297147848,79.39069525006015,180.58673479972688,149.7180471564262,77.5397268969155,120.88279256049412,32.74731276061973,12.198206997425864,11.145591700153265,1.0526152972725995,2.7113584751085127,1.5348170127586689,0.2737245139372382,0.07286707031991607,32.70753586813864,12.87613146356323,10.731328633271993,9.10007577130342,2.9663133561179245,261.3272009975342,0.24355034660187233,44.28631041810597,43.962639525049,2.8933110367892976,$R_{a}^{syst}$,[mmHg*s/ml],8.100889974933107,13.484676400962343,9.614549068409483,9.531862495017288,9.559005682138002,2.1482577664752904,4.907635533508274,12.880819554814071,10.85391270213564,11.634392412715238,14.70600295166558,9.234554173615468,8.507573698910186,1.1326624356495,0.32116058029014505,0.5548875229597284,5557.37416777976,3.2916452118493287,0.3102032402106891,1.1096754849114028,0.5590380525337609
264.00157339679384,220.43139909709168,243.4892751095182,270.54928467244224,79.31814719406255,179.3449953424737,29.744022616530152,14.973992237920813,21.814072260629565,30.97686717172033,79.3178420222061,180.50123888510598,149.7639682026234,77.57558580900827,120.88359097255098,32.72281933803421,12.215258876115238,11.163610969870303,1.0516479062449338,2.7134193690962776,1.5400810251599433,0.273375632315123,0.07282270355680123,32.770195798860776,12.900838418817589,10.751907460565008,9.117449919478181,2.966312659242621,261.77492790372077,0.24355034660187233,44.22657406335658,43.94310117322468,2.903010033444816,$R_{a}^{syst}$,[mmHg*s/ml],8.111125973479758,13.490836247609293,9.604169519386682,9.521524024050333,9.548679640475969,2.1477768049355115,4.904524595377936,12.886773698923479,10.85835187915474,11.63886481555553,14.713263688627835,9.225447604758667,8.511518766375591,1.1311586300530099,0.32116058029014505,0.5548873898034501,5552.270303584378,3.300315717956108,0.31039358556204705,1.1125987369108847,0.5593812208851843
264.4525918994438,220.90602455075643,243.94756469382125,270.97672614008565,79.2455687941642,179.4224119851924,29.73272553598998,14.975913583508389,21.809255529643718,30.962621777901944,79.24532085744522,180.41627607609246,149.81005149901782,77.61153498937585,120.88467506730684,32.69849918116099,12.232311317658418,11.181623721653567,1.0506875960048503,2.7154784988611977,1.5453441522174882,0.27302915454718785,0.07277881130844235,32.83272571917337,12.925492591101468,10.772441265259161,9.134791862812744,2.966311933763824,262.22181375739746,0.24312156078039016,44.167040180411945,43.92359856935672,2.9127090301003347,$R_{a}^{syst}$,[mmHg*s/ml],8.121350251858194,13.497008060249957,9.593832240910437,9.511227931125532,9.538396239132235,2.147303979884605,4.901437821940572,12.892740293101992,10.862802078261842,11.64335026462583,14.720534736933555,9.216404186763421,8.515472401008964,1.1296647840163965,0.32116058029014505,0.5548872522432654,5547.189815591494,3.308977621682589,0.3105839619111998,1.1155191010151018,0.5597244497068355
264.90225661968867,221.37901824645343,244.4045427812585,271.4029084607408,79.1732006861231,179.49949408950056,29.721443223235855,14.977737177417293,21.804440051368097,30.948398136319533,79.17303406630892,180.33148229465115,149.85603243608597,77.64732990879976,120.88566268798442,32.674230261615385,12.249309785171397,11.199580170306,1.0497296148653967,2.717521209527459,1.5506008109221348,0.2726835773313812,0.07273496529682885,32.89508136201078,12.950078441973673,10.792918396114903,9.152084523922193,2.966311236862462,262.66739249759655,0.24312156078039016,44.1077570094133,43.90416640447994,2.922408026755853,$R_{a}^{syst}$,[mmHg*s/ml],8.131543739799543,13.503154692389968,9.583519163583375,9.500955995616811,9.52813690234325,2.1468288936137747,4.8983542640928555,12.898681006170532,10.867232708374681,11.647815273354881,14.727777041735369,9.207372531235418,8.519409023536932,1.1281718735323296,0.32116058029014505,0.5548871169821367,5542.124048028617,3.3176300846914604,0.3107738382247629,1.11843627312709,0.5600667752298303
265.35074938206225,221.8508990224051,244.86035409470486,271.8281795285465,79.10104641987652,179.57643583776567,29.710174293037383,14.97957226439811,21.79963215125384,30.93419435077293,79.10080926975635,180.24678466200967,149.9019502491016,77.68305471714392,120.88658121686751,32.650033182883654,12.266270887523358,11.217497487934962,1.0487733995883968,2.7195521774580445,1.555853305442346,0.2723386388081779,0.07269119842287772,32.95729188201175,12.97460845317128,10.813349862304433,9.169333566536038,2.9663105571607136,263.11186510387734,0.24312156078039016,44.04867824158099,43.88472694149995,2.9321070234113713,$R_{a}^{syst}$,[mmHg*s/ml],8.14172501703625,13.509286624462293,9.573236344973646,9.490714195130941,9.517907551049266,2.1463532092894173,4.895271963419645,12.904608565816199,10.87165532108383,11.652271364739708,14.735004231747654,9.198352331363953,8.523338468087589,1.126681917701996,0.32116058029014505,0.5548869851067331,5537.0732493913565,3.3262754035800284,0.31096395984589115,1.1213510316882886,0.5604095395859338
265.7978433101292,222.321572390022,245.31476736106583,272.25215412471516,79.02892589185363,179.65298447455686,29.698919008591215,14.981391157740473,21.794818033684095,30.920015985711114,79.02870280959237,180.16230449760184,149.94754917414508,77.71860056879996,120.88749298864181,32.62592790330066,12.283168559437815,11.235349080663527,1.0478194787742892,2.721565303148522,1.5610969247634814,0.2719946028885714,0.07264746165382256,33.01929272644509,12.999053822249781,10.833710034498564,9.18652886969675,2.966309853507799,263.5548376801766,0.242692774958908,43.98976511467084,43.86528193562507,2.9418060200668896,$R_{a}^{syst}$,[mmHg*s/ml],8.151875062647248,13.51538802565615,9.562972165330809,9.480491248214966,9.507697210355063,2.145879714925516,4.892204122941362,12.91050687878779,10.876053849867063,11.65670278014802,14.742193771757291,9.18936530887949,8.527247467233279,1.1251971132848277,0.32116058029014505,0.5548868478377572,5532.024812429754,3.3349161045265334,0.31115399782873676,1.1242642438661088,0.5607521588252075
266.24404745194556,222.79083420028087,245.7682409773376,272.67535540060646,78.95681790299821,179.72951097492682,29.687721520672987,14.983232016782278,21.790039946699547,30.905900802736728,78.95686663245735,180.07810935939878,149.99316487600117,77.75417473804268,120.88862609240041,32.601934201443136,12.30004586676568,11.253175955923084,1.0468699108425963,2.7235695698499156,1.5663393553220697,0.2716520750573065,0.07260398626082211,33.08116882926549,13.023450411895443,10.85402987459638,9.203688542773678,2.966309182708706,263.9969680468693,0.242692774958908,43.93091455860751,43.84589937851675,2.951505016722408,$R_{a}^{syst}$,[mmHg*s/ml],8.162012596290534,13.521490210951486,9.552748133050427,9.470308269397417,9.497526765746516,2.145408092487208,4.889146959944058,12.916405961107285,10.880454413157759,11.661136882692528,14.74938228590745,9.180405734025024,8.531157785590052,1.1237186972921067,0.32116058029014505,0.5548867156220825,5526.977253209875,3.34356139290214,0.3113438507706592,1.1271789914525847,0.5610944396490231
266.68898408126415,223.25949616969896,246.2204505434765,273.09750522651495,78.88543531081547,179.80579840958816,29.676565141373484,14.985075773685288,21.785282463465194,30.891844324781943,78.88537858093953,179.9942439040604,150.03859253830055,77.78960186820036,120.88967462920752,32.578029388671176,12.316881602188614,11.270956966565665,1.04592463562295,2.725561899256657,1.5715750790220684,0.2713110991987476,0.07256070390001258,33.14287825007932,13.047782039688222,10.874295276163142,9.220800934227958,2.9663084978923715,264.43779410885105,0.2422639891374258,43.872575861607416,43.826611823757325,2.9612040133779263,$R_{a}^{syst}$,[mmHg*s/ml],8.172129399815699,13.527571363441526,9.542547104975961,9.460148438810904,9.487379466759077,2.1449380559080002,4.8860946348931575,12.922287319084056,10.88484027832672,11.66555655604173,14.756552320037265,9.171463979241794,8.535054192203221,1.122245310918969,0.3207317944686629,0.5548865829081516,5521.980471757082,3.352175126713102,0.3115330610038026,1.1300831080431781,0.561435562869556
267.13227517793774,223.72568394110664,246.67105500346509,273.518141350373,78.8138915765956,179.8815761854331,29.665352730085747,14.986898195876748,21.78047932223776,30.877733963217672,78.8137213276204,179.91017924734345,150.08360683480433,77.82482961945334,120.89044993199128,32.554128223271746,12.3336306504136,11.288653812125487,1.0449768382881133,2.727530425188313,1.5768003927488776,0.2709693586226249,0.07251716100668947,33.204377730811224,13.072031610468262,10.894493301488042,9.237852818854924,2.9663078304674295,264.87701274317016,0.2422639891374258,43.81432120393994,43.80726074385486,2.970903010033445,$R_{a}^{syst}$,[mmHg*s/ml],8.182191331971117,13.533616297935543,9.532358667812334,9.450001077132118,9.477244446247619,2.1444646769477584,4.883038203437106,12.928128377936671,10.88919752728517,11.669944272209307,14.763676170453996,9.162523860017199,8.538927982153316,1.1207720588570758,0.3207317944686629,0.5548864490134529,5516.972410361692,3.3607909398275098,0.31172269569761807,1.1329879203056001,0.5617774523992035
267.57569813327734,224.19258894775197,247.1217370080218,273.9391681047131,78.7426804626785,179.95772746173776,29.65422273464819,14.988748372329164,21.775730199652052,30.86372407795454,78.74236356629048,179.82653572781308,150.12892862502432,77.86014487452013,120.8915140236817,32.53030391806573,12.350426965879258,11.30639212100032,1.0440348448789383,2.7295062565144628,1.582035256087294,0.2706295941568963,0.07247400132234695,33.26587311019784,13.096278170517486,10.914688437886767,9.254906501793585,2.9663071466439965,265.3163041032907,0.24183520331594366,43.75620962396328,43.78795556929126,2.9806020066889634,$R_{a}^{syst}$,[mmHg*s/ml],8.192235631394396,13.539676110829145,9.522200530213361,9.439885495104026,9.467142366542117,2.143996907078212,4.8799998800515585,12.93399113750174,10.893570487168828,11.674351190561918,14.770821244011573,9.153619933190704,8.542813831635682,1.1193036727199013,0.3207317944686629,0.5548863140859774,5511.987632387495,3.3694090999231614,0.3119122854291814,1.135893531367857,0.5621192621104218
268.01681351331587,224.6568263762931,247.57016615760034,274.35779670694023,78.67103799559784,180.03321734095786,29.643149034165067,14.990588963282157,21.770998547367796,30.849783431189767,78.67132330184224,179.7433143034578,150.17401056571458,77.8952572923818,120.89266803583088,32.50667623258736,12.367110188371505,11.324012227708899,1.0430979606626076,2.731452400085508,1.5872517575197358,0.27029171597420687,0.07243103226262552,33.32703521596555,13.120390682460107,10.934770140145735,9.271874393359715,2.966306466039525,265.7533320991218,0.24183520331594366,43.69806814406135,43.768706283574296,2.9903010033444817,$R_{a}^{syst}$,[mmHg*s/ml],8.202232269213935,13.545704195095787,9.51207327291587,9.429799585851669,9.457069225094068,2.1435314238332768,4.876980852749686,12.93981627513843,10.897911212507232,11.678727620848123,14.777923463224205,9.14477681990445,8.546673916407014,1.1178458548317347,0.3207317944686629,0.5548861800822493,5506.972659691849,3.3780326136537364,0.31210134282760527,1.1388009473491554,0.5624601116959578
268.45705054197407,225.1202109056872,248.01772033662516,274.7761346065955,78.60072072835027,180.10875559509287,29.63209495784767,14.992453893533328,21.76628685165588,30.835879408410438,78.60053459733045,179.6602186445516,150.2190824878038,77.93034428186756,120.89353290962453,32.48305844602104,12.383791080917225,11.34162753050067,1.0421635504165556,2.7333973995097685,1.5924674502872518,0.26995468047177745,0.0723882262016192,33.388131229421724,13.144482809121067,10.954837089896799,9.288811330403856,2.966305833733647,266.18957696758,0.24183520331594366,43.64069945886172,43.749548559126225,3.0,$R_{a}^{syst}$,[mmHg*s/ml],8.212219172045424,13.551724522691746,9.501982252163538,9.419749586164297,9.447031551328724,2.143065035448822,4.873950715329462,12.945638656593584,10.902253386243295,11.6831045065212,14.785019751795598,9.135904062764986,8.550533793330157,1.1163890485471533,0.3207317944686629,0.554886050048755,5502.050450984519,3.3866047855661567,0.31229006774194584,1.1416910377388447,0.5628003582258132
