STK_syst_list,DTK_syst_list,MAP_syst_list,Plvmax_list,SV_lv_list,EDV_lv_list,STK_pulm_list,DTK_pulm_list,MAP_pulm_list,Prvmax_list,SV_rv_list,EDV_rv_list,maxVla_list,minVla_list,maxVra_list,minVra_list,Eout_total_list,Eout_lv_list,Eout_rv_list,SW_lv_list,PE_lv_list,SW_rv_list,PE_rv_list,Ein_total_list,Ein_LAD_list,Ein_LCX_list,Ein_RCA_list,Ees_lv_list,Pes_lv_list,LVET_list,EF_lv_list,EF_rv_list,var,var_name,var_unit,Plvmin_list,EDP_lv_list,Pv_syst_max_list,Pv_syst_min_list,Pv_syst_mean_list,Prvmin_list,EDP_rv_list,Pv_pulm_max_list,Pv_pulm_min_list,Pv_pulm_mean_list,Plamax_list,Pramax_list,Plamin_list,Pramin_list,RVET_list,Ees_rv_list,CO_list,Ea_lv_list,Ea_rv_list,VAC_lv_list,VAC_rv_list
185.44762293476188,133.7352581215824,158.4900790271965,437.9191531485522,115.18858403794398,244.97722331406962,42.5807858678882,21.401546512325748,31.276902853282028,45.588283242349604,115.18865455827851,235.3593381158306,211.17403614544622,109.28674125534124,196.65339535561898,41.08287054710622,19.865959753621553,17.878626578308996,1.987333175312557,5.66158650170833,1.3215950341896365,0.5770491548609898,0.14950904648557803,22.72541149900338,9.155969635793015,7.643125541427565,5.926316321782794,1.3852723003909317,165.71605087031193,0.34731651540055736,47.02011986243638,48.94161220898282,0.01,$R_{v}^{syst}$,[mmHg*s/ml],11.022753376441901,18.714036071734622,7.632566063884023,6.914209622625411,7.179349759093154,3.216577870850505,7.1578164051108555,18.24281309399856,15.392828348120744,16.500009646514037,20.638601465119518,13.231716192582539,12.076200135311922,2.4263002097213016,0.32244693775459154,0.5509981023207611,8063.200882656079,1.4386499517671285,0.3051735451374239,1.0385322447876373,0.5538558914305816
184.69392892209436,133.21635016866588,157.86217358959877,434.90483148580824,114.61692203289441,243.51593290421087,42.34578798557722,21.268341340608345,31.096559040617727,45.31996881521253,114.6167975699911,234.41184618742878,209.84406289511713,108.5735057820965,193.65453000819645,40.84690409085766,19.637170055931307,17.66944777799348,1.9677222779378287,5.596176385813058,1.3019731174363243,0.5707825397663392,0.14780375207830665,22.636236625542377,9.118741046511179,7.612015918879973,5.905479660151226,1.3852723003909317,164.48124504748944,0.34731651540055736,47.06752476766273,48.89548008522867,0.01191919191919192,$R_{v}^{syst}$,[mmHg*s/ml],10.944430119028713,18.59773241625231,7.722810997078576,7.083835118329553,7.3126061200631645,3.1915318489848157,7.108195953962524,18.122816238277316,15.292448256344633,16.393022547753304,20.504790689445244,13.34831316067407,11.996297271592123,2.27780482994548,0.32244693775459154,0.5509978864680518,8023.184542302609,1.4350520161436917,0.30494198784500726,1.035934967976124,0.5534358576213677
183.8499420120868,132.6339448598339,157.1583518703987,431.5694685552539,113.98447956364232,241.89879219889968,42.08587840637718,21.121031564490714,30.897101893028363,45.0233730284433,113.98431078754459,233.3713464580609,208.3729609705289,107.78466395306376,190.5419372097388,40.711585801135854,19.436987271745583,17.490795260284642,1.9461920114609397,5.524197301786824,1.301329226784169,0.5639046418565541,0.1459295091438279,22.534125364765902,9.076228817949175,7.576486451658706,5.881410095158022,1.4078808446872977,165.77702550576578,0.34645894375759306,47.12073116508963,48.84246181783446,0.013838383838383839,$R_{v}^{syst}$,[mmHg*s/ml],10.857711350881114,18.469033782421118,7.821821501687086,7.249003952169053,7.449487802289176,3.163421410717077,7.055491546987006,17.99009172473376,15.181411632300435,16.274685201909442,20.356771935521866,13.39765557065406,11.907919568390444,2.165226571488913,0.32244693775459154,0.5509978598642041,7978.913569454962,1.4543824399637277,0.3046837135696998,1.0330294963894893,0.5529671451805466
182.9335376390307,132.00073821113722,156.39361355311735,427.9825585828887,113.3035236382067,240.15915746880984,41.806189328342434,20.962627932124036,30.68249952163061,44.70449074660688,113.30340154855276,232.25578220697722,206.79098879386038,106.9365605955351,187.47499851353868,40.62977427526264,19.1672284963098,17.244037081081146,1.9231914152286542,5.447231388135245,1.2779869375074966,0.556557769989263,0.14392654514433628,22.421680061800192,9.029506013745813,7.5374404988055055,5.854733549248874,1.4078668023050653,164.2826851328258,0.34645894375759306,47.17851479509864,48.78388838026053,0.01575757575757576,$R_{v}^{syst}$,[mmHg*s/ml],10.764443724146533,18.330577606311465,7.927968418854312,7.4107114046764755,7.588816807377247,3.133680881359086,7.000833128595142,17.84738841382637,15.06202956039138,16.147439541651043,20.1976054351382,13.39893931721523,11.812898835068433,2.077350923210444,0.32287572357607375,0.5509978598642041,7931.246654674469,1.4499344756249803,0.30440393277008587,1.0298804356001852,0.552459374062011
181.95902359397388,131.32663141774958,155.57979559707985,424.1994910405234,112.58375772628793,238.32326201477625,41.51081814627048,20.795508275707746,30.455910985815972,44.36787216336186,112.58342401421784,231.07996840219866,205.12200849282405,106.0421230571593,184.52390648247135,40.57164540057861,18.884611063932773,16.985532346144204,1.8990787177885675,5.366523603315416,1.2536114967432035,0.5488554261999564,0.14182697940515232,22.300880412636396,8.97938475793348,7.49555769240468,5.825937962298234,1.4078536252497227,162.70767373741376,0.34645894375759306,47.23993653599271,48.720546740886014,0.017676767676767676,$R_{v}^{syst}$,[mmHg*s/ml],10.666102586985602,18.184459606027104,8.039895242932479,7.569627887180454,7.729731426950835,3.1031781683707504,6.944925833955827,17.69686465637119,14.936102014521072,16.013210054327423,20.02970217851313,13.367090657933604,11.712679350609646,2.0067620781321645,0.32287572357607375,0.5509978598642041,7880.863040840155,1.445214452096957,0.30410792013709587,1.0265374369729718,0.5519221439663026
180.939997926331,130.62080309555498,154.72833146475006,420.2725861953839,111.83441909253378,236.41602288739386,41.20375484928721,20.62195384569528,30.22042360720228,44.01814490093364,111.83422834869755,229.85900811363354,203.38885058699339,105.11363632370863,181.7145134716168,40.521097038929156,18.593241335104345,16.719037198006657,1.8742041370976879,5.2832377359976705,1.2285660030294254,0.5409093053577532,0.13966148208033133,22.173585431242522,8.926625990535166,7.451468840025784,5.795490600681569,1.4078536252497227,161.07413189929895,0.34603015793611086,47.30407767065817,48.653402477666205,0.019595959595959597,$R_{v}^{syst}$,[mmHg*s/ml],10.56405833766694,18.032673482258843,8.156381992781165,7.726173696974365,7.871570713113064,3.0724694789964238,6.888335155942008,17.540592730146987,14.80534950163529,15.873836058392818,19.855401240055038,13.312397990768632,11.608634253724102,1.9486141725663393,0.32287572357607375,0.5509978598642041,7828.409336477364,1.4402912198794842,0.30379899634138835,1.0230404596386984,0.5513614815423439
179.88608941710197,129.89039865506112,153.8474570352951,416.24032016629985,111.06236047051334,234.45572544309485,40.88777962509809,20.443597884752005,29.978195733267327,43.65855279472664,111.06213362876596,228.60322272640474,201.6079580373648,104.1599603026062,179.04732048416676,40.46621105743012,18.343930579967125,16.49512407818593,1.8488065017811954,5.198226570827658,1.2225555747763786,0.5327950107421991,0.13745153469731122,22.041221701307624,8.871815403626707,7.405666871262018,5.763739426418902,1.430578393663267,161.97125115827492,0.3456013721146287,47.37029145294619,48.58292560542182,0.021515151515151515,$R_{v}^{syst}$,[mmHg*s/ml],10.459312341651279,17.876661162658348,8.276224189370376,7.880427675161835,8.013637236819457,3.0417745845260242,6.831382398800115,17.38006251737044,14.671019873496991,15.73064424488509,19.676380860972028,13.241901899963752,11.50175986396526,1.8995114277449092,0.32287572357607375,0.5509978598642041,7774.365232935934,1.4583811335549428,0.3034810242527753,1.0194346147088673,0.5507843974703813
178.80701846127891,129.14237909131947,152.9453687049132,412.1394301870907,110.27416037939611,232.4599716042691,40.56568019298758,20.261825642633607,29.731350148451,43.29216555096193,110.27387146906304,227.32297040267773,199.79535508361056,103.18977995633372,176.5150711939481,40.4030147178368,18.042906711917738,16.219788391214994,1.8231183207027446,5.1122925406785065,1.1965645289210842,0.5245864401184711,0.13521775528914867,21.905219609740183,8.815542928363127,7.358646862112019,5.731029819265035,1.430561105592173,160.2393113360602,0.3456013721146287,47.43791355490768,48.50977940052647,0.023434343434343433,$R_{v}^{syst}$,[mmHg*s/ml],10.352797027178045,17.717821734701353,8.398464044179926,8.032453851871516,8.155433907644333,3.011316131996186,6.774362799651856,17.216722510526225,14.534335559571026,15.584925978668496,19.494216429493342,13.160205094660403,11.393024543230219,1.8571154632203593,0.32287572357607375,0.5509978598642041,7719.1912265577275,1.4530993551414038,0.3031565779622198,1.0157548317657505,0.5501955634399996
177.7114495860366,128.3822663012132,152.0291016572159,408.00126022611045,109.47550466843295,230.44377227725346,40.239914915249855,20.078200354893813,29.481790592897493,42.92183776911135,109.47539912883296,226.0279060053222,197.96482822888294,102.21049714174652,174.10849584454502,40.32858932531329,17.74134497234951,15.943997364229558,1.7973476081199493,5.026108862219121,1.1706380338091549,0.516350225029718,0.1329780709540013,21.7666698992349,8.758250282193387,7.310771891743601,5.697647725297912,1.4305562076293548,158.49354496107588,0.34517258629314657,47.506384566869464,48.434461506826146,0.025353535353535354,$R_{v}^{syst}$,[mmHg*s/ml],10.245290558110453,17.557365258516672,8.522349322484828,8.182311531952253,8.296608251010484,2.981235903097751,6.717561618937331,17.05182080477209,14.396322096042908,15.437790122184197,19.310297249365643,13.071079605552482,11.283253421547228,1.8198039034673328,0.32287572357607375,0.550997859864204,7663.2853267903065,1.447753499206085,0.3028281434778548,1.0120214022245437,0.549599491280217
176.60497978376424,127.61428963756401,151.1035146734646,403.84758950317365,108.67041713214638,228.41763476951976,39.91208011122884,19.893683123133783,29.230738172833227,42.54944160376442,108.6704627231589,224.7241449300958,196.1257831745971,101.22691436546621,171.8152289609656,40.2416617774565,17.485853976542465,15.714232246324562,1.7716217302179045,4.940139396879465,1.1632070447158864,0.5081265683592966,0.130744053680502,21.626464518450824,8.700307739237843,7.262355044626829,5.66380173458615,1.4533979452658947,159.24601886257153,0.34474380047166436,47.57531844763128,48.3572705358219,0.027272727272727275,$R_{v}^{syst}$,[mmHg*s/ml],10.137426156477494,17.39611291037447,8.647204336847407,8.32996754944881,8.43681643915552,2.951561744074743,6.661109453355014,16.886202755423973,14.257693173807281,15.289987399145582,19.125564219957614,12.976395915272494,11.173005363796495,1.7863908706213163,0.32287572357607375,0.5509978598642041,7606.929199250247,1.4654035851258742,0.3024977952919078,1.0082603941329937,0.5489999459643268
175.49100502284298,126.84115201504443,150.1715795263782,399.6915350246252,107.86130648881864,226.387835783351,39.58308540556491,19.708836507365753,28.978933212356903,42.17594642635511,107.8612678094933,223.41511634305957,194.2840662288606,100.24244694487133,169.62239729557427,40.142193233785974,17.186421024822497,15.440404579318146,1.7460164455043519,4.854657597833006,1.1373767840036393,0.49993948124790855,0.1285224884693077,21.48515021538836,8.641939474454045,7.2135862464846845,5.629624494449632,1.4533793072273768,157.46696858178737,0.34474380047166436,47.64447971137457,48.27841086807644,0.029191919191919193,$R_{v}^{syst}$,[mmHg*s/ml],10.029550429480501,17.234563715152305,8.772419667065632,8.475334013869578,8.575734944993412,2.922303262480042,6.605058621636388,16.720384883093303,14.118888380284854,15.141983342695378,18.94059798029324,12.877711946401833,11.06263858477237,1.7559729577851801,0.3233045093975559,0.5509978598642041,7550.291454217305,1.4599022921914178,0.30216683748019396,1.0044881504309324,0.5483992942452885
174.3741803580387,126.06563795904125,149.23713510739304,395.549571349798,107.05128035701652,224.36238489516097,39.25432484054815,19.52440347421897,28.727409359768775,41.802970747030734,107.0512796583313,222.1062150607579,192.44682954595763,99.26085573760018,167.52135477900688,40.03037677502866,16.89023369989385,15.169594740879534,1.7206389590143192,4.770002474613561,1.1119466070447865,0.49182342995719924,0.1263224883413045,21.343323958751974,8.583387091870511,7.164663729187888,5.595273137693573,1.4533705874383975,155.6961779081631,0.3443150146501822,47.71355965352167,48.198236879164796,0.03111111111111111,$R_{v}^{syst}$,[mmHg*s/ml],9.922091840899347,17.073371107581345,8.897632741207188,8.6184600529771,8.71323244832531,2.8935224829675614,6.5495486095047655,16.555042924430406,13.980451929385884,14.994366178769628,18.756135065666616,12.776354338339882,10.952585321199226,1.7279583500113949,0.3233045093975559,0.5509978598642041,7493.589624991157,1.4544074334180368,0.3018361341689651,1.0007134078455975,0.5477991044164018
173.25783473366917,125.29018422307198,148.3027752017075,391.4325239805892,106.24240101515747,222.34656379266195,38.92659013674965,19.34085054426459,28.476779853551097,41.431407852173464,106.24232524603391,220.80040852812837,190.61872937712525,98.28467808088396,165.50296929186814,39.907204297883034,16.64025561203613,14.944708159298179,1.6955474527379508,4.686389681049117,1.1041420910233135,0.48379689726851843,0.12414922173064867,21.201437982639767,8.524835837205364,7.115743810530866,5.560858334903533,1.4763178071537366,156.36883951486277,0.3438862288287,47.78234446394614,48.116906102779886,0.03303030303030303,$R_{v}^{syst}$,[mmHg*s/ml],9.815279736153299,16.912933796224813,9.02251112112756,8.759348986107879,8.849170825469141,2.8652233184890927,6.494630833746033,16.390579663532524,13.842739585808886,14.84751049141222,18.572645761585097,12.673164190746482,10.843127256162052,1.7018908756670301,0.3233045093975559,0.5509978598642041,7436.968071061023,1.4718119886292276,0.30150685491695856,0.9969479345824622,0.5472014990970496
172.14376165239747,124.51643386951207,147.37031405374094,387.3477645617215,105.43610517979545,220.3440116348709,38.60051455330672,19.15834380409917,28.227529663338306,41.06195952121783,105.43614354416994,219.5005331657221,188.80321024861968,97.31578920955857,163.55944460226235,39.77406325639142,16.35156932546366,14.680779541312791,1.6707897841508699,4.6039604850184315,1.0792832309623788,0.47587527873097285,0.12200674734661654,21.05981248994209,8.46641818018781,7.066936388281651,5.526457921472627,1.47629823990476,154.59753561233572,0.3438862288287,47.85067876249444,48.034572865736976,0.03494949494949495,$R_{v}^{syst}$,[mmHg*s/ml],9.709311070027805,16.753560381001073,9.14678246817526,8.898005537477374,8.983443063846181,2.83739209109222,6.440345282494498,16.22731032024966,13.706017217245195,14.70169282182892,18.390519562940103,12.568750362289652,10.73446943185911,1.6773705800938739,0.3233045093975559,0.5509978598642041,7380.527362585682,1.4662675119562458,0.3011793342108162,0.9932054867523508,0.5466070853433863
171.03447366102515,123.7458019350361,146.4418916861158,383.30371635193586,104.63402463739527,218.35872194074705,38.27670237307424,18.977336139465507,27.980129765907037,40.695323363286114,104.63393392248267,218.20858906948482,187.0036743820891,96.35581695045288,161.68499511281493,39.63158009183411,16.06790334626958,14.421497012972,1.6464063332975798,4.522867204061,1.0549771101552607,0.46807144553067975,0.11989860865532835,20.918717037361603,8.408237842265631,7.018325368290916,5.492153826805058,1.4762870696109553,152.84622866319708,0.34345744300721787,47.91840862019166,47.95133609024151,0.03686868686868687,$R_{v}^{syst}$,[mmHg*s/ml],9.60444733369479,16.595552710369038,9.270257217107247,9.034464305452584,9.11599653014083,2.810028958622602,6.386753970064976,16.065540610142655,13.570522157013578,14.55718643192762,18.210078387498278,12.464004155678573,10.626813475581242,1.6541859235272298,0.3233045093975559,0.5509978598642041,7324.381724617669,1.460769851803743,0.30085502865975916,0.9894890241019983,0.5460185067395837
169.93190137777165,122.97961615241864,145.51879021421624,379.3057739052171,103.83736146413692,216.39357093208397,37.95566367945959,18.79818265841372,27.73496075290485,40.332086593627416,103.83724564583616,216.9268000111255,185.22291399007108,95.40641462627559,159.87368089032063,39.48093929636282,15.789591184395707,14.167159944771264,1.6224312396244436,4.4432105905709856,1.0312446715311545,0.4603963107372458,0.11782777041090206,20.77848251420468,8.350437616998718,6.970034221352991,5.45801067585297,1.4762870696109553,151.11725903105634,0.34345744300721787,47.98541889062255,47.867412251741456,0.03878787878787879,$R_{v}^{syst}$,[mmHg*s/ml],9.500834967751523,16.439154345141052,9.392820519792485,9.168794869163277,9.246826116723858,2.78315609920355,6.333870699987671,15.905517156275415,13.436478115101577,14.414214479212143,18.03157076385936,12.358931625006592,10.52032735200771,1.6320871720234131,0.3233045093975559,0.5509978598642041,7268.615302489584,1.4553264537952346,0.30053387238395685,0.9858018022055531,0.5454356437210568
168.8355710426328,122.21785290045382,144.60086827550123,375.35291718611455,103.04597649785833,214.44803946108442,37.63735469896333,18.620817395304393,27.491969977426358,39.97212915697024,103.04602580202722,215.65511708946494,183.46038102284362,94.46723653458831,158.11911701690337,39.32345678497413,15.55518257906282,13.956327310550282,1.5988552685125372,4.364953319925808,1.0237976193222746,0.4528470538341252,0.1157932992197517,20.639061712888218,8.292995191057184,6.922042517238561,5.4240240045924715,1.4993089580136556,151.74012118845792,0.34302865718573566,48.051722345803,47.78278725437263,0.040707070707070706,$R_{v}^{syst}$,[mmHg*s/ml],9.398443225518278,16.284315276354423,9.514238238316393,9.300923866938437,9.375800412062931,2.75673768458013,6.281655605440756,15.747190604443723,13.303841495209689,14.272732434882347,17.854943910821223,12.253931126954802,10.414976103320193,1.610925768600235,0.3237332952190381,0.5509978598642041,7213.218354850083,1.4725477533963844,0.3002155782928095,0.9821509739708849,0.5448579752502105
167.747258820494,121.46138718373257,143.68969944915108,371.4506848629805,102.26099674210052,212.52503099132676,37.32212861088264,18.44549030695403,27.25145186350638,39.615956364122006,102.26086676531295,214.39452530861885,181.71855204319837,93.53965862310751,156.4175032938172,39.159269832576214,15.28672608345009,13.711028751551826,1.5756973318982632,4.288190491316596,1.0008455865500008,0.4454296775733074,0.11379688010891342,20.500720732796708,8.236018073977522,6.87444281585466,5.390259842964529,1.499295738259248,150.02892362917612,0.3425998713642535,48.11715413713966,47.697517750562625,0.04262626262626263,$R_{v}^{syst}$,[mmHg*s/ml],9.297351652632905,16.131255959868387,9.634463356903062,9.430933051049466,9.502953095826612,2.7307736776093847,6.2301372563722435,15.590780638089274,13.172804403938429,14.132939068299605,17.68044393125871,12.149210448015204,10.310912019826187,1.5905802206096986,0.3237332952190381,0.5509978598642041,7158.269771947036,1.4671177517225362,0.2999013807443313,0.9785379323667844,0.5442877415499279
166.66761161570324,120.71097264277456,142.78563713862513,367.6004133442518,101.48281936778871,210.6251710240928,37.0102257442618,18.27227164611832,27.013569423923318,39.26373161988502,101.48270114906109,213.14633147178296,179.99828324988448,92.62363515971757,154.76525558465997,38.989571698881306,15.023833353646525,13.470860967492289,1.552972386154236,4.212930050428065,0.9784768469265239,0.43814918251617846,0.1118395923432671,20.363480067884133,8.179512917894051,6.827235806803559,5.3567313431865236,1.499295738259248,148.34288845394582,0.3425998713642535,48.181714879737896,47.61175125479264,0.04454545454545455,$R_{v}^{syst}$,[mmHg*s/ml],9.197627139712978,15.980035421477353,9.75340482713138,9.558843197690383,9.628265760836943,2.705253805139691,6.179330866216498,15.436354363827308,13.043394793310027,13.994883431427555,17.508136165503462,12.045106775900381,10.208162580073427,1.5709159120305491,0.3237332952190381,0.5509978598642041,7103.79735574521,1.4617537173098167,0.2995908371023631,0.97496022966555,0.5437241392846763
165.597900231568,119.96743223346282,141.8897678000827,363.8054274791119,100.71215034740966,208.75013386641075,36.70188785039333,18.101203175739744,26.778515691891098,38.91576827809211,100.71200231973977,211.91142454126907,178.30092264366144,91.72026305849633,153.15941559980376,38.81562295477619,14.802942926859938,13.272252296569334,1.5306906302906027,4.139219909527228,0.9714517557448591,0.43100883836802933,0.10992231215660597,20.22753530372556,8.12356017154397,6.780490837796463,5.323484294385124,1.5224018567104411,148.94402033304596,0.34174229972128917,48.24531054521872,47.5255180497012,0.046464646464646465,$R_{v}^{syst}$,[mmHg*s/ml],9.099386383954334,15.830791882695591,9.871043559075703,9.684728625818558,9.751779470938985,2.680163121580583,6.129248628614657,15.284044111311623,12.915745832337299,13.858692087644053,17.33817207595268,11.941582688189408,10.106826655111023,1.55189574709996,0.3237332952190381,0.5509978598642041,7049.850524318676,1.4789081537754776,0.2992846576212932,0.9714308658103299,0.5431684574873906
164.53767821140073,119.23030697433045,141.0018915788469,360.06467758334713,99.94892587711108,206.89947013630382,36.39709617873353,17.932265556683415,26.546268327118675,38.5720740492376,99.9490056928178,210.68994837673662,176.62610055729564,90.82941863085107,151.59649506894297,38.637983420291654,14.550523438864786,13.041678362942331,1.5088450759224556,4.067022072154167,0.9499203518061305,0.42400654216138345,0.10804430170953346,20.092857365619473,8.06814746192939,6.7341966191865925,5.29051328450349,1.522386471675678,147.2834183315928,0.34174229972128917,48.30796609158326,47.438905587511975,0.04838383838383838,$R_{v}^{syst}$,[mmHg*s/ml],9.00260360577262,15.683493949765444,9.987293917743845,9.808585439634767,9.873462040631109,2.6555025272519215,6.079863865520474,15.13381355504645,12.789825509355996,13.724334440226961,17.170519108585964,11.839043366609506,10.006879665655001,1.533444766704597,0.3237332952190381,0.5509978598642041,6996.424811397776,1.4735868048515128,0.29898211685612397,0.9679452834532536,0.5426193795558651
163.48765928165673,118.5004559868059,140.1225605587256,356.3795369971938,99.1935026871408,205.0739407648812,36.09596849568921,17.765606573742364,26.316893270724993,38.23266884058765,99.19370457577192,209.48221098120231,174.9743190842715,89.95116151846686,150.07424094606986,38.45720670876971,14.303700831097608,12.816265794685007,1.4874350364126008,3.996345886158555,0.9289654124938873,0.417142143429857,0.106205432347623,19.959512461136402,8.013298477730517,6.688373212590837,5.257840770815049,1.5223864716756779,145.64984650972872,0.34174229972128917,48.3696282019893,47.351851076592354,0.05030303030303031,$R_{v}^{syst}$,[mmHg*s/ml],8.907307737715756,15.538187765683023,10.102140325605506,9.930465539611008,9.99334208573409,2.6312661985373187,6.031186439841371,14.985704684811825,12.665662380918471,13.591850559421797,17.005258037601994,11.73738301666722,9.908347589866267,1.5154942080466598,0.3237332952190381,0.5509978598642041,6943.545188099856,1.4683405925195783,0.2986840369444972,0.9644992384249108,0.5420783975787296
162.44789796464968,117.77752211548187,139.25156676385546,352.74887231785095,98.44578845927437,203.2730333814061,35.798354321584426,17.60118990567185,26.090311157326855,37.8974374662912,98.44579265888837,208.28748096032928,173.34516073498511,89.08548903397788,148.58930307776063,38.273084688569334,14.097291609518091,12.62992598528615,1.4673656242319417,3.9271505294147993,0.922412879238108,0.410410219057604,0.10477905908546187,19.827540824195193,7.959034613212717,6.64304205357506,5.225464157407412,1.545566975183445,146.23603216815434,0.3408847280783249,48.43032389572215,47.26438296002941,0.052222222222222225,$R_{v}^{syst}$,[mmHg*s/ml],8.813419118230577,15.394840714133085,10.215524633282596,10.050371750591154,10.111401412444952,2.6074301552808223,5.983167707128062,14.839680727604081,12.543232739447154,13.461206383023367,16.842334855861438,11.63655984353519,9.811212330177733,1.4979840631840675,0.32373329521903804,0.5529740964959388,6891.205192149206,1.485447315287135,0.29946100778693235,0.9611018733826308,0.5415461767278853
161.4192691434717,117.0622599655918,138.3899709133726,349.1757059947655,97.70645871063968,201.49838564671842,35.50464735106535,17.439165366496997,25.86679851424994,37.56687417475392,97.70657866128735,207.1076690263364,171.74015146914812,88.23306906180436,147.14125477702393,38.08719921518519,13.86073516168366,12.41393214701623,1.4468030146674313,3.8594788574565477,0.9022821779159038,0.4038191924379996,0.10301130132924892,19.697031580808915,7.90538677155875,6.598223370776187,5.193421438473976,1.5455489581425876,144.63066196596094,0.3408847280783249,48.4899461586485,47.17670722703306,0.05414141414141414,$R_{v}^{syst}$,[mmHg*s/ml],8.721030812487223,15.25358502018429,10.327500182645062,10.16841004898266,10.227730129445012,2.5840107860098063,5.935864064389905,14.695874586788163,12.422652921270206,13.3325227319739,16.681876511668623,11.536888411553253,9.715554288039034,1.4809181000536293,0.32373329521903804,0.5529738184327732,6839.452109744778,1.480256923386084,0.2991704649377856,0.9577547935880528,0.5410210302283176
160.40083244349896,116.35431707374572,137.53697020030052,345.6565833466692,96.97494829208998,199.74834512981684,35.21452994875813,17.27938690034312,25.646117857894037,37.240550179524305,96.9751633557118,205.94135816581067,170.1577890545071,87.39314612244014,145.72666770518683,37.89963251636216,13.629461217169151,12.202807201724326,1.4266540154448246,3.7932467065231736,0.8826911803566349,0.39735902845317167,0.10128081522358635,19.567922389922995,7.852332684537976,6.553902638863694,5.161687066521322,1.5455489581425879,143.05188272385385,0.3408847280783249,48.548561555824534,47.08872672269825,0.05606060606060606,$R_{v}^{syst}$,[mmHg*s/ml],8.630091912917091,15.114290063742967,10.437987765307891,10.284545478409754,10.34227728824926,2.560971942707,5.889206194740167,14.554149431495286,12.303805375631125,13.20567846702211,16.52372733220529,11.438336811430917,9.62128801929819,1.4642426988732822,0.32373329521903804,0.5529735429460697,6788.246380446299,1.4751426553276363,0.2988842649808347,0.9544457634654521,0.5405037343893038
159.39355576905777,115.65386571054682,136.69308955558293,342.1931209770588,96.25166765371647,198.0236821840313,34.92819613547032,17.121913498345222,25.428388953723555,36.918663314193495,96.25198657020232,204.78931189690064,168.59868836821414,86.56596908358163,144.344770937919,37.71095373509311,13.435471538317708,12.028547090400584,1.4069244479171235,3.7284640285707757,0.8766364146814947,0.39103179326340154,0.09958790101185189,19.440238956027432,7.79987833060566,6.510082125870058,5.130278499551718,1.5687940642462277,143.62846636088491,0.3400271564353605,48.6061397263919,47.00049317938015,0.05797979797979798,$R_{v}^{syst}$,[mmHg*s/ml],8.540635413788126,14.977010816735653,10.547018691844874,10.398849342227235,10.455102368574295,2.538301629368469,5.843222088457557,14.414567986324103,12.186729198397014,13.080722221652373,16.36795383528163,11.340911029108065,9.528445652507468,1.4479408072976983,0.32373329521903804,0.5529732691832302,6737.616735760153,1.4922179517721752,0.2986025125191387,0.9511879129203324,0.5399944792271603
158.39720515162225,114.96097785367597,135.8583688561835,338.78454461785367,95.53658450333079,196.32420159210423,34.64554953198068,16.966547576238955,25.21356459688452,36.60114701146219,95.5368401672261,203.6511772804189,167.06267980587654,85.75149757803152,142.99366417470523,37.521432337541995,13.21402691995417,11.826424225161606,1.387602694792564,3.665102910387776,0.8578337665071858,0.38483368678809443,0.0979316362983137,19.314040538082704,7.74805095906089,6.466787410314095,5.099202168707717,1.5687727125027369,142.07883352332294,0.3400271564353605,48.66266294658044,46.91199994178084,0.0598989898989899,$R_{v}^{syst}$,[mmHg*s/ml],8.452642794182237,14.841731366139689,10.65459003094996,10.51135367103471,10.566225674567043,2.516005958645732,5.797880354597393,14.277107620441818,12.071421747530541,12.957639932328695,16.214531548897167,11.244591116751964,9.437019722811401,1.431983987428498,0.32373329521903804,0.5529729998950161,6687.560915233155,1.4871667671808961,0.2983255133570589,0.947981027033769,0.5394938150934984
157.41120931877126,114.27552715586255,135.03238218886577,335.42880040477496,94.82940764205314,194.6489243994656,34.36649703185309,16.813384246195884,25.00156516502218,36.28783103119489,94.8296211879138,202.52673723110135,165.54905306305807,84.94921752389953,141.67170100723473,37.331369912160625,12.997584754484492,11.628907206821571,1.368677547662922,3.6031082042206646,0.8395370018043647,0.378761317594972,0.09631085625174429,19.189225311173153,7.696806163814791,6.423979481737039,5.068439665621325,1.5687727125027369,140.55546468171292,0.3400271564353605,48.7181770639743,46.823260219565285,0.06181818181818182,$R_{v}^{syst}$,[mmHg*s/ml],8.366048878234778,14.70838138825681,10.760676056369888,10.62206286525394,10.675642067523745,2.4940712163363585,5.75317129469118,14.141686079851885,11.957807739864359,12.836360474922047,16.063372847801446,11.149402448570871,9.346953781329423,1.4163418592613584,0.32373329521903804,0.5529727331236443,6638.05853494372,1.4821927941621145,0.2980528409582349,0.944810412846551,0.5390009725698185
156.43692559656566,113.59801847462222,134.21612765112732,332.1287562190904,94.13080227993913,192.9993966597995,34.09132578951834,16.662573245009987,24.792599612243116,35.97911486601918,94.13116929865943,201.41716911649016,164.05908325853534,84.1598383019358,140.37880578586933,37.14131102742896,12.816316483407133,11.466154065739172,1.3501624176679619,3.5425176039952087,0.8339677885816908,0.37281920142906455,0.09472649680994441,19.065930654975002,7.646198453802231,6.3817020720989435,5.038030129073826,1.592072641554514,141.12497533982454,0.3391695847923962,48.772588883199326,46.73443168304009,0.06373737373737373,$R_{v}^{syst}$,[mmHg*s/ml],8.280873466292446,14.5770820809172,10.865355838208838,10.731084193669238,10.783451357611408,2.4725104627981387,5.709124299586699,14.008427677953257,11.845992145029099,12.716995847672194,15.91462038901892,11.055474657694294,9.258328970782017,1.4010170110423494,0.32373329521903804,0.5529724635633155,6589.156159595739,1.499243307415225,0.2977843284478761,0.9416927772537755,0.5385156550634997
155.47349976197737,112.92797458915351,133.4088515035908,328.88117673273746,93.44023438626547,191.37407725807213,33.8197756740697,16.51396409310151,24.5864543910914,35.67463490498575,93.44067329457424,200.32129482792664,162.59128959381394,83.38262643049589,139.1127578677857,36.95128379540767,12.609231456474014,11.277199854101665,1.332031602372349,3.4832551163383783,0.8164196211013237,0.3669989463825961,0.09317650173624496,18.94408016421651,7.596198905264429,6.33993398762298,5.0079472713290984,1.5920504213975761,139.6313467538867,0.3391695847923962,48.8259620764934,46.64540201521688,0.06565656565656565,$R_{v}^{syst}$,[mmHg*s/ml],8.197098255240899,14.447704722025687,10.968587057458326,10.83839826357081,10.889625625433194,2.4512979996842392,5.6656882101043,13.87719942362852,11.735870840133744,12.599429494548849,15.768123100105777,10.962747120063602,9.171060807032156,1.3859867987872097,0.3241620810405202,0.5529721988496672,6540.816407038583,1.49433857557201,0.2975203601572882,0.938625156268738,0.5380385501770462
154.51993407836224,112.26502734800215,132.60989189184022,325.6830918109764,92.7572011921051,189.77153380135562,33.551548265425915,16.367420518235093,24.382930407155353,35.374035807465404,92.75742967876054,199.237961579322,161.14430680106682,82.61684507277387,137.8715519917345,36.76128381162028,12.406748295052758,11.092487257385018,1.3142610376677386,3.4252511733466497,0.7993371426635213,0.36129281305790334,0.09165882827044576,18.823589998492974,7.546772996600024,6.298648436728157,4.978168565164792,1.5920470934388125,138.16268131840906,0.3391695847923962,48.87835353072458,46.556102533618485,0.06757575757575758,$R_{v}^{syst}$,[mmHg*s/ml],8.114645551825346,14.320138375188959,11.07032845859699,10.943986441477124,10.994139016436707,2.4304087115732367,5.622817955159159,13.747879815995502,11.62734055911014,12.483551891453175,15.623767570628972,10.871173149243324,9.08506900508195,1.371224351724308,0.3241620810405202,0.5529719393498491,6493.004083447357,1.4895089496314877,0.29726090287537504,0.9355935234391572,0.5375695975185945
153.57797719439037,111.6100355217359,131.82071952635405,322.5389894286849,92.08268466586524,188.19411354152388,33.28715280997961,16.22317303046523,24.18239555329236,35.077972528989676,92.08297796585947,198.16947255698418,159.720375723038,81.86364175095264,136.65641434994296,36.572032264225946,12.237351023133943,10.940470227701635,1.2968807954323074,3.3685726653669295,0.7942201101215403,0.3557108477803434,0.09017565442791171,18.70461816905058,7.497981514729766,6.25789051661074,4.94874613771007,1.6153920527753698,138.72579161469335,0.3383120131494318,48.929630652633435,46.46678258649589,0.0694949494949495,$R_{v}^{syst}$,[mmHg*s/ml],8.033629354109742,14.194574147765097,11.17071210885374,11.04799957119478,11.097138349365702,2.4098664796908973,5.580587939805368,13.620666460081251,11.520564320699588,12.36954051213838,15.481782488891179,10.780883496799758,9.000479687649177,1.3567478704410054,0.3241620810405202,0.552971677476996,6445.787926610567,1.506535046388787,0.29700553327334833,0.9326126396378155,0.5371080389297225
152.64695836281368,110.96249187431971,131.04046888357513,319.44570924288416,91.41613665821603,186.6401906990673,33.026311949699874,16.08106073576401,23.984623354822595,34.78606258307412,91.41654281484969,197.11458906750332,158.31790231826443,81.1221012696015,135.46530639948992,36.38350716423018,12.043681724751131,10.76381684941531,1.2798648753358208,3.313143273248551,0.7778391858633639,0.35024462957547114,0.08872483194315522,18.587059330126984,7.449782730402681,6.217627560338377,4.91964903938593,1.615369576668025,137.28676127837954,0.3383120131494318,48.979877440016395,46.377360116933524,0.07141414141414142,$R_{v}^{syst}$,[mmHg*s/ml],7.953963080859633,14.070875039654569,11.269690584773869,11.1504075968032,11.19858788010616,2.389641361622199,5.538947362506985,13.495424918579634,11.415420570581793,12.257267747650749,15.341980010169115,10.691794199737737,8.917197727381714,1.3425349897085335,0.3241620810405202,0.5529714195338894,6399.129566075122,1.501778201278219,0.2967542470867641,0.9296808748719241,0.5366538605863286
151.72645044876307,110.32250549753181,130.26909496450847,316.4022170603381,90.75747055622702,185.10939347664225,32.76896336458175,15.940901360255337,23.78957307109565,34.49819014397328,90.75785380183996,196.07306725075316,156.93659255684358,80.39213124603414,134.297500336516,36.19567925308023,11.854467121296482,10.591263015956569,1.263204105339913,3.2589329996144243,0.7619056247581655,0.344891213909745,0.08730557687883758,18.4708994165978,7.402169271941833,6.177853792912977,4.890876351742984,1.6153613214054736,135.87302074625362,0.3383120131494318,49.02910049655536,46.28777173448912,0.07333333333333333,$R_{v}^{syst}$,[mmHg*s/ml],7.875597365618476,13.94901586834911,11.36728217738425,11.251244389035692,11.298516642990393,2.3697392619128284,5.497888798725743,13.372118850149915,11.311887212831325,12.146708784580799,15.20432845897859,10.603901941560006,8.835206609570932,1.3285717769076202,0.3241620810405202,0.5529711608896942,6353.022938935891,1.4971001275545261,0.2965075920342017,0.9267896338213346,0.536208057500034
150.8164071639538,109.68966833929915,129.50656749239863,313.4075804228039,90.10656753915204,183.60139016687395,32.51504474171244,15.802810787446095,23.597207430275645,34.21437831809442,90.10701775531791,195.0447352615413,155.57615036649156,79.67354658212228,133.15195894553455,36.00889311742206,11.696177570031914,10.449286702186836,1.246890867845079,3.2059128202446865,0.7572118554410194,0.3396482683082086,0.08591712512475036,18.356160657946692,7.355152378903494,6.1385795106034555,4.86242876843974,1.6387415243698913,136.43058230060964,0.3374544415064675,49.07727956594165,46.19812866750324,0.07525252525252525,$R_{v}^{syst}$,[mmHg*s/ml],7.798487105588065,13.828967956457971,11.4635091368815,11.350545587817479,11.396955866184594,2.3501505936254112,5.457391095420836,13.250717826433211,11.209948914160353,12.03783976290538,15.06879344894412,10.517181741453971,8.754487203644567,1.3148535106506636,0.3241620810405202,0.552970907659193,6307.459727740643,1.5141025346607442,0.2962648954187942,0.9239422521150358,0.5357694072422851
149.91717536585796,109.0643251288851,128.75295144457561,310.46178164417404,89.4635448569634,182.11616398485464,32.264621687196716,15.666802849538922,23.407558246625612,33.934629907128425,89.46407687709295,194.02986867886827,154.23659597886896,78.9663471217205,132.02847314472393,35.823325850032646,11.51504444205333,10.284121199383385,1.230923242669945,3.154066960218238,0.7419172671733821,0.33451529102074185,0.08455919786947975,18.242796225146357,7.308708326360011,6.099782184111842,4.834305714674506,1.6387188384405493,135.04476815158122,0.3374544415064675,49.12443953322203,46.10840459061572,0.07717171717171717,$R_{v}^{syst}$,[mmHg*s/ml],7.722677384207029,13.710740875153853,11.558398133719184,11.448351364218817,11.493942891837525,2.3308771272060786,5.417473377164876,13.131226224972476,11.109589720195487,11.930660764507666,14.935380147229637,10.431695880817191,8.675038522033061,1.3013751924566785,0.3241620810405202,0.5529706524529177,6262.448139987438,1.5094949386087289,0.2960264960588478,0.9211433366111824,0.5353385297134784
149.0276348576182,108.44586138256173,128.0074116144255,307.5611921121058,88.82773432867926,180.65204240959451,32.0173321670546,15.532706297601063,23.22035337742408,33.65852535176073,88.82815116002774,193.0268455933238,152.91626722866326,78.26966634582492,130.92501875931953,35.63881504292044,11.337931360367378,10.122659309524431,1.2152720508429462,3.1033204303069475,0.7270288825078624,0.32948272222561314,0.0832294935642024,18.130768952578432,7.262827578217721,6.061459188479822,4.806482185880882,1.638704497153177,133.68231446044103,0.3374544415064675,49.17062278613994,46.018547776081995,0.07909090909090909,$R_{v}^{syst}$,[mmHg*s/ml],7.648068814959703,13.594185549826388,11.65190705940942,11.544630276569402,11.589441566671896,2.3118884271307123,5.378057486928802,13.013487028606061,11.010700955700676,11.825039132822523,14.803920464968824,10.347275596280195,8.596764968907939,1.2881133011094401,0.3245908668620024,0.5529704074242426,6217.941403007548,1.5049614342947377,0.29579222162536184,0.9183848808062813,0.5349151015208451
148.14837585590368,107.83423244911118,127.27052692168495,304.7080837201027,88.19973125396007,179.21017233816355,31.7735520545134,15.400665490916738,23.035865572875498,33.386539814970405,88.20052207278138,192.03762956706947,151.6163821559548,77.58398723228896,129.842451493061,35.45587520929451,11.164922430383303,9.96496189017435,1.1999605402089526,3.0536991094210912,0.7125455613814904,0.32455858365340456,0.08192944082177941,18.020083475837577,7.217506373874539,6.02360118038548,4.778975921577561,1.6387044971531772,132.3440568647857,0.3370256556849853,49.2158062810911,45.92877045588464,0.081010101010101,$R_{v}^{syst}$,[mmHg*s/ml],7.57472184303347,13.479406775565378,11.744154601805562,11.639509838370959,11.683576806022367,2.2932084176589815,5.339215183679448,12.897614571438556,10.913363145306288,11.721069148464512,14.674532259418639,10.26409924747488,8.519724816716028,1.2750856097379566,0.3245908668620024,0.5529701604501224,6173.9811877772045,1.500504082985441,0.29556124603022793,0.9156648349914073,0.534497640504939
147.27963864639077,107.23022156914429,126.54250176291687,301.9013945484036,87.57924381969771,177.78995219595,31.532984041076677,15.270567157644088,22.853890404294734,33.11829439183392,87.5800200825957,191.06065197005813,150.33630281720576,76.90907536656417,128.77964467284872,35.274323470885996,11.020403563564418,9.83544235771481,1.1849612058496086,3.005166311727411,0.7084281426282028,0.31973362416148104,0.08065710992372574,17.910778766430937,7.172760668774439,5.98622442671879,4.751793670937704,1.6620872567467073,132.8992755620608,0.3365968698635031,49.25995127282155,45.83885754578117,0.08292929292929292,$R_{v}^{syst}$,[mmHg*s/ml],7.502602703536528,13.366340174484895,11.83508718366748,11.732950150249613,11.776307772988817,2.274812396060657,5.300898964284113,12.783538919281137,10.817522390394368,11.618691353728394,14.547139609445168,10.182066011964102,8.443886451193455,1.26227100798166,0.3245908668620024,0.5529699129097688,6130.5470673788395,1.5174745723503271,0.2953349467969335,0.9129933258260831,0.5340886364736538
146.42089820879283,106.63317264020641,125.82267750153079,299.1388205625036,86.96599392934533,176.39048485745352,31.295611108878088,15.142362486920485,22.674382735397092,32.85375427041939,86.96682682472286,190.09596038458565,149.0752287358985,76.24450325403649,127.73569737628466,35.09425926085101,10.854669855191995,9.68440048133008,1.1702693738619157,2.9576770800926333,0.6945182375212208,0.3150065492541973,0.07941189540511798,17.802775683481627,7.128558914875639,5.94930257853313,4.724914190072856,1.6620656207789615,131.58721988014122,0.3365968698635031,49.30310951842169,45.7489084190843,0.08484848484848484,$R_{v}^{syst}$,[mmHg*s/ml],7.4316598070608455,13.254929834470518,11.924727700293719,11.824980270073135,11.867659754600481,2.2566839495288593,5.263095694601142,12.671201897263836,10.723124929796171,11.517850928132125,14.421676341808306,10.101160177769746,8.369203324821038,1.2496644720326056,0.3245908668620024,0.5529696663836129,6087.619575054173,1.5130882076395051,0.295112504609187,0.9103661063215813,0.5336866062458803
145.57179361464378,106.04266538162813,125.11099170110113,296.41974403835667,86.35993859841135,175.0114824966387,31.061282250453264,15.015969201185722,22.497265712485163,32.592748147480904,86.36053585537125,189.1429092333702,147.83271208724523,75.59002505397493,126.70972922638994,34.915627708352844,10.692639260251202,9.536767148695652,1.1558721115555486,2.9112078464020055,0.680973921360455,0.31037310117136196,0.07819279783495865,17.696101217959225,7.084914984226036,5.912849569987788,4.6983366637454,1.6620656207789613,130.29781243483322,0.3361680840420209,49.345298586377034,45.6588810045303,0.08676767676767676,$R_{v}^{syst}$,[mmHg*s/ml],7.36182463146069,13.145132193075845,12.013095558119486,11.915626924238854,11.957656992264692,2.2388239035984614,5.225773913720419,12.560554889221793,10.63014269010872,11.418512575362799,14.298096702072646,10.021309440342247,8.295650711025655,1.2372542567380016,0.3245908668620024,0.5529694301352382,6045.195701888794,1.508776112506756,0.2948943219607965,0.9077716870165674,0.5332922687763679
144.73296540263732,105.45949037541997,124.40799807409243,293.7457877415317,85.76147530914712,173.65367930319417,30.830287429435664,14.891423248793695,22.322722929432743,32.33565145702809,85.76236881106668,188.20290978085768,146.60964786415863,74.94607386911167,125.702676908531,34.73886880172008,10.557502649975941,9.415718681757383,1.1417839682185575,2.86577010330844,0.6772049705766755,0.30583837807290315,0.07700063339805518,17.590741165154856,7.041815474515821,5.876848505336185,4.672077185302854,1.6854638372790298,130.84815068381485,0.33573929822053883,49.38650056438489,45.569098220068895,0.08868686868686868,$R_{v}^{syst}$,[mmHg*s/ml],7.29316929634556,13.037036892987517,12.100271973698336,12.004979529538321,12.046388035584558,2.221252794852316,5.188997704139705,12.451679001114822,10.538631437210192,11.32074474317695,14.17650704402111,9.942670621084543,8.223275217161987,1.2250572194112435,0.3245908668620024,0.5529691867527924,6003.303271640298,1.5257217790638788,0.29467863377953507,0.9052236810532616,0.5329024488868538
143.9037983207091,104.88308364568567,123.71294655624932,291.1135376565559,85.16991340394675,172.31552676516995,30.602288861195134,14.768670030862628,22.15050071921906,32.08200919509754,85.1706325428077,187.27436260115533,145.40451896307192,74.3118700852662,124.71273914051565,34.56369546082478,10.402290472410607,9.274312944692525,1.1279775277180815,2.821297610676435,0.6641954562717465,0.3013932577979927,0.07583337948578026,17.486656920428608,6.999250047414186,5.841295416620574,4.646111456393847,1.6854405413703561,129.58432452224832,0.33573929822053883,49.42672027461318,45.47906684066443,0.0906060606060606,$R_{v}^{syst}$,[mmHg*s/ml],7.225618734547999,12.930498373775333,12.186211169324435,12.092998792892416,12.133810776864017,2.203941727531769,5.152694271841241,12.34443582500912,10.448491034053285,11.224428293993839,14.05675196776787,9.865085320219773,8.151990746095665,1.2130491535481045,0.3245908668620024,0.5529689498443682,5961.893938276273,1.5214800549068472,0.2944682710654327,0.9027195071917518,0.5325222530999437
143.08395340049157,104.31280126294253,123.0256639218631,288.5225028440072,84.58538650085727,170.99696649771872,30.37740688396384,14.64771885448717,21.980683704853472,31.831977279842143,84.5861184667806,186.3581729902961,144.21733150973924,73.68733242710843,123.74013557805662,34.39041737834581,10.25054351778909,9.136083617144886,1.1144599006442037,2.7777766438179388,0.6515256395742915,0.2970403804876648,0.07469128644087333,17.383778093018236,6.957186943071079,5.806159910553109,4.6204312393940485,1.685433611235715,128.34217112833278,0.3353105123990566,49.46601582080448,45.38900393232826,0.09252525252525252,$R_{v}^{syst}$,[mmHg*s/ml],7.159169725974858,12.825522852810382,12.270975100743614,12.179750447292378,12.219989051504001,2.1868994476966153,5.116893781170944,12.238828031777077,10.359704603530044,11.129560968504574,13.93881659680876,9.788631620262635,8.081787605547884,1.2012405095101792,0.3245908668620024,0.5529687166220087,5920.977055060009,1.5173090345461984,0.2942618464146829,0.9002484728151042,0.5321491751147843
142.27388598311524,103.74963591791241,122.34668548630013,285.9731208330115,84.00787781448182,169.69805204805576,30.15545166733911,14.528536480495292,21.813150076842383,31.585345887969705,84.00843650908843,185.45308646333186,143.04794077041848,73.07250759567768,122.78393781300329,34.21879479250773,10.124048849846178,9.022836879852052,1.1012119699941256,2.735195816145197,0.6480712081849064,0.292773335728524,0.07357299353738074,17.282207963299914,6.915668588382125,5.771481137981019,4.59505823693677,1.7088374957703694,128.88712824037884,0.3348817265775745,49.5043265379924,45.29902311747113,0.09444444444444444,$R_{v}^{syst}$,[mmHg*s/ml],7.093821168705369,12.72210147562537,12.354542439620504,12.265222592139589,12.304911020897968,2.170109294371526,5.081557804884511,12.13483909254459,10.272273309067028,11.036132547653704,13.822684132417178,9.713212724291331,8.012669880836041,1.1896122953615282,0.32501965268348454,0.5529684835225713,5880.551447013727,1.5342266891327239,0.2940588822523756,0.8978189517319034,0.531782354717821
141.47247087884796,103.19252766030279,121.6749245689857,283.4623519313696,83.43692476653558,168.4173772303981,29.93639531178251,14.411035707492514,21.64784493241465,31.34209328108627,83.43763105560073,184.55939317496586,141.89532317586688,72.46666105688321,121.84361893275002,34.04895203643594,9.978510554688704,8.890279814560339,1.088230740128366,2.693497393299221,0.6358846451399413,0.28859143726001735,0.07247796929622896,17.181786175584715,6.874630148025677,5.737203548120433,4.569952479438607,1.7088141032308848,127.66868346455935,0.3348817265775745,49.541755214720105,45.209094817785974,0.09636363636363636,$R_{v}^{syst}$,[mmHg*s/ml],7.029495540173365,12.620141583648243,12.436943732648936,12.349447525676801,12.388605304623802,2.153567823957543,5.046680100659109,12.032382207566895,10.186113846405373,10.944058342743386,13.708247855613076,9.638841514116994,7.94456528228543,1.1781652345465758,0.32501965268348454,0.5529682551364303,5840.584733657491,1.530122111065196,0.29385896467552747,0.8954292384245701,0.5314210389944094
140.68102300553036,102.64221203573229,121.01139486909557,280.99223745818125,82.87289373698185,167.1559246608247,29.720204762961522,14.295266209897058,21.484786464632933,31.102142118617998,82.87327610860493,183.67674249208537,140.76010439208838,71.87018782689044,120.91913734585117,33.88089460007035,9.836253506916673,8.760744110862825,1.075509396053848,2.652701480887732,0.6240237674304905,0.2844923328339743,0.07140579564319972,17.08262843642589,6.834115576954419,5.703363497740952,4.5451493617305205,1.7087973262282166,126.47178393002336,0.33445294075609233,49.578197066684204,45.119090737454655,0.09828282828282828,$R_{v}^{syst}$,[mmHg*s/ml],6.966241561941222,12.519697767781931,12.51818627465727,12.432441050993116,12.471089255971568,2.1372581881293438,5.012266562063074,11.93150739652442,10.101278558708382,10.853390362513005,13.595573476930198,9.565512418543584,7.877519791212465,1.1668943631922999,0.32501965268348454,0.5529680207751565,5801.102561588729,1.5260934936266815,0.2936635420674601,0.8930804550093647,0.5310678575151586
139.89855655453178,102.09818593686464,120.35544466998599,278.56092825785356,82.31564524056277,165.91294949546017,29.506909302059054,14.181179449254552,21.32395014168717,30.86551144933473,82.31607709542939,182.80529544245925,139.64168268842127,71.2827420480989,120.00988306366355,33.714664552221244,9.697142304528493,8.63409621085799,1.0630460936705026,2.612772282680803,0.6124700794565914,0.28047555816660846,0.07035618722790477,16.984699341599264,6.7941150739473875,5.669954396488928,4.52062987116295,1.7087973262282166,125.29551269781423,0.33445294075609233,49.613755581396106,45.02937231451243,0.1002020202020202,$R_{v}^{syst}$,[mmHg*s/ml],6.9039898489336515,12.42072059099514,12.598329831043568,12.514265294053896,12.55242153620538,2.121190237608776,4.978295291810054,11.832158989090656,10.01771325398218,10.764078167096573,13.484600118812532,9.49317448687785,7.811489290351743,1.1557981665620594,0.32501965268348454,0.5529677994642757,5762.095166839395,1.522134854578923,0.29347033296504865,0.8907638320915982,0.5307186661671214
139.12521872770898,101.56085946329942,119.70724646247344,276.16748855755907,81.76485755862416,164.68799537614748,29.2963542873678,14.068722552388417,21.16524988652432,30.632099678785778,81.76480166012063,181.94447405732797,138.53965342701807,70.7042213296702,119.11563718571169,33.5502534015566,9.581323909419435,8.530495451201382,1.050828458218052,2.5736841471492484,0.6094440850464353,0.27653717222436497,0.06932805469354233,16.88794605685656,6.754601135993166,5.636951012529395,4.496393908334002,1.7321736500221212,125.83760618440118,0.33402415493461013,49.648341017129496,44.93942565925787,0.10212121212121211,$R_{v}^{syst}$,[mmHg*s/ml],6.842720465054846,12.323171980689873,12.677335974440469,12.594888897666296,12.632571724934452,2.1053568681750097,4.944770012192702,11.734299679870901,9.935394822122216,10.67609073630593,13.375286944659196,9.42186282121862,7.746454283405454,1.1448707032469971,0.32501965268348454,0.5529675691613039,5723.540029103691,1.5390182279003854,0.2932822309135067,0.8884895737103096,0.53037871887918
138.36113602194524,101.02977283604908,119.06668621364634,273.8122184570664,81.22072858278999,163.48113659908208,29.088567550113098,13.957796069563923,21.008698006358294,30.401869825524255,81.21997272682651,181.0943502543642,137.4540948411345,70.13462048785838,118.23596271972282,33.387683229498315,9.447905558975522,8.409051005970843,1.0388545530046787,2.5354281607818985,0.5983324107509644,0.27267644762578325,0.06832133814847634,16.79240268991164,6.715591108262221,5.604369381787107,4.472442199862313,1.7321499405659264,124.68431019012111,0.3335953691131279,49.682018532801195,44.84953429676042,0.10404040404040403,$R_{v}^{syst}$,[mmHg*s/ml],6.782448349779224,12.2270591152355,12.755262937482504,12.674361434614825,12.711587750514797,2.0897588537758502,4.911675545789324,11.63793302127829,9.854329643936751,10.589432976974955,13.267637110904081,9.3515229981939,7.682418786796513,1.1341092057320064,0.32501965268348454,0.5529673457074931,5685.4510007952995,1.5351291765750141,0.2930980212839317,0.8862565189209072,0.5300458038963005
137.60652542596645,100.50540233391115,118.43407552308476,271.49489378016386,80.68325504994573,162.2924205745552,28.88346852893684,13.848488733918915,20.854234804228973,30.17469543565137,80.68106356261417,180.25438466344923,136.38482566919026,69.57387701586913,117.3704267948022,33.22679132449305,9.317456646325029,8.290342334414898,1.027114311910131,2.4979947338414146,0.5875102801483819,0.2688900887516821,0.06733524129308656,16.698101876865127,6.677096953382161,5.572219877190246,4.448785046292716,1.7321455824213774,123.55141721291359,0.3335953691131279,49.714740074925935,44.759556730479986,0.10595959595959595,$R_{v}^{syst}$,[mmHg*s/ml],6.723182399499708,12.13237125901624,12.832103162892743,12.752678468064016,12.789465568565877,2.074387595985106,4.878998634896897,11.543042731332632,9.774506144062363,10.504091299628602,13.16163411224822,9.282128977013409,7.619375597168343,1.1235036171990445,0.32501965268348454,0.5529671232910761,5647.827853496201,1.5313142378357316,0.2929186691732288,0.8840563133816371,0.5297216721129359
136.86157734691017,99.98821372823167,117.80969318966063,269.21574887192986,80.1525054072183,161.12202526459427,28.68096717292567,13.740792780647228,20.701824788078277,29.950531655791764,80.14783221801206,179.42421724382376,135.331950034226,69.02209982221113,116.51872750967091,33.067570873727966,9.20909891904064,8.193498792670647,1.0156001263699923,2.4613770182293595,0.5847607023684643,0.26517554867049614,0.06636921814657389,16.60508934813531,6.639137106149139,5.540518466859815,4.425433775126352,1.7555080688609968,124.09043458208008,0.3331665832916458,49.74646096683058,44.66946182024988,0.10787878787878788,$R_{v}^{syst}$,[mmHg*s/ml],6.664926486573376,12.039105277249098,12.907855297769968,12.829840912930587,12.866206477307596,2.0592395400530203,4.846725315195805,11.449637658032634,9.695931690755568,10.420069492743911,13.057280803522305,9.213645475116364,7.55733284983215,1.113050269400523,0.32501965268348454,0.5529670803247111,5610.675378505281,1.548179111203489,0.29274467906674334,0.8818980320654258,0.5294070650550101
136.1208983980556,99.47337552201026,117.18877246375305,266.9613831873017,79.62593201870324,159.9632949912238,28.48105719384806,13.634316433075233,20.551288862281464,29.72942307888338,79.62220510115965,178.60545670028372,134.29069274160608,68.47616612917581,115.68003225368206,32.91061708485405,9.083494847758175,8.07917453778357,1.004320309974605,2.4253614193146276,0.5743030269388566,0.26153719069490144,0.06542228490453146,16.51262453590604,6.601409134745571,5.509008622870552,4.402206778289915,1.7554842879682768,122.97499881423097,0.33273779747016363,49.77762681312099,44.57993981380591,0.1097979797979798,$R_{v}^{syst}$,[mmHg*s/ml],6.607335124434004,11.946856159497518,12.982674544805086,12.906052011948528,12.94199866167802,2.04430059197255,4.814893388698193,11.357299831604431,9.61819628558919,10.336976484167337,12.954102784605785,9.146211085326764,7.495949471153777,1.1027753185305975,0.32501965268348454,0.5529670803247111,5573.815241309227,1.5444089092149718,0.29256750808382376,0.879762308213197,0.5290866644575359
135.38842193580993,98.96376768154425,116.5744709001648,264.7408507780485,79.10552107362219,158.82090849794182,28.283785139692586,13.529351849882795,20.402777297971827,29.511348427750974,79.1029298816053,177.79718362314313,133.26435626142964,67.9382678429176,114.85462826308488,32.75562924760149,8.96057998307305,7.967313802045704,0.9932661810273458,2.3900852686574354,0.5641073338001679,0.2579711076829118,0.06449481956397667,16.42118485535299,6.564107526630789,5.477852503788508,4.379224824933697,1.755467175883808,121.87791910224972,0.33273779747016363,49.80800186938065,44.49054156519766,0.11171717171717171,$R_{v}^{syst}$,[mmHg*s/ml],6.550642010233718,11.855907664367507,13.056463999629223,12.981183428151489,13.016723932670617,2.029572287637734,4.783472950272855,11.266315844716818,9.541587482573176,10.255085689298646,12.852433186199452,9.079732943181785,7.435462586316595,1.092659634516547,0.32544843850496674,0.5529670803247111,5537.386475153553,1.5407005408487227,0.2923932120130261,0.8776584159558786,0.5287714629256558
134.66539069827573,98.46114411229561,115.96820844267639,262.5569803370524,78.59170754423688,157.69615974038993,28.089100795781594,13.42596050186233,20.256292090561793,29.296228247655478,78.5894619139222,176.9987219630253,132.2538786407657,67.40897432997967,114.04242567910534,32.6024249109321,8.840431453991272,7.8580030515771435,0.9824284024141274,2.3555774395493616,0.5541798984901275,0.25447388324763165,0.06358644293697296,16.330986814325616,6.527319319977292,5.447125779994781,4.3565417143535425,1.755467175883808,120.80072536273562,0.33273779747016363,49.83742639872769,44.401146540673544,0.11363636363636363,$R_{v}^{syst}$,[mmHg*s/ml],6.494917378604829,11.766344313301538,13.129249804644045,13.055254182201512,13.09040380698954,2.015054154621019,4.752453579039199,11.176763207453991,9.466189647873984,10.174475186503303,12.752366198539717,9.014148650392546,7.375942738162121,1.0826911749697925,0.32544843850496674,0.5529670803247111,5501.419528096581,1.5370670664553325,0.29222366945777867,0.8755886111521739,0.5284648577744995
133.95047234079178,97.96421939459843,115.3688031343742,260.40661455013975,78.08388739242965,156.5873853496839,27.89692679241534,13.32402242996062,20.111729179932933,29.08400813266383,78.08185149898148,176.21002841438272,131.25784790167117,66.88749911528579,113.24290028233347,32.45106734988312,8.74064600783715,7.768844871407808,0.9718011364293409,2.3217782346145173,0.5517359407545102,0.2510439884043734,0.06269631095714728,16.24184282313434,6.490967066688009,5.41676307943057,4.334112677015762,1.7787822099687025,121.33185218400227,0.33230901164868143,49.8660139308516,44.3118091527464,0.11555555555555555,$R_{v}^{syst}$,[mmHg*s/ml],6.440060274690667,11.678050036489337,13.201062446628816,13.128306268213608,13.16307673282001,2.0007447659120157,4.721834220145164,11.08851715857296,9.391887168367726,10.095029713984928,12.65377593328539,8.94948011584109,7.317294962076586,1.072870499014667,0.32544843850496674,0.5529670803247111,5465.872117470075,1.5538654162313847,0.29205747801004406,0.8735557436560628,0.5281643128530242
133.24524319757367,97.47405897852317,114.7775360468072,258.292535706936,77.5827042982423,155.496140556356,27.707424803187905,13.22365918230748,19.96925132654237,28.874865135118746,77.58056094354136,175.43177954845157,130.27765408676223,66.37456257947876,112.45667835167949,32.30168936515292,8.625441192600142,7.66404960868837,0.9613915839117719,2.288724642296417,0.542189832780156,0.24768359443059398,0.061825179517280775,16.153957401747494,6.455136375955583,5.386835419003218,4.31198560678869,1.7787582504162962,120.27682337169296,0.3318802258271992,49.8936526788742,44.222638078019834,0.11747474747474747,$R_{v}^{syst}$,[mmHg*s/ml],6.386125864373858,11.591140747509192,13.27196781917839,13.200399543585567,13.234804591042634,1.9866558571809363,4.691622174899088,11.001705714659074,9.318784166744452,10.016861044329689,12.55678103790061,8.885739369104577,7.2596059165003,1.0632032069986928,0.32544843850496674,0.5529670803247111,5430.7893008769615,1.5503046002279908,0.2918953773545707,0.871565655347016,0.5278711658263003
132.54621178745947,96.98804038016378,114.191299985889,256.20558116260963,77.08638395434673,154.4179548922409,27.52012552166865,13.124516152608358,19.828432239524613,28.668235615012755,77.08466170628157,174.66228801714408,129.30948423058166,65.8680549152101,111.68150515259715,32.154044244110686,8.512433455338178,7.56126172672541,0.9511717286127672,2.2562742637323807,0.5328565194893304,0.24438408365492223,0.060970277569779865,16.066871776910716,6.41963960884599,5.357187343927067,4.290044824137659,1.778750902687987,119.23685420182129,0.3318802258271992,49.920609302293066,44.133546274577185,0.11939393939393939,$R_{v}^{syst}$,[mmHg*s/ml],6.332909618391319,11.505281508556676,13.34186746835271,13.271455482403054,13.305502653078642,1.972748694178325,4.661761360566163,10.915992362781578,9.246584394514455,9.939661380051188,12.460999073198465,8.822821782016332,7.202635820496223,1.053671654176315,0.32544843850496674,0.5529670803247111,5396.046876804271,1.54679527155454,0.2917350131479595,0.869596338204004,0.5275811590387045
131.85579756127717,96.50839899432043,113.61239863867884,254.1519894838535,76.5960638931635,153.3556977209314,27.335149202659665,13.026711021444456,19.689437706594187,28.46426624629211,76.59396715725161,173.90166911890617,128.355562065142,65.36930178946328,110.91812240546493,32.008094318433585,8.40188089455731,7.460737177915403,0.9411437166419063,2.2245044936264646,0.5237626518676017,0.24114566040389873,0.060132273190372156,15.98093459733144,6.384618286482581,5.327938637762259,4.268377673086598,1.778750902687987,118.21501213867556,0.3318802258271992,49.94666975631318,44.04441173297773,0.1213131313131313,$R_{v}^{syst}$,[mmHg*s/ml],6.280568733429024,11.420674094309081,13.41083474975121,13.341534604019175,13.375235769446364,1.9590376820115898,4.632264441116691,10.8315627809872,9.175471386114713,9.863611284724966,12.366647694797422,8.760726001732051,7.146534124341074,1.0442730231620287,0.32544843850496674,0.5529670803247111,5361.724472521445,1.5433562265492171,0.29157929822623824,0.8676629337008067,0.5272995601384051
131.17209823560094,96.0330276316991,113.03913423376116,252.12683322452685,76.11101849863194,152.30725743959803,27.1525504463996,12.930184812039762,19.552239317017694,28.263050649473257,76.10927493090871,173.15068655069567,127.41440931736773,64.87734801009984,110.16625155389718,31.864088054412573,8.310118503490962,7.37880716004617,0.931311343444791,2.1933452209322226,0.5216170392491476,0.2379701569396352,0.059310876981011625,15.8958606623523,6.34995518491305,5.298987227396001,4.246918250043251,1.8020087546756418,118.74139154020779,0.33102265418423493,49.972023512284714,43.95551438291593,0.12323232323232322,$R_{v}^{syst}$,[mmHg*s/ml],6.228984935414947,11.337183498726754,13.47889707473399,13.410677697639263,13.444040447564637,1.9455193462824143,4.603144056446604,10.748290630177616,9.105315378027813,9.788588206488436,12.273579978938203,8.699505830494532,7.091192298621261,1.0350181123327886,0.32544843850496674,0.5529670803247111,5327.771294904235,1.5601077725998649,0.291425149483382,0.8657603735563878,0.5270207935565576
130.49688741505065,95.56377038388479,112.47290622229949,250.13329428277456,75.63173516566913,151.27405872994626,26.972237016814205,12.835019038362502,19.416816138864824,28.064462922571263,75.62986774247331,172.40847729328075,126.4869218189335,64.39275507242469,109.42570017749306,31.721752982665386,8.203824598064688,7.282160683811565,0.9216639142531242,2.1628300307601407,0.5128450439600074,0.23485368958872183,0.0585056251483205,15.811881347052001,6.3157452156317255,5.270415384248679,4.225720747171599,1.8019855795869246,117.73796851046238,0.33102265418423493,49.996500259629144,43.866675774776894,0.12515151515151515,$R_{v}^{syst}$,[mmHg*s/ml],6.178225407517425,11.254890646879595,13.546042933716961,13.478863187711564,13.51189851991829,1.932187526125359,4.574374832483333,10.66625259646502,9.036201979923888,9.714667810125418,12.181884681634168,8.639087168213077,7.036679220537941,1.0258912358081531,0.32544843850496674,0.5529670803247111,5294.221461596839,1.556727057134955,0.29127479875452417,0.8638954022549996,0.5267488954016629
129.82894384108567,95.09972579225415,111.91276286778589,248.16856511862258,75.15771325311977,150.25470072842236,26.794073694175626,12.741106815599593,19.28305475512336,27.8683281578369,75.15548973083254,171.674690395166,125.57194523321438,63.91497204892482,108.6958682859324,31.58114422731074,8.099678234447488,7.187485026976334,0.9121932074711538,2.132910398029067,0.5042786373271664,0.23179373092559408,0.057715703005769274,15.728861118866533,6.281933538124274,5.242177914419668,4.204749666322594,1.8019855795869246,116.75049805096093,0.33102265418423493,50.02020761331352,43.777850746570365,0.12707070707070708,$R_{v}^{syst}$,[mmHg*s/ml],6.128225486615892,11.173694951246075,13.61229031586559,13.546117613546249,13.578833868764148,1.9190221003673475,4.545943972137827,10.585343344367915,8.96803147418233,9.641755126707631,12.091447768371816,8.57944845668345,6.982922783040754,1.0168925105394706,0.32544843850496674,0.5529670803247111,5261.039927718383,1.5534067362821828,0.291127831521401,0.8620528121197705,0.526483116048149
129.16769824121945,94.64001433964637,111.35823718478986,246.23135461683518,74.688899418512,149.2488381387869,26.61825160826529,12.648466604936498,19.151053862302927,27.674873173051015,74.6870999391617,170.95039053977553,124.66941453441758,63.44372658328448,107.97696962398419,31.44243360325729,8.013357964193771,7.110449245135237,0.9029087190585341,2.1035693067041943,0.5023043701800479,0.22879372392713443,0.056941527722676154,15.646701907308632,6.248478658527976,5.214236334956275,4.183986913824383,1.8252006510135983,117.26990864756708,0.33016508254127064,50.04320325030509,43.68934151208273,0.128989898989899,$R_{v}^{syst}$,[mmHg*s/ml],6.078959858334437,11.093590480613065,13.677699670988927,13.61250708514983,13.644910827175904,1.9060437030336594,4.5178789650624065,10.505567622690586,8.900794783650724,9.56984289469388,12.0022582657701,8.52065006774184,6.9299040275651524,1.0080303492946798,0.32544843850496674,0.5529670803247111,5228.222959295839,1.5701116171287588,0.2909821850713212,0.8602405528711708,0.526219725232923
128.51448635938968,94.18616515582599,110.81055539594277,244.3245503036656,74.22569962749262,148.2575507493041,26.444595268573767,12.557120878628705,19.020746937205864,27.483927109094303,74.22375017816694,170.23447762975877,123.77990602133184,62.979564110174074,107.26879135658774,31.30540289587763,7.913221042684468,7.01942443241403,0.893796610270438,2.0748306220011328,0.49404109849237526,0.22584873836111855,0.05618240402523836,15.565594204445928,6.215457603193858,5.186658131303432,4.1634784699486405,1.8251765588294941,116.30055347756193,0.33016508254127064,50.06537559291294,43.600891671072304,0.13090909090909092,$R_{v}^{syst}$,[mmHg*s/ml],6.030479464989564,11.01463170985245,13.742252130476036,13.678003090694991,13.71010416453371,1.8932463114727267,4.490154220355652,10.426964086047226,8.834547531381748,9.498980309823795,11.914374751837506,8.462630174198477,6.877676228408768,0.9992915945384899,0.3258772243264489,0.5529670803247111,5195.798973924483,1.566850215777355,0.2908403814175645,0.8584650116162972,0.5259632838301666
127.86866105092324,93.73744393555863,110.26888505021532,242.44533770909263,73.76767194762397,147.27970803971075,26.27311173911731,12.467001852182367,18.892089629645174,27.295440753373274,73.76556916568562,169.52707513955454,122.90260560113883,62.521950281466836,106.57100247805329,31.17011896903173,7.815123570778203,6.930268723693521,0.8848548470846818,2.0466546092245093,0.48597495325253187,0.22295835772380918,0.05543792157890696,15.485416023708252,6.182821367528834,5.1594014848955965,4.143193171283826,1.8251600646864674,115.34671302364002,0.33016508254127064,50.08678583728189,43.51255933895035,0.13282828282828282,$R_{v}^{syst}$,[mmHg*s/ml],5.982730543166972,10.936743214151626,13.805965928707018,13.742631196464774,13.774437191473602,1.880624461485091,4.462766700457094,10.349462904679934,8.769223094587922,9.429100422183211,11.827713798037871,8.405398295282067,6.826182158644075,0.990677893210181,0.3258772243264489,0.5529670803247111,5163.737036333678,1.5636485465548884,0.2907014592571202,0.8567185841990782,0.5257120533945994
127.22900390131478,93.29284913634967,109.73238968102591,240.59151188533926,73.31445101087634,146.31423485757244,26.10372114169899,12.37804227606737,18.76503246123385,27.10937345973121,73.31275871420401,168.82825916663688,122.03667438323544,62.07037468557293,105.88322886916474,31.036608490736583,7.718931836230495,6.84285090838621,0.8760809278442852,2.019004175567599,0.4780896896300477,0.2201219893133177,0.054707656151838875,15.406036232786944,6.150516038736209,5.132420267695441,4.123099926355295,1.8251600646864674,114.40709778071854,0.33016508254127064,50.10753128856072,43.42445931509774,0.13474747474747475,$R_{v}^{syst}$,[mmHg*s/ml],5.935641440191332,10.859852698595205,13.868866948320711,13.806424707921218,13.837940887238746,1.8681733750356024,4.435713981506727,10.272988477826583,8.704751057520832,9.3601339056927,11.742193773056519,8.34895999033396,6.77536401026837,0.9821895029631278,0.3258772243264489,0.5529670803247111,5132.011570761344,1.5604985947960797,0.29056408457492755,0.8549927346038813,0.5254636214588103
126.59701390714416,92.85371088319049,109.20242041414022,238.76619667314364,72.86656570202335,145.36254544726327,25.93642625344305,12.290309217937692,18.63958397736153,26.925656748734667,72.86473140485961,168.13749055470205,121.1830604015153,61.62547162298017,105.20545486917368,30.90473631608067,7.639428072536003,6.771960530164742,0.8674675423712599,1.9919127501122622,0.47636388816608827,0.21733690231241032,0.05399136694419939,15.327664165044439,6.118626894478332,5.105787693901562,4.1032495766645445,1.8482988990105558,114.92203801331901,0.32930751089830623,50.12746954713925,43.336397590133956,0.1366666666666667,$R_{v}^{syst}$,[mmHg*s/ml],5.889274355704392,10.784045977523837,13.930943410293263,13.869360995392759,13.90059625995928,1.8558921399254515,4.408982031116403,10.19762253452594,8.641213001936144,9.292159940338124,11.657903883012127,8.29325057819483,6.725292778098902,0.9738177360416337,0.3258772243264489,0.5529670803247111,5100.659599141634,1.5771573273162764,0.29043050689683725,0.8533020974911424,0.5252220561236517
125.97190536517779,92.41950281688885,108.6782359019714,236.96696596479995,72.4236690910013,144.42365124216292,25.771169139184856,12.203740207074242,18.51570894945403,26.74431100329549,72.4217039655904,167.45491643553422,120.3410172837794,61.18676280352476,104.53741802656619,30.77452449677207,7.546904575663137,6.687891045074113,0.8590135305890243,1.9653459313959907,0.4687561194471447,0.2146029422445292,0.0532887368567002,15.250181167410345,6.087105195438863,5.079462071677853,4.083613900293628,1.8482746917125534,113.9999168517398,0.32930751089830623,50.146681979092634,43.24847875904012,0.1385858585858586,$R_{v}^{syst}$,[mmHg*s/ml],5.84359097371741,10.709255778295903,13.992229806572121,13.931481540580869,13.962442526568696,1.8437781316136523,4.3825716193299495,10.12330179060895,8.57854617881041,9.22511665465439,11.574773653029085,8.238283248757558,6.67591574027401,0.9655629937231708,0.3258772243264489,0.5529670803247111,5069.656836370091,1.5740698901694332,0.29029958420519236,0.8516428305962191,0.5249852921347936
125.35360248614886,91.99002281532047,108.15961291007675,235.19341277352316,71.98560705436424,143.49712540262124,25.60790287375386,12.11825035351612,18.393346527574067,26.56521468190829,71.98340779588834,166.78012232507731,119.51016880335045,60.75406547330964,103.87874581754859,30.645927379245748,7.456210705155133,6.605498400368328,0.850712304786805,1.9392856960521767,0.46132340978860653,0.2119179645304545,0.05259923253735247,15.17355713296645,6.05593859098657,5.053433238747383,4.064185303232494,1.848263278032081,113.09215119750367,0.32930751089830623,50.16519101158893,43.16066374839492,0.14050505050505052,$R_{v}^{syst}$,[mmHg*s/ml],5.798581385438954,10.635450308509919,14.052713927175233,13.992775201060788,14.023468336218476,1.8318142984188825,4.35646979878582,10.049992379936583,8.51672409786938,9.158973483808412,11.492758876404748,8.184016487218353,6.627211640755799,0.9574212676977656,0.3258772243264489,0.5529670803247111,5038.992493805496,1.5710383759366697,0.29017149047916296,0.8500078936856964,0.5247536441206765
124.74196337863411,91.56499009702328,107.64663155671865,233.44497564786988,71.55238063373027,142.58297997895224,25.446634636074855,12.033854755191204,18.272517130598565,26.388424347739118,71.55015052271254,166.11336972777266,118.6905088959706,60.327354521969916,103.22950233152746,30.51901147703529,7.367325636003958,6.524761008872273,0.8425646271316842,1.913726072949023,0.4540629550478361,0.20928231779285567,0.05192281518750379,15.097804417014991,6.02513242447807,5.027705461229546,4.0449665313073755,1.848263278032081,112.19868168292541,0.3288787250768241,50.18297460488809,43.07308354527348,0.14242424242424243,$R_{v}^{syst}$,[mmHg*s/ml],5.75423159891664,10.562631596543952,14.112439008216894,14.053286571327185,14.083717919253134,1.8200091281650674,4.330680415630189,9.977690900979056,8.455748888416101,9.093730374898469,11.411862772666405,8.130470773475059,6.5791771353815856,0.9493950318030667,0.3258772243264489,0.5529670803247111,5008.666644361118,1.5680635736951876,0.29004541433006303,0.8483983815145464,0.5245256447449707
124.13617334488202,91.14401998224538,107.13856557886483,231.72008407798927,71.12371007592321,141.6803006097801,25.287348962194216,11.950537406197803,18.15317659152393,26.213864069235537,71.12185441793311,165.4546281378888,117.88140923404966,59.906217858924016,102.58942773045369,30.39379417109921,7.29386410885518,6.45929684052695,0.8345672683282301,1.888636440756257,0.4525411366937228,0.20669505285148632,0.05125912126568036,15.02280687751523,5.9946384663927645,5.0022377752994345,4.025930635823031,1.8713165234216818,112.70688811146896,0.32844993925534194,50.2001405769276,42.985714705218534,0.14434343434343436,$R_{v}^{syst}$,[mmHg*s/ml],5.710503593738767,10.490738133387046,14.17144358138616,14.11306129781935,14.143234719745555,1.8083628019486284,4.3052065457559925,9.906338078836422,8.395560277943705,9.029332608840678,11.332017382080451,8.077647661707843,6.531768194448782,0.9414845716813368,0.3258772243264489,0.5529670803247111,4978.659705314625,1.584659855217852,0.2899211817607831,0.8468155095004017,0.5243009793467935
123.5375721572837,90.72831870169608,106.63654707071247,230.0208156242021,70.69994881451353,140.79016514695493,25.129941734587998,11.868332400978307,18.035297536312445,26.041480725456534,70.69798102752766,164.80315809553127,117.083504282238,59.49112726250452,101.95821646483178,30.27006532595297,7.2082384420449355,6.381526693982599,0.8267117480623365,1.8640403759649673,0.44552332077592705,0.20415315864316136,0.050607714552910354,14.948744048319682,5.96453025069704,4.977093402491065,4.0071203951315795,1.8712922432856847,111.82884275742019,0.32844993925534194,50.21653944415638,42.89843826084099,0.14626262626262626,$R_{v}^{syst}$,[mmHg*s/ml],5.667444582703188,10.419828884264751,14.229671023719835,14.172031252466038,14.201954391284294,1.7968694342358114,4.280018259851712,9.835986883453069,8.336221476929548,8.96583391171643,11.253302397929739,8.025478603283041,6.485035697855415,0.9336774212786885,0.3258772243264489,0.5529670803247111,4948.996417015947,1.581738666470768,0.28980027326039703,0.8452654427153998,0.5240823252809583
122.94545425595602,90.31695873269162,106.13986220763277,228.34532821479382,70.28079879002884,139.91166136255674,24.974451380921284,11.787190683410707,17.918874006568533,25.871269973949325,70.27882249831366,164.15934455726716,116.29614777980304,59.08167186635055,101.3358898317345,30.14795007918057,7.12428434632453,6.305285130053863,0.818999216270667,1.8399075247650225,0.4386636663137834,0.20165721794821015,0.0499684797227927,14.87548751410811,5.934754616827019,4.952225931805334,3.9885069654757572,1.8712842220292318,110.96435956715167,0.32844993925534194,50.23226663566547,42.811344482309885,0.1481818181818182,$R_{v}^{syst}$,[mmHg*s/ml],5.625007595455032,10.349848777319577,14.287163952558203,14.230245721266561,14.259924109353763,1.7855296604699389,4.255132998150741,9.766585652295865,8.277672830147,8.903182840406764,11.175645396678306,7.973992798682098,6.4389340519749005,0.9259795438218777,0.3258772243264489,0.5529670803247111,4919.655915302019,1.5788716331848929,0.289681680630837,0.8437369452475557,0.5238678592959481
122.35970072222695,89.91004368691118,105.64856694470396,226.69364335894488,69.86628743745239,139.04478911148956,24.82080257178169,11.707109604489153,17.803865152989477,25.703141287663605,69.86406113888455,163.5228053505026,115.51925165829556,58.677830186914385,100.7221667821249,30.02736441921695,7.041980786487831,6.230556857765036,0.8114239287227953,1.8162326215511884,0.431961223068745,0.1992052793143018,0.04934103317463943,14.803065285171076,5.905323094019637,4.92764677436813,3.970095416783309,1.8712842220292318,110.11337143326675,0.32802115343385974,50.24732525677885,42.7243533335516,0.1501010101010101,$R_{v}^{syst}$,[mmHg*s/ml],5.583191444474192,10.28079073461056,14.343950557508027,14.287733797612745,14.317172692903808,1.774339921189173,4.230535506632625,9.698129601637701,8.219912809600586,8.841372524120269,11.09902928090216,7.923174602257335,6.39346100138721,0.9183823530501009,0.32630601014793104,0.5529670803247111,4890.640120621667,1.5760587183317198,0.2895661100871694,0.8422337450281242,0.5236588585293931
121.78012875179334,89.50760678330808,105.16251002592234,225.06479401100873,69.45623272959001,138.1891793785811,24.668986885374782,11.628050181349254,17.69025219191666,25.5370957512259,69.45389427741932,162.8935559980427,114.75255626157286,58.27944234509418,100.1169108502733,29.90820892247491,6.974117623754402,6.1701335737569565,0.8039840499974451,1.7930000654153753,0.43063146863216784,0.19679687338463236,0.04872509815904449,14.731441629540038,5.87622079111422,4.903342368318363,3.951878470107453,1.8942427345190607,110.61613950947462,0.32759236761237753,50.26170141680103,42.63759474822557,0.15202020202020203,$R_{v}^{syst}$,[mmHg*s/ml],5.541973794229811,10.212629519221952,14.400024776820473,14.344490073843787,14.373694652916535,1.76329606438244,4.20622272727203,9.630589426570584,8.162924264403433,8.780381967892845,11.02342922642406,7.872997973726531,6.348599064411555,0.9108868083419098,0.32630601014793104,0.5529670803247111,4861.936291071301,1.5926020626562072,0.2894524296612546,0.8407592298674231,0.5234532759007707
121.20565989099151,89.10854594667265,104.68063368888059,223.45633109924944,69.05018376887297,137.34354677995452,24.51894288894849,11.549935978090643,17.57796864599524,25.373086954556193,69.04835390718237,162.27164266088562,113.99502143646987,57.88586404638492,99.51970521282905,29.790598983335443,6.894675238481352,6.097998259684578,0.796676978796774,1.7701706586127461,0.4241375770313913,0.19443134110575946,0.048120276291303145,14.660464708444408,5.84738662097686,4.879261048733728,3.933817038733824,1.8942184100003654,109.77822468218955,0.32759236761237753,50.275521047597515,42.55109073584671,0.15393939393939396,$R_{v}^{syst}$,[mmHg*s/ml],5.501292235065129,10.145277917005215,14.455410277014808,14.400546842233874,14.429519510331287,1.752388889290841,4.182193805383754,9.56387622634888,8.106618484026063,8.72012608047606,10.94874331078658,7.823477829576917,6.304276665000562,0.9034968663367664,0.32630601014793104,0.5529670803247111,4833.512863821108,1.5898324767627383,0.28933979285865075,0.8393079004877962,0.5232495805875926
120.63830660582157,88.71437256166027,104.2046959892091,221.87206734602083,68.64893012583278,136.50983939343786,24.370701131390533,11.472878525609095,17.467082924258676,25.211103664985668,68.64693161704083,161.6566777070632,113.24809394221747,57.49803390841462,98.9308753604817,29.674413598240285,6.816845378730943,6.027346225108491,0.7894991536224527,1.7477916901354007,0.41779620625016434,0.19210713336006502,0.04752666892548489,14.590387636472403,5.818922607633876,4.855489502042582,3.915975526795947,1.8942120016174049,108.95429102157726,0.3271635817908954,50.28863152345983,42.46464333594397,0.15585858585858586,$R_{v}^{syst}$,[mmHg*s/ml],5.461242690052534,10.078861515341634,14.510106790186905,14.455889997235777,14.484637803377883,1.7416183420645843,4.158441578882987,9.4981128015777,8.051114188799538,8.66072344535092,10.875112691440771,7.774582181643708,6.260596962832535,0.8962029270406363,0.32630601014793104,0.5529670803247111,4805.425108808295,1.5871229285272934,0.28923110574850924,0.8378803044073745,0.5230530280006327
120.07669390973543,88.32434156297204,103.73361976424631,220.3092149491925,68.2518314225322,135.68658350847076,24.22413711418857,11.396770570637274,17.357475505138616,25.051049272332882,68.24967418324742,161.04836900446836,112.51058582974261,57.1152446846277,98.34970006226862,29.559648136924352,6.740480221394291,5.9580357365587755,0.7824444848355159,1.725818803975695,0.4115940970644577,0.18982249620009095,0.046943554546053715,14.521070300976096,5.790772184491785,4.831980890350081,3.8983172261342305,1.8942120016174047,108.14256389117503,0.3271635817908954,50.30109068835926,42.378370302746625,0.1577777777777778,$R_{v}^{syst}$,[mmHg*s/ml],5.421747694804304,10.01327477951098,14.564114603133826,14.510528253024692,14.539055487874034,1.730983181276882,4.1349488331086635,9.433193193590407,7.996323563096532,8.602077456071969,10.802418507003607,7.726277687430111,6.217482060878064,0.8890033085077309,0.32630601014793104,0.5529670803247111,4777.628199577254,1.5844639130881044,0.2891244654132405,0.8364765463080074,0.5228601768544016
119.5213065244224,87.93879234419148,103.26781995591759,218.76841154676856,67.85918364810732,134.87437970605575,24.079410395406242,11.32167589490569,17.249254583536633,24.893094403084678,67.85708147094674,160.4474175229778,111.78307908112969,56.73766732085449,97.77667205927526,29.446439332291817,6.677658702130522,5.902139468263522,0.7755192338670001,1.7042630157804204,0.4104278249771089,0.18757952528498928,0.046371382791027045,14.452559079892835,5.762954412768753,4.808749523416947,3.880855143707136,1.9170668048037438,108.63876568373436,0.32673479596941324,50.31287913686731,42.292411132905194,0.1596969696969697,$R_{v}^{syst}$,[mmHg*s/ml],5.382811580764679,9.948569858667625,14.617499855622247,14.564526530378954,14.59283788803305,1.7204929252369159,4.11173681977135,9.36917513934006,7.94228644228336,8.544233991581997,10.73071816929835,7.678606890333907,6.174963046264246,0.8819058547826334,0.32630601014793104,0.5529670803247111,4750.142855367512,1.6009441882928463,0.28901959378036607,0.8351008865633872,0.5226705242754219
118.9714587847183,87.55697973755382,102.80660829641712,217.24824083322827,67.47060435474282,134.07212997211542,23.93628546588665,11.247465160325238,17.14227051924588,24.736899349874616,67.46829524022043,159.85288651504072,111.06452695751204,56.36490414505093,97.21123043069757,29.33459012678829,6.604000742223494,5.835289585708854,0.7687111565146398,1.6830915500051213,0.40442454174644543,0.18537417767085712,0.045809219286313506,14.38473256078906,5.735417650434442,4.785752562009882,3.863562348344739,1.9170425190106815,107.84063209157064,0.32673479596941324,50.32410864866209,42.206491675627184,0.16161616161616163,$R_{v}^{syst}$,[mmHg*s/ml],5.344406392058422,9.88465646349066,14.670204509560806,14.617828818049743,14.645928398617595,1.7101322215612405,4.088785746863578,9.305963047247678,7.888915630862016,8.487109724699417,10.659909471526177,7.631534145756274,6.1329808932967005,0.8748984950891163,0.32630601014793104,0.5529670803247111,4722.942304831997,1.5983350545457213,0.2889176994567369,0.8337504456450794,0.522486255939648
118.42735407832988,87.17908016550167,102.3501494183077,215.74807514937274,67.0860405952471,133.27991183635606,23.794784190074726,11.174122846344437,17.036515438571165,24.582592649945713,67.08351871882554,159.26474934727355,110.35503897988139,55.996980867009476,96.65305484277506,29.224112380024895,6.531712182508663,5.7696933707737,0.7620188117349636,1.6623014531948872,0.3985495105342591,0.18320601650161403,0.04525691509796469,14.317653513225151,5.708189774117283,4.763014984875506,3.8464487542323655,1.917035844118958,107.05428560526795,0.3263060101479311,50.33469760815626,42.12075741415403,0.16353535353535353,$R_{v}^{syst}$,[mmHg*s/ml],5.306534412389179,9.821540919723866,14.722268076078608,14.670475790378458,14.6983673998799,1.6999012224482133,4.066082150058609,9.243561662285886,7.836234609530707,8.43071324517588,10.590002081391049,7.585027066275858,6.091542130771993,0.8679813679571865,0.32630601014793104,0.5529670803247111,4696.022841667297,1.5957758820670738,0.28881788198646496,0.832418385374776,0.5223057434393138
117.88806781812518,86.80445145993379,101.89772403327107,214.26692910871452,66.70532506054434,132.49702870703248,23.65501281341721,11.101666414692877,16.932050152036044,24.43026176154733,66.70349737204879,158.68403895604965,109.65415396505811,55.63355044501115,96.1024463321018,29.11519115658376,6.460731050623976,5.705281854674282,0.7554491959496943,1.6418709370753892,0.392796483523912,0.18107762983178452,0.04471472624532692,14.251174076866201,5.6812092278477735,4.740481355246912,3.8294834937715176,1.917035844118958,106.27881739678227,0.3263060101479311,50.34477052918535,42.03541692717029,0.16545454545454547,$R_{v}^{syst}$,[mmHg*s/ml],5.269150467522658,9.759186287861302,14.773734863572987,14.722517502209849,14.750203113058213,1.6898051158413279,4.043654312140402,9.18193435287498,7.784187844634425,8.375005038750592,10.520948531758314,7.539141072039535,6.050605184005517,0.8611642775372103,0.32630601014793104,0.5529670803247111,4669.372754238104,1.5932583688081798,0.2887181740990392,0.8311051531435597,0.5221254291114388
117.35494851335392,86.43444722070166,101.45056422024207,212.80655737503866,66.32876633707718,131.7245392246225,23.516765695824223,11.030127343254613,16.82876347268603,24.279663888743602,66.32695773973525,158.10903492016072,108.96246849724862,55.27511587851821,95.55880818634633,29.007522055201026,6.40241930769111,5.653432983758784,0.7489863239323253,1.6218226233521547,0.39176802045222925,0.17898334243519104,0.04418182989502251,14.185522287158262,5.654570056241994,4.718235242250041,3.8127169886662275,1.9397781700173018,106.76731615695829,0.32587722432644894,50.35414564933147,41.95013762067926,0.16737373737373737,$R_{v}^{syst}$,[mmHg*s/ml],5.232316730199393,9.697642249989164,14.82453896405518,14.773876598252123,14.80136200437303,1.679831077441912,4.0214538056779405,9.121127780913964,7.73285130590034,8.320037396178831,10.452807738522136,7.493767122494028,6.010228373493687,0.8544295911189407,0.32630601014793104,0.5529670803247111,4643.013643595403,1.609668354366427,0.2886218536553625,0.8298208420151824,0.5219512407246362
116.82760848432511,86.06824791232476,101.00821508660519,211.36661015995364,65.95631952687893,130.9619974017506,23.380132301027206,10.959491165666877,16.726717311862036,24.130859802143355,65.95437478903536,157.54056297273942,108.2797242311395,54.921454026621326,95.02246579797833,28.90114470532778,6.33396042704039,5.591324390486969,0.7426360365534213,1.6021416560673827,0.3862015920980517,0.17692526156376492,0.043658493132747805,14.120586598314231,5.628224230408929,4.696233891733275,3.7961284761720275,1.9397539387633835,106.00543978006937,0.32544843850496674,50.36294561432618,41.86501148942066,0.1692929292929293,$R_{v}^{syst}$,[mmHg*s/ml],5.196010460971356,9.636887604044789,14.874759767955867,14.82463810240134,14.851927209250462,1.669974737203102,3.999511660980677,9.061126442065865,7.682178549397107,8.26578658235295,10.385556239151063,7.448975750586089,5.9703857032643315,0.8477802524110725,0.32630601014793104,0.5529670803247111,4616.942366881525,1.607206717119341,0.2885281577891836,0.8285621619327421,0.5217817986918051
116.30559778324407,85.70577037754377,100.57025496923569,209.94522967566633,65.58769798859039,130.20875603716715,23.245046486885677,10.889708227799696,16.625840792925395,23.983777385772616,65.58553264537407,156.97824731807847,107.60538777488956,54.57228022734632,94.49314151416033,28.79613256942852,6.26674801796547,5.5303550815881355,0.736392936377334,1.5828075157731407,0.38075146048219893,0.17490168971482056,0.043144219381656704,14.056306686442847,5.60214759651057,4.67445682144491,3.7797022684873647,1.939745118686165,105.25456089296318,0.32544843850496674,50.37118853195162,41.780013324063205,0.17121212121212123,$R_{v}^{syst}$,[mmHg*s/ml],5.160190505976369,9.576874892190128,14.924364958170473,14.87477084768191,14.901867208666442,1.660240306859942,3.977814607779374,9.001881471175784,7.632133892231617,8.21221025558741,10.319139481371264,7.404750716578131,5.9310450329262085,0.8412182231174297,0.32630601014793104,0.5529670803247111,4591.138859201327,1.6047912050713111,0.28843681910981106,0.8273206565191792,0.5216166194566887
115.78886977656714,85.34712989977105,100.13678027498065,208.542810310614,65.22287195153969,129.4648242073402,23.11144238317788,10.820768694332923,16.526096510163022,23.838428902330918,65.22038055398447,156.42184667309897,106.93939326543965,54.22756893862672,93.9704546918794,28.692416662534207,6.2011314918651,5.470513133968438,0.7306183578966625,1.563815625130565,0.3754173561574176,0.17291137895456032,0.04278714051562771,13.992750551878338,5.576371761299025,4.652932904795237,3.7634458857840736,1.939745118686165,104.51468315187196,0.32544843850496674,50.3788363757279,41.69518640851138,0.17313131313131314,$R_{v}^{syst}$,[mmHg*s/ml],5.1248568611064425,9.517599189839965,14.973389908732688,14.924311995956185,14.95121877723229,1.650626178196213,3.956343042891728,8.94337908742456,7.582722818798583,8.15930332424031,10.253550118715742,7.361019584160941,5.892204087774828,0.8347398748780094,0.32587722432644894,0.554890600252114,4565.601036607778,1.6024238127619699,0.28935086709704877,0.8261001908577191,0.5214557012960437
115.27729725985975,84.99209533972152,99.70766883696555,207.15848928345386,64.86179865439487,128.73000113927705,22.97941493023001,10.75267037185383,16.42753437853719,23.694841400564684,64.85934373897938,155.87182137490157,106.28170267786776,53.88725781216069,93.45457574050724,28.589983796861453,6.146975635719631,5.4223943179341925,0.7245813177854386,1.5451581293567915,0.37451435760832724,0.17095554193976967,0.04228889618439236,13.929831319773763,5.550855991812824,4.631624630965257,3.7473506969956825,1.9623664466683073,104.99583981642103,0.32501965268348454,50.385922535818864,41.61069214876256,0.17505050505050507,$R_{v}^{syst}$,[mmHg*s/ml],5.090003461875482,9.459057783021027,15.02182762429595,14.973253234518577,14.999973952812347,1.6411330017521353,3.9351174491543315,8.885619633435821,7.533932817628005,8.107061601486468,10.18878361955902,7.317868104729834,5.85385546828751,0.8283446439581259,0.3263060101479311,0.5548904537999535,4540.325905807641,1.6187623839399459,0.2892624447179916,0.8249032114711653,0.5212964878690726
114.7711830879262,84.64072681524652,99.28311764925556,205.79301490640097,64.50455655164619,128.00450411442438,22.848897450212295,10.685418277188516,16.330128876096843,23.55300526793024,64.50217572596524,155.32789886337986,105.63238128324626,53.55141520274972,92.94540606864854,28.488885429787864,6.083249847225061,5.364602376476481,0.7186474707485806,1.5268361851848111,0.3693436426511565,0.16903291828940117,0.04179938689294862,13.867616907165733,5.525630811646071,4.6105593244576815,3.7314267710619795,1.9623423058576417,104.26786920472891,0.3245908668620024,50.39241157794338,41.52645867095566,0.17696969696969697,$R_{v}^{syst}$,[mmHg*s/ml],5.055636108171274,9.401255087249602,15.069715968082384,15.021632880302523,15.048170963527118,1.631759544537745,3.91412455691869,8.828609010768583,7.485776295327326,8.055491140593057,10.124846975150819,7.275249821648446,5.8160062364841,0.8220346952266117,0.3263060101479311,0.5548903099300315,4515.318958615233,1.616441919436278,0.2891758115957218,0.8237308621493599,0.521140496456291
114.26910369785774,84.29198352065276,98.86180287110056,204.4428818946469,64.15058513547294,127.28667636199786,22.719798515586792,10.618900923024299,16.233773050808942,23.412684774832698,64.14854138691778,154.78982734905637,104.99012790923821,53.21923824207828,92.44244629472834,28.389012243315353,6.020581247552116,5.307769983727802,0.7128112638243138,1.5088059654165205,0.36427126374112245,0.1671418221169533,0.04131804122626374,13.805885411974115,5.500604300952328,4.5896593218952715,3.7156217891265166,1.9623293552719514,103.54907114947771,0.3245908668620024,50.39850750209819,41.44234959462848,0.1788888888888889,$R_{v}^{syst}$,[mmHg*s/ml],5.021674158296508,9.344076230842298,15.117045700441139,15.06945034290806,15.095806294730204,1.622497659624621,3.89336374797981,8.77223837692109,7.438134766015617,8.004485725280725,10.061613240091841,7.233158543531623,5.778571110234099,0.8158029309980027,0.3263060101479311,0.5548901690360045,4490.540959483105,1.6141563000680854,0.28909088109762204,0.8225715503524055,0.5209875705670758
113.77285731909501,83.94762069144063,98.44547660557484,203.11186700508082,63.800438635234094,126.57833546421378,22.592128568123762,10.553219643992525,16.13852493001325,23.274068831994192,63.79853231128868,154.2573353213446,104.35627981507788,52.891615171524656,91.94589895050562,28.290378231132173,5.959099525376029,5.252028278265173,0.7070712471108567,1.4911081248301652,0.3593098744646207,0.1652815880387549,0.04084493517704047,13.744921841683354,5.475893439221106,4.569023753712975,3.7000046487492733,1.9623293552719516,102.84148228326865,0.3245908668620024,50.403916595404866,41.3585079622861,0.1808080808080808,$R_{v}^{syst}$,[mmHg*s/ml],4.9882089459831445,9.287639042641768,15.163797472185278,15.116672226044006,15.142851352300422,1.6133492638560634,3.872818812809188,8.716617162797974,7.3911424209875305,7.954155745087557,9.99920955719266,7.19154728378095,5.7416437189576195,0.809650457775455,0.3263060101479311,0.5548900273992182,4466.030704466387,1.6119243767467446,0.2890078761975645,0.82143416568487,0.5208381155310193
113.28175377864166,83.60677862360919,98.03350128074447,201.79871748766269,63.45409672734961,125.87889758862153,22.46593816372856,10.488350306052613,16.04439513160744,23.137046199802136,63.45195815299852,153.73075091944094,103.73044051296547,52.56825127211459,91.45591112564824,28.192952779660857,5.908748986181641,5.207320702075719,0.7014282841059225,1.4737259717042435,0.35851821613141444,0.1634525552617242,0.040380080553691425,13.684590881867951,5.451440752452768,4.5486028749785135,3.684547254436671,1.9848213317508643,103.31517695015266,0.32416208104052024,50.40884369254706,41.274733762439666,0.18272727272727274,$R_{v}^{syst}$,[mmHg*s/ml],4.955204346235486,9.231910922651323,15.210014176051951,15.163346925918814,15.189352737447946,1.604311805990618,3.852511177352451,8.6617109324138,7.34474076754994,7.904466922179938,9.937605211148783,7.150465603334378,5.705194035267474,0.803574975882598,0.3263060101479311,0.5548898832601316,4441.786770914473,1.628187654992217,0.2889280894375532,0.8203195063184598,0.520694462367958
112.79557125466094,83.26933176036499,97.62566121771202,200.50237684605216,63.11121239561072,125.18789747968152,22.341110765948837,10.42425224119726,15.951306292996655,23.001633148512475,63.10903024362533,153.2095942354226,103.11218028927058,52.24894013136629,90.97178232754476,28.09668080187786,5.849337469055747,5.153460323285249,0.6958771457704984,1.4566434920200817,0.35370623289262104,0.1616530813240225,0.03992299419244024,13.624924663217877,5.427263213315804,4.52841341390486,3.6692480359972133,1.9847973156968515,102.6188726803608,0.32373329521903804,50.41318982600048,41.19130434263254,0.18464646464646464,$R_{v}^{syst}$,[mmHg*s/ml],4.922633754846383,9.176850257492557,15.255702871739171,15.209484447743238,15.235319526515903,1.5953748827936347,3.8324043402892163,8.607480063001846,7.2989169581720414,7.855386056976218,9.876747178032309,7.109828563582355,5.669197092878561,0.7975728664350374,0.3263060101479311,0.5548897445041203,4417.784867692751,1.6260006547980335,0.28884921806851743,0.8192275563548682,0.52055245376115
112.31435606365665,82.93536402168702,97.22187886179732,199.22277895242885,62.77186330676768,124.50519535154551,22.2177268148358,10.360880534482494,15.859307930367006,22.867767344275595,62.76973367033688,152.69440778901546,102.50147559814418,51.9336133965225,90.49402575084797,28.001592300961992,5.7909893774000585,5.100568595169139,0.6904207822309194,1.4398549397085427,0.34899408271793664,0.159884158997054,0.03947388256023031,13.565839201510514,5.403323201073732,4.5084203482341705,3.654095652202612,1.9847782630528785,101.93253622915995,0.32373329521903804,50.41706342416376,41.10807630693887,0.18656565656565657,$R_{v}^{syst}$,[mmHg*s/ml],4.890503657219418,9.122458508107798,15.300863565933179,15.25508299647996,15.28075041861244,1.5865524805471627,3.8125328588511027,8.553925712705315,7.253648728385871,7.806909343850379,9.81664136952332,7.069718077808081,5.633647231724319,0.7916460788637495,0.3263060101479311,0.5548896090799506,4394.030431473738,1.6238571050697201,0.2887724340504091,0.8181554258721028,0.5204142036993915
111.8375895062989,82.60460326653308,96.82186619862063,197.95854465405793,62.435670863646756,123.83025052676871,22.095549507712782,10.298193831358615,15.768225692100678,22.73532058145105,62.4332769325405,152.18383715779413,101.89769384196676,51.622017138214964,90.02154869111838,27.907465016559478,5.733627881321018,5.048581942297687,0.6850459390233303,1.423343424742159,0.34437281196421776,0.15814142271826195,0.03903172322618128,13.507369176972782,5.379637328918892,4.4886427081720575,3.6390891398818357,1.9847782630528785,101.25540775766319,0.32373329521903804,50.420370303740825,41.02490652000423,0.1884848484848485,$R_{v}^{syst}$,[mmHg*s/ml],4.85877316528808,9.068678181359271,15.345490223692845,15.3001401792521,15.325641992540655,1.5778244459373783,3.792841013190465,8.500989827133804,7.208914552045374,7.7589885931365865,9.757222351613848,7.030015816938612,5.598514309128246,0.7857851491547558,0.3263060101479311,0.5548894721227542,4370.4969604552725,1.6217557424632283,0.288698000487082,0.8170966866438427,0.5202801909047852
111.36565534557653,82.27707589532443,96.4259440020528,196.7110962182199,62.103072810180265,123.16360403575797,21.97478990313898,10.236263463054174,15.678222126583647,22.604436796417225,62.100577781281736,151.67917187559425,101.30136886468323,51.3143443267023,89.5553616189512,27.814581310689626,5.686723320451305,5.006960124335743,0.679763196115562,1.4071200265558101,0.3436767719546543,0.156428376822634,0.038597312655236755,13.449485060368477,5.356191113156018,4.469062986758532,3.6242309604539287,2.0071328086677687,101.72107618523148,0.32330450939755584,50.42323444201092,40.942060147991846,0.1904040404040404,$R_{v}^{syst}$,[mmHg*s/ml],4.827469472784574,9.015554878607588,15.389611895355458,15.344681366547537,15.370020783395583,1.5692102523984575,3.773381071861838,8.448726226831587,7.164727107735926,7.711664202694447,9.6985549816861,6.990829366177179,5.563821981557186,0.7800021658675529,0.3263060101479311,0.5548893397615117,4347.215096712618,1.6379395025451433,0.2886249593999014,0.8160593536569826,0.5201486832022233
110.89848532363193,81.95295140617436,96.03406434022828,195.47953499534708,61.77384607345716,122.50503481796484,21.85541214601194,10.175078969875033,15.589251475740701,22.47512182400665,61.77136984722231,151.18013301052306,100.71239669460866,51.01059442084158,89.09495101592007,27.72286034839689,5.631274792361457,4.956706283970338,0.6745685083911181,1.391175558381655,0.33919284973636865,0.15474374168366442,0.03817028611760315,13.392219441844919,5.332998879990869,4.449695457282391,3.609525104571658,2.0071089582588364,101.05472393619426,0.3228757235760737,50.425556929353476,40.85944933182632,0.19232323232323234,$R_{v}^{syst}$,[mmHg*s/ml],4.796571225671327,8.963084063620267,15.433255901036247,15.388736139626705,15.413915683502925,1.5607008997921346,3.754129823778231,8.397114482323605,7.121099317187995,7.664928640992249,9.640612873997915,6.952101764123724,5.529566894467287,0.7742923238172881,0.3263060101479311,0.5548892075887818,4324.169225142001,1.6358820173836517,0.28855354575281356,0.8150439519749723,0.5200201081702337
110.43490803008723,81.63106120401173,95.64499886146542,194.26114746287524,61.44740037881179,121.85306479788595,21.737265600679414,10.114531657917695,15.501194683580415,22.347248135474985,61.44554080814642,150.68630834068233,100.12950966768481,50.70995547847071,88.63976485347987,27.63224121766471,5.576703170904814,4.90724661374613,0.6694565571586844,1.3754721555130205,0.3347906956032926,0.15308595235772834,0.03775004648726527,13.33539225244166,5.309987693736883,4.430478784953656,3.59492577375112,2.007084913036075,100.39622057908551,0.3228757235760737,50.427455789259604,40.77712267608678,0.19424242424242424,$R_{v}^{syst}$,[mmHg*s/ml],4.76601725369591,8.911147861357742,15.476406983084736,15.432297090882983,15.45731663451624,1.5522872050794914,3.7350742059788558,8.346046584781572,7.077922089460238,7.618678726936035,9.583272783191964,6.9138170082570465,5.495664649997711,0.7686520185319319,0.3263060101479311,0.554889074658276,4301.318026516826,1.6338562731728516,0.28848236010267975,0.814044419626149,0.5198919446744186
109.97647542607548,81.3130615273361,95.26033021071493,193.059143047116,61.12442388603503,121.20930938009316,21.62031203827089,10.054699531685777,15.414066004053966,22.220647839245377,61.12235480315223,150.19692718251642,99.55382087170516,50.41326427005815,88.1899742467362,27.5425812371372,5.523113625050361,4.858692643085536,0.664420981964825,1.3600458747826873,0.33047958988622994,0.1514525311609674,0.03733648589790455,13.279236834612675,5.287251979536266,4.411494121370396,3.5804907337060166,2.0070817482362107,99.74764554267193,0.3228757235760737,50.4288195342806,40.69481043968198,0.19616161616161618,$R_{v}^{syst}$,[mmHg*s/ml],4.735886452541017,8.85984922495825,15.519017346826974,15.475302385961664,15.500166554042126,1.54396627671709,3.716200106981335,8.295619730020329,7.035288494498827,7.573007306680951,9.526644896162589,6.8759336617790305,5.46220187364261,0.763072388911546,0.3263060101479311,0.5548889455309369,4278.709672022453,1.6318787025076742,0.28841475843157294,0.8130604067032853,0.5197702364670604
109.5226398210156,80.9981240342549,94.87956199368877,191.87276831112828,60.80477114908813,120.57328566632019,21.50466289336562,9.99557951128868,15.327935351654196,22.095493516783883,60.80245632307059,149.712959610141,98.98514170787921,50.1202814954603,87.7458356528378,27.454029045560443,5.470471132969236,4.811002241091117,0.6594688918781192,1.3448825051788342,0.3262566172159289,0.14984600859833733,0.03692996370984119,13.223665593310338,5.264756183937552,4.392709424285505,3.566199985087282,2.0070817482362107,99.10829304033128,0.3228757235760737,50.42972065749451,40.612687426260756,0.19808080808080808,$R_{v}^{syst}$,[mmHg*s/ml],4.7061546416441535,8.80917042296452,15.56118028303807,15.517852171428276,15.542563354316034,1.5357404531644425,3.6975322906280272,8.245822403729461,6.993177003268486,7.527896333393483,9.470713025269475,6.838507231053778,5.429154589515878,0.7575620870596163,0.3263060101479311,0.5548888208657274,4256.333980436169,1.6299427029718796,0.28834943493588605,0.8120958224069575,0.5196526296673422
109.07315167503047,80.68631972467583,94.50247709891833,190.70087245212267,60.48821925155423,119.9446276398858,21.39028942346383,9.937126985456718,15.242751890847396,21.971813451362376,60.486076540004504,149.23414095506098,98.42307832364291,49.83079955661366,87.30722944332753,27.3666218388187,5.427493575368078,4.772896633502552,0.654596941865526,1.3299705236900066,0.32567851431916073,0.1482654340498867,0.036530070773497805,13.1686224236763,5.242474927789737,4.374102434228078,3.552045061658484,2.02926726991243,99.56621102877965,0.3220181519331094,50.43011966585136,40.530991201415986,0.2,$R_{v}^{syst}$,[mmHg*s/ml],4.676804867623793,8.759077557367347,15.602866507141595,15.559916701012604,15.584477423900097,1.5276120426383522,3.6790734707919346,8.196616185554367,6.951561768350496,7.4833148141885975,9.41543380986075,6.801536052700669,5.396498511893438,0.7521236208014211,0.3263060101479311,0.5548886894466479,4234.175347608796,1.6460430189672235,0.2882840265615753,0.8111514157710019,0.5195348761732034
